roster_id,name,position,realized_value,future_value,total_value,value_over_expected,avenue
6,Josh Allen,QB,464.002294117647,771.8846537895233,1197.292715217694,344.68929400081765,initial draft pick 1
1,Patrick Mahomes,QB,288.78765686274505,530.4194667715511,792.6861502957186,-5.986565526709683,initial draft pick 2
9,Christian McCaffrey,RB,302.7277745098039,242.29019925111857,532.9034637983666,-233.03690989497773,initial draft pick 3
10,C.J. Stroud,QB,80.76929411764706,345.9943687659944,409.4639444453417,-327.1680878583181,initial draft pick 4
3,Justin Jefferson,WR,196.42564705882353,313.82004831557356,494.5546929586184,-215.78363618269805,initial draft pick 5
8,Jalen Hurts,QB,296.0275000000001,496.6328935763311,767.8287488975146,80.9493629839443,initial draft pick 6
12,Sam LaPorta,TE,65.77563725490197,243.50220948351893,297.1027362642449,-364.9105045285832,initial draft pick 7
4,Joe Burrow,QB,242.84679411764708,601.7630011350943,814.5216451959866,174.4157456606963,initial draft pick 8
11,Lamar Jackson,QB,375.9718921568628,628.8601148544037,973.3890012685463,346.23981495173746,initial draft pick 9
5,Ja'Marr Chase,WR,387.27237254901956,451.0614841010843,815.7807824450497,206.66710186702653,initial draft pick 10
2,Brock Purdy,QB,282.14822549019607,533.887653018638,789.3414958579021,195.65846447858576,initial draft pick 11
7,Justin Herbert,QB,173.6735882352941,409.56656359027113,562.7618236460517,-16.95249115730553,initial draft pick 12
7,Bijan Robinson,RB,449.4284901960784,531.8592571323279,954.69478447179,389.32165592265073,initial draft pick 13
2,CeeDee Lamb,WR,208.3456960784314,315.0635873356112,507.65610404726203,-45.93479565690768,initial draft pick 14
5,Trevor Lawrence,QB,208.56867647058826,542.5329715022781,723.9749993977524,187.60449981117347,initial draft pick 15
11,Breece Hall,RB,165.678637254902,265.65589864602487,418.0517409686256,-109.87838379374693,initial draft pick 16
4,Amon-Ra St. Brown,WR,340.87759803921574,358.88786391238773,681.821068755984,164.71667484173224,initial draft pick 17
12,Jordan Love,QB,116.51952941176471,344.5691551029443,443.8602267595618,-59.2625223196232,initial draft pick 18
8,Anthony Richardson,QB,-11.619078431372548,134.1961795586086,115.86729214930563,-375.4367609899024,initial draft pick 19
3,Dak Prescott,QB,206.48000000000002,342.2656228273782,531.6323416860093,48.106839778778124,initial draft pick 20
10,Tyreek Hill,WR,63.25977450980393,8.016641821118329,70.87558423986634,-402.59340095586964,initial draft pick 21
9,Jonathan Taylor,RB,350.79425490196076,363.0046835273959,695.6487042529868,232.06737374210377,initial draft pick 22
1,Kyler Murray,QB,92.79087254901962,224.24387374940363,305.82255261095304,-147.21963830462533,initial draft pick 23
6,Jahmyr Gibbs,RB,462.1494705882353,557.6280792659315,991.8961458908702,548.3187822039363,initial draft pick 24
6,A.J. Brown,WR,117.05871568627452,117.47079104248908,228.65596717663914,-209.11914880505816,initial draft pick 25
1,Puka Nacua,WR,302.4344509803922,313.9638858838854,600.7001425700832,174.29782511542044,initial draft pick 26
9,Jared Goff,QB,305.6670098039216,326.5607791866679,615.8997500312561,199.88130212412284,initial draft pick 27
10,Justin Fields,QB,22.438313725490197,124.49354183118017,140.70717846511135,-267.30904545052476,initial draft pick 28
3,Tua Tagovailoa,QB,51.79836274509803,123.6640015778525,169.2791642440579,-229.8861377983786,initial draft pick 29
8,Garrett Wilson,WR,145.43298039215688,226.95957033825195,361.0445722134962,-34.009884072832676,initial draft pick 30
12,Saquon Barkley,RB,257.66542156862744,220.07031222706556,466.7322181843397,78.19698343989432,initial draft pick 31
4,Chris Olave,WR,135.80837254901962,271.81597913306683,394.0335527254331,16.355728331515024,initial draft pick 32
11,Jaylen Waddle,WR,31.962519607843145,130.9112228271918,156.32818129367536,-216.02953211020167,initial draft pick 33
5,Travis Etienne,RB,80.15782352941176,129.29810308782493,202.99102146284542,-159.46870818169657,initial draft pick 34
2,De'Von Achane,RB,336.05192156862745,260.98268261347613,583.9854700514297,220.5300309532206,initial draft pick 35
7,Nico Collins,WR,179.36116666666672,191.60242489568137,361.38347031756405,5.306412299226281,initial draft pick 36
7,rookie draft slot,1,NA,NA,525.0702241819695,177.2454575729746,initial draft pick 37
2,Brandon Aiyuk,WR,-21.10697058823529,1.3268940737601576,-19.84642121816314,-362.3669904745456,initial draft pick 38
5,Kyren Williams,RB,240.98136274509807,237.31067849375168,466.42650731416217,134.0027784508281,initial draft pick 39
11,Michael Pittman Jr.,WR,-22.67301960784313,18.1752964008403,-5.406488027044848,-329.09619305009,initial draft pick 40
4,Trey McBride,TE,332.2374019607844,439.0713002754932,749.3551372225029,427.8828237281152,initial draft pick 41
12,Rashee Rice,WR,83.55635294117647,134.55558031268558,211.38415423822778,-103.89079284422246,initial draft pick 42
8,T.J. Hockenson,TE,-2.7568921568627456,48.1362493165309,42.972544693841606,-268.5592539496227,initial draft pick 43
3,Kenneth Walker III,RB,145.54988235294118,367.88298742495834,495.0387204066516,193.19171129453605,initial draft pick 44
10,Isiah Pacheco,RB,3.3005392156862783,65.09453132346302,65.14034397297614,-233.7456685968648,initial draft pick 45
9,Travis Kelce,TE,110.59573529411767,98.57890176961068,204.24569197524784,-90.55591150198859,initial draft pick 46
1,Mark Andrews,TE,-3.233862745098029,46.39313530382637,40.83961579353702,-250.16909418280403,initial draft pick 47
6,DeVonta Smith,WR,89.65451960784316,175.70147537915076,256.57092121803635,-30.479710835880724,initial draft pick 48
6,Tank Dell,WR,-10.606078431372543,12.779460349858985,1.5344089009934923,-279.78865493120196,initial draft pick 49
1,Tee Higgins,WR,154.07749019607843,162.54611148688184,308.4962961086162,35.999550774945305,initial draft pick 50
9,Cooper Kupp,WR,46.02125490196079,12.51663118569248,57.91205452836864,-210.42518838056384,initial draft pick 51
10,George Kittle,TE,234.33769607843138,124.04290007393898,352.1784511486734,87.86871527764504,initial draft pick 52
3,D.J. Moore,WR,50.453558823529406,81.39693953721823,127.78065138388672,-137.23794233907745,initial draft pick 53
8,Rachaad White,RB,71.94633333333334,78.04603530394795,146.09006687208387,-111.91683746207138,initial draft pick 54
12,Josh Jacobs,RB,192.43723529411767,87.41559177911648,275.4820474842783,22.750749284646815,initial draft pick 55
7,Dalton Kincaid,TE,5.84120588235295,213.62074196947248,208.78091075335178,-38.320520571039594,initial draft pick 56
11,Kyle Pitts,TE,31.83700000000001,99.90552142743118,126.74724535605964,-120.65305227570471,initial draft pick 57
5,Stefon Diggs,WR,55.71700980392157,33.719235550439024,87.75028357683864,-157.16292021114594,initial draft pick 58
2,Drake London,WR,160.86826470588238,287.42479042717105,433.92181561169485,194.37960201317492,initial draft pick 59
4,James Cook,RB,293.37527450980394,343.95991723127497,620.1371958795152,383.99382738185636,initial draft pick 60
7,Zay Flowers,WR,96.51133333333334,226.9519633873457,312.11569855131177,82.99795880057277,initial draft pick 61
2,Deebo Samuel Sr.,WR,27.189980392156876,22.588749951988124,48.64929284654559,-175.4252401345834,initial draft pick 62
5,David Njoku,TE,31.532058823529425,28.766945313597617,58.86065687144716,-167.01806866183196,initial draft pick 63
11,DK Metcalf,WR,-1.5531764705882338,31.227458320394852,28.112908933786876,-187.8973011304736,initial draft pick 64
4,Jaxon Smith-Njigba,WR,338.09506862745104,473.78520483816993,788.1910132237124,571.533640264802,initial draft pick 65
12,George Pickens,WR,141.8640294117647,0,141.8640294117647,-66.23847475610523,initial draft pick 66
8,Jordan Addison,WR,72.5079117647059,53.84293964220513,123.65870442480076,-79.40849198379391,initial draft pick 67
3,Javonte Williams,RB,126.97525490196078,218.77587261395487,334.8123338852179,131.85505288257997,initial draft pick 68
10,Davante Adams,WR,209.94116666666667,83.63940282014175,289.39859934580136,85.17919675127476,initial draft pick 69
9,Christian Kirk,WR,-24.625843137254897,5.1502470788221135,-19.733108412373888,-217.58968551566397,initial draft pick 70
1,Alvin Kamara,RB,139.43748039215686,64.16454425306709,200.39379743257058,7.29314054900027,initial draft pick 71
6,D'Andre Swift,RB,144.90343137254902,195.96405866276,331.069287102171,142.09692710986178,initial draft pick 72
6,Kirk Cousins,QB,67.27575490196078,121.6814014131125,182.87308624441766,-8.639310310806138,initial draft pick 73
1,rookie draft slot,2,NA,NA,420.5049528143207,237.2916337039018,initial draft pick 74
9,rookie draft slot,3,NA,NA,381.36448623874634,204.20246396646442,initial draft pick 75
10,rookie draft slot,4,NA,NA,406.9745945296459,230.34367224404428,initial draft pick 76
3,rookie draft slot,5,NA,NA,251.89422220431283,75.8573370923803,initial draft pick 77
8,rookie draft slot,6,NA,NA,267.1113997288465,92.14221999275429,initial draft pick 78
12,Baker Mayfield,QB,285.0071960784314,230.6029419162693,504.0799908988872,329.89697491812683,initial draft pick 79
4,Tyjae Spears,RB,-3.1788235294117646,85.50973873624531,78.05542827002128,-89.30170402506664,initial draft pick 80
11,Deshaun Watson,QB,-3.4870784313725443,121.43282475360188,111.87410508454924,-49.686438187036586,initial draft pick 81
5,Geno Smith,QB,51.528549019607844,125.63693117389602,170.88363363480906,6.8442225143549535,initial draft pick 82
2,Mike Evans,WR,94.11729411764708,59.045988847042814,150.21098352233776,-6.648389615644987,initial draft pick 83
7,Nick Chubb,RB,-7.344519607843137,0,-7.344519607843137,-160.18013380859767,initial draft pick 84
7,Jayden Reed,WR,-4.177235294117645,20.099785355718836,14.91756079381525,-140.5948163952878,initial draft pick 85
2,Jake Ferguson,TE,32.35846078431373,77.10620552437422,105.60935603246924,-50.67781810129816,initial draft pick 86
5,rookie draft slot,7,NA,NA,153.51537832200694,3.0329807895994065,initial draft pick 87
11,Najee Harris,RB,24.35209803921569,57.99130633436894,79.44383905686618,-67.60017693255475,initial draft pick 88
4,Bryce Young,QB,65.18536274509803,400.28220583292665,445.4534582863783,301.7666614649647,initial draft pick 89
12,Derrick Henry,RB,269.998362745098,218.870655114674,477.92548510403833,334.5052781133544,initial draft pick 90
8,Evan Engram,TE,2.030784313725495,33.98460995634677,34.31616377225493,-105.07564360242844,initial draft pick 91
3,Joe Mixon,RB,92.9957843137255,0,92.9957843137255,-46.45890232076141,initial draft pick 92
10,Christian Watson,WR,60.73940196078432,163.10450621153652,215.68868286174398,78.63957251286138,initial draft pick 93
9,Terry McLaurin,WR,64.59287254901962,38.42290776604985,101.09463492676699,-32.66173022642752,initial draft pick 94
1,Keenan Allen,WR,26.595117647058828,13.967208752599571,39.863965962028416,-85.87676112190347,initial draft pick 95
6,Tony Pollard,RB,62.92235294117649,75.44512623798836,134.59522286726542,5.164087505197074,initial draft pick 96
6,Michael Mayer,TE,-2.03,63.489582492015714,58.285103367414926,-72.50411447835089,initial draft pick 97
1,David Montgomery,RB,99.74245098039216,140.4905846610148,233.20850640835621,109.08209889510698,initial draft pick 98
9,Chris Godwin,WR,55.19077450980392,18.19084381575835,72.47207613477435,-49.902699375824156,initial draft pick 99
10,Brian Robinson Jr.,RB,27.01093137254903,77.37298686487398,100.51526889417931,-17.159321618136147,initial draft pick 100
3,Cole Kmet,TE,-21.892941176470586,44.67624782824086,20.54949426035823,-100.3569156332194,initial draft pick 101
8,Zach Charbonnet,RB,59.96194117647059,104.57318666416852,159.30646850743068,49.09843683210468,initial draft pick 102
12,Calvin Ridley,WR,3.914921568627461,7.7328616531276255,11.261140139098705,-106.20615161770928,initial draft pick 103
4,Amari Cooper,WR,-35.185529411764705,0,-35.185529411764705,-143.99651628245306,initial draft pick 104
11,Rhamondre Stevenson,RB,32.13033333333334,87.32107642658221,115.08535593858643,7.336624424477762,initial draft pick 105
5,Josh Downs,WR,-16.24907843137255,75.91577999374464,55.87091256268485,-52.899646033771774,initial draft pick 106
2,Austin Ekeler,RB,-2.8957450980392108,52.685252841200395,47.15524510110116,-61.80276882528956,initial draft pick 107
4,Jaylen Warren,RB,93.14028431372549,110.23620174767956,197.86467597402105,95.09712471576411,initial draft pick 108
7,Hollywood Brown,WR,-0.9825686274509788,5.175813270603007,3.9344539796218783,-99.08840720408239,initial draft pick 109
2,rookie draft slot,8,NA,NA,132.57123580503486,28.898189197581388,initial draft pick 110
5,Diontae Johnson,WR,-2.654823529411761,0,-2.654823529411761,-106.09306498897062,initial draft pick 111
11,Jameson Williams,WR,45.44134313725491,150.7179909374537,188.6234345278359,88.25628706676613,initial draft pick 112
4,Matthew Stafford,QB,201.56527450980394,216.03583344520365,406.79931628274744,309.28676227910785,initial draft pick 113
12,Aaron Jones,RB,44.528480392156865,77.31483713050798,117.97757566613944,20.152247892887686,initial draft pick 114
8,Quentin Johnston,WR,-13.045166666666669,25.742931609827934,11.410618362669867,-83.772836196021,initial draft pick 115
3,Will Levis,QB,-12.96028431372549,108.01426686744333,89.65326921034566,-5.0597751589531725,initial draft pick 116
10,DeAndre Hopkins,WR,-5.56069607843137,0,-5.56069607843137,-96.59279686825022,initial draft pick 117
9,James Conner,RB,113.36475490196078,58.0587645161299,168.52058119228417,80.46048522112213,initial draft pick 118
1,Aaron Rodgers,QB,42.00635294117647,26.080947849003675,66.78325339772996,-17.86700182642872,initial draft pick 119
6,Dallas Goedert,TE,20.16658823529413,48.80690643768706,66.53314935109684,-23.040346963743303,initial draft pick 120
6,Jerry Jeudy,WR,11.28386274509804,11.176216019425697,21.90126796355245,-63.61779043348215,initial draft pick 121
1,Zamir White,RB,-6.6241176470588226,0,-6.6241176470588226,-91.73898526743102,initial draft pick 122
9,Romeo Doubs,WR,17.821901960784317,17.94326109295321,34.86799999908987,-47.60462463186909,initial draft pick 123
10,Chase Brown,RB,252.0083823529412,282.52731800995,520.4093344623938,442.12794717228087,initial draft pick 124
3,Mike Williams,WR,0,0,0,-82.03992225595545,initial draft pick 125
8,Chuba Hubbard,RB,137.46745098039216,159.2008421075242,288.70825098254016,207.95423803358125,initial draft pick 126
12,Pat Freiermuth,TE,-0.9119607843137256,47.2460767660529,43.97181214343653,-34.969101759359155,initial draft pick 127
4,Dalton Schultz,TE,-10.178529411764702,44.63116182349354,32.221074320554166,-41.95152782418471,initial draft pick 128
11,Jahan Dotson,WR,0,7.087827104503157,6.733435749277999,-70.39308231003854,initial draft pick 129
5,Luke Musgrave,TE,0,29.219008565891627,27.758058137597043,-45.16092645555223,initial draft pick 130
2,Daniel Jones,QB,91.77199019607843,224.98198851183489,305.50487928232155,231.2682012843014,initial draft pick 131
7,Derek Carr,QB,21.24370588235294,0,21.24370588235294,-44.63010947639307,initial draft pick 132
7,Jerome Ford,RB,2.9382549019607893,54.05055028876733,54.28627767628976,-19.45473658727549,initial draft pick 133
2,Isaiah Likely,TE,-15.131999999999998,168.06501802885185,144.52976712740926,77.60365297358047,initial draft pick 134
5,Courtland Sutton,WR,94.60474509803923,16.847519659213038,110.60988877429162,41.13049084282804,initial draft pick 135
11,Raheem Mostert,RB,-15.981470588235291,0,-15.981470588235291,-87.17011241689245,initial draft pick 136
4,Roschon Johnson,RB,2.3453431372549023,60.65740506266745,59.969877946788976,-7.063292762470731,initial draft pick 137
12,Russell Wilson,QB,9.827990196078437,0,9.827990196078437,-54.44391220082802,initial draft pick 138
8,Treylon Burks,WR,0,6.089071811559424,5.784618220981453,-60.562547181356685,initial draft pick 139
3,Darren Waller,TE,0.5299509803921554,32.502244202857796,31.40708297310706,-33.00298811876045,initial draft pick 140
10,Chigoziem Okonkwo,TE,0,48.18296323389427,45.773815072199554,-13.163818418528507,initial draft pick 141
9,Jacoby Brissett,QB,37.946558823529415,130.9748709480659,162.37268622419202,104.3147558073106,initial draft pick 142
1,Zack Moss,RB,-7.798921568627448,0,-7.798921568627448,-67.98079431963122,initial draft pick 143
6,Michael Wilson,WR,74.80741176470589,86.75471225556349,157.2243884074912,99.58386705296078,initial draft pick 144
6,rookie draft slot,9,NA,NA,71.850794051086325,13.358436453877097,initial draft pick 145
1,DeMario Douglas,WR,1.2233823529411776,11.178042591668312,11.842522815026074,-43.29076552541581,initial draft pick 146
9,Kendre Miller,RB,0,86.13975783477598,81.83276994303718,24.768338132923013,initial draft pick 147
10,Jakobi Meyers,WR,22.6494411764706,16.616321908085894,38.434946989152195,-18.424534788051346,initial draft pick 148
3,Gabe Davis,WR,-2.847401960784313,3.799229539191423,0.7618661014475387,-53.15606388831783,initial draft pick 149
8,Keaton Mitchell,RB,0,86.95290091338535,82.60525586771608,24.225578161329764,initial draft pick 150
12,Devin Singletary,RB,-10.047950980392155,58.8465681389137,45.85628875157586,-11.586235075395365,initial draft pick 151
4,Dontayvion Wicks,WR,-5.854117647058822,30.141038488095656,22.77986891663205,-27.985014287623738,initial draft pick 152
11,Dameon Pierce,RB,0,51.51052452744473,48.93499830107249,-0.4410137833354355,initial draft pick 153
5,Ty Chandler,RB,-8.948823529411763,0,-8.948823529411763,-62.37198620968765,initial draft pick 154
2,Joshua Dobbs,QB,0,0,0,-50.096734661826815,initial draft pick 155
7,J.K. Dobbins,RB,54.98365686274512,85.46784719589186,136.17811169884237,84.55775666877162,initial draft pick 156
7,Marvin Mims Jr.,WR,-23.529892156862743,10.8209435831673,-13.249995752853808,-60.96979628342537,initial draft pick 157
2,A.J. Dillon,RB,0,51.572991991186626,48.99434239162729,-1.9914840270228282,initial draft pick 158
5,Jonathan Mingo,WR,0,5.926752208931189,5.63041459848463,-42.87835215335536,initial draft pick 159
11,Elijah Moore,WR,0,4.889970782973983,4.645472243825284,-43.42599909700836,initial draft pick 160
4,Tyler Lockett,WR,-15.537401960784312,0,-15.537401960784312,-60.43532131886276,initial draft pick 161
12,Wan'Dale Robinson,WR,3.441558823529409,25.249339344662193,27.428431200958492,-19.83749112795504,initial draft pick 162
8,Tyler Allgeier,RB,0.8925000000000001,81.44509255536832,78.2653379275999,33.70350478645251,initial draft pick 163
3,Miles Sanders,RB,0,0,0,-45.88047629457666,initial draft pick 164
10,Deuce Vaughn,RB,0,0,0,-47.55862106880106,initial draft pick 165
9,Cade Otton,TE,22.81895098039216,49.07681519776255,69.44192541826658,21.956510313390595,initial draft pick 166
1,Adam Thielen,WR,-3.714019607843138,0,-3.714019607843138,-50.73998376936869,initial draft pick 167
6,Khalil Shakir,WR,-27.312970588235284,21.04133865886533,-7.323698862313222,-51.94477301382239,initial draft pick 168
6,Jalin Hyatt,WR,0,3.443992419631415,3.271792798649844,-40.11595375574668,initial draft pick 169
1,Taysom Hill,TE,33.65632352941177,0,33.65632352941177,-6.838215715712948,initial draft pick 170
9,Rashid Shaheed,WR,-2.7635686274509803,14.037889210246169,10.57242612228288,-32.0118128382867,initial draft pick 171
10,Rashod Bateman,WR,6.46093137254902,14.0662130174919,19.823833739166325,-25.231628633048018,initial draft pick 172
3,Cam Akers,RB,0,0,0,-41.47410633772212,initial draft pick 173
8,Joshua Palmer,WR,0.2710294117647081,5.5461442562880165,5.539866455238323,-33.035888275377275,initial draft pick 174
12,rookie draft slot,10,NA,NA,119.03690639292432,79.9633961534391,initial draft pick 175
4,Antonio Gibson,RB,5.085343137254901,0,5.085343137254901,-28.87734752783785,initial draft pick 176
11,Tucker Kraft,TE,27.104352941176472,230.05258756847616,245.6543111312288,204.86082353806466,initial draft pick 177
5,Khalil Herbert,RB,0,51.869444706187835,49.27597247087844,11.600272594583288,initial draft pick 178
2,Alec Pierce,WR,-2.8867352941176474,40.30144201170284,35.399634617000046,-3.634155266648712,initial draft pick 179
7,Tank Bigsby,RB,-4.075490196078431,91.4165397125973,82.770222530889,45.57066413203144,initial draft pick 180
7,Gus Edwards,RB,11.880196078431377,0,11.880196078431377,-25.399586685109078,initial draft pick 181
2,Greg Dulcich,TE,0,39.526935823624854,37.55058903244361,-1.5840416627468414,initial draft pick 182
5,Tyler Boyd,WR,0,0,0,-41.95587090835592,initial draft pick 183
11,Alexander Mattison,RB,6.788470588235297,0,6.788470588235297,-35.25332689662678,initial draft pick 184
4,Elijah Mitchell,RB,0,0,0,-37.91403307249867,initial draft pick 185
12,Brandin Cooks,WR,0,0,0,-37.13932182620225,initial draft pick 186
8,Sam Howell,QB,0,105.89198642421164,100.59738710300105,64.38104341923952,initial draft pick 187
3,Curtis Samuel,WR,0,0,0,-33.39002821762523,initial draft pick 188
10,Kenny Pickett,QB,-9.909803921568628,0,-9.909803921568628,-43.96042112405874,initial draft pick 189
9,Israel Abanikanda,RB,0,48.06115052368211,45.658092997498,6.315725164195847,initial draft pick 190
1,Kenny Gainwell,RB,43.31087254901961,80.65120254105415,119.92951496302105,89.33683729594881,initial draft pick 191
6,Trey Palmer,WR,0,6.260476069488201,5.947452266013791,-26.69638590048408,initial draft pick 192
6,Skyy Moore,WR,0,3.609605736750217,3.429125449912706,-31.088640035757845,initial draft pick 193
1,Darnell Mooney,WR,34.93713725490197,7.665744100899973,42.21959415075695,8.41682902555904,initial draft pick 194
9,Ezekiel Elliott,RB,-7.899656862745098,0,-7.899656862745098,-46.78843407200195,initial draft pick 195
10,Juwan Johnson,TE,52.24956862745098,61.18758601296807,110.37777533977064,75.63830763021606,initial draft pick 196
3,Trey Lance,QB,0,107.9148570824031,102.51911422828294,67.08010547591074,initial draft pick 197
8,A.T. Perry,WR,0,0,0,-33.96157123941169,initial draft pick 198
12,John Metchie III,WR,-4.61813725490196,5.963271626481861,1.0469707902558074,-33.72858451110124,initial draft pick 199
4,JuJu Smith-Schuster,WR,0,0,0,-35.69183986658615,initial draft pick 200
11,rookie draft slot,12,NA,NA,9.634803921568619,-24.01112113310291,initial draft pick 201
5,Rondale Moore,WR,0,0,0,-35.67327584587517,initial draft pick 202
2,Matt Gay,K,-2.7024509803921566,0,-2.7024509803921566,-42.16731230947703,initial draft pick 203
7,Sam Darnold,QB,194.47125490196078,291.77543919987215,471.6579221418393,437.98763036178957,initial draft pick 204
7,Rico Dowdle,RB,71.54150000000001,77.67596538509352,145.33366711583886,107.93503700365845,initial draft pick 205
2,Brandon McManus,K,-1.561274509803921,0,-1.561274509803921,-36.05377051915926,initial draft pick 206
5,Hendon Hooker,QB,0,0,0,-36.54761184719601,initial draft pick 207
11,Aidan O'Connell,QB,-0.6055588235294103,103.61286514138511,97.82666306078644,59.48413540525581,initial draft pick 208
4,rookie draft slot,11,NA,NA,48.074475573926975,10.762986472885373,initial draft pick 209
12,Chris Rodriguez Jr.,RB,0,76.64116199326843,72.809103893605,34.529237389239015,initial draft pick 210
8,Isaiah Spiller,RB,0,0,0,-31.79439438174508,initial draft pick 211
3,Michael Thomas,WR,0,0,0,-37.78743093093436,initial draft pick 212
10,Dalvin Cook,RB,0,0,0,-33.58473990663462,initial draft pick 213
9,D'Onta Foreman,RB,0,0,0,-36.80410107098062,initial draft pick 214
1,Zay Jones,WR,0,5.134669727805388,4.877936241415118,-35.38085168162459,initial draft pick 215
6,Andrei Iosivas,WR,-0.3775098039215674,4.517563954389865,3.9141759527488045,-31.033204709531795,initial draft pick 216
6,Kadarius Toney,WR,0,0,0,-36.76708214974203,initial draft pick 217
1,Mike Gesicki,TE,-30.132647058823533,29.95144915889451,-1.678770357873752,-36.978409666263595,initial draft pick 218
9,Jason Sanders,K,31.791176470588233,0,31.791176470588233,-2.80925774492178,initial draft pick 219
10,Odell Beckham Jr.,WR,0,0,0,-32.571877418398515,initial draft pick 220
3,Allen Lazard,WR,7.276078431372552,0,7.276078431372552,-28.105031463110663,initial draft pick 221
8,Jaleel McLaughlin,RB,-15.472941176470584,55.283704336398,37.046577943107515,-5.276392783832854,initial draft pick 222
12,Mac Jones,QB,46.568107843137255,140.5725400230092,180.112020864996,145.52475022580919,initial draft pick 223
7,Noah Fant,TE,2.8010294117647057,25.29845501499566,26.834561676010583,-14.353620016976368,initial draft pick 224
11,Dawson Knox,TE,0,29.30004533132231,27.835043064756192,-9.892881913354316,initial draft pick 225
5,Jamaal Williams,RB,0,0,0,-42.033533049299294,initial draft pick 226
2,Cedric Tillman,WR,-10.286892156862743,6.362594177368597,-4.242427688362577,-45.262106052341345,initial draft pick 227
7,Mecole Hardman,WR,0,0,0,-37.11980717991138,initial draft pick 228
1,Caleb Williams,QB,245.3436176470588,555.559411380028,773.1250584580853,196.9029284324156,2024 rookie draft pick 1
1,Marvin Harrison Jr.,WR,2.2462352941176675,72.29390669970915,70.92544665884137,-442.046373080526,2024 rookie draft pick 2
9,Malik Nabers,WR,97.14122549019608,353.36737886221596,432.8402354093012,-37.34044724367237,2024 rookie draft pick 3
10,Jayden Daniels,QB,190.63554901960782,467.6808008951882,634.9323098700365,202.35088393651063,2024 rookie draft pick 4
3,Brock Bowers,TE,222.14916666666664,471.0575936308002,669.6538806159268,271.60966215085296,2024 rookie draft pick 5
8,Rome Odunze,WR,26.789000000000016,182.43652315077017,200.10369699323167,-170.60303150233528,2024 rookie draft pick 6
5,J.J. McCarthy,QB,23.071235294117653,163.59774432914244,178.48909240680297,-170.4303676218654,2024 rookie draft pick 7
2,Drake Maye,QB,211.619431372549,568.7401861280679,751.9226081942135,426.10867365605424,2024 rookie draft pick 8
6,Xavier Worthy,WR,-33.35966666666666,42.49344812141553,7.009109048678091,-301.2440117501167,2024 rookie draft pick 9
12,Jonathon Brooks,RB,0,98.92518585946937,93.97892656649589,-195.47125238125687,2024 rookie draft pick 10
4,Trey Benson,RB,0,66.38803298683045,63.068631337488924,-210.58320013403807,2024 rookie draft pick 11
11,Brian Thomas Jr.,WR,66.18019607843138,76.56664168552425,138.9185056796794,-117.6508800051509,2024 rookie draft pick 12
7,Keon Coleman,WR,-8.452872549019606,21.868719595025254,12.322411066254386,-227.13035771663144,2024 rookie draft pick 13
7,Bo Nix,QB,238.76620588235295,412.1633658883743,630.3214034763084,402.4860059232574,2024 rookie draft pick 14
9,Michael Penix Jr.,QB,19.946578431372547,200.4359150474233,210.3606977264247,-3.8042450249763533,2024 rookie draft pick 15
10,Ladd McConkey,WR,100.72018627450983,177.87171325140903,269.6983138633484,63.35991836004345,2024 rookie draft pick 16
3,Adonai Mitchell,WR,0.18273529411764677,28.56807151696515,27.32240323523454,-170.49770816969183,2024 rookie draft pick 17
8,Blake Corum,RB,0,122.23251890725824,116.12089296189532,-67.43640287100945,2024 rookie draft pick 18
5,Xavier Legette,WR,-8.167254901960785,8.657422127437096,0.0572961191044552,-166.42793909729815,2024 rookie draft pick 19
2,Ja'Lynn Polk,WR,0,0,0,-162.21579602496806,2024 rookie draft pick 20
6,MarShawn Lloyd,RB,0,81.25310422814765,77.19044901674026,-73.86232675453276,2024 rookie draft pick 21
12,Roman Wilson,WR,0,15.92786568096007,15.131472396912065,-126.0140283180471,2024 rookie draft pick 22
4,Ricky Pearsall,WR,0,14.345361357433376,13.628093289561706,-119.96020815993849,2024 rookie draft pick 23
11,Ben Sinnott,TE,0,32.804855140474416,31.164612383450695,-95.66118081839412,2024 rookie draft pick 24
7,Kimani Vidal,RB,-1.003127450980393,77.25087062849326,72.38519964608821,-49.97858724602514,2024 rookie draft pick 25
1,Jermaine Burton,WR,0,0,0,-111.61864802099385,2024 rookie draft pick 26
9,Jaylen Wright,RB,-12.511382352941174,91.49827808775888,74.41198183042977,-32.2483797383276,2024 rookie draft pick 27
10,Ja'Tavion Sanders,TE,-1.9125490196078427,37.471367614833696,33.685250214484164,-64.16935694604987,2024 rookie draft pick 28
3,Ray Davis,RB,-6.478823529411764,67.51911374982346,57.66433453292053,-35.337450692640495,2024 rookie draft pick 29
8,Troy Franklin,WR,14.109215686274512,18.283523383380317,31.478562900485812,-56.25737205780413,2024 rookie draft pick 30
5,Bucky Irving,RB,151.21346078431372,262.87063133365405,400.94056055128505,317.9148473281988,2024 rookie draft pick 31
2,Braelon Allen,RB,-6.152107843137255,98.1143824963868,87.0565555284302,10.403451512921137,2024 rookie draft pick 32
6,Jalen McMillan,WR,-5.34578431372549,15.69550012842085,9.564940808274317,-62.63175152477697,2024 rookie draft pick 33
12,Cody Schrader,RB,0,0,0,-65.97292354302945,2024 rookie draft pick 34
4,Malachi Corley,WR,0,6.285867607167503,5.971574226809127,-54.141033866358754,2024 rookie draft pick 35
11,Audric Estime,RB,0,55.90294449241846,53.10779726779754,-7.16205399167773,2024 rookie draft pick 36
9,Cameron Ward,QB,-16.599980392156862,307.3901008910599,275.42061545435,-300.8015145713197,2025 rookie draft pick 1
11,Travis Hunter,WR,-8.80613725490196,19.914846574909173,10.112966991261752,-502.85885274810556,2025 rookie draft pick 2
1,Ashton Jeanty,RB,101.52074509803924,425.530138024163,505.7743762209941,35.59369356802051,2025 rookie draft pick 3
8,Omarion Hampton,RB,57.788029411764704,408.3336262267712,445.7049743271973,13.123548393671399,2025 rookie draft pick 4
4,Tetairoa McMillan,WR,47.85873529411764,326.60114318177807,358.1298213168068,-39.914397148267085,2025 rookie draft pick 5
5,Emeka Egbuka,WR,24.31426470588236,207.2077798583156,221.16165557128215,-149.5450729242848,2025 rookie draft pick 6
3,Matthew Golden,WR,0.25488235294118056,214.14513465476443,203.69276027496738,-145.22669975370098,2025 rookie draft pick 7
1,Tyler Warren,TE,60.772833333333324,376.11145467649584,418.07871527600435,92.26478073784511,2025 rookie draft pick 8
12,TreVeyon Henderson,RB,18.308990196078422,251.44417189747057,257.1809534986755,-51.07216730011936,2025 rookie draft pick 9
10,Quinshon Judkins,RB,47.17045098039216,279.7390211197803,312.92252104418344,23.47234209643068,2025 rookie draft pick 10
6,Colston Loveland,TE,-13.605911764705883,395.2765721045651,361.90683173463094,88.25500026310397,2025 rookie draft pick 11
8,RJ Harvey,RB,51.18600980392158,99.65754945820656,145.8606817892178,-110.7087038956125,2025 rookie draft pick 12
9,Cam Skattebo,RB,50.35143137254902,253.75749323556963,291.42104994634013,51.96828116345432,2025 rookie draft pick 13
5,Jayden Higgins,WR,-0.09275490196077918,26.49920251033598,25.0814874828584,-202.7539100701927,2025 rookie draft pick 14
4,Kaleb Johnson,RB,0,90.78051825255748,86.24149233992961,-127.92345041147144,2025 rookie draft pick 15
2,Jaxson Dart,QB,58.41428431372549,475.05224245153113,509.71391464268004,303.3755191393751,2025 rookie draft pick 16
1,Tre Harris,WR,0,18.76093724479209,17.822890382552483,-179.99722102237388,2025 rookie draft pick 17
8,Luther Burden,WR,5.545000000000004,216.95053858622057,211.64801165690955,28.090715824004775,2025 rookie draft pick 18
3,Jack Bech,WR,0,17.557387244487913,16.679517882263518,-149.80571733413908,2025 rookie draft pick 19
5,Jalen Milroe,QB,0,141.68940050661826,134.60493048128734,-27.610865543680717,2025 rookie draft pick 20
12,Tyler Shough,QB,41.79333333333333,442.13625167033734,461.8227724201538,310.7699966488808,2025 rookie draft pick 21
1,Shedeur Sanders,QB,0,159.15347322710383,151.19579956574864,10.050298850789488,2025 rookie draft pick 22
8,Kyle Williams,WR,0,12.7018675163775,12.066774140558625,-121.52152730894157,2025 rookie draft pick 23
12,Jaylin Noel,WR,0,19.60985221835279,18.62935960743515,-108.19643359440967,2025 rookie draft pick 24
7,Mason Taylor,TE,0,67.01597357141198,63.66517489284137,-58.69861199927198,2025 rookie draft pick 25
11,Bhayshul Tuten,RB,-19.55855882352941,279.6944422189738,246.15116128449566,134.5325132635018,2025 rookie draft pick 26
11,Terrance Ferguson,TE,0,124.93818166016244,118.69127257715431,12.030911008396941,2025 rookie draft pick 27
6,Jalen Royals,WR,0,8.262052484109564,7.848949859904085,-90.00565730062996,2025 rookie draft pick 28
7,Jaydon Blue,RB,0,53.091768164068824,50.43717975586538,-42.56460546969564,2025 rookie draft pick 29
7,Pat Bryant,WR,0,25.31427461876776,24.04856088782937,-63.68737407046058,2025 rookie draft pick 30
3,Devin Neal,RB,0,47.5466120180756,45.16928141717182,-37.85643180591447,2025 rookie draft pick 31
5,Elijah Arroyo,TE,0,63.67461419985639,60.49088348986357,-16.162220525645488,2025 rookie draft pick 32
12,Harold Fannin,TE,41.5946568627451,338.10135825544074,362.7909472054138,290.5942548723625,2025 rookie draft pick 33
10,Elic Ayomanor,WR,-5.4705980392156865,19.83749611390173,13.375023268990955,-52.597900274038494,2025 rookie draft pick 34
9,Dylan Sampson,RB,1.6367352941176474,90.86298189659492,87.95656809588282,27.843960002714937,2025 rookie draft pick 35
2,Will Howard,QB,0,124.57595164379572,118.34715406160593,58.07730280213067,2025 rookie draft pick 36
11,Jeremiyah Love,RB,12.057833333333331,509.9779461685968,496.5368821935003,-79.68524783216941,2026 rookie draft pick 1
3,Fernando Mendoza,QB,0,445.5544268159712,423.27670547517266,-89.69511426419467,2026 rookie draft pick 2
8,Carnell Tate,WR,-2.940833333333333,252.8265041529474,237.24434561196668,-232.9363370410069,2026 rookie draft pick 3
9,Jordyn Tyson,WR,0,241.02770100368596,228.97631595350165,-203.60510998002425,2026 rookie draft pick 4
11,Jadarian Price,RB,0,282.9470137906541,268.7996631011214,-129.2445553639525,2026 rookie draft pick 5
12,Josh Cameron,WR,0,6.869356929161946,6.5258890827038485,-364.1808394128631,2026 rookie draft pick 6
7,Kenyon Sadiq,TE,0,350.8809817041235,333.3369326189173,-15.582527409751094,2026 rookie draft pick 7
8,Makai Lemon,WR,0,181.65346722226212,172.570793861149,-153.24314067701022,2026 rookie draft pick 8
10,KC Concepcion,WR,0,172.439107506964,163.81715213161579,-144.43596866717905,2026 rookie draft pick 9
1,Ty Simpson,QB,0,262.40636516232024,249.28604690420423,-40.164132043548534,2026 rookie draft pick 10
4,Eli Stowers,TE,0,87.53949313742152,83.16251848055043,-190.48931299097654,2026 rookie draft pick 11
8,Omar Cooper Jr.,WR,0,46.84135610422467,44.499288299013436,-212.07009738581687,2026 rookie draft pick 12
11,Denzel Boston,WR,0,190.77283990916033,181.2341979137023,-58.21857086918351,2026 rookie draft pick 13
3,Jonah Coleman,RB,0,171.63187643264035,163.05028261100833,-64.78511494204275,2026 rookie draft pick 14
6,Elijah Sarratt,WR,0,21.004605517727537,19.95437524184116,-194.2105675095599,2026 rookie draft pick 15
7,Zachariah Branch,WR,0,23.91593730387069,22.720140438677156,-183.6182550646278,2026 rookie draft pick 16
5,Chris Bell,WR,0,33.299938751341905,31.63494181377481,-166.18516959115155,2026 rookie draft pick 17
12,Michael Trigg,TE,0,25.26885491913652,24.005412173179693,-159.5518836597251,2026 rookie draft pick 18
2,Germie Bernard,WR,0,19.618502803248305,18.63757766308589,-147.8476575533167,2026 rookie draft pick 19
6,Carson Beck,QB,0,157.39139983465154,149.52182984291895,-12.69396618204911,2026 rookie draft pick 20
10,Nicholas Singleton,RB,0,91.14761335830669,86.59023269039135,-64.46254308088167,2026 rookie draft pick 21
1,Emmett Johnson,RB,0,103.46473460190867,98.29149787181323,-42.85400284314592,2026 rookie draft pick 22
5,Chris Brazzell II,WR,0,13.070904180022112,12.417358971021006,-121.17094247847919,2026 rookie draft pick 23
1,Antonio Williams,WR,0,50.49644531559787,47.97162304981797,-78.85417015202685,2026 rookie draft pick 24
11,Garrett Nussmeier,QB,0,119.6491834507759,113.6667242782371,-8.697062613876255,2026 rookie draft pick 25
3,Ted Hurst,WR,0,23.86283383346938,22.66969214179591,-88.94895587919794,2026 rookie draft pick 26
8,Ja'Kobi Lane,WR,0,54.14031035455124,51.43329483682368,-55.22706673193369,2026 rookie draft pick 27
9,De'Zhaun Stribling,WR,0,59.428611505743426,56.45718093045625,-41.39742623007779,2026 rookie draft pick 28
4,Kaytron Allen,RB,0,88.54048355600149,84.11345937820141,-8.88832584735961,2026 rookie draft pick 29
12,Mike Washington Jr.,RB,0,106.29320226518156,100.97854215192248,13.242607193632537,2026 rookie draft pick 30
2,Drew Allar,QB,0,177.68597821675849,168.80167930592054,85.77596608283426,2026 rookie draft pick 31
1,Skyler Bell,WR,0,16.60826990047978,15.77785640545579,-60.875247610053265,2026 rookie draft pick 32
10,Malachi Fields,WR,0,29.57487669880586,28.096132863865567,-44.100559469185725,2026 rookie draft pick 33
6,Deion Burks,WR,0,5.380685087146672,5.111650832789338,-60.861272710240115,2026 rookie draft pick 34
10,Max Klare,TE,0,63.22313665434692,60.06197982162958,-0.05062827153830085,2026 rookie draft pick 35
7,Oscar Delp,TE,0,53.86599541277087,51.172695642132325,-9.097155617342942,2026 rookie draft pick 36
12,Carson Steele,RB,10.047950980392159,-58.8465681389137,-45.85628875157585,-45.85628875157585,2024 W1 trade with jzeigboi
6,Devin Singletary,RB,-10.047950980392159,58.8465681389137,45.85628875157585,45.85628875157585,2024 W1 trade with TheJandyStock
4,2025 1R Draft Pick,joeburrowmvp,0,124.39238699354689,118.17276764386952,118.17276764386952,"2024 W1 trade with joeburrowmvp, obiwanginobiIi"
1,2025 1R Draft Pick,obiwanginobiIi,0,72.13646418789972,68.52964097850474,68.52964097850474,"2024 W1 trade with caskinner, obiwanginobiIi"
8,2025 1R Draft Pick,caskinner,0,-196.5288511814466,-186.70240862237426,-186.70240862237426,"2024 W1 trade with caskinner, joeburrowmvp"
7,Patrick Mahomes,QB,417.5485196078432,-284.2766719030202,110.17723679429203,110.17723679429203,2024 W1 trade with joeburrowmvp
1,Justin Herbert,QB,-417.5485196078431,284.2766719030201,-105.8837179354457,-105.8837179354457,2024 W1 trade with ElatedBroncosFan
7,Dalton Kincaid,TE,-377.8733235294117,-215.2769219944864,-582.3863994241738,-582.3863994241738,2024 W1 trade with caskinner
4,James Cook,RB,377.8733235294117,215.27692199448637,582.3863994241738,582.3863994241738,2024 W1 trade with ElatedBroncosFan
1,DeVonta Smith,WR,-70.60131372549026,-77.00372493507321,-143.75485241380974,-143.75485241380974,2024 W2 trade with jzeigboi
6,Tee Higgins,WR,70.60131372549024,77.0037249350732,143.75485241380977,143.75485241380977,2024 W2 trade with joeburrowmvp
2,2025 2R Draft Pick,jzeigboi,-7.959823529411766,-24.488058571697422,-31.22347917252432,-31.22347917252432,"2024 W5 trade with jzeigboi, obiwanginobiIi"
6,Rome Odunze,WR,43.88813725490197,-49.644803962362715,-3.274426509342618,-3.274426509342618,"2024 W5 trade with SFOControl, obiwanginobiIi"
8,2025 1R Draft Pick,SFOControl,-35.928313725490206,74.13286253406014,34.49790568186691,34.49790568186691,"2024 W5 trade with SFOControl, jzeigboi"
7,2027 1R Draft Pick,caskinner,-48.00106862745098,-193.25580757944996,-268.90253033361034,-268.90253033361034,2024 W5 trade with caskinner
4,2027 1R Draft Pick,ElatedBroncosFan,48.00106862745098,193.25580757944994,273.1960491924567,273.1960491924567,2024 W5 trade with ElatedBroncosFan
2,Harrison Butker,K,19.875,-126.82579320184482,-100.60950354175257,-100.60950354175257,2024 W6 trade with TheJandyStock
12,2025 2R Draft Pick,SFOControl,-19.875,126.82579320184482,100.60950354175257,100.60950354175257,2024 W6 trade with SFOControl
7,Drake Maye,QB,-94.21072549019604,832.7558120069115,659.5988514106878,659.5988514106878,2024 W8 trade with SFOControl
2,Patrick Mahomes,QB,94.21072549019605,-832.7558120069114,-655.3053325518415,-655.3053325518415,2024 W8 trade with ElatedBroncosFan
7,2026 2R Draft Pick,obiwanginobiIi,8.213931372549016,214.16494275140104,211.67062698638,211.67062698638,2024 W8 trade with obiwanginobiIi
8,Amari Cooper,WR,-8.213931372549016,-214.16494275140104,-211.67062698638,-211.67062698638,2024 W8 trade with ElatedBroncosFan
4,Minnesota Vikings,DST,-2.31519607843137,0,-2.31519607843137,-2.31519607843137,2024 W8 trade with obiwanginobiIi
8,Denver Broncos,DST,2.31519607843137,0,2.31519607843137,2.31519607843137,2024 W8 trade with caskinner
7,Caleb Williams,QB,161.1344901960784,292.9671780440599,439.45330933793537,439.45330933793537,2024 W8 trade with joeburrowmvp
1,Zay Flowers,WR,-161.1344901960784,-292.96717804406,-439.4533093379353,-439.4533093379353,2024 W8 trade with ElatedBroncosFan
9,Tyler Lockett,WR,-15.537401960784312,-122.36378689211335,-131.782999508292,-131.782999508292,2024 W8 trade with ElatedBroncosFan
7,2025 3R Draft Pick,Arvs,15.537401960784312,122.36378689211335,131.782999508292,131.782999508292,2024 W8 trade with Arvs
1,Ja'Marr Chase,WR,271.17549019607844,314.60303314830804,611.6503350514994,611.6503350514994,2024 W9 trade with ngernenz
5,Alvin Kamara,RB,-271.17549019607844,-314.6030331483081,-607.3568161926529,-607.3568161926529,2024 W9 trade with joeburrowmvp
12,2027 1R Draft Pick,obiwanginobiIi,0,75.65807999842878,71.87517599850736,71.87517599850736,2024 W9 trade with obiwanginobiIi
8,2027 1R Draft Pick,TheJandyStock,0,-75.65807999842878,-71.87517599850736,-71.87517599850736,2024 W9 trade with TheJandyStock
7,Garrett Wilson,WR,-94.82337254901964,-238.1171121537011,-321.0346290950357,-321.0346290950357,2024 W9 trade with obiwanginobiIi
8,Bo Nix,QB,94.82337254901964,238.1171121537011,321.03462909503577,321.03462909503577,2024 W9 trade with ElatedBroncosFan
6,2025 1R Draft Pick,caskinner,-77.93300980392158,-238.01856261666245,-304.05064428975084,-304.05064428975084,2024 W10 trade with obiwanginobiIi
8,2025 1R Draft Pick,jzeigboi,77.93300980392158,238.01856261666245,304.05064428975095,304.05064428975095,2024 W10 trade with jzeigboi
9,2027 1R Draft Pick,ElatedBroncosFan,111.27177450980392,-0.9433558594367923,110.37558644333899,110.37558644333899,2024 W10 trade with caskinner
4,2027 1R Draft Pick,Arvs,-111.27177450980392,0.9433558594367355,-110.37558644333899,-110.37558644333899,2024 W10 trade with Arvs
4,Cooper Kupp,WR,-98.96498039215686,-183.44742747706752,-273.24003649537104,-273.24003649537104,2024 W10 trade with jzeigboi
6,D'Andre Swift,RB,98.96498039215686,183.44742747706752,273.24003649537104,273.24003649537104,2024 W10 trade with caskinner
9,Jaxon Smith-Njigba,WR,-44.21899019607832,153.5115602967574,64.30854758015916,64.30854758015916,2024 W10 trade with caskinner
4,Jonathan Taylor,RB,44.218990196078266,-153.5115602967574,-60.015028721312774,-60.015028721312774,2024 W10 trade with Arvs
9,2027 2R Draft Pick,ElatedBroncosFan,-60.57047058823531,-111.30687080744747,-203.62044236099234,-203.62044236099234,2024 W11 trade with ElatedBroncosFan
7,2026 2R Draft Pick,Arvs,60.57047058823531,111.3068708074475,207.91396121983874,207.91396121983874,2024 W11 trade with Arvs
9,Ray-Ray McCloud,WR,4.776617647058822,0,4.776617647058822,4.776617647058822,2024 W11 trade with obiwanginobiIi
8,Tyler Lockett,WR,-4.776617647058822,0,-4.776617647058822,-4.776617647058822,2024 W11 trade with Arvs
11,Drew Lock,QB,10.153637254901962,3.506804361382791,13.485101398215619,13.485101398215619,"2024 W11 trade with ngernenz, obiwanginobiIi"
5,2025 2R Draft Pick,akondratieff,8.167254901960781,219.177975425614,216.38633155629407,216.38633155629407,"2024 W11 trade with akondratieff, obiwanginobiIi"
8,Xavier Legette,WR,-18.320892156862744,-222.68477978699678,-229.8714329545097,-229.8714329545097,"2024 W11 trade with akondratieff, ngernenz"
9,Caleb Williams,QB,-408.82233333333346,14.928044270555915,-394.64069127630535,-394.64069127630535,2024 W11 trade with ElatedBroncosFan
7,Jared Goff,QB,408.8223333333334,-14.928044270555915,394.64069127630546,394.64069127630546,2024 W11 trade with Arvs
9,Najee Harris,RB,-53.38484313725491,48.16936038279689,-7.623950773597869,-7.623950773597869,2024 W11 trade with akondratieff
11,Jauan Jennings,WR,53.38484313725491,-48.16936038279689,7.623950773597869,7.623950773597869,2024 W11 trade with Arvs
10,Alvin Kamara,RB,-49.98720588235291,-254.8526697133011,-292.0972421099889,-292.0972421099889,2024 W11 trade with ngernenz
5,Ladd McConkey,WR,49.98720588235291,254.8526697133011,292.0972421099889,292.0972421099889,2024 W11 trade with Gretsch0401
12,2028 2R Draft Pick,obiwanginobiIi,0,-13.848459498366054,-13.156036523447767,-13.156036523447767,2025 W1 trade with obiwanginobiIi
8,2028 2R Draft Pick,TheJandyStock,0,13.84845949836604,13.156036523447781,13.156036523447781,2025 W1 trade with TheJandyStock
12,Stefon Diggs,WR,-0.8763529411764637,-43.59560158006896,-42.29217444224197,-42.29217444224197,2025 W1 trade with ngernenz
5,Aaron Jones,RB,0.8763529411764637,43.59560158006896,42.29217444224197,42.29217444224197,2025 W1 trade with TheJandyStock
7,Chigoziem Okonkwo,TE,-7.595029411764704,21.351657038159217,-31.581315841865816,-31.581315841865816,2025 W1 trade with akondratieff
11,James Conner,RB,7.595029411764704,-21.351657038159225,38.04188038685361,38.04188038685361,2025 W1 trade with ElatedBroncosFan
11,Spencer Rattler,QB,1.4323823529411683,52.565088441189005,7.098855755718333,7.098855755718333,2025 W1 trade with joeburrowmvp
1,Kyle Pitts,TE,-1.4323823529411701,-52.565088441189005,-0.638291210730543,-0.638291210730543,2025 W1 trade with akondratieff
4,2025 2R Draft Pick,obiwanginobiIi,0,-3.4635540873564707,-3.2903763829886543,-3.2903763829886543,2025 W1 trade with obiwanginobiIi
8,2025 2R Draft Pick,ElatedBroncosFan,0,3.4635540873565134,3.29037638298864,3.29037638298864,2025 W1 trade with caskinner
1,2025 1R Draft Pick,ngernenz,0,96.25270675755144,91.44007141967381,91.44007141967381,2025 W1 trade with ngernenz
5,2025 1R Draft Pick,ElatedBroncosFan,0,-96.25270675755144,-91.44007141967381,-91.44007141967381,2025 W1 trade with joeburrowmvp
7,Justin Herbert,QB,-56.57950980392158,-324.1826367728405,-364.55301473812034,-364.55301473812034,2025 W3 trade with joeburrowmvp
1,Jared Goff,QB,56.57950980392158,324.18263677284045,364.55301473812017,364.55301473812017,2025 W3 trade with ElatedBroncosFan
7,2028 1R Draft Pick,SFOControl,-47.227813725490186,364.0198264375145,298.5910213901486,298.5910213901486,2025 W3 trade with SFOControl
2,Juwan Johnson,TE,47.227813725490186,-364.0198264375145,-298.5910213901486,-298.5910213901486,2025 W3 trade with ElatedBroncosFan
7,A.J. Brown,WR,23.307166666666674,-107.3403970410293,-78.66621052231116,-78.66621052231116,2025 W4 trade with jzeigboi
6,2026 2R Draft Pick,obiwanginobiIi,-23.307166666666674,107.34039704102929,78.66621052231119,78.66621052231119,2025 W4 trade with ElatedBroncosFan
9,Dillon Gabriel,QB,-8.11269607843137,-240.1915773275441,-280.56505515595063,-280.56505515595063,2025 W5 trade with jzeigboi
6,Dalton Kincaid,TE,8.11269607843137,240.1915773275441,287.02561970093836,287.02561970093836,2025 W5 trade with Arvs
10,Chris Olave,WR,27.22554901960784,49.401269216284675,74.15675477507824,74.15675477507824,2025 W5 trade with caskinner
4,Chase Brown,RB,-27.22554901960784,-49.40126921628469,-74.15675477507827,-74.15675477507827,2025 W5 trade with Gretsch0401
9,Zay Flowers,WR,-181.82151960784313,212.7586864802359,20.299232548380928,20.299232548380928,2025 W5 trade with ElatedBroncosFan
7,Jaxon Smith-Njigba,WR,181.82151960784313,-212.75868648023584,-20.2992325483809,-20.2992325483809,2025 W5 trade with Arvs
2,NA,NA,0,0,0,0,NA
8,Marshawn Lynch,RB,0,0,0,0,2025 W7 trade with SFOControl
7,2028 1R Draft Pick,ngernenz,1.003127450980391,-45.92403748346271,-42.624708158309204,-42.624708158309204,2025 W8 trade with ngernenz
5,2028 1R Draft Pick,ElatedBroncosFan,-1.003127450980391,45.92403748346271,42.624708158309204,42.624708158309204,2025 W8 trade with ElatedBroncosFan
9,2026 3R Draft Pick,joeburrowmvp,1.6773627450980406,111.03916477309566,107.16456927953892,107.16456927953892,2025 W9 trade with joeburrowmvp
1,Brandon Aiyuk,WR,-1.6773627450980406,-111.03916477309566,-107.16456927953892,-107.16456927953892,2025 W9 trade with Arvs
9,Xavier Worthy,WR,17.530607843137254,21.4521094625502,37.91011183255995,37.91011183255995,2025 W11 trade with jzeigboi
6,Khalil Shakir,WR,-17.530607843137254,-21.4521094625502,-37.91011183255995,-37.91011183255995,2025 W11 trade with Arvs
9,Garrett Wilson,WR,27.725049019607848,-258.9574775292864,-262.55491524956665,-262.55491524956665,2025 W11 trade with ElatedBroncosFan
7,2028 1R Draft Pick,Arvs,-27.725049019607848,258.9574775292864,269.01547979455444,269.01547979455444,2025 W11 trade with Arvs
7,Kyren Williams,RB,43.00038235294119,-283.4636255149998,-226.29006188630862,-226.29006188630862,2025 W11 trade with ngernenz
5,2027 1R Draft Pick,joeburrowmvp,-43.00038235294119,283.4636255149999,226.2900618863086,226.2900618863086,2025 W11 trade with ElatedBroncosFan
7,Geno Smith,QB,5.178803921568626,-20.729102465331096,-14.513843420495917,-14.513843420495917,2025 W11 trade with ngernenz
5,2028 3R Draft Pick,ElatedBroncosFan,-5.178803921568626,20.729102465331096,14.513843420495931,14.513843420495931,2025 W11 trade with ElatedBroncosFan
6,Jalen Hurts,QB,91.20295098039216,-54.27324987799972,90.3742887576326,90.3742887576326,2025 W11 trade with obiwanginobiIi
8,2026 1R Draft Pick,jzeigboi,-91.20295098039215,54.27324987799966,-83.91372421264474,-83.91372421264474,2025 W11 trade with jzeigboi
9,Aaron Jones,RB,18.105549019607846,-92.67817593711877,-69.93871812065498,-69.93871812065498,2025 W11 trade with ngernenz
5,2028 2R Draft Pick,ElatedBroncosFan,-18.105549019607846,92.67817593711877,69.93871812065498,69.93871812065498,2025 W11 trade with Arvs
4,2026 3R Draft Pick,ngernenz,23.102990196078437,-36.611464996982605,-11.677901551055044,-11.677901551055044,2025 W11 trade with ngernenz
5,2026 2R Draft Pick,caskinner,-23.102990196078437,36.611464996982605,11.67790155105503,11.67790155105503,2025 W11 trade with caskinner
9,Michael Penix Jr.,QB,-66.01939215686275,-78.4510826727057,-184.81828131228548,-184.81828131228548,2025 W11 trade with jzeigboi
6,Zay Flowers,WR,66.01939215686275,78.45108267270564,191.27884585727332,191.27884585727332,2025 W11 trade with Arvs
9,Bryce Young,QB,40.57333333333333,192.4092053855142,223.3620784495718,223.3620784495718,2026 W1 trade with caskinner
4,Cameron Ward,QB,-40.57333333333333,-192.4092053855142,-223.3620784495718,-223.3620784495718,2026 W1 trade with Arvs
6,Cyrus Allen,WR,0,-152.22587286349926,-144.6145792203243,-144.6145792203243,2026 W1 trade with ngernenz
5,2027 2R Draft Pick,jzeigboi,0,152.22587286349926,144.6145792203243,144.6145792203243,2026 W1 trade with jzeigboi
9,Jared Goff,QB,7.38066666666667,526.100384293353,464.15540816771227,464.15540816771227,2026 W1 trade with joeburrowmvp
1,Caleb Williams,QB,-7.38066666666667,-526.100384293353,-456.356216163414,-456.356216163414,2026 W1 trade with Arvs
9,D'Andre Swift,RB,52.474166666666676,29.398156895383522,37.381792139641135,37.381792139641135,2026 W1 trade with jzeigboi
6,Malik Nabers,WR,-52.47416666666667,-29.39815689538355,-29.58260013534295,-29.58260013534295,2026 W1 trade with Arvs
4,2029 3R Draft Pick,joeburrowmvp,0,4.435137302651569,4.213380437518978,4.213380437518978,"2026 W1 trade with joeburrowmvp, jzeigboi, obiwanginobiIi"
1,2029 3R Draft Pick,obiwanginobiIi,0,9.44823133355645,8.97581976687863,8.97581976687863,"2026 W1 trade with caskinner, jzeigboi, obiwanginobiIi"
6,2029 3R Draft Pick,caskinner,0,-5.548596729215987,-5.271166892755176,-5.271166892755176,"2026 W1 trade with caskinner, joeburrowmvp, obiwanginobiIi"
8,2029 3R Draft Pick,jzeigboi,0,-8.334771906992032,-7.918033311642432,-7.918033311642432,"2026 W1 trade with caskinner, joeburrowmvp, jzeigboi"
7,2029 1R Draft Pick,joeburrowmvp,-44.292500000000004,307.04556716814943,247.40078880974193,247.40078880974193,2026 W1 trade with joeburrowmvp
1,Christian McCaffrey,RB,44.292500000000004,-307.04556716814943,-247.40078880974193,-247.40078880974193,2026 W1 trade with ElatedBroncosFan
11,2026 1R Draft Pick,ngernenz,0,-7.448732462583223,-7.076295839454076,-7.076295839454076,2026 W1 trade with ngernenz
5,2027 1R Draft Pick,akondratieff,0,7.448732462583223,7.076295839454076,7.076295839454076,2026 W1 trade with akondratieff
7,Ashton Jeanty,RB,-36.33666666666666,140.22615409284765,53.857556143898734,53.857556143898734,2026 W1 trade with joeburrowmvp
1,Bijan Robinson,RB,36.33666666666666,-140.22615409284765,-46.05836413960049,-46.05836413960049,2026 W1 trade with ElatedBroncosFan
7,NA,NA,0,-86.13975783477598,-81.83276994303718,-81.83276994303718,NA
5,Kendre Miller,RB,0,86.13975783477598,81.83276994303718,81.83276994303718,2026 W1 trade with ElatedBroncosFan
7,Trevor Lawrence,QB,13.736666666666668,27.889240600366065,-2.789178340625398,-2.789178340625398,2026 W2 trade with ngernenz
5,Justin Herbert,QB,-13.736666666666668,-27.889240600366065,10.588370344923526,10.588370344923526,2026 W2 trade with ElatedBroncosFan
12,2027 2R Draft Pick,Arvs,0,63.143402449900805,59.98623232740567,59.98623232740567,2026 W3 trade with ngernenz
5,2027 1R Draft Pick,obiwanginobiIi,0,-63.143402449900805,-59.98623232740573,-59.98623232740573,2026 W3 trade with TheJandyStock
7,Los Angeles Chargers,DST,-1.9514705882352956,0,-1.9514705882352956,-1.9514705882352956,2024 Week 1 transaction
11,Cade Otton,TE,22.81895098039216,-2.4337093296821806,20.50692711719409,20.50692711719409,2024 Week 1 transaction
7,Colby Parkinson,TE,13.936666666666671,15.900665421866186,29.042298817439548,29.042298817439548,2024 Week 1 transaction
7,Greg Dortch,WR,23.529892156862743,-6.274244253324184,17.56936011620477,17.56936011620477,2024 Week 1 transaction
8,Alec Pierce,WR,-3.4798431372548997,1.0589555968647986,-2.4738353202333414,-2.4738353202333414,2024 Week 1 transaction
1,Gardner Minshew,QB,-12.946166666666668,43.1094420066116,28.007803239614347,28.007803239614347,2024 Week 1 transaction
8,Emanuel Wilson,RB,11.74550980392157,47.26160808258959,56.64403748238168,56.64403748238168,2024 Week 1 transaction
12,Chicago Bears,DST,49.88088235294117,0,49.88088235294117,49.88088235294117,2024 Week 1 transaction
6,Andrei Iosivas,WR,-0.3775098039215674,1.0735715347584498,0.6423831540989604,0.6423831540989604,2024 Week 1 transaction
9,Jalen Tolbert,WR,-8.509049019607843,5.513981365474573,-3.270766722407,-3.270766722407,2024 Week 1 transaction
9,Samaje Perine,RB,-7.591382352941174,-30.685642809300944,-36.74274302177707,-36.74274302177707,2024 Week 1 transaction
9,Jordan Whittington,WR,4.606607843137256,-43.80480375066872,-37.00795571999802,-37.00795571999802,2024 Week 1 transaction
11,Demarcus Robinson,WR,0,6.533196352063243,6.2065365344600805,6.2065365344600805,2024 Week 1 transaction
11,Tampa Bay Buccaneers,DST,25.505392156862754,-55.90294449241846,-27.602405110934782,-27.602405110934782,2024 Week 1 transaction
4,Ka'imi Fairbairn,K,88.35882352941177,0,88.35882352941177,88.35882352941177,2024 Week 1 transaction
6,Devaughn Vele,WR,-1.3940392156862753,12.140400658731899,10.139341410109028,10.139341410109028,2024 Week 1 transaction
4,Seattle Seahawks,DST,36.78774509803922,0,36.78774509803922,36.78774509803922,2024 Week 1 transaction
4,Jordan Mason,RB,17.166127450980404,84.52405683601005,97.46398144518994,97.46398144518994,2024 Week 1 transaction
8,Theo Johnson,TE,0.5931078431372523,39.24248641483804,37.87346993723339,37.87346993723339,2024 Week 1 transaction
7,New Orleans Saints,DST,3.2382352941176435,0,3.2382352941176435,3.2382352941176435,2024 Week 1 transaction
6,Cincinnati Bengals,DST,-1.834803921568625,0,-1.834803921568625,-1.834803921568625,2024 Week 1 transaction
6,Carson Steele,RB,2.0300000000000002,-63.489582492015714,-58.285103367414926,-58.285103367414926,2024 Week 1 transaction
3,Justice Hill,RB,-12.858235294117645,-49.28062879294424,-59.674832647414675,-59.674832647414675,2024 Week 1 transaction
3,Sam Darnold,QB,194.47125490196075,291.77543919987215,471.6579221418393,471.6579221418393,2024 Week 1 transaction
1,Isaac Guerendo,RB,-27.372598039215696,-22.425339700897908,-48.67667075506871,-48.67667075506871,2024 Week 1 transaction
8,Luke McCaffrey,WR,-9.702303921568626,6.584363967975543,-3.447158151991861,-3.447158151991861,2024 Week 1 transaction
8,Will Shipley,RB,0,69.49606055905959,66.0212575311066,66.0212575311066,2024 Week 1 transaction
8,Devontez Walker,WR,0,6.994584596719995,6.644855366883995,6.644855366883995,2024 Week 1 transaction
1,Spencer Rattler,QB,12.705941176470587,113.19389372897275,120.2401402189947,120.2401402189947,2024 Week 1 transaction
1,Javon Baker,WR,0,3.137267547268286,2.9804041699048716,2.9804041699048716,2024 Week 1 transaction
1,Dylan Laube,RB,0,50.08675740459676,47.58241953436692,47.58241953436692,2024 Week 1 transaction
3,Tyrone Tracy Jr.,RB,16.064686274509803,64.89480246588757,77.71474861710298,77.71474861710298,2024 Week 1 transaction
10,Kansas City Chiefs,DST,-3.811274509803912,0,-3.811274509803912,-3.811274509803912,2024 Week 1 transaction
7,Tampa Bay Buccaneers,DST,27.420588235294133,0,27.420588235294133,27.420588235294133,2024 Week 1 transaction
6,Miami Dolphins,DST,23.04166666666667,-3.609605736750217,19.612541216753964,19.612541216753964,2024 Week 1 transaction
10,Cleveland Browns,DST,-30.817215686274498,-61.18758601296807,-88.94542239859416,-88.94542239859416,2024 Week 1 transaction
5,Philadelphia Eagles,DST,56.972058823529416,0,56.972058823529416,56.972058823529416,2024 Week 1 transaction
2,Buffalo Bills,DST,67.53183333333334,-40.30144201170284,29.24546342221565,29.24546342221565,2024 Week 1 transaction
1,New York Jets,DST,-4.345098039215681,0,-4.345098039215681,-4.345098039215681,2024 Week 1 transaction
3,San Francisco 49ers,DST,21.131372549019616,0,21.131372549019616,21.131372549019616,2024 Week 1 transaction
4,Baltimore Ravens,DST,56.23333333333334,0,56.23333333333334,56.23333333333334,2024 Week 1 transaction
8,Dallas Cowboys,DST,-1.288725490196076,0,-1.288725490196076,-1.288725490196076,2024 Week 1 transaction
1,Kareem Hunt,RB,53.41754901960783,-11.178042591668312,42.79840855752294,42.79840855752294,2024 Week 2 transaction
6,Cleveland Browns,DST,-19.129901960784313,0,-19.129901960784313,-19.129901960784313,2024 Week 2 transaction
4,Seattle Seahawks,DST,33.43774509803921,0,33.43774509803921,33.43774509803921,2024 Week 2 transaction
7,Las Vegas Raiders,DST,-2.4205882352941206,0,-2.4205882352941206,-2.4205882352941206,2024 Week 2 transaction
6,Quentin Johnston,WR,-13.045166666666667,-55.510172618319714,-65.7798306540704,-65.7798306540704,2024 Week 2 transaction
8,Jalen Nailor,WR,-14.10921568627451,-4.754308110875854,-18.62580839160657,-18.62580839160657,2024 Week 2 transaction
8,Darnell Mooney,WR,34.93713725490197,7.665744100899973,42.21959415075695,42.21959415075695,2024 Week 2 transaction
8,Dalvin Cook,RB,0,0,0,0,2024 Week 2 transaction
8,Colby Parkinson,TE,16.737696078431377,34.20453584014185,49.232005126566136,49.232005126566136,2024 Week 2 transaction
12,Skylar Thompson,QB,0,0,0,0,2024 Week 2 transaction
12,Josh Reynolds,WR,0,0,0,0,2024 Week 2 transaction
12,Pittsburgh Steelers,DST,65.8700980392157,0,65.8700980392157,65.8700980392157,2024 Week 2 transaction
4,Baltimore Ravens,DST,-32.70294117647058,0,-32.70294117647058,-32.70294117647058,2024 Week 2 transaction
10,Jeff Wilson Jr.,RB,0,0,0,0,2024 Week 2 transaction
6,Jacksonville Jaguars,DST,12.175,0,12.175,12.175,2024 Week 2 transaction
4,Rashid Shaheed,WR,-2.7635686274509803,14.037889210246169,10.57242612228288,10.57242612228288,2024 Week 2 transaction
7,Malik Willis,QB,-29.6368137254902,161.34376806754912,123.63976593868145,123.63976593868145,2024 Week 2 transaction
1,Alexander Mattison,RB,-28.14866666666667,-7.665744100899973,-35.43112356252165,-35.43112356252165,2024 Week 2 transaction
4,D'Andre Swift,RB,143.90441176470588,195.96405866276,330.07026749432794,330.07026749432794,2024 Week 3 transaction
1,Brock Wright,TE,-6.788470588235297,18.61706692531449,10.897742990813468,10.897742990813468,2024 Week 3 transaction
4,Tennessee Titans,DST,-67.55980392156863,0,-67.55980392156863,-67.55980392156863,2024 Week 3 transaction
12,Andy Dalton,QB,-3.160529411764706,0,-3.160529411764706,-3.160529411764706,2024 Week 3 transaction
8,Tre Tucker,WR,-6.927088235294117,20.711312890029017,12.748659010233446,12.748659010233446,2024 Week 3 transaction
7,Green Bay Packers,DST,-0.6411764705882295,0,-0.6411764705882295,-0.6411764705882295,2024 Week 3 transaction
9,Zach Ertz,TE,11.30001960784314,36.81325619881664,46.27261299671895,46.27261299671895,2024 Week 3 transaction
5,Jonnu Smith,TE,21.3393137254902,-7.956740277721767,13.780410461654522,13.780410461654522,2024 Week 3 transaction
6,Jaylen Wright,RB,0.9410588235294117,74.84031347463711,72.03935662443467,72.03935662443467,2024 Week 3 transaction
6,Michael Penix Jr.,QB,25.29236274509804,184.74041491900243,200.79575691815037,200.79575691815037,2024 Week 3 transaction
6,Cooper Kupp,WR,-118.95004901960785,-183.44742747706752,-293.225105122822,-293.225105122822,2024 Week 3 transaction
7,Tyler Johnson,WR,6.505784313725491,0,6.505784313725491,6.505784313725491,2024 Week 3 transaction
5,Cincinnati Bengals,DST,-41.030392156862746,0,-41.030392156862746,-41.030392156862746,2024 Week 3 transaction
9,Miami Dolphins,DST,7.533823529411762,0,7.533823529411762,7.533823529411762,2024 Week 3 transaction
9,Detroit Lions,DST,-65.18382352941177,0,-65.18382352941177,-65.18382352941177,2024 Week 3 transaction
9,Minnesota Vikings,DST,76.17990196078432,0,76.17990196078432,76.17990196078432,2024 Week 3 transaction
9,Blake Grupe,K,-27.27941176470588,0,-27.27941176470588,-27.27941176470588,2024 Week 3 transaction
9,Mike Gesicki,TE,-50.07922549019608,-170.48446588852877,-212.03946808429845,-212.03946808429845,2024 Week 3 transaction
9,Hunter Henry,TE,-10.073764705882358,26.76008495395495,15.348316000374851,15.348316000374851,2024 Week 3 transaction
9,Jauan Jennings,WR,53.09146078431373,-81.67633213618683,-24.501054745063755,-24.501054745063755,2024 Week 3 transaction
7,Ray-Ray McCloud,WR,7.292441176470587,-202.54288850441097,-185.12330290271981,-185.12330290271981,2024 Week 3 transaction
7,D'Onta Foreman,RB,0,0,0,0,2024 Week 3 transaction
4,Denver Broncos,DST,89.40147058823531,0,89.40147058823531,89.40147058823531,2024 Week 4 transaction
8,Harrison Butker,K,7.275637254901962,-41.19912043686185,-31.86352716011679,-31.86352716011679,2024 Week 4 transaction
7,Romeo Doubs,WR,17.821901960784317,17.94326109295321,34.86799999908987,34.86799999908987,2024 Week 4 transaction
8,Mason Rudolph,QB,11.201343137254902,-40.30144201170284,-27.085026773862793,-27.085026773862793,2024 Week 4 transaction
8,Joe Flacco,QB,63.98358823529411,21.263361466341077,84.18378162831813,84.18378162831813,2024 Week 4 transaction
11,Tre Tucker,WR,-6.927088235294117,15.821342107055035,8.103186766408161,8.103186766408161,2024 Week 4 transaction
9,Jacoby Brissett,QB,20.1246568627451,113.03160985511269,127.50468622510215,127.50468622510215,2024 Week 4 transaction
7,Tyler Huntley,QB,1.7974411764705884,108.30886096030396,104.69085908875934,104.69085908875934,2024 Week 4 transaction
1,Tyler Conklin,TE,-1.34049019607843,-18.61706692531449,-19.026703775127196,-19.026703775127196,2024 Week 4 transaction
8,Alexander Mattison,RB,13.715558823529413,-20.711312890029017,-5.960188421998149,-5.960188421998149,2024 Week 4 transaction
7,Miami Dolphins,DST,26.130882352941175,0,26.130882352941175,26.130882352941175,2024 Week 4 transaction
1,Samaje Perine,RB,-1.4546568627450966,55.45411502547503,51.22675241145618,51.22675241145618,2024 Week 4 transaction
9,Blake Grupe,K,2.7,0,2.7,2.7,2024 Week 4 transaction
9,Ty Johnson,RB,4.877637254901959,55.25485295082194,57.369747558182794,57.369747558182794,2024 Week 4 transaction
9,Brayden Narveson,K,-23.294117647058826,0,-23.294117647058826,-23.294117647058826,2024 Week 4 transaction
9,Malik Willis,QB,-51.74478431372549,71.56801755634507,16.244832364802306,16.244832364802306,2024 Week 4 transaction
9,Minnesota Vikings,DST,58.0264705882353,0,58.0264705882353,58.0264705882353,2024 Week 4 transaction
8,Alec Pierce,WR,-71.51467647058826,40.30144201170284,-33.22830655947057,-33.22830655947057,2024 Week 5 transaction
7,Ty Johnson,RB,3.126460784313723,4.880580435079885,7.763012197639611,7.763012197639611,2024 Week 5 transaction
7,Houston Texans,DST,-3.999999999999986,0,-3.999999999999986,-3.999999999999986,2024 Week 5 transaction
9,Chase McLaughlin,K,42.76470588235295,0,42.76470588235295,42.76470588235295,2024 Week 5 transaction
9,Colby Parkinson,TE,-2.1356960784313728,1.9224042972144133,-0.3094119960776851,-0.3094119960776851,2024 Week 5 transaction
7,Tyler Goodson,RB,1.751176470588236,45.82757318589894,45.28737099719223,45.28737099719223,2024 Week 5 transaction
4,Jaleel McLaughlin,RB,-4.59049019607843,55.283704336398,47.92902892349967,47.92902892349967,2024 Week 5 transaction
4,MarShawn Lloyd,RB,0,81.25310422814765,77.19044901674026,77.19044901674026,2024 Week 5 transaction
4,Kendre Miller,RB,0,86.13975783477598,81.83276994303718,81.83276994303718,2024 Week 5 transaction
9,Tyler Huntley,QB,1.7974411764705884,-94.23402754410701,-87.72488499043106,-87.72488499043106,2024 Week 5 transaction
9,Dare Ogunbowale,RB,-7.407784313725489,-55.25485295082194,-59.899894617006325,-59.899894617006325,2024 Week 5 transaction
9,Brayden Narveson,K,-3.469117647058823,0,-3.469117647058823,-3.469117647058823,2024 Week 5 transaction
5,Chicago Bears,DST,31.79607843137255,0,31.79607843137255,31.79607843137255,2024 Week 5 transaction
12,Justin Watson,WR,0,0,0,0,2024 Week 5 transaction
6,Washington Commanders,DST,-5.299999999999999,0,-5.299999999999999,-5.299999999999999,2024 Week 5 transaction
8,Antonio Gibson,RB,9.67583333333333,-55.283704336398,-42.84368578624477,-42.84368578624477,2024 Week 5 transaction
3,Austin Seibert,K,2.230882352941177,0,2.230882352941177,2.230882352941177,2024 Week 5 transaction
7,Clyde Edwards-Helaire,RB,-1.7974411764705884,-108.30886096030396,-104.69085908875934,-104.69085908875934,2024 Week 5 transaction
7,Seattle Seahawks,DST,53.44607843137255,0,53.44607843137255,53.44607843137255,2024 Week 5 transaction
1,Trey Sermon,RB,0,0,0,0,2024 Week 5 transaction
9,Tutu Atwell,WR,7.899656862745098,4.448733212430893,12.125953414554445,12.125953414554445,2024 Week 5 transaction
9,Dameon Pierce,RB,-37.82008823529412,-79.46434642062117,-113.31121733488425,-113.31121733488425,2024 Week 6 transaction
9,DeMario Douglas,WR,1.2233823529411776,6.729309379237419,7.616226263216726,7.616226263216726,2024 Week 6 transaction
7,Cincinnati Bengals,DST,-23.687745098039215,0,-23.687745098039215,-23.687745098039215,2024 Week 6 transaction
8,Minnesota Vikings,DST,69.7171274509804,-40.30144201170284,31.43075753986271,31.43075753986271,2024 Week 6 transaction
7,Bub Means,WR,4.306107843137255,-51.505660687040745,-44.62426980955146,-44.62426980955146,2024 Week 6 transaction
7,Sean Tucker,RB,-11.880196078431375,72.90851492758387,57.38289310277329,57.38289310277329,2024 Week 6 transaction
10,Emanuel Wilson,RB,8.61014705882353,73.00453969241752,77.96445976662017,77.96445976662017,2024 Week 6 transaction
8,Brayden Narveson,K,-11.231862745098045,0,-11.231862745098045,-11.231862745098045,2024 Week 6 transaction
8,Ray-Ray McCloud,WR,-73.33617647058824,0,-73.33617647058824,-73.33617647058824,2024 Week 6 transaction
8,Tyler Goodson,RB,1.751176470588236,50.37427251574206,49.60673536054318,49.60673536054318,2024 Week 6 transaction
8,Minnesota Vikings,DST,66.83039215686276,0,66.83039215686276,66.83039215686276,2024 Week 6 transaction
12,Harrison Butker,K,19.875,0,19.875,19.875,2024 Week 6 transaction
8,Xavier Hutchinson,WR,-4.6252941176470586,-59.10535188303669,-60.77537840653191,-60.77537840653191,2024 Week 6 transaction
6,Los Angeles Chargers,DST,13.077941176470592,0,13.077941176470592,13.077941176470592,2024 Week 6 transaction
12,Aidan O'Connell,QB,-0.6055588235294103,103.61286514138511,97.82666306078644,97.82666306078644,2024 Week 6 transaction
8,JuJu Smith-Schuster,WR,-19.875,0,-19.875,-19.875,2024 Week 6 transaction
2,Ezekiel Elliott,RB,-7.899656862745098,0,-7.899656862745098,-7.899656862745098,2024 Week 6 transaction
10,Philadelphia Eagles,DST,66.15245098039216,0,66.15245098039216,66.15245098039216,2024 Week 6 transaction
8,Wil Lutz,K,5.498137254901968,0,5.498137254901968,5.498137254901968,2024 Week 6 transaction
1,Romeo Doubs,WR,19.276558823529413,-37.510853932521826,-16.358752412366314,-16.358752412366314,2024 Week 6 transaction
9,Darius Slayton,WR,-77.17990196078432,1.4900277702052676,-75.76437557908932,-75.76437557908932,2024 Week 6 transaction
9,Green Bay Packers,DST,26.666960784313734,-29.95144915889451,-1.7869159166360475,-1.7869159166360475,2024 Week 6 transaction
1,Jalen McMillan,WR,-5.360343137254902,15.69550012842085,9.550381984744906,9.550381984744906,2024 Week 7 transaction
1,Troy Franklin,WR,14.10921568627451,-9.291296495142092,5.282484015889523,5.282484015889523,2024 Week 7 transaction
9,Dorian Thompson-Robinson,QB,0,-4.256346773013392,-4.043529434362722,-4.043529434362722,2024 Week 7 transaction
7,Detroit Lions,DST,-12.659803921568628,0,-12.659803921568628,-12.659803921568628,2024 Week 7 transaction
4,Khalil Shakir,WR,-4.582950980392141,-4.701592950962603,-9.049464283806614,-9.049464283806614,2024 Week 7 transaction
9,Jameis Winston,QB,50.72934313725491,2.4377834121703046,53.045237378816694,53.045237378816694,2024 Week 7 transaction
9,Marcus Mariota,QB,61.2715294117647,120.31670642641036,175.57240051685451,175.57240051685451,2024 Week 7 transaction
9,Wil Lutz,K,-33.54607843137255,0,-33.54607843137255,-33.54607843137255,2024 Week 7 transaction
1,Hunter Henry,TE,-13.690382352941182,39.276716139647434,23.62249797972388,23.62249797972388,2024 Week 7 transaction
6,Noah Gray,TE,-12.479656862745099,-70.848312132355,-79.78555338848236,-79.78555338848236,2024 Week 7 transaction
9,Chicago Bears,DST,16.11813725490196,-51.51052452744473,-32.81686104617053,-32.81686104617053,2024 Week 7 transaction
9,Tutu Atwell,WR,0,4.448733212430893,4.226296551809348,4.226296551809348,2024 Week 7 transaction
6,Noah Fant,TE,20.429147058823514,4.257116356130329,24.47340759714733,24.47340759714733,2024 Week 7 transaction
9,Tyler Goodson,RB,1.751176470588236,50.37427251574206,49.60673536054318,49.60673536054318,2024 Week 7 transaction
8,Clyde Edwards-Helaire,RB,-44.69711764705882,-34.79257673884554,-77.75006554896208,-77.75006554896208,2024 Week 7 transaction
9,Pierre Strong Jr.,RB,8.47178431372549,-1.4900277702052676,7.056257932030485,7.056257932030485,2024 Week 7 transaction
4,Quentin Johnston,WR,-13.045166666666667,25.742931609827934,11.410618362669869,11.410618362669869,2024 Week 7 transaction
1,Erick All Jr.,TE,0,27.57481987852241,26.196078884596286,26.196078884596286,2024 Week 7 transaction
5,Indianapolis Colts,DST,12.720098039215685,0,12.720098039215685,12.720098039215685,2024 Week 7 transaction
5,Jason Myers,K,24.386764705882353,0,24.386764705882353,24.386764705882353,2024 Week 7 transaction
4,Zamir White,RB,0,0,0,0,2024 Week 7 transaction
4,Jordan Travis,QB,2.7635686274509803,-14.037889210246169,-10.57242612228288,-10.57242612228288,2024 Week 7 transaction
10,Cameron Dicker,K,68.62794117647061,0,68.62794117647061,68.62794117647061,2024 Week 7 transaction
8,Alec Pierce,WR,3.0382156862745084,26.402254202322005,28.12035717848041,28.12035717848041,2024 Week 7 transaction
8,Jerome Ford,RB,-6.057284313725491,3.6762777730252765,-2.564820429351471,-2.564820429351471,2024 Week 7 transaction
12,Brandon McManus,K,-1.5612745098039218,0,-1.5612745098039218,-1.5612745098039218,2024 Week 7 transaction
7,Devaughn Vele,WR,-1.7715490196078427,16.657964613121763,14.053517362857832,14.053517362857832,2024 Week 7 transaction
7,Isaac Guerendo,RB,11.060637254901964,2.9710098893342973,13.883096649769556,13.883096649769556,2024 Week 7 transaction
8,Will Reichard,K,18.88039215686275,0,18.88039215686275,18.88039215686275,2024 Week 7 transaction
8,New Orleans Saints,DST,14.37303921568628,0,14.37303921568628,14.37303921568628,2024 Week 7 transaction
9,D'Ernest Johnson,RB,0,0,0,0,2024 Week 7 transaction
1,Keaton Mitchell,RB,0,86.95290091338535,82.60525586771608,82.60525586771608,2024 Week 8 transaction
7,Elijah Moore,WR,0,4.889970782973983,4.645472243825284,4.645472243825284,2024 Week 8 transaction
7,New England Patriots,DST,25.730882352941173,0,25.730882352941173,25.730882352941173,2024 Week 8 transaction
12,Cincinnati Bengals,DST,28.773205882352947,-103.61286514138511,-69.65901600196291,-69.65901600196291,2024 Week 8 transaction
9,Joe Flacco,QB,44.69711764705882,34.79257673884554,77.75006554896208,77.75006554896208,2024 Week 8 transaction
9,Washington Commanders,DST,-54.59411764705882,0,-54.59411764705882,-54.59411764705882,2024 Week 8 transaction
9,Cameron Dicker,K,55.222058823529416,0,55.222058823529416,55.222058823529416,2024 Week 8 transaction
7,Dalvin Cook,RB,0,0,0,0,2024 Week 8 transaction
7,Isaac Guerendo,RB,15.938274509803923,58.22586284015624,71.25284420795235,71.25284420795235,2024 Week 8 transaction
9,Quentin Johnston,WR,-30.875411764705884,-15.456188827033913,-45.5587911503881,-45.5587911503881,2024 Week 8 transaction
9,Taysom Hill,TE,33.65632352941177,-4.448733212430893,29.430026977602424,29.430026977602424,2024 Week 8 transaction
9,Tyler Conklin,TE,0.01455882352941184,-55.90294449241846,-53.093238444268124,-53.093238444268124,2024 Week 8 transaction
8,Christian Kirk,WR,-10.369598039215685,5.1502470788221135,-5.476863314334677,-5.476863314334677,2024 Week 8 transaction
2,Green Bay Packers,DST,-6.860294117647057,0,-6.860294117647057,-6.860294117647057,2024 Week 8 transaction
6,Anders Carlson,K,25.642156862745097,0,25.642156862745097,25.642156862745097,2024 Week 8 transaction
9,Audric Estime,RB,0,55.90294449241846,53.10779726779754,53.10779726779754,2024 Week 8 transaction
6,Gardner Minshew,QB,3.623970588235295,76.03684983177217,75.85897792841885,75.85897792841885,2024 Week 8 transaction
8,Trey Palmer,WR,0,6.260476069488201,5.947452266013791,5.947452266013791,2024 Week 8 transaction
10,Mason Rudolph,QB,-46.90745098039216,0,-46.90745098039216,-46.90745098039216,2024 Week 8 transaction
8,Cedric Tillman,WR,-34.91924509803922,6.362594177368597,-28.874780629539053,-28.874780629539053,2024 Week 8 transaction
9,Sterling Shepard,WR,10.286892156862745,-6.362594177368597,4.242427688362579,4.242427688362579,2024 Week 8 transaction
9,Cedric Tillman,WR,0.08270588235293985,1.2123470985464833,1.2344356259720985,1.2344356259720985,2024 Week 8 transaction
9,Baltimore Ravens,DST,39.380392156862754,0,39.380392156862754,39.380392156862754,2024 Week 8 transaction
1,New York Giants,DST,-16.184313725490195,0,-16.184313725490195,-16.184313725490195,2024 Week 9 transaction
9,Detroit Lions,DST,-27.86617647058823,0,-27.86617647058823,-27.86617647058823,2024 Week 9 transaction
5,Mike Gesicki,TE,-59.54343137254902,29.95144915889451,-31.08955467159924,-31.08955467159924,2024 Week 9 transaction
4,Khalil Herbert,RB,4.59049019607843,-3.414259630210168,1.3469435473787712,1.3469435473787712,2024 Week 9 transaction
9,Cooper Rush,QB,17.72100980392157,0,17.72100980392157,17.72100980392157,2024 Week 9 transaction
9,Nick Westbrook-Ikhine,WR,-4.711852941176471,-2.9837021186401254,-7.546369953884591,-7.546369953884591,2024 Week 9 transaction
12,Noah Brown,WR,6.062303921568628,0,6.062303921568628,6.062303921568628,2024 Week 9 transaction
9,Theo Johnson,TE,-9.992725490196085,-230.54867045152116,-229.01396241914114,-229.01396241914114,2024 Week 9 transaction
9,Rakim Jarrett,WR,-0.01455882352941184,0,-0.01455882352941184,-0.01455882352941184,2024 Week 9 transaction
3,Chicago Bears,DST,16.11813725490196,0,16.11813725490196,16.11813725490196,2024 Week 9 transaction
10,Julius Chestnut,RB,-4.494656862745097,-24.979822685695723,-28.225488414156025,-28.225488414156025,2024 Week 9 transaction
4,Jaleel McLaughlin,RB,-4.59049019607843,-30.856053498377975,-33.903741019537506,-33.903741019537506,2024 Week 9 transaction
1,Dalvin Cook,RB,-4.877637254901959,-55.25485295082194,-57.369747558182794,-57.369747558182794,2024 Week 9 transaction
7,Jalen Coker,WR,-17.288058823529415,142.17721961257942,117.78029980842103,117.78029980842103,2024 Week 9 transaction
7,Jake Bates,K,37.647549019607844,-2.544889601726587,35.22990389796759,35.22990389796759,2024 Week 9 transaction
5,Wil Lutz,K,17.523529411764713,-51.869444706187835,-31.75244305911373,-31.75244305911373,2024 Week 9 transaction
1,Ty Johnson,RB,4.877637254901959,55.25485295082194,57.369747558182794,57.369747558182794,2024 Week 9 transaction
1,Jordan Whittington,WR,0,4.256346773013392,4.043529434362722,4.043529434362722,2024 Week 9 transaction
5,Washington Commanders,DST,1.8946078431372566,0,1.8946078431372566,1.8946078431372566,2024 Week 9 transaction
6,Blake Grupe,K,5.280882352941177,0,5.280882352941177,5.280882352941177,2024 Week 9 transaction
2,Darius Slayton,WR,-1.6114901960784325,1.4900277702052676,-0.19596381438342814,-0.19596381438342814,2024 Week 9 transaction
1,Tennessee Titans,DST,15.887254901960787,0,15.887254901960787,15.887254901960787,2024 Week 9 transaction
9,Calvin Austin III,WR,-1.8405980392156858,-198.10515297535866,-190.04049336580638,-190.04049336580638,2024 Week 9 transaction
9,New Orleans Saints,DST,22.73774509803922,0,22.73774509803922,22.73774509803922,2024 Week 9 transaction
9,Malik Willis,QB,-17.523529411764713,202.54288850441097,174.8922146674257,174.8922146674257,2024 Week 9 transaction
9,Parker Washington,WR,-43.825401960784305,149.47445043994884,98.17532595716705,98.17532595716705,2024 Week 9 transaction
9,Nick Chubb,RB,8.625313725490196,-5.513981365474573,3.3870314282893528,3.3870314282893528,2024 Week 10 transaction
1,Audric Estime,RB,0,51.64659771940507,49.06426783343481,49.06426783343481,2024 Week 10 transaction
8,Drew Lock,QB,15.152166666666668,124.68184034567652,133.59991499505935,133.59991499505935,2024 Week 10 transaction
4,Marquez Valdes-Scantling,WR,-0.6115686274509802,-2.2681613317880935,-2.766321892649669,-2.766321892649669,2024 Week 10 transaction
5,Houston Texans,DST,43.19901960784314,0,43.19901960784314,43.19901960784314,2024 Week 10 transaction
5,Jason Sanders,K,5.6235294117647,0,5.6235294117647,5.6235294117647,2024 Week 10 transaction
7,Xavier Hutchinson,WR,-6.0412156862745086,13.899187809380836,7.163012732637284,7.163012732637284,2024 Week 10 transaction
3,Nick Westbrook-Ikhine,WR,-6.552450980392157,1.4540334104121866,-5.17111924050058,-5.17111924050058,2024 Week 10 transaction
4,Chris Rodriguez Jr.,RB,0,76.64116199326843,72.809103893605,72.809103893605,2024 Week 10 transaction
4,Mason Tipton,WR,0,2.2681613317880935,2.1547532651986887,2.1547532651986887,2024 Week 10 transaction
10,Jaleel McLaughlin,RB,-4.59049019607843,7.258987329676202,2.305547767113964,2.305547767113964,2024 Week 10 transaction
5,Mac Jones,QB,46.568107843137255,140.5725400230092,180.112020864996,180.112020864996,2024 Week 10 transaction
8,Sterling Shepard,WR,2.8867352941176474,-40.30144201170284,-35.399634617000046,-35.399634617000046,2024 Week 10 transaction
1,Rashid Shaheed,WR,-2.7635686274509803,14.037889210246169,10.57242612228288,10.57242612228288,2024 Week 10 transaction
6,Cameron Dicker,K,60.94117647058826,0,60.94117647058826,60.94117647058826,2024 Week 10 transaction
7,Joe Flacco,QB,46.468666666666664,18.134612125723777,63.69654818610425,63.69654818610425,2024 Week 10 transaction
7,New York Jets,DST,-35.399509803921575,0,-35.399509803921575,-35.399509803921575,2024 Week 10 transaction
8,Chad Ryland,K,-6.642647058823529,0,-6.642647058823529,-6.642647058823529,2024 Week 10 transaction
5,Atlanta Falcons,DST,6.149509803921568,0,6.149509803921568,6.149509803921568,2024 Week 10 transaction
9,Audric Estime,RB,-44.69711764705882,21.110367753572923,-24.642268281164547,-24.642268281164547,2024 Week 10 transaction
9,Ben Sinnott,TE,6.552450980392157,31.35082173006223,36.335731623951276,36.335731623951276,2024 Week 10 transaction
9,Jake Moody,K,-74.15147058823531,0,-74.15147058823531,-74.15147058823531,2024 Week 10 transaction
6,Tommy DeVito,QB,1.0521078431372557,-30.486992714412835,-27.910535235554935,-27.910535235554935,2024 Week 11 transaction
1,Arizona Cardinals,DST,-24.031862745098042,0,-24.031862745098042,-24.031862745098042,2024 Week 11 transaction
6,Washington Commanders,DST,-11.409803921568628,0,-11.409803921568628,-11.409803921568628,2024 Week 11 transaction
7,Jason Myers,K,-4.829411764705885,0,-4.829411764705885,-4.829411764705885,2024 Week 11 transaction
2,Will Dissly,TE,-24.581715686274503,0,-24.581715686274503,-24.581715686274503,2024 Week 11 transaction
4,Devaughn Vele,WR,-1.1599803921568625,16.657964613121763,14.665085990308812,14.665085990308812,2024 Week 11 transaction
12,Tyquan Thornton,WR,1.8405980392156858,8.436009315604881,9.854806889040324,9.854806889040324,2024 Week 11 transaction
5,Ray-Ray McCloud,WR,0,0,0,0,2024 Week 11 transaction
10,Lucas Krull,TE,-6.915441176470587,-55.283704336398,-59.434960296048686,-59.434960296048686,2024 Week 11 transaction
9,Alec Pierce,WR,21.694980392156857,40.30144201170284,59.98135030327455,59.98135030327455,2024 Week 11 transaction
7,Jalen McMillan,WR,-3.5742352941176474,-0.962464484700913,-4.488576554583515,-4.488576554583515,2024 Week 11 transaction
7,AJ Barner,TE,6.066470588235296,69.28210378598247,71.88446918491863,71.88446918491863,2024 Week 11 transaction
6,Cleveland Browns,DST,19.297549019607843,0,19.297549019607843,19.297549019607843,2024 Week 11 transaction
8,Jalen Tolbert,WR,-8.509049019607843,5.513981365474573,-3.270766722407,-3.270766722407,2024 Week 11 transaction
12,Calvin Austin III,WR,-1.8405980392156858,4.437735529052312,2.375250713384011,2.375250713384011,2024 Week 11 transaction
9,Will Dissly,TE,-24.581715686274503,0,-24.581715686274503,-24.581715686274503,2024 Week 11 transaction
7,Kayshon Boutte,WR,-41.413813725490186,-14.879040018874232,-55.548901743420714,-55.548901743420714,2024 Week 11 transaction
1,New Orleans Saints,DST,34.71,-15.69550012842085,19.799274878000197,19.799274878000197,2024 Week 11 transaction
5,Cooper Rush,QB,17.72100980392157,-5.926752208931189,12.09059520543694,12.09059520543694,2024 Week 11 transaction
12,Los Angeles Rams,DST,-13.95980392156862,0,-13.95980392156862,-13.95980392156862,2024 Week 11 transaction
7,Devaughn Vele,WR,-1.7715490196078427,16.657964613121763,14.053517362857832,14.053517362857832,2024 Week 11 transaction
1,Miami Dolphins,DST,35.21078431372549,0,35.21078431372549,35.21078431372549,2024 Week 11 transaction
8,Jake Bates,K,32.41328431372549,-5.5461442562880165,27.144447270251874,27.144447270251874,2024 Week 11 transaction
11,Green Bay Packers,DST,-6.860294117647057,-121.43282475360188,-122.22147763356884,-122.22147763356884,2024 Week 11 transaction
4,John Metchie III,WR,-4.61813725490196,-70.67789036678657,-71.76213310334919,-71.76213310334919,2024 Week 11 transaction
9,Gus Edwards,RB,-5.840813725490197,0,-5.840813725490197,-5.840813725490197,2024 Week 11 transaction
7,Atlanta Falcons,DST,14.399539215686275,-19.913536719971308,-4.518320668286467,-4.518320668286467,2024 Week 12 transaction
7,New Orleans Saints,DST,-28.98137254901961,0,-28.98137254901961,-28.98137254901961,2024 Week 12 transaction
7,Dallas Cowboys,DST,0.2193137254901929,-69.28210378598247,-65.59868487119314,-65.59868487119314,2024 Week 12 transaction
4,Jeremy McNichols,RB,-15.298068627450979,-51.869444706187835,-64.57404109832942,-64.57404109832942,2024 Week 12 transaction
5,Noah Gray,TE,-45.27980392156863,-110.08554730859636,-149.86107386473518,-149.86107386473518,2024 Week 12 transaction
4,Daniel Jones,QB,87.58702941176472,219.01871688535303,295.6548104528501,295.6548104528501,2024 Week 12 transaction
7,Baltimore Ravens,DST,-17.76127450980392,0,-17.76127450980392,-17.76127450980392,2024 Week 12 transaction
2,Brandon Allen,QB,-25.867431372549014,-77.10620552437422,-99.11832662070452,-99.11832662070452,2024 Week 12 transaction
9,Marquez Valdes-Scantling,WR,-0.6115686274509802,-32.804855140474416,-31.776181010901674,-31.776181010901674,2024 Week 12 transaction
7,Seattle Seahawks,DST,44.839215686274514,0,44.839215686274514,44.839215686274514,2024 Week 12 transaction
7,Wil Lutz,K,-48.08235294117647,0,-48.08235294117647,-48.08235294117647,2024 Week 12 transaction
11,Chase McLaughlin,K,47.35882352941177,-7.087827104503157,40.62538778013377,40.62538778013377,2024 Week 12 transaction
5,Cincinnati Bengals,DST,24.89950980392157,0,24.89950980392157,24.89950980392157,2024 Week 12 transaction
2,New York Giants,DST,-8.09705882352941,0,-8.09705882352941,-8.09705882352941,2024 Week 12 transaction
5,Harrison Butker,K,17.585784313725497,0,17.585784313725497,17.585784313725497,2024 Week 12 transaction
2,Cleveland Browns,DST,16.036274509803924,0,16.036274509803924,16.036274509803924,2024 Week 12 transaction
10,Samaje Perine,RB,-1.4546568627450966,55.45411502547503,51.22675241145618,51.22675241145618,2024 Week 12 transaction
2,Spencer Shrader,K,-9.840686274509814,0,-9.840686274509814,-9.840686274509814,2024 Week 12 transaction
7,Seattle Seahawks,DST,74.25,0,74.25,74.25,2024 Week 12 transaction
9,Ben Sinnott,TE,-11.880196078431375,32.804855140474416,19.28441630501932,19.28441630501932,2024 Week 12 transaction
6,Juwan Johnson,TE,52.24956862745097,61.18758601296807,110.37777533977064,110.37777533977064,2024 Week 13 transaction
4,Sincere McCormick,RB,15.298068627450979,0,15.298068627450979,15.298068627450979,2024 Week 13 transaction
4,Jason Myers,K,-35.19166666666666,0,-35.19166666666666,-35.19166666666666,2024 Week 13 transaction
12,Evan McPherson,K,34.240196078431374,0,34.240196078431374,34.240196078431374,2024 Week 13 transaction
5,Mac Jones,QB,75.41245098039217,110.62109086411469,180.50248730130113,180.50248730130113,2024 Week 13 transaction
2,Kenny Gainwell,RB,43.31087254901962,80.65120254105415,119.92951496302106,119.92951496302106,2024 Week 13 transaction
6,Tennessee Titans,DST,0.015196078431375604,0,0.015196078431375604,0.015196078431375604,2024 Week 13 transaction
6,Aidan O'Connell,QB,-0.6055588235294103,2.277560294617274,1.558123456356995,1.558123456356995,2024 Week 13 transaction
1,Gus Edwards,RB,11.880196078431375,-86.95290091338535,-70.7250597892847,-70.7250597892847,2024 Week 13 transaction
9,Jake Ferguson,TE,13.739343137254895,77.10620552437422,86.99023838541041,86.99023838541041,2024 Week 13 transaction
9,Gus Edwards,RB,17.58158823529412,-40.30144201170284,-20.704781675823575,-20.704781675823575,2024 Week 13 transaction
9,Isaiah Davis,RB,10.447019607843137,67.56431325891306,74.63311720381054,74.63311720381054,2024 Week 14 transaction
4,Patrick Taylor,RB,-8.52988235294118,-84.52405683601005,-88.82773634715073,-88.82773634715073,2024 Week 14 transaction
7,AJ Barner,TE,-11.616372549019607,69.28210378598247,54.20162604766372,54.20162604766372,2024 Week 14 transaction
7,Kayshon Boutte,WR,9.039676470588235,19.913536719971308,27.95753635456098,27.95753635456098,2024 Week 14 transaction
4,Justin Tucker,K,-17.470588235294116,0,-17.470588235294116,-17.470588235294116,2024 Week 14 transaction
11,Sincere McCormick,RB,-0.17843137254901986,0,-0.17843137254901986,-0.17843137254901986,2024 Week 14 transaction
11,Ameer Abdullah,RB,4.847990196078429,0,4.847990196078429,4.847990196078429,2024 Week 14 transaction
5,Joshua Palmer,WR,5.234264705882355,5.5461442562880165,10.50310174935597,10.50310174935597,2024 Week 14 transaction
9,Will Reichard,K,16.904411764705884,0,16.904411764705884,16.904411764705884,2024 Week 14 transaction
9,Matthew Wright,K,-6.066470588235296,-69.28210378598247,-71.88446918491863,-71.88446918491863,2024 Week 14 transaction
3,Chris Rodriguez Jr.,RB,0,76.64116199326843,72.809103893605,72.809103893605,2024 Week 14 transaction
5,Ray-Ray McCloud,WR,0,0,0,0,2024 Week 14 transaction
2,Detroit Lions,DST,-7.105392156862737,0,-7.105392156862737,-7.105392156862737,2024 Week 14 transaction
12,Ka'imi Fairbairn,K,51.27401960784312,0,51.27401960784312,51.27401960784312,2024 Week 14 transaction
9,AJ Barner,TE,11.590980392156858,69.28210378598247,77.40897898884019,77.40897898884019,2024 Week 14 transaction
1,Tyler Conklin,TE,-18.487892156862745,0,-18.487892156862745,-18.487892156862745,2024 Week 14 transaction
1,Nick Folk,K,-10.447549019607845,0,-10.447549019607845,-10.447549019607845,2024 Week 14 transaction
4,Jaleel McLaughlin,RB,0,-0.1704106890770305,-0.16189015462317968,-0.16189015462317968,2024 Week 14 transaction
4,Samaje Perine,RB,-4.877637254901959,0.19926207465309176,-4.6883382839815155,-4.6883382839815155,2024 Week 14 transaction
4,Ty Johnson,RB,4.877637254901959,55.25485295082194,57.369747558182794,57.369747558182794,2024 Week 14 transaction
7,Parker Washington,WR,7.302529411764709,249.87762014638787,244.68626855083315,244.68626855083315,2024 Week 14 transaction
7,Kayshon Boutte,WR,3.2833039215686277,19.913536719971308,22.20116380554137,22.20116380554137,2024 Week 14 transaction
7,Jake Moody,K,1.6151960784313735,0,1.6151960784313735,1.6151960784313735,2024 Week 14 transaction
8,Jacksonville Jaguars,DST,49.07130392156863,-5.513981365474573,43.83302162436779,43.83302162436779,2024 Week 14 transaction
9,Seattle Seahawks,DST,74.25,0,74.25,74.25,2024 Week 14 transaction
9,Blake Grupe,K,4.417156862745097,0,4.417156862745097,4.417156862745097,2024 Week 14 transaction
1,Atlanta Falcons,DST,8.87156862745098,0,8.87156862745098,8.87156862745098,2024 Week 15 transaction
9,Brenton Strange,TE,18.17132352941177,64.7319082678384,79.66663638385825,79.66663638385825,2024 Week 15 transaction
6,Rashid Shaheed,WR,-2.15800980392157,-89.57497593113895,-87.25423693850357,-87.25423693850357,2024 Week 15 transaction
9,Desmond Ridder,QB,0,0,0,0,2024 Week 15 transaction
6,Baltimore Ravens,DST,58.51666666666667,0,58.51666666666667,58.51666666666667,2024 Week 15 transaction
9,Tommy DeVito,QB,0,0,0,0,2024 Week 15 transaction
4,Audric Estime,RB,0,55.90294449241846,53.10779726779754,53.10779726779754,2024 Week 15 transaction
7,Kendre Miller,RB,-10.585833333333337,-183.6513990315832,-185.05466241333733,-185.05466241333733,2024 Week 15 transaction
8,Kendrick Bourne,WR,8.252862745098039,8.089179103542394,15.937582893463311,15.937582893463311,2024 Week 15 transaction
8,Taysom Hill,TE,0,0,0,0,2024 Week 15 transaction
8,Noah Brown,WR,-34.2107843137255,0,-34.2107843137255,-34.2107843137255,2024 Week 15 transaction
1,Nick Chubb,RB,-10.447019607843137,-55.90294449241846,-63.554816875640675,-63.554816875640675,2024 Week 15 transaction
9,Marquez Valdes-Scantling,WR,0,0,0,0,2024 Week 16 transaction
7,Parker Washington,WR,10.585833333333337,264.9011860833852,262.24196011254924,262.24196011254924,2024 Week 16 transaction
9,AJ Barner,TE,-17.473627450980395,4.550195518144065,-13.150941708743545,-13.150941708743545,2024 Week 16 transaction
1,Jason Myers,K,24.07156862745098,0,24.07156862745098,24.07156862745098,2024 Week 16 transaction
7,Ben Sinnott,TE,-14.10921568627451,14.5213317570941,-0.31395051703511356,-0.31395051703511356,2024 Week 16 transaction
7,Jacksonville Jaguars,DST,14.049509803921573,0,14.049509803921573,14.049509803921573,2024 Week 16 transaction
9,Craig Reynolds,RB,-5.226323529411764,-67.56431325891306,-69.41242112537917,-69.41242112537917,2024 Week 16 transaction
12,Tim Patrick,WR,-51.565,0,-51.565,-51.565,2024 Week 16 transaction
6,Clyde Edwards-Helaire,RB,0,0,0,0,2024 Week 16 transaction
4,Patrick Taylor,RB,0,-55.283704336398,-52.5195191195781,-52.5195191195781,2024 Week 16 transaction
9,Aidan O'Connell,QB,-0.6055588235294103,103.61286514138511,97.82666306078644,97.82666306078644,2024 Week 16 transaction
1,Raheem Mostert,RB,-4.847990196078429,0,-4.847990196078429,-4.847990196078429,2024 Week 16 transaction
6,Sione Vaki,RB,0,62.605620516471824,59.47533949064823,59.47533949064823,2024 Week 16 transaction
9,Indianapolis Colts,DST,-67.36323529411764,0,-67.36323529411764,-67.36323529411764,2024 Week 16 transaction
2,Tyler Bass,K,0.17843137254901986,0,0.17843137254901986,0.17843137254901986,2024 Week 16 transaction
8,Malik Washington,WR,-20.393519607843135,8.511580027548542,-12.30751858167202,-12.30751858167202,2024 Week 16 transaction
7,Jordan Whittington,WR,-6.066470588235296,-65.02575701296908,-67.8409397505559,-67.8409397505559,2024 Week 16 transaction
9,Joe Flacco,QB,38.63064705882352,-34.48952704713693,5.865596364043455,5.865596364043455,2024 Week 17 transaction
4,Alec Pierce,WR,-9.687990196078431,-15.003500943305866,-23.941316092219004,-23.941316092219004,2024 Week 17 transaction
9,Raheem Blackshear,RB,-6.74799019607843,0,-6.74799019607843,-6.74799019607843,2024 Week 17 transaction
4,Miami Dolphins,DST,-32.03970588235295,0,-32.03970588235295,-32.03970588235295,2024 Week 17 transaction
4,Michael Carter,RB,6.8012549019607835,55.304942955008705,59.34095070921905,59.34095070921905,2024 Week 17 transaction
1,Jerome Ford,RB,0,-18.857964638816533,-17.915066406875695,-17.915066406875695,2025 Week 1 transaction
6,Calvin Austin III,WR,-1.4630882352941184,-0.07982842533755274,-1.5389252393647936,-1.5389252393647936,2025 Week 1 transaction
7,Baltimore Ravens,DST,44.99019607843138,0,44.99019607843138,44.99019607843138,2025 Week 1 transaction
11,Brandon McManus,K,-27.86372549019608,0,-27.86372549019608,-27.86372549019608,2025 Week 1 transaction
4,Jake Tonges,TE,-0.912303921568625,-16.24442498112859,-16.344507653640783,-16.344507653640783,2025 Week 1 transaction
7,Juwan Johnson,TE,45.42049999999999,23.716218398134373,67.95090747822763,67.95090747822763,2025 Week 1 transaction
7,Kayshon Boutte,WR,3.2833039215686277,-38.312326120184935,-33.113405892607055,-33.113405892607055,2025 Week 1 transaction
5,Dallas Cowboys,DST,-33.800490196078435,0,-33.800490196078435,-33.800490196078435,2025 Week 1 transaction
5,Cam Little,K,11.20392156862745,0,11.20392156862745,11.20392156862745,2025 Week 1 transaction
5,Matt Gay,K,-2.7024509803921566,0,-2.7024509803921566,-2.7024509803921566,2025 Week 1 transaction
5,Tyquan Thornton,WR,-49.99150980392157,-67.77745769639695,-114.38009461549868,-114.38009461549868,2025 Week 1 transaction
12,Brashard Smith,RB,0,72.24491341616277,68.63266774535464,68.63266774535464,2025 Week 1 transaction
5,Kenny Gainwell,RB,49.99150980392157,80.65120254105415,126.61015221792302,126.61015221792302,2025 Week 1 transaction
5,New England Patriots,DST,-10.072058823529414,0,-10.072058823529414,-10.072058823529414,2025 Week 1 transaction
11,Los Angeles Rams,DST,13.328431372549025,0,13.328431372549025,13.328431372549025,2025 Week 1 transaction
10,Romeo Doubs,WR,16.867686274509808,17.94326109295321,33.91378431281536,33.91378431281536,2025 Week 1 transaction
4,Cade Otton,TE,12.563137254901958,4.445653374269007,16.786507960457506,16.786507960457506,2025 Week 1 transaction
11,Chigoziem Okonkwo,TE,-4.729607843137254,-0.8938519638682791,-5.578767208812117,-5.578767208812117,2025 Week 1 transaction
11,DeMario Douglas,WR,6.927088235294117,-9.533270298360705,-2.1295185481485497,-2.1295185481485497,2025 Week 1 transaction
7,Ja'Tavion Sanders,TE,0,37.471367614833696,35.59779923409201,35.59779923409201,2025 Week 1 transaction
7,Will Shipley,RB,0,13.593116066641123,12.913460263309062,12.913460263309062,2025 Week 1 transaction
1,Keaton Mitchell,RB,0,86.95290091338535,82.60525586771608,82.60525586771608,2025 Week 1 transaction
1,Taysom Hill,TE,0,0,0,0,2025 Week 1 transaction
9,Woody Marks,RB,-3.0997647058823494,91.48986068198164,83.8156029420002,83.8156029420002,2025 Week 1 transaction
8,Cedric Tillman,WR,-12.256205882352942,-0.32961362301731256,-12.56933882421939,-12.56933882421939,2025 Week 1 transaction
4,Trevor Etienne,RB,0,66.11911456571156,62.81315883742597,62.81315883742597,2025 Week 1 transaction
4,Dameon Pierce,RB,0,51.51052452744473,48.93499830107249,48.93499830107249,2025 Week 1 transaction
9,Tyler Loop,K,40.997058823529414,0,40.997058823529414,40.997058823529414,2025 Week 1 transaction
1,Sean Tucker,RB,0,6.78940036187231,6.449930343778689,6.449930343778689,2025 Week 1 transaction
1,Ka'imi Fairbairn,K,64.60245098039215,-5.716225133666427,59.172037103409046,59.172037103409046,2025 Week 1 transaction
1,Houston Texans,DST,35.95245098039216,-73.09020610768356,-33.48324482190722,-33.48324482190722,2025 Week 1 transaction
9,Theo Johnson,TE,0.5931078431372523,39.24248641483804,37.87346993723339,37.87346993723339,2025 Week 1 transaction
4,Evan McPherson,K,10.596078431372547,0,10.596078431372547,10.596078431372547,2025 Week 1 transaction
4,Arizona Cardinals,DST,-27.141176470588235,0,-27.141176470588235,-27.141176470588235,2025 Week 1 transaction
7,Xavier Legette,WR,3.602607843137254,8.657422127437096,11.827158864202495,11.827158864202495,2025 Week 1 transaction
8,Isaiah Bond,WR,15.234950980392158,4.4340918340462325,19.44733822273608,19.44733822273608,2025 Week 1 transaction
8,Dont'e Thornton,WR,-17.4283431372549,6.5261746799181015,-11.228477191332702,-11.228477191332702,2025 Week 1 transaction
9,Keenan Allen,WR,23.20555882352941,13.967208752599571,36.474407138499004,36.474407138499004,2025 Week 1 transaction
5,Tyquan Thornton,WR,0,12.873744844657194,12.230057602424335,12.230057602424335,2025 Week 1 transaction
8,Tai Felton,WR,0,6.692207800385909,6.357597410366614,6.357597410366614,2025 Week 1 transaction
1,Quinn Ewers,QB,-23.20555882352941,103.28082563443266,74.9112255291816,74.9112255291816,2025 Week 1 transaction
9,Jerome Ford,RB,-12.247382352941177,-63.1974840982649,-72.28499224629282,-72.28499224629282,2025 Week 1 transaction
8,Christian Kirk,WR,-10.369598039215685,5.1502470788221135,-5.476863314334677,-5.476863314334677,2025 Week 1 transaction
8,Deshaun Watson,QB,0,121.43282475360188,115.36118351592178,115.36118351592178,2025 Week 1 transaction
6,Blake Corum,RB,2.0633921568627454,63.385950768344536,62.28004538679006,62.28004538679006,2025 Week 1 transaction
6,Brenton Strange,TE,3.510568627450983,-46.01473610463586,-40.20343067195307,-40.20343067195307,2025 Week 1 transaction
8,Darren Waller,TE,-23.010147058823534,-32.22966406498061,-53.628327920555115,-53.628327920555115,2025 Week 1 transaction
12,Chris Boswell,K,-63.271568627450975,0,-63.271568627450975,-63.271568627450975,2025 Week 1 transaction
12,Amari Cooper,WR,2.8556372549019606,-11.201350894272425,-7.785646094656842,-7.785646094656842,2025 Week 1 transaction
12,Harrison Butker,K,16.25490196078432,0,16.25490196078432,16.25490196078432,2025 Week 1 transaction
12,Adam Thielen,WR,0,0,0,0,2025 Week 1 transaction
12,Chimere Dike,WR,-2.8556372549019606,11.201350894272425,7.785646094656842,7.785646094656842,2025 Week 1 transaction
12,Erick All Jr.,TE,0,27.57481987852241,26.196078884596286,26.196078884596286,2025 Week 1 transaction
9,Jarquez Hunter,RB,0,9.636718948420992,9.154883000999945,9.154883000999945,2025 Week 1 transaction
6,Jacory Croskey-Merritt,RB,-21.902882352941177,103.5961700550069,76.51347919931537,76.51347919931537,2025 Week 1 transaction
7,Audric Estime,RB,-3.2833039215686277,35.98940777244715,30.906633462256167,30.906633462256167,2025 Week 1 transaction
9,Daniel Carlson,K,-19.317156862745097,0,-19.317156862745097,-19.317156862745097,2025 Week 1 transaction
8,Woody Marks,RB,-3.0997647058823494,-30.7426582252766,-32.305290019895125,-32.305290019895125,2025 Week 1 transaction
8,Savion Williams,WR,0,4.658767235843174,4.425828874051016,4.425828874051016,2025 Week 1 transaction
11,Joe Flacco,QB,51.61455882352941,-19.257973549921793,33.319483951103706,33.319483951103706,2025 Week 1 transaction
11,Jerome Ford,RB,0,47.51735393670409,45.14148623986889,45.14148623986889,2025 Week 1 transaction
9,Chigoziem Okonkwo,TE,0,48.18296323389427,45.773815072199554,45.773815072199554,2025 Week 1 transaction
5,Baltimore Ravens,DST,39.03284313725491,0,39.03284313725491,39.03284313725491,2025 Week 1 transaction
4,Tyler Loop,K,16.933823529411768,0,16.933823529411768,16.933823529411768,2025 Week 1 transaction
4,Houston Texans,DST,34.759803921568626,0,34.759803921568626,34.759803921568626,2025 Week 1 transaction
9,Kyle Monangai,RB,22.144392156862747,158.1811575428125,172.41649182253462,172.41649182253462,2025 Week 1 transaction
9,Quinn Ewers,QB,0,117.24803438703223,111.38563266768061,111.38563266768061,2025 Week 1 transaction
7,Cincinnati Bengals,DST,1.2676470588235302,0,1.2676470588235302,1.2676470588235302,2025 Week 1 transaction
7,Dallas Cowboys,DST,-40.781862745098046,0,-40.781862745098046,-40.781862745098046,2025 Week 1 transaction
3,Nick Nash,WR,0,-1.4540334104121866,-1.3813317398915772,-1.3813317398915772,2025 Week 1 transaction
10,Mike Gesicki,TE,-30.132647058823533,-7.519918455939187,-37.27656959196576,-37.27656959196576,2025 Week 1 transaction
5,Tory Horton,WR,0,14.32137323291545,13.605304571269677,13.605304571269677,2025 Week 1 transaction
1,Jordan James,RB,0,73.09020610768356,69.43569580229938,69.43569580229938,2025 Week 1 transaction
1,Trevor Etienne,RB,-16.867686274509808,48.17585347275835,28.899374524610614,28.899374524610614,2025 Week 1 transaction
6,Minnesota Vikings,DST,50.5421568627451,0,50.5421568627451,50.5421568627451,2025 Week 1 transaction
6,Isaac TeSlaa,WR,-39.03284313725491,16.279297783984568,-23.567510242469567,-23.567510242469567,2025 Week 1 transaction
5,Joshua Palmer,WR,0,5.5461442562880165,5.268837043473615,5.268837043473615,2025 Week 1 transaction
6,Jameis Winston,QB,20.029529411764706,110.74664437247426,125.23884156561525,125.23884156561525,2025 Week 1 transaction
1,Xavier Restrepo,WR,0,5.716225133666427,5.430413876983105,5.430413876983105,2025 Week 1 transaction
6,Dillon Gabriel,QB,-44.61104901960785,-5.565703030870651,-49.89846689893497,-49.89846689893497,2025 Week 1 transaction
1,Tahj Brooks,RB,0,60.10978983705722,57.10430034520436,57.10430034520436,2025 Week 1 transaction
4,Ollie Gordon,RB,0,103.66342769289838,98.48025630825346,98.48025630825346,2025 Week 1 transaction
4,DJ Giddens,RB,0,67.08041896658064,63.7263980182516,63.7263980182516,2025 Week 1 transaction
9,Joe Milton,QB,0,120.52278754444772,114.49664816722533,114.49664816722533,2025 Week 1 transaction
9,Mike Gesicki,TE,-30.725754901960784,-9.291037255943532,-39.55224029510714,-39.55224029510714,2025 Week 1 transaction
10,Michael Gallup,WR,0,0,0,0,2025 Week 1 transaction
9,Washington Commanders,DST,-13.057352941176472,0,-13.057352941176472,-13.057352941176472,2025 Week 1 transaction
9,Jordan Mason,RB,8.52988235294118,84.52405683601005,88.82773634715073,88.82773634715073,2025 Week 1 transaction
8,Brenton Strange,TE,23.54009803921569,64.7319082678384,85.03541089366217,85.03541089366217,2025 Week 1 transaction
8,Marvin Mims Jr.,WR,-23.529892156862743,10.8209435831673,-13.249995752853808,-13.249995752853808,2025 Week 1 transaction
6,Tampa Bay Buccaneers,DST,-36.825,0,-36.825,-36.825,2025 Week 2 transaction
6,Matt Prater,K,-29.06617647058824,0,-29.06617647058824,-29.06617647058824,2025 Week 2 transaction
1,Jake Browning,QB,0,-18.76093724479209,-17.822890382552483,-17.822890382552483,2025 Week 2 transaction
4,Seattle Seahawks,DST,72.39607843137254,0,72.39607843137254,72.39607843137254,2025 Week 2 transaction
3,Hunter Renfrow,WR,0,0,0,0,2025 Week 2 transaction
9,Jameis Winston,QB,20.029529411764706,110.74664437247426,125.23884156561525,125.23884156561525,2025 Week 2 transaction
7,Carson Wentz,QB,-48.01513725490196,32.836331583756376,-16.8206222503334,-16.8206222503334,2025 Week 2 transaction
7,Atlanta Falcons,DST,-30.843627450980396,0,-30.843627450980396,-30.843627450980396,2025 Week 2 transaction
5,Parker Romo,K,-15.353921568627449,0,-15.353921568627449,-15.353921568627449,2025 Week 2 transaction
7,Spencer Shrader,K,1.0632352941176446,0,1.0632352941176446,1.0632352941176446,2025 Week 2 transaction
7,Troy Franklin,WR,10.506607843137257,9.62610125594322,19.651404036283314,19.651404036283314,2025 Week 2 transaction
2,Daniel Carlson,K,-17.352941176470587,0,-17.352941176470587,-17.352941176470587,2025 Week 2 transaction
9,Michael Mayer,TE,-2.0300000000000002,-27.926957220581585,-28.560609359552508,-28.560609359552508,2025 Week 2 transaction
8,Jaxson Dart,QB,-16.393127450980415,388.2975301959676,352.4895262351888,352.4895262351888,2025 Week 2 transaction
2,Tom Brady,QB,0,0,0,0,2025 Week 2 transaction
9,Mac Jones,QB,43.31558823529412,140.5725400230092,176.85950125715286,176.85950125715286,2025 Week 2 transaction
12,Kenny Gainwell,RB,49.99150980392157,8.406289124891373,57.97748447256838,57.97748447256838,2025 Week 2 transaction
11,Tre Tucker,WR,-21.48395098039216,20.711312890029017,-1.8082037348645965,-1.8082037348645965,2025 Week 2 transaction
9,Will Reichard,K,1.9642156862745095,0,1.9642156862745095,1.9642156862745095,2025 Week 2 transaction
4,Isaac Guerendo,RB,0,6.715338312711509,6.379571397075935,6.379571397075935,2025 Week 2 transaction
1,Carolina Panthers,DST,-2.3323529411764703,0,-2.3323529411764703,-2.3323529411764703,2025 Week 3 transaction
6,Minnesota Vikings,DST,45.14264705882353,0,45.14264705882353,45.14264705882353,2025 Week 3 transaction
8,KaVontae Turpin,WR,-5.495254901960788,1.5680352631715857,-4.005621401947781,-4.005621401947781,2025 Week 3 transaction
5,Los Angeles Chargers,DST,-32.225,0,-32.225,-32.225,2025 Week 3 transaction
4,Dalton Schultz,TE,-11.650833333333333,11.798771606859582,-0.4420003068167233,-0.4420003068167233,2025 Week 3 transaction
4,Cameron Dicker,K,-11.660784313725486,0,-11.660784313725486,-11.660784313725486,2025 Week 3 transaction
7,Oronde Gadsden,TE,1.1419117647058794,56.74426998794432,55.04896825325298,55.04896825325298,2025 Week 3 transaction
5,Will Reichard,K,1.9642156862745095,0,1.9642156862745095,1.9642156862745095,2025 Week 3 transaction
3,Dyami Brown,WR,-7.127382352941177,-72.11552633027694,-75.63713236670426,-75.63713236670426,2025 Week 3 transaction
7,Ja'Tavion Sanders,TE,0,37.471367614833696,35.59779923409201,35.59779923409201,2025 Week 3 transaction
7,Jeremy McNichols,RB,-15.298068627450979,0,-15.298068627450979,-15.298068627450979,2025 Week 3 transaction
10,Marcus Mariota,QB,54.411235294117645,120.31670642641036,168.71210639920747,168.71210639920747,2025 Week 3 transaction
3,New England Patriots,DST,27.768137254901966,0,27.768137254901966,27.768137254901966,2025 Week 3 transaction
5,Jalen Nailor,WR,0,13.529215272504462,12.852754508879238,12.852754508879238,2025 Week 3 transaction
8,Tyrod Taylor,QB,18.003892156862747,-10.8209435831673,7.723995752853812,7.723995752853812,2025 Week 3 transaction
7,Woody Marks,RB,-3.0997647058823494,21.993800122922053,17.794345410893598,17.794345410893598,2025 Week 3 transaction
5,Jacksonville Jaguars,DST,34.749509803921576,0,34.749509803921576,34.749509803921576,2025 Week 3 transaction
9,Darren Waller,TE,-41.973960784313725,-89.1791572102547,-126.69416013405569,-126.69416013405569,2025 Week 4 transaction
4,Zavier Scott,RB,0,-5.013285188110601,-4.7626209287050685,-4.7626209287050685,2025 Week 4 transaction
6,Cooper Rush,QB,-9.786637254901962,-91.49827808775888,-96.7100014382729,-96.7100014382729,2025 Week 4 transaction
7,Arizona Cardinals,DST,-1.1602941176470605,0,-1.1602941176470605,-1.1602941176470605,2025 Week 4 transaction
6,Chase McLaughlin,K,33.86813725490196,0,33.86813725490196,33.86813725490196,2025 Week 4 transaction
12,Brashard Smith,RB,0,56.317047735202706,53.50119534844257,53.50119534844257,2025 Week 4 transaction
7,Rico Dowdle,RB,43.548529411764704,57.762428665122215,98.4228366436308,98.4228366436308,2025 Week 4 transaction
5,Wil Lutz,K,-1.4465686274509784,0,-1.4465686274509784,-1.4465686274509784,2025 Week 4 transaction
5,Chris Rodriguez Jr.,RB,0,63.11194672076397,59.95634938472576,59.95634938472576,2025 Week 4 transaction
9,Kirk Cousins,QB,42.50391176470588,121.6814014131125,158.10124310716276,158.10124310716276,2025 Week 4 transaction
9,Joey Slye,K,0,0,0,0,2025 Week 4 transaction
7,Tennessee Titans,DST,-4.074999999999998,0,-4.074999999999998,-4.074999999999998,2025 Week 4 transaction
9,Jameis Winston,QB,-22.89641176470588,-29.82589565053493,-51.231012632714084,-51.231012632714084,2025 Week 4 transaction
6,Los Angeles Chargers,DST,-58.52401960784315,0,-58.52401960784315,-58.52401960784315,2025 Week 5 transaction
8,Xavier Legette,WR,3.602607843137254,8.657422127437096,11.827158864202495,11.827158864202495,2025 Week 5 transaction
7,Kimani Vidal,RB,-2.1450392156862703,-16.964766974284757,-18.261567841256777,-18.261567841256777,2025 Week 5 transaction
2,Eddy Pineiro,K,27.834313725490198,0,27.834313725490198,27.834313725490198,2025 Week 5 transaction
7,Tennessee Titans,DST,3.8112745098039227,0,3.8112745098039227,3.8112745098039227,2025 Week 5 transaction
6,Hassan Haskins,RB,1.8405980392156858,-4.437735529052312,-2.375250713384011,-2.375250713384011,2025 Week 5 transaction
6,Ryan Flournoy,WR,0,11.130351528978592,10.573833952529661,10.573833952529661,2025 Week 5 transaction
5,AJ Barner,TE,6.066470588235296,48.01983549781261,51.68531431115726,51.68531431115726,2025 Week 5 transaction
5,Las Vegas Raiders,DST,6.980392156862747,0,6.980392156862747,6.980392156862747,2025 Week 5 transaction
9,Theo Johnson,TE,5.973039215686272,-22.414388325398498,-15.320629693442307,-15.320629693442307,2025 Week 5 transaction
8,Tommy Tremble,TE,0,29.009581437995266,27.5591023660955,27.5591023660955,2025 Week 5 transaction
8,Luke McCaffrey,WR,-9.702303921568626,6.584363967975543,-3.447158151991861,-3.447158151991861,2025 Week 5 transaction
7,Sean Tucker,RB,-6.066470588235296,3.6264111416013947,-2.6213800037139663,-2.6213800037139663,2025 Week 5 transaction
3,Jalen Tolbert,WR,-8.509049019607843,5.513981365474573,-3.270766722407,-3.270766722407,2025 Week 5 transaction
11,Kendrick Bourne,WR,12.959235294117647,8.089179103542394,20.64395544248292,20.64395544248292,2025 Week 5 transaction
7,AJ Barner,TE,21.364539215686275,69.28210378598247,87.1825378123696,87.1825378123696,2025 Week 5 transaction
8,Michael Carter,RB,9.804147058823528,21.320332998661932,30.058463407552363,30.058463407552363,2025 Week 5 transaction
12,Cleveland Browns,DST,16.036274509803924,0,16.036274509803924,16.036274509803924,2025 Week 5 transaction
2,Mac Jones,QB,42.92594117647059,140.5725400230092,176.46985419832933,176.46985419832933,2025 Week 5 transaction
9,Emari Demercado,RB,-48.30587254901961,-78.91566528277266,-123.27575456765364,-123.27575456765364,2025 Week 5 transaction
3,Marvin Mims Jr.,WR,-12.50863725490196,10.8209435831673,-2.2287408508930238,-2.2287408508930238,2025 Week 5 transaction
9,Mac Jones,QB,14.663049019607847,29.82589565053493,42.997649887616035,42.997649887616035,2025 Week 5 transaction
11,Jason Myers,K,22.284803921568628,0,22.284803921568628,22.284803921568628,2025 Week 5 transaction
5,Malik Washington,WR,-12.140656862745097,11.054614874802919,-1.6387727316823248,-1.6387727316823248,2025 Week 5 transaction
5,Indianapolis Colts,DST,23.03333333333333,0,23.03333333333333,23.03333333333333,2025 Week 5 transaction
7,Oronde Gadsden,TE,6.3207156862745055,29.29151827425578,34.1476580468175,34.1476580468175,2025 Week 6 transaction
7,Carolina Panthers,DST,-6.309313725490196,0,-6.309313725490196,-6.309313725490196,2025 Week 6 transaction
5,Chicago Bears,DST,22.57794117647059,0,22.57794117647059,22.57794117647059,2025 Week 6 transaction
4,Tez Johnson,WR,-7.18321568627451,-40.34010921978917,-45.506319445074226,-45.506319445074226,2025 Week 6 transaction
6,Kameron Johnson,WR,0,-4.729684754909459,-4.493200517163985,-4.493200517163985,2025 Week 6 transaction
9,Kayshon Boutte,WR,3.2833039215686277,-100.60925082447642,-92.29548436168396,-92.29548436168396,2025 Week 6 transaction
5,Sterling Shepard,WR,12.140656862745097,-16.600759131090935,-3.6300643117912905,-3.6300643117912905,2025 Week 6 transaction
1,Matt Prater,K,-1.140196078431372,0,-1.140196078431372,-1.140196078431372,2025 Week 6 transaction
6,Zach Ertz,TE,13.457715686274508,36.81325619881664,48.43030907515032,48.43030907515032,2025 Week 6 transaction
7,Gunnar Helm,TE,-5.178803921568626,-7.984395599061628,-12.763979740677172,-12.763979740677172,2025 Week 6 transaction
2,Adrian Martinez,QB,0,0,0,0,2025 Week 6 transaction
1,Indianapolis Colts,DST,5.571568627450981,0,5.571568627450981,5.571568627450981,2025 Week 6 transaction
7,Matt Gay,K,-0.412745098039216,0,-0.412745098039216,-0.412745098039216,2025 Week 6 transaction
10,Evan Engram,TE,2.6173039215686282,4.033160797452265,6.44880667914828,6.44880667914828,2025 Week 6 transaction
1,Joshua Palmer,WR,0,-48.50440603247932,-46.07918573085535,-46.07918573085535,2025 Week 6 transaction
1,Emari Demercado,RB,-5.37993137254902,-25.29602617314881,-29.411156237040387,-29.411156237040387,2025 Week 6 transaction
1,Brandon McManus,K,-47.36568627450981,0,-47.36568627450981,-47.36568627450981,2025 Week 6 transaction
8,Calvin Austin III,WR,7.861705882352941,-2.146628438923231,5.822408865375872,5.822408865375872,2025 Week 6 transaction
8,Jake Tonges,TE,3.817303921568629,32.83239021663396,35.00807462737089,35.00807462737089,2025 Week 6 transaction
7,Tyrod Taylor,QB,-14.864235294117641,-142.17721961257942,-149.9325939260681,-149.9325939260681,2025 Week 7 transaction
7,Atlanta Falcons,DST,3.9039215686274513,0,3.9039215686274513,3.9039215686274513,2025 Week 7 transaction
5,Tampa Bay Buccaneers,DST,-7.872058823529407,0,-7.872058823529407,-7.872058823529407,2025 Week 7 transaction
5,Andy Dalton,QB,-12.128774509803923,-69.28210378598247,-77.94677310648726,-77.94677310648726,2025 Week 7 transaction
11,Jake Moody,K,-21.08529411764706,0,-21.08529411764706,-21.08529411764706,2025 Week 7 transaction
3,Alec Pierce,WR,-2.8867352941176474,34.78746064622827,30.161352319799203,30.161352319799203,2025 Week 7 transaction
9,Jonnu Smith,TE,0,-76.85211420821693,-73.00950849780608,-73.00950849780608,2025 Week 7 transaction
5,Carson Wentz,QB,-1.1833039215686263,97.6385521241927,91.57332059641443,91.57332059641443,2025 Week 7 transaction
1,Michael Badgley,K,16.480882352941176,0,16.480882352941176,16.480882352941176,2025 Week 7 transaction
6,Luke McCaffrey,WR,-9.702303921568626,6.584363967975543,-3.447158151991861,-3.447158151991861,2025 Week 7 transaction
2,Kade Warner,WR,0,0,0,0,2025 Week 7 transaction
1,Sean Tucker,RB,5.37993137254902,11.251640187347327,16.06898955052897,16.06898955052897,2025 Week 7 transaction
5,Zach Ertz,TE,13.457715686274508,-39.82790579445179,-24.37879481845468,-24.37879481845468,2025 Week 7 transaction
6,Cade Otton,TE,-8.728107843137254,12.26355899894591,2.9222732058613516,2.9222732058613516,2025 Week 7 transaction
2,Marshawn Lynch,RB,0,0,0,0,2025 Week 7 transaction
9,Ka'imi Fairbairn,K,29.36862745098039,0,29.36862745098039,29.36862745098039,2025 Week 7 transaction
7,New Orleans Saints,DST,21.34457843137255,-110.5122969688499,-83.64210368903485,-83.64210368903485,2025 Week 7 transaction
1,Brandon McManus,K,-1.4495098039215693,0,-1.4495098039215693,-1.4495098039215693,2025 Week 7 transaction
7,Bam Knight,RB,10.59663725490196,-12.171835621461135,-0.9666065854861117,-0.9666065854861117,2025 Week 8 transaction
4,Jacksonville Jaguars,DST,28.431862745098044,0,28.431862745098044,28.431862745098044,2025 Week 8 transaction
5,Matt Prater,K,4.668627450980389,0,4.668627450980389,4.668627450980389,2025 Week 8 transaction
5,Tank Bigsby,RB,0,91.4165397125973,86.84571272696743,86.84571272696743,2025 Week 8 transaction
8,Jake Bates,K,4.422058823529416,0,4.422058823529416,4.422058823529416,2025 Week 8 transaction
12,Pat Freiermuth,TE,-53.77959803921569,-33.405125775001245,-85.51446752546687,-85.51446752546687,2025 Week 8 transaction
6,Xavier Hutchinson,WR,0,7.314823841405293,6.949082649335027,6.949082649335027,2025 Week 8 transaction
6,Kirk Cousins,QB,42.50391176470588,115.28073463904336,152.02060967179708,152.02060967179708,2025 Week 8 transaction
7,Gunnar Helm,TE,-5.178803921568626,64.92411932852224,56.49910944052749,56.49910944052749,2025 Week 8 transaction
3,Noah Fant,TE,-0.6318627450980401,-19.3777928132452,-19.04076591768098,-19.04076591768098,2025 Week 8 transaction
9,Minnesota Vikings,DST,53.71323529411766,0,53.71323529411766,53.71323529411766,2025 Week 8 transaction
9,Chimere Dike,WR,2.164558823529412,-21.300893308585373,-18.071289819626692,-18.071289819626692,2025 Week 8 transaction
2,Jake Tonges,TE,0,32.83239021663396,31.19077070580226,31.19077070580226,2025 Week 8 transaction
5,Samaje Perine,RB,0,55.45411502547503,52.68140927420128,52.68140927420128,2025 Week 8 transaction
4,Isaiah Davis,RB,0,1.4451986932015046,1.3729387585414372,1.3729387585414372,2025 Week 8 transaction
8,Malik Washington,WR,-12.140656862745097,16.600759131090935,3.6300643117912905,3.6300643117912905,2025 Week 8 transaction
7,Evan McPherson,K,35.09264705882353,0,35.09264705882353,35.09264705882353,2025 Week 8 transaction
4,Cincinnati Bengals,DST,-63.99950980392158,0,-63.99950980392158,-63.99950980392158,2025 Week 8 transaction
8,Will Reichard,K,1.9642156862745095,0,1.9642156862745095,1.9642156862745095,2025 Week 8 transaction
1,Emari Demercado,RB,-5.37993137254902,61.65687474023654,53.194099630675694,53.194099630675694,2025 Week 9 transaction
5,Carolina Panthers,DST,-16.600980392156863,0,-16.600980392156863,-16.600980392156863,2025 Week 9 transaction
6,Chase McLaughlin,K,-6.041666666666668,0,-6.041666666666668,-6.041666666666668,2025 Week 9 transaction
8,Olamide Zaccheaus,WR,-5.3220882352941175,-0.41125592831543667,-5.712781367193783,-5.712781367193783,2025 Week 9 transaction
8,Jacoby Brissett,QB,37.82008823529412,124.4486962681478,156.04634969003453,156.04634969003453,2025 Week 9 transaction
3,Emanuel Wilson,RB,0,68.47890402942605,65.05495882795474,65.05495882795474,2025 Week 9 transaction
7,Gunnar Helm,TE,-5.178803921568626,16.741156094627968,10.725294368327937,10.725294368327937,2025 Week 9 transaction
1,Brian Robinson Jr.,RB,0,71.82684260858596,68.23550047815667,68.23550047815667,2025 Week 9 transaction
6,Devin Singletary,RB,-45.60960784313726,-62.83483327419879,-105.3026994536261,-105.3026994536261,2025 Week 9 transaction
3,Jalen Coker,WR,20.35949019607843,116.87876459758377,131.394316563783,131.394316563783,2025 Week 9 transaction
6,Tyler Loop,K,4.285294117647062,0,4.285294117647062,4.285294117647062,2025 Week 9 transaction
10,Kenny Gainwell,RB,49.99150980392157,3.2782156761801673,53.10581469629274,53.10581469629274,2025 Week 9 transaction
3,Chad Ryland,K,-4.9985294117647054,0,-4.9985294117647054,-4.9985294117647054,2025 Week 9 transaction
7,Parker Washington,WR,10.585833333333337,269.7911568663592,266.8874323563745,266.8874323563745,2025 Week 9 transaction
7,Baltimore Ravens,DST,24.203921568627454,0,24.203921568627454,24.203921568627454,2025 Week 9 transaction
5,Chicago Bears,DST,14.111274509803923,0,14.111274509803923,14.111274509803923,2025 Week 9 transaction
9,Seattle Seahawks,DST,2.3715686274509835,0,2.3715686274509835,2.3715686274509835,2025 Week 9 transaction
9,Samaje Perine,RB,0,34.19184673730517,32.48225440043991,32.48225440043991,2025 Week 9 transaction
4,Atlanta Falcons,DST,-21.060294117647057,0,-21.060294117647057,-21.060294117647057,2025 Week 10 transaction
1,Matt Prater,K,-0.5004901960784318,0,-0.5004901960784318,-0.5004901960784318,2025 Week 10 transaction
9,Devin Singletary,RB,-2.0633921568627454,58.8465681389137,53.840847575105265,53.840847575105265,2025 Week 10 transaction
5,Davis Mills,QB,0,112.19836013424988,106.58844212753738,106.58844212753738,2025 Week 10 transaction
9,Brandon McManus,K,-4.7063725490196084,-90.86298189659492,-91.02620535078478,-91.02620535078478,2025 Week 10 transaction
6,Chris Rodriguez Jr.,RB,2.0633921568627454,17.794593854354723,18.968256318499733,18.968256318499733,2025 Week 10 transaction
7,Cade Otton,TE,-5.417833333333334,-3.675468509298554,-8.90952841716696,-8.90952841716696,2025 Week 10 transaction
6,Adonai Mitchell,WR,0.18273529411764677,-20.508743680797398,-19.30057120263988,-19.30057120263988,2025 Week 10 transaction
6,Tampa Bay Buccaneers,DST,-10.088725490196072,0,-10.088725490196072,-10.088725490196072,2025 Week 10 transaction
8,Luke Musgrave,TE,-6.066470588235296,-40.063095220090844,-44.12641104732158,-44.12641104732158,2025 Week 10 transaction
1,Phil Mafah,RB,0,-25.6036253001095,-24.323444035104018,-24.323444035104018,2025 Week 10 transaction
8,AJ Barner,TE,6.066470588235296,69.28210378598247,71.88446918491863,71.88446918491863,2025 Week 10 transaction
4,Jaylin Lane,WR,0,0.7110757919419068,0.6755220023448114,0.6755220023448114,2025 Week 10 transaction
10,Jason Myers,K,15.32892156862745,0,15.32892156862745,15.32892156862745,2025 Week 10 transaction
7,Baltimore Ravens,DST,-8.566176470588232,0,-8.566176470588232,-8.566176470588232,2025 Week 10 transaction
7,Will Reichard,K,-14.650980392156871,0,-14.650980392156871,-14.650980392156871,2025 Week 10 transaction
5,Tyler Loop,K,15.547549019607846,0,15.547549019607846,15.547549019607846,2025 Week 10 transaction
11,Ty Johnson,RB,4.877637254901959,55.25485295082194,57.369747558182794,57.369747558182794,2025 Week 10 transaction
11,Cairo Santos,K,13.082352941176472,0,13.082352941176472,13.082352941176472,2025 Week 10 transaction
7,AJ Barner,TE,6.066470588235296,20.205288588219922,25.26149474704421,25.26149474704421,2025 Week 11 transaction
9,Ka'imi Fairbairn,K,-8,0,-8,-8,2025 Week 11 transaction
8,Darnell Mooney,WR,-2.4906960784313714,3.2280085718476608,0.575912064823906,0.575912064823906,2025 Week 11 transaction
5,Jacksonville Jaguars,DST,14.245588235294116,0,14.245588235294116,14.245588235294116,2025 Week 11 transaction
1,Tyrod Taylor,QB,5.495254901960788,-47.30488962747437,-39.44439024413985,-39.44439024413985,2025 Week 11 transaction
6,Las Vegas Raiders,DST,4.0249999999999995,0,4.0249999999999995,4.0249999999999995,2025 Week 11 transaction
5,Jaleel McLaughlin,RB,0,55.283704336398,52.5195191195781,52.5195191195781,2025 Week 11 transaction
9,Evan McPherson,K,8.610294117647058,0,8.610294117647058,8.610294117647058,2025 Week 11 transaction
6,Keenan Allen,WR,0,-4.649858172714918,-4.417365264079173,-4.417365264079173,2025 Week 11 transaction
5,Jalen Nailor,WR,0,13.529215272504462,12.852754508879238,12.852754508879238,2025 Week 11 transaction
6,Brock Wright,TE,0,18.61706692531449,17.686213579048765,17.686213579048765,2025 Week 11 transaction
6,Dawson Knox,TE,0,29.30004533132231,27.835043064756192,27.835043064756192,2025 Week 11 transaction
6,Keaton Mitchell,RB,0,86.95290091338535,82.60525586771608,82.60525586771608,2025 Week 11 transaction
8,Michael Wilson,WR,74.80741176470589,75.12684631888959,146.177915767651,146.177915767651,2025 Week 11 transaction
8,Mack Hollins,WR,0,11.6278659366739,11.046472639840204,11.046472639840204,2025 Week 11 transaction
8,Michael Wilson,WR,74.80741176470589,82.01572110505681,152.72234681450988,152.72234681450988,2025 Week 11 transaction
2,Jeremy McNichols,RB,-15.298068627450979,0,-15.298068627450979,-15.298068627450979,2025 Week 11 transaction
6,Chimere Dike,WR,2.4906960784313714,3.5356067933724518,5.8495225321352,5.8495225321352,2025 Week 11 transaction
9,Jameis Winston,QB,20.029529411764706,99.54529347820184,114.59755821605644,114.59755821605644,2025 Week 11 transaction
3,Sean Tucker,RB,0,5.389401177760405,5.119931118872373,5.119931118872373,2025 Week 11 transaction
5,Chicago Bears,DST,14.268627450980395,0,14.268627450980395,14.268627450980395,2025 Week 11 transaction
6,Los Angeles Chargers,DST,5.756372549019604,0,5.756372549019604,5.756372549019604,2025 Week 11 transaction
11,Tyler Lockett,WR,0,-113.19389372897275,-107.53419904252411,-107.53419904252411,2025 Week 11 transaction
6,Samaje Perine,RB,-13.324509803921572,55.45411502547503,39.35689947027971,39.35689947027971,2025 Week 12 transaction
6,Los Angeles Chargers,DST,-3.30735294117647,0,-3.30735294117647,-3.30735294117647,2025 Week 12 transaction
3,Adonai Mitchell,WR,0.18273529411764677,17.74712793379785,17.0425068312256,17.0425068312256,2025 Week 12 transaction
11,Dylan Sampson,RB,0,35.608128945772975,33.827722498484334,33.827722498484334,2025 Week 12 transaction
11,John Metchie III,WR,-4.61813725490196,5.963271626481861,1.0469707902558074,1.0469707902558074,2025 Week 12 transaction
11,Greg Dortch,WR,0,-6.6313432618251955,-6.299776098733936,-6.299776098733936,2025 Week 12 transaction
5,Colby Parkinson,TE,17.830245098039217,15.900665421866186,32.93587724881209,32.93587724881209,2025 Week 12 transaction
6,Najee Harris,RB,-0.18273529411764677,29.42323481740379,27.769337782415953,27.769337782415953,2025 Week 12 transaction
9,Andrei Iosivas,WR,-0.3775098039215674,4.517563954389865,3.9141759527488045,3.9141759527488045,2025 Week 12 transaction
8,Jameis Winston,QB,20.029529411764706,98.04477685609676,113.17206742505662,113.17206742505662,2025 Week 12 transaction
5,Michael Carter,RB,-2.8864803921568623,41.77572768250424,36.80046090622217,36.80046090622217,2025 Week 12 transaction
7,Evan McPherson,K,27.17843137254902,0,27.17843137254902,27.17843137254902,2025 Week 12 transaction
6,Cameron Dicker,K,-12.158823529411762,-86.95290091338535,-94.76407939712784,-94.76407939712784,2025 Week 12 transaction
6,Cade Otton,TE,0,35.177627388381715,33.41874601896262,33.41874601896262,2025 Week 12 transaction
4,Mac Jones,QB,0,127.34483304537481,120.97759139310608,120.97759139310608,2025 Week 12 transaction
10,Kirk Cousins,QB,43.546215686274515,107.61518839562059,145.78064466211407,145.78064466211407,2025 Week 12 transaction
5,Noah Fant,TE,0,-66.11808469760163,-62.81218046272156,-62.81218046272156,2025 Week 12 transaction
4,Cam Little,K,18.298039215686273,0,18.298039215686273,18.298039215686273,2025 Week 12 transaction
1,Mack Hollins,WR,0,-50.02900880356264,-47.52755836338451,-47.52755836338451,2025 Week 12 transaction
1,Cooper Kupp,WR,0,12.51663118569248,11.890799626407857,11.890799626407857,2025 Week 12 transaction
2,Bam Knight,RB,5.417833333333334,-87.82025631594809,-78.01141016681737,-78.01141016681737,2025 Week 12 transaction
2,Devin Singletary,RB,-2.0633921568627454,58.8465681389137,53.840847575105265,53.840847575105265,2025 Week 12 transaction
9,Devaughn Vele,WR,-1.7715490196078427,16.657964613121763,14.053517362857832,14.053517362857832,2025 Week 13 transaction
4,Chase McLaughlin,K,13.039215686274513,0,13.039215686274513,13.039215686274513,2025 Week 13 transaction
4,Tampa Bay Buccaneers,DST,-15.471078431372545,0,-15.471078431372545,-15.471078431372545,2025 Week 13 transaction
4,Dallas Goedert,TE,0,-18.757406821226,-17.819536480164707,-17.819536480164707,2025 Week 13 transaction
9,Max Brosmer,QB,0,-48.80690643768706,-46.3665611158027,-46.3665611158027,2025 Week 13 transaction
6,Cade Otton,TE,0,49.07681519776255,46.62297443787442,46.62297443787442,2025 Week 13 transaction
6,Jacksonville Jaguars,DST,20.511274509803922,0,20.511274509803922,20.511274509803922,2025 Week 14 transaction
5,Ben Sinnott,TE,0,32.804855140474416,31.164612383450695,31.164612383450695,2025 Week 14 transaction
5,Riley Leonard,QB,1.75,114.4586117529615,110.48568116531342,110.48568116531342,2025 Week 14 transaction
5,Jaylen Wright,RB,0,36.214573751360874,34.403845063792836,34.403845063792836,2025 Week 14 transaction
5,Cam Little,K,0.2852941176470587,0,0.2852941176470587,0.2852941176470587,2025 Week 14 transaction
3,Minnesota Vikings,DST,55.670588235294126,0,55.670588235294126,55.670588235294126,2025 Week 14 transaction
3,Wil Lutz,K,-7.925490196078428,0,-7.925490196078428,-7.925490196078428,2025 Week 14 transaction
9,Kirk Cousins,QB,30.64858823529412,117.16383745872263,141.9542338210806,141.9542338210806,2025 Week 14 transaction
10,Darren Waller,TE,-35.668784313725496,-89.1791572102547,-120.38898366346746,-120.38898366346746,2025 Week 14 transaction
11,Evan Engram,TE,-4.920196078431373,-0.8079667824987666,-5.6877645218051995,-5.6877645218051995,2025 Week 14 transaction
5,Miami Dolphins,DST,15.570029411764708,-55.304942955008705,-36.96966639549356,-36.96966639549356,2025 Week 14 transaction
5,Washington Commanders,DST,-14.65294117647059,0,-14.65294117647059,-14.65294117647059,2025 Week 14 transaction
1,Jalen Nailor,WR,0,2.3988637435258706,2.2789205563495774,2.2789205563495774,2025 Week 15 transaction
5,Tennessee Titans,DST,4.8352941176470585,0,4.8352941176470585,4.8352941176470585,2025 Week 15 transaction
9,Gardner Minshew,QB,0,101.33530484676784,96.26853960442945,96.26853960442945,2025 Week 15 transaction
6,Mike Gesicki,TE,-5.620196078431373,-19.12536603886804,-23.78929381535601,-23.78929381535601,2025 Week 15 transaction
2,Philip Rivers,QB,0,0,0,0,2025 Week 15 transaction
8,Brady Cook,QB,-3.522441176470588,-6.362594177368597,-9.566905644970754,-9.566905644970754,2025 Week 15 transaction
4,Tank Bigsby,RB,0,10.16343548444965,9.655263710227175,9.655263710227175,2025 Week 15 transaction
9,Kenny Pickett,QB,-9.909803921568628,0,-9.909803921568628,-9.909803921568628,2025 Week 15 transaction
9,Philip Rivers,QB,0,0,0,0,2025 Week 15 transaction
5,Chicago Bears,DST,12.675980392156864,0,12.675980392156864,12.675980392156864,2025 Week 15 transaction
1,Andy Borregales,K,-3.960784313725487,0,-3.960784313725487,-3.960784313725487,2025 Week 15 transaction
1,San Francisco 49ers,DST,-11.274019607843133,0,-11.274019607843133,-11.274019607843133,2025 Week 15 transaction
1,Ryan Flournoy,WR,0,-0.4975144076953075,-0.4726386873105426,-0.4726386873105426,2025 Week 15 transaction
8,Mack Hollins,WR,0,-4.972893194417036,-4.7242485346961836,-4.7242485346961836,2025 Week 16 transaction
9,Chigoziem Okonkwo,TE,0,48.18296323389427,45.773815072199554,45.773815072199554,2025 Week 16 transaction
2,Philip Rivers,QB,0,0,0,0,2025 Week 16 transaction
9,Michael Carter,RB,-4.5698823529411765,38.64697834188694,32.14474707185142,32.14474707185142,2025 Week 16 transaction
7,Malik Willis,QB,0,76.90595733051495,73.0606594639892,73.0606594639892,2025 Week 17 transaction
9,Terrance Ferguson,TE,0,124.93818166016244,118.69127257715431,118.69127257715431,2025 Week 17 transaction
6,Jahdae Walker,WR,0,-47.97387561426777,-45.57518183355438,-45.57518183355438,2025 Week 17 transaction
10,Daniel Bellinger,TE,-4.1360294117647065,-8.233912968946424,-11.95824673226381,-11.95824673226381,2025 Week 17 transaction
7,Kyle Williams,WR,0,12.7018675163775,12.066774140558625,12.066774140558625,2025 Week 17 transaction
10,Chris Oladokun,QB,-0.7326372549019595,0,-0.7326372549019595,-0.7326372549019595,2025 Week 17 transaction
5,Travis Kelce,TE,25.366666666666667,-13.6194583646392,12.428181220259432,12.428181220259432,2025 Week 17 transaction
7,Taysom Hill,TE,-25.366666666666667,-98.57890176961068,-119.01662334779681,-119.01662334779681,2025 Week 17 transaction
9,Michael Mayer,TE,-2.0300000000000002,15.306619258121444,12.511288295215373,12.511288295215373,2025 Week 17 transaction
1,Dontayvion Wicks,WR,-5.301666666666665,18.964822468669958,12.714914678569794,12.714914678569794,2026 Week 1 transaction
7,Kyle Williams,WR,0,12.7018675163775,12.066774140558625,12.066774140558625,2026 Week 1 transaction
4,Tampa Bay Buccaneers,DST,-9.80833333333333,0,-9.80833333333333,-9.80833333333333,2026 Week 1 transaction
1,Mike Gesicki,TE,0,-18.23151407499976,-17.319938371249773,-17.319938371249773,2026 Week 1 transaction
1,Carson Wentz,QB,-1.7809999999999988,23.559396055464546,20.60042625269132,20.60042625269132,2026 Week 1 transaction
11,Kalif Raymond,WR,0,-2.184488181751467,-2.0752637726638934,-2.0752637726638934,2026 Week 1 transaction
11,Kendrick Bourne,WR,0,-12.622133786486623,-11.991027097162291,-11.991027097162291,2026 Week 1 transaction
3,Michael Mayer,TE,-2.0300000000000002,57.97560112654114,53.04682107021408,53.04682107021408,2026 Week 1 transaction
5,Demond Claiborne,RB,0,-59.485949070626845,-56.51165161709551,-56.51165161709551,2026 Week 1 transaction
6,Cooper Kupp,WR,0,1.3152802914200556,1.2495162768490538,1.2495162768490538,2026 Week 1 transaction
6,Devaughn Vele,WR,1.8258333333333336,-50.9063486457913,-46.535197880168404,-46.535197880168404,2026 Week 1 transaction
3,Pat Bryant,WR,0,25.31427461876776,24.04856088782937,24.04856088782937,2026 Week 1 transaction
6,Roschon Johnson,RB,0,1.9071959246521146,1.8118361284195075,1.8118361284195075,2026 Week 1 transaction
5,Malik Washington,WR,0,2.2793858981754855,2.16541660326671,2.16541660326671,2026 Week 1 transaction
5,Kayshon Boutte,WR,0,13.824464908411883,13.133241662991288,13.133241662991288,2026 Week 1 transaction
5,Kirk Cousins,QB,28.653333333333336,0.24857665951061847,28.889481159868424,28.889481159868424,2026 Week 1 transaction
6,Jacob Saylors,RB,0,53.36952405086866,50.70104784832523,50.70104784832523,2026 Week 1 transaction
6,Malik Davis,RB,0,61.19016522134768,58.13065696028029,58.13065696028029,2026 Week 1 transaction
4,Braelon Allen,RB,0,-5.549045196511585,-5.271592936686005,-5.271592936686005,2026 Week 1 transaction
1,Kaleb Johnson,RB,0,-7.333864243829311,-6.967171031637847,-6.967171031637847,2026 Week 1 transaction
8,Xavier Hutchinson,WR,0,-110.67676383441488,-105.14292564269414,-105.14292564269414,2026 Week 1 transaction
5,Caleb Douglas,WR,0,29.78808617458963,28.298681865860146,28.298681865860146,2026 Week 1 transaction
6,Keenan Allen,WR,0,-4.316314630780745,-4.100498899241707,-4.100498899241707,2026 Week 1 transaction
5,MarShawn Lloyd,RB,0,81.25310422814765,77.19044901674026,77.19044901674026,2026 Week 1 transaction
5,Deshaun Watson,QB,0,86.64024801475634,82.30823561401851,82.30823561401851,2026 Week 1 transaction
1,Chase McLaughlin,K,14.25,-121.43282475360188,-101.11118351592178,-101.11118351592178,2026 Week 1 transaction
4,Tyler Loop,K,6.25,0,6.25,6.25,2026 Week 1 transaction
6,Malik Benson,WR,0,-53.56945176286284,-50.890979174719696,-50.890979174719696,2026 Week 1 transaction
8,Jake Bates,K,-3.75,0,-3.75,-3.75,2026 Week 1 transaction
8,Eli Raridon,TE,0,59.61157795616782,56.63099905835942,56.63099905835942,2026 Week 1 transaction
12,Jalen Nailor,WR,0,13.529215272504462,12.852754508879238,12.852754508879238,2026 Week 1 transaction
1,Keaton Mitchell,RB,0,86.95290091338535,82.60525586771608,82.60525586771608,2026 Week 1 transaction
6,Isaiah Davis,RB,0,67.56431325891306,64.18609759596741,64.18609759596741,2026 Week 1 transaction
1,Jordan James,RB,0,-8.162898120464092,-7.754753214440882,-7.754753214440882,2026 Week 1 transaction
6,J'Mari Taylor,RB,0,1.3806322970377565,1.311600682185869,1.311600682185869,2026 Week 1 transaction
7,Los Angeles Chargers,DST,-5.8583333333333325,0,-5.8583333333333325,-5.8583333333333325,2026 Week 1 transaction
9,Justin Joly,TE,0,36.20725743414509,34.396894562437836,34.396894562437836,2026 Week 1 transaction
4,Jacksonville Jaguars,DST,8.141666666666667,-8.845960933129492,-0.261996219806349,-0.261996219806349,2026 Week 1 transaction
5,Ryan Flournoy,WR,0,-1.7421169032778767,-1.655011058113983,-1.655011058113983,2026 Week 1 transaction
5,Cam Little,K,-8,0,-8,-8,2026 Week 1 transaction
5,Chicago Bears,DST,-2.2825000000000006,-207.2077798583156,-199.1298908653998,-199.1298908653998,2026 Week 1 transaction
5,Joe Flacco,QB,0,34.79257673884554,33.05294790190326,33.05294790190326,2026 Week 1 transaction
5,Zavion Thomas,WR,0,11.313784794195744,10.748095554485957,10.748095554485957,2026 Week 1 transaction
5,Cyrus Allen,WR,0,18.496752292176424,17.5719146775676,17.5719146775676,2026 Week 1 transaction
3,Jalen Tolbert,WR,0,-42.03263065260103,-39.93099911997098,-39.93099911997098,2026 Week 1 transaction
9,Cade Klubnik,QB,0,132.12853927790775,125.52211231401236,125.52211231401236,2026 Week 1 transaction
4,Brenen Thompson,WR,0,8.845960933129492,8.403662886473017,8.403662886473017,2026 Week 1 transaction
4,Kaelon Black,RB,0,82.05439052407625,77.95167099787244,77.95167099787244,2026 Week 1 transaction
7,Terrance Ferguson,TE,0,57.922208088750466,55.02609768431294,55.02609768431294,2026 Week 1 transaction
8,Malik Washington,WR,0,8.935015030190963,8.488264278681413,8.488264278681413,2026 Week 1 transaction
5,Treylon Burks,WR,0,-35.110048625302426,-33.354546194037304,-33.354546194037304,2026 Week 1 transaction
6,Baltimore Ravens,DST,-15.80833333333333,0,-15.80833333333333,-15.80833333333333,2026 Week 1 transaction
4,Jaylin Noel,WR,0,19.60985221835279,18.62935960743515,18.62935960743515,2026 Week 1 transaction
1,Deshaun Watson,QB,0,107.90360948109742,102.50842900704254,102.50842900704254,2026 Week 1 transaction
1,Chigoziem Okonkwo,TE,0,48.18296323389427,45.773815072199554,45.773815072199554,2026 Week 1 transaction
1,Braelon Allen,RB,0,98.1143824963868,93.20866337156745,93.20866337156745,2026 Week 1 transaction
12,Tre Harris,WR,0,-53.483976171370685,-50.80977736280215,-50.80977736280215,2026 Week 1 transaction
1,MarShawn Lloyd,RB,6.80833333333333,81.25310422814765,83.99878235007358,83.99878235007358,2026 Week 1 transaction
9,Geno Smith,QB,0,125.63693117389602,119.3550846152012,119.3550846152012,2026 Week 1 transaction
6,Kenny McIntosh,RB,0,-5.513981365474573,-5.238282297200843,-5.238282297200843,2026 Week 1 transaction
6,Jalen Tolbert,WR,0,-8.453227387124999,-8.030566017768749,-8.030566017768749,2026 Week 1 transaction
8,Will Howard,QB,0,124.57595164379572,118.34715406160593,118.34715406160593,2026 Week 1 transaction
7,Terrance Ferguson,TE,0,124.93818166016244,118.69127257715431,118.69127257715431,2026 Week 2 transaction
8,Dalton Schultz,TE,-4.501666666666665,30.73197401411271,24.693708646740408,24.693708646740408,2026 Week 2 transaction
6,Tyquan Thornton,WR,0,-47.783660218010255,-45.394477207109745,-45.394477207109745,2026 Week 2 transaction
6,Trey Smack,K,-8.475,0,-8.475,-8.475,2026 Week 2 transaction
2,Philip Rivers,QB,0,0,0,0,2026 Week 2 transaction
1,Kansas City Chiefs,DST,-6.80833333333333,-1.3268940737601576,-8.06888270340548,-8.06888270340548,2026 Week 2 transaction
4,Drew Allar,QB,0,37.11343819374929,35.2577662840618,35.2577662840618,2026 Week 2 transaction
6,Keon Coleman,WR,0,-26.314243638869016,-24.998531456925562,-24.998531456925562,2026 Week 2 transaction
5,Green Bay Packers,DST,-4.249999999999998,0,-4.249999999999998,-4.249999999999998,2026 Week 2 transaction
9,Kendre Miller,RB,0,86.13975783477598,81.83276994303718,81.83276994303718,2026 Week 2 transaction
6,Chigoziem Okonkwo,TE,0,48.18296323389427,45.773815072199554,45.773815072199554,2026 Week 2 transaction
7,Tre Tucker,WR,0,-1.1574067049962373,-1.0995363697464278,-1.0995363697464278,2026 Week 2 transaction
7,Mack Hollins,WR,0,11.6278659366739,11.046472639840204,11.046472639840204,2026 Week 2 transaction
7,San Francisco 49ers,DST,-6.80833333333333,0,-6.80833333333333,-6.80833333333333,2026 Week 2 transaction
11,Drew Lock,QB,1.079666666666668,124.68184034567652,119.52741499505936,119.52741499505936,2026 Week 2 transaction
3,Jaylin Noel,WR,0,-43.87973027366293,-41.68574375997978,-41.68574375997978,2026 Week 3 transaction
3,Raheim Sanders,RB,0,74.15503417403998,70.44728246533798,70.44728246533798,2026 Week 3 transaction
5,Eli Heidenreich,RB,0,69.85808148829327,66.3651774138786,66.3651774138786,2026 Week 3 transaction
5,Xavier Hutchinson,WR,0,13.899187809380836,13.204228418911793,13.204228418911793,2026 Week 3 transaction
9,Darren Waller,TE,0,-53.63751363191818,-50.95563795032227,-50.95563795032227,2026 Week 3 transaction
8,Mack Hollins,WR,0,11.6278659366739,11.046472639840204,11.046472639840204,2026 Week 3 transaction
3,Deshaun Watson,QB,0,48.52430982601801,46.09809433471712,46.09809433471712,2026 Week 3 transaction
1,Jameis Winston,QB,-6.099333333333333,0.23434740362436912,-5.876703299890181,-5.876703299890181,2026 Week 3 transaction
5,Rashod Bateman,WR,0,14.0662130174919,13.362902366617305,13.362902366617305,2026 Week 3 transaction
5,New York Giants,DST,0.4416666666666682,0,0.4416666666666682,0.4416666666666682,2026 Week 3 transaction
