team,total_future_value
caskinner,5163.658310516487
DepressedBroncosFan,4902.708494702022
joeburrowmvp,4660.307465138875
jzeigboi,4602.620082370852
ngernenz,4376.353950173708
ineedsomeLuBe,4339.737852860208
lukestip,4283.44150123831
Arvs,4242.7957344741635
TheJandyStock,4171.642048084436
akondratieff,4045.256001806213
Gretsch0401,3956.9639323844194
SFOControl,3464.6233551492637
