team,total_future_value
caskinner,4956.55183569745
DepressedBroncosFan,4805.517043023246
joeburrowmvp,4637.4092437646705
jzeigboi,4426.606625617808
ineedsomeLuBe,4318.947400695684
ngernenz,4292.791172932063
Arvs,4292.534578279513
lukestip,4142.3103267735205
akondratieff,4002.8078801569086
TheJandyStock,3949.978951234324
Gretsch0401,3882.392003583868
SFOControl,3373.190783308711
