team,total_future_value
caskinner,5055.656397122869
DepressedBroncosFan,4821.738978588765
joeburrowmvp,4707.519847062199
jzeigboi,4472.31829507737
ngernenz,4376.543667788687
ineedsomeLuBe,4294.448330987545
lukestip,4161.587815983488
TheJandyStock,4150.875749720594
akondratieff,3989.324549517042
Arvs,3971.316214800122
Gretsch0401,3827.2415365026836
SFOControl,3400.786558416791
