team,total_future_value
caskinner,5191.335709488995
DepressedBroncosFan,4967.252865606337
joeburrowmvp,4676.472369274782
jzeigboi,4655.213346551983
ngernenz,4435.110746941932
ineedsomeLuBe,4387.186554335013
Arvs,4312.411614353476
lukestip,4276.029821846775
TheJandyStock,4170.614786005142
akondratieff,4129.068879290691
Gretsch0401,3897.5854547705276
SFOControl,3525.013894228856
