team,total_future_value
caskinner,5226.915952881535
DepressedBroncosFan,4732.844372693063
joeburrowmvp,4637.8130653851695
jzeigboi,4475.248753469246
ineedsomeLuBe,4380.8696856661745
ngernenz,4327.977044493633
lukestip,4280.110371852388
TheJandyStock,4202.371145007627
Gretsch0401,4063.9117964617453
Arvs,3991.838484198289
akondratieff,3952.6335299652933
SFOControl,3397.8775029977105
