team,total_future_value
caskinner,5266.01704851064
DepressedBroncosFan,5031.806882415256
joeburrowmvp,4748.348971270006
jzeigboi,4682.308734358234
ineedsomeLuBe,4493.931988814937
lukestip,4416.996716799095
Arvs,4406.591389308547
ngernenz,4403.364089345279
TheJandyStock,4294.279532902178
akondratieff,4101.516371543352
Gretsch0401,3995.16266795918
SFOControl,3563.133634874117
