name,position,birth_date,age,years_exp,total value added 2025,total value added 2024,total value added 2026,future_value,total_value
Ellis Richardson,TE,1995-02-12,31.589041095890412,3,NA,0,0,0,0
Carl Tucker,TE,1997-02-06,29.605479452054794,1,NA,0,0,0,0
Le'Veon Bell,RB,1992-02-18,34.57260273972603,9,NA,0,0,0,0
Matt Seybert,TE,1997-05-02,29.372602739726027,1,NA,0,0,0,0
Kinkead Dent,QB,2000-07-27,26.136986301369863,0,NA,0,0,0,0
Brandon Aubrey,K,1995-03-14,31.506849315068493,3,55.937745098039215,55.67745098039215,-6.416666666666666,0,105.1985294117647
Tyler Slavin,WR,1992-01-29,34.62739726027397,1,NA,0,0,0,0
Lance Dunbar,RB,1990-01-25,36.63835616438356,8,NA,0,0,0,0
DeAndrew White,WR,1991-10-16,34.915068493150685,7,NA,0,0,0,0
Taylor Thompson,TE,1989-10-19,36.90684931506849,3,NA,0,0,0,0
A.J. Rose,RB,1997-10-14,28.92054794520548,1,NA,0,0,0,0
Ricky Jeune,WR,1993-12-03,32.78356164383562,4,NA,0,0,0,0
Brett Gabbert,QB,2000-08-04,26.115068493150684,0,NA,0,0,0,0
Jerome Kapp,WR,1999-04-07,27.44109589041096,1,NA,0,0,0,0
Nick Boyle,TE,1993-02-17,33.57534246575342,8,NA,0,0,0,0
Aaron Shampklin,RB,1999-10-18,26.90958904109589,3,NA,0,0,0,0
Parker Washington,WR,2002-03-21,24.487671232876714,3,0,0,0,190.67255302460208,181.13892537337196
Johnny Manziel,QB,1992-12-06,33.775342465753425,6,NA,0,0,0,0
Jakeem Grant,WR,1992-10-30,33.87671232876713,8,NA,0,0,0,0
Jaron Brown,WR,1990-01-08,36.68493150684932,9,NA,0,0,0,0
Salvon Ahmed,RB,1998-12-30,27.70958904109589,6,0,0,0,0,0
Tommy Sweeney,TE,1995-07-01,31.208219178082192,6,NA,0,0,0,0
Bryce Williams,TE,1993-02-24,33.556164383561644,6,NA,0,0,0,0
Ryan Whalen,WR,1989-07-26,37.13972602739726,3,NA,0,0,0,0
CeeDee Lamb,WR,1999-04-08,27.438356164383563,6,65.35972549019608,102.90263725490198,4.458333333333334,310.7127927692659,467.897849209234
Michael Gallup,WR,1996-03-04,30.534246575342465,7,NA,0,0,0,0
Bucky Irving,RB,2002-08-19,24.073972602739726,2,50.71695098039217,81.9798431372549,12.366666666666667,247.23796875269417,379.9395310993732
Doug Martin,RB,1989-01-13,37.67123287671233,10,NA,0,0,0,0
De'Anthony Thomas,WR,1993-01-05,33.69315068493151,8,NA,0,0,0,0
Kendall Milton,RB,2002-02-10,24.594520547945205,2,0,0,0,0,0
Jerry Jeudy,WR,1999-04-24,27.394520547945206,6,-9.512901960784314,20.796764705882353,0,15.02316221013136,25.55586684472283
Brent Celek,TE,1985-01-25,41.63835616438356,13,NA,0,0,0,0
Knowshon Moreno,RB,1987-07-16,39.16712328767123,6,NA,0,0,0,0
Tyren Montgomery,WR,NA,NA,0,NA,0,0,0,0
Player Invalid,TE,NA,NA,0,NA,0,0,0,0
Jacob Cowing,WR,2001-02-04,25.610958904109587,2,0,0,0,6.073099183429652,5.769444224258169
Miles Boykin,WR,1996-10-12,29.926027397260274,6,NA,0,0,0,0
Andrew Peacock,WR,1991-01-14,35.66849315068493,1,NA,0,0,0,0
Dorian Singer,WR,2002-10-16,23.915068493150685,1,NA,0,0,0,0
Dante Pettis,WR,1995-10-23,30.895890410958906,8,NA,0,0,0,0
Bralon Addison,WR,1993-10-12,32.92602739726027,6,NA,0,0,0,0
Christian Sims,TE,2001-02-15,25.58082191780822,1,NA,0,0,0,0
Kayshon Boutte,WR,2002-05-07,24.35890410958904,3,3.2833039215686277,0,0,23.24692557676124,25.367883219491805
Rashard Davis,WR,1995-09-14,31.002739726027396,5,NA,0,0,0,0
Dri Archer,RB,1991-08-09,35.1013698630137,6,NA,0,0,0,0
Drew Morgan,WR,1994-12-02,31.786301369863015,5,NA,0,0,0,0
John Ross,WR,1995-11-27,30.8,7,NA,0,0,0,0
Omarion Hampton,RB,2003-03-16,23.5013698630137,1,51.07219607843137,0,0.366666666666668,455.5838880850984,484.2435564259415
Leonard Hankerson,WR,1989-01-30,37.62465753424657,9,NA,0,0,0,0
Jaleel McLaughlin,RB,2000-09-13,26.005479452054793,3,0,-15.472941176470584,0,53.838475561491265,35.67361060694611
Johnny King,WR,1999-09-29,26.96164383561644,1,NA,0,0,0,0
Tevin Jones,WR,1992-12-26,33.72054794520548,6,NA,0,0,0,0
Adam Randall,RB,2004-07-14,22.172602739726027,0,0,0,0,75.68936661041431,71.90489827989359
Chris Pantale,TE,1990-03-22,36.484931506849314,9,NA,0,0,0,0
Ryan Yurachek,TE,1996-08-27,30.052054794520547,4,NA,0,0,0,0
David Watford,WR,1993-06-16,33.249315068493154,6,NA,0,0,0,0
Evan Berry,WR,1995-11-04,30.863013698630137,4,NA,0,0,0,0
Taylor Grimes,WR,2000-03-26,26.473972602739725,1,NA,0,0,0,0
Dalyn Dawkins,RB,1994-12-12,31.75890410958904,4,NA,0,0,0,0
Boston Scott,RB,1995-04-27,31.386301369863013,6,NA,0,0,0,0
Sergio Bailey II,WR,1991-09-07,35.02191780821918,0,NA,0,0,0,0
Devontez Walker,WR,2001-06-19,25.24109589041096,2,0,0,0,5.761722114319452,5.47363600860348
Behren Morton,QB,2002-01-17,24.660273972602738,0,NA,0,0,0,0
Brian Leonard,RB,1984-02-03,42.61369863013699,7,NA,0,0,0,0
David Nelson,WR,1986-11-07,39.85479452054795,5,NA,0,0,0,0
Mickey Shuler,TE,1986-10-09,39.93424657534246,10,NA,0,0,0,0
Jake Stoneburner,TE,1989-08-25,37.057534246575344,7,NA,0,0,0,0
Melvin Gordon,RB,1993-04-13,33.42465753424658,9,NA,0,0,0,0
AJ McCarron,QB,1990-09-13,36.00547945205479,10,NA,0,0,0,0
Ty James,WR,2001-04-06,25.443835616438356,1,NA,0,0,0,0
Oronde Gadsden,TE,2003-06-25,23.224657534246575,1,1.1419117647058776,0,0,83.34492684626521,80.31959226865783
Malcolm Johnson,RB,1992-08-11,34.0958904109589,7,NA,0,0,0,0
Brad Smith,WR,1983-12-12,42.75890410958904,9,NA,0,0,0,0
Luke Sellers,RB,1997-02-05,29.60821917808219,2,NA,0,0,0,0
TaMerik Williams,RB,NA,NA,1,NA,0,0,0,0
Jeff Cumberland,TE,1987-05-02,39.37260273972603,10,NA,0,0,0,0
LaJohntay Wester,WR,2002-03-29,24.465753424657535,1,0,0,0,0,0
D.J. Foster,RB,1993-11-22,32.81369863013698,6,NA,0,0,0,0
Duce Staley,RB,NA,NA,0,NA,0,0,0,0
Rahsul Faison,RB,NA,NA,0,NA,0,0,0,0
DeAngelo Hardy,WR,NA,NA,1,NA,0,0,0,0
Rex Burkhead,RB,1990-07-02,36.205479452054796,10,NA,0,0,0,0
Gabe Hughes,TE,1993-10-15,32.917808219178085,0,NA,0,0,0,0
Kyle Pitts,TE,2000-10-06,25.942465753424656,5,40.16464705882353,0.30485294117647666,-8.941666666666666,228.4231267312603,248.52980372803063
Demario Richard,RB,1996-12-02,29.786301369863015,4,NA,0,0,0,0
Jequez Ezzard,WR,NA,NA,1,NA,0,0,0,0
Dwayne Haskins,QB,1997-05-03,29.36986301369863,3,NA,0,0,0,0
Albert Wilson,WR,1992-07-12,34.178082191780824,9,NA,0,0,0,0
Phillip Andersen,K,1991-04-10,35.43287671232877,3,NA,0,0,0,0
Joshua Lingenfelter,TE,NA,NA,1,NA,0,0,0,0
E.J. Jenkins,TE,1998-11-03,27.865753424657534,3,NA,0,0,0,0
Joe Flacco,QB,1985-01-16,41.66301369863014,18,39.367176470588234,24.61641176470588,0,0,63.983588235294114
Elijah Wellman,TE,1994-09-20,31.986301369863014,4,NA,0,0,0,0
Lincoln Pare,RB,2001-06-29,25.213698630136985,0,NA,0,0,0,0
Bryan Walters,WR,1987-11-04,38.863013698630134,10,NA,0,0,0,0
Jacolby George,WR,2003-01-25,23.638356164383563,1,NA,0,0,0,0
Brett Weaver,TE,NA,NA,0,NA,0,0,0,0
Kevin Dorsey,WR,1990-02-23,36.558904109589044,2,NA,0,0,0,0
Will Johnson,RB,1988-11-14,37.83561643835616,8,NA,0,0,0,0
Will Johnson,TE,1988-11-14,37.83561643835616,8,NA,0,0,0,0
Neal Sterling,TE,1992-01-14,34.66849315068493,7,NA,0,0,0,0
Ife Adeyi,WR,2000-12-05,25.778082191780822,1,NA,0,0,0,0
Chris Harper,WR,1993-12-07,32.772602739726025,5,NA,0,0,0,0
Sean Modster,WR,1995-11-13,30.838356164383562,3,NA,0,0,0,0
Cole Beck,WR,1995-03-15,31.504109589041096,1,NA,0,0,0,0
Charles Clay,TE,1989-02-13,37.586301369863016,11,NA,0,0,0,0
DeAngelo Williams,RB,1983-04-25,43.391780821917806,14,NA,0,0,0,0
Nelson Spruce,WR,1992-12-05,33.778082191780825,6,NA,0,0,0,0
Drew Belcher,TE,1996-04-18,30.410958904109588,3,NA,0,0,0,0
Mo Alie-Cox,TE,1993-09-19,32.989041095890414,9,0,0,0,0,0
Ace Sanders,WR,1991-11-11,34.843835616438355,3,NA,0,0,0,0
Ryan Lankford,WR,1991-12-09,34.76712328767123,1,NA,0,0,0,0
Michael Strachan,WR,1997-08-13,29.09041095890411,4,NA,0,0,0,0
Tyler McDonald,WR,1991-05-09,35.35342465753425,1,NA,0,0,0,0
Ryan Griffin,QB,1989-11-17,36.827397260273976,10,NA,0,0,0,0
Julian Fleming,WR,2000-12-19,25.73972602739726,0,NA,0,0,0,0
Robbie Chosen,WR,1993-05-09,33.35342465753425,10,NA,0,0,0,0
Nikita Whitlock,RB,1991-05-16,35.33424657534247,6,NA,0,0,0,0
Deshaun Fenwick,RB,1999-12-31,26.706849315068492,1,NA,0,0,0,0
John Phillips,TE,1987-06-11,39.26301369863014,13,NA,0,0,0,0
Stephen Anderson,TE,1993-01-30,33.62465753424657,8,NA,0,0,0,0
GJ Kinne,QB,1988-12-01,37.78904109589041,1,NA,0,0,0,0
Marvin Bracy,WR,1993-12-15,32.75068493150685,5,NA,0,0,0,0
Jordan Matthews,TE,1992-07-16,34.16712328767123,11,NA,0,0,0,0
Andrew Jacas,K,NA,NA,0,NA,0,0,0,0
Jordan Cameron,TE,1988-08-07,38.106849315068494,9,NA,0,0,0,0
Mario Alford,WR,1992-02-25,34.553424657534244,5,NA,0,0,0,0
Austin Trainor,QB,NA,NA,0,NA,0,0,0,0
Jordan Wilkins,RB,1994-07-18,32.16164383561644,5,NA,0,0,0,0
Hunter Kampmoyer,TE,1998-02-06,28.605479452054794,3,NA,0,0,0,0
Josh Kelly,WR,2001-07-01,25.208219178082192,1,NA,0,0,0,0
Jon Kitna,QB,1972-09-21,53.983561643835614,24,NA,0,0,0,0
Charlie Whitehurst,QB,1982-08-06,44.10958904109589,14,NA,0,0,0,0
Jake Tonges,TE,1999-07-08,27.18904109589041,4,3.817303921568629,0,0,39.26195046685562,41.11615686508147
Josh Ferguson,RB,1993-05-23,33.31506849315068,6,NA,0,0,0,0
Kalif Phillips,RB,1994-03-22,32.484931506849314,5,NA,0,0,0,0
Steven Montez,QB,1997-01-14,29.66849315068493,3,NA,0,0,0,0
Darrin Reaves,RB,1993-04-17,33.413698630136984,8,NA,0,0,0,0
T.J. Vasher,WR,1998-08-29,28.046575342465754,1,NA,0,0,0,0
Player Invalid,RB,NA,NA,0,NA,0,0,0,0
Max Duggan,QB,2001-03-12,25.512328767123286,1,NA,0,0,0,0
Craig Stevens,TE,1984-09-01,42.038356164383565,12,NA,0,0,0,0
Theo Riddick,RB,1991-05-04,35.367123287671234,9,NA,0,0,0,0
Canon Rooker,K,NA,NA,0,NA,0,0,0,0
Brandon Dillon,TE,1997-04-30,29.378082191780823,4,NA,0,0,0,0
C.J. Conrad,TE,1996-05-09,30.353424657534248,3,NA,0,0,0,0
Kevin Brock,TE,1986-04-09,40.43561643835616,3,NA,0,0,0,0
Mark Chapman,WR,NA,NA,4,NA,0,0,0,0
Brandon Cottom,RB,1992-12-21,33.73424657534247,7,NA,0,0,0,0
Ke'Shawn Williams,WR,2001-12-27,24.71780821917808,1,NA,0,0,0,0
Alexander Hollins,WR,1996-11-24,29.80821917808219,3,NA,0,0,0,0
Dax Raymond,TE,1994-11-30,31.791780821917808,3,NA,0,0,0,0
Brycen Tremayne,WR,1999-11-18,26.824657534246576,3,NA,0,0,0,0
Aaron Green,RB,1992-10-15,33.917808219178085,6,NA,0,0,0,0
Glenn Winston,RB,1989-04-29,37.38082191780822,6,NA,0,0,0,0
Ricky Stanzi,QB,1987-09-03,39.032876712328765,5,NA,0,0,0,0
La'Mical Perine,RB,1998-01-30,28.624657534246577,4,NA,0,0,0,0
Brian Brown,WR,1994-10-22,31.898630136986302,5,NA,0,0,0,0
Darius White,WR,NA,NA,0,NA,0,0,0,0
Algernon Brown,RB,1991-11-26,34.8027397260274,5,NA,0,0,0,0
Keke Coutee,WR,1997-01-14,29.66849315068493,5,NA,0,0,0,0
Pierre Strong Jr.,RB,1998-12-10,27.764383561643836,4,0,0,0,0,0
Jacob Eason,QB,1997-11-17,28.827397260273973,4,NA,0,0,0,0
Matt Weiser,TE,1992-10-07,33.93972602739726,6,NA,0,0,0,0
Mathew Sexton,WR,1997-10-17,28.912328767123288,3,NA,0,0,0,0
Jamie Newman,QB,1997-12-01,28.78904109589041,1,NA,0,0,0,0
Donaven McCulley,WR,2003-01-15,23.665753424657535,0,NA,0,0,0,0
Davis Mills,QB,1998-10-21,27.9013698630137,5,0,0,0,115.19391237394046,109.43421675524344
Caleb Chapman,WR,NA,NA,1,NA,0,0,0,0
Shane Wynn,WR,1992-11-15,33.83287671232877,7,NA,0,0,0,0
Justin Jones,RB,NA,NA,0,NA,0,0,0,0
Adam Prentice,RB,1997-01-16,29.663013698630138,5,NA,0,0,0,0
Josh Ali,WR,1999-03-03,27.536986301369865,2,NA,0,0,0,0
Tevin Reese,WR,1991-01-02,35.701369863013696,1,NA,0,0,0,0
Stephon Robinson,WR,NA,NA,1,NA,0,0,0,0
Ameer Abdullah,RB,1993-06-13,33.25753424657534,11,0,0,0,0,0
Brittan Golden,WR,1988-07-20,38.156164383561645,8,NA,0,0,0,0
Matt Forte,RB,1985-12-10,40.76438356164383,12,NA,0,0,0,0
Dion Lewis,RB,1990-09-27,35.967123287671235,11,NA,0,0,0,0
Anthony Brown,QB,1998-07-27,28.136986301369863,3,NA,0,0,0,0
Drew Lock,QB,1996-11-10,29.846575342465755,7,0,9.073970588235294,0,114.43220500916726,117.78456534694419
Rasheed Williams,RB,NA,NA,11,NA,0,0,0,0
Paul Perkins,RB,1994-11-16,31.83013698630137,6,NA,0,0,0,0
Trey Sermon,RB,1999-01-30,27.624657534246577,5,0,0,0,0,0
Taryn Christion,QB,NA,NA,3,NA,0,0,0,0
Darius Clark,RB,1996-07-06,30.194520547945206,1,NA,0,0,0,0
Blayne Taylor,WR,2002-03-30,24.463013698630135,1,NA,0,0,0,0
Mac Dalena,WR,2001-10-04,24.947945205479453,1,NA,0,0,0,0
Javon Leake,RB,1998-08-01,28.123287671232877,2,NA,0,0,0,0
Joel Bouagnon,RB,1995-03-28,31.46849315068493,5,NA,0,0,0,0
Easton Dean,TE,2004-12-01,21.78904109589041,1,NA,0,0,0,0
Devin Gardner,WR,1991-12-14,34.75342465753425,10,NA,0,0,0,0
Audric Estime,RB,2003-09-06,23.024657534246575,2,0,0,0,56.95042442011524,54.10290319910948
Player Invalid,RB,NA,NA,0,NA,0,0,0,0
Alex Bayer,TE,1990-11-08,35.85205479452055,2,NA,0,0,0,0
Dak Prescott,QB,1993-07-29,33.131506849315066,10,148.12297058823532,23.07202941176471,5.1033333333333335,342.13936700664107,501.33073198964235
Travis Wilson,TE,1993-12-14,32.75342465753425,5,NA,0,0,0,0
Player Invalid,WR,NA,NA,0,NA,0,0,0,0
Connor Shaw,QB,1991-09-19,34.989041095890414,8,NA,0,0,0,0
Ray Rice,RB,1987-01-22,39.64657534246575,6,NA,0,0,0,0
Anthony Fasano,TE,1984-04-20,42.40547945205479,14,NA,0,0,0,0
Antonio Williams,WR,2004-07-14,22.172602739726027,0,0,0,0,23.21618772746939,22.05537834109592
Tyler Simmons,WR,1997-12-30,28.70958904109589,2,NA,0,0,0,0
Dorren Miller,WR,1994-08-03,32.11780821917808,4,NA,0,0,0,0
Ryan Taylor,TE,1987-11-16,38.83013698630137,5,NA,0,0,0,0
Darius Powe,WR,1994-03-15,32.50410958904109,6,NA,0,0,0,0
Hunter Sharp,WR,1994-04-25,32.391780821917806,6,NA,0,0,0,0
Alex McNulty,K,NA,NA,1,NA,0,0,0,0
Chris King,WR,1993-12-13,32.75616438356165,9,NA,0,0,0,0
Matthew Stafford,QB,1988-02-07,38.602739726027394,17,141.3258823529412,34.846058823529425,-5.196666666666667,230.56810725233137,390.0149763995188
Jeremy Stewart,RB,1989-02-17,37.57534246575342,4,NA,0,0,0,0
Johnny Wilson,WR,2001-04-03,25.45205479452055,2,0,0,0,0,0
Damon Gibson,WR,NA,NA,0,NA,0,0,0,0
Khalil Shakir,WR,2000-02-03,26.613698630136987,4,-24.2968431372549,10.40053921568628,-1.9416666666666664,21.194710848359477,4.297004717706216
Justin Crawford,RB,1995-02-19,31.56986301369863,4,NA,0,0,0,0
Noah Gray,TE,1999-04-30,27.378082191780823,5,0,-9.487549019607844,0,29.50453521823597,18.541759437716326
Xazavian Valladay,RB,1998-07-03,28.202739726027396,2,NA,0,0,0,0
De'Quan Hampton,WR,1994-04-18,32.41095890410959,5,NA,0,0,0,0
Parker Houston,TE,1997-12-06,28.775342465753425,2,NA,0,0,0,0
Joe Milton,QB,2000-03-06,26.528767123287672,2,0,0,0,123.88193449897226,117.68783777402363
Ronald Jones,RB,1997-08-03,29.117808219178084,5,NA,0,0,0,0
Chad Williams,WR,1994-10-19,31.90684931506849,5,NA,0,0,0,0
Isaac Zico,WR,1996-06-18,30.243835616438357,3,NA,0,0,0,0
Corey Rucker,WR,2002-06-09,24.268493150684932,0,NA,0,0,0,0
O'Mega Blake,WR,NA,NA,0,NA,0,0,0,0
Justice Hill,RB,1997-11-14,28.835616438356166,7,0,-12.858235294117645,0,59.01868875426346,43.209519022432644
Marquise Williams,QB,1992-10-05,33.945205479452056,9,NA,0,0,0,0
Jacob Hollister,TE,1993-11-18,32.824657534246576,7,NA,0,0,0,0
Earnest Pettway,TE,NA,NA,NA,NA,0,0,0,0
Quan Bray,WR,1993-04-28,33.38356164383562,5,NA,0,0,0,0
Jamaal Pritchett,WR,2003-06-10,23.265753424657536,1,NA,0,0,0,0
Colston Loveland,TE,2004-04-09,22.435616438356163,1,1.624088235294117,0,-8.941666666666666,487.3096960730092,455.62663283798616
Kendall Blanton,TE,1995-11-10,30.846575342465755,4,NA,0,0,0,0
Thomas Sperbeck,WR,1994-10-21,31.9013698630137,5,NA,0,0,0,0
Greg Jones,RB,1981-05-09,45.35342465753425,10,NA,0,0,0,0
Kevin Hogan,QB,1992-10-20,33.9041095890411,7,NA,0,0,0,0
David Glidden,WR,1992-07-10,34.18356164383562,0,NA,0,0,0,0
Codey McElroy,TE,1992-12-13,33.75616438356165,4,NA,0,0,0,0
Rory Anderson,TE,1992-10-02,33.95342465753425,7,NA,0,0,0,0
Anthony Nash,WR,1993-09-20,32.986301369863014,5,NA,0,0,0,0
Calvin Tyler,RB,1998-09-23,27.97808219178082,1,NA,0,0,0,0
Milton Williams,WR,1994-03-07,32.52602739726027,10,NA,0,0,0,0
Chad Henne,QB,1985-07-02,41.205479452054796,15,NA,0,0,0,0
James Cook,RB,1999-09-25,26.972602739726028,4,158.52873529411767,115.46320588235297,-1.041666666666666,342.8853023134287,598.6913117075612
Darren Andrews,WR,NA,NA,4,NA,0,0,0,0
Jaden Nixon,RB,NA,NA,0,NA,0,0,0,0
Harold Spears,TE,1992-03-09,34.52054794520548,10,NA,0,0,0,0
Stone Eby,TE,NA,NA,0,NA,0,0,0,0
Reid Sinnett,QB,1997-02-05,29.60821917808219,3,NA,0,0,0,0
Hasise Dubois,WR,NA,NA,0,NA,0,0,0,0
Jaren Hall,QB,1998-03-24,28.47945205479452,2,NA,0,0,0,0
Jalen Morton,QB,1997-07-06,29.194520547945206,2,NA,0,0,0,0
Jarrett Guarantano,QB,1997-11-04,28.863013698630137,1,NA,0,0,0,0
Jahan Dotson,WR,2000-03-22,26.484931506849314,4,0,0,0,8.322328641476021,7.90621220940222
Jashaun Corbin,RB,2000-08-20,26.07123287671233,4,NA,0,0,0,0
JaQuan Hardy,RB,1997-12-31,28.706849315068492,1,NA,0,0,0,0
Cole Hunt,TE,1995-05-30,31.295890410958904,4,NA,0,0,0,0
Isaiah Wright,WR,1997-01-13,29.671232876712327,2,NA,0,0,0,0
Ben Johnson,TE,1994-07-28,32.134246575342466,4,NA,0,0,0,0
Corey Brown,WR,1991-12-16,34.74794520547945,6,NA,0,0,0,0
Jesper Horsted,TE,1997-02-27,29.54794520547945,5,NA,0,0,0,0
Will Ferrin,K,NA,NA,0,NA,0,0,0,0
Tanner Brown,K,1999-12-28,26.715068493150685,3,NA,0,0,0,0
Khalid Abdullah,RB,1995-05-14,31.339726027397262,5,NA,0,0,0,0
Marc Mariani,WR,1987-05-02,39.37260273972603,10,NA,0,0,0,0
Tyler Kahmann,WR,2000-10-15,25.91780821917808,1,NA,0,0,0,0
Brevin Easton,WR,2001-01-01,25.704109589041096,1,NA,0,0,0,0
Robert Henry,RB,2001-12-31,24.706849315068492,0,NA,0,0,0,0
John David Moore,RB,1995-05-30,31.295890410958904,4,NA,0,0,0,0
Player Invalid,WR,NA,NA,0,NA,0,0,0,0
Efton Chism,WR,2001-10-26,24.887671232876713,1,0,0,0,3.5562301047970566,3.378418599557204
Rodney Smith,WR,1990-03-11,36.515068493150686,7,NA,0,0,0,0
Blake Proehl,WR,1999-01-12,27.673972602739727,2,NA,0,0,0,0
Alex Gray,TE,1991-05-01,35.37534246575343,5,NA,0,0,0,0
Jamaal Jones,WR,1993-01-31,33.62191780821918,6,NA,0,0,0,0
Jauan Jennings,WR,1997-07-10,29.183561643835617,6,36.07121568627452,16.189754901960786,0,13.335699412563145,64.9298850301703
Keenan Reynolds,WR,1993-12-13,32.75616438356165,6,NA,0,0,0,0
Rachaad White,RB,1999-01-12,27.673972602739727,4,17.796352941176472,54.14998039215688,0,81.04257529139872,148.93677986016212
Cole Hedlund,K,1995-03-15,31.504109589041096,3,NA,0,0,0,0
Malik Washington,WR,2001-01-04,25.695890410958903,2,-12.140656862745097,0,0,15.810221113424532,2.8790531950082077
James Washington,WR,1996-04-02,30.454794520547946,6,NA,0,0,0,0
Kyron Drones,QB,2003-07-24,23.145205479452056,0,NA,0,0,0,0
Hamze El-Zayat,WR,1999-10-19,26.90684931506849,1,NA,0,0,0,0
Armon Binns,WR,1989-09-08,37.01917808219178,3,NA,0,0,0,0
Jerome Cunningham,TE,1991-05-25,35.30958904109589,8,NA,0,0,0,0
Travis Toivonen,WR,1998-04-22,28.4,1,NA,0,0,0,0
Anquan Boldin,WR,1980-10-03,45.95068493150685,17,NA,0,0,0,0
Darrius Shepherd,WR,1995-11-01,30.87123287671233,4,NA,0,0,0,0
Ahmarean Brown,WR,2000-12-19,25.73972602739726,1,NA,0,0,0,0
Jean Sifrin,TE,1987-07-23,39.14794520547945,1,NA,0,0,0,0
Sam Darnold,QB,1997-06-05,29.279452054794522,8,75.01241176470589,111.76450980392156,-9.776666666666667,289.059219046327,451.6065129959714
Ja'Quan Gardner,RB,NA,NA,4,NA,0,0,0,0
Charlie Jones,WR,1998-10-29,27.87945205479452,3,0,0,0,0,0
DeShone Kizer,QB,1995-01-03,31.698630136986303,5,NA,0,0,0,0
Mike Gillislee,RB,1990-11-01,35.87123287671233,9,NA,0,0,0,0
Robert Griffin,QB,1990-02-12,36.58904109589041,10,NA,0,0,0,0
Tanner McLachlan,TE,1999-03-15,27.504109589041096,2,0,0,0,0,0
Zack Annexstad,QB,2000-04-16,26.416438356164385,1,NA,0,0,0,0
Emani Bailey,RB,2001-11-28,24.797260273972604,1,NA,0,0,0,0
Andy Dalton,QB,1987-10-29,38.87945205479452,15,-6.062303921568628,2.901774509803922,0,0,-3.160529411764706
Jayden Reed,WR,2000-04-28,26.383561643835616,3,0,3.996931372549021,0,30.146354495706845,32.63596814347052
Seth Williams,WR,2000-04-10,26.432876712328767,4,NA,0,0,0,0
Michael Johnson,WR,1991-09-10,35.013698630136986,10,NA,0,0,0,0
Patrick Skov,RB,1992-07-21,34.153424657534245,0,NA,0,0,0,0
Toben Opurum,RB,1990-11-18,35.824657534246576,7,NA,0,0,0,0
Jordan Todman,RB,1990-02-24,36.556164383561644,9,NA,0,0,0,0
Romello Brooker,TE,1995-12-11,30.76164383561644,3,NA,0,0,0,0
Adam Fuehne,TE,1993-03-23,33.48219178082192,0,NA,0,0,0,0
Corbin Louks,WR,1989-04-10,37.43287671232877,10,NA,0,0,0,0
Greg Zuerlein,K,1987-12-27,38.71780821917808,13,NA,0,0,0,0
Dylan Soehner,TE,1997-11-08,28.852054794520548,1,NA,0,0,0,0
Michael Herzog,RB,NA,NA,1,NA,0,0,0,0
Jason Brownlee,WR,1999-01-30,27.624657534246577,3,NA,0,0,0,0
Reggie Wayne,WR,1978-11-17,47.827397260273976,14,NA,0,0,0,0
Travis Labhart,WR,1991-01-20,35.652054794520545,1,NA,0,0,0,0
JoJo Natson,WR,1994-02-01,32.61917808219178,5,NA,0,0,0,0
Bruce Anderson,RB,1997-06-20,29.23835616438356,3,NA,0,0,0,0
Ja'Corey Brooks,WR,2001-10-31,24.873972602739727,1,NA,0,0,0,0
Je'Ron Hamm,TE,1992-06-15,34.25205479452055,8,NA,0,0,0,0
Anders Carlson,K,1998-06-16,28.24931506849315,2,0,8.28921568627451,0,0,8.28921568627451
Pharoh Cooper,WR,1995-03-07,31.526027397260275,7,NA,0,0,0,0
Quinton Flowers,QB,1994-12-02,31.786301369863015,4,NA,0,0,0,0
Gee Scott,TE,2000-12-28,25.715068493150685,1,NA,0,0,0,0
Jahwan Edwards,RB,1992-07-27,34.136986301369866,10,NA,0,0,0,0
Daikiel Shorts,WR,1994-10-06,31.942465753424656,5,NA,0,0,0,0
LeShun Daniels,RB,1995-06-04,31.28219178082192,5,NA,0,0,0,0
Chris Brooks,RB,2000-01-11,26.676712328767124,3,0,0,0,64.5899482792007,61.36045086524066
Christian Wade,RB,1991-05-15,35.33698630136986,3,NA,0,0,0,0
Chris Evans,RB,1997-10-05,28.945205479452056,4,0,0,0,0,0
Jermaine Gresham,TE,1988-06-16,38.249315068493154,12,NA,0,0,0,0
Roddy White,WR,1981-11-02,44.868493150684934,15,NA,0,0,0,0
Dylan Laube,RB,1999-12-14,26.753424657534246,2,0,0,0,0,0
Andrew Beck,RB,1996-05-15,30.336986301369862,7,NA,0,0,0,0
Kadarius Toney,WR,1999-01-27,27.632876712328766,3,0,0,0,0,0
Quez Watkins,WR,1998-06-09,28.268493150684932,6,0,0,0,0,0
Quinton Patton,WR,1990-08-09,36.1013698630137,7,NA,0,0,0,0
Malcom Floyd,WR,1981-09-08,45.01917808219178,16,NA,0,0,0,0
Sione Houma,RB,1994-06-21,32.23561643835617,9,NA,0,0,0,0
Anthony Boone,QB,1991-10-29,34.87945205479452,11,NA,0,0,0,0
Antwaan Randle El,WR,1979-08-17,47.07945205479452,9,NA,0,0,0,0
Jaden Smith,WR,2001-12-13,24.756164383561643,1,NA,0,0,0,0
Cade Otton,TE,1999-04-15,27.41917808219178,4,4.729607843137254,18.089343137254907,0,48.671343495291886,69.05672730091945
Adrian Coxson,WR,1991-08-14,35.087671232876716,10,NA,0,0,0,0
Ryan Williams,RB,1990-04-09,36.43561643835616,2,NA,0,0,0,0
Marquis Young,RB,1995-02-11,31.59178082191781,3,NA,0,0,0,0
Derrick Deese,TE,1998-08-19,28.073972602739726,2,NA,0,0,0,0
Davis Webb,QB,1995-01-22,31.646575342465752,6,NA,0,0,0,0
Kenny Fletcher,TE,NA,NA,0,NA,0,0,0,0
Chris Moore,WR,1993-06-16,33.249315068493154,10,NA,0,0,0,0
Stephen Sullivan,TE,1996-11-28,29.797260273972604,5,NA,0,0,0,0
Alfred Blue,RB,1991-04-27,35.38630136986301,8,NA,0,0,0,0
Corey Taylor,RB,1997-07-04,29.2,1,NA,0,0,0,0
Darnell Holland,RB,1996-11-06,29.85753424657534,3,NA,0,0,0,0
Brenden Bates,TE,1999-10-17,26.912328767123288,2,NA,0,0,0,0
Ernst Brun,TE,1990-12-04,35.78082191780822,10,NA,0,0,0,0
CJ Williams,WR,2003-10-23,22.895890410958906,0,NA,0,0,0,0
Jalin Conyers,TE,2001-07-26,25.13972602739726,1,NA,0,0,0,0
Lucky Whitehead,WR,1992-06-02,34.28767123287671,5,NA,0,0,0,0
T.J. Linta,QB,NA,NA,3,NA,0,0,0,0
Willie Snead,WR,1992-10-17,33.912328767123284,10,NA,0,0,0,0
Brandon Bolden,RB,1990-01-26,36.635616438356166,12,NA,0,0,0,0
Nick Rose,K,1994-05-05,32.364383561643834,6,NA,0,0,0,0
C.J. Germany,WR,NA,NA,5,NA,0,0,0,0
CJ Daniels,WR,2002-01-04,24.695890410958903,0,0,0,0,4.960850397843272,4.712807877951108
A.J. Derby,TE,1991-09-20,34.986301369863014,7,NA,0,0,0,0
E.J. Williams,WR,2001-11-14,24.835616438356166,0,NA,0,0,0,0
John Conner,RB,1987-06-08,39.271232876712325,10,NA,0,0,0,0
Connor Jessop,QB,NA,NA,4,NA,0,0,0,0
Giovanni Ricci,TE,1996-10-16,29.915068493150685,6,NA,0,0,0,0
Dontez Byrd,WR,1995-08-09,31.101369863013698,4,NA,0,0,0,0
Ryan Otten,TE,1990-04-07,36.441095890410956,1,NA,0,0,0,0
Clayton Echard,TE,1993-04-29,33.38082191780822,0,NA,0,0,0,0
Tre'Quan Smith,WR,1996-01-07,30.687671232876713,6,NA,0,0,0,0
Kimani Vidal,RB,2001-08-28,25.04931506849315,2,-1.003127450980393,0,0,78.24434546008808,73.3290007361033
Gary Jennings,WR,1997-03-07,29.526027397260275,4,NA,0,0,0,0
Jamari Staples,WR,1994-09-10,32.013698630136986,5,NA,0,0,0,0
Josh Cuevas,TE,2003-09-15,23,0,NA,0,0,0,0
Wes Welker,WR,1981-05-01,45.37534246575343,16,NA,0,0,0,0
Jerand Bradley,WR,2002-10-10,23.931506849315067,0,NA,0,0,0,0
Jack Endries,TE,2004-03-26,22.473972602739725,0,0,0,0,34.782471392114054,33.04334782250835
Fitzgerald Toussaint,RB,1990-05-04,36.367123287671234,6,NA,0,0,0,0
Ray Agnew,RB,1993-05-17,33.33150684931507,1,NA,0,0,0,0
Matt Jones,RB,1993-03-07,33.52602739726027,5,NA,0,0,0,0
Trinity Benson,WR,1997-01-16,29.663013698630138,4,NA,0,0,0,0
Brandon Barden,TE,1989-03-15,37.50410958904109,2,NA,0,0,0,0
Isaiah Pead,RB,1989-12-14,36.75342465753425,8,NA,0,0,0,0
Tory Carter,RB,1999-03-16,27.5013698630137,1,NA,0,0,0,0
Gavin Holmes,WR,1998-09-29,27.96164383561644,1,NA,0,0,0,0
Trevon Clark,WR,1999-09-27,26.96712328767123,1,NA,0,0,0,0
Thyrick Pitts,WR,1999-04-08,27.438356164383563,1,NA,0,0,0,0
Khalil Herbert,RB,1998-04-21,28.4027397260274,5,0,0,0,0,0
Harrison Butker,K,1995-07-14,31.172602739726027,9,14.335784313725496,16.43774509803922,-0.4166666666666661,0,30.35686274509805
Steven Sims,WR,1997-03-31,29.46027397260274,7,NA,0,0,0,0
Ryan Mueller,RB,1991-04-30,35.37808219178082,10,NA,0,0,0,0
Ko Kieft,TE,1998-01-20,28.65205479452055,4,NA,0,0,0,0
Dai'Jean Dixon,WR,1998-10-16,27.915068493150685,2,NA,0,0,0,0
Tyjon Lindsey,WR,1999-01-07,27.687671232876713,1,NA,0,0,0,0
Vance McDonald,TE,1990-06-13,36.25753424657534,9,NA,0,0,0,0
Michael Burton,RB,1992-02-01,34.61917808219178,11,NA,0,0,0,0
Sandro Platzgummer,RB,1997-03-10,29.517808219178082,3,NA,0,0,0,0
Paul Quessenberry,TE,1992-01-08,34.68493150684932,2,NA,0,0,0,0
Jaxon Smith-Njigba,WR,2002-02-14,24.583561643835615,3,188.08034313725491,75.9097254901961,15.258333333333333,471.9170758284233,727.5696239977865
Lew Nichols,RB,2001-08-16,25.08219178082192,3,NA,0,0,0,0
Isaiah Davis,RB,2002-02-21,24.564383561643837,2,0,0,0,74.14589478005456,70.43860004105183
Jaylen Waddle,WR,1998-11-25,27.805479452054794,5,26.26127450980393,13.487078431372549,-7.608333333333333,163.48164283568238,187.44758030174137
Cedric Benson,RB,1982-12-28,43.71506849315068,0,NA,0,0,0,0
Player Invalid,RB,NA,NA,0,NA,0,0,0,0
Derrius Guice,RB,1997-06-21,29.235616438356164,4,NA,0,0,0,0
Juron Criner,WR,1989-12-12,36.75890410958904,2,NA,0,0,0,0
Trevor Graham,WR,1989-07-27,37.136986301369866,8,NA,0,0,0,0
Jahdae Walker,WR,2002-07-05,24.197260273972603,1,0,0,0,6.48567429095389,6.161390576406195
Jalen Wydermyer,TE,2000-12-20,25.736986301369864,1,NA,0,0,0,0
Trevion Thompson,WR,1995-11-14,30.835616438356166,3,NA,0,0,0,0
Thomas Duarte,TE,1995-03-30,31.463013698630135,6,NA,0,0,0,0
Darrius Heyward-Bey,WR,1987-02-26,39.55068493150685,13,NA,0,0,0,0
Donteea Dye,WR,1993-08-20,33.07123287671233,5,NA,0,0,0,0
Jacardia Wright,RB,2000-09-26,25.96986301369863,1,NA,0,0,0,0
Gabe Marks,WR,1994-08-06,32.10958904109589,5,NA,0,0,0,0
Landon Parker,WR,1999-09-02,27.035616438356165,1,NA,0,0,0,0
David Durden,WR,1998-12-26,27.720547945205478,1,NA,0,0,0,0
Noah Thomas,WR,2004-01-13,22.671232876712327,0,NA,0,0,0,0
Justin Manton,K,1992-06-28,34.21643835616438,10,NA,0,0,0,0
Jalen Hurd,WR,1996-01-24,30.64109589041096,4,NA,0,0,0,0
Courtney Roby,WR,1983-01-10,43.679452054794524,8,NA,0,0,0,0
Brenen Thompson,WR,2003-07-25,23.14246575342466,0,0,0,0,9.57309903829614,9.094444086381333
Gabriel Benyard,WR,NA,NA,0,NA,0,0,0,0
Maurice Harris,WR,1992-11-11,33.843835616438355,6,NA,0,0,0,0
Matt LaCosse,TE,1992-09-21,33.983561643835614,7,NA,0,0,0,0
Matt Lengel,TE,1990-12-27,35.71780821917808,7,NA,0,0,0,0
Manny Wilkins,QB,1995-11-05,30.86027397260274,3,NA,0,0,0,0
Steven Mitchell,WR,1994-05-02,32.37260273972603,4,NA,0,0,0,0
Dominick Wood-Anderson,TE,1998-02-09,28.5972602739726,2,NA,0,0,0,0
Brian Hoyer,QB,1985-10-13,40.92328767123288,15,NA,0,0,0,0
Vincent Jackson,WR,1983-01-14,43.66849315068493,15,NA,0,0,0,0
Clyde Edwards-Helaire,RB,1999-04-11,27.43013698630137,6,0,0,0,0,0
Brian Lewerke,QB,1996-10-24,29.893150684931506,2,NA,0,0,0,0
Julius Davis,RB,NA,NA,0,NA,0,0,0,0
Justin Joly,TE,2004-07-09,22.186301369863013,0,0,0,0,41.20763941978394,39.14725744879474
Malik Earl,WR,1996-03-08,30.523287671232875,4,NA,0,0,0,0
Austin Reed,QB,2000-02-22,26.561643835616437,2,NA,0,0,0,0
Jaelon Darden,WR,1999-01-14,27.66849315068493,4,0,0,0,0,0
Dakereon Joyner,WR,2000-05-24,26.312328767123287,1,NA,0,0,0,0
Levonte Whitfield,WR,NA,NA,0,NA,0,0,0,0
Silas Redd,RB,1992-03-01,34.54246575342466,3,NA,0,0,0,0
Younghoe Koo,K,1994-08-03,32.11780821917808,9,2.7102941176470594,8.843137254901967,0,0,11.553431372549026
Troy Fumagalli,TE,1995-02-17,31.575342465753426,6,NA,0,0,0,0
Brandin Cooks,WR,1993-09-25,32.97260273972603,12,0,0,0,0,0
Derek Carrier,TE,1990-07-25,36.14246575342466,10,NA,0,0,0,0
Ben Roberts,WR,1992-09-07,34.02191780821918,0,NA,0,0,0,0
Travon McMillian,RB,1996-02-05,30.60821917808219,3,NA,0,0,0,0
Daniel Jones,QB,1997-05-27,29.304109589041097,7,82.96889215686275,8.803098039215687,0,237.04380652355331,316.9636063934541
Travis Koontz,TE,NA,NA,1,NA,0,0,0,0
Peter LeBlanc,WR,2001-04-12,25.427397260273974,1,NA,0,0,0,0
Deontay Burnett,WR,1997-10-04,28.947945205479453,6,NA,0,0,0,0
Eddie Royal,WR,1986-05-21,40.320547945205476,12,NA,0,0,0,0
Jesse James,TE,1994-06-04,32.28219178082192,8,NA,0,0,0,0
Justin Thomas,WR,1991-09-15,35,0,NA,0,0,0,0
Eli Raridon,TE,2004-02-12,22.589041095890412,0,0,0,0,87.49649484790523,83.12167010550996
Riley Sharp,TE,1997-11-07,28.854794520547944,1,NA,0,0,0,0
Andy Phillips,K,1989-05-18,37.32876712328767,5,NA,0,0,0,0
Marken Michel,WR,1993-07-06,33.1945205479452,7,NA,0,0,0,0
James Looney,TE,1995-05-15,31.336986301369862,4,NA,0,0,0,0
Jared Scott,TE,1999-05-10,27.350684931506848,2,NA,0,0,0,0
Shelton Gibson,WR,1994-03-20,32.49041095890411,5,NA,0,0,0,0
David Johnson,RB,1991-12-16,34.74794520547945,8,NA,0,0,0,0
Darrynton Evans,RB,1998-07-09,28.186301369863013,5,NA,0,0,0,0
Miles Davis,RB,1999-10-01,26.956164383561642,0,NA,0,0,0,0
Matt Cassel,QB,1982-05-17,44.33150684931507,17,NA,0,0,0,0
Xavier Jones,RB,1997-08-24,29.06027397260274,2,NA,0,0,0,0
Avius Capers,WR,1992-05-30,34.295890410958904,1,NA,0,0,0,0
T.J. Hockenson,TE,1997-07-03,29.202739726027396,7,-17.097676470588237,14.340784313725491,0,44.509466641393864,39.52710115246142
Harvey Binford,WR,1991-01-20,35.652054794520545,6,NA,0,0,0,0
Paul Lasike,RB,1990-06-18,36.24383561643835,7,NA,0,0,0,0
Ryan Fitzgerald,K,2000-08-13,26.09041095890411,1,NA,0,0,0,0
Austin Jones,RB,2001-02-07,25.602739726027398,1,NA,0,0,0,0
Tarvaris Jackson,QB,1983-04-21,43.4027397260274,14,NA,0,0,0,0
Chad Ryland,K,1999-10-15,26.91780821917808,3,-4.9985294117647054,-1.644117647058824,0,0,-6.642647058823529
Andre Williams,RB,1992-08-28,34.04931506849315,6,NA,0,0,0,0
Gio Pascascio,WR,1994-11-10,31.846575342465755,5,NA,0,0,0,0
Cierre Wood,RB,1991-02-21,35.56438356164384,7,NA,0,0,0,0
TreVeyon Henderson,RB,2002-10-22,23.898630136986302,1,18.308990196078422,0,0,247.68688015775732,253.61152634594785
Tony Moeaki,TE,1987-06-08,39.271232876712325,10,NA,0,0,0,0
Colin Kaepernick,QB,1987-11-03,38.865753424657534,11,NA,0,0,0,0
J.D. McKissic,RB,1993-08-15,33.084931506849315,7,NA,0,0,0,0
Cole Murphy,K,NA,NA,3,NA,0,0,0,0
Alex Kessman,K,1998-01-02,28.7013698630137,1,NA,0,0,0,0
C.J. Beathard,QB,1993-11-16,32.83013698630137,9,NA,0,0,0,0
Miles Kitselman,TE,2002-09-25,23.972602739726028,0,NA,0,0,0,0
Miller Moss,QB,2002-03-19,24.493150684931507,0,NA,0,0,0,0
J.J. Jones,WR,NA,NA,0,NA,0,0,0,0
Brandon LaFell,WR,1986-11-04,39.863013698630134,12,NA,0,0,0,0
Darrel Young,RB,1987-04-08,39.43835616438356,11,NA,0,0,0,0
Isaac Nauta,TE,1997-05-21,29.32054794520548,3,NA,0,0,0,0
Rondale Moore,WR,2000-06-09,26.268493150684932,5,0,0,0,0,0
Jimmy Clausen,QB,1987-09-21,38.983561643835614,10,NA,0,0,0,0
Jalen Moss,WR,NA,NA,0,NA,0,0,0,0
Jared Cook,TE,1987-04-07,39.441095890410956,13,NA,0,0,0,0
Marcus Major,RB,2000-11-14,25.835616438356166,1,NA,0,0,0,0
I'Tavius Mathers,RB,1993-11-19,32.821917808219176,5,NA,0,0,0,0
Ethan Wolf,TE,1995-11-07,30.854794520547944,4,NA,0,0,0,0
Elijah Sarratt,WR,2003-05-28,23.301369863013697,0,0,0,0,20.11132012069457,19.10575411465984
Cameron Marshall,RB,1991-10-14,34.92054794520548,1,NA,0,0,0,0
Isaac TeSlaa,WR,2002-02-20,24.567123287671233,1,0,0,0,18.34522530098788,17.427964035938487
Phillip Lindsay,RB,1994-07-24,32.14520547945205,4,NA,0,0,0,0
D'Andre Swift,RB,1999-01-14,27.66849315068493,6,82.91904901960785,34.60021568627452,21.458333333333332,186.7393339459786,316.37996528789535
Kaden Smith,TE,1997-04-24,29.394520547945206,4,NA,0,0,0,0
Greg Orton,WR,1986-12-17,39.74520547945205,1,NA,0,0,0,0
Geno Smith,QB,1990-10-10,35.93150684931507,13,5.042980392156858,46.48556862745099,0,130.51619773606308,175.51893686886777
Ryan Becker,TE,1997-12-23,28.72876712328767,2,NA,0,0,0,0
Corey Kiner,RB,2002-01-21,24.649315068493152,1,NA,0,0,0,0
Kahlil Lewis,WR,1997-08-31,29.041095890410958,3,NA,0,0,0,0
Tua Tagovailoa,QB,1998-03-02,28.53972602739726,6,11.317950980392158,40.48041176470588,0,130.610793898605,175.8786169487728
Devin Singletary,RB,1997-09-03,29.03287671232877,7,-2.063392156862746,-7.984558823529409,0,55.447620419662535,42.62728841828725
Marshaun Coprich,RB,1994-08-10,32.0986301369863,9,NA,0,0,0,0
RJ Mobley,WR,NA,NA,1,NA,0,0,0,0
Ito Smith,RB,1995-09-11,31.01095890410959,4,NA,0,0,0,0
Rushel Shell,RB,1993-09-07,33.02191780821918,5,NA,0,0,0,0
Jabari Small,RB,2001-01-31,25.621917808219177,2,NA,0,0,0,0
Caullin Lacy,WR,2001-12-22,24.731506849315068,0,NA,0,0,0,0
Jalen Hurts,QB,1998-08-07,28.106849315068494,6,136.05674509803922,134.0574215686275,14.423333333333332,450.3709365021408,712.3898896770338
Brett Hundley,QB,1993-06-15,33.25205479452055,8,NA,0,0,0,0
Josh Rounds,RB,1993-10-11,32.92876712328767,5,NA,0,0,0,0
Omari Evans,WR,2003-12-31,22.706849315068492,0,NA,0,0,0,0
Mike Brown,WR,1989-02-09,37.5972602739726,3,NA,0,0,0,0
Duron Carter,WR,1991-03-22,35.484931506849314,1,NA,0,0,0,0
Sergio Castillo,K,1990-11-01,35.87123287671233,8,NA,0,0,0,0
Brandon Marshall,WR,1984-03-23,42.48219178082192,16,NA,0,0,0,0
Dylan Devezin,RB,NA,NA,0,NA,0,0,0,0
Chris Ogbonnaya,RB,1986-05-05,40.364383561643834,5,NA,0,0,0,0
Ramiz Ahmed,K,1995-07-27,31.136986301369863,4,NA,0,0,0,0
Josh Lenz,WR,1990-09-22,35.98082191780822,1,NA,0,0,0,0
Tra Barnett,RB,1997-09-14,29.002739726027396,0,NA,0,0,0,0
Zach Wilson,QB,1999-08-03,27.117808219178084,5,0,0,0,0,0
Larry Pinkard,WR,1992-02-25,34.553424657534244,7,NA,0,0,0,0
Elijah Mitchell,RB,1998-05-02,28.372602739726027,5,0,0,0,0,0
Case Cookus,QB,1995-10-06,30.942465753424656,3,NA,0,0,0,0
Adonis Jennings,WR,1995-12-31,30.706849315068492,4,NA,0,0,0,0
Diontae Spencer,WR,1992-03-19,34.49315068493151,9,NA,0,0,0,0
Devontae Booker,RB,1992-05-27,34.3041095890411,6,NA,0,0,0,0
Damien Alford,WR,2001-04-06,25.443835616438356,0,NA,0,0,0,0
Tyler Snead,WR,2000-02-01,26.61917808219178,1,NA,0,0,0,0
Seth Henigan,QB,2003-03-10,23.517808219178082,1,NA,0,0,0,0
Hakeem Valles,TE,1992-11-23,33.81095890410959,6,NA,0,0,0,0
Dustin Hopkins,K,1990-10-01,35.95616438356164,12,NA,0,0,0,0
Deon Butler,TE,1986-01-04,40.6958904109589,0,NA,0,0,0,0
Robert Lewis,WR,2002-01-17,24.660273972602738,1,NA,0,0,0,0
Rian Lindell,K,1977-01-20,49.652054794520545,14,NA,0,0,0,0
Isaiah Zuber,WR,1997-04-15,29.41917808219178,3,NA,0,0,0,0
Ladd McConkey,WR,2001-11-11,24.843835616438355,2,19.0695,76.16735294117649,8.258333333333333,204.0418559992556,297.3349494738026
Steve Maneri,TE,1988-03-20,38.49041095890411,5,NA,0,0,0,0
Demond Claiborne,RB,2003-10-09,22.934246575342467,0,0,0,0,83.62750909440356,79.44613363968338
Player Invalid,TE,NA,NA,0,NA,0,0,0,0
Ricky White,WR,2002-02-06,24.605479452054794,1,NA,0,0,0,0
Brian Robinson Jr.,RB,1999-03-22,27.484931506849314,4,0,27.01093137254903,0,78.50094436636105,101.58682852059204
Robert Burns,RB,1998-09-25,27.972602739726028,2,NA,0,0,0,0
Tyler Mabry,TE,1996-11-21,29.816438356164383,5,NA,0,0,0,0
Rob Gronkowski,TE,1989-05-14,37.33972602739726,12,NA,0,0,0,0
Dae'Quan Wright,TE,2003-09-21,22.983561643835618,0,NA,0,0,0,0
Casey Washington,WR,2001-03-06,25.528767123287672,2,0,0,0,0,0
Felton Davis,WR,1997-02-25,29.553424657534247,3,NA,0,0,0,0
Devine Ozigbo,RB,1996-10-02,29.953424657534246,4,NA,0,0,0,0
Jake Browning,QB,1996-04-11,30.43013698630137,7,0,0,0,0,0
Ethan Garbers,QB,2002-07-28,24.134246575342466,1,NA,0,0,0,0
Clayton Wilson,TE,1994-08-01,32.12328767123287,4,NA,0,0,0,0
Mason Fine,QB,1997-04-19,29.40821917808219,0,NA,0,0,0,0
Player Invalid,QB,NA,NA,0,NA,0,0,0,0
Zach Gentry,TE,1996-09-10,30.013698630136986,5,NA,0,0,0,0
Ishmael Zamora,WR,1995-11-26,30.802739726027397,5,NA,0,0,0,0
Moral Stephens,TE,NA,NA,3,NA,0,0,0,0
Johnny Stanton,RB,1994-09-07,32.02191780821918,4,NA,0,0,0,0
Martez Carter,RB,1993-03-08,33.52328767123288,4,NA,0,0,0,0
Corey Washington,WR,1991-12-29,34.71232876712329,8,NA,0,0,0,0
Brandon Hayes,WR,NA,NA,0,NA,0,0,0,0
Deion Hankins,RB,2000-09-13,26.005479452054793,1,NA,0,0,0,0
Alshon Jeffery,WR,1990-02-14,36.583561643835615,10,NA,0,0,0,0
Micah Wright,WR,NA,NA,3,NA,0,0,0,0
Sam Ehlinger,QB,1998-09-30,27.958904109589042,5,0,0,0,0,0
Player Invalid,WR,NA,NA,0,NA,0,0,0,0
Nico Evans,RB,1996-05-31,30.293150684931508,3,NA,0,0,0,0
Shane Carden,QB,1991-11-06,34.85753424657534,10,NA,0,0,0,0
Cole Wick,TE,1993-11-30,32.79178082191781,6,NA,0,0,0,0
J'Mar Smith,QB,1996-09-24,29.975342465753425,2,NA,0,0,0,0
Jeff Wilson Jr.,RB,1995-11-16,30.83013698630137,8,0,0,0,0,0
Jermaine Terry,TE,NA,NA,1,NA,0,0,0,0
DeaMonte Trayanum,RB,2002-01-02,24.7013698630137,0,NA,0,0,0,0
Hunter Luepke,RB,2000-02-28,26.545205479452054,3,NA,0,0,0,0
Keon Hatcher,WR,1994-09-11,32.010958904109586,5,NA,0,0,0,0
Davion Davis,WR,1996-10-23,29.895890410958906,5,NA,0,0,0,0
Brandon Shippen,WR,1994-05-17,32.33150684931507,6,NA,0,0,0,0
Barrett Burns,TE,1994-03-16,32.5013698630137,1,NA,0,0,0,0
Chandler Harnish,QB,1988-07-28,38.134246575342466,1,NA,0,0,0,0
Rome Odunze,WR,2002-06-03,24.284931506849315,2,30.84297058823531,-4.053970588235293,0,204.43195814865567,220.9993602412229
Cameron Batson,WR,1995-12-20,30.736986301369864,4,NA,0,0,0,0
Player Invalid,TE,NA,NA,0,NA,0,0,0,0
Johnnie Dixon,WR,1994-09-16,31.997260273972604,3,NA,0,0,0,0
Tyrell Williams,WR,1992-02-12,34.58904109589041,7,NA,0,0,0,0
Michael Wilson,WR,2000-02-23,26.55890410958904,3,58.87407843137255,0,-0.3416666666666668,93.18989894404382,147.0628157615475
Dominique Davis,QB,1989-07-17,37.16438356164384,1,NA,0,0,0,0
Erik Krommenhoek,TE,NA,NA,1,NA,0,0,0,0
Elijhah Badger,WR,2001-08-15,25.084931506849315,1,NA,0,0,0,0
Mohamed Sanu,WR,1989-08-22,37.06575342465754,10,NA,0,0,0,0
Geor'Quarius Spivey,TE,1999-10-06,26.942465753424656,1,NA,0,0,0,0
Xavier Loyd,WR,2003-03-11,23.515068493150686,0,NA,0,0,0,0
DeAngelo Yancey,WR,1994-11-18,31.824657534246576,5,NA,0,0,0,0
Jordan Love,QB,1998-11-02,27.86849315068493,6,58.10446078431373,58.41506862745098,0,409.3940578964557,505.4438844133976
Tyler Boyd,WR,1994-11-15,31.832876712328765,9,0,0,0,0,0
Montario Hunter,WR,1991-11-23,34.81095890410959,0,NA,0,0,0,0
Jordan Petaia,TE,2000-03-14,26.506849315068493,1,NA,0,0,0,0
Wes Saxton,TE,1993-08-13,33.09041095890411,5,NA,0,0,0,0
Jake Powell,TE,1996-01-16,30.663013698630138,3,NA,0,0,0,0
Keelan Marion,WR,2000-06-22,26.232876712328768,0,NA,0,0,0,0
Chandler Morris,QB,2000-12-26,25.720547945205478,0,NA,0,0,0,0
Jeremiah Haydel,WR,1999-03-25,27.476712328767125,1,NA,0,0,0,0
James Franklin,QB,1991-07-23,35.14794520547945,12,NA,0,0,0,0
Justin Marshall,WR,1999-07-23,27.147945205479452,1,NA,0,0,0,0
Braxton Berrios,WR,1995-10-06,30.942465753424656,8,0,0,0,0,0
Adrian Killins,RB,1998-01-02,28.7013698630137,2,NA,0,0,0,0
Latreal Jones,WR,1999-01-13,27.671232876712327,1,NA,0,0,0,0
Matt Ryan,QB,1985-05-17,41.33150684931507,15,NA,0,0,0,0
Carlos Hyde,RB,1990-09-20,35.986301369863014,8,NA,0,0,0,0
Matt Gay,K,1994-03-15,32.50410958904109,7,-2.7024509803921566,0,0,0,-2.7024509803921566
Jerreth Sterns,WR,1999-07-01,27.208219178082192,1,NA,0,0,0,0
Kearis Jackson,WR,1999-12-09,26.767123287671232,2,NA,0,0,0,0
Chase Litton,QB,1995-10-05,30.945205479452056,4,NA,0,0,0,0
JJ Jones,WR,1992-12-06,33.775342465753425,2,NA,0,0,0,0
John Metchie III,WR,2000-07-18,26.161643835616438,4,-4.61813725490196,0,0,5.824966813784839,0.9155812181936369
Zack Kuntz,TE,1999-06-06,27.276712328767122,3,NA,0,0,0,0
John Michael Gyllenborg,TE,2002-08-07,24.106849315068494,0,NA,0,0,0,0
Ka'Raun White,WR,1993-07-04,33.2,4,NA,0,0,0,0
Cade Johnson,WR,1998-04-10,28.432876712328767,3,NA,0,0,0,0
Redd Douglas,WR,NA,NA,0,NA,0,0,0,0
Erick All Jr.,TE,2000-09-13,26.005479452054793,2,0,0,0,27.00678573775288,25.656446450865236
Nick Westbrook-Ikhine,WR,1997-03-21,29.487671232876714,6,0,-6.552450980392157,0,2.8889595468224134,-3.8079394109108646
Ryan Mallett,QB,1988-06-05,38.27945205479452,9,NA,0,0,0,0
Griffin Hebert,TE,1999-04-02,27.454794520547946,1,NA,0,0,0,0
Sincere Brown,WR,NA,NA,0,NA,0,0,0,0
Kalif Raymond,WR,1994-08-08,32.104109589041094,10,0,0,0,0,0
Sam Pinckney,WR,1999-10-25,26.89041095890411,1,NA,0,0,0,0
KhaDarel Hodge,WR,1995-01-03,31.698630136986303,8,NA,0,0,0,0
Lucky Jackson,WR,1997-07-17,29.164383561643834,3,NA,0,0,0,0
Des Lawrence,WR,1994-11-30,31.791780821917808,5,NA,0,0,0,0
Dominic Zvada,K,2003-10-25,22.89041095890411,0,NA,0,0,0,0
Cooper Rush,QB,1993-11-21,32.81643835616438,9,-9.786637254901962,27.507647058823533,0,0,17.72100980392157
Jim Dray,TE,1986-12-31,39.706849315068496,10,NA,0,0,0,0
Shane Wimann,RB,1994-09-09,32.016438356164386,4,NA,0,0,0,0
Heinrich Haarberg,TE,2003-03-15,23.504109589041096,0,NA,0,0,0,0
Brandon Silvers,QB,1994-05-09,32.35342465753425,3,NA,0,0,0,0
Hendon Hooker,QB,1998-01-13,28.671232876712327,3,0,0,0,0,0
John FitzPatrick,TE,2000-03-09,26.52054794520548,4,NA,0,0,0,0
Chris Godwin,WR,1996-02-27,30.54794520547945,9,22.51101960784314,32.679754901960784,0,36.82263552074477,90.17227825451145
Devin Gray,WR,1995-06-15,31.252054794520546,4,NA,0,0,0,0
Brad Kaaya,QB,1995-09-03,31.03287671232877,5,NA,0,0,0,0
Fozzy Whittaker,RB,1989-02-02,37.61643835616438,7,NA,0,0,0,0
Dallin Holker,TE,2000-04-07,26.44109589041096,1,NA,0,0,0,0
Richie James,WR,1995-09-05,31.027397260273972,6,NA,0,0,0,0
Kevin Davidson,QB,1997-08-01,29.123287671232877,2,NA,0,0,0,0
Michael Ford,RB,1990-05-27,36.3041095890411,2,NA,0,0,0,0
Tre Ford,QB,1998-03-30,28.463013698630135,1,NA,0,0,0,0
Brady Quinn,QB,1984-10-27,41.88493150684931,7,NA,0,0,0,0
Andrew Peasley,QB,2000-01-06,26.69041095890411,1,NA,0,0,0,0
Jamoi Mayes,WR,2002-08-23,24.063013698630137,1,NA,0,0,0,0
Jerome Washington,TE,1994-07-05,32.1972602739726,3,NA,0,0,0,0
Zach Sudfeld,TE,1989-04-17,37.413698630136984,3,NA,0,0,0,0
Ronnie Brown,RB,1981-12-12,44.75890410958904,9,NA,0,0,0,0
Anthony Miller,WR,1994-10-09,31.934246575342467,7,NA,0,0,0,0
Matthew McGloin,QB,1989-12-02,36.78630136986301,7,NA,0,0,0,0
Jace Billingsley,WR,1993-05-17,33.33150684931507,6,NA,0,0,0,0
DaMarkus Lodge,WR,1997-05-12,29.345205479452055,3,NA,0,0,0,0
Chris Bazile,TE,1991-10-25,34.89041095890411,4,NA,0,0,0,0
Christion Jones,WR,1992-12-20,33.73698630136986,3,NA,0,0,0,0
Montay Crockett,WR,1993-12-11,32.76164383561644,5,NA,0,0,0,0
Brenden Knox,RB,1998-10-10,27.931506849315067,1,NA,0,0,0,0
Richard Rodgers,TE,1992-01-22,34.64657534246575,9,NA,0,0,0,0
Max Bredeson,TE,2002-10-04,23.947945205479453,0,NA,0,0,0,0
Michael Pratt,QB,2001-09-30,24.958904109589042,1,0,0,0,0,0
Dawson Knox,TE,1996-11-14,29.835616438356166,7,0,0,0,25.69899950370966,24.414049528524178
Simi Fehoko,WR,1997-11-05,28.86027397260274,5,NA,0,0,0,0
Chandler Brayboy,WR,2001-08-20,25.07123287671233,1,NA,0,0,0,0
David Paulson,TE,1989-02-22,37.56164383561644,3,NA,0,0,0,0
Senorise Perry,RB,1991-09-19,34.989041095890414,8,NA,0,0,0,0
Jason Reese,TE,1995-09-09,31.016438356164382,4,NA,0,0,0,0
Valentino Ambrosio,K,2000-05-13,26.34246575342466,1,NA,0,0,0,0
K.J. Osborn,WR,1997-06-10,29.265753424657536,6,0,0,0,0,0
Player Invalid,QB,NA,NA,0,NA,0,0,0,0
Blake Bortles,QB,1992-04-28,34.38356164383562,8,NA,0,0,0,0
DeVier Posey,WR,1990-03-15,36.50410958904109,10,NA,0,0,0,0
Josh Imatorbhebhe,WR,1998-04-12,28.427397260273974,1,NA,0,0,0,0
Montrell Washington,WR,1999-03-14,27.506849315068493,4,NA,0,0,0,0
Darion Clark,TE,1994-04-09,32.43561643835616,2,NA,0,0,0,0
Xavier Weaver,WR,2000-10-12,25.926027397260274,2,NA,0,0,0,0
Josh Johnson,QB,1986-05-15,40.33698630136986,18,NA,0,0,0,0
Player Invalid,RB,NA,NA,0,NA,0,0,0,0
Taylor Heinicke,QB,1993-03-15,33.50410958904109,10,0,0,0,0,0
Collin Johnson,WR,1997-09-23,28.97808219178082,5,NA,0,0,0,0
Vince Young,QB,1983-05-18,43.32876712328767,7,NA,0,0,0,0
Athan Kaliakmanis,QB,2003-08-20,23.07123287671233,0,NA,0,0,0,0
Jack Velling,TE,NA,NA,0,NA,0,0,0,0
Chase Allen,TE,1997-07-09,29.186301369863013,1,NA,0,0,0,0
Emil Igwenagu,RB,1989-03-27,37.47123287671233,2,NA,0,0,0,0
Tarik Cohen,RB,1995-07-26,31.13972602739726,7,NA,0,0,0,0
Bruce Ellington,WR,1991-08-22,35.06575342465754,8,NA,0,0,0,0
Bennie Fowler,WR,1991-06-10,35.26575342465753,8,NA,0,0,0,0
Brandon Wegher,RB,1990-12-09,35.76712328767123,5,NA,0,0,0,0
Cade Peterson,QB,NA,NA,1,NA,0,0,0,0
Anthony Schwartz,WR,2000-09-05,26.027397260273972,4,0,0,0,0,0
Jake Burt,TE,1996-08-25,30.057534246575344,2,NA,0,0,0,0
James Wilder,RB,1992-04-14,34.42191780821918,1,NA,0,0,0,0
Jimmy Garoppolo,QB,1991-11-02,34.868493150684934,12,0,0,0,0,0
Steven Jackson,RB,1983-07-22,43.15068493150685,16,NA,0,0,0,0
Trevor Knight,QB,1993-10-03,32.95068493150685,5,NA,0,0,0,0
Cameron Dicker,K,2000-05-06,26.361643835616437,4,42.069117647058825,38.98235294117648,-5.416666666666666,0,75.63480392156863
Will Mallory,TE,1999-06-22,27.232876712328768,3,0,0,0,0,0
Rocky Lombardi,QB,1998-07-30,28.12876712328767,1,NA,0,0,0,0
Thomas Gordon,TE,2000-09-05,26.027397260273972,1,NA,0,0,0,0
Abou Toure,RB,1991-02-24,35.556164383561644,1,NA,0,0,0,0
Mike James,RB,1991-04-13,35.42465753424658,7,NA,0,0,0,0
Rushawn Baker,RB,2003-04-17,23.413698630136988,1,NA,0,0,0,0
Titus Swen,RB,NA,NA,1,NA,0,0,0,0
Derel Walker,WR,1991-06-29,35.21369863013699,8,NA,0,0,0,0
Kairee Robinson,RB,NA,NA,1,NA,0,0,0,0
Isiah Pacheco,RB,1999-03-02,27.53972602739726,4,-11.074313725490196,14.374852941176474,0,70.42939867422174,70.20846795619693
Josh Harper,WR,1991-12-01,34.78904109589041,10,NA,0,0,0,0
Stephen Louis,WR,1995-09-07,31.02191780821918,3,NA,0,0,0,0
Kirk Cousins,QB,1988-08-19,38.07397260273972,14,13.85057843137255,24.771843137254898,5.503333333333334,97.83355161963618,137.06762894061512
Player Invalid,WR,NA,NA,0,NA,0,0,0,0
DeVonte Dedmon,WR,1995-11-23,30.81095890410959,1,NA,0,0,0,0
Jawon Chisholm,RB,1991-09-19,34.989041095890414,10,NA,0,0,0,0
Allen Lazard,WR,1995-12-11,30.76164383561644,7,0,7.276078431372552,0,0,7.276078431372552
Jake Ferguson,TE,1999-01-18,27.65753424657534,4,30.631254901960776,1.7272058823529497,0,72.27962593402425,101.02410542163676
Sean Ryan,TE,1980-03-27,46.47123287671233,0,NA,0,0,0,0
Caleb Hanie,QB,1985-09-11,41.010958904109586,6,NA,0,0,0,0
John Paddock,QB,2000-03-27,26.471232876712328,1,NA,0,0,0,0
Lawrence Thomas,RB,1993-04-16,33.416438356164385,6,NA,0,0,0,0
Patrick DiMarco,RB,1989-04-30,37.37808219178082,11,NA,0,0,0,0
Calvin Jackson,WR,1997-05-07,29.35890410958904,1,NA,0,0,0,0
Jake Heaps,QB,1991-06-19,35.24109589041096,7,NA,0,0,0,0
Noah Gindorff,TE,1999-02-12,27.589041095890412,1,NA,0,0,0,0
John Chiles,WR,1988-10-09,37.93424657534246,1,NA,0,0,0,0
Marcus Kemp,WR,1995-08-14,31.087671232876712,6,NA,0,0,0,0
Joe Kerridge,RB,1992-09-17,33.99452054794521,6,NA,0,0,0,0
Kevin Monangai,RB,1993-03-04,33.534246575342465,1,NA,0,0,0,0
Luke Farrell,TE,1997-10-14,28.92054794520548,5,NA,0,0,0,0
Josh Adams,RB,1996-10-29,29.87945205479452,4,NA,0,0,0,0
Devon Cajuste,WR,1993-01-31,33.62191780821918,6,NA,0,0,0,0
Billy Bajema,TE,1982-10-31,43.87397260273973,9,NA,0,0,0,0
Juwan Thompson,RB,1992-05-13,34.342465753424655,6,NA,0,0,0,0
Micky Crum,TE,1995-10-13,30.923287671232877,3,NA,0,0,0,0
Anthony Dixon,RB,1987-09-24,38.97534246575343,10,NA,0,0,0,0
Isaiah Winstead,WR,1999-08-09,27.101369863013698,3,NA,0,0,0,0
Isaac Fruechte,WR,1991-03-07,35.52602739726027,7,NA,0,0,0,0
Le'Meke Brockington,WR,2002-01-15,24.665753424657535,0,NA,0,0,0,0
Peewee Jarrett,QB,NA,NA,1,NA,0,0,0,0
Kermit Whitfield,WR,1993-10-08,32.93698630136986,5,NA,0,0,0,0
Colton Dowell,WR,1999-04-19,27.40821917808219,3,NA,0,0,0,0
Eric Decker,WR,1987-03-15,39.50410958904109,10,NA,0,0,0,0
Sam Bergen,RB,1992-03-06,34.52876712328767,0,NA,0,0,0,0
Marcus Green,WR,1996-08-13,30.09041095890411,3,NA,0,0,0,0
Jonathan Duhart,WR,1996-06-26,30.221917808219178,3,NA,0,0,0,0
Curtis Samuel,WR,1996-08-11,30.095890410958905,9,0,0,0,0,0
Benny LeMay,RB,1997-10-18,28.90958904109589,2,NA,0,0,0,0
Ryan Tannehill,QB,1988-07-27,38.136986301369866,12,NA,0,0,0,0
Joe Horn,WR,1994-09-16,31.997260273972604,3,NA,0,0,0,0
Marlon Moore,WR,1987-09-03,39.032876712328765,10,NA,0,0,0,0
Anthony Grant,RB,1999-02-27,27.54794520547945,1,NA,0,0,0,0
Deontez Alexander,WR,1996-07-25,30.14246575342466,4,NA,0,0,0,0
DeMeer Blankumsee,WR,NA,NA,0,NA,0,0,0,0
Austin Seferian-Jenkins,TE,1992-09-29,33.961643835616435,8,NA,0,0,0,0
Tanner McEvoy,WR,1993-01-26,33.635616438356166,6,NA,0,0,0,0
Bronson Kaufusi,TE,1991-07-06,35.1945205479452,6,NA,0,0,0,0
Kellen Davis,TE,1985-10-11,40.92876712328767,12,NA,0,0,0,0
Daniel George,WR,NA,NA,1,NA,0,0,0,0
Zach Ertz,TE,1990-11-10,35.846575342465755,13,10.770019607843132,0.5300000000000065,0,0,11.300019607843138
Corey Willis,WR,1995-05-02,31.372602739726027,4,NA,0,0,0,0
Bucky Hodges,TE,1995-08-08,31.104109589041094,5,NA,0,0,0,0
Malik Williams,WR,1999-01-14,27.66849315068493,1,NA,0,0,0,0
Ben Tate,RB,1988-08-21,38.06849315068493,5,NA,0,0,0,0
Brady Russell,TE,1998-08-31,28.041095890410958,3,NA,0,0,0,0
Trey Benson,RB,2002-07-23,24.147945205479452,2,0,0,0,69.58960260347534,66.11012247330157
Mark McNamee,K,1999-11-10,26.846575342465755,1,NA,0,0,0,0
N'Keal Harry,TE,1997-12-17,28.745205479452054,5,NA,0,0,0,0
Player Invalid,QB,NA,NA,0,NA,0,0,0,0
Brandon Brown-Dukes,RB,1992-04-29,34.38082191780822,6,NA,0,0,0,0
Jimmy Holiday,WR,2001-12-16,24.747945205479454,1,NA,0,0,0,0
Ben DiNucci,QB,1996-11-24,29.80821917808219,6,NA,0,0,0,0
Kole Wilson,WR,2003-12-16,22.747945205479454,0,NA,0,0,0,0
Jake Bobo,WR,1998-08-04,28.115068493150684,3,0,0,0,0,0
Isaiah Likely,TE,2000-04-18,26.410958904109588,4,-12.879401960784314,-2.252598039215684,0,102.86136144276902,82.58629337063056
Jahvid Best,RB,1989-01-30,37.62465753424657,3,NA,0,0,0,0
Patrick Mahomes,QB,1995-09-17,30.994520547945207,9,151.27737254901956,99.51695098039217,12.363333333333332,391.3864635364587,634.9747972223809
Nathan Rourke,QB,1998-05-24,28.312328767123287,1,NA,0,0,0,0
Demarcus Robinson,WR,1994-09-21,31.983561643835618,10,0,0,0,0,0
Demetric Felton,RB,1998-07-16,28.167123287671235,4,NA,0,0,0,0
Isaiah Williams,WR,2001-01-29,25.627397260273973,2,NA,0,0,0,0
Todd Gurley,RB,1994-08-03,32.11780821917808,7,NA,0,0,0,0
Tanner Gentry,WR,1994-12-18,31.742465753424657,6,NA,0,0,0,0
Shedeur Sanders,QB,2002-02-07,24.602739726027398,1,0,0,0,162.13150565356585,154.02493037088755
Cody Thompson,WR,1996-01-11,30.676712328767124,6,NA,0,0,0,0
Keytaon Thompson,WR,1998-10-23,27.895890410958906,1,NA,0,0,0,0
Mark Ingram,RB,1989-12-21,36.73424657534247,12,NA,0,0,0,0
Jake McGee,TE,1991-09-19,34.989041095890414,6,NA,0,0,0,0
Rashaun Simonise,WR,1995-05-31,31.293150684931508,0,NA,0,0,0,0
Ja'Marr Chase,WR,2000-03-01,26.542465753424658,5,150.31513725490194,213.2739019607843,-7.741666666666666,450.2988177848755,783.6312494446513
Kevin Harris,RB,2000-11-17,25.827397260273973,3,NA,0,0,0,0
Christopher Ezeala,RB,1995-09-19,30.98904109589041,6,NA,0,0,0,0
Da'Rick Rogers,WR,1991-06-18,35.24383561643835,2,NA,0,0,0,0
Marcus Riley,WR,1999-05-09,27.353424657534248,1,NA,0,0,0,0
Brandon Barnes,TE,1994-05-31,32.293150684931504,5,NA,0,0,0,0
Peter Pujals,QB,1995-01-23,31.643835616438356,4,NA,0,0,0,0
Brady Boyd,WR,2002-06-06,24.276712328767122,0,NA,0,0,0,0
Grant Calcaterra,TE,1998-12-04,27.78082191780822,4,0,0,0,0,0
Justin Perillo,TE,1991-01-05,35.69315068493151,6,NA,0,0,0,0
Tavarres King,WR,1990-07-14,36.172602739726024,9,NA,0,0,0,0
Alex Bullock,WR,NA,NA,0,NA,0,0,0,0
Jordan Veasy,WR,1995-06-23,31.23013698630137,4,NA,0,0,0,0
Calvin Austin III,WR,1999-03-24,27.47945205479452,4,-1.8405980392156855,0,0,4.680559100770939,2.605933106516706
Austin Trammell,WR,1998-07-04,28.2,5,NA,0,0,0,0
Storm Johnson,RB,1992-07-10,34.18356164383562,8,NA,0,0,0,0
Dyami Brown,WR,1999-11-01,26.87123287671233,5,-7.127382352941177,0,0,4.186360036549493,-3.1503403182191585
Jaren Kanak,TE,2004-02-10,22.594520547945205,0,NA,0,0,0,0
Evan McPherson,K,1999-07-21,27.153424657534245,5,16.990196078431374,-3.543627450980387,11.583333333333334,0,25.029901960784322
Jacob Clark,QB,2000-11-01,25.87123287671233,0,NA,0,0,0,0
John Jackson,WR,1999-08-23,27.063013698630137,1,NA,0,0,0,0
Jake Murphy,TE,1989-09-21,36.983561643835614,1,NA,0,0,0,0
Jermaine Jackson,WR,2000-06-02,26.28767123287671,1,NA,0,0,0,0
Graham Adomitis,TE,1996-08-15,30.084931506849315,1,NA,0,0,0,0
Dontay Demus,WR,2000-09-26,25.96986301369863,1,NA,0,0,0,0
Josh Brown,K,1979-04-29,47.38082191780822,17,NA,0,0,0,0
Tommy Armstrong Jr.,QB,NA,NA,NA,NA,0,0,0,0
Jay Ajayi,RB,1993-06-15,33.25205479452055,7,NA,0,0,0,0
Ben Edwards,WR,1992-04-10,34.43287671232877,5,NA,0,0,0,0
Rhett Ellison,TE,1988-10-03,37.95068493150685,10,NA,0,0,0,0
Jalen Tolbert,WR,1999-02-27,27.54794520547945,4,-8.509049019607843,0,0,7.291238956363948,-1.582372011062093
Farrod Green,TE,1997-06-10,29.265753424657536,2,NA,0,0,0,0
Dezmin Lewis,WR,1992-12-05,33.778082191780825,5,NA,0,0,0,0
Andre Davis,WR,1993-09-01,33.038356164383565,1,NA,0,0,0,0
Justin Herbert,QB,1998-03-10,28.517808219178082,6,127.88156862745096,38.49868627450981,3.963333333333333,572.5615045948828,714.2770176004327
Denzel Mims,WR,1997-10-10,28.931506849315067,6,NA,0,0,0,0
Alex Hale,K,1998-07-03,28.202739726027396,1,NA,0,0,0,0
Jason Vander Laan,TE,1992-09-22,33.98082191780822,6,NA,0,0,0,0
Jahmal Banks,WR,2001-10-02,24.953424657534246,1,NA,0,0,0,0
Phillip Supernaw,TE,1990-01-30,36.62465753424657,8,NA,0,0,0,0
Joshua Stangby,WR,1990-09-24,35.97534246575343,1,NA,0,0,0,0
Kelvin Harmon,WR,1996-12-15,29.75068493150685,6,NA,0,0,0,0
Chris Freeman,K,NA,NA,0,NA,0,0,0,0
Malik Turner,WR,1996-01-30,30.624657534246577,8,NA,0,0,0,0
Damien Caffrey,TE,NA,NA,1,NA,0,0,0,0
Tee Higgins,WR,1999-01-18,27.65753424657534,6,41.63925490196079,96.23823529411766,0.0916666666666668,166.30773585197824,295.9615059221244
Andre Patton,WR,1994-05-28,32.3013698630137,5,NA,0,0,0,0
Kenny Stills,WR,1992-04-22,34.4,9,NA,0,0,0,0
Gavin Hardison,QB,2000-05-15,26.336986301369862,1,NA,0,0,0,0
D.J. Tialavea,TE,1991-07-27,35.136986301369866,6,NA,0,0,0,0
Sam LaPorta,TE,2001-01-12,25.673972602739727,3,18.67843137254902,40.215539215686285,-1.1416666666666655,249.01768724684464,294.31910680607103
Jordan Travis,QB,2000-05-02,26.372602739726027,1,0,0,0,0,0
Kris Durham,WR,1988-03-17,38.4986301369863,5,NA,0,0,0,0
Eli Rogers,WR,1992-12-23,33.728767123287675,7,NA,0,0,0,0
Leroy Watson,TE,1998-06-10,28.265753424657536,3,NA,0,0,0,0
James Casey,RB,1984-09-22,41.98082191780822,11,NA,0,0,0,0
James Casey,TE,1984-09-22,41.98082191780822,11,NA,0,0,0,0
Trayone Gray,RB,1995-12-14,30.753424657534246,3,NA,0,0,0,0
Cyrus Holder,WR,NA,NA,1,NA,0,0,0,0
Garrett Greene,QB,2001-10-01,24.956164383561642,1,NA,0,0,0,0
Lee Smith,TE,1987-11-21,38.81643835616438,11,NA,0,0,0,0
Stephen Baggett,TE,NA,NA,4,NA,0,0,0,0
Maurice Alexander,WR,1997-01-10,29.67945205479452,4,NA,0,0,0,0
Mark Fletcher,RB,NA,NA,0,NA,0,0,0,0
Keavon Milton,TE,1990-06-23,36.23013698630137,9,NA,0,0,0,0
Marcus Yarns,RB,2001-10-30,24.876712328767123,1,NA,0,0,0,0
Joseph Parker,WR,1996-07-24,30.145205479452056,3,NA,0,0,0,0
Kenny Hilliard,RB,1991-10-03,34.95068493150685,7,NA,0,0,0,0
Jamari Thrash,WR,2000-12-19,25.73972602739726,2,0,0,0,0,0
Myles Montgomery,RB,NA,NA,0,NA,0,0,0,0
Jontre Kirklin,WR,1998-10-09,27.934246575342467,2,NA,0,0,0,0
Sam Rogers,RB,1995-04-12,31.427397260273974,5,NA,0,0,0,0
Nakia Griffin-Stewart,TE,1996-11-12,29.84109589041096,2,NA,0,0,0,0
Andrew Turzilli,WR,1991-10-13,34.92328767123288,5,NA,0,0,0,0
Marcus Simms,WR,1997-12-18,28.742465753424657,5,NA,0,0,0,0
Mike Rigerman,TE,2001-06-29,25.213698630136985,1,NA,0,0,0,0
Brian Burt,WR,NA,NA,3,NA,0,0,0,0
Alex Erickson,WR,1992-11-06,33.85753424657534,9,NA,0,0,0,0
Joseph Randle,RB,1991-12-29,34.71232876712329,7,NA,0,0,0,0
Luke Floriea,WR,2001-10-23,24.895890410958906,1,NA,0,0,0,0
Grayson Gunter,TE,1997-11-13,28.838356164383562,1,NA,0,0,0,0
Cameron Ross,WR,2001-08-16,25.08219178082192,0,NA,0,0,0,0
Montrell Johnson,RB,2002-10-13,23.923287671232877,1,0,0,0,0,0
Spencer Nigh,RB,1998-01-18,28.65753424657534,2,NA,0,0,0,0
D'Onta Foreman,RB,1996-04-24,30.394520547945206,8,0,0,0,0,0
Alex Bachman,WR,1996-05-29,30.2986301369863,7,NA,0,0,0,0
Taulia Tagovailoa,QB,2000-02-15,26.58082191780822,1,NA,0,0,0,0
Chase Ford,TE,1990-07-19,36.15890410958904,8,NA,0,0,0,0
Branden Oliver,RB,1991-05-07,35.35890410958904,6,NA,0,0,0,0
Izaiah Gathings,TE,2000-09-18,25.991780821917807,1,NA,0,0,0,0
Gus Johnson,RB,1993-08-10,33.0986301369863,7,NA,0,0,0,0
Pharaoh Brown,TE,1994-05-04,32.367123287671234,9,NA,0,0,0,0
Jacob Saylors,RB,2001-03-08,25.523287671232875,3,0,0,0,62.232629982350936,59.120998483233386
Quali Conley,RB,2002-09-25,23.972602739726028,1,NA,0,0,0,0
Tony Brown,WR,1997-08-08,29.104109589041094,2,NA,0,0,0,0
Darrin Hall,RB,1996-09-06,30.024657534246575,3,NA,0,0,0,0
Ty Montgomery,RB,1993-01-22,33.64657534246575,8,NA,0,0,0,0
Britain Covey,WR,1997-03-18,29.495890410958904,4,NA,0,0,0,0
Player Invalid,RB,NA,NA,0,NA,0,0,0,0
Nick Muse,TE,1998-11-25,27.805479452054794,4,NA,0,0,0,0
Sam Schnee,WR,2000-04-01,26.457534246575342,1,NA,0,0,0,0
Jared Murphy,WR,1994-07-20,32.156164383561645,4,NA,0,0,0,0
John Baron,K,1996-01-25,30.638356164383563,3,NA,0,0,0,0
Derrick Willies,WR,1994-10-12,31.926027397260274,4,NA,0,0,0,0
Cole Hikutini,TE,1994-06-11,32.26301369863014,5,NA,0,0,0,0
DeMario Douglas,WR,2000-12-08,25.76986301369863,3,0,1.2233823529411776,0,13.883564268621903,14.412768408131985
Gerrid Doaks,RB,1998-06-09,28.268493150684932,3,NA,0,0,0,0
Jalen Nailor,WR,1999-03-02,27.53972602739726,4,0,0,0,16.251619272923566,15.439038309277388
Kieren Duncan,WR,1993-10-12,32.92602739726027,0,NA,0,0,0,0
DeAndre Goolsby,TE,1996-06-12,30.26027397260274,4,NA,0,0,0,0
Kalen Ballage,RB,1995-12-22,30.731506849315068,4,NA,0,0,0,0
Case Keenum,QB,1988-02-17,38.57534246575342,14,NA,0,0,0,0
Davis Koppenhaver,TE,1996-01-24,30.64109589041096,3,NA,0,0,0,0
Don Jackson,RB,1993-09-07,33.02191780821918,6,NA,0,0,0,0
Carson Williams,TE,NA,NA,1,NA,0,0,0,0
Matt Flanagan,TE,1995-03-26,31.473972602739725,4,NA,0,0,0,0
Jason Moore,WR,1995-06-23,31.23013698630137,4,NA,0,0,0,0
Liam Clifford,WR,NA,NA,0,NA,0,0,0,0
Chris Matthews,WR,1989-10-06,36.942465753424656,9,NA,0,0,0,0
Bryan Thompson,WR,1999-04-07,27.44109589041096,1,NA,0,0,0,0
Luther Burden,WR,2003-12-12,22.75890410958904,1,0,0,-1.4416666666666664,231.3752626601516,218.36483286047735
Patrick Carr,RB,1995-09-22,30.980821917808218,2,NA,0,0,0,0
Miller Forristall,TE,1998-03-11,28.515068493150686,3,NA,0,0,0,0
Connor Harris,RB,1993-06-22,33.23287671232877,5,NA,0,0,0,0
Player Invalid,WR,NA,NA,0,NA,0,0,0,0
Jordan Franks,TE,1996-02-01,30.61917808219178,5,NA,0,0,0,0
Dontayvion Wicks,WR,2001-06-16,25.24931506849315,3,0,-0.5524509803921571,0,17.894900505550662,16.44770449988097
Marquise Goodwin,WR,1990-11-19,35.821917808219176,11,NA,0,0,0,0
Synjyn Days,RB,1991-10-09,34.93424657534246,11,NA,0,0,0,0
Vernon Davis,TE,1984-01-31,42.62191780821918,16,NA,0,0,0,0
Lujuan Winningham,WR,NA,NA,1,NA,0,0,0,0
Shakim Phillips,WR,1992-03-19,34.49315068493151,1,NA,0,0,0,0
Montorie Foster,WR,2001-08-03,25.117808219178084,1,NA,0,0,0,0
Brashard Smith,RB,2003-04-11,23.43013698630137,1,0,0,0,71.27893236669846,67.71498574836353
Lamar Jackson,QB,1997-01-07,29.687671232876713,8,85.16773529411765,258.03999019607846,16.880000000000003,618.996254643022,948.134167401067
Jake Moody,K,1999-11-23,26.81095890410959,3,-5.756372549019607,4.506372549019613,0,0,-1.2499999999999947
Camden Lewis,K,NA,NA,1,NA,0,0,0,0
Devonte Ross,WR,2002-09-09,24.016438356164382,0,NA,0,0,0,0
Joey Aguilar,QB,2001-06-16,25.24931506849315,0,NA,0,0,0,0
Deneric Prince,RB,2000-04-11,26.43013698630137,3,0,0,0,0,0
Player Invalid,RB,NA,NA,0,NA,0,0,0,0
Osirus Mitchell,WR,1998-09-15,28,1,NA,0,0,0,0
Eli Stowers,TE,2003-04-15,23.41917808219178,0,0,0,0,93.50209428636394,88.82698957204575
Jalen McMillan,WR,2001-12-07,24.77260273972603,2,0,-5.34578431372549,0,24.194857618925113,17.639330424253366
RJ Maryland,TE,2004-07-09,22.186301369863013,0,NA,0,0,0,0
Tucker McCann,K,1997-11-10,28.846575342465755,2,NA,0,0,0,0
Robbie Gould,K,1982-12-06,43.775342465753425,18,NA,0,0,0,0
Tom Brady,QB,1977-08-03,49.11780821917808,23,0,0,0,0,0
Jeremy McNichols,RB,1995-12-26,30.720547945205478,9,-15.29806862745098,0,0,0,-15.29806862745098
Dalevon Campbell,WR,2001-12-05,24.778082191780822,1,NA,0,0,0,0
Kayron Lynch-Adams,RB,NA,NA,1,NA,0,0,0,0
Sean Clifford,QB,1998-07-14,28.172602739726027,3,NA,0,0,0,0
Fred Williams,WR,1988-04-15,38.41917808219178,1,NA,0,0,0,0
Markus Wheaton,WR,1991-02-07,35.602739726027394,9,NA,0,0,0,0
Canaan Severin,WR,1993-03-16,33.5013698630137,6,NA,0,0,0,0
Dylan Stapleton,TE,1998-05-27,28.304109589041097,2,NA,0,0,0,0
Davante Adams,WR,1992-12-24,33.726027397260275,12,92.71235294117648,82.24548039215688,-5.341666666666667,62.10047668831095,228.6116195205621
Aaron Rodgers,QB,1983-12-02,42.78630136986301,21,45.575196078431375,-3.568843137254902,0,25.209266234087913,65.95515586356
Deebo Samuel Sr.,WR,1996-01-15,30.665753424657535,7,25.155627450980404,2.034352941176472,0,15.241565310754392,41.66946743737355
Troy Hairston,RB,1998-12-08,27.76986301369863,3,NA,0,0,0,0
Terry Wright,WR,1997-01-28,29.63013698630137,3,NA,0,0,0,0
Joe Williams,RB,1993-09-04,33.03013698630137,5,NA,0,0,0,0
Michael Hiers,QB,1999-05-28,27.301369863013697,1,NA,0,0,0,0
Bryson Nesbit,TE,2002-09-25,23.972602739726028,1,NA,0,0,0,0
Cody Hollister,WR,1993-11-18,32.824657534246576,6,NA,0,0,0,0
Brenton Strange,TE,2000-12-27,25.71780821917808,3,24.543431372549023,-5.368774509803921,0,75.49265014246113,90.89267449808318
Tyler Shough,QB,1999-09-28,26.964383561643835,1,0,0,14.903333333333332,334.3910319410837,332.57481367736284
Caleb Shudak,K,1997-11-19,28.82191780821918,1,NA,0,0,0,0
Nick Sharga,RB,NA,NA,4,NA,0,0,0,0
Charleston Rambo,WR,1999-08-10,27.0986301369863,2,NA,0,0,0,0
Ted Bolser,TE,1990-10-22,35.8986301369863,1,NA,0,0,0,0
Tyrod Taylor,QB,1989-08-03,37.11780821917808,15,5.495254901960788,0,0,0,5.495254901960788
Chase McLaughlin,K,1996-04-09,30.435616438356163,7,12.481862745098042,18.61372549019608,3.583333333333334,0,34.67892156862746
Marcus Burke,WR,NA,NA,0,NA,0,0,0,0
Matt Colburn,RB,1997-07-27,29.136986301369863,6,NA,0,0,0,0
Adam Humphries,WR,1993-06-24,33.227397260273975,8,NA,0,0,0,0
Ben Patterson,WR,NA,NA,0,NA,0,0,0,0
Dezmon Patmon,WR,1998-08-06,28.10958904109589,3,NA,0,0,0,0
Emmanuel Butler,WR,1996-08-27,30.052054794520547,3,NA,0,0,0,0
David Porter,WR,1992-12-21,33.73424657534247,10,NA,0,0,0,0
Baker Mayfield,QB,1995-04-14,31.421917808219177,8,110.6856862745098,167.80817647058825,1.3433333333333335,322.3936291990888,586.1111438175658
James Conner,RB,1995-05-05,31.364383561643837,9,9.57263725490196,103.79211764705882,0,57.75301880139723,168.23012276328814
John Matocha,QB,NA,NA,1,NA,0,0,0,0
Devonte Boyd,WR,1994-10-05,31.945205479452056,4,NA,0,0,0,0
Khalil Dinkins,TE,NA,NA,0,NA,0,0,0,0
Dorian Thompson-Robinson,QB,1999-11-14,26.835616438356166,2,0,0,0,0,0
Soma Vainuku,RB,1992-05-28,34.3013698630137,6,NA,0,0,0,0
Jeremy Ruckert,TE,2000-08-11,26.095890410958905,4,0,0,0,0,0
Mason Pline,TE,2000-02-05,26.60821917808219,2,NA,0,0,0,0
Josh Robinson,RB,1992-08-24,34.06027397260274,5,NA,0,0,0,0
Trey Edmunds,RB,1994-12-30,31.70958904109589,5,NA,0,0,0,0
Emory Jones,QB,2000-04-29,26.38082191780822,2,NA,0,0,0,0
Tyler Warren,TE,2002-05-24,24.312328767123287,1,45.10616666666666,0,1.3583333333333345,381.2640577657036,408.6653548774184
Jeremiah Hall,TE,NA,NA,1,NA,0,0,0,0
Andre Szmyt,K,1998-09-26,27.96986301369863,4,NA,0,0,0,0
Travis Harvey,WR,1990-05-18,36.32876712328767,1,NA,0,0,0,0
Mark Gronowski,QB,2001-10-05,24.945205479452056,0,NA,0,0,0,0
Dohnte Meyers,WR,2000-07-06,26.194520547945206,3,0,0,0,0,0
Matthew Dayes,RB,1994-09-03,32.032876712328765,5,NA,0,0,0,0
Nick Sciba,K,1999-10-02,26.953424657534246,2,NA,0,0,0,0
Orleans Darkwa,RB,1992-02-28,34.54520547945206,6,NA,0,0,0,0
Mason Crosby,K,1984-09-03,42.032876712328765,17,NA,0,0,0,0
Lawrence Cager,TE,1997-08-20,29.07123287671233,6,NA,0,0,0,0
Stephen Hauschka,K,1985-06-29,41.21369863013699,14,NA,0,0,0,0
Marcus Thigpen,RB,1986-05-15,40.33698630136986,11,NA,0,0,0,0
Marcus Thigpen,WR,1986-05-15,40.33698630136986,11,NA,0,0,0,0
Trent Pennix,TE,1999-12-10,26.764383561643836,1,NA,0,0,0,0
Jazz Ferguson,WR,1997-01-12,29.673972602739727,3,NA,0,0,0,0
Shea Patterson,QB,1997-01-17,29.660273972602738,2,NA,0,0,0,0
Uzoma Nwachukwu,WR,1990-12-15,35.75068493150685,9,NA,0,0,0,0
Randall Cobb,WR,1990-08-22,36.06575342465754,13,NA,0,0,0,0
Rishard Matthews,WR,1989-10-12,36.92602739726027,10,NA,0,0,0,0
Nyheim Hines,RB,1996-11-12,29.84109589041096,8,0,0,0,0,0
K.D. Cannon,WR,1995-11-05,30.86027397260274,5,NA,0,0,0,0
Kenyon Sadiq,TE,2005-03-04,21.534246575342465,0,0,0,0,277.9170418886194,264.0211897941884
Kelly Akharaiyi,WR,2000-02-05,26.60821917808219,1,NA,0,0,0,0
Jared Rice,TE,1996-10-19,29.90684931506849,2,NA,0,0,0,0
Sean Tucker,RB,2001-10-25,24.89041095890411,3,0,0,0,77.18828494973883,73.32887070225189
Michael Carter,RB,1999-05-07,27.35890410958904,5,6.801254901960785,0,0,0,6.801254901960785
Christian Watson,WR,1999-05-12,27.345205479452055,4,22.156068627450985,0,21.758333333333336,128.8179096801224,166.2914161569006
Tyrion Davis-Price,RB,2000-10-23,25.895890410958906,3,NA,0,0,0,0
Malachi Jones,WR,1994-03-20,32.49041095890411,6,NA,0,0,0,0
Darren Carrington,WR,1994-10-11,31.92876712328767,4,NA,0,0,0,0
Joel Stave,QB,1992-05-16,34.33424657534247,6,NA,0,0,0,0
AJ Cruz,WR,1991-02-20,35.56712328767123,1,NA,0,0,0,0
Cam Sims,WR,1996-01-06,30.69041095890411,6,NA,0,0,0,0
Jermar Jefferson,RB,2000-04-15,26.41917808219178,5,NA,0,0,0,0
Devin Funchess,TE,1994-05-21,32.320547945205476,7,NA,0,0,0,0
Ezell Ruffin,WR,1992-03-17,34.4986301369863,10,NA,0,0,0,0
Nathan Carter,RB,2002-05-22,24.317808219178083,1,0,0,0,0,0
Visanthe Shiancoe,TE,1980-06-18,46.24383561643835,10,NA,0,0,0,0
Dom Williams,WR,1992-12-11,33.76164383561644,6,NA,0,0,0,0
Caleb Scott,WR,1996-02-26,30.55068493150685,4,NA,0,0,0,0
Golden Tate,WR,1988-08-02,38.12054794520548,12,NA,0,0,0,0
Phil Dawson,K,1975-01-23,51.64383561643836,24,NA,0,0,0,0
Will Levis,QB,1999-06-27,27.21917808219178,3,0,-12.96028431372549,0,0,-12.96028431372549
Preston Fox,WR,NA,NA,0,NA,0,0,0,0
Dexter McCluster,RB,1988-08-25,38.057534246575344,10,NA,0,0,0,0
Jon'Vea Johnson,WR,1995-12-23,30.72876712328767,3,NA,0,0,0,0
Tre Harris,WR,2002-02-28,24.545205479452054,1,0,0,0,19.838753841890185,18.846816149795675
Greg Salas,WR,1988-08-25,38.057534246575344,9,NA,0,0,0,0
Kaelin Clay,WR,1992-01-03,34.6986301369863,7,NA,0,0,0,0
A.J. Richardson,WR,1995-06-02,31.28767123287671,3,NA,0,0,0,0
Riley McCarron,WR,1993-06-16,33.249315068493154,5,NA,0,0,0,0
Player Invalid,TE,NA,NA,0,NA,0,0,0,0
Demarcus Ayers,WR,1994-07-07,32.19178082191781,6,NA,0,0,0,0
Garrett Groshek,RB,1997-08-02,29.12054794520548,1,NA,0,0,0,0
Tyler Bray,QB,1991-12-27,34.71780821917808,9,NA,0,0,0,0
DeMichael Harris,WR,1998-07-12,28.17808219178082,2,NA,0,0,0,0
Jakobi Meyers,WR,1996-11-09,29.84931506849315,7,3.311558823529416,19.337882352941183,0,18.29491556700725,40.02961096512749
Ed Lee,WR,1999-05-29,27.2986301369863,1,NA,0,0,0,0
Tommy Mellott,WR,2001-10-16,24.915068493150685,1,NA,0,0,0,0
Titus Davis,WR,1993-01-03,33.6986301369863,7,NA,0,0,0,0
Jerjuan Newton,WR,2001-05-19,25.326027397260273,1,NA,0,0,0,0
Jadakis Bonds,WR,1999-11-27,26.8,1,NA,0,0,0,0
Dontae Fleming,WR,2001-11-28,24.797260273972604,1,NA,0,0,0,0
Nigel King,WR,1992-10-09,33.93424657534246,10,NA,0,0,0,0
Carson Strong,QB,1999-09-14,27.002739726027396,1,NA,0,0,0,0
Isaac Guerendo,RB,2000-06-28,26.216438356164385,2,0,15.938274509803923,0,57.50685146144659,70.56978339817817
Taysir Mack,WR,1998-09-17,27.994520547945207,1,NA,0,0,0,0
J.J. Nelson,WR,1992-04-24,34.394520547945206,7,NA,0,0,0,0
Jeff Maehl,WR,1989-01-17,37.66027397260274,3,NA,0,0,0,0
Jude McAtamney,K,2000-05-09,26.353424657534248,1,NA,0,0,0,0
Dean Patterson,WR,NA,NA,0,NA,0,0,0,0
Joe Hansley,WR,1994-02-07,32.602739726027394,0,NA,0,0,0,0
Jeremy Cox,RB,1996-08-16,30.08219178082192,3,NA,0,0,0,0
Wilton Speight,QB,1994-12-06,31.775342465753425,3,NA,0,0,0,0
Duke Williams,WR,1993-05-13,33.342465753424655,6,NA,0,0,0,0
Johnathan Lloyd,WR,1995-12-04,30.78082191780822,3,NA,0,0,0,0
Carson Beck,QB,2002-11-19,23.82191780821918,0,0,0,0,169.1454454649562,160.6881731917084
Jeremy Kerley,WR,1988-11-08,37.85205479452055,11,NA,0,0,0,0
Ethan Fernea,WR,1998-03-02,28.53972602739726,2,NA,0,0,0,0
Dylan Parham,TE,1998-05-31,28.293150684931508,2,NA,0,0,0,0
Zay Malone,WR,2000-03-06,26.528767123287672,1,NA,0,0,0,0
Anthony Kelly,WR,1993-04-14,33.42191780821918,9,NA,0,0,0,0
Maxx Williams,TE,1994-04-12,32.42739726027397,8,NA,0,0,0,0
A.J. Green,WR,1988-07-31,38.12602739726027,12,NA,0,0,0,0
Lucas Havrisik,K,1999-09-29,26.96164383561644,4,NA,0,0,0,0
Steven Stilianos,TE,2000-02-25,26.553424657534247,1,NA,0,0,0,0
Player Invalid,RB,NA,NA,0,NA,0,0,0,0
Ontaria Wilson,WR,1999-08-12,27.09315068493151,1,NA,0,0,0,0
Gavin Bartholomew,TE,2003-04-30,23.378082191780823,1,NA,0,0,0,0
C.J. Saunders,WR,1996-09-15,30,2,NA,0,0,0,0
Trent Battle,RB,NA,NA,0,NA,0,0,0,0
Terry Godwin,WR,1996-10-23,29.895890410958906,3,NA,0,0,0,0
Tyler Higbee,TE,1993-01-01,33.704109589041096,10,0,0,0,28.218466648270688,26.807543315857153
Aron Cruickshank,WR,2000-09-07,26.02191780821918,1,NA,0,0,0,0
Bell Braylon,WR,NA,NA,3,NA,0,0,0,0
Player Invalid,WR,NA,NA,0,NA,0,0,0,0
Gabe Brkic,K,NA,NA,1,NA,0,0,0,0
Chris Thompson,RB,1990-10-20,35.9041095890411,9,NA,0,0,0,0
Randy Bullock,K,1989-12-16,36.74794520547945,12,NA,0,0,0,0
Jordan Moore,WR,2002-04-18,24.410958904109588,1,NA,0,0,0,0
Kevin Walter,WR,1981-08-04,45.11506849315069,11,NA,0,0,0,0
Michael Dereus,WR,1997-02-18,29.572602739726026,2,NA,0,0,0,0
Juwan Green,WR,1998-07-01,28.208219178082192,3,NA,0,0,0,0
Tre Stewart,RB,2002-12-14,23.753424657534246,1,NA,0,0,0,0
Devin Smith,WR,1992-03-03,34.536986301369865,7,NA,0,0,0,0
Kenneth Dixon,RB,1994-01-21,32.64931506849315,6,NA,0,0,0,0
Nick Chubb,RB,1995-12-27,30.71780821917808,8,-4.271529411764705,-3.0729901960784316,0,0,-7.344519607843137
Reggie Davis,WR,1995-11-22,30.813698630136987,5,NA,0,0,0,0
Cordarrelle Patterson,RB,1991-03-17,35.4986301369863,12,0,0,0,0,0
Kevin O'Connell,QB,1985-05-25,41.30958904109589,0,NA,0,0,0,0
Ricky Pearsall,WR,2000-09-09,26.016438356164382,2,0,0,0,13.592718260193058,12.913082347183405
Emeka Egbuka,WR,2002-10-14,23.92054794520548,1,22.330931372549024,0,0.3583333333333343,278.0157908086356,286.80426597408615
Kyle Trask,QB,1998-03-06,28.528767123287672,5,0,0,0,0,0
Max Borghi,RB,2000-04-23,26.397260273972602,1,NA,0,0,0,0
Lake McRee,TE,NA,NA,0,NA,0,0,0,0
Ryan Coe,K,NA,NA,1,NA,0,0,0,0
Cameron Scarlett,RB,1996-10-09,29.934246575342467,2,NA,0,0,0,0
Jack Podlesny,K,2000-03-16,26.5013698630137,1,NA,0,0,0,0
Ryan Hewitt,TE,1991-01-24,35.64109589041096,8,NA,0,0,0,0
Shane Watts,RB,NA,NA,1,NA,0,0,0,0
Jacob Dolegala,QB,1996-10-07,29.93972602739726,3,NA,0,0,0,0
Nico Collins,WR,1999-03-19,27.493150684931507,5,80.46802941176472,88.43397058823531,10.258333333333333,199.5033027208376,368.6884709181291
Anthony Smith,WR,2002-03-01,24.542465753424658,0,NA,0,0,0,0
Austin Hill,WR,1991-07-17,35.16438356164384,1,NA,0,0,0,0
Craig Reynolds,RB,1996-06-15,30.252054794520546,7,0,-5.226323529411764,0,0,-5.226323529411764
Denarius Moore,WR,1988-12-09,37.76712328767123,9,NA,0,0,0,0
Daniel Crawford,TE,1997-12-15,28.75068493150685,1,NA,0,0,0,0
Player Invalid,TE,NA,NA,0,NA,0,0,0,0
Duplicate Player,WR,1989-07-27,37.136986301369866,7,NA,0,0,0,0
Bryce Young,QB,2001-07-25,25.14246575342466,3,17.799921568627447,6.812107843137255,22.14333333333333,260.2255774602217,293.96966133230865
Terrance Ferguson,TE,2003-03-07,23.526027397260275,1,0,0,0,109.83677655222476,104.34493772461352
Henry Litwin,WR,NA,NA,1,NA,0,0,0,0
Player Invalid,RB,NA,NA,0,NA,0,0,0,0
Ronnie Bell,WR,2000-01-28,26.63013698630137,3,0,0,0,0,0
Mike Nugent,K,1982-03-02,44.53972602739726,17,NA,0,0,0,0
Lorenzo Taliaferro,RB,1991-12-23,34.728767123287675,6,NA,0,0,0,0
Damon Sheehy-Guiseppi,WR,1995-02-15,31.58082191780822,3,NA,0,0,0,0
Devin Hester,WR,1982-11-04,43.863013698630134,14,NA,0,0,0,0
Kenny Golladay,WR,1993-11-03,32.865753424657534,6,NA,0,0,0,0
Josh Oliver,TE,1997-03-21,29.487671232876714,7,0,0,0,0,0
Daewood Davis,WR,1999-01-23,27.643835616438356,1,NA,0,0,0,0
Bryan Edwards,WR,1998-11-13,27.838356164383562,3,NA,0,0,0,0
Jordan Mason,RB,1999-05-24,27.312328767123287,4,8.52988235294118,8.636245098039218,0,93.32812359715616,105.82784486827875
Quincy Skinner,WR,2003-02-28,23.545205479452054,1,NA,0,0,0,0
Greg Bell,RB,1998-06-16,28.24931506849315,2,NA,0,0,0,0
Justin Berger,WR,1991-11-22,34.81369863013698,0,NA,0,0,0,0
Logan Woodside,QB,1995-01-27,31.632876712328766,8,NA,0,0,0,0
Gregory Desrosiers,RB,NA,NA,0,NA,0,0,0,0
Matt Landers,WR,1999-06-16,27.24931506849315,2,NA,0,0,0,0
Luke McCaffrey,WR,2001-04-02,25.454794520547946,2,-9.702303921568626,0,0,6.680822348506138,-3.3555226904877955
Trey Wolff,K,2000-02-22,26.561643835616437,1,NA,0,0,0,0
Aleva Hifo,WR,1997-12-23,28.72876712328767,2,NA,0,0,0,0
Felix Harper,QB,NA,NA,1,NA,0,0,0,0
Jacob Tamme,TE,1985-03-15,41.50410958904109,12,NA,0,0,0,0
John Ursua,WR,1994-01-17,32.66027397260274,3,NA,0,0,0,0
Raymond Calais,RB,1998-04-02,28.454794520547946,2,NA,0,0,0,0
Jake Elliott,K,1995-01-21,31.649315068493152,9,6.590686274509804,9.852450980392163,-1.416666666666666,0,15.0264705882353
Vernon Johnson,WR,1992-04-17,34.413698630136984,10,NA,0,0,0,0
Caleb Douglas,WR,2003-09-09,23.016438356164382,0,0,0,0,21.306629455902115,20.241297983107007
Trevor Wood,TE,1996-01-25,30.638356164383563,3,NA,0,0,0,0
Rico Dowdle,RB,1998-06-14,28.254794520547946,6,46.831833333333336,24.70966666666667,0,90.32139339985808,157.3468237298652
Braxton Westfield,WR,NA,NA,1,NA,0,0,0,0
Jarvis Turner,WR,1993-11-02,32.868493150684934,0,NA,0,0,0,0
Mason Tipton,WR,2000-09-27,25.96712328767123,2,0,0,0,2.5428454415647184,2.4157031694864823
Dontae McMillan,RB,2001-10-04,24.947945205479453,0,NA,0,0,0,0
Robert Meachem,WR,1984-09-28,41.964383561643835,8,NA,0,0,0,0
Ahmad Wagner,WR,1996-12-21,29.734246575342464,2,NA,0,0,0,0
Vyncint Smith,WR,1996-06-09,30.268493150684932,5,NA,0,0,0,0
Eric Rogers,WR,1991-02-12,35.58904109589041,9,NA,0,0,0,0
Roman Wilson,WR,2001-06-19,25.24109589041096,2,0,0,0,8.873011183252263,8.42936062408965
Tyler Huntley,QB,1998-02-03,28.613698630136987,6,0,1.7974411764705884,0,108.46076368689272,104.83516667901867
Derek Hagan,WR,1984-09-21,41.983561643835614,8,NA,0,0,0,0
Caleb Lohner,TE,2001-10-01,24.956164383561642,1,NA,0,0,0,0
Knile Davis,RB,1991-10-05,34.945205479452056,7,NA,0,0,0,0
Mathieu Severance,RB,NA,NA,1,NA,0,0,0,0
Player Invalid,WR,NA,NA,0,NA,0,0,0,0
Jarred Haggins,WR,1992-01-17,34.66027397260274,10,NA,0,0,0,0
George Pickens,WR,2001-03-04,25.534246575342465,4,127.74556862745098,11.994294117647067,-3.0083333333333337,0,136.7315294117647
Alexander Mattison,RB,1998-06-19,28.24109589041096,7,0,6.788470588235297,0,0,6.788470588235297
Chevan Cordeiro,QB,NA,NA,1,NA,0,0,0,0
Andre Holmes,WR,1988-06-16,38.249315068493154,11,NA,0,0,0,0
Austin Fort,TE,1995-05-14,31.339726027397262,3,NA,0,0,0,0
Sam Ficken,K,1992-12-14,33.75342465753425,7,NA,0,0,0,0
Diandre Campbell,WR,1991-12-19,34.73972602739726,1,NA,0,0,0,0
Snoop Conner,RB,2000-08-01,26.123287671232877,2,NA,0,0,0,0
Elijah Collins,RB,2000-08-01,26.123287671232877,1,NA,0,0,0,0
Jordan Lasley,WR,1996-11-13,29.838356164383562,4,NA,0,0,0,0
Jose Barbon,WR,2000-04-16,26.416438356164385,1,NA,0,0,0,0
KeeSean Johnson,WR,1996-10-09,29.934246575342467,4,NA,0,0,0,0
Treylon Burks,WR,2000-03-23,26.482191780821918,4,0,0,0,6.583817225312706,6.254626364047071
Tommy Tremble,TE,2000-06-02,26.28767123287671,5,0,0,0,28.09737595097242,26.692507153423797
Tyshaun James,WR,1999-06-22,27.232876712328768,1,NA,0,0,0,0
Broc Rutter,QB,1997-04-03,29.45205479452055,2,NA,0,0,0,0
Dexter Williams,RB,1997-01-06,29.69041095890411,3,NA,0,0,0,0
Daniel Jackson,WR,2002-04-25,24.39178082191781,1,NA,0,0,0,0
Tucker Kraft,TE,2000-11-03,25.865753424657534,3,29.89956862745098,1.3381176470588274,0.5583333333333336,262.185539927216,280.8722825386983
Jake Haener,QB,1999-03-10,27.517808219178082,3,0,0,0,0,0
Theo Johnson,TE,2001-02-26,25.55068493150685,2,0.5931078431372523,0,0,46.51538154425305,44.78272031017765
Hassan Hall,RB,2000-08-28,26.04931506849315,2,NA,0,0,0,0
John Kelly,RB,1996-10-04,29.947945205479453,7,NA,0,0,0,0
Jovon Durante,WR,NA,NA,0,NA,0,0,0,0
Braelon Allen,RB,2004-01-20,22.65205479452055,2,0,-6.152107843137255,0,96.1011558289832,85.14399019439678
Christian Powell,RB,1994-03-03,32.536986301369865,9,NA,0,0,0,0
Tre Turner,WR,NA,NA,1,NA,0,0,0,0
Drew Anderson,QB,1995-10-18,30.90958904109589,3,NA,0,0,0,0
Jordan Hudson,WR,2003-11-22,22.813698630136987,0,NA,0,0,0,0
Elijah Moore,WR,2000-03-27,26.471232876712328,5,0,0,0,5.852657593686484,5.560024714002159
Zaire Mitchell-Paden,TE,1999-08-20,27.07123287671233,4,NA,0,0,0,0
Garrett Wilson,WR,2000-07-22,26.15068493150685,4,41.71142156862745,74.62155882352943,5.091666666666667,193.31344031098928,305.0724153542634
Steve Ishmael,WR,1995-07-18,31.161643835616438,4,NA,0,0,0,0
Tyree Jackson,TE,1997-11-07,28.854794520547944,7,NA,0,0,0,0
Drew Estrada,WR,1997-07-24,29.145205479452056,1,NA,0,0,0,0
Mike Boone,RB,1995-06-30,31.21095890410959,7,NA,0,0,0,0
Austin Ekeler,RB,1995-05-17,31.33150684931507,9,-3.92736274509804,1.0316176470588294,0,0,-2.8957450980392108
Marvelle Ross,WR,1996-08-13,30.09041095890411,2,NA,0,0,0,0
Nic Jacobs,TE,1991-10-31,34.87397260273973,6,NA,0,0,0,0
Keaton Mitchell,RB,2002-01-17,24.660273972602738,3,0,0,0,88.87062072444576,84.42708968822346
Bobby Rainey,RB,1987-10-16,38.915068493150685,8,NA,0,0,0,0
Kyle Rudolph,TE,1989-11-09,36.84931506849315,12,NA,0,0,0,0
Chris Bell,WR,2004-06-07,22.273972602739725,0,0,0,0,33.29771794008742,31.632832043083052
Chris Blair,WR,1997-10-06,28.942465753424656,5,NA,0,0,0,0
Penny Hart,WR,1996-07-05,30.197260273972603,4,NA,0,0,0,0
Matt Cole,WR,1996-11-07,29.854794520547944,2,NA,0,0,0,0
Tahj Brooks,RB,2002-05-13,24.34246575342466,1,0,0,0,65.67125340174424,62.387690731657024
Ron'quavion Tarver,WR,NA,NA,0,NA,0,0,0,0
Laron Byrd,WR,1989-08-18,37.07671232876712,10,NA,0,0,0,0
Kristian Wilkerson,WR,1997-01-10,29.67945205479452,6,NA,0,0,0,0
Nate Boerkircher,TE,2001-09-04,25.03013698630137,0,NA,0,0,0,0
Joique Bell,RB,1986-08-04,40.11506849315069,10,NA,0,0,0,0
DeAndre Smelter,WR,1991-12-03,34.78356164383562,7,NA,0,0,0,0
Devon Williams,WR,NA,NA,1,NA,0,0,0,0
Taylor Cornelius,QB,NA,NA,0,NA,0,0,0,0
Zane Gonzalez,K,1995-05-07,31.35890410958904,9,NA,0,0,0,0
Christopher Dunn,K,1998-02-19,28.56986301369863,1,NA,0,0,0,0
Lucas Scott,RB,2003-08-25,23.057534246575344,1,NA,0,0,0,0
Tyler Badie,RB,2000-02-07,26.602739726027398,4,0,0,0,54.859152511762765,52.116194886174625
Shaquelle Evans,WR,1991-03-07,35.52602739726027,8,NA,0,0,0,0
Nick Williams,WR,1990-11-23,35.81095890410959,10,NA,0,0,0,0
Marcus Tucker,WR,1992-06-24,34.227397260273975,6,NA,0,0,0,0
Brandon Lewis,WR,NA,NA,1,NA,0,0,0,0
Blake Corum,RB,2000-11-25,25.805479452054794,2,0,0,0,127.6208259698074,121.23978467131703
Jeff Tuel,QB,1991-02-12,35.58904109589041,2,NA,0,0,0,0
Elijah Cooks,WR,1998-10-13,27.923287671232877,3,NA,0,0,0,0
Keenen Brown,TE,1995-12-22,30.731506849315068,3,NA,0,0,0,0
J.J. Koski,WR,1996-12-27,29.71780821917808,3,NA,0,0,0,0
Daniel Bellinger,TE,2000-09-22,25.980821917808218,4,-4.1360294117647065,0,0,26.094367898101066,20.653620091431304
Elijah Tau-Tolliver,RB,2003-05-16,23.334246575342465,0,NA,0,0,0,0
Bryce Pierre,TE,2001-01-25,25.638356164383563,1,NA,0,0,0,0
Lil'Jordan Humphrey,WR,1998-04-19,28.40821917808219,7,0,0,0,0,0
Travell Harris,WR,NA,NA,1,NA,0,0,0,0
Marcus Sanders,WR,2004-07-14,22.172602739726027,0,NA,0,0,0,0
Jalen Tolliver,WR,1995-12-30,30.70958904109589,4,NA,0,0,0,0
Jay Feely,K,1976-05-26,50.30684931506849,13,NA,0,0,0,0
Dalton Crossan,RB,1994-02-25,32.553424657534244,5,NA,0,0,0,0
Kaleb Johnson,RB,2003-08-14,23.087671232876712,1,0,0,0,88.17754178091279,83.76866469186714
Josh Boyce,WR,1991-05-06,35.36164383561644,9,NA,0,0,0,0
Treyton Welch,TE,2001-01-10,25.67945205479452,2,NA,0,0,0,0
Terique Owens,WR,1999-09-25,26.972602739726028,1,NA,0,0,0,0
Eli Wolf,TE,1997-11-03,28.865753424657534,2,NA,0,0,0,0
Nyqwan Murray,WR,1997-07-28,29.134246575342466,3,NA,0,0,0,0
Johnny Holton,WR,1990-08-22,36.06575342465754,6,NA,0,0,0,0
Josh Cribbs,WR,1983-06-09,43.26849315068493,17,NA,0,0,0,0
Jake Bargas,RB,1996-11-28,29.797260273972604,3,NA,0,0,0,0
Rashad Greene,WR,1992-09-23,33.97808219178082,7,NA,0,0,0,0
Woody Marks,RB,2000-12-29,25.71232876712329,1,-3.0997647058823494,0,0,88.18245233394597,80.67356501136632
Arrelious Benn,WR,1988-09-08,38.01917808219178,12,NA,0,0,0,0
Keith Towbridge,TE,1995-05-21,31.32054794520548,5,NA,0,0,0,0
Garrett Johnson,WR,1995-12-03,30.783561643835615,4,NA,0,0,0,0
Rajion Neal,RB,1992-03-28,34.46849315068493,8,NA,0,0,0,0
Roc Thomas,RB,1995-09-02,31.035616438356165,4,NA,0,0,0,0
Garrett Hudson,TE,1995-01-24,31.64109589041096,4,NA,0,0,0,0
ArDarius Stewart,WR,1993-12-08,32.76986301369863,5,NA,0,0,0,0
Cody Schrader,RB,1999-09-08,27.019178082191782,2,0,0,0,0,0
Thomas Ives,WR,1996-06-25,30.224657534246575,3,NA,0,0,0,0
JuJu Smith-Schuster,WR,1996-11-22,29.813698630136987,9,0,0,0,0,0
Skylar Thompson,QB,1997-06-04,29.28219178082192,4,0,0,0,0,0
Darius Bradwell,RB,1997-05-15,29.336986301369862,2,NA,0,0,0,0
British Brooks,RB,1999-11-18,26.824657534246576,2,NA,0,0,0,0
Jeremiah Franklin,TE,NA,NA,0,NA,0,0,0,0
Tanner Morgan,QB,1999-04-17,27.413698630136988,1,NA,0,0,0,0
Dominique Jones,TE,1987-08-15,39.084931506849315,10,NA,0,0,0,0
Russell Gage,WR,1996-01-22,30.646575342465752,7,0,0,0,0,0
Michael Walker,WR,1996-10-29,29.87945205479452,3,NA,0,0,0,0
Tyreek Hill,WR,1994-03-01,32.54246575342466,10,9.046598039215686,54.213176470588245,0,8.448991510820965,71.28631644508386
Tim Jones,WR,1998-05-15,28.336986301369862,5,NA,0,0,0,0
John Kuhn,RB,1982-09-09,44.016438356164386,15,NA,0,0,0,0
Blake Jarwin,TE,1994-07-16,32.16712328767123,5,NA,0,0,0,0
Isaiah Neyor,WR,2001-06-07,25.273972602739725,1,NA,0,0,0,0
Alex Armah,RB,1994-05-17,32.33150684931507,7,NA,0,0,0,0
Wayne Ruby,WR,2000-06-18,26.243835616438357,1,NA,0,0,0,0
Haynes King,QB,2001-01-09,25.682191780821917,0,NA,0,0,0,0
Easton Stick,QB,1995-09-15,31,7,NA,0,0,0,0
David White,WR,2000-07-18,26.161643835616438,1,NA,0,0,0,0
Raphael Leonard,WR,1997-05-26,29.306849315068494,3,NA,0,0,0,0
Jordan Leggett,TE,1995-01-31,31.621917808219177,5,NA,0,0,0,0
Cephus Johnson,WR,1999-09-21,26.983561643835618,1,NA,0,0,0,0
Peyton Hendershot,TE,1999-04-23,27.397260273972602,3,0,0,0,0,0
A.J. Ouellette,RB,1995-07-20,31.156164383561645,3,NA,0,0,0,0
Mike Evans,WR,1993-08-21,33.06849315068493,12,3.7481372549019607,83.48582352941177,5.958333333333332,54.47028482857704,144.93906470479527
Tutu Atwell,WR,1999-10-07,26.93972602739726,5,0,0,0,4.579818634629661,4.350827702898178
LeVante Bellamy,RB,1996-11-28,29.797260273972604,2,NA,0,0,0,0
Paul Browning,WR,1992-08-05,34.11232876712329,10,NA,0,0,0,0
Tyler Adams,WR,1998-08-03,28.117808219178084,1,NA,0,0,0,0
Paul McRoberts,WR,1992-11-15,33.83287671232877,6,NA,0,0,0,0
Tommy Stevens,QB,1996-12-15,29.75068493150685,2,NA,0,0,0,0
Austin Johnson,RB,1989-06-16,37.249315068493154,7,NA,0,0,0,0
Nolan Givan,TE,NA,NA,1,NA,0,0,0,0
Tyler Allgeier,RB,2000-04-15,26.41917808219178,4,0.8925000000000001,0,0,89.8407045261094,86.24116929980393
Josh Smith,WR,1994-03-24,32.47945205479452,4,NA,0,0,0,0
Rob Blanchflower,TE,1990-06-08,36.271232876712325,1,NA,0,0,0,0
Jimmy Horn,WR,2002-09-12,24.008219178082193,1,0,0,0,5.521203103376187,5.245142948207377
William Fuller,WR,1994-04-16,32.416438356164385,6,NA,0,0,0,0
Michael Trigg,TE,2002-06-27,24.21917808219178,0,0,0,0,29.405384237708436,27.935115025823013
Julius Chestnut,RB,2000-10-26,25.887671232876713,4,0,-4.494656862745097,0,0,-4.494656862745097
Donnie Ernsberger,TE,1996-10-13,29.923287671232877,4,NA,0,0,0,0
Blake Annen,TE,1991-05-28,35.3013698630137,8,NA,0,0,0,0
Layne Pryor,TE,2003-04-05,23.446575342465753,1,NA,0,0,0,0
Nikola Kalinic,TE,1997-01-21,29.649315068493152,4,NA,0,0,0,0
Shae Wyatt,WR,1998-09-27,27.96712328767123,1,NA,0,0,0,0
Jordan Harris,WR,1991-12-08,34.76986301369863,0,NA,0,0,0,0
RJ Harvey,RB,2001-02-04,25.610958904109587,1,51.18600980392158,0,0,102.2409166936005,148.31488066284203
Mark Sanchez,QB,1986-11-11,39.843835616438355,13,NA,0,0,0,0
Trey Griffey,WR,1994-01-19,32.654794520547945,5,NA,0,0,0,0
Alex Quevedo,K,1999-05-14,27.339726027397262,1,NA,0,0,0,0
Chase Coffman,TE,1986-11-10,39.846575342465755,11,NA,0,0,0,0
Ty Long,K,1993-04-06,33.443835616438356,7,NA,0,0,0,0
Luke Stocker,TE,1988-07-17,38.16438356164384,11,NA,0,0,0,0
Ja'Marcus Bradley,WR,1996-12-11,29.76164383561644,3,NA,0,0,0,0
Kenny Lawler,WR,1994-06-25,32.224657534246575,6,NA,0,0,0,0
Mikah Holder,WR,1996-01-26,30.635616438356166,4,NA,0,0,0,0
Devine Redding,RB,1996-02-05,30.60821917808219,5,NA,0,0,0,0
Lavon Coleman,RB,1994-12-10,31.764383561643836,4,NA,0,0,0,0
Russell Shepard,WR,1990-09-17,35.99452054794521,9,NA,0,0,0,0
George Winn,RB,1990-11-10,35.846575342465755,7,NA,0,0,0,0
David Fales,QB,1990-10-04,35.94794520547945,8,NA,0,0,0,0
Jason Huntley,RB,1998-04-20,28.405479452054795,3,NA,0,0,0,0
Dylan McDuffie,RB,2000-02-19,26.56986301369863,1,NA,0,0,0,0
Justin Rohrwasser,K,1996-12-07,29.77260273972603,2,NA,0,0,0,0
Kelsey Young,RB,1993-05-04,33.367123287671234,0,NA,0,0,0,0
Jerick McKinnon,RB,1992-05-03,34.36986301369863,10,0,0,0,0,0
Bailey Zappe,QB,1999-04-26,27.389041095890413,4,0,0,0,0,0
Velus Jones,RB,1997-05-11,29.34794520547945,4,NA,0,0,0,0
Player Invalid,RB,NA,NA,0,NA,0,0,0,0
Terrance Williams,WR,1989-09-18,36.99178082191781,9,NA,0,0,0,0
Lirim Hajrullahu,K,1990-04-24,36.394520547945206,2,NA,0,0,0,0
Levi Norwood,WR,1992-06-16,34.249315068493154,1,NA,0,0,0,0
Brian Herrien,RB,1998-02-07,28.602739726027398,2,NA,0,0,0,0
Marcus Peterson,WR,1992-03-20,34.49041095890411,4,NA,0,0,0,0
Khari Blasingame,RB,1996-07-01,30.208219178082192,6,NA,0,0,0,0
Mike Weber,RB,1997-08-27,29.052054794520547,3,NA,0,0,0,0
Dominique Brown,RB,1991-12-27,34.71780821917808,10,NA,0,0,0,0
T.J. Simmons,WR,NA,NA,1,NA,0,0,0,0
Jared Bernhardt,WR,1997-09-12,29.008219178082193,1,NA,0,0,0,0
Spencer Brown,RB,1998-11-13,27.838356164383562,3,NA,0,0,0,0
Brandon Lloyd,WR,1981-07-05,45.1972602739726,11,NA,0,0,0,0
Hunter Long,TE,1998-08-19,28.073972602739726,5,0,0,0,0,0
Ladarius Green,TE,1990-05-29,36.298630136986304,8,NA,0,0,0,0
Savion Williams,WR,2001-11-22,24.813698630136987,1,0,0,0,6.476762677078171,6.1529245432242625
Taylor Elgersma,QB,2002-03-27,24.471232876712328,1,NA,0,0,0,0
Tashard Choice,RB,1984-11-20,41.81917808219178,6,NA,0,0,0,0
Kalif Jackson,TE,NA,NA,1,NA,0,0,0,0
Aldrick Robinson,WR,1988-09-24,37.97534246575343,11,NA,0,0,0,0
Alan Bonner,WR,1990-11-05,35.86027397260274,3,NA,0,0,0,0
Jonathan Garibay,K,NA,NA,1,NA,0,0,0,0
Kurt Benkert,QB,1995-07-17,31.164383561643834,4,NA,0,0,0,0
Kenjon Barner,RB,1989-04-28,37.38356164383562,9,NA,0,0,0,0
Owen Wright,RB,1999-02-28,27.545205479452054,3,NA,0,0,0,0
Brandon Frazier,TE,NA,NA,0,NA,0,0,0,0
Eli Heidenreich,RB,2003-06-28,23.216438356164385,0,0,0,0,67.14908809126098,63.79163368669793
Aaron Lacombe,WR,1995-04-06,31.443835616438356,4,NA,0,0,0,0
Michael Roberts,TE,1994-05-07,32.35890410958904,5,NA,0,0,0,0
Anthony Johnson,WR,1995-01-29,31.627397260273973,3,NA,0,0,0,0
Ryan Nall,RB,1995-12-27,30.71780821917808,4,NA,0,0,0,0
Ervin Philips,WR,NA,NA,0,NA,0,0,0,0
Bryce Oliver,WR,2000-05-19,26.326027397260273,2,NA,0,0,0,0
John Stephens,TE,1999-09-23,26.97808219178082,2,NA,0,0,0,0
Darrius Sims,RB,1994-10-26,31.887671232876713,5,NA,0,0,0,0
Frank Darby,WR,1997-09-08,29.019178082191782,3,NA,0,0,0,0
Collin Schlee,QB,2001-05-30,25.295890410958904,0,NA,0,0,0,0
Lynn Bowden,WR,1997-10-14,28.92054794520548,4,NA,0,0,0,0
Seth McGowan,RB,2001-10-23,24.895890410958906,0,0,0,0,70.12738047736269,66.62101145349456
Domenik Hixon,WR,1984-10-08,41.93698630136986,8,NA,0,0,0,0
Marcus Johnson,WR,1994-08-05,32.11232876712329,7,NA,0,0,0,0
Josh Doctson,WR,1992-12-03,33.78356164383562,6,NA,0,0,0,0
Kyle Markway,TE,1997-03-04,29.534246575342465,2,NA,0,0,0,0
Joseph Fauria,TE,1990-01-16,36.66301369863014,7,NA,0,0,0,0
Brenton Bersin,WR,1990-05-09,36.35342465753425,8,NA,0,0,0,0
Deven Thompkins,WR,1999-12-23,26.72876712328767,4,0,0,0,0,0
Marshawn Lynch,RB,1986-04-22,40.4,15,0,0,0,0,0
Malachi Carter,WR,2000-03-15,26.504109589041096,1,NA,0,0,0,0
Brett Favre,QB,1969-10-10,56.93150684931507,20,NA,0,0,0,0
Nick Tiano,QB,1996-12-10,29.764383561643836,2,NA,0,0,0,0
Jalen Guyton,WR,1997-06-07,29.273972602739725,5,NA,0,0,0,0
Antony Auclair,TE,1993-05-28,33.3013698630137,5,NA,0,0,0,0
Jordan Campbell,RB,1988-06-29,38.21369863013699,1,NA,0,0,0,0
Dayton Wade,WR,2000-09-08,26.019178082191782,2,NA,0,0,0,0
J.P. Holtz,TE,1993-08-28,33.04931506849315,7,NA,0,0,0,0
Dontre Wilson,WR,NA,NA,0,NA,0,0,0,0
Darece Roberson,WR,1998-07-29,28.13150684931507,1,NA,0,0,0,0
Irv Charles,WR,1997-04-13,29.424657534246574,4,NA,0,0,0,0
Phil Lutz,WR,NA,NA,1,NA,0,0,0,0
Floyd Allen,WR,1996-07-16,30.167123287671235,3,NA,0,0,0,0
Paxton Lynch,QB,1994-02-12,32.58904109589041,6,NA,0,0,0,0
Beau Sandland,TE,1993-02-23,33.558904109589044,6,NA,0,0,0,0
Jacob Harris,WR,1997-04-16,29.416438356164385,4,NA,0,0,0,0
Marcus Martin,RB,1995-02-16,31.578082191780823,4,NA,0,0,0,0
Tim Patrick,WR,1993-11-23,32.81095890410959,9,0,-17.324803921568623,0,0,-17.324803921568623
David Garrard,QB,1978-02-14,48.583561643835615,10,NA,0,0,0,0
Joseph Ngata,WR,2001-01-09,25.682191780821917,2,NA,0,0,0,0
Jeremy Kelley,WR,1988-06-09,38.26849315068493,1,NA,0,0,0,0
Aaron Murray,QB,1990-11-10,35.846575342465755,6,NA,0,0,0,0
Treveyon Pratt,WR,2000-05-26,26.306849315068494,1,NA,0,0,0,0
Marquez Clark,WR,1991-09-26,34.96986301369863,10,NA,0,0,0,0
Mekhi Mews,WR,NA,NA,0,NA,0,0,0,0
Josh Rosen,QB,1997-02-10,29.594520547945205,5,NA,0,0,0,0
Nay'Quan Wright,RB,NA,NA,1,NA,0,0,0,0
Keilahn Harris,WR,2001-01-08,25.684931506849313,1,NA,0,0,0,0
Matthew Mulligan,TE,1985-01-18,41.657534246575345,12,NA,0,0,0,0
Jordan Jones,RB,1997-01-20,29.65205479452055,2,NA,0,0,0,0
Dorin Dickerson,TE,1988-03-31,38.46027397260274,4,NA,0,0,0,0
Eli Pancol,WR,2000-07-07,26.19178082191781,1,NA,0,0,0,0
Luke Falk,QB,1994-12-28,31.715068493150685,4,NA,0,0,0,0
Cole Payton,QB,2002-10-26,23.887671232876713,0,0,0,0,0,0
Mik'Quan Deane,TE,NA,NA,3,NA,0,0,0,0
Carlos Henderson,WR,1994-12-19,31.73972602739726,5,NA,0,0,0,0
Jamison Crowder,WR,1993-06-17,33.24657534246575,10,0,0,0,0,0
Evan Hull,RB,2000-10-26,25.887671232876713,3,0,0,0,0,0
Tony Jones,RB,1997-11-24,28.80821917808219,5,NA,0,0,0,0
Brandon Johnson,RB,1993-04-02,33.45479452054794,0,NA,0,0,0,0
Ben Sinnott,TE,2002-06-14,24.254794520547946,2,0,0,0,34.168212407209396,32.45980178684892
Jack Doyle,TE,1990-05-05,36.364383561643834,9,NA,0,0,0,0
Derrick Henry,RB,1994-01-04,32.6958904109589,10,75.02362745098038,142.65806862745097,27.366666666666664,203.70700994735165,438.57002219508206
Michael Miller,TE,1991-09-23,34.97808219178082,9,NA,0,0,0,0
Nick Schuessler,QB,NA,NA,1,NA,0,0,0,0
Daniel Williams,WR,1995-08-06,31.10958904109589,5,NA,0,0,0,0
Joey Iosefa,RB,1991-06-19,35.24109589041096,5,NA,0,0,0,0
DJ Williams,TE,1988-09-10,38.013698630136986,4,NA,0,0,0,0
Nick O'Leary,TE,1992-08-31,34.04109589041096,7,NA,0,0,0,0
Cameron Ward,QB,2002-05-25,24.30958904109589,1,-16.599980392156862,0,0,396.30144945387457,359.88639658902395
Ke'Shawn Vaughn,RB,1997-05-04,29.367123287671234,5,NA,0,0,0,0
Sean Ryan,WR,1999-01-21,27.649315068493152,1,NA,0,0,0,0
Trey Millard,RB,1991-07-21,35.153424657534245,8,NA,0,0,0,0
Seth Dawkins,WR,1998-08-16,28.08219178082192,2,NA,0,0,0,0
Jerome Ford,RB,1999-09-12,27.008219178082193,4,-12.247382352941177,15.185637254901966,0,0,2.9382549019607893
D'Ernest Johnson,RB,1996-02-27,30.54794520547945,7,0,0,0,0,0
Tai Felton,WR,2003-03-15,23.504109589041096,1,0,0,0,7.126958216142892,6.770610305335747
Cody Parkey,K,1992-02-19,34.56986301369863,8,NA,0,0,0,0
Matt McCrane,K,1994-09-08,32.01917808219178,6,NA,0,0,0,0
Dez Stewart,WR,1993-04-18,33.41095890410959,6,NA,0,0,0,0
Jeremy Ross,WR,1988-03-16,38.5013698630137,9,NA,0,0,0,0
Louis Rees-Zammit,RB,2001-02-02,25.616438356164384,1,NA,0,0,0,0
Bruno Labelle,TE,1997-06-03,29.284931506849315,1,NA,0,0,0,0
Torrence Allen,WR,1991-03-31,35.46027397260274,2,NA,0,0,0,0
Gabe Holmes,TE,1991-03-29,35.465753424657535,7,NA,0,0,0,0
David Marvin,K,1995-04-05,31.446575342465753,4,NA,0,0,0,0
Robbie Ouzts,RB,2002-09-06,24.024657534246575,1,NA,0,0,0,0
Devin Duvernay,WR,1997-09-12,29.008219178082193,6,0,0,0,0,0
Grant Finley,RB,NA,NA,0,NA,0,0,0,0
Jake Wieneke,WR,1994-09-14,32.0027397260274,4,NA,0,0,0,0
Tim Boyle,QB,1994-10-03,31.95068493150685,7,NA,0,0,0,0
DeAndre Carter,WR,1993-04-10,33.43287671232877,11,NA,0,0,0,0
Puka Nacua,WR,2001-05-29,25.2986301369863,3,205.37048039215688,95.40480392156864,1.458333333333334,394.35598632768506,676.8718046583597
Caden Davis,K,2001-02-27,25.54794520547945,1,NA,0,0,0,0
Dan Villari,TE,2002-06-29,24.213698630136985,0,NA,0,0,0,0
Devin Carter,WR,2002-03-18,24.495890410958904,1,NA,0,0,0,0
Drew Stevens,K,2003-12-09,22.767123287671232,0,NA,0,0,0,0
Andrei Iosivas,WR,1999-10-15,26.91780821917808,3,-0.3775098039215674,0,0,5.071419399182917,4.4403386253022035
Robert Davis,WR,1995-04-02,31.454794520547946,5,NA,0,0,0,0
Kalil Pimpleton,WR,1998-12-09,27.767123287671232,1,NA,0,0,0,0
Shay Fields,WR,1996-06-22,30.232876712328768,4,NA,0,0,0,0
Jeff Heuerman,TE,1992-11-24,33.80821917808219,7,NA,0,0,0,0
Brian St Pierre,QB,1979-11-28,46.797260273972604,8,NA,0,0,0,0
Dalton Sturm,QB,1995-09-15,31,4,NA,0,0,0,0
Tre Watson,TE,2002-10-12,23.926027397260274,1,NA,0,0,0,0
Trestan Ebner,RB,1999-01-02,27.7013698630137,1,NA,0,0,0,0
Ryan O'Malley,TE,1993-07-24,33.14520547945205,6,NA,0,0,0,0
Jonathan Williams,RB,1994-02-02,32.61643835616438,8,NA,0,0,0,0
Troy Niklas,TE,1992-09-18,33.99178082191781,6,NA,0,0,0,0
JaMycal Hasty,RB,1996-09-12,30.008219178082193,6,0,0,0,0,0
Player Invalid,WR,NA,NA,0,NA,0,0,0,0
Jaylon Moore,WR,1997-07-01,29.208219178082192,4,NA,0,0,0,0
Karan Higdon,RB,1996-09-08,30.019178082191782,3,NA,0,0,0,0
C.J. Fiedorowicz,TE,1991-10-22,34.8986301369863,6,NA,0,0,0,0
Jordan Palmer,QB,1984-05-30,42.295890410958904,5,NA,0,0,0,0
Antonio Gandy-Golden,TE,1998-04-11,28.43013698630137,2,NA,0,0,0,0
Toby Gerhart,RB,1987-03-28,39.46849315068493,10,NA,0,0,0,0
Jelani Baker,WR,2000-11-13,25.838356164383562,1,NA,0,0,0,0
Keleki Latu,TE,2002-08-13,24.09041095890411,1,NA,0,0,0,0
Jjay Mcafee,TE,NA,NA,1,NA,0,0,0,0
Malachi Corley,WR,2002-03-21,24.487671232876714,2,0,0,0,6.56136317194276,6.2332950133456215
Michael Robinson,RB,1983-02-06,43.605479452054794,8,NA,0,0,0,0
Andrew Hawkins,WR,1986-03-10,40.51780821917808,9,NA,0,0,0,0
Damiere Byrd,WR,1993-01-27,33.632876712328766,9,NA,0,0,0,0
Josh Caldwell,RB,1996-05-28,30.301369863013697,3,NA,0,0,0,0
Calvin Ridley,WR,1994-12-20,31.736986301369864,8,-12.6483431372549,16.56326470588236,0,9.378155073258991,12.824168888223502
Josh Reynolds,WR,1995-02-16,31.578082191780823,9,0,0,0,0,0
Brycen Hopkins,TE,1997-03-27,29.471232876712328,4,NA,0,0,0,0
Dedrick Mills,RB,1996-12-27,29.71780821917808,1,NA,0,0,0,0
Jack Stoll,TE,1998-01-28,28.63013698630137,5,NA,0,0,0,0
Arian Foster,RB,1986-08-24,40.06027397260274,11,NA,0,0,0,0
Ryan Nassib,QB,1990-03-10,36.51780821917808,7,NA,0,0,0,0
Will Ratelle,RB,1993-03-01,33.54246575342466,6,NA,0,0,0,0
Ricardo Louis,WR,1994-03-23,32.48219178082192,6,NA,0,0,0,0
Dez Fitzpatrick,WR,1997-12-17,28.745205479452054,4,NA,0,0,0,0
Player Invalid,RB,NA,NA,0,NA,0,0,0,0
Quadree Henderson,WR,1996-09-12,30.008219178082193,4,NA,0,0,0,0
Tommy Hudson,TE,1997-02-22,29.561643835616437,4,NA,0,0,0,0
De'Zhaun Stribling,WR,2002-12-18,23.742465753424657,0,0,0,0,115.53429130695694,109.75757674160909
Riley Cooper,WR,1987-09-09,39.016438356164386,10,NA,0,0,0,0
Otis Anderson,RB,1998-11-12,27.84109589041096,1,NA,0,0,0,0
Ricky Collins,WR,1992-03-05,34.53150684931507,10,NA,0,0,0,0
Darvin Kidsy,WR,1995-03-19,31.493150684931507,4,NA,0,0,0,0
Rashard Higgins,WR,1994-10-07,31.93972602739726,7,NA,0,0,0,0
Brayden Willis,TE,1999-11-11,26.843835616438355,3,NA,0,0,0,0
Player Invalid,RB,NA,NA,0,NA,0,0,0,0
Andre Johnson,WR,1981-07-11,45.18082191780822,17,NA,0,0,0,0
Clive Walford,TE,1991-10-01,34.95616438356164,7,NA,0,0,0,0
Tony Scheffler,TE,1983-02-15,43.58082191780822,8,NA,0,0,0,0
Cam Camper,WR,2001-08-21,25.068493150684933,1,NA,0,0,0,0
Kenny Pickett,QB,1998-06-06,28.276712328767122,4,-9.909803921568628,0,0,0,-9.909803921568628
Darnell Washington,TE,2001-08-17,25.07945205479452,3,0,0,0,40.51471233862772,38.48897672169633
Devante Mays,RB,1994-05-26,32.30684931506849,5,NA,0,0,0,0
Kawaan Baker,WR,1998-08-24,28.06027397260274,4,NA,0,0,0,0
Will Shipley,RB,2002-08-29,24.046575342465754,2,0,0,0,60.925643741955305,57.87936155485754
Chimere Dike,WR,2001-12-14,24.753424657534246,1,-2.8556372549019606,0,0,15.261586046423703,11.642869489200557
Jarrett Boykin,WR,1989-11-04,36.863013698630134,4,NA,0,0,0,0
Kiero Small,RB,1989-05-01,37.37534246575343,1,NA,0,0,0,0
Marlin Klein,TE,2002-09-17,23.994520547945207,0,0,0,0,28.293647749860124,26.878965362367115
Jacob Huesman,QB,1993-02-27,33.54794520547945,5,NA,0,0,0,0
A.J. Brown,WR,1997-06-30,29.21095890410959,7,32.165480392156866,90.03406862745099,-5.341666666666667,160.45847054662238,269.2934293722324
Dan Orlovsky,QB,1983-08-18,43.07671232876712,15,NA,0,0,0,0
Christian McCaffrey,RB,1996-06-07,30.273972602739725,9,268.7131862745098,-1.402078431372547,5.866666666666668,232.9867888677399,494.5152239341568
Doug Baldwin,WR,1988-09-21,37.983561643835614,11,NA,0,0,0,0
Gunner Olszewski,WR,1996-11-26,29.802739726027397,7,NA,0,0,0,0
Austin Ramesh,RB,1995-01-31,31.621917808219177,4,NA,0,0,0,0
Colby Pearson,WR,1995-01-19,31.654794520547945,5,NA,0,0,0,0
Mike McFarland,TE,1991-11-15,34.83287671232877,1,NA,0,0,0,0
Geremy Davis,WR,1992-01-10,34.679452054794524,7,NA,0,0,0,0
Diontae Johnson,WR,1996-07-05,30.197260273972603,6,0,-2.654823529411761,0,0,-2.654823529411761
Charles McClelland,RB,1999-04-10,27.432876712328767,1,NA,0,0,0,0
Darrell Stewart,WR,1996-07-14,30.172602739726027,2,NA,0,0,0,0
Elijah McGuire,RB,1994-06-01,32.29041095890411,5,NA,0,0,0,0
Kaden Prather,WR,2002-09-06,24.024657534246575,1,NA,0,0,0,0
JaQuae Jackson,WR,2000-01-30,26.624657534246577,2,NA,0,0,0,0
Jeff Luc,TE,1992-02-14,34.583561643835615,1,NA,0,0,0,0
Romar Morris,RB,1992-10-21,33.9013698630137,6,NA,0,0,0,0
Ryan Switzer,WR,1994-11-04,31.863013698630137,5,NA,0,0,0,0
Tyler Hudson,WR,2000-09-11,26.01095890410959,1,NA,0,0,0,0
Aaron Fuller,WR,1997-09-30,28.958904109589042,2,NA,0,0,0,0
Tyrone Swoopes,TE,1994-11-14,31.835616438356166,5,NA,0,0,0,0
Thomas Greaney,TE,1998-11-16,27.83013698630137,1,NA,0,0,0,0
Tim DeMorat,QB,1999-10-18,26.90958904109589,1,NA,0,0,0,0
Kevin Smith,WR,1991-12-21,34.73424657534247,6,NA,0,0,0,0
Dustin Vaughan,QB,1991-01-27,35.632876712328766,8,NA,0,0,0,0
Kyre Duplessis,WR,NA,NA,0,NA,0,0,0,0
Matt Breida,RB,1995-02-28,31.545205479452054,7,NA,0,0,0,0
Dontrelle Inman,WR,1989-01-31,37.62191780821918,11,NA,0,0,0,0
Josh Scobee,K,1982-06-23,44.23013698630137,16,NA,0,0,0,0
BJ Baylor,RB,1998-09-08,28.019178082191782,1,NA,0,0,0,0
Justin Fields,QB,1999-03-05,27.53150684931507,5,29.041901960784315,-6.603588235294119,0,128.21609565711668,144.24360459975105
Samson Nacua,WR,NA,NA,1,NA,0,0,0,0
Cole Herdman,TE,1995-06-27,31.21917808219178,3,NA,0,0,0,0
Tim Wilson,WR,1994-02-16,32.57808219178082,4,NA,0,0,0,0
Jaxon Janke,WR,1999-11-10,26.846575342465755,1,NA,0,0,0,0
Keith Kirkwood,WR,1994-12-26,31.720547945205478,8,NA,0,0,0,0
Cayleb Jones,WR,1993-03-21,33.487671232876714,6,NA,0,0,0,0
Cade York,K,2001-01-27,25.632876712328766,4,NA,0,0,0,0
Amari Cooper,WR,1994-06-17,32.24657534246575,10,0,-35.185529411764705,0,0,-35.185529411764705
Jake Funk,RB,1998-01-11,28.676712328767124,3,NA,0,0,0,0
Keith Marshall,RB,1994-02-16,32.57808219178082,6,NA,0,0,0,0
Michael Rector,WR,1993-12-16,32.74794520547945,5,NA,0,0,0,0
Wes Lunt,QB,1993-10-07,32.93972602739726,5,NA,0,0,0,0
Tevin Coleman,RB,1993-04-16,33.416438356164385,8,NA,0,0,0,0
Saquon Barkley,RB,1997-02-09,29.5972602739726,8,67.40985294117647,191.8389019607843,1.066666666666667,233.44489431820335,482.08807117092056
Justin Rigg,TE,1998-03-13,28.50958904109589,2,NA,0,0,0,0
Jordan Reed,TE,1990-07-03,36.202739726027396,9,NA,0,0,0,0
Hunter Dekkers,QB,2001-07-04,25.2,1,NA,0,0,0,0
Taylor Sloat,TE,NA,NA,12,NA,0,0,0,0
Kevin Marks,RB,1998-03-31,28.46027397260274,1,NA,0,0,0,0
David Richards,WR,1993-05-04,33.367123287671234,0,NA,0,0,0,0
Kennedy Brooks,RB,1998-10-08,27.936986301369863,1,NA,0,0,0,0
Mike Williams,WR,1994-10-04,31.947945205479453,8,0,0,0,0,0
Praise Olatoke,WR,2000-06-23,26.23013698630137,1,NA,0,0,0,0
Hakeem Nicks,WR,1988-01-14,38.66849315068493,11,NA,0,0,0,0
James Mitchell,TE,1999-08-11,27.095890410958905,4,NA,0,0,0,0
Kobe Hudson,WR,NA,NA,1,NA,0,0,0,0
Damien Williams,RB,1992-04-03,34.45205479452055,9,NA,0,0,0,0
Bryce Bobo,WR,1995-06-21,31.235616438356164,4,NA,0,0,0,0
Joe McKnight,RB,1988-04-16,38.416438356164385,4,NA,0,0,0,0
Darius Victor,RB,1994-03-18,32.49589041095891,5,NA,0,0,0,0
Player Invalid,WR,NA,NA,0,NA,0,0,0,0
Zach Horton,TE,2002-12-02,23.786301369863015,1,NA,0,0,0,0
Seyi Ajirotutu,WR,1987-06-12,39.26027397260274,10,NA,0,0,0,0
Je'Quan Burton,WR,2000-03-08,26.523287671232875,1,NA,0,0,0,0
Parker Hesse,TE,1995-05-26,31.306849315068494,5,NA,0,0,0,0
Ian Wheeler,RB,2001-09-15,25,2,NA,0,0,0,0
Jaelon Acklin,WR,1995-08-10,31.0986301369863,4,NA,0,0,0,0
Sean McGrath,TE,1987-12-03,38.78356164383562,8,NA,0,0,0,0
Marshall Morgan,K,1993-11-28,32.797260273972604,9,NA,0,0,0,0
Ahmad Fulwood,WR,NA,NA,5,NA,0,0,0,0
C.J. Spiller,RB,1987-08-05,39.11232876712329,10,NA,0,0,0,0
Freddie Brown,WR,1986-06-24,40.227397260273975,0,NA,0,0,0,0
Josh Gordon,WR,1991-04-13,35.42465753424658,10,NA,0,0,0,0
Christine Michael,RB,1990-11-09,35.84931506849315,9,NA,0,0,0,0
Jason Sanders,K,1995-11-16,30.83013698630137,8,0,31.791176470588233,0,0,31.791176470588233
Tony Pollard,RB,1997-04-30,29.378082191780823,7,8.772892156862746,51.259460784313745,-3.5333333333333323,77.26893525854439,129.90450810346033
Jonah Trinnaman,WR,1996-07-20,30.156164383561645,4,NA,0,0,0,0
Michael Bandy,WR,1997-12-05,28.778082191780822,5,NA,0,0,0,0
Ted Ginn,WR,1985-04-12,41.42739726027397,15,NA,0,0,0,0
Stephen Gosnell,WR,2001-10-22,24.898630136986302,1,NA,0,0,0,0
George Holani,RB,1999-12-16,26.747945205479454,2,0,0,0,70.29439784325126,66.7796779510887
Clayton Tune,QB,1999-03-23,27.482191780821918,3,0,0,0,0,0
Daniel Lasco,RB,1992-10-09,33.93424657534246,6,NA,0,0,0,0
Leon Washington,RB,1982-08-29,44.04657534246575,9,NA,0,0,0,0
Dalen Cambre,WR,2001-04-10,25.432876712328767,1,NA,0,0,0,0
Clay Harbor,TE,1987-07-02,39.205479452054796,10,NA,0,0,0,0
Chris Brazzell II,WR,2003-09-22,22.980821917808218,0,0,0,0,14.791619876905772,14.052038883060483
Jaylin Lane,WR,2002-05-01,24.375342465753423,1,0,0,0,13.70160705063414,13.016526698102432
Danny Anthrop,WR,1993-05-29,33.298630136986304,9,NA,0,0,0,0
Braydon Johnson,WR,1998-12-02,27.786301369863015,1,NA,0,0,0,0
Rysen John,TE,1997-12-20,28.736986301369864,2,NA,0,0,0,0
Karlos Williams,RB,1993-05-04,33.367123287671234,5,NA,0,0,0,0
Justin Blackmon,WR,1990-01-09,36.68219178082192,10,NA,0,0,0,0
Jared Abbrederis,WR,1990-12-07,35.772602739726025,6,NA,0,0,0,0
Tre Tucker,WR,2001-03-08,25.523287671232875,3,-6.927088235294117,0,0,18.148403122664806,10.313894731237447
Ja'Mori Maclin,WR,2001-09-08,25.019178082191782,0,NA,0,0,0,0
Darrell Henderson,RB,1997-08-19,29.073972602739726,4,NA,0,0,0,0
Stanley Morgan,WR,1996-09-07,30.02191780821918,6,NA,0,0,0,0
Eric Wallace,TE,1988-12-13,37.75616438356165,6,NA,0,0,0,0
Spencer Sanders,QB,1999-12-15,26.75068493150685,1,NA,0,0,0,0
Trey McBride,TE,1999-11-22,26.813698630136987,4,180.73186274509808,116.13887254901962,15.558333333333334,436.7701500323164,727.3607111581516
Jadarian Price,RB,2003-10-09,22.934246575342467,0,0,0,0,301.85180866769906,286.7592182343141
Marcel Reece,RB,1985-06-23,41.23013698630137,12,NA,0,0,0,0
Camerun Peoples,RB,1999-09-14,27.002739726027396,1,NA,0,0,0,0
Peyton Manning,QB,1976-03-24,50.47945205479452,22,NA,0,0,0,0
Jhurell Pressley,RB,1992-05-20,34.323287671232876,6,NA,0,0,0,0
Quintin Morris,TE,1999-01-21,27.649315068493152,5,NA,0,0,0,0
Alex Wesley,WR,1995-10-27,30.884931506849316,3,NA,0,0,0,0
Adam Choice,RB,1995-11-30,30.791780821917808,3,NA,0,0,0,0
Jonathan Grimes,RB,1989-12-21,36.73424657534247,8,NA,0,0,0,0
Davon Booth,RB,2002-01-23,24.643835616438356,0,NA,0,0,0,0
Alec Pierce,WR,2000-05-02,26.372602739726027,4,-2.8867352941176474,0,0,64.9235792186688,58.790664963617715
Sam Bradford,QB,1987-11-08,38.85205479452055,11,NA,0,0,0,0
Ryan Jones,TE,1999-08-20,27.07123287671233,1,NA,0,0,0,0
Kenny Bell,WR,1992-02-25,34.553424657534244,7,NA,0,0,0,0
Joshua Kelley,RB,1997-11-20,28.81917808219178,5,0,0,0,0,0
John Hightower,WR,1996-05-31,30.293150684931508,3,NA,0,0,0,0
Tre McBride,WR,1992-12-01,33.78904109589041,5,NA,0,0,0,0
Kai Locksley,WR,1996-11-17,29.827397260273973,1,NA,0,0,0,0
Marcus Marshall,RB,1997-02-23,29.55890410958904,3,NA,0,0,0,0
Player Invalid,WR,NA,NA,0,NA,0,0,0,0
Aaron Anderson,WR,2002-12-02,23.786301369863015,0,NA,0,0,0,0
David Morgan,TE,1993-05-19,33.326027397260276,6,NA,0,0,0,0
Kendall Hinton,WR,1997-02-19,29.56986301369863,3,NA,0,0,0,0
Tony Creecy,RB,1992-05-22,34.31780821917808,10,NA,0,0,0,0
Jordan Gay,K,1990-03-29,36.465753424657535,7,NA,0,0,0,0
Matthew Trickett,K,1999-09-23,26.97808219178082,1,NA,0,0,0,0
Jeff King,TE,1983-02-19,43.56986301369863,8,NA,0,0,0,0
Sean McKeon,TE,1997-12-28,28.715068493150685,6,NA,0,0,0,0
Marion Grice,RB,1992-04-10,34.43287671232877,2,NA,0,0,0,0
Kedon Slovis,QB,2001-04-11,25.43013698630137,2,NA,0,0,0,0
Hunter Henry,TE,1994-12-07,31.77260273972603,10,20.258588235294116,-0.29264705882352615,0,41.20777797364552,59.11333025143384
Duplicate Player,WR,NA,NA,0,NA,0,0,0,0
Joe Licata,QB,1992-11-16,33.83013698630137,0,NA,0,0,0,0
Louis Murphy,WR,1987-05-11,39.347945205479455,11,NA,0,0,0,0
Chase Dixon,TE,1991-05-30,35.295890410958904,1,NA,0,0,0,0
Carlton Mitchell,WR,1988-04-06,38.443835616438356,4,NA,0,0,0,0
Brandon Gibson,WR,1987-08-31,39.04109589041096,7,NA,0,0,0,0
Richie Brockel,RB,1986-07-24,40.14520547945205,10,NA,0,0,0,0
Richie Brockel,TE,1986-07-24,40.14520547945205,10,NA,0,0,0,0
James Gilbert,RB,1995-11-10,30.846575342465755,2,NA,0,0,0,0
Carlton Agudosi,WR,1994-02-01,32.61917808219178,5,NA,0,0,0,0
Phillip Brooks,WR,1999-09-19,26.98904109589041,1,NA,0,0,0,0
Deon Yelder,TE,1995-03-06,31.528767123287672,4,NA,0,0,0,0
Darius Davis,WR,NA,NA,11,NA,0,0,0,0
Josh Gable,K,1990-09-12,36.00821917808219,0,NA,0,0,0,0
Mitchell Trubisky,QB,1994-08-20,32.07123287671233,9,0,0,0,0,0
Roman Hemby,RB,2002-08-16,24.08219178082192,0,NA,0,0,0,0
Kevin Foelsch,TE,2001-04-13,25.424657534246574,1,NA,0,0,0,0
Brennan Eagles,WR,NA,NA,1,NA,0,0,0,0
Trebor Pena,WR,2002-02-21,24.564383561643837,0,NA,0,0,0,0
Jordan Leslie,WR,1991-10-31,34.87397260273973,7,NA,0,0,0,0
Trevor Lawrence,QB,1999-10-06,26.942465753424656,5,161.16276470588235,23.95257843137255,15.803333333333336,535.0070719102166,709.175394785294
Matt Corral,QB,1999-01-31,27.621917808219177,2,NA,0,0,0,0
Jaxson Dart,QB,2003-05-13,23.34246575342466,1,49.38161764705882,0,16.303333333333335,501.94976977862586,542.5372322700866
Andy Tanner,WR,1988-05-16,38.33424657534247,2,NA,0,0,0,0
Chris Hilton,WR,2002-10-11,23.92876712328767,0,NA,0,0,0,0
Jaheim Bell,TE,2001-06-14,25.254794520547946,2,0,0,0,0,0
Rashad Ross,WR,1990-02-02,36.61643835616438,7,NA,0,0,0,0
Martellus Bennett,TE,1987-03-10,39.51780821917808,12,NA,0,0,0,0
Chase Curtis,TE,NA,NA,0,NA,0,0,0,0
Torrey Smith,WR,1989-01-26,37.635616438356166,11,NA,0,0,0,0
Daryl Richardson,RB,1990-04-12,36.42739726027397,8,NA,0,0,0,0
M Harris,WR,1989-03-01,37.54246575342466,1,NA,0,0,0,0
Marchie Murdock,WR,1995-01-07,31.687671232876713,4,NA,0,0,0,0
Roland Rivers,QB,NA,NA,1,NA,0,0,0,0
Savon Scarver,WR,NA,NA,1,NA,0,0,0,0
Tommy Bohanon,RB,1990-09-10,36.013698630136986,9,NA,0,0,0,0
Michael Cox,RB,1988-11-14,37.83561643835616,2,NA,0,0,0,0
David Grinnage,TE,1994-02-24,32.556164383561644,6,NA,0,0,0,0
Evan Engram,TE,1994-09-02,32.035616438356165,9,-3.002892156862745,5.03367647058824,0,29.97815166970268,30.51002839994304
LaMichael James,RB,1989-10-22,36.8986301369863,8,NA,0,0,0,0
Josh Vann,WR,2000-03-10,26.517808219178082,1,NA,0,0,0,0
Harrison Wallace,WR,2003-04-23,23.397260273972602,0,NA,0,0,0,0
Jacory Croskey-Merritt,RB,2001-04-12,25.427397260273974,1,-18.12871568627451,0,0,100.87175114169592,77.69944789833662
Braxton Deaver,TE,1992-05-08,34.35616438356164,0,NA,0,0,0,0
Jamire Jordan,WR,NA,NA,3,NA,0,0,0,0
Chris Manhertz,TE,1992-04-10,34.43287671232877,11,NA,0,0,0,0
Ezekiel Elliott,RB,1995-07-22,31.15068493150685,9,0,-7.899656862745098,0,0,-7.899656862745098
Nick Easley,WR,1997-01-14,29.66849315068493,3,NA,0,0,0,0
Lavelle Hawkins,WR,1986-07-12,40.178082191780824,7,NA,0,0,0,0
Jordan Payton,WR,1993-09-01,33.038356164383565,6,NA,0,0,0,0
Julius Thomas,TE,1988-06-27,38.21917808219178,9,NA,0,0,0,0
K.J. Costello,QB,1997-06-07,29.273972602739725,1,NA,0,0,0,0
Kendrick Ings,WR,1990-06-17,36.24657534246575,11,NA,0,0,0,0
Will Grier,QB,1995-04-03,31.45205479452055,7,NA,0,0,0,0
Chase Claypool,WR,1998-07-07,28.19178082191781,4,NA,0,0,0,0
Antonio Gibson,RB,1998-06-23,28.23013698630137,6,0,5.085343137254901,0,0,5.085343137254901
Connor Hamlett,TE,1992-04-12,34.42739726027397,7,NA,0,0,0,0
Cam Newton,QB,1989-05-11,37.347945205479455,11,NA,0,0,0,0
Barika Kpeenu,RB,NA,NA,0,NA,0,0,0,0
Tyler Ferguson,QB,1994-01-07,32.68767123287671,5,NA,0,0,0,0
Quinshad Davis,WR,1994-05-24,32.31232876712329,0,NA,0,0,0,0
Josh Williams,RB,2001-06-09,25.268493150684932,1,NA,0,0,0,0
Charlie Taumoepeau,TE,1998-03-25,28.476712328767125,2,NA,0,0,0,0
Josh Morgan,WR,1985-06-20,41.23835616438356,8,NA,0,0,0,0
Matt Prater,K,1984-08-10,42.0986301369863,20,-5.6343137254901965,0,0,0,-5.6343137254901965
Malik Williams,RB,1996-06-20,30.23835616438356,4,NA,0,0,0,0
Teagan Quitoriano,TE,2000-03-15,26.504109589041096,4,NA,0,0,0,0
Tiyon Evans,RB,2001-06-17,25.246575342465754,1,NA,0,0,0,0
Phillip Tanner,RB,1988-08-08,38.104109589041094,3,NA,0,0,0,0
Jaquarii Roberson,WR,1998-07-28,28.134246575342466,1,NA,0,0,0,0
Marques Colston,WR,1983-06-05,43.27945205479452,14,NA,0,0,0,0
Garrett Hartley,K,1986-05-16,40.33424657534247,7,NA,0,0,0,0
Sy Barnett,WR,1997-12-05,28.778082191780822,1,NA,0,0,0,0
Jaelen Strong,WR,1994-01-25,32.63835616438356,5,NA,0,0,0,0
Anthony Dable,WR,1988-09-25,37.97260273972603,6,NA,0,0,0,0
Cameron Clear,TE,1993-02-25,33.553424657534244,10,NA,0,0,0,0
Steve Johnson,WR,1986-07-22,40.15068493150685,12,NA,0,0,0,0
Dredrick Snelson,WR,1998-03-28,28.46849315068493,3,NA,0,0,0,0
J.J. McCarthy,QB,2003-01-20,23.65205479452055,2,23.071235294117653,0,0,156.36597419738405,171.6189107816325
John Rhys Plumlee,QB,2001-01-02,25.7013698630137,2,NA,0,0,0,0
Evan Spencer,WR,1993-05-26,33.30684931506849,5,NA,0,0,0,0
Braedon Bowman,TE,1994-01-30,32.62465753424657,6,NA,0,0,0,0
Kyle Philips,WR,1999-06-17,27.246575342465754,3,NA,0,0,0,0
Matt Colburn,RB,1997-07-27,29.136986301369863,3,NA,0,0,0,0
Marcus Easley,WR,1987-11-02,38.868493150684934,10,NA,0,0,0,0
Sincere McCormick,RB,2000-09-10,26.013698630136986,4,0,0,0,0,0
Shayne Graham,K,1977-12-09,48.76712328767123,20,NA,0,0,0,0
TD Ayo-Durojaiye,RB,NA,NA,1,NA,0,0,0,0
Chase Daniel,QB,1986-10-07,39.93972602739726,14,NA,0,0,0,0
Rashid Shaheed,WR,1998-08-31,28.041095890410958,4,-2.7635686274509803,0,0,14.873650939564518,11.366399765135313
Thaddeus Lewis,QB,1987-11-19,38.821917808219176,10,NA,0,0,0,0
Malachi Fields,WR,2003-08-26,23.054794520547944,0,0,0,0,25.363864134039805,24.095670927337814
Olamide Zaccheaus,WR,1997-07-23,29.147945205479452,7,-5.3220882352941175,0,0,4.661367126328386,-0.8937894652821505
Francis Owusu,WR,1994-12-27,31.71780821917808,3,NA,0,0,0,0
Garrett Dickerson,TE,1995-12-30,30.70958904109589,4,NA,0,0,0,0
Jeff Caldwell,WR,2003-03-02,23.53972602739726,0,NA,0,0,0,0
Casey Bauman,QB,2000-05-18,26.328767123287673,1,NA,0,0,0,0
Michael Vick,QB,1980-06-26,46.221917808219175,19,NA,0,0,0,0
Ramel Keyton,WR,2000-09-14,26.002739726027396,1,NA,0,0,0,0
Steven Dunbar,WR,1995-12-19,30.73972602739726,4,NA,0,0,0,0
Dante Rosario,TE,1984-10-25,41.89041095890411,9,NA,0,0,0,0
Player Invalid,WR,NA,NA,0,NA,0,0,0,0
KJ Hill,WR,1997-09-15,29,2,NA,0,0,0,0
Andrew Gleichert,TE,1992-01-13,34.67123287671233,10,NA,0,0,0,0
Mike Hartline,QB,NA,NA,NA,NA,0,0,0,0
Austin Seibert,K,1996-11-15,29.832876712328765,6,0,2.230882352941177,0,0,2.230882352941177
Ryan Lindley,QB,1989-06-22,37.23287671232877,8,NA,0,0,0,0
Austin Carr,WR,1993-12-25,32.723287671232875,5,NA,0,0,0,0
Saeed Blacknall,WR,1996-03-17,30.4986301369863,4,NA,0,0,0,0
Cam Johnson,WR,1999-04-12,27.427397260273974,1,NA,0,0,0,0
Phillip Sims,QB,1992-08-15,34.084931506849315,10,NA,0,0,0,0
Sean Culkin,TE,1993-06-11,33.26301369863014,5,NA,0,0,0,0
Will Reichard,K,2001-01-09,25.682191780821917,2,1.9642156862745104,16.91617647058824,0,0,18.88039215686275
Le'Veon Moss,RB,2002-11-15,23.832876712328765,0,0,0,0,49.35925685939961,46.891294016429626
Isaiah Hodgins,WR,1998-10-21,27.9013698630137,6,0,0,0,0,0
Henry Krieger-Coble,TE,1992-06-12,34.26027397260274,6,NA,0,0,0,0
Ashton Jeanty,RB,2003-12-02,22.786301369863015,1,74.10824509803923,0,24.76666666666667,443.97857397383046,520.6545570398448
Jonathan Mingo,WR,2001-04-20,25.405479452054795,3,0,0,0,6.024523347436516,5.72329718006469
Mitch Mathews,WR,1991-04-15,35.41917808219178,6,NA,0,0,0,0
Riley Leonard,QB,2002-09-13,24.005479452054793,1,0,0,0,114.02736422800363,108.32599601660344
Jacob Warren,TE,2000-04-13,26.424657534246574,1,NA,0,0,0,0
Germone Hopper,WR,1993-10-22,32.8986301369863,5,NA,0,0,0,0
Mitchell Evans,TE,2003-03-18,23.495890410958904,1,0,0,0,28.892009328413337,27.44740886199267
Zander Horvath,RB,1998-12-10,27.764383561643836,2,NA,0,0,0,0
Terion Stewart,RB,2001-11-29,24.794520547945204,0,0,0,0,0,0
Keshawn Martin,WR,1990-03-15,36.50410958904109,8,NA,0,0,0,0
Silas Bolden,WR,2001-11-09,24.84931506849315,1,NA,0,0,0,0
Pharoah McKever,TE,1994-02-04,32.61095890410959,4,NA,0,0,0,0
Chris Rodriguez Jr.,RB,1999-09-26,26.96986301369863,3,0,0,0,78.96343008701362,75.01525858266294
Chad Kelly,QB,1994-03-26,32.47397260273973,5,NA,0,0,0,0
Taylor McNamara,TE,1994-08-12,32.09315068493151,5,NA,0,0,0,0
Buddy Howell,RB,1996-03-27,30.471232876712328,4,NA,0,0,0,0
Rashaad Penny,RB,1996-02-02,30.616438356164384,6,NA,0,0,0,0
Phazahn Odom,TE,1994-06-08,32.271232876712325,5,NA,0,0,0,0
CJ Donaldson,RB,2004-07-09,22.186301369863013,0,NA,0,0,0,0
Brandon Burks,RB,1993-11-01,32.87123287671233,6,NA,0,0,0,0
Mecole Hardman,WR,1998-03-12,28.512328767123286,7,0,0,0,0,0
Lee Ward,RB,1991-11-07,34.85479452054795,10,NA,0,0,0,0
D.J. Moore,WR,1997-04-14,29.421917808219177,8,-2.6284803921568622,51.0238725490196,10.058333333333334,83.15904857230792,137.4548216338886
Antwane Wells,WR,2001-04-02,25.454794520547946,1,NA,0,0,0,0
Ronnie Shields,TE,1991-12-15,34.75068493150685,1,NA,0,0,0,0
Dallas Goedert,TE,1995-01-03,31.698630136986303,8,1.6493333333333355,18.517254901960797,0,49.347630308419305,67.04683702829247
Traeshon Holden,WR,2001-08-12,25.09315068493151,1,NA,0,0,0,0
Danny Woodhead,RB,1985-01-25,41.63835616438356,12,NA,0,0,0,0
Jimmy Graham,TE,1986-11-24,39.80821917808219,14,NA,0,0,0,0
C.J. Charleston,WR,NA,NA,0,NA,0,0,0,0
Mason Kinsey,WR,1998-08-29,28.046575342465754,6,NA,0,0,0,0
Brisly Estime,WR,1992-12-10,33.76438356164383,5,NA,0,0,0,0
Gannon Sinclair,TE,1993-02-05,33.608219178082194,7,NA,0,0,0,0
Zurlon Tipton,RB,1990-04-27,36.38630136986301,6,NA,0,0,0,0
Connor Neighbors,RB,1991-12-13,34.75616438356165,10,NA,0,0,0,0
Zach Line,RB,1990-04-26,36.38904109589041,9,NA,0,0,0,0
Davon Grayson,WR,1995-09-05,31.027397260273972,4,NA,0,0,0,0
Brad Sorensen,QB,1988-03-13,38.50958904109589,7,NA,0,0,0,0
Kyron Hudson,WR,2002-05-16,24.334246575342465,0,NA,0,0,0,0
Lacoltan Bester,WR,NA,NA,12,NA,0,0,0,0
Fred Trevillion,WR,1994-10-13,31.923287671232877,3,NA,0,0,0,0
Brandon Reilly,WR,1993-09-24,32.97534246575343,5,NA,0,0,0,0
Alex Barnes,RB,1996-10-27,29.884931506849316,3,NA,0,0,0,0
Brandon Williams,TE,1992-09-09,34.016438356164386,6,NA,0,0,0,0
Ronald Awatt,RB,1997-10-30,28.876712328767123,1,NA,0,0,0,0
Kai De La Cruz,WR,NA,NA,NA,NA,0,0,0,0
Xavier Guillory,WR,2001-07-13,25.175342465753424,1,NA,0,0,0,0
Marquez Stevenson,WR,1998-03-26,28.473972602739725,2,NA,0,0,0,0
Kamar Aiken,WR,1989-05-30,37.295890410958904,11,NA,0,0,0,0
Donnel Pumphrey,RB,1994-12-06,31.775342465753425,5,NA,0,0,0,0
Jared Dangerfield,WR,1992-08-09,34.1013698630137,9,NA,0,0,0,0
Chris Carson,RB,1994-09-16,31.997260273972604,5,NA,0,0,0,0
Garrett Graham,TE,1986-08-04,40.11506849315069,10,NA,0,0,0,0
KeVonn Mabon,WR,1993-10-02,32.95342465753425,5,NA,0,0,0,0
Cody Kessler,QB,1993-05-11,33.347945205479455,6,NA,0,0,0,0
Joe Horn,WR,1994-09-16,31.997260273972604,3,NA,0,0,0,0
Chris Tyree,WR,2001-12-05,24.778082191780822,1,NA,0,0,0,0
Reggie Brown,TE,NA,NA,0,NA,0,0,0,0
Casey Pierce,TE,1991-08-21,35.06849315068493,1,NA,0,0,0,0
Justin Sinz,TE,1991-11-03,34.865753424657534,10,NA,0,0,0,0
Darius Prince,WR,1990-04-23,36.397260273972606,10,NA,0,0,0,0
Landon Lenoir,WR,1998-08-11,28.095890410958905,1,NA,0,0,0,0
Kaelon Black,RB,2001-10-17,24.912328767123288,0,0,0,0,99.82254005703336,94.8314130541817
Duplicate Player,TE,1996-02-23,30.55890410958904,2,NA,0,0,0,0
Jaxon Shipley,WR,1992-07-17,34.16438356164384,1,NA,0,0,0,0
Adam Thielen,WR,1990-08-22,36.06575342465754,13,0,-3.714019607843138,0,0,-3.714019607843138
Damaris Johnson,WR,1989-11-22,36.81369863013698,8,NA,0,0,0,0
Shaun Suisham,K,1981-12-29,44.71232876712329,12,NA,0,0,0,0
JJ Laap,WR,2001-01-28,25.63013698630137,1,NA,0,0,0,0
Ben Sims,TE,2000-05-16,26.334246575342465,3,NA,0,0,0,0
Alec Holler,TE,1999-07-19,27.15890410958904,1,NA,0,0,0,0
OJ Hiliare,WR,2001-02-12,25.589041095890412,1,NA,0,0,0,0
Mataeo Durant,RB,1999-12-04,26.78082191780822,1,NA,0,0,0,0
Kaden Davis,WR,1998-09-25,27.972602739726028,4,NA,0,0,0,0
Tre Mosley,WR,2001-09-25,24.972602739726028,1,NA,0,0,0,0
Devin Ross,WR,1995-08-12,31.09315068493151,5,NA,0,0,0,0
Brayden Narveson,K,1999-09-28,26.964383561643835,1,0,1.8117647058823536,0,0,1.8117647058823536
Brandon Pettigrew,TE,1985-02-23,41.558904109589044,11,NA,0,0,0,0
Jake Verity,K,1997-12-23,28.72876712328767,2,NA,0,0,0,0
Adam Drake,WR,NA,NA,NA,NA,0,0,0,0
James Robinson,RB,1998-08-09,28.101369863013698,4,NA,0,0,0,0
Kevin Ogletree,WR,1987-08-05,39.11232876712329,5,NA,0,0,0,0
Nick Fitzgerald,QB,1996-01-14,30.66849315068493,3,NA,0,0,0,0
Kerryon Johnson,RB,1997-06-30,29.21095890410959,4,NA,0,0,0,0
T.J. Jones,WR,1992-07-19,34.15890410958904,8,NA,0,0,0,0
George Campbell,WR,1996-10-27,29.884931506849316,2,NA,0,0,0,0
Isaiah Wooden,WR,2000-02-03,26.613698630136987,2,NA,0,0,0,0
Louis Hansen,TE,NA,NA,0,NA,0,0,0,0
Austin Davis,QB,1989-06-02,37.28767123287671,10,NA,0,0,0,0
Ollie Gordon,RB,2004-01-15,22.665753424657535,1,0,0,0,84.6862662291655,80.45195291770722
Isaiah Crowell,RB,1993-01-08,33.68493150684932,8,NA,0,0,0,0
Alfred Morris,RB,1988-12-12,37.75890410958904,10,NA,0,0,0,0
Mike Tolbert,RB,1985-11-23,40.81095890410959,12,NA,0,0,0,0
Kelvin Taylor,RB,1993-09-28,32.964383561643835,6,NA,0,0,0,0
Roosevelt Nix,RB,1992-03-30,34.463013698630135,8,NA,0,0,0,0
Jawill Davis,WR,1995-04-06,31.443835616438356,4,NA,0,0,0,0
Daurice Fountain,WR,1995-12-22,30.731506849315068,6,NA,0,0,0,0
Jester Weah,WR,1995-02-07,31.602739726027398,4,NA,0,0,0,0
Aca'Cedric Ware,RB,1997-06-29,29.213698630136985,3,NA,0,0,0,0
Matt Bryant,K,1975-05-29,51.298630136986304,20,NA,0,0,0,0
Robert Tonyan,TE,1994-04-30,32.37808219178082,9,NA,0,0,0,0
Dazz Newsome,WR,1999-05-15,27.336986301369862,2,NA,0,0,0,0
Duplicate Player,TE,1993-02-05,33.608219178082194,1,NA,0,0,0,0
Taywan Taylor,WR,1995-03-02,31.53972602739726,5,NA,0,0,0,0
Eric Saubert,TE,1994-05-09,32.35342465753425,9,NA,0,0,0,0
David Ausberry,TE,1987-09-25,38.97260273972603,5,NA,0,0,0,0
Elijah Holyfield,RB,1997-11-30,28.791780821917808,4,NA,0,0,0,0
Karel Hamilton,WR,1995-03-30,31.463013698630135,5,NA,0,0,0,0
Rob Kelley,RB,1992-10-03,33.95068493150685,6,NA,0,0,0,0
Preston Parker,WR,1987-02-13,39.586301369863016,10,NA,0,0,0,0
DeMichael Harris-DUP,WR,1998-07-12,28.17808219178082,2,NA,0,0,0,0
Dennis Parks,WR,1994-07-27,32.136986301369866,9,NA,0,0,0,0
Avery Davis,WR,1998-09-26,27.96986301369863,1,NA,0,0,0,0
Tony Stevens,WR,1995-03-14,31.506849315068493,5,NA,0,0,0,0
Jaleel Scott,WR,1995-02-23,31.55890410958904,4,NA,0,0,0,0
Stevan Ridley,RB,1989-01-27,37.632876712328766,11,NA,0,0,0,0
Lache Seastrunk,RB,1991-07-29,35.131506849315066,1,NA,0,0,0,0
David Fluellen,RB,1992-01-28,34.63013698630137,8,NA,0,0,0,0
Eric McAlister,WR,NA,NA,0,NA,0,0,0,0
Kekoa Crawford,WR,1998-02-10,28.594520547945205,2,NA,0,0,0,0
Brandon Powell,WR,1995-09-12,31.008219178082193,7,0,0,0,0,0
Mason Fairchild,TE,2001-08-30,25.043835616438358,1,NA,0,0,0,0
Andrew Armstrong,WR,2000-10-31,25.873972602739727,1,NA,0,0,0,0
Shannon Brooks,RB,NA,NA,0,NA,0,0,0,0
Randall Telfer,TE,1992-05-16,34.33424657534247,7,NA,0,0,0,0
Vincent Blanchard,K,NA,NA,1,NA,0,0,0,0
Derrick Coleman,RB,1990-10-18,35.90958904109589,10,NA,0,0,0,0
Tyler Conklin,TE,1995-07-30,31.12876712328767,8,0,-1.34049019607843,0,0,-1.34049019607843
Tyler Gaffney,RB,1991-04-20,35.40547945205479,8,NA,0,0,0,0
Monaray Baldwin,WR,2002-12-17,23.745205479452054,1,NA,0,0,0,0
Eli Wilson,TE,NA,NA,0,NA,0,0,0,0
C.J. Duncan,WR,1995-03-24,31.47945205479452,4,NA,0,0,0,0
Bernard Reedy,WR,1991-12-31,34.706849315068496,8,NA,0,0,0,0
Damion Jeanpiere,WR,1996-12-08,29.76986301369863,3,NA,0,0,0,0
Leonard Taylor,TE,1999-08-26,27.054794520547944,1,NA,0,0,0,0
Khalan Laborn,RB,1999-06-01,27.29041095890411,1,NA,0,0,0,0
Keaontay Ingram,RB,1999-10-26,26.887671232876713,4,NA,0,0,0,0
KaVontae Turpin,WR,1996-08-02,30.12054794520548,4,0,0,0,1.8320843231239845,1.740480106967785
Bailey Gaither,WR,1997-01-11,29.676712328767124,2,NA,0,0,0,0
Treyton Pickering,TE,NA,NA,1,NA,0,0,0,0
Tyrone Tracy Jr.,RB,1999-11-23,26.81095890410959,2,-5.111686274509804,21.17637254901961,0,75.8037628537362,88.0782609855592
Quayvon Hicks,RB,1994-07-17,32.16438356164384,5,NA,0,0,0,0
Max Brosmer,QB,2001-03-28,25.46849315068493,1,0,0,0,0,0
Patrick Herbert,TE,2000-10-18,25.90958904109589,1,NA,0,0,0,0
Dakota Caton,WR,NA,NA,1,NA,0,0,0,0
Rico Bussey,WR,1998-02-25,28.553424657534247,1,NA,0,0,0,0
Jonathan Amosa,RB,1990-10-16,35.915068493150685,0,NA,0,0,0,0
Tyler Lockett,WR,1992-09-28,33.964383561643835,11,0,-15.537401960784312,0,0,-15.537401960784312
James Proche,WR,1996-09-21,29.983561643835618,6,NA,0,0,0,0
Brandon Allen,QB,1992-09-05,34.02739726027397,10,0,-0.24789215686274343,0,0,-0.24789215686274343
Damon Hazelton,WR,1997-02-28,29.545205479452054,1,NA,0,0,0,0
Matthew Wright,K,1996-03-22,30.484931506849314,7,0,0,0,0,0
Rashee Rice,WR,2000-04-22,26.4,3,56.017107843137246,18.415078431372557,1.0916666666666668,146.6980251592934,214.8869768425052
Willie Johnson,WR,1996-12-23,29.72876712328767,1,NA,0,0,0,0
Richard Gordon,TE,1987-06-07,39.273972602739725,9,NA,0,0,0,0
Nathan Cottrell,RB,1996-08-02,30.12054794520548,2,NA,0,0,0,0
Myles White,WR,1990-03-03,36.536986301369865,3,NA,0,0,0,0
Larry Donnell,TE,1988-11-01,37.87123287671233,8,NA,0,0,0,0
C.J. Anderson,RB,1991-02-10,35.59452054794521,9,NA,0,0,0,0
Shane Leatherbury,WR,1997-12-10,28.764383561643836,2,NA,0,0,0,0
Rodney Adams,WR,1994-09-15,32,5,NA,0,0,0,0
Michael Campanaro,WR,1991-01-25,35.63835616438356,6,NA,0,0,0,0
Connor Bazelak,QB,2000-09-22,25.980821917808218,1,NA,0,0,0,0
Jalen Greene,WR,1996-06-13,30.257534246575343,3,NA,0,0,0,0
Devin Asiasi,TE,1997-08-14,29.087671232876712,4,NA,0,0,0,0
TJ Thorpe,WR,1993-05-26,33.30684931506849,0,NA,0,0,0,0
De'Von Achane,RB,2001-10-13,24.923287671232877,3,184.91589215686275,149.11936274509804,2.666666666666667,377.62317132297864,695.4439343254571
Dontrell Hilliard,RB,1995-02-26,31.55068493150685,5,NA,0,0,0,0
Cam Phillips,WR,1995-12-16,30.747945205479454,4,NA,0,0,0,0
Marvin Mims Jr.,WR,2002-03-19,24.493150684931507,3,-23.529892156862743,0,0,16.478048034506816,-7.8757465240812685
Detrich Clark,WR,1994-02-15,32.58082191780822,4,NA,0,0,0,0
Cethan Carter,TE,1995-09-05,31.027397260273972,6,NA,0,0,0,0
Matt Blanchard,QB,1989-03-21,37.487671232876714,2,NA,0,0,0,0
Hayden Hurst,TE,1993-08-24,33.06027397260274,7,0,0,0,0,0
John Copenhaver,TE,NA,NA,1,NA,0,0,0,0
Steven Wroblewski,TE,1992-11-20,33.81917808219178,5,NA,0,0,0,0
Duke Johnson,RB,1993-09-23,32.97808219178082,8,NA,0,0,0,0
Michael Penix Jr.,QB,2000-05-08,26.356164383561644,2,24.40219607843137,-4.455617647058822,0,165.04485842582525,176.73919393590654
Montee Ball,RB,1990-12-05,35.778082191780825,3,NA,0,0,0,0
Anthony McFarland,RB,1999-03-04,27.534246575342465,4,NA,0,0,0,0
Bryn Renner,QB,1990-01-22,36.64657534246575,6,NA,0,0,0,0
Trey Ragas,RB,1996-11-07,29.854794520547944,1,NA,0,0,0,0
Thomas Rawls,RB,1993-08-03,33.11780821917808,7,NA,0,0,0,0
D'Vonte Price,RB,1999-06-02,27.28767123287671,1,NA,0,0,0,0
Carnell Tate,WR,2005-01-19,21.654794520547945,0,0,0,-3.1416666666666666,287.023980982501,269.53111526670926
Roberto Aguayo,K,1994-05-17,32.33150684931507,6,NA,0,0,0,0
Eli Jenkins,QB,1994-08-07,32.106849315068494,5,NA,0,0,0,0
Mike Gesicki,TE,1995-10-03,30.95068493150685,8,-30.132647058823533,0,0,24.49866988132123,-6.858910671568363
McCallan Castles,TE,1999-12-03,26.783561643835615,2,NA,0,0,0,0
Shaq Hill,WR,1993-05-12,33.345205479452055,5,NA,0,0,0,0
Monty Madaris,WR,1993-09-08,33.01917808219178,5,NA,0,0,0,0
Romell Guerrier,WR,NA,NA,3,NA,0,0,0,0
Andrew Bonnet,RB,1992-12-27,33.71780821917808,6,NA,0,0,0,0
Amar Johnson,RB,2003-01-31,23.621917808219177,1,NA,0,0,0,0
Scooter Harrington,TE,1997-09-23,28.97808219178082,1,NA,0,0,0,0
Thomas Yassmin,TE,1999-10-21,26.9013698630137,2,NA,0,0,0,0
Jahad Thomas,RB,1995-11-06,30.85753424657534,5,NA,0,0,0,0
Jeremy Langford,RB,1991-12-06,34.775342465753425,7,NA,0,0,0,0
Gus Edwards,RB,1995-04-13,31.424657534246574,7,0,11.880196078431377,0,0,11.880196078431377
Troy Franklin,WR,2003-02-06,23.605479452054794,2,14.109215686274512,0,0,21.629629836949636,34.657364031376666
Eric Tomlinson,TE,1992-04-22,34.4,10,NA,0,0,0,0
Michael Cooper,TE,1992-10-21,33.9013698630137,0,NA,0,0,0,0
Cary Angeline,TE,1997-09-07,29.02191780821918,1,NA,0,0,0,0
Francis Owusu,WR,1994-12-27,31.71780821917808,5,NA,0,0,0,0
Hunter Renfrow,WR,1995-12-21,30.734246575342464,7,0,0,0,0,0
Donnie Avery,WR,1984-06-12,42.26027397260274,7,NA,0,0,0,0
Jam Miller,RB,2004-04-29,22.38082191780822,0,0,0,0,43.85298212898954,41.66033302254006
Marcus Lucas,WR,1992-03-01,34.54246575342466,8,NA,0,0,0,0
Justin Johnson,TE,1996-11-08,29.852054794520548,3,NA,0,0,0,0
Darren Fells,TE,1986-04-22,40.4,9,NA,0,0,0,0
Elkanah Dillon,TE,NA,NA,0,NA,0,0,0,0
Jalen Richard,RB,1993-10-15,32.917808219178085,6,NA,0,0,0,0
Equanimeous St. Brown,WR,1996-09-30,29.958904109589042,7,NA,0,0,0,0
Nick Kallerup,TE,2001-03-27,25.471232876712328,1,NA,0,0,0,0
Daniel Thomas,RB,1987-10-29,38.87945205479452,4,NA,0,0,0,0
Da'Mari Scott,WR,1995-08-08,31.104109589041094,4,NA,0,0,0,0
Jeremiyah Love,RB,2005-05-31,21.293150684931508,0,0,0,2.703333333333333,506.2631624341789,483.6533376458033
Jamal Haynes,RB,2002-10-05,23.945205479452056,0,NA,0,0,0,0
Cheyenne O'Grady,TE,1996-09-20,29.986301369863014,1,NA,0,0,0,0
Colt McCoy,QB,1986-09-05,40.02739726027397,13,NA,0,0,0,0
Cade McDonald,WR,2001-05-07,25.35890410958904,1,NA,0,0,0,0
Felix Jones,RB,1987-05-08,39.35616438356164,6,NA,0,0,0,0
Keeon Johnson,WR,1994-12-31,31.706849315068492,5,NA,0,0,0,0
Stepfan Taylor,RB,1991-06-09,35.26849315068493,7,NA,0,0,0,0
Tyler Eifert,TE,1990-09-08,36.01917808219178,9,NA,0,0,0,0
Julian Edelman,WR,1986-05-22,40.31780821917808,13,NA,0,0,0,0
Diego Pavia,QB,2002-02-16,24.578082191780823,0,NA,0,0,0,0
Brandon Stokley,WR,1976-06-23,50.23013698630137,15,NA,0,0,0,0
Dante Miller,RB,1999-05-14,27.339726027397262,2,NA,0,0,0,0
Chad Hansen,WR,1995-01-18,31.65753424657534,5,NA,0,0,0,0
Jacques Patrick,RB,1997-01-07,29.687671232876713,4,NA,0,0,0,0
Hajj-Malik Williams,QB,1999-11-25,26.805479452054794,0,NA,0,0,0,0
Roderick Daniels,WR,NA,NA,1,NA,0,0,0,0
Adam Trautman,TE,1997-02-05,29.60821917808219,6,0,0,0,0,0
Kyle Dixon,WR,2000-09-14,26.002739726027396,0,NA,0,0,0,0
Bobo Wilson,WR,1995-01-25,31.638356164383563,5,NA,0,0,0,0
Blake Renaud,RB,1992-10-06,33.942465753424656,1,NA,0,0,0,0
Marquez Williams,RB,1994-07-16,32.16712328767123,5,NA,0,0,0,0
Joshua Pitsenberger,RB,NA,NA,0,NA,0,0,0,0
Jeremy Maclin,WR,1988-05-11,38.347945205479455,11,NA,0,0,0,0
Wes Hills,RB,1995-06-05,31.279452054794522,3,NA,0,0,0,0
Deonte Harty,WR,1997-12-04,28.78082191780822,6,0,0,0,0,0
Player Invalid,QB,NA,NA,0,NA,0,0,0,0
Bijan Robinson,RB,2002-01-30,24.624657534246577,3,228.2581862745098,166.053637254902,23.366666666666667,557.3744232032287,947.1841922391457
DeVonta Smith,WR,1998-11-14,27.835616438356166,5,43.77388235294117,28.19730392156864,-2.6416666666666657,174.8419625199769,235.42938400182118
Travis Hunter,WR,2003-05-18,23.328767123287673,1,-8.80613725490196,0,0,24.827445537597548,14.779936005815708
Demetrius Wilson,WR,1991-05-01,35.37534246575343,10,NA,0,0,0,0
DaVaris Daniels,WR,1992-12-18,33.74246575342466,10,NA,0,0,0,0
Brian Leonhardt,TE,1990-04-02,36.45479452054794,7,NA,0,0,0,0
Tommy DeVito,QB,1998-08-07,28.106849315068494,3,0,1.0521078431372557,0,0,1.0521078431372557
Cade Brewer,TE,1998-10-09,27.934246575342467,1,NA,0,0,0,0
Devin Neal,RB,2003-08-12,23.09315068493151,1,0,0,0,55.808934490132486,53.018487765625856
Kyric McGowan,WR,1999-11-01,26.87123287671233,2,NA,0,0,0,0
Micheal Spurlock,WR,1983-01-31,43.62191780821918,6,NA,0,0,0,0
Garrett Griffin,TE,1994-03-04,32.534246575342465,7,NA,0,0,0,0
Will Howard,QB,2001-09-24,24.975342465753425,1,0,0,0,125.8897734885801,119.5952848141511
Shane Buechele,QB,1998-01-08,28.684931506849313,5,NA,0,0,0,0
Chase Cota,WR,1999-11-09,26.84931506849315,1,NA,0,0,0,0
Amari Rodgers,WR,1999-09-23,26.97808219178082,2,0,0,0,0,0
Jackson Acker,RB,2002-11-15,23.832876712328765,0,NA,0,0,0,0
David Bell,WR,2000-12-14,25.753424657534246,3,0,0,0,3.9472323523353703,3.7498707347186016
DJ Rogers,TE,2001-10-10,24.931506849315067,0,NA,0,0,0,0
Ben Obomanu,WR,1983-10-30,42.87671232876713,7,NA,0,0,0,0
Player Invalid,RB,NA,NA,0,NA,0,0,0,0
Jevoni Robinson,TE,1992-11-16,33.83013698630137,5,NA,0,0,0,0
Mack Brown,RB,1991-09-24,34.97534246575343,7,NA,0,0,0,0
Desmond Martin,RB,1992-03-20,34.49041095890411,10,NA,0,0,0,0
Nathan Palmer,WR,1989-04-14,37.42191780821918,2,NA,0,0,0,0
Nate Sudfeld,QB,1993-10-07,32.93972602739726,9,NA,0,0,0,0
Antoine Wesley,WR,1997-10-22,28.898630136986302,4,NA,0,0,0,0
Fred Jackson,RB,1981-02-20,45.56712328767123,14,NA,0,0,0,0
Tyler Goodson,RB,2000-11-10,25.846575342465755,4,0,1.751176470588236,0,51.72579075962219,50.89067769222932
Harry Douglas,WR,1984-09-16,41.9972602739726,12,NA,0,0,0,0
Josh Bist,TE,NA,NA,1,NA,0,0,0,0
Tyler Hoosman,RB,1999-05-07,27.35890410958904,1,NA,0,0,0,0
Chris Boyd,WR,1991-12-16,34.74794520547945,1,NA,0,0,0,0
Bhayshul Tuten,RB,2003-02-14,23.583561643835615,1,-19.092225490196075,0,-0.49666666666666615,281.3823539556847,247.72434410103773
Chris Boswell,K,1991-03-16,35.5013698630137,12,1.3308823529411766,64.80245098039215,0,0,66.13333333333333
John Hoyland,K,NA,NA,0,NA,0,0,0,0
Michael Hill,RB,1989-05-14,37.33972602739726,2,NA,0,0,0,0
Nick Nash,WR,2000-08-02,26.12054794520548,1,0,0,0,0,0
Sammie Coates,WR,1993-03-31,33.46027397260274,7,NA,0,0,0,0
Jaydon Blue,RB,2004-01-08,22.684931506849313,1,0,0,0,54.81270188423555,52.07206679002377
Myron Mitchell,WR,1998-06-17,28.246575342465754,1,NA,0,0,0,0
Tyler Vaughns,WR,1997-06-01,29.29041095890411,1,NA,0,0,0,0
Colin Lockett,WR,1991-04-05,35.446575342465756,1,NA,0,0,0,0
Jalen Walthall,WR,2002-10-14,23.92054794520548,0,NA,0,0,0,0
Lenny Krieg,K,2002-08-05,24.112328767123287,4,NA,0,0,0,0
Calvin Johnson,WR,1985-09-29,40.961643835616435,13,NA,0,0,0,0
Kellen Winslow,TE,1983-07-21,43.153424657534245,9,NA,0,0,0,0
Tevin Westbrook,TE,1993-01-17,33.66027397260274,5,NA,0,0,0,0
Stanley Williams,RB,1995-09-30,30.958904109589042,5,NA,0,0,0,0
Keyarris Garrett,WR,1992-09-26,33.96986301369863,6,NA,0,0,0,0
Tyre Brady,WR,1995-04-19,31.40821917808219,3,NA,0,0,0,0
Dustin Crum,QB,1999-01-05,27.693150684931506,1,NA,0,0,0,0
Kevin Snead,WR,1991-11-22,34.81369863013698,5,NA,0,0,0,0
Moose Muhammad,WR,2001-05-05,25.364383561643837,0,NA,0,0,0,0
Cody White,WR,1998-11-28,27.797260273972604,6,NA,0,0,0,0
John Brown,WR,1990-04-03,36.45205479452055,9,NA,0,0,0,0
Cole McDonald,QB,1998-05-21,28.32054794520548,2,NA,0,0,0,0
Allen Robinson,WR,1993-08-24,33.06027397260274,11,NA,0,0,0,0
Jonas Gray,RB,1990-06-27,36.21917808219178,8,NA,0,0,0,0
Derek Carr,QB,1991-03-28,35.46849315068493,11,0,21.24370588235294,0,0,21.24370588235294
Zach Mathis,WR,2000-02-29,26.542465753424658,1,NA,0,0,0,0
Dante Wright,WR,NA,NA,0,NA,0,0,0,0
Chandler Worthy,WR,1993-09-15,33,5,NA,0,0,0,0
Corey Sutton,WR,1997-10-30,28.876712328767123,1,NA,0,0,0,0
Mario Williams,WR,2003-01-21,23.649315068493152,1,NA,0,0,0,0
Nick Brossette,RB,1996-03-02,30.53972602739726,3,NA,0,0,0,0
DeWayne McBride,RB,2001-07-08,25.18904109589041,1,NA,0,0,0,0
Raheem Mostert,RB,1992-04-09,34.43561643835616,11,0,-15.981470588235291,0,0,-15.981470588235291
Ryan Mathews,RB,1987-10-10,38.93150684931507,10,NA,0,0,0,0
Kwamie Lassiter,WR,1998-01-21,28.649315068493152,2,NA,0,0,0,0
Austin Duke,WR,1993-08-03,33.11780821917808,5,NA,0,0,0,0
T.J. Yates,QB,1987-05-28,39.3013698630137,9,NA,0,0,0,0
Drake London,WR,2001-07-24,25.145205479452056,4,72.90135294117647,75.98357843137256,-5.441666666666666,285.26091296306174,414.44113202079103
Malik Nabers,WR,2003-07-28,23.134246575342466,2,6.529088235294116,99.82880392156864,1.958333333333334,358.80293821270516,449.17901679226594
Mack Hollins,WR,1993-09-16,32.9972602739726,9,0,0,0,8.4340596006876,8.01235662065322
Hal Presley,WR,2002-01-22,24.646575342465752,1,NA,0,0,0,0
Octavian Smith,WR,2003-05-12,23.345205479452055,0,NA,0,0,0,0
Jeremy Butler,WR,1991-04-22,35.4,6,NA,0,0,0,0
Malik McClain,WR,NA,NA,0,NA,0,0,0,0
Vincent Testaverde,QB,1996-07-20,30.156164383561645,3,NA,0,0,0,0
Brock Lampe,RB,2003-03-31,23.46027397260274,1,NA,0,0,0,0
Quincy Enunwa,WR,1992-05-31,34.293150684931504,8,NA,0,0,0,0
John Raine,TE,1998-03-27,28.471232876712328,2,NA,0,0,0,0
Eddie Lacy,RB,1990-06-02,36.28767123287671,7,NA,0,0,0,0
Hollywood Brown,WR,1997-06-04,29.28219178082192,7,-0.9825686274509788,0,0,4.949327815328084,3.7192927971107013
C.J. Ham,RB,1993-07-22,33.15068493150685,10,NA,0,0,0,0
Dresser Winn,QB,1998-11-11,27.843835616438355,2,NA,0,0,0,0
Bryant Koback,RB,1998-04-06,28.443835616438356,2,NA,0,0,0,0
Matthew Tucker,RB,1991-05-24,35.31232876712329,2,NA,0,0,0,0
Maddux Trujillo,K,2003-04-12,23.427397260273974,1,NA,0,0,0,0
Julian Hill,TE,2000-07-09,26.186301369863013,3,0,0,0,0,0
Tay Martin,WR,1997-12-14,28.753424657534246,4,NA,0,0,0,0
Trenton Irwin,WR,1995-12-10,30.764383561643836,7,0,0,0,0,0
Corey Crooms,WR,2001-04-17,25.413698630136988,1,NA,0,0,0,0
Will Pauling,WR,2003-03-04,23.534246575342465,0,NA,0,0,0,0
Rodney Smith,RB,1996-02-28,30.545205479452054,2,NA,0,0,0,0
Thomas Fidone,TE,2002-09-20,23.986301369863014,1,0,0,0,0,0
Billy Brown,TE,1993-03-20,33.49041095890411,5,NA,0,0,0,0
Anthony Hankerson,RB,2004-02-03,22.613698630136987,0,NA,0,0,0,0
Stetson Bennett,QB,1997-10-28,28.882191780821916,3,0,0,0,0,0
Kasey Closs,WR,1992-04-07,34.441095890410956,10,NA,0,0,0,0
Noah Rauschenberg,K,NA,NA,1,NA,0,0,0,0
Anthony Richardson,QB,2002-05-22,24.317808219178083,3,0,-11.619078431372548,0,147.69255073456134,128.68884476646073
Joe Burrow,QB,1996-12-10,29.764383561643836,6,36.94970588235294,182.5637549019608,4.863333333333333,612.4729800798799,806.2261251935329
Gerell Robinson,TE,1989-10-13,36.92328767123288,2,NA,0,0,0,0
Xavier Worthy,WR,2003-04-27,23.386301369863013,2,-13.168931372549016,-20.190735294117644,0,33.15528902941256,-1.8621420887247346
Kameron Johnson,WR,2002-03-17,24.4986301369863,2,0,0,0,6.8829921227292115,6.538842516592751
Dwayne Allen,TE,1990-02-24,36.556164383561644,10,NA,0,0,0,0
Changa Hodge,WR,1998-05-24,28.312328767123287,1,NA,0,0,0,0
Landen Akers,WR,1997-07-07,29.19178082191781,1,NA,0,0,0,0
Lachlan Pitts,TE,NA,NA,1,NA,0,0,0,0
Taylor Morin,WR,NA,NA,1,NA,0,0,0,0
Payne Durham,TE,2000-06-15,26.252054794520546,3,NA,0,0,0,0
Davis Allen,TE,2001-02-03,25.613698630136987,3,0,0,0,21.665183689539568,20.581924505062588
Isaiah Spiller,RB,2001-08-09,25.101369863013698,3,0,0,0,0,0
Nick Bowers,TE,1996-05-26,30.306849315068494,4,NA,0,0,0,0
Jaylen Samuels,RB,1996-07-20,30.156164383561645,4,NA,0,0,0,0
Keith Wenning,QB,1991-02-14,35.583561643835615,6,NA,0,0,0,0
Joshua Dobbs,QB,1995-01-26,31.635616438356166,9,0,0,0,0,0
DeShawn Hanika,TE,NA,NA,0,NA,0,0,0,0
Holton Ahlers,QB,1999-11-10,26.846575342465755,1,NA,0,0,0,0
Brian Bridgewater,TE,NA,NA,0,NA,0,0,0,0
Brian Quick,WR,1989-06-05,37.27945205479452,10,NA,0,0,0,0
Aidan O'Connell,QB,1998-09-01,28.03835616438356,3,0,-0.6055588235294103,0,0,-0.6055588235294103
Josh Magee,WR,1991-10-01,34.95616438356164,5,NA,0,0,0,0
Brett Rypien,QB,1996-07-09,30.186301369863013,7,NA,0,0,0,0
Kent Shelby,WR,NA,NA,0,NA,0,0,0,0
Jalen Simmons,RB,1992-04-01,34.45753424657534,6,NA,0,0,0,0
Elic Ayomanor,WR,2003-06-03,23.284931506849315,1,-5.4705980392156865,0,0,20.4112287720925,13.920069294272185
Jacob Copeland,WR,1999-07-20,27.156164383561645,1,NA,0,0,0,0
David Olson,QB,NA,NA,2,NA,0,0,0,0
O.J. Howard,TE,1994-11-19,31.82191780821918,6,NA,0,0,0,0
Caleb Wilson,TE,1996-07-15,30.16986301369863,3,NA,0,0,0,0
Michael Hoomanawanui,TE,1988-07-04,38.2,10,NA,0,0,0,0
Mark Redman,TE,2002-01-20,24.65205479452055,1,NA,0,0,0,0
J'Mon Moore,WR,1995-05-23,31.315068493150687,4,NA,0,0,0,0
Jimmy Kibble,WR,NA,NA,0,NA,0,0,0,0
Bruce Miller,RB,1987-08-06,39.10958904109589,11,NA,0,0,0,0
Blake Whiteheart,TE,2000-03-22,26.484931506849314,3,NA,0,0,0,0
Ajou Ajou,WR,2002-01-10,24.67945205479452,1,NA,0,0,0,0
Joseph Scates,WR,2000-02-19,26.56986301369863,1,NA,0,0,0,0
Joe Webb,QB,1986-11-14,39.83561643835616,12,NA,0,0,0,0
Cash Jones,RB,2002-04-05,24.446575342465753,0,NA,0,0,0,0
Graham Harrell,QB,1985-05-22,41.31780821917808,10,NA,0,0,0,0
Alex Collins,RB,1994-08-26,32.054794520547944,6,NA,0,0,0,0
Zavier Scott,RB,1999-07-17,27.164383561643834,3,0,0,0,0,0
Kyle Sheets,WR,2000-09-24,25.975342465753425,1,NA,0,0,0,0
Drew Biber,TE,NA,NA,0,NA,0,0,0,0
Jahmyr Gibbs,RB,2002-03-20,24.49041095890411,3,205.28349019607845,181.14931372549023,25.666666666666668,547.7714547773136,932.4823526266832
Chris Brown,WR,1993-12-08,32.76986301369863,6,NA,0,0,0,0
Lance Kendricks,TE,1988-01-30,38.62465753424657,11,NA,0,0,0,0
Roger Carter,TE,1999-03-31,27.46027397260274,1,NA,0,0,0,0
Sebastian Janikowski,K,1978-03-02,48.53972602739726,22,NA,0,0,0,0
Jacoby Ford,WR,1987-07-27,39.136986301369866,5,NA,0,0,0,0
Taniela Tupou,RB,1992-12-13,33.75616438356165,6,NA,0,0,0,0
McLeod Bethel-Thompson,QB,1988-07-03,38.202739726027396,1,NA,0,0,0,0
Al-Jay Henderson,RB,NA,NA,0,NA,0,0,0,0
Collin Hill,QB,1997-10-09,28.934246575342467,1,NA,0,0,0,0
Michael Crabtree,WR,1987-09-14,39.0027397260274,13,NA,0,0,0,0
Jake Herslow,WR,NA,NA,1,NA,0,0,0,0
Quintez Cephus,WR,1998-04-01,28.457534246575342,6,NA,0,0,0,0
Austin Willis,WR,1992-04-13,34.42465753424658,1,NA,0,0,0,0
Johnny Lumpkin,TE,1997-09-03,29.03287671232877,2,NA,0,0,0,0
Jared Goff,QB,1994-10-14,31.92054794520548,10,113.63897058823528,157.03470588235294,6.143333333333334,325.3212302472999,585.8721785388565
Jordan Bly,WR,NA,NA,1,NA,0,0,0,0
Keshunn Abram,WR,1999-02-03,27.613698630136987,1,NA,0,0,0,0
B.J. Emmons,RB,1997-07-03,29.202739726027396,1,NA,0,0,0,0
Julian Hicks,WR,1999-09-29,26.96164383561644,2,NA,0,0,0,0
Andrew Price,TE,1993-09-08,33.01917808219178,5,NA,0,0,0,0
Toa Taua,RB,2000-02-15,26.58082191780822,2,NA,0,0,0,0
Quenton Bundrage,WR,1991-09-13,35.00547945205479,9,NA,0,0,0,0
Cooper Kupp,WR,1993-06-15,33.25205479452055,9,0,46.02125490196079,0,11.95491266087346,57.378421929790576
Tra Carson,RB,1992-10-24,33.893150684931506,6,NA,0,0,0,0
Stephen Guidry,WR,1997-03-25,29.476712328767125,2,NA,0,0,0,0
Braxton Burmeister,WR,1998-09-19,27.98904109589041,1,NA,0,0,0,0
Trey Lance,QB,2000-05-09,26.353424657534248,5,0,0,0,111.96179357541988,106.36370389664887
Brandon Weeden,QB,1983-10-14,42.92054794520548,10,NA,0,0,0,0
Carey Spear,K,1992-01-05,34.69315068493151,1,NA,0,0,0,0
De'Chavon Hayes,RB,1992-07-18,34.16164383561644,5,NA,0,0,0,0
Dan Carpenter,K,1985-11-25,40.8054794520548,12,NA,0,0,0,0
Hunter Bryant,TE,1998-08-20,28.07123287671233,2,NA,0,0,0,0
Jack Bech,WR,2002-12-18,23.742465753424657,1,0,0,0,17.296100771201527,16.43129573264145
Juwann Winfree,WR,1996-09-04,30.03013698630137,7,NA,0,0,0,0
Trey Watts,RB,1991-02-13,35.586301369863016,6,NA,0,0,0,0
Cortez Braham,WR,2000-03-06,26.528767123287672,0,NA,0,0,0,0
Oscar Cardenas,TE,2001-07-25,25.14246575342466,1,NA,0,0,0,0
Jaden Shirden,RB,2002-05-02,24.372602739726027,1,NA,0,0,0,0
Ryan Finley,QB,1994-12-26,31.720547945205478,3,NA,0,0,0,0
Stacy Coley,WR,1994-05-13,32.342465753424655,5,NA,0,0,0,0
Emmanuel Henderson,WR,2003-03-21,23.487671232876714,0,NA,0,0,0,0
Brevin Jordan,TE,2000-07-16,26.167123287671235,5,0,0,0,0,0
Hank Beatty,WR,NA,NA,0,NA,0,0,0,0
Anderson Castle,RB,NA,NA,0,NA,0,0,0,0
James Develin,RB,1988-07-23,38.14794520547945,11,NA,0,0,0,0
John Harris,WR,NA,NA,10,NA,0,0,0,0
Stedman Bailey,WR,1990-11-11,35.843835616438355,7,NA,0,0,0,0
Foster Moreau,TE,1997-05-06,29.361643835616437,7,0,0,0,0,0
Jalen Sample,WR,1999-03-19,27.493150684931507,1,NA,0,0,0,0
Jerell Adams,TE,1992-12-31,33.706849315068496,6,NA,0,0,0,0
Mike Meyer,K,1992-06-02,34.28767123287671,7,NA,0,0,0,0
John Diarse,WR,1994-12-10,31.764383561643836,4,NA,0,0,0,0
Chase Roberts,WR,2001-01-21,25.649315068493152,0,NA,0,0,0,0
Tyler McCloskey,RB,1994-08-11,32.0958904109589,5,NA,0,0,0,0
Trey Knox,TE,2001-08-14,25.087671232876712,1,NA,0,0,0,0
Terrill Davis,WR,2003-08-11,23.095890410958905,0,NA,0,0,0,0
Jalen White,RB,2002-06-05,24.279452054794522,1,NA,0,0,0,0
Javian Hawkins,RB,1999-11-03,26.865753424657534,1,NA,0,0,0,0
Seydou Traore,TE,2002-08-12,24.09315068493151,0,NA,0,0,0,0
Marquis Bundy,WR,1994-08-05,32.11232876712329,6,NA,0,0,0,0
Connor Davis,TE,1994-10-20,31.904109589041095,2,NA,0,0,0,0
Abram Smith,RB,1998-09-14,28.002739726027396,1,NA,0,0,0,0
Jacob De Jesus,WR,NA,NA,0,NA,0,0,0,0
Reggie Bonnafon,RB,1996-01-04,30.695890410958903,5,NA,0,0,0,0
Antonio Brown,WR,1988-07-10,38.18356164383562,12,NA,0,0,0,0
RJ Archer,QB,1987-08-05,39.11232876712329,1,NA,0,0,0,0
Josh Harris,RB,1991-01-22,35.64657534246575,1,NA,0,0,0,0
DJ Turner,WR,1997-01-18,29.65753424657534,5,0,0,0,0,0
Andy Jones,WR,1994-06-28,32.21643835616438,6,NA,0,0,0,0
Jason Witten,TE,1982-05-06,44.36164383561644,19,NA,0,0,0,0
Keelan Cole,WR,1993-04-20,33.40547945205479,7,NA,0,0,0,0
Ross Travis,TE,1993-01-09,33.68219178082192,6,NA,0,0,0,0
Derius Davis,WR,2000-09-11,26.01095890410959,3,0,0,0,0,0
Brendan Langley,WR,1994-10-16,31.915068493150685,5,NA,0,0,0,0
Bilal Powell,RB,1988-10-27,37.88493150684931,11,NA,0,0,0,0
Johnathon Johnson,WR,1996-09-30,29.958904109589042,2,NA,0,0,0,0
Feleipe Franks,TE,1997-12-22,28.731506849315068,5,NA,0,0,0,0
Duece Watts,WR,1999-12-23,26.72876712328767,1,NA,0,0,0,0
Sawyer Robertson,QB,NA,NA,0,NA,0,0,0,0
Jordan Terrell,RB,2000-07-21,26.153424657534245,1,NA,0,0,0,0
DeSean Jackson,WR,1986-12-01,39.78904109589041,14,NA,0,0,0,0
Scotty Washington,WR,1997-07-26,29.13972602739726,6,NA,0,0,0,0
Trevon Grimes,WR,NA,NA,1,NA,0,0,0,0
Tre Walker,WR,NA,NA,1,NA,0,0,0,0
Evan Baylis,TE,1993-11-18,32.824657534246576,5,NA,0,0,0,0
JoJo Ward,WR,1997-12-09,28.767123287671232,2,NA,0,0,0,0
Michael Floyd,WR,1989-11-27,36.8,10,NA,0,0,0,0
Cam Little,K,2003-08-17,23.07945205479452,2,12.541176470588235,0,4.583333333333334,0,17.12450980392157
Dez Bryant,WR,1988-11-04,37.863013698630134,12,NA,0,0,0,0
Gerrit Prince,TE,1997-08-25,29.057534246575344,2,NA,0,0,0,0
Cornell Powell,WR,1997-10-30,28.876712328767123,5,NA,0,0,0,0
Terrell Newby,RB,1995-07-25,31.14246575342466,5,NA,0,0,0,0
Marcus Baugh,TE,1994-12-09,31.767123287671232,4,NA,0,0,0,0
Marshall Koehn,K,1992-08-29,34.04657534246575,6,NA,0,0,0,0
Jameson Williams,WR,2001-03-26,25.473972602739725,4,17.05061764705883,33.89072549019608,-0.30833333333333357,151.87781758076864,194.9169365056518
Nick Toon,WR,1988-11-04,37.863013698630134,8,NA,0,0,0,0
Player Invalid,QB,NA,NA,0,NA,0,0,0,0
Cedric Tillman,WR,2000-04-19,26.40821917808219,3,-12.256205882352942,1.9693137254901985,0,6.455793269481723,-4.153888550855107
Darnell Mooney,WR,1997-10-29,28.87945205479452,6,-2.4906960784313714,37.42783333333334,0,7.782451471517744,42.330466152843826
Timothy Flanders,RB,1991-09-29,34.961643835616435,11,NA,0,0,0,0
Cole Beasley,WR,1989-04-26,37.38904109589041,11,NA,0,0,0,0
Adrien Robinson,TE,1988-09-23,37.97808219178082,4,NA,0,0,0,0
Detrez Newsome,RB,1994-03-06,32.52876712328767,4,NA,0,0,0,0
Kole Taylor,TE,NA,NA,0,NA,0,0,0,0
Devontae Jackson,RB,1996-04-27,30.386301369863013,3,NA,0,0,0,0
Jarvis Landry,WR,1992-11-28,33.797260273972604,9,NA,0,0,0,0
Dreamius Smith,RB,1992-09-08,34.01917808219178,5,NA,0,0,0,0
Valentine Holmes,RB,1995-06-24,31.22739726027397,3,NA,0,0,0,0
Tyree Mayfield,TE,1995-10-23,30.895890410958906,3,NA,0,0,0,0
Bobby Holly,RB,1997-06-04,29.28219178082192,2,NA,0,0,0,0
Rico Gathers,TE,1994-01-07,32.68767123287671,6,NA,0,0,0,0
Joe Forson,WR,1995-12-07,30.77260273972603,1,NA,0,0,0,0
Dee Eskridge,WR,1997-03-23,29.482191780821918,5,NA,0,0,0,0
Quinn Nordin,K,1998-08-16,28.08219178082192,2,NA,0,0,0,0
George Kittle,TE,1993-10-09,32.93424657534246,9,83.3513725490196,127.3196568627451,-5.741666666666666,97.83812145901814,297.8755781311653
Chris Autman-Bell,WR,1999-03-31,27.46027397260274,1,NA,0,0,0,0
Trevor Davis,WR,1993-07-04,33.2,6,NA,0,0,0,0
Lance Moore,WR,1983-08-31,43.04109589041096,15,NA,0,0,0,0
Moliki Matavao,TE,2003-03-17,23.4986301369863,1,NA,0,0,0,0
Khalfani Muhammad,RB,1994-09-26,31.96986301369863,5,NA,0,0,0,0
Jake Lampman,WR,1993-06-11,33.26301369863014,6,NA,0,0,0,0
Austin Allen,TE,1998-11-10,27.846575342465755,1,NA,0,0,0,0
Ronald Jones,RB,1997-08-03,29.117808219178084,7,NA,0,0,0,0
Gary Brightwell,RB,1998-02-28,28.545205479452054,5,NA,0,0,0,0
Deon Long,WR,1991-06-14,35.25479452054795,1,NA,0,0,0,0
Jed Collins,RB,1986-03-03,40.536986301369865,4,NA,0,0,0,0
Russell Hansbrough,RB,1993-11-19,32.821917808219176,6,NA,0,0,0,0
Marvin Harrison Jr.,WR,2002-08-11,24.095890410958905,2,-6.398117647058818,24.659352941176486,-6.641666666666667,180.91123757719745,183.48524432578859
Patrick Ricard,RB,1994-05-27,32.3041095890411,9,NA,0,0,0,0
Josh Huff,WR,1991-10-14,34.92054794520548,6,NA,0,0,0,0
Jake Hausmann,TE,1997-08-12,29.09315068493151,1,NA,0,0,0,0
Cameron Latu,TE,2000-02-24,26.556164383561644,3,NA,0,0,0,0
Jameis Winston,QB,1994-01-06,32.69041095890411,11,26.12886274509804,30.6998137254902,0,106.65108750739132,158.14720960261
Zach Terrell,QB,1993-05-01,33.37534246575343,1,NA,0,0,0,0
Marshall Lang,TE,2001-10-15,24.91780821917808,1,NA,0,0,0,0
Monte Pottebaum,RB,2000-01-07,26.687671232876713,1,NA,0,0,0,0
Keenan Allen,WR,1992-04-27,34.38630136986301,13,23.20555882352941,3.3895588235294163,0,14.057844893793431,39.950070296162586
Matt Fleming,WR,1996-12-04,29.78082191780822,4,NA,0,0,0,0
DeMarco Murray,RB,1988-02-12,38.58904109589041,9,NA,0,0,0,0
Travis Coons,K,1992-02-06,34.605479452054794,6,NA,0,0,0,0
Nick Vannett,TE,1993-03-06,33.52876712328767,10,NA,0,0,0,0
Kahale Warring,TE,1997-03-23,29.482191780821918,3,NA,0,0,0,0
Adrian Peterson,RB,1985-03-21,41.487671232876714,15,NA,0,0,0,0
Dres Anderson,WR,1992-07-20,34.156164383561645,7,NA,0,0,0,0
AJ Jenkins,WR,1989-09-30,36.95890410958904,4,NA,0,0,0,0
Ryan Smith,TE,1996-01-13,30.671232876712327,4,NA,0,0,0,0
Tyler Clutts,RB,1984-11-09,41.84931506849315,9,NA,0,0,0,0
Darrel Williams,RB,1995-04-15,31.41917808219178,5,NA,0,0,0,0
Emanuel Byrd,TE,1994-12-09,31.767123287671232,5,NA,0,0,0,0
Lance Lewis,WR,1988-11-01,37.87123287671233,1,NA,0,0,0,0
Zimari Manning,WR,1995-02-27,31.54794520547945,2,NA,0,0,0,0
Jake Coker,QB,1992-09-22,33.98082191780822,9,NA,0,0,0,0
Justin Tucker,K,1989-11-21,36.81643835616438,13,0,11.74411764705883,0,0,11.74411764705883
B.J. Daniels,QB,1989-10-24,36.893150684931506,7,NA,0,0,0,0
B.J. Daniels,WR,1989-10-24,36.893150684931506,7,NA,0,0,0,0
Devin Leary,QB,1999-09-10,27.013698630136986,1,NA,0,0,0,0
Justin Strong,RB,NA,NA,1,NA,0,0,0,0
Anthony Sherman,RB,1988-12-11,37.76164383561644,11,NA,0,0,0,0
Taysom Hill,TE,1990-08-23,36.06301369863014,9,0,33.65632352941177,0,0,33.65632352941177
Kurtis Rourke,QB,2000-10-25,25.89041095890411,1,0,0,0,0,0
Jehu Chesson,WR,1993-12-29,32.71232876712329,5,NA,0,0,0,0
Isaiah McKoy,WR,NA,NA,1,NA,0,0,0,0
Rico Richardson,WR,1991-07-01,35.20821917808219,7,NA,0,0,0,0
Reggie Gilliam,RB,1997-08-20,29.07123287671233,6,NA,0,0,0,0
Jordan Thomas,TE,1996-08-02,30.12054794520548,6,NA,0,0,0,0
Ralph Webb,RB,1994-11-21,31.816438356164383,4,NA,0,0,0,0
Travis Jonsen,WR,1996-10-16,29.915068493150685,2,NA,0,0,0,0
Dennis Pitta,TE,1985-06-29,41.21369863013699,12,NA,0,0,0,0
Matt Hazel,WR,1992-01-23,34.64383561643836,6,NA,0,0,0,0
LT Smith,WR,NA,NA,NA,NA,0,0,0,0
Trey Burton,TE,1991-10-29,34.87945205479452,8,NA,0,0,0,0
Jamal Pettigrew,TE,1998-04-22,28.4,1,NA,0,0,0,0
Sony Michel,RB,1995-02-17,31.575342465753426,5,NA,0,0,0,0
Josh Cameron,WR,2003-03-18,23.495890410958904,0,0,0,0,0,0
Jordan Scarlett,RB,1996-02-09,30.5972602739726,3,NA,0,0,0,0
Jared Wiley,TE,2000-11-02,25.86849315068493,2,0,0,0,20.552117428285925,19.524511556871627
Trevor Etienne,RB,2004-07-09,22.186301369863013,1,0,0,0,65.52943484208976,62.252963099985266
Robert Wheelwright,WR,NA,NA,5,NA,0,0,0,0
Trenton Cannon,RB,1994-07-23,32.14794520547945,5,NA,0,0,0,0
Nathan Peterman,QB,1994-05-04,32.367123287671234,9,NA,0,0,0,0
Blake Mack,TE,1996-04-24,30.394520547945206,4,NA,0,0,0,0
Antone Smith,RB,1985-09-17,40.99452054794521,11,NA,0,0,0,0
Connor Cook,QB,1993-01-29,33.62739726027397,4,NA,0,0,0,0
Player Invalid,WR,NA,NA,0,NA,0,0,0,0
Bryce Petty,QB,1991-05-31,35.293150684931504,5,NA,0,0,0,0
Dalton Schoen,WR,1996-10-13,29.923287671232877,2,NA,0,0,0,0
Emeka Emezie,WR,1999-05-18,27.328767123287673,1,NA,0,0,0,0
Bryce Perkins,QB,1996-12-20,29.736986301369864,5,NA,0,0,0,0
Jack Sorenson,WR,1997-07-26,29.13972602739726,1,NA,0,0,0,0
Frankie Hammond,WR,1990-02-17,36.57534246575342,7,NA,0,0,0,0
Jeremy Sprinkle,TE,1994-08-10,32.0986301369863,5,NA,0,0,0,0
Joe Don Duncan,RB,1990-09-17,35.99452054794521,1,NA,0,0,0,0
Shawn Poindexter,WR,1995-12-13,30.756164383561643,3,NA,0,0,0,0
Ricky Seals-Jones,TE,1995-03-15,31.504109589041096,6,NA,0,0,0,0
Patrick Taylor,RB,1998-04-29,28.38082191780822,6,0,0,0,0,0
Jason Snelling,RB,1983-12-29,42.71232876712329,7,NA,0,0,0,0
Isaiah Burse,WR,1991-12-08,34.76986301369863,8,NA,0,0,0,0
Darreus Rogers,WR,1993-09-03,33.032876712328765,5,NA,0,0,0,0
Kenji Bahar,QB,NA,NA,1,NA,0,0,0,0
Jerricho Cotchery,WR,1982-06-16,44.249315068493154,16,NA,0,0,0,0
Deon Cain,WR,1996-08-09,30.101369863013698,7,NA,0,0,0,0
Michael Clark,WR,1995-10-26,30.887671232876713,5,NA,0,0,0,0
Rory Starkey,WR,NA,NA,1,NA,0,0,0,0
Ty Pezza,TE,2002-09-18,23.991780821917807,0,NA,0,0,0,0
DJ Thomas-Jones,TE,2002-07-06,24.194520547945206,1,NA,0,0,0,0
Demetrius Harris,TE,1991-07-29,35.131506849315066,9,NA,0,0,0,0
Kadron Boone,WR,1991-09-13,35.00547945205479,1,NA,0,0,0,0
Trey Smack,K,2003-06-12,23.26027397260274,0,NA,0,0,0,0
Qualan Jones,RB,NA,NA,0,NA,0,0,0,0
Mitch Leidner,QB,1994-01-17,32.66027397260274,5,NA,0,0,0,0
Jha'Quan Jackson,WR,2000-05-15,26.336986301369862,2,NA,0,0,0,0
Reggie Dunn,WR,1989-01-05,37.69315068493151,1,NA,0,0,0,0
Jonathan Stewart,RB,1987-03-21,39.487671232876714,14,NA,0,0,0,0
Justice Liggins,WR,1994-12-14,31.753424657534246,5,NA,0,0,0,0
Arian Smith,WR,2001-10-11,24.92876712328767,1,0,0,0,2.7498379517964215,2.6123460542066
Dan Chisena,WR,1997-02-25,29.553424657534247,6,NA,0,0,0,0
John Lovett,RB,1999-08-28,27.04931506849315,2,NA,0,0,0,0
Dimitri Stanley,WR,1999-11-23,26.81095890410959,1,NA,0,0,0,0
Albert Okwuegbunam,TE,1998-04-25,28.39178082191781,6,NA,0,0,0,0
DuJuan Harris,RB,1988-09-03,38.032876712328765,9,NA,0,0,0,0
Oliver Martin,WR,1998-11-03,27.865753424657534,1,NA,0,0,0,0
Anthony Gordon,QB,1996-08-28,30.04931506849315,2,NA,0,0,0,0
Joaquin Davis,WR,2002-08-18,24.076712328767123,1,NA,0,0,0,0
Ben Beise,TE,NA,NA,1,NA,0,0,0,0
Byron Leftwich,QB,1980-01-14,46.66849315068493,0,NA,0,0,0,0
Mante Morrow,WR,NA,NA,0,NA,0,0,0,0
Valdez Showers,WR,1993-06-28,33.21643835616438,6,NA,0,0,0,0
Chris Herndon,TE,1996-02-23,30.55890410958904,4,NA,0,0,0,0
Amir Carlisle,WR,1992-09-24,33.97534246575343,9,NA,0,0,0,0
Clayton Thorson,QB,1995-12-25,30.723287671232878,3,NA,0,0,0,0
Jalen Camp,WR,1998-07-10,28.183561643835617,3,NA,0,0,0,0
Kyle Carter,TE,1992-12-17,33.74520547945205,6,NA,0,0,0,0
Tyreik McAllister,RB,1998-04-07,28.44109589041096,3,NA,0,0,0,0
Rodney Hammond,RB,2002-09-02,24.035616438356165,0,NA,0,0,0,0
Ty Simpson,QB,2002-12-21,23.734246575342464,0,0,0,0,301.67361921432956,286.58993825361307
Jonathan Ward,RB,1997-09-30,28.958904109589042,6,NA,0,0,0,0
Lan Larison,RB,2001-10-11,24.92876712328767,1,NA,0,0,0,0
Brittain Brown,RB,1997-10-10,28.931506849315067,4,NA,0,0,0,0
Travis Dye,RB,1999-08-24,27.06027397260274,1,NA,0,0,0,0
Rashard Mendenhall,RB,1987-06-19,39.24109589041096,6,NA,0,0,0,0
Tyler Thigpen,QB,1984-04-14,42.42191780821918,15,NA,0,0,0,0
Tyler Thigpen,RB,1984-04-14,42.42191780821918,15,NA,0,0,0,0
Stevo Klotz,TE,NA,NA,1,NA,0,0,0,0
Scott Orndoff,TE,1993-12-16,32.74794520547945,5,NA,0,0,0,0
Charlie Smyth,K,2001-06-26,25.221917808219178,2,NA,0,0,0,0
Brock Purdy,QB,1999-12-27,26.71780821917808,4,103.64209803921568,127.23279411764707,11.803333333333336,428.02286050322544,649.2999429682602
Jonathan Brady,WR,2003-10-08,22.936986301369863,0,NA,0,0,0,0
Aidan Robbins,RB,2000-12-22,25.731506849315068,1,NA,0,0,0,0
Jeff Weimer,WR,NA,NA,0,NA,0,0,0,0
Rashad Rochelle,WR,2003-05-19,23.326027397260273,0,NA,0,0,0,0
Nathaniel Peat,RB,2000-08-23,26.063013698630137,1,NA,0,0,0,0
Jake Luton,QB,1996-04-11,30.43013698630137,5,NA,0,0,0,0
Jaray Jenkins,WR,2000-01-04,26.695890410958903,1,NA,0,0,0,0
Kain Colter,WR,1990-10-03,35.95068493150685,1,NA,0,0,0,0
Nick Vogel,K,1995-12-23,30.72876712328767,2,NA,0,0,0,0
Brian Johnson,K,1999-03-05,27.53150684931507,1,NA,0,0,0,0
Zachariah Branch,WR,2004-03-29,22.465753424657535,0,0,0,0,22.059869699302507,20.95687621433738
Devon Wylie,WR,1988-09-02,38.035616438356165,2,NA,0,0,0,0
Russell Wilson,QB,1988-11-29,37.794520547945204,14,0,9.827990196078437,0,0,9.827990196078437
Roger Lewis,WR,1993-11-27,32.8,6,NA,0,0,0,0
Kashif Moore,WR,1988-11-21,37.81643835616438,1,NA,0,0,0,0
Terrence Franks,RB,1992-05-12,34.345205479452055,10,NA,0,0,0,0
Dont'e Thornton,WR,2002-11-30,23.791780821917808,1,-17.4283431372549,0,0,8.539510035435466,-9.315808603591206
Gavin Lutman,WR,1991-03-27,35.47123287671233,10,NA,0,0,0,0
La'Damian Webb,RB,NA,NA,1,NA,0,0,0,0
Austin Aune,QB,1993-09-06,33.02465753424657,1,NA,0,0,0,0
Dominic Lovett,WR,2002-11-08,23.852054794520548,1,NA,0,0,0,0
Kaylon Horton,WR,NA,NA,1,NA,0,0,0,0
Ken Seals,QB,NA,NA,0,NA,0,0,0,0
Brock Wright,TE,1998-11-27,27.8,5,0,0,0,0,0
Dillon Stoner,WR,1998-02-06,28.605479452054794,2,NA,0,0,0,0
Fernando Mendoza,QB,2003-10-01,22.956164383561642,0,0,0,0,440.7130140101806,418.67736330967153
Matt Barkley,QB,1990-09-08,36.01917808219178,11,NA,0,0,0,0
Bryce Lance,WR,2002-08-20,24.07123287671233,0,0,0,0,10.586521113639316,10.05719505795735
Jarrod West,WR,1992-05-14,34.33972602739726,1,NA,0,0,0,0
Freddie Martino,WR,1991-09-07,35.02191780821918,8,NA,0,0,0,0
Chris Pierce,TE,1998-11-02,27.86849315068493,2,NA,0,0,0,0
Brian Hill,RB,1995-11-09,30.84931506849315,6,NA,0,0,0,0
Brevyn Spann-Ford,TE,1999-12-27,26.71780821917808,2,NA,0,0,0,0
Paul Richardson,WR,1992-04-13,34.42465753424658,8,NA,0,0,0,0
Quinshon Judkins,RB,2003-10-29,22.87945205479452,1,43.053784313725494,0,-0.9333333333333328,307.78119455464906,334.51258580730877
Peyton Hillis,RB,1986-01-21,40.64931506849315,14,NA,0,0,0,0
Latavius Murray,RB,1990-01-18,36.657534246575345,11,NA,0,0,0,0
Damion Ratley,WR,1995-04-16,31.416438356164385,4,NA,0,0,0,0
Jordan Watkins,WR,2002-02-15,24.58082191780822,1,0,0,0,6.351316503094512,6.033750677939786
Clayton Hatfield,K,NA,NA,3,NA,0,0,0,0
Chris Hubert,WR,1993-05-08,33.35616438356164,6,NA,0,0,0,0
Trent Richardson,RB,1990-07-10,36.18356164383562,8,NA,0,0,0,0
JJ Howland,TE,1997-10-15,28.91780821917808,2,NA,0,0,0,0
Dylan Leonard,TE,2000-12-15,25.75068493150685,1,NA,0,0,0,0
Jake Butt,TE,1995-07-11,31.18082191780822,5,NA,0,0,0,0
Aaron Dobson,WR,1991-07-23,35.14794520547945,7,NA,0,0,0,0
Jeremiah Webb,WR,2001-05-17,25.33150684931507,1,NA,0,0,0,0
Akrum Wadley,RB,1995-03-13,31.50958904109589,4,NA,0,0,0,0
T.Y. Hilton,WR,1989-11-14,36.83561643835616,11,NA,0,0,0,0
LeRon McClain,RB,1984-12-27,41.71780821917808,7,NA,0,0,0,0
David Williams,RB,1994-06-17,32.24657534246575,4,NA,0,0,0,0
Nick Holley,WR,1994-12-05,31.778082191780822,4,NA,0,0,0,0
Terrace Marshall Jr.,WR,2000-06-09,26.268493150684932,5,0,0,0,0,0
James Blackman,QB,1998-11-14,27.835616438356166,1,NA,0,0,0,0
Shedrick Jackson,WR,1999-10-20,26.904109589041095,3,NA,0,0,0,0
Tavien Feaster,RB,1997-12-31,28.706849315068492,2,NA,0,0,0,0
Marcus Santos-Silva,TE,1997-06-07,29.273972602739725,1,NA,0,0,0,0
Robert Woods,WR,1992-04-10,34.43287671232877,12,0,0,0,0,0
Franko House,TE,1994-09-19,31.98904109589041,1,NA,0,0,0,0
Santonio Holmes,WR,1984-03-03,42.536986301369865,9,NA,0,0,0,0
Stanley Berryhill,WR,1998-06-09,28.268493150684932,1,NA,0,0,0,0
Chandler Catanzaro,K,1991-02-26,35.55068493150685,8,NA,0,0,0,0
Scottie Phillips,RB,1997-10-06,28.942465753424656,2,NA,0,0,0,0
Jordan Thompson,TE,1989-07-12,37.178082191780824,1,NA,0,0,0,0
Kaytron Allen,RB,2003-01-08,23.684931506849313,0,0,0,0,90.649480215478,86.11700620470408
Trayveon Williams,RB,1997-10-18,28.90958904109589,7,0,0,0,0,0
DeAndre Reaves,WR,1992-04-30,34.37808219178082,9,NA,0,0,0,0
Mike Bercovici,QB,1993-02-09,33.5972602739726,6,NA,0,0,0,0
Connor Heyward,TE,1999-01-22,27.646575342465752,4,NA,0,0,0,0
Jarryd Hayne,RB,1988-02-15,38.58082191780822,5,NA,0,0,0,0
Brian Walker,TE,1999-01-07,27.687671232876713,1,NA,0,0,0,0
Damarea Crockett,RB,1997-12-22,28.731506849315068,4,NA,0,0,0,0
Kisean Johnson,WR,NA,NA,1,NA,0,0,0,0
Jalen Wayne,WR,1999-05-13,27.34246575342466,1,NA,0,0,0,0
Eno Benjamin,RB,1999-04-13,27.424657534246574,4,NA,0,0,0,0
Rohan Jones,TE,NA,NA,0,NA,0,0,0,0
P.J. Walker,QB,1995-02-26,31.55068493150685,7,NA,0,0,0,0
Malcolm Lewis,WR,1993-10-27,32.88493150684931,5,NA,0,0,0,0
Alfonzo Graham,RB,2000-03-20,26.49041095890411,1,NA,0,0,0,0
Julian Howsare,RB,1992-09-11,34.010958904109586,7,NA,0,0,0,0
Thaddeus Moss,TE,1998-05-14,28.339726027397262,2,NA,0,0,0,0
Kenneth Walker III,RB,2000-10-20,25.904109589041095,4,35.15615686274511,53.777058823529416,26.166666666666668,274.9127118910948,376.26695864948124
Isaiah Jacobs,RB,NA,NA,0,NA,0,0,0,0
Sutton Smith,RB,1996-03-22,30.484931506849314,3,NA,0,0,0,0
Dalton Kincaid,TE,1999-10-18,26.90958904109589,3,-21.714382352941172,10.287254901960788,9.058333333333334,78.45415605345205,72.16265413313239
Odell Beckham Jr.,WR,1992-11-05,33.86027397260274,12,0,0,0,0,0
Gunnar Watson,QB,2000-01-11,26.676712328767124,1,NA,0,0,0,0
John Jiles,WR,2000-07-08,26.18904109589041,2,NA,0,0,0,0
Jeremy Moussa,QB,NA,NA,1,NA,0,0,0,0
Chase Price,RB,1993-06-24,33.227397260273975,0,NA,0,0,0,0
Fred Brown,WR,1993-12-01,32.78904109589041,5,NA,0,0,0,0
Cam Grandy,TE,1999-11-19,26.82191780821918,2,NA,0,0,0,0
Mac Hippenhammer,WR,1998-11-05,27.86027397260274,1,NA,0,0,0,0
Levern Jacobs,WR,1993-01-09,33.68219178082192,5,NA,0,0,0,0
Damien Martinez,RB,2004-01-31,22.621917808219177,1,0,0,0,0,0
Charles Scarff,TE,1996-05-03,30.36986301369863,3,NA,0,0,0,0
RJ Harris,WR,1992-06-03,34.28493150684932,1,NA,0,0,0,0
Nate McCollum,WR,NA,NA,1,NA,0,0,0,0
De'Mornay Pierson-El,WR,1995-12-26,30.720547945205478,4,NA,0,0,0,0
William Stanback,RB,1994-07-06,32.1945205479452,5,NA,0,0,0,0
Richard Mullaney,WR,1993-02-23,33.558904109589044,6,NA,0,0,0,0
Landon Rice,TE,1997-05-06,29.361643835616437,1,NA,0,0,0,0
Daniel Helm,TE,1995-04-20,31.405479452054795,4,NA,0,0,0,0
Amon-Ra St. Brown,WR,1999-10-24,26.893150684931506,5,150.53694117647063,142.74065686274508,19.891666666666666,369.82140088048726,664.4995955423453
Jacob Kibodi,RB,1998-10-04,27.947945205479453,1,NA,0,0,0,0
Chris Oladokun,QB,1997-09-03,29.03287671232877,4,-0.7326372549019595,0,0,0,-0.7326372549019595
Dylan Drummond,WR,2000-01-17,26.660273972602738,3,NA,0,0,0,0
Darius Lassiter,WR,2000-08-10,26.0986301369863,1,NA,0,0,0,0
Steven Scheu,TE,1992-07-07,34.19178082191781,6,NA,0,0,0,0
Andrew Luck,QB,1989-09-12,37.00821917808219,10,NA,0,0,0,0
Daylen Baldwin,WR,1999-11-24,26.80821917808219,2,NA,0,0,0,0
Jimmy Bell,TE,2000-07-08,26.18904109589041,0,NA,0,0,0,0
Brayden Lenius,TE,1996-12-19,29.73972602739726,1,NA,0,0,0,0
Austin Roberts,TE,1995-12-03,30.783561643835615,4,NA,0,0,0,0
Trishton Jackson,WR,1998-03-09,28.52054794520548,5,NA,0,0,0,0
Josiah Price,TE,1993-07-19,33.15890410958904,5,NA,0,0,0,0
Joe Sommers,TE,1993-03-03,33.536986301369865,0,NA,0,0,0,0
Papi White,WR,1996-07-19,30.15890410958904,3,NA,0,0,0,0
Cyrus Allen,WR,2003-02-11,23.59178082191781,0,0,0,0,24.77331184682259,23.53464625448146
Mose Frazier,WR,1993-08-30,33.04383561643836,6,NA,0,0,0,0
Travis Fulgham,WR,1995-09-13,31.005479452054793,4,NA,0,0,0,0
Coleman Owen,WR,2001-03-23,25.482191780821918,1,NA,0,0,0,0
Noah Short,WR,NA,NA,0,NA,0,0,0,0
Christian Ponder,QB,1988-02-25,38.553424657534244,9,NA,0,0,0,0
Zach Mettenberger,QB,1991-07-16,35.16712328767123,6,NA,0,0,0,0
Michael Young,WR,1999-02-11,27.59178082191781,2,NA,0,0,0,0
DJ Uiagalelei,QB,2001-04-17,25.413698630136988,1,NA,0,0,0,0
Kyle Miller,TE,1988-04-18,38.41095890410959,9,NA,0,0,0,0
Caleb Repp,TE,1997-03-06,29.528767123287672,2,NA,0,0,0,0
Tim Hightower,RB,1986-05-23,40.31506849315068,12,NA,0,0,0,0
Logan Kilgore,QB,NA,NA,12,NA,0,0,0,0
Billy Cundiff,K,1980-03-30,46.463013698630135,18,NA,0,0,0,0
Jerome Simpson,WR,1986-02-04,40.61095890410959,12,NA,0,0,0,0
Konata Mumpfield,WR,2002-10-24,23.893150684931506,1,0,0,0,3.923844867174535,3.7276526238158083
Charcandrick West,RB,1991-06-02,35.28767123287671,8,NA,0,0,0,0
J.t. Luper,WR,NA,NA,0,NA,0,0,0,0
Luke Musgrave,TE,2000-09-02,26.035616438356165,3,0,0,0,28.81390104409861,27.373205991893677
Camren McDonald,TE,1999-05-30,27.295890410958904,1,NA,0,0,0,0
Greg Olsen,TE,1985-03-11,41.515068493150686,14,NA,0,0,0,0
Jaydn Ott,RB,2002-12-16,23.747945205479454,0,NA,0,0,0,0
Taj Williams,WR,NA,NA,4,NA,0,0,0,0
Noel Thomas,WR,1994-09-18,31.991780821917807,5,NA,0,0,0,0
Justin Jackson,RB,1996-04-22,30.4,5,NA,0,0,0,0
MarQueis Gray,TE,1989-11-07,36.85479452054795,7,NA,0,0,0,0
Anthony Tyus,RB,2003-03-20,23.49041095890411,1,NA,0,0,0,0
Aaron Dykes,RB,NA,NA,1,NA,0,0,0,0
Bug Howard,TE,1994-11-28,31.797260273972604,5,NA,0,0,0,0
Ronnie Hillman,RB,1991-09-14,35.0027397260274,8,NA,0,0,0,0
Malcolm Perry,WR,1997-04-19,29.40821917808219,2,NA,0,0,0,0
Dominique Williams,RB,1989-05-14,37.33972602739726,1,NA,0,0,0,0
Lorenzo Lingard,RB,1999-05-29,27.2986301369863,1,NA,0,0,0,0
Dameon Pierce,RB,2000-02-19,26.56986301369863,4,0,0,0,54.932343338846344,52.18572617190402
Player Invalid,TE,NA,NA,0,NA,0,0,0,0
Bradley Marquez,WR,1992-12-14,33.75342465753425,7,NA,0,0,0,0
Taylor Bertolet,K,1992-10-24,33.893150684931506,7,NA,0,0,0,0
Garrett Grayson,QB,1991-05-29,35.298630136986304,5,NA,0,0,0,0
Brandon Wilds,RB,1993-07-22,33.15068493150685,6,NA,0,0,0,0
Greg Joseph,K,1994-08-04,32.11506849315069,7,NA,0,0,0,0
Brian Tyms,WR,1989-02-21,37.56438356164384,4,NA,0,0,0,0
John Mitchell,TE,1998-04-03,28.45205479452055,1,NA,0,0,0,0
Pat Devlin,QB,1988-04-12,38.42739726027397,9,NA,0,0,0,0
Jordyn Tyson,WR,2004-08-12,22.09315068493151,0,0,0,0,234.7568889750038,223.0190445262536
Thomas Hennigan,WR,1998-08-18,28.076712328767123,1,NA,0,0,0,0
Devlin Hodges,QB,1996-04-12,30.427397260273974,3,NA,0,0,0,0
ZaQuandre White,RB,1998-12-21,27.734246575342464,1,NA,0,0,0,0
DeAndre Torrey,RB,1998-12-23,27.72876712328767,1,NA,0,0,0,0
MarShawn Lloyd,RB,2001-01-05,25.693150684931506,2,0,0,0,100.50375604333944,95.47856824117245
Cade Klubnik,QB,2003-10-10,22.931506849315067,0,0,0,0,138.85324096277645,131.91057891463763
Player Invalid,RB,NA,NA,0,NA,0,0,0,0
Arthur Lynch,TE,1990-06-17,36.24657534246575,1,NA,0,0,0,0
Tim Tebow,TE,1987-08-14,39.087671232876716,12,NA,0,0,0,0
A.J. Hines,RB,NA,NA,0,NA,0,0,0,0
Jaeden Graham,TE,1995-10-10,30.931506849315067,4,NA,0,0,0,0
Jack Coan,QB,1998-12-09,27.767123287671232,1,NA,0,0,0,0
Cameron Dorner,WR,NA,NA,0,NA,0,0,0,0
Jordan Akins,TE,1992-04-19,34.40821917808219,8,NA,0,0,0,0
Zay Jones,WR,1995-03-30,31.463013698630135,9,0,0,0,0,0
Samaje Perine,RB,1995-09-16,30.997260273972604,9,0,-7.591382352941174,0,53.999162490492694,43.707822013026885
Redford Jones,K,1994-07-25,32.14246575342466,3,NA,0,0,0,0
Lavance Taylor,RB,NA,NA,NA,NA,0,0,0,0
John Crockett,RB,1992-02-16,34.57808219178082,5,NA,0,0,0,0
Malick Meiga,WR,2001-03-25,25.476712328767125,0,NA,0,0,0,0
Mark Walton,RB,1997-03-29,29.465753424657535,4,NA,0,0,0,0
Mekale McKay,WR,1993-08-04,33.11506849315069,6,NA,0,0,0,0
Bart Houston,QB,1992-12-16,33.74794520547945,5,NA,0,0,0,0
T.J. Luther,WR,2000-05-13,26.34246575342466,2,NA,0,0,0,0
Brady Cook,QB,2001-10-12,24.926027397260274,1,-3.522441176470588,0,0,0,-3.522441176470588
Cyril Grayson,WR,1993-12-05,32.778082191780825,5,NA,0,0,0,0
Anthony McCoy,TE,1987-12-28,38.71506849315068,10,NA,0,0,0,0
Jordan Waters,RB,2000-12-18,25.742465753424657,1,NA,0,0,0,0
Kene Nwangwu,RB,1998-02-09,28.5972602739726,5,NA,0,0,0,0
Henry Pearson,RB,1999-11-23,26.81095890410959,1,NA,0,0,0,0
Jaelen Gill,WR,1999-11-17,26.827397260273973,1,NA,0,0,0,0
Jalen Virgil,WR,1998-07-13,28.175342465753424,4,NA,0,0,0,0
Garrett Walston,TE,1998-01-20,28.65205479452055,1,NA,0,0,0,0
Austin Proehl,WR,1996-06-17,30.246575342465754,4,NA,0,0,0,0
Ketron Jackson,WR,NA,NA,1,NA,0,0,0,0
Keith Smith,RB,1992-04-08,34.43835616438356,10,NA,0,0,0,0
Camden Brown,WR,NA,NA,0,NA,0,0,0,0
Julian Allen,RB,1994-05-31,32.293150684931504,4,NA,0,0,0,0
J.J. Taylor,RB,1998-01-04,28.695890410958903,5,NA,0,0,0,0
Elijah Marks,WR,1995-12-29,30.71232876712329,4,NA,0,0,0,0
Chris Johnson,RB,1985-09-23,40.97808219178082,12,NA,0,0,0,0
Marquess Wilson,WR,1992-09-14,34.0027397260274,7,NA,0,0,0,0
Tony Brooks-James,RB,1994-12-06,31.775342465753425,3,NA,0,0,0,0
Matt Linehan,QB,NA,NA,0,NA,0,0,0,0
Anthony Denham,TE,1991-07-21,35.153424657534245,8,NA,0,0,0,0
James Starks,RB,1986-02-25,40.553424657534244,10,NA,0,0,0,0
Jaylin Noel,WR,2002-09-04,24.03013698630137,1,0,0,0,16.329843303605802,15.513351138425511
Dion Sims,TE,1991-02-18,35.57260273972603,9,NA,0,0,0,0
Beau Corrales,WR,NA,NA,1,NA,0,0,0,0
Eric Gray,RB,1999-11-04,26.863013698630137,3,0,0,0,0,0
Kenny Yeboah,TE,1998-10-30,27.876712328767123,5,NA,0,0,0,0
Trevone Boykin,QB,1993-08-22,33.06575342465754,6,NA,0,0,0,0
Pat Bryant,WR,2002-12-10,23.764383561643836,1,0,0,0,19.728541246024292,18.74211418372308
Josh Hammond,WR,1998-07-24,28.145205479452056,3,NA,0,0,0,0
Cole Kmet,TE,1999-03-10,27.517808219178082,6,-13.42122549019608,-8.471715686274507,0,43.87369370035574,19.787067838867365
L.J. Scott,RB,1996-09-15,30,3,NA,0,0,0,0
Jay Prosch,RB,1992-08-21,34.06849315068493,6,NA,0,0,0,0
Sam Wiglusz,WR,1999-07-24,27.145205479452056,1,NA,0,0,0,0
Robert Foster,WR,1994-05-07,32.35890410958904,4,NA,0,0,0,0
Zach Miller,TE,1985-12-11,40.76164383561644,8,NA,0,0,0,0
Shane Vereen,RB,1989-03-02,37.53972602739726,9,NA,0,0,0,0
Tetairoa McMillan,WR,2003-04-05,23.446575342465753,1,46.75873529411764,0,1.6916666666666664,316.73512920125614,349.3487747019776
Ben Koyack,TE,1993-04-09,33.43561643835616,7,NA,0,0,0,0
Sam Brown,WR,2002-08-15,24.084931506849315,1,NA,0,0,0,0
Byron Pringle,WR,1993-11-17,32.827397260273976,6,NA,0,0,0,0
Jamie Childers,TE,1988-06-16,38.249315068493154,1,NA,0,0,0,0
Cole Kelley,QB,1997-10-27,28.884931506849316,1,NA,0,0,0,0
Brandon Jacobs,RB,1982-07-06,44.1945205479452,8,NA,0,0,0,0
Sammis Reyes,TE,1995-10-19,30.90684931506849,4,NA,0,0,0,0
Devwah Whaley,RB,1997-11-03,28.865753424657534,2,NA,0,0,0,0
T.J. Rahming,WR,1997-01-10,29.67945205479452,3,NA,0,0,0,0
Blake Grupe,K,1998-11-05,27.86027397260274,3,0,4.511764705882354,0,0,4.511764705882354
Sean Mannion,QB,1992-04-25,34.391780821917806,9,NA,0,0,0,0
Makai Polk,WR,2001-08-04,25.115068493150684,3,NA,0,0,0,0
Donte Foster,WR,1990-11-10,35.846575342465755,1,NA,0,0,0,0
Andrew Vollert,TE,1995-03-15,31.504109589041096,4,NA,0,0,0,0
Omar Cooper Jr.,WR,2003-12-14,22.753424657534246,0,0,0,0,46.599037514317466,44.26908563860159
Elijah Young,RB,2001-09-14,25.002739726027396,1,NA,0,0,0,0
Josh Johnson,RB,1997-12-26,28.720547945205478,1,NA,0,0,0,0
Santana Moss,WR,1979-06-01,47.29041095890411,14,NA,0,0,0,0
Nate Wieting,TE,1997-02-20,29.567123287671233,2,NA,0,0,0,0
Malik Heath,WR,2000-03-31,26.46027397260274,3,0,0,0,0,0
Lenard Tillery,RB,1993-12-09,32.76712328767123,5,NA,0,0,0,0
Nick DeGennaro,WR,NA,NA,0,NA,0,0,0,0
Sal Cannella,TE,1996-12-02,29.786301369863015,3,NA,0,0,0,0
Rashawn Scott,WR,1992-01-29,34.62739726027397,6,NA,0,0,0,0
Peyton Barber,RB,1994-06-27,32.21917808219178,6,NA,0,0,0,0
Nick Eubanks,TE,1996-11-21,29.816438356164383,2,NA,0,0,0,0
Mike Thomas,WR,1994-08-16,32.082191780821915,7,NA,0,0,0,0
Naz Bohannon,TE,NA,NA,1,NA,0,0,0,0
Marcedes Lewis,TE,1984-05-19,42.326027397260276,20,NA,0,0,0,0
Warren Jackson,WR,1999-06-16,27.24931506849315,1,NA,0,0,0,0
Austin Pettis,WR,1988-05-07,38.35890410958904,5,NA,0,0,0,0
Justin Lockhart,WR,NA,NA,0,NA,0,0,0,0
Tru Edwards,WR,2001-06-09,25.268493150684932,1,NA,0,0,0,0
Ben Yurosek,TE,2002-03-17,24.4986301369863,1,NA,0,0,0,0
Gabe Davis,WR,1999-04-01,27.457534246575342,6,0,-2.847401960784313,0,4.631721299525392,1.552733273764809
Jeremiah Briscoe,QB,1993-08-15,33.084931506849315,0,NA,0,0,0,0
Wil Lutz,K,1994-07-07,32.19178082191781,10,0.8799019607843164,12.932843137254904,0,0,13.81274509803922
Allen Hurns,WR,1991-11-12,34.84109589041096,8,NA,0,0,0,0
Jaden Bradley,WR,NA,NA,0,NA,0,0,0,0
Jaaron Hayek,WR,2001-06-06,25.276712328767122,1,NA,0,0,0,0
Seth Green,TE,1998-02-14,28.583561643835615,4,NA,0,0,0,0
Cortrelle Simpson,WR,1996-08-30,30.043835616438358,3,NA,0,0,0,0
Deon Jackson,RB,1999-02-18,27.572602739726026,4,NA,0,0,0,0
Ricky Ortiz,RB,1994-04-15,32.41917808219178,5,NA,0,0,0,0
Zach Laskey,RB,1992-07-08,34.18904109589041,7,NA,0,0,0,0
Corey Fuller,WR,1990-06-28,36.21643835616438,7,NA,0,0,0,0
Justin Davis,RB,1995-11-11,30.843835616438355,5,NA,0,0,0,0
Justice Shelton-Mosley,WR,1997-03-01,29.542465753424658,2,NA,0,0,0,0
Connor Wedington,WR,1999-05-28,27.301369863013697,2,NA,0,0,0,0
Tyrie Cleveland,WR,1997-09-20,28.986301369863014,4,NA,0,0,0,0
Player Invalid,WR,NA,NA,1,NA,0,0,0,0
Tejhaun Palmer,WR,2000-05-19,26.326027397260273,2,NA,0,0,0,0
Boobie Dixon,RB,NA,NA,NA,NA,0,0,0,0
Bo Nix,QB,2000-02-25,26.553424657534247,2,116.96010784313724,105.69276470588235,-3.8566666666666665,480.3793799105333,675.1566167973596
Stefon Diggs,WR,1993-11-29,32.794520547945204,11,23.9535,34.96517647058824,0,20.94130450896945,78.81291575410921
Hunter Thedford,TE,1997-04-15,29.41917808219178,3,NA,0,0,0,0
Kenny Gainwell,RB,1999-03-14,27.506849315068493,5,62.2748431372549,-6.68063725490196,-5.133333333333333,92.99307653779611,138.8042952599259
DeAndre Thompkins,WR,1995-10-01,30.956164383561642,3,NA,0,0,0,0
Allen Reisner,TE,1988-09-29,37.961643835616435,3,NA,0,0,0,0
Travis Etienne,RB,1999-01-26,27.635616438356166,5,69.32458823529412,2.5165686274509858,6.866666666666668,188.36588055886384,257.65541006033243
Shawn Bowman,TE,2000-05-16,26.334246575342465,2,NA,0,0,0,0
Kansei Matsuzawa,K,1999-01-08,27.684931506849313,0,NA,0,0,0,0
Racey McMath,WR,1999-06-14,27.254794520547946,3,NA,0,0,0,0
Curtis Hodges,TE,1999-07-03,27.202739726027396,2,NA,0,0,0,0
Andre Ellington,RB,1989-02-03,37.61369863013699,7,NA,0,0,0,0
Brian Cobbs,WR,1999-10-18,26.90958904109589,1,NA,0,0,0,0
Trey Quinn,WR,1995-12-07,30.77260273972603,5,NA,0,0,0,0
Will Tye,TE,1991-11-04,34.863013698630134,5,NA,0,0,0,0
Drew Sample,TE,1996-04-16,30.416438356164385,7,0,0,0,0,0
Stephen Houston,RB,1991-10-28,34.88219178082192,8,NA,0,0,0,0
Jordan Smallwood,WR,1995-01-18,31.65753424657534,4,NA,0,0,0,0
Kylin Hill,RB,1998-08-18,28.076712328767123,1,NA,0,0,0,0
Victor Cruz,WR,1986-11-11,39.843835616438355,10,NA,0,0,0,0
Nick Stevens,QB,1995-01-31,31.621917808219177,1,NA,0,0,0,0
Sammy Watkins,WR,1993-06-14,33.25479452054795,9,NA,0,0,0,0
Kobe McCrary,RB,1994-01-19,32.654794520547945,4,NA,0,0,0,0
Alex Ellis,TE,1993-02-10,33.59452054794521,6,NA,0,0,0,0
Ben Skowronek,WR,1997-06-27,29.21917808219178,5,0,0,0,0,0
Stevie Scott,RB,2000-05-13,26.34246575342466,2,NA,0,0,0,0
Jack Tabb,TE,1992-07-29,34.131506849315066,2,NA,0,0,0,0
Colton Theaker,K,NA,NA,1,NA,0,0,0,0
Stone Smartt,TE,1998-10-04,27.947945205479453,4,0,0,0,0,0
Tyler Moore,TE,NA,NA,0,NA,0,0,0,0
Darrell Daniels,TE,1994-11-22,31.813698630136987,6,NA,0,0,0,0
Alek Torgersen,QB,1995-01-13,31.671232876712327,4,NA,0,0,0,0
Charone Peake,WR,1992-10-16,33.915068493150685,6,NA,0,0,0,0
Nick Novak,K,1981-08-21,45.06849315068493,15,NA,0,0,0,0
Vinny Anthony,WR,NA,NA,0,NA,0,0,0,0
Giovani Bernard,RB,1991-11-22,34.81369863013698,10,NA,0,0,0,0
Donovan Peoples-Jones,WR,1999-02-19,27.56986301369863,5,0,0,0,0,0
Daniel Rodriguez,WR,1988-01-08,38.68493150684932,10,NA,0,0,0,0
Da'Ron Brown,WR,1991-09-21,34.983561643835614,7,NA,0,0,0,0
Alex Smith,QB,1984-05-07,42.35890410958904,17,NA,0,0,0,0
Chris Blewitt,K,1995-05-02,31.372602739726027,3,NA,0,0,0,0
Byron Marshall,RB,1994-02-13,32.586301369863016,6,NA,0,0,0,0
Tevaun Smith,WR,1993-01-30,33.62465753424657,6,NA,0,0,0,0
Jeff Thomas,WR,1997-06-17,29.246575342465754,2,NA,0,0,0,0
Pierre Thomas,RB,1984-12-18,41.74246575342466,13,NA,0,0,0,0
Zion Bowens,WR,1999-08-17,27.07945205479452,1,NA,0,0,0,0
Alec Ingold,RB,1996-07-09,30.186301369863013,7,NA,0,0,0,0
Justin Hunter,WR,1991-05-20,35.323287671232876,9,NA,0,0,0,0
Nate Iese,TE,1994-09-25,31.972602739726028,5,NA,0,0,0,0
J.J. Arcega-Whiteside,TE,1996-12-31,29.706849315068492,4,NA,0,0,0,0
Robert Burns,RB,NA,NA,1,NA,0,0,0,0
Coleman Bennett,RB,NA,NA,0,NA,0,0,0,0
Jacquizz Rodgers,RB,1990-02-06,36.605479452054794,11,NA,0,0,0,0
Austin Mack,WR,1997-08-31,29.041095890410958,4,NA,0,0,0,0
Jalen Parmele,RB,1985-12-30,40.70958904109589,4,NA,0,0,0,0
Josh McCown,QB,1979-07-04,47.2,20,NA,0,0,0,0
Davis Cheek,QB,1999-02-26,27.55068493150685,1,NA,0,0,0,0
Andre Caldwell,WR,1985-04-15,41.41917808219178,12,NA,0,0,0,0
CJ Dippre,TE,2002-04-29,24.38082191780822,1,NA,0,0,0,0
Brandon Wright,K,1997-02-18,29.572602739726026,3,NA,0,0,0,0
Nick Foles,QB,1989-01-20,37.652054794520545,11,NA,0,0,0,0
Jaylen Johnson,WR,2000-05-26,26.306849315068494,2,NA,0,0,0,0
Tyjae Spears,RB,2001-06-15,25.252054794520546,3,0,-3.1788235294117646,0,84.93451922008589,77.50896972966983
Rasheen Ali,RB,2001-02-16,25.578082191780823,2,0,0,0,58.996844412102824,56.04700219149768
Kyle Monangai,RB,2002-06-06,24.276712328767122,1,21.81772549019608,0,0,127.46481200953252,142.90929689925196
Seantavius Jones,WR,1992-08-09,34.1013698630137,6,NA,0,0,0,0
C.J. Board,WR,1993-12-12,32.75890410958904,6,NA,0,0,0,0
Jarveon Howard,RB,1999-12-13,26.756164383561643,1,NA,0,0,0,0
Ronnie Rivers,RB,1999-01-31,27.621917808219177,4,0,0,0,0,0
Nate Stanley,QB,1997-08-26,29.054794520547944,2,NA,0,0,0,0
Michael Briscoe,WR,NA,NA,0,NA,0,0,0,0
Trent Taylor,WR,1994-04-30,32.37808219178082,9,NA,0,0,0,0
Darwin Thompson,RB,1997-02-12,29.589041095890412,4,NA,0,0,0,0
Donald Brown,RB,1987-04-11,39.43013698630137,11,NA,0,0,0,0
Messiah Swinson,TE,2000-04-20,26.405479452054795,2,NA,0,0,0,0
Levine Toilolo,TE,1991-07-30,35.12876712328767,9,NA,0,0,0,0
Marlon Brown,WR,1991-04-22,35.4,7,NA,0,0,0,0
Matthew Caldwell,QB,2003-05-23,23.315068493150687,0,NA,0,0,0,0
Tanner Conner,TE,1998-03-20,28.49041095890411,4,NA,0,0,0,0
Desmond Ridder,QB,1999-08-31,27.041095890410958,4,0,0,0,0,0
Josh Freeman,QB,1988-01-13,38.67123287671233,11,NA,0,0,0,0
Evan Royster,RB,1987-11-26,38.8027397260274,3,NA,0,0,0,0
Daniel Brown,TE,1992-05-26,34.30684931506849,7,NA,0,0,0,0
Cam Worthy,WR,1992-04-06,34.443835616438356,10,NA,0,0,0,0
Lamar Atkins,WR,1994-02-25,32.553424657534244,4,NA,0,0,0,0
Giorgio Tavecchio,K,1990-07-16,36.16712328767123,10,NA,0,0,0,0
David Reeves,TE,1992-12-15,33.75068493150685,9,NA,0,0,0,0
Teddy Bridgewater,QB,1992-11-10,33.846575342465755,12,NA,0,0,0,0
Daniel Braverman,WR,1993-09-28,32.964383561643835,6,NA,0,0,0,0
Player Invalid,WR,NA,NA,0,NA,0,0,0,0
Kapri Bibbs,RB,1993-01-10,33.679452054794524,8,NA,0,0,0,0
Shaun Beyer,TE,1996-11-11,29.843835616438355,1,NA,0,0,0,0
Aaron Burbridge,WR,1993-12-23,32.728767123287675,6,NA,0,0,0,0
E.J. Horton,WR,NA,NA,0,NA,0,0,0,0
Tyler Varga,RB,1993-09-24,32.97534246575343,5,NA,0,0,0,0
Jack Heneghan,QB,1996-02-13,30.586301369863016,4,NA,0,0,0,0
Barion Brown,WR,2003-12-12,22.75890410958904,0,0,0,0,10.92109938038605,10.375044411366746
Taylor Pontius,K,NA,NA,NA,NA,0,0,0,0
Alex Smith,TE,1982-05-22,44.31780821917808,15,NA,0,0,0,0
Joel Dreessen,TE,1982-07-26,44.13972602739726,8,NA,0,0,0,0
Eddy Pineiro,K,1995-09-13,31.005479452054793,8,27.8343137254902,0,0,0,27.8343137254902
Virgil Green,TE,1988-08-03,38.11780821917808,11,NA,0,0,0,0
Zach Ojile,RB,1999-01-28,27.63013698630137,1,NA,0,0,0,0
Ricky Seale,RB,1992-01-08,34.68493150684932,10,NA,0,0,0,0
Bronson Rechsteiner,RB,1997-10-24,28.893150684931506,2,NA,0,0,0,0
James Wright,WR,1991-12-31,34.706849315068496,8,NA,0,0,0,0
Reggie Davis,WR,1995-11-22,30.813698630136987,5,NA,0,0,0,0
Jeff Janis,WR,1991-06-24,35.227397260273975,6,NA,0,0,0,0
Emmett Johnson,RB,2003-10-10,22.931506849315067,0,0,0,0,91.73636179647572,87.14954370665193
Simmie Cobbs,WR,1995-08-25,31.057534246575344,4,NA,0,0,0,0
Gage Larvadain,WR,2002-01-03,24.698630136986303,1,NA,0,0,0,0
Shane Smith,RB,1993-08-21,33.06849315068493,5,NA,0,0,0,0
Noah Cain,RB,2000-12-17,25.745205479452054,1,NA,0,0,0,0
Chester Rogers,WR,1994-01-12,32.673972602739724,6,NA,0,0,0,0
Brian Thomas Jr.,WR,2002-10-08,23.936986301369863,2,-4.539480392156861,70.71967647058824,0,178.40836639583046,235.6681441544703
Anthony Manzo-Lewis,TE,1995-10-11,30.92876712328767,4,NA,0,0,0,0
Cody Chrest,WR,1998-04-10,28.432876712328767,1,NA,0,0,0,0
Austin Stogner,TE,2000-01-12,26.673972602739727,1,NA,0,0,0,0
Stephen Hill,WR,1991-04-25,35.391780821917806,4,NA,0,0,0,0
David Montgomery,RB,1997-06-07,29.273972602739725,7,8.96387254901961,99.65441176470588,0,140.42059426212333,242.01784886274265
E.J. Bibbs,TE,1991-08-28,35.04931506849315,5,NA,0,0,0,0
Kennard Backman,TE,1993-02-26,33.55068493150685,5,NA,0,0,0,0
George Atkinson,RB,1992-11-29,33.794520547945204,8,NA,0,0,0,0
Dimitri Flowers,RB,1996-01-20,30.65205479452055,4,NA,0,0,0,0
Cameron Artis-Payne,RB,1990-06-23,36.23013698630137,7,NA,0,0,0,0
Andrew Parchment,WR,NA,NA,1,NA,0,0,0,0
Kaidon Salter,QB,NA,NA,0,NA,0,0,0,0
Omari Kelly,WR,NA,NA,0,NA,0,0,0,0
Ryquell Armstead,RB,1996-10-30,29.876712328767123,3,NA,0,0,0,0
Paul Turner,WR,1993-05-10,33.35068493150685,6,NA,0,0,0,0
Colin Jeter,TE,1995-05-23,31.315068493150687,5,NA,0,0,0,0
Kai Forbath,K,1987-09-02,39.035616438356165,11,NA,0,0,0,0
Scott Chandler,TE,1985-07-23,41.14794520547945,13,NA,0,0,0,0
Korey Robertson,WR,1995-06-22,31.232876712328768,4,NA,0,0,0,0
Cody Core,WR,1994-04-17,32.413698630136984,6,NA,0,0,0,0
Maximilian Mang,TE,2000-03-13,26.50958904109589,1,NA,0,0,0,0
Darrin Laufasa,RB,1995-05-06,31.361643835616437,5,NA,0,0,0,0
David Cobb,RB,1993-06-03,33.28493150684932,5,NA,0,0,0,0
Justin Forsett,RB,1985-10-14,40.92054794520548,12,NA,0,0,0,0
Eric Ebron,TE,1993-04-10,33.43287671232877,8,NA,0,0,0,0
Austin MacGinnis,K,1995-05-04,31.367123287671234,2,NA,0,0,0,0
James Morgan,QB,1997-02-28,29.545205479452054,3,NA,0,0,0,0
Tavonn Salter,WR,1996-03-01,30.542465753424658,3,NA,0,0,0,0
Scotty Miller,WR,1997-07-31,29.126027397260273,7,0,0,0,0,0
Darius Cooper,WR,2001-11-22,24.813698630136987,1,NA,0,0,0,0
Tyler Murphy,WR,1992-01-12,34.673972602739724,5,NA,0,0,0,0
Ryan Santoso,K,1995-08-26,31.054794520547944,4,NA,0,0,0,0
Carlos Washington,RB,1998-12-26,27.720547945205478,3,NA,0,0,0,0
Jonathon Brooks,RB,2003-07-21,23.153424657534245,2,0,0,0,171.04352947830748,162.4913530043921
Gabriel Plascencia,K,NA,NA,0,NA,0,0,0,0
Devin Phelps,WR,1996-10-15,29.91780821917808,2,NA,0,0,0,0
Kyle Allen,QB,1996-03-08,30.523287671232875,8,NA,0,0,0,0
Kris Leach,TE,NA,NA,1,NA,0,0,0,0
Tory Horton,WR,2002-11-29,23.794520547945204,1,0,0,0,17.10688535857944,16.251541090650466
Sergio Bailey,WR,1994-03-20,32.49041095890411,4,NA,0,0,0,0
Dylan Sampson,RB,2004-09-14,22.002739726027396,1,1.6367352941176474,0,0,97.1292437053132,93.90951681416517
Dan Light,TE,1993-05-05,33.364383561643834,10,NA,0,0,0,0
Isiah Ferguson,WR,1991-01-08,35.68493150684932,10,NA,0,0,0,0
Ross Dwelley,TE,1995-01-26,31.635616438356166,8,NA,0,0,0,0
Luke Willson,TE,1990-01-15,36.66575342465753,9,NA,0,0,0,0
Justin Tukes,TE,1991-11-13,34.83835616438356,10,NA,0,0,0,0
Austin Appleby,QB,1993-06-04,33.28219178082192,5,NA,0,0,0,0
Franky Okafor,WR,1993-07-28,33.134246575342466,0,NA,0,0,0,0
Kevin Shaa,WR,1997-11-10,28.846575342465755,1,NA,0,0,0,0
Kejon Owens,RB,NA,NA,0,NA,0,0,0,0
Tony Johnson,K,1991-09-09,35.016438356164386,0,NA,0,0,0,0
Dane Key,WR,2003-07-01,23.208219178082192,0,NA,0,0,0,0
Caden Prieskorn,TE,1999-09-21,26.983561643835618,1,NA,0,0,0,0
David Moore,WR,1995-01-15,31.665753424657535,9,0,0,0,0,0
Ja'seem Reed,WR,2003-03-21,23.487671232876714,1,NA,0,0,0,0
Ifeanyi Momah,WR,1989-10-23,36.895890410958906,9,NA,0,0,0,0
Leddie Brown,RB,2000-02-28,26.545205479452054,1,NA,0,0,0,0
James Hanna,TE,1989-07-14,37.172602739726024,8,NA,0,0,0,0
Player Invalid,WR,NA,NA,0,NA,0,0,0,0
Zack Moss,RB,1997-12-15,28.75068493150685,5,0,-7.798921568627448,0,0,-7.798921568627448
Nate Washington,WR,1983-08-28,43.04931506849315,15,NA,0,0,0,0
Paul Lang,TE,1992-05-24,34.31232876712329,0,NA,0,0,0,0
Chris Coleman,WR,1999-04-03,27.45205479452055,1,NA,0,0,0,0
Cobi Hamilton,WR,1990-11-13,35.83835616438356,9,NA,0,0,0,0
Cody Hardy,TE,NA,NA,0,NA,0,0,0,0
Nate Becker,TE,1996-03-24,30.47945205479452,3,NA,0,0,0,0
Jalon Daniels,QB,2002-10-29,23.87945205479452,0,0,0,0,140.58812314111265,133.558716984057
Tyler Renew,RB,1994-10-20,31.904109589041095,5,NA,0,0,0,0
Alex Chisum,WR,NA,NA,0,NA,0,0,0,0
Ed Williams,WR,1991-03-14,35.50684931506849,1,NA,0,0,0,0
Player Invalid,WR,NA,NA,0,NA,0,0,0,0
Darren Sproles,RB,1983-06-20,43.23835616438356,17,NA,0,0,0,0
Matt Schaub,QB,1981-06-25,45.224657534246575,18,NA,0,0,0,0
CJ Verdell,RB,1999-08-16,27.08219178082192,1,NA,0,0,0,0
Jelani Woods,TE,1998-10-09,27.934246575342467,4,0,0,0,0,0
Rashaun Allen,TE,1990-02-25,36.553424657534244,6,NA,0,0,0,0
Gehrig Dieter,WR,1993-02-24,33.556164383561644,5,NA,0,0,0,0
Rueben Randle,WR,1991-05-07,35.35890410958904,8,NA,0,0,0,0
Shi Smith,WR,1998-10-26,27.887671232876713,3,NA,0,0,0,0
Dax Milne,WR,1999-06-23,27.23013698630137,4,NA,0,0,0,0
Donte Sylencieux,WR,NA,NA,1,NA,0,0,0,0
Shemar Bridges,WR,1997-12-26,28.720547945205478,2,NA,0,0,0,0
Mark Thompson,RB,1994-12-09,31.767123287671232,4,NA,0,0,0,0
Eli Stove,WR,NA,NA,1,NA,0,0,0,0
Reggie Virgil,WR,2004-05-14,22.339726027397262,0,0,0,0,0,0
Isaiah Searight,TE,1997-01-18,29.65753424657534,3,NA,0,0,0,0
Royce Freeman,RB,1996-02-24,30.556164383561644,8,0,0,0,0,0
Caleb Bluiett,TE,1993-10-06,32.942465753424656,5,NA,0,0,0,0
Charlie Woerner,TE,1997-10-16,28.915068493150685,6,NA,0,0,0,0
Chris Hogan,WR,1987-10-24,38.893150684931506,11,NA,0,0,0,0
Gunnar Helm,TE,2002-09-06,24.024657534246575,1,-1.3754705882352931,0,0,59.76715568667808,55.40332731410888
Rashod Bateman,WR,1999-11-29,26.794520547945204,5,0,6.46093137254902,0,12.322783327024466,18.167575533222262
Kendric Pryor,WR,1998-01-06,28.69041095890411,4,NA,0,0,0,0
Jackson Harris,TE,1997-02-28,29.545205479452054,3,NA,0,0,0,0
Dan Herron,RB,1989-03-21,37.487671232876714,8,NA,0,0,0,0
Nick Keizer,TE,1995-05-02,31.372602739726027,4,NA,0,0,0,0
River Cracraft,WR,1994-11-01,31.87123287671233,9,NA,0,0,0,0
Spencer Ware,RB,1991-11-23,34.81095890410959,9,NA,0,0,0,0
Kenzel Doe,WR,1992-06-06,34.276712328767125,10,NA,0,0,0,0
Rico Gafford,WR,1996-05-23,30.315068493150687,4,NA,0,0,0,0
Jacoby Jones,WR,2001-07-18,25.161643835616438,1,NA,0,0,0,0
Jase McClellan,RB,2002-06-25,24.224657534246575,1,0,0,0,0,0
Cole Burgess,WR,2000-02-11,26.59178082191781,3,NA,0,0,0,0
Dallen Bentley,TE,2000-12-31,25.706849315068492,0,NA,0,0,0,0
Lance Mason,TE,NA,NA,0,NA,0,0,0,0
Ben McCord,TE,1992-06-30,34.21095890410959,0,NA,0,0,0,0
Brandon Zylstra,WR,1993-03-25,33.47671232876712,5,NA,0,0,0,0
Scott Simonson,TE,1992-04-13,34.42465753424658,8,NA,0,0,0,0
Alize Mack,TE,1997-03-29,29.465753424657535,4,NA,0,0,0,0
Thomas Odukoya,TE,1997-05-05,29.364383561643837,4,NA,0,0,0,0
Andre Roberts,WR,1988-01-09,38.68219178082192,13,NA,0,0,0,0
Ainias Smith,WR,2001-05-31,25.293150684931508,2,0,0,0,0,0
Taj McGowan,RB,1996-12-30,29.70958904109589,3,NA,0,0,0,0
Taye Barber,WR,1999-10-24,26.893150684931506,1,NA,0,0,0,0
Xavier Gipson,WR,2001-03-08,25.523287671232875,3,0,0,0,0,0
Tion Green,RB,1993-12-14,32.75342465753425,5,NA,0,0,0,0
Terry McLaurin,WR,1995-09-15,31,7,-5.714039215686272,70.30691176470589,0,56.29001957217041,118.0683911425815
Kaleb Barker,QB,1997-08-01,29.123287671232877,0,NA,0,0,0,0
Tre' McKitty,TE,1999-01-12,27.673972602739727,5,NA,0,0,0,0
Samson Evans,RB,NA,NA,1,NA,0,0,0,0
Ishmael Hyman,WR,1995-08-23,31.063013698630137,3,NA,0,0,0,0
Trace McSorley,QB,1995-08-23,31.063013698630137,5,NA,0,0,0,0
Johnny Pascuzzi,TE,NA,NA,0,NA,0,0,0,0
Antonio Williams,RB,1997-10-22,28.898630136986302,2,0,0,0,0,0
Larry Rose,RB,1995-09-09,31.016438356164382,4,NA,0,0,0,0
Aaron Jones,RB,1994-12-02,31.786301369863015,9,18.601519607843137,22.900294117647057,0,69.77421382652405,107.78731686068804
B.J. Johnson,WR,1993-02-22,33.56164383561644,5,NA,0,0,0,0
Tim Semisch,TE,1991-09-18,34.99178082191781,7,NA,0,0,0,0
Dorian Baker,WR,1996-06-01,30.29041095890411,3,NA,0,0,0,0
Benny Snell,RB,1998-02-27,28.54794520547945,4,NA,0,0,0,0
Christian Kirk,WR,1996-11-18,29.824657534246576,8,-10.369598039215685,-14.256245098039212,0,5.952966626091043,-18.970524842468407
Xavier Rush,WR,1992-12-30,33.70958904109589,6,NA,0,0,0,0
Kano Dillon,TE,NA,NA,3,NA,0,0,0,0
Josh Hill,TE,1990-05-21,36.320547945205476,9,NA,0,0,0,0
Raheim Sanders,RB,2002-06-08,24.27123287671233,1,0,0,0,59.828852147399274,56.837409540029306
Josh Hokit,RB,1997-11-12,28.84109589041096,2,NA,0,0,0,0
Tobais Palmer,WR,1990-02-20,36.56712328767123,1,NA,0,0,0,0
AJ Henning,WR,2001-09-09,25.016438356164382,1,NA,0,0,0,0
Jeff Adams,RB,1989-09-06,37.02465753424657,8,NA,0,0,0,0
Jalen Coker,WR,2001-10-30,24.876712328767123,2,-2.4970098039215665,0,22.85833333333333,40.053639147161746,58.41228071921542
Eric Rivers,WR,2002-09-17,23.994520547945207,0,NA,0,0,0,0
Chris Briggs,TE,1992-11-09,33.84931506849315,5,NA,0,0,0,0
Aaron Ripkowski,RB,1992-12-20,33.73698630136986,5,NA,0,0,0,0
Charles Sims,RB,1990-09-19,35.989041095890414,6,NA,0,0,0,0
Kendrick Bourne,WR,1995-08-04,31.115068493150684,9,8.252862745098039,0,0,5.931115578273539,13.887422544457902
Delanie Walker,TE,1984-08-12,42.09315068493151,16,NA,0,0,0,0
Ryan Spadola,WR,1991-02-15,35.58082191780822,9,NA,0,0,0,0
Mason Taylor,TE,2004-05-08,22.356164383561644,1,0,0,0,74.27816437225616,70.56425615364334
Lawrance Toafili,RB,2001-11-30,24.791780821917808,1,NA,0,0,0,0
Adam Shaheen,TE,1994-10-24,31.893150684931506,6,NA,0,0,0,0
Cam Skattebo,RB,2002-02-05,24.60821917808219,1,44.49393137254902,0,3.158333333333333,251.51227546444193,286.58892639710217
Jordan Williams-Lambert,WR,1994-05-09,32.35342465753425,6,NA,0,0,0,0
M.J. McFarland,TE,1992-07-25,34.14246575342466,6,NA,0,0,0,0
Xavier Hutchinson,WR,2000-06-01,26.29041095890411,3,0,-5.924950980392156,0,11.153662294803915,4.671028199671563
Devontres Dukes,WR,1997-06-18,29.243835616438357,1,NA,0,0,0,0
Reggie Brown,WR,NA,NA,1,NA,0,0,0,0
Tyler Neville,TE,NA,NA,1,NA,0,0,0,0
David Sills,WR,1996-05-29,30.2986301369863,7,NA,0,0,0,0
DeeJay Dallas,RB,1998-09-16,27.997260273972604,6,0,0,0,0,0
Michael Dyer,RB,1990-10-13,35.92328767123288,10,NA,0,0,0,0
Akeem Hunt,RB,1993-02-22,33.56164383561644,5,NA,0,0,0,0
Hakeem Butler,TE,1996-05-16,30.334246575342465,7,NA,0,0,0,0
Jordan Whittington,WR,2000-10-01,25.956164383561642,2,0,4.606607843137256,0,4.455621599925035,8.83944836306604
Andy Isabella,WR,1996-11-18,29.824657534246576,6,NA,0,0,0,0
Jamal Custis,WR,1995-11-06,30.85753424657534,1,NA,0,0,0,0
Chase Rettig,QB,1991-09-26,34.96986301369863,1,NA,0,0,0,0
Rannell Hall,WR,1993-01-30,33.62465753424657,5,NA,0,0,0,0
Riley Neal,QB,1996-10-02,29.953424657534246,2,NA,0,0,0,0
David Blough,QB,1995-07-31,31.126027397260273,5,NA,0,0,0,0
Sewo Olonilua,RB,1997-11-27,28.8,2,NA,0,0,0,0
Cody Latimer,WR,1992-10-10,33.93150684931507,8,NA,0,0,0,0
Trevor Siemian,QB,1991-12-26,34.72054794520548,11,NA,0,0,0,0
Kaylon Geiger,WR,1997-11-01,28.87123287671233,1,NA,0,0,0,0
Ian Thomas,TE,1996-06-06,30.276712328767122,8,0,0,0,0,0
Pierre Garcon,WR,1986-08-08,40.104109589041094,14,NA,0,0,0,0
Carson Meier,TE,1995-06-29,31.213698630136985,3,NA,0,0,0,0
Xavier Grimble,TE,1992-09-22,33.98082191780822,8,NA,0,0,0,0
Ben Hartsock,TE,1980-07-05,46.1972602739726,8,NA,0,0,0,0
Tank Bigsby,RB,2002-08-30,24.043835616438358,3,0,-4.075490196078431,0,87.06250740855212,78.63389184204608
Cam Sutton,TE,1996-09-13,30.005479452054793,2,NA,0,0,0,0
Ian Book,QB,1998-03-30,28.463013698630135,4,NA,0,0,0,0
Tyron Billy-Johnson,WR,1996-01-08,30.684931506849313,5,NA,0,0,0,0
Joe Mixon,RB,1996-07-24,30.145205479452056,9,0,92.9957843137255,0,0,92.9957843137255
Mitch Van Vooren,WR,NA,NA,1,NA,0,0,0,0
Zavion Thomas,WR,2004-02-14,22.583561643835615,0,0,0,0,18.97238575150888,18.023766463933438
DeVante Parker,WR,1993-01-20,33.652054794520545,9,NA,0,0,0,0
AJ Barner,TE,2002-05-03,24.36986301369863,2,6.0639705882352946,0,0,72.15041138428798,74.60686140330887
Carson Towt,TE,2001-06-01,25.29041095890411,0,NA,0,0,0,0
Gerald Christian,TE,1991-08-26,35.054794520547944,7,NA,0,0,0,0
James Summers,RB,1994-06-12,32.26027397260274,5,NA,0,0,0,0
Shakeir Ryan,WR,1995-08-11,31.095890410958905,5,NA,0,0,0,0
Michael Jacobson,TE,1997-04-04,29.44931506849315,4,NA,0,0,0,0
Cameron Meredith,WR,1992-09-21,33.983561643835614,7,NA,0,0,0,0
Duplicate Player,WR,1994-05-09,32.35342465753425,3,NA,0,0,0,0
J'Mari Taylor,RB,2002-03-15,24.504109589041096,0,0,0,0,58.15136911945133,55.243800663478766
Mason Schreck,TE,1993-11-04,32.863013698630134,6,NA,0,0,0,0
Leon Johnson,WR,2001-06-12,25.26027397260274,1,NA,0,0,0,0
Jason Bean,QB,1999-06-09,27.268493150684932,1,NA,0,0,0,0
Kelvin McKnight,WR,1997-04-25,29.39178082191781,3,NA,0,0,0,0
Jordy Nelson,WR,1985-05-31,41.293150684931504,14,NA,0,0,0,0
JJ Molson,K,1997-04-03,29.45205479452055,2,NA,0,0,0,0
Seth Roberts,WR,1991-02-22,35.56164383561644,8,NA,0,0,0,0
Andre Levrone,WR,1995-03-09,31.52054794520548,4,NA,0,0,0,0
Blair Walsh,K,1990-01-08,36.68493150684932,10,NA,0,0,0,0
Matt Wile,K,1992-06-20,34.23835616438356,7,NA,0,0,0,0
Jamal Robinson,WR,1993-01-13,33.67123287671233,6,NA,0,0,0,0
Kendre Miller,RB,2002-06-11,24.263013698630136,3,0,0,0,74.8699168919782,71.1264210473793
Joshua Palmer,WR,1999-09-22,26.980821917808218,5,0,0.2710294117647081,0,5.015479286301321,5.035734733750963
Kendrick Rogers,WR,1997-08-07,29.106849315068494,2,NA,0,0,0,0
Jason Cabinda,RB,1996-03-17,30.4986301369863,6,NA,0,0,0,0
Justice Cunningham,TE,1991-01-14,35.66849315068493,7,NA,0,0,0,0
Luke Deal,TE,NA,NA,0,NA,0,0,0,0
Garrett Gilbert,QB,1991-01-01,35.704109589041096,9,NA,0,0,0,0
Amba Etta-Tawo,WR,1993-11-10,32.846575342465755,5,NA,0,0,0,0
Austin Wolf,WR,1994-10-12,31.926027397260274,2,NA,0,0,0,0
Jeff Badet,WR,1994-09-02,32.035616438356165,4,NA,0,0,0,0
Antonio Andrews,RB,1992-08-17,34.07945205479452,6,NA,0,0,0,0
Rhamondre Stevenson,RB,1998-02-23,28.55890410958904,5,27.042019607843137,10.53048039215687,4.203333333333333,110.71036501992114,146.95068010225842
Junior Hemingway,WR,1988-12-27,37.71780821917808,3,NA,0,0,0,0
Benson Browne,TE,1992-09-29,33.961643835616435,0,NA,0,0,0,0
Asante Cleveland,TE,1992-03-21,34.487671232876714,6,NA,0,0,0,0
Kyle Williams,WR,2002-11-13,23.838356164383562,1,0,0,0,17.67919215671524,16.795232548879476
Damoun Patterson,WR,1994-09-16,31.997260273972604,4,NA,0,0,0,0
Mark Vital,TE,1996-11-07,29.854794520547944,1,NA,0,0,0,0
Darrin Peterson,WR,1994-07-14,32.172602739726024,0,NA,0,0,0,0
Temarrick Hemingway,TE,1993-07-30,33.12876712328767,6,NA,0,0,0,0
Stevie Donatell,TE,1994-03-05,32.53150684931507,5,NA,0,0,0,0
Chris Owusu,WR,1990-01-06,36.69041095890411,8,NA,0,0,0,0
Tajae Sharpe,WR,1994-12-23,31.72876712328767,6,NA,0,0,0,0
Rod Streater,WR,1988-02-09,38.5972602739726,10,NA,0,0,0,0
Tyler Hoppes,TE,1995-05-08,31.356164383561644,4,NA,0,0,0,0
De'Angelo Henderson,RB,1992-11-24,33.80821917808219,5,NA,0,0,0,0
Daijun Edwards,RB,2001-04-11,25.43013698630137,1,NA,0,0,0,0
Emmanuel Sanders,WR,1987-03-17,39.4986301369863,12,NA,0,0,0,0
Isaiah McKenzie,WR,1995-04-09,31.435616438356163,8,NA,0,0,0,0
Damien Harris,RB,1997-02-11,29.59178082191781,5,NA,0,0,0,0
Solomon Patton,WR,1990-10-17,35.912328767123284,2,NA,0,0,0,0
Player Invalid,RB,NA,NA,1,NA,0,0,0,0
Tarik Black,WR,1998-02-10,28.594520547945205,5,NA,0,0,0,0
Roy Helu,RB,1988-12-07,37.772602739726025,9,NA,0,0,0,0
Kyren Williams,RB,2000-08-26,26.054794520547944,4,84.81593137254902,131.05293137254904,7.566666666666667,212.15088843442544,424.9788734244689
Malcolm Epps,TE,2000-01-13,26.671232876712327,1,NA,0,0,0,0
Romeo Doubs,WR,2000-04-13,26.424657534246574,4,16.867686274509808,0.9542156862745096,0,22.65510022665376,39.344247176105384
Hassan Haskins,RB,1999-11-26,26.802739726027397,4,0,0,0,0,0
Tim White,WR,1994-07-15,32.16986301369863,5,NA,0,0,0,0
Bernhard Seikovits,TE,1997-07-24,29.145205479452056,4,NA,0,0,0,0
Jose Borregales,K,1997-12-15,28.75068493150685,1,NA,0,0,0,0
Carson Wentz,QB,1992-12-30,33.70958904109589,10,0.5976960784313725,0,0,102.0795225036864,97.57324245693344
Eli Manning,QB,1981-01-03,45.6986301369863,16,NA,0,0,0,0
Javon Wims,WR,1994-09-11,32.010958904109586,5,NA,0,0,0,0
Gerald Holmes,RB,1994-11-15,31.832876712328765,4,NA,0,0,0,0
Graham Mertz,QB,2000-12-06,25.775342465753425,1,NA,0,0,0,0
Pat Freiermuth,TE,1998-10-25,27.89041095890411,5,-3.788088235294121,2.8761274509803956,0,43.49774725023339,40.41089910340799
Dareke Young,WR,1999-06-04,27.28219178082192,4,NA,0,0,0,0
Moochie Dixon,WR,NA,NA,1,NA,0,0,0,0
Chris Ivory,RB,1988-03-22,38.484931506849314,12,NA,0,0,0,0
Emari Demercado,RB,1999-01-20,27.65205479452055,3,-5.37993137254902,0,0,60.30577875285356,51.910558442661866
Qadree Ollison,RB,1996-09-08,30.019178082191782,4,NA,0,0,0,0
Danny Davis,WR,1998-01-20,28.65205479452055,1,NA,0,0,0,0
Javon Baker,WR,2002-02-18,24.572602739726026,2,0,0,0,4.705191503927047,4.469931928730694
Owen Daniels,TE,1982-11-09,43.84931506849315,14,NA,0,0,0,0
Damarr Aultman,WR,1992-01-13,34.67123287671233,10,NA,0,0,0,0
Theo Wease,WR,2001-06-25,25.224657534246575,1,NA,0,0,0,0
Larry Fitzgerald,WR,1983-08-31,43.04109589041096,18,NA,0,0,0,0
Philip Rivers,QB,1981-12-08,44.76986301369863,22,0,0,0,0,0
SaRodorick Thompson,RB,1999-10-01,26.956164383561642,1,NA,0,0,0,0
Tamorrion Terry,WR,1998-03-21,28.487671232876714,0,NA,0,0,0,0
Jordan Chunn,RB,1995-01-02,31.7013698630137,4,NA,0,0,0,0
Fred Davis,TE,1986-01-15,40.66575342465753,6,NA,0,0,0,0
Andrew Quarless,TE,1988-10-06,37.942465753424656,10,NA,0,0,0,0
Cam Miller,QB,2001-06-18,25.243835616438357,1,0,0,0,0,0
Brad Smelley,RB,1989-04-20,37.40547945205479,1,NA,0,0,0,0
Andre Debose,WR,1990-09-12,36.00821917808219,2,NA,0,0,0,0
Alonzo Russell,WR,1992-09-29,33.961643835616435,6,NA,0,0,0,0
Player Invalid,WR,NA,NA,0,NA,0,0,0,0
Garrett Scantling,WR,NA,NA,1,NA,0,0,0,0
Dillon Gabriel,QB,2000-12-28,25.715068493150685,1,-2.1071372549019607,0,0,113.76955175066774,105.97393690823239
Bryant Mitchell,WR,1992-08-16,34.082191780821915,3,NA,0,0,0,0
Josh Whyle,TE,1999-09-08,27.019178082191782,3,0,0,0,0,0
Travis Vokolek,TE,1998-06-04,28.28219178082192,3,NA,0,0,0,0
Parker White,K,1998-07-24,28.145205479452056,1,NA,0,0,0,0
Kassim Osgood,WR,1980-05-20,46.323287671232876,12,NA,0,0,0,0
Malik Willis,QB,1999-05-25,27.30958904109589,4,0,-12.89911764705882,0,233.3098865881478,208.74527461168157
Terry Swanson,RB,1996-08-06,30.10958904109589,4,NA,0,0,0,0
Mike Glennon,QB,1989-12-12,36.75890410958904,10,NA,0,0,0,0
Player Invalid,TE,NA,NA,0,NA,0,0,0,0
Whop Philyor,WR,1998-07-31,28.126027397260273,1,NA,0,0,0,0
D.J. Chark Jr.,WR,1996-09-23,29.97808219178082,7,0,0,0,0,0
Sione Vaki,RB,2001-07-30,25.12876712328767,2,0,0,0,54.62525607626063,51.893993272447595
Ellis Merriweather,RB,1999-04-07,27.44109589041096,2,NA,0,0,0,0
Jaylen Warren,RB,1998-11-01,27.87123287671233,4,69.87753921568627,13.605245098039216,-0.6416666666666657,103.44436571697452,181.1132650781846
Adam Vinatieri,K,1972-12-28,53.71506849315068,26,NA,0,0,0,0
Jhajuan Seales,WR,1993-11-26,32.8027397260274,5,NA,0,0,0,0
Cam Serigne,TE,1994-08-06,32.10958904109589,4,NA,0,0,0,0
Isaiah Weston,WR,1997-10-25,28.89041095890411,1,NA,0,0,0,0
Spencer Rattler,QB,2000-09-28,25.964383561643835,2,12.705941176470589,0,0,116.12124895894914,123.02112768747226
Bronson Hill,RB,1993-01-02,33.701369863013696,7,NA,0,0,0,0
Ty Chandler,RB,1998-05-12,28.345205479452055,4,0,-8.948823529411763,0,0,-8.948823529411763
Damian Copeland,WR,1990-10-17,35.912328767123284,2,NA,0,0,0,0
Gardner Minshew,QB,1996-05-16,30.334246575342465,7,0,2.992107843137255,0,102.61645246479826,100.4777376846956
Tandon Doss,WR,1989-09-22,36.98082191780822,5,NA,0,0,0,0
Coby Fleener,TE,1988-09-20,37.986301369863014,8,NA,0,0,0,0
Mike White,QB,1995-03-25,31.476712328767125,8,NA,0,0,0,0
Tony Romo,QB,1980-04-21,46.4027397260274,17,NA,0,0,0,0
Seth DeValve,TE,1993-01-29,33.62739726027397,6,NA,0,0,0,0
Sirgeo Hoffman,RB,NA,NA,0,NA,0,0,0,0
Victor Bolden,WR,1995-04-04,31.44931506849315,6,NA,0,0,0,0
Colby Suits,QB,NA,NA,1,NA,0,0,0,0
Larry Clark,WR,1993-05-08,33.35616438356164,5,NA,0,0,0,0
Raleigh Webb,WR,1997-12-28,28.715068493150685,2,NA,0,0,0,0
Nick Truesdell,TE,1990-03-14,36.50684931506849,6,NA,0,0,0,0
Kellen Mond,QB,1999-06-22,27.232876712328768,3,NA,0,0,0,0
Frank Stephens,WR,1995-10-23,30.895890410958906,0,NA,0,0,0,0
Jarrett Stidham,QB,1996-08-08,30.104109589041094,7,0,0,0,0,0
Mason Shipley,K,NA,NA,0,NA,0,0,0,0
Cameron Posey,WR,1993-10-27,32.88493150684931,5,NA,0,0,0,0
Michael Colubiale,TE,1995-02-09,31.5972602739726,3,NA,0,0,0,0
Jalen McCleskey,WR,1997-08-06,29.10958904109589,2,NA,0,0,0,0
Chamon Metayer,TE,NA,NA,0,NA,0,0,0,0
Kevin Rader,TE,1995-04-26,31.389041095890413,6,NA,0,0,0,0
Kyle McCord,QB,2002-09-19,23.98904109589041,1,0,0,0,0,0
Keith Mumphery,WR,1992-06-05,34.27945205479452,5,NA,0,0,0,0
Chris Naggar,K,1997-12-09,28.767123287671232,1,NA,0,0,0,0
Patrick Murray,K,1991-06-22,35.23287671232877,8,NA,0,0,0,0
Sahmir Hagans,WR,NA,NA,0,NA,0,0,0,0
Jalin Marshall,WR,1995-07-21,31.153424657534245,6,NA,0,0,0,0
Marcell Ateman,WR,1994-09-16,31.997260273972604,5,NA,0,0,0,0
Xavier Legette,WR,2001-01-29,25.627397260273973,2,3.602607843137254,-11.769862745098038,0,9.113629022084902,0.49069266901987163
Dede Westbrook,WR,1993-11-21,32.81643835616438,5,NA,0,0,0,0
Carson Steele,RB,2002-10-21,23.9013698630137,2,0,0,0,0,0
Keon Coleman,WR,2003-05-17,23.33150684931507,2,-1.6445882352941172,-6.808284313725489,0,21.183288576944285,11.671251599077465
Antonio Nunn,WR,1996-09-14,30.002739726027396,1,NA,0,0,0,0
Brandon Coleman,WR,1992-06-22,34.23287671232877,6,NA,0,0,0,0
Carson Palmer,QB,1979-12-27,46.71780821917808,17,NA,0,0,0,0
Justin Shorter,WR,2000-04-17,26.413698630136988,3,0,0,0,0,0
Josh Babicz,TE,1999-04-23,27.397260273972602,2,NA,0,0,0,0
Nick Bawden,RB,1996-06-22,30.232876712328768,6,NA,0,0,0,0
Zach Heins,TE,2000-04-21,26.4027397260274,1,NA,0,0,0,0
Vince Mayle,TE,1991-06-12,35.26027397260274,5,NA,0,0,0,0
Vince Mayle,WR,1991-06-12,35.26027397260274,5,NA,0,0,0,0
Frank Gore Jr.,RB,2002-03-13,24.50958904109589,2,0,0,0,0,0
Tanner Koziol,TE,2004-01-28,22.63013698630137,0,0,0,0,34.05794653737611,32.3550492105073
Jake Briningstool,TE,2002-12-09,23.767123287671232,1,NA,0,0,0,0
Robert Martin,RB,1995-09-04,31.03013698630137,4,NA,0,0,0,0
Ben Ellefson,TE,1996-09-01,30.03835616438356,3,NA,0,0,0,0
Noah Fant,TE,1997-11-20,28.81917808219178,7,-0.6318627450980401,3.4328921568627457,0,23.874885404784926,25.482170546310385
Ben Sauls,K,2001-07-31,25.126027397260273,1,NA,0,0,0,0
Luke Lachey,TE,2001-06-29,25.213698630136985,1,0,0,0,0,0
Quinn Ewers,QB,2003-03-15,23.504109589041096,1,0,0,0,122.4442612146741,116.32204815394039
Jordan Ta'amu,QB,1997-12-10,28.764383561643836,4,NA,0,0,0,0
Rashad Medaris,WR,1996-10-09,29.934246575342467,2,NA,0,0,0,0
Ryan Willis,QB,1996-09-28,29.964383561643835,1,NA,0,0,0,0
Ben Wooldridge,QB,1999-09-27,26.96712328767123,1,NA,0,0,0,0
Danny Amendola,WR,1985-11-02,40.868493150684934,14,NA,0,0,0,0
Trent Sherfield,WR,1996-02-25,30.553424657534247,8,0,0,0,0,0
Duplicate Player,WR,1990-12-10,35.76438356164383,7,NA,0,0,0,0
Tanner Lee,QB,1995-02-14,31.583561643835615,4,NA,0,0,0,0
Jake Rudock,QB,1993-01-21,33.64931506849315,6,NA,0,0,0,0
Malcolm Mitchell,WR,1993-07-20,33.156164383561645,6,NA,0,0,0,0
Chase Brown,RB,2000-03-21,26.487671232876714,3,111.01191176470589,132.91313725490198,7.858333333333334,284.2501195702235,521.8209959446535
Ryan Green,RB,1994-04-19,32.40821917808219,0,NA,0,0,0,0
Levi Wentz,WR,NA,NA,0,NA,0,0,0,0
Xavier Restrepo,WR,2002-04-12,24.427397260273974,1,0,0,0,5.785581298971923,5.496302234023327
Ricardo Lockette,WR,1986-05-21,40.320547945205476,9,NA,0,0,0,0
Shaleak Knotts,WR,NA,NA,0,NA,0,0,0,0
Bo Melton,WR,1999-05-18,27.328767123287673,4,0,0,0,0,0
Thayer Thomas,WR,1998-05-20,28.323287671232876,2,NA,0,0,0,0
Colbie Young,WR,2002-07-24,24.145205479452056,0,0,0,0,6.408416938620645,6.087996091689613
Elijah Arroyo,TE,2003-04-05,23.446575342465753,1,0,0,0,72.79152948933051,69.15195301486399
Shawn Bane,WR,1995-06-09,31.268493150684932,3,NA,0,0,0,0
Ryan Izzo,TE,1995-12-21,30.734246575342464,4,NA,0,0,0,0
Glen Coffee,RB,1987-05-01,39.37534246575343,1,NA,0,0,0,0
Jason Avant,WR,1983-04-20,43.40547945205479,14,NA,0,0,0,0
James Williams,RB,1996-05-17,30.33150684931507,3,NA,0,0,0,0
Ja'Quinden Jackson,RB,2001-09-12,25.008219178082193,1,NA,0,0,0,0
Nic Shimonek,QB,1994-08-22,32.06575342465754,4,NA,0,0,0,0
Mark Andrews,TE,1995-09-06,31.024657534246575,8,-4.825333333333333,0.12480392156863562,-0.04166666666666607,46.81959607096651,39.73642018898682
Tre Harbison,RB,1998-07-01,28.208219178082192,1,NA,0,0,0,0
Jayden Higgins,WR,2002-12-15,23.75068493150685,1,-0.09275490196077918,0,0,24.565996415671226,23.244941692926886
Jaivon Heiligh,WR,1999-09-02,27.035616438356165,1,NA,0,0,0,0
Tylan Wallace,WR,1999-05-13,27.34246575342466,5,0,0,0,0,0
Michael Wortham,WR,NA,NA,0,NA,0,0,0,0
Donald Parham Jr.,TE,1997-08-16,29.08219178082192,7,0,0,0,0,0
Garrett Nussmeier,QB,2002-02-07,24.602739726027398,0,0,0,0,123.12793692959332,116.97154008311365
Antwan Goodley,WR,1991-09-06,35.02465753424657,7,NA,0,0,0,0
Ian Bunting,TE,1996-02-10,30.594520547945205,4,NA,0,0,0,0
Cornelius Johnson,WR,2000-11-29,25.794520547945204,2,NA,0,0,0,0
Jalen Williams,WR,1994-06-21,32.23561643835617,5,NA,0,0,0,0
Lincoln Victor,WR,NA,NA,1,NA,0,0,0,0
Kendall Hunter,RB,1988-09-16,37.9972602739726,9,NA,0,0,0,0
Ryan Grant,WR,1990-12-19,35.73972602739726,8,NA,0,0,0,0
Duplicate Player,WR,NA,NA,0,NA,0,0,0,0
Taylor Russolino,K,1989-05-23,37.31506849315068,2,NA,0,0,0,0
Colson Yankoff,TE,2000-03-01,26.542465753424658,2,NA,0,0,0,0
Kentrel Bullock,RB,2002-03-31,24.46027397260274,0,NA,0,0,0,0
Austin Hooper,TE,1994-10-29,31.87945205479452,10,0,0,0,0,0
Moritz Bohringer,TE,1993-10-16,32.915068493150685,6,NA,0,0,0,0
Justin Jefferson,WR,1999-06-16,27.24931506849315,6,31.725274509803928,149.1438725490196,20.258333333333333,310.4129295588835,496.0197634730962
Ryan Succop,K,1986-09-19,39.989041095890414,14,NA,0,0,0,0
Duplicate Player,WR,1998-07-12,28.17808219178082,0,NA,0,0,0,0
Jonathan Kim,K,2004-03-25,22.476712328767125,1,NA,0,0,0,0
Chase Cota,WR,1999-11-09,26.84931506849315,2,NA,0,0,0,0
Marcus Murphy,RB,1991-10-03,34.95068493150685,7,NA,0,0,0,0
Bryce Brown,RB,1991-05-14,35.33972602739726,8,NA,0,0,0,0
Jordan Byrd,WR,2000-04-07,26.44109589041096,1,NA,0,0,0,0
Issac Blakeney,WR,1992-11-18,33.824657534246576,1,NA,0,0,0,0
Tyrell Shavers,WR,1999-08-18,27.076712328767123,3,0,0,0,0,0
Daniel Arias,WR,1998-09-02,28.035616438356165,1,NA,0,0,0,0
Manasseh Bailey,WR,1997-06-27,29.21917808219178,2,NA,0,0,0,0
Riley Lees,WR,NA,NA,1,NA,0,0,0,0
Xavier Ubosi,WR,1994-02-02,32.61643835616438,3,NA,0,0,0,0
Devon Allen,WR,1994-12-12,31.75890410958904,2,NA,0,0,0,0
Kasen Williams,WR,1992-12-05,33.778082191780825,5,NA,0,0,0,0
James Butler,WR,NA,NA,0,NA,0,0,0,0
Mark Weisman,RB,1991-10-28,34.88219178082192,10,NA,0,0,0,0
Matt Bushman,TE,1995-11-03,30.865753424657534,3,NA,0,0,0,0
Seneca Wallace,QB,1980-08-06,46.10958904109589,10,NA,0,0,0,0
Michael Woods,WR,2000-03-19,26.493150684931507,4,NA,0,0,0,0
Marvin Jones,WR,1990-03-12,36.512328767123286,11,NA,0,0,0,0
Jamaal Charles,RB,1986-12-27,39.71780821917808,14,NA,0,0,0,0
Chris Conley,WR,1992-10-25,33.89041095890411,10,NA,0,0,0,0
Freddie Stevenson,RB,1995-04-12,31.427397260273974,5,NA,0,0,0,0
Ja'Tavion Sanders,TE,2003-03-27,23.471232876712328,2,0,-1.9125490196078427,0,46.18658316413752,41.96470498632279
Sefo Liufau,QB,1994-10-29,31.87945205479452,5,NA,0,0,0,0
Kenneth Farrow,RB,1993-03-07,33.52602739726027,6,NA,0,0,0,0
Jason Campbell,QB,1981-12-31,44.706849315068496,10,NA,0,0,0,0
Brian Vogler,TE,1992-03-07,34.52602739726027,7,NA,0,0,0,0
LeSean McCoy,RB,1988-07-12,38.178082191780824,13,NA,0,0,0,0
Isaac Rex,TE,1998-08-04,28.115068493150684,1,NA,0,0,0,0
Andy Borregales,K,2003-01-02,23.7013698630137,1,-3.960784313725487,0,0,0,-3.960784313725487
Austin Walter,RB,1996-08-17,30.07945205479452,5,NA,0,0,0,0
Myles Gaskin,RB,1997-02-15,29.58082191780822,6,NA,0,0,0,0
Taylor Gabriel,WR,1991-02-17,35.57534246575342,8,NA,0,0,0,0
Tanner McKee,QB,2000-04-27,26.386301369863013,3,0,0,0,115.24279089548072,109.48065135070668
Durham Smythe,TE,1995-08-09,31.101369863013698,8,0,0,0,0,0
Andrew Furney,K,1991-06-23,35.23013698630137,1,NA,0,0,0,0
James Butler,RB,1995-02-19,31.56986301369863,4,NA,0,0,0,0
Ventell Bryant,WR,1996-08-24,30.06027397260274,3,NA,0,0,0,0
Armani Rogers,TE,1997-12-04,28.78082191780822,3,NA,0,0,0,0
Mohamed Ibrahim,RB,1998-09-08,28.019178082191782,1,NA,0,0,0,0
Josh Malone,WR,1996-03-21,30.487671232876714,5,NA,0,0,0,0
Kyle Shurmur,QB,1996-11-06,29.85753424657534,3,NA,0,0,0,0
Chase Reynolds,RB,1987-10-22,38.8986301369863,9,NA,0,0,0,0
Javess Blue,WR,1992-12-30,33.70958904109589,10,NA,0,0,0,0
Player Invalid,TE,NA,NA,0,NA,0,0,0,0
Dominik Eberle,K,1996-07-04,30.2,2,NA,0,0,0,0
Will Tukuafu,RB,1984-01-03,42.6986301369863,10,NA,0,0,0,0
Quentin Johnston,WR,2001-09-06,25.024657534246575,3,-13.045166666666669,0,0,48.970618434470346,33.47692084608016
Josh Crockett,WR,1995-03-13,31.50958904109589,4,NA,0,0,0,0
Jordan Nubin,RB,NA,NA,0,NA,0,0,0,0
Bo Scarbrough,RB,1996-09-29,29.96164383561644,4,NA,0,0,0,0
Mike Davis,RB,1993-02-19,33.56986301369863,7,NA,0,0,0,0
Edwin Baker,RB,1991-06-01,35.29041095890411,1,NA,0,0,0,0
Nicholas Singleton,RB,2004-01-06,22.69041095890411,0,0,0,0,98.6476997786138,93.7153147896831
Trent Steelman,WR,1989-11-14,36.83561643835616,12,NA,0,0,0,0
Justin Stockton,RB,1995-07-06,31.194520547945206,4,NA,0,0,0,0
Zach Conque,QB,1994-04-22,32.4,5,NA,0,0,0,0
Xavier Wade,WR,NA,NA,1,NA,0,0,0,0
Sean Brown,WR,NA,NA,0,NA,0,0,0,0
Michael Ezeike,TE,2000-09-17,25.994520547945207,1,NA,0,0,0,0
Shonn Greene,RB,1985-08-21,41.06849315068493,6,NA,0,0,0,0
D.J. Montgomery,WR,1996-11-17,29.827397260273973,7,NA,0,0,0,0
Chris Warren,RB,1996-06-06,30.276712328767122,4,NA,0,0,0,0
Isaiah Bond,WR,2004-03-15,22.504109589041096,1,0,0,0,12.865030228773286,12.22177871733462
David Wells,TE,1995-05-02,31.372602739726027,6,NA,0,0,0,0
John Franklin,WR,1994-09-21,31.983561643835618,4,NA,0,0,0,0
Hayden Hatten,WR,2000-06-06,26.276712328767122,1,NA,0,0,0,0
Dillon Johnson,RB,2001-06-15,25.252054794520546,1,0,0,0,0,0
Corey Coleman,WR,1994-07-06,32.1945205479452,6,NA,0,0,0,0
Cedric Peerman,RB,1986-10-10,39.93150684931507,11,NA,0,0,0,0
Terrelle Pryor,WR,1989-06-20,37.23835616438356,11,NA,0,0,0,0
Jordan Johnson,RB,1994-05-21,32.320547945205476,5,NA,0,0,0,0
Rashad Lawrence,WR,1992-06-10,34.26575342465753,6,NA,0,0,0,0
Chad Beebe,WR,1994-06-01,32.29041095890411,4,NA,0,0,0,0
Winston Wright,WR,NA,NA,2,NA,0,0,0,0
Luke Drzewiecki,K,NA,NA,0,NA,0,0,0,0
Riley Nowakowski,TE,2002-06-30,24.21095890410959,0,NA,0,0,0,0
Drake Dabney,TE,2002-05-14,24.339726027397262,1,NA,0,0,0,0
Matt Moore,QB,1984-08-09,42.1013698630137,15,NA,0,0,0,0
Ahmad Bradshaw,RB,1986-03-19,40.49315068493151,13,NA,0,0,0,0
Jon Hilliman,RB,1995-11-14,30.835616438356166,3,NA,0,0,0,0
Zach Miller,TE,1984-10-04,41.94794520547945,11,NA,0,0,0,0
Mitchell Wilcox,TE,1996-11-07,29.854794520547944,5,NA,0,0,0,0
Demitrius Bronson,RB,1990-03-06,36.52876712328767,1,NA,0,0,0,0
Anthony Landphere,TE,NA,NA,0,NA,0,0,0,0
Josh Woodrum,QB,1992-11-07,33.85479452054795,6,NA,0,0,0,0
Darren McFadden,RB,1987-08-27,39.05205479452055,12,NA,0,0,0,0
Kyle Prater,WR,1992-06-21,34.23561643835617,1,NA,0,0,0,0
Brandon Radcliff,RB,1993-03-18,33.49589041095891,5,NA,0,0,0,0
Micah Simon,WR,NA,NA,1,NA,0,0,0,0
Adonai Mitchell,WR,2002-10-08,23.936986301369863,2,0.18273529411764677,0,0,16.757118274725908,16.101997655107258
Dane Evans,QB,1993-11-19,32.821917808219176,5,NA,0,0,0,0
Hayden Rucci,TE,2001-01-27,25.632876712328766,2,NA,0,0,0,0
Deante' Gray,WR,1994-02-27,32.54794520547945,5,NA,0,0,0,0
Kayaune Ross,WR,1994-07-08,32.18904109589041,4,NA,0,0,0,0
La'Michael Pettway,TE,1997-03-20,29.49041095890411,5,NA,0,0,0,0
Devin Mahina,TE,1989-01-06,37.69041095890411,10,NA,0,0,0,0
Cam Akers,RB,1999-06-22,27.232876712328768,6,0,0,0,0,0
Will Hastings,WR,1996-07-30,30.12876712328767,2,NA,0,0,0,0
Reggie Bell,WR,1992-05-06,34.36164383561644,1,NA,0,0,0,0
Malik Knowles,WR,2000-08-17,26.07945205479452,2,NA,0,0,0,0
Tony Poljan,TE,1997-04-25,29.39178082191781,1,NA,0,0,0,0
Jamal Agnew,WR,1995-04-03,31.45205479452055,8,NA,0,0,0,0
Speedy Noil,WR,1995-10-14,30.92054794520548,5,NA,0,0,0,0
Germie Bernard,WR,2003-12-02,22.786301369863015,0,0,0,0,21.811450216285216,20.720877705470954
Malik Henry,WR,1997-04-16,29.416438356164385,3,NA,0,0,0,0
Clint Ratkovich,RB,1997-09-16,28.997260273972604,2,NA,0,0,0,0
Collin Mooney,RB,1986-04-03,40.45205479452055,2,NA,0,0,0,0
Tahj Washington,WR,2001-05-16,25.334246575342465,2,0,0,0,4.311241903470158,4.09567980829665
Kelvin Benjamin,TE,1991-02-05,35.608219178082194,8,NA,0,0,0,0
Kelvin Benjamin,WR,1991-02-05,35.608219178082194,8,NA,0,0,0,0
Gavin Escobar,TE,1991-02-03,35.61369863013699,9,NA,0,0,0,0
Zac Dysert,QB,1990-02-08,36.6,9,NA,0,0,0,0
Reggie Diggs,WR,1993-05-08,33.35616438356164,6,NA,0,0,0,0
T.J. Pledger,RB,2000-02-24,26.556164383561644,1,NA,0,0,0,0
Mario Hull,WR,1992-08-29,34.04657534246575,10,NA,0,0,0,0
Jaret Patterson,RB,1999-12-23,26.72876712328767,5,NA,0,0,0,0
DJ Giddens,RB,2003-08-26,23.054794520547944,1,0,0,0,68.65243047613734,65.21980895233047
Jordan James,RB,2004-03-29,22.465753424657535,1,0,0,0,82.21356020954708,78.10288219906973
Beau Gardner,TE,1989-12-27,36.71780821917808,10,NA,0,0,0,0
Bryce Love,RB,1997-07-08,29.18904109589041,3,NA,0,0,0,0
Matt Spaeth,TE,1983-11-24,42.80821917808219,13,NA,0,0,0,0
Jorvorskie Lane,RB,1987-02-04,39.61095890410959,8,NA,0,0,0,0
Mandel Dixon,TE,1993-04-21,33.4027397260274,0,NA,0,0,0,0
Devante Davis,WR,1992-10-13,33.92328767123288,10,NA,0,0,0,0
Doug McNeil,WR,1988-07-22,38.15068493150685,2,NA,0,0,0,0
Chris Lacy,WR,1996-01-28,30.63013698630137,5,NA,0,0,0,0
Hale Hentges,TE,1996-08-19,30.073972602739726,3,NA,0,0,0,0
Jerome Smith,RB,1991-04-06,35.443835616438356,1,NA,0,0,0,0
Erik Ezukanma,WR,2000-01-25,26.638356164383563,4,0,0,0,0,0
Geronimo Allison,WR,1994-01-18,32.657534246575345,6,NA,0,0,0,0
Chris Olave,WR,2000-06-27,26.21917808219178,4,112.15482352941176,-16.029784313725482,17.258333333333333,204.1125106382594,307.2902576553661
Mike Washington Jr.,RB,2003-07-03,23.202739726027396,0,0,0,0,106.93711123439302,101.59025567267336
Brenden Rice,WR,2002-03-18,24.495890410958904,2,0,0,0,0,0
Chris Myarick,TE,1995-10-06,30.942465753424656,7,NA,0,0,0,0
Josh Allen,QB,1996-05-21,30.32054794520548,8,205.21273529411764,193.43622549019608,25.36333333333333,768.9384066908525,1154.5037804739568
Antoine Green,WR,1999-11-15,26.832876712328765,2,NA,0,0,0,0
Kyle Orton,QB,1982-11-14,43.83561643835616,10,NA,0,0,0,0
Maurice Ffrench,WR,1998-01-01,28.704109589041096,2,NA,0,0,0,0
James White,RB,1992-02-03,34.61369863013699,8,NA,0,0,0,0
Jackson Meeks,WR,2003-03-24,23.47945205479452,1,NA,0,0,0,0
Austin Watkins,WR,1998-02-16,28.578082191780823,3,NA,0,0,0,0
Tommy Thomas,WR,NA,NA,0,NA,0,0,0,0
Tyler Harrell,WR,2000-08-01,26.123287671232877,1,NA,0,0,0,0
Jacob Maxwell,TE,1991-01-04,35.6958904109589,1,NA,0,0,0,0
Khalil McClain,WR,1999-03-19,27.493150684931507,1,NA,0,0,0,0
Al Riles,WR,1993-09-17,32.99452054794521,1,NA,0,0,0,0
Quentin Skinner,WR,2001-12-24,24.726027397260275,1,NA,0,0,0,0
Nick Folk,K,1984-11-05,41.86027397260274,19,0,-3.846568627450979,0,0,-3.846568627450979
Alan Cross,RB,1993-07-02,33.205479452054796,6,NA,0,0,0,0
Jerome Lane,WR,1995-03-09,31.52054794520548,5,NA,0,0,0,0
Julio Jones,WR,1989-02-08,37.6,13,NA,0,0,0,0
Bishop Sankey,RB,1992-09-15,34,6,NA,0,0,0,0
Tom Savage,QB,1990-04-26,36.38904109589041,8,NA,0,0,0,0
Reggie White,WR,1996-03-10,30.517808219178082,3,NA,0,0,0,0
Jhamon Ausbon,WR,1999-09-03,27.03287671232877,1,NA,0,0,0,0
Josh Downs,WR,2001-08-12,25.09315068493151,3,-8.227382352941175,-10.220029411764706,0,45.41836601244996,24.700035947121577
Anthony Gould,WR,2001-04-06,25.443835616438356,2,NA,0,0,0,0
Kylen Granson,TE,1998-03-27,28.471232876712328,5,0,0,0,0,0
Kalel Mullings,RB,2002-10-04,23.947945205479453,1,0,0,0,52.90164512648616,50.25656287016185
Duplicate Player,WR,1997-03-17,29.4986301369863,0,NA,0,0,0,0
Benny Cunningham,RB,1990-07-07,36.19178082191781,9,NA,0,0,0,0
David Martin-Robinson,TE,1999-12-26,26.720547945205478,2,NA,0,0,0,0
Joshua Perkins,TE,1993-08-05,33.11232876712329,6,NA,0,0,0,0
Christian Trahan,TE,1998-10-22,27.898630136986302,1,NA,0,0,0,0
Pokey Wilson,WR,1999-08-12,27.09315068493151,2,NA,0,0,0,0
Landry Jones,QB,1989-04-04,37.44931506849315,9,NA,0,0,0,0
Jon Brown,K,1992-12-07,33.772602739726025,6,NA,0,0,0,0
Jordan Ellis,RB,1996-03-22,30.484931506849314,3,NA,0,0,0,0
Dean Connors,RB,2003-08-29,23.046575342465754,0,NA,0,0,0,0
Lamar Miller,RB,1991-04-25,35.391780821917806,10,NA,0,0,0,0
Will Dissly,TE,1996-07-08,30.18904109589041,8,-11.68705882352941,-12.894656862745096,0,0,-24.581715686274507
Ty Johnson,RB,1997-09-17,28.994520547945207,7,4.877637254901959,0,0,56.06471350114749,58.13911508099207
Brandon Aiyuk,WR,1998-03-17,28.4986301369863,6,0,-21.10697058823529,0,3.214988143561468,-18.052731851851895
John Peters,TE,1992-04-29,34.38082191780822,1,NA,0,0,0,0
Connor Hulstein,TE,NA,NA,0,NA,0,0,0,0
Chuck Jacobs,WR,1990-05-11,36.347945205479455,2,NA,0,0,0,0
Vincent Brown,WR,1989-01-25,37.63835616438356,9,NA,0,0,0,0
LeQuint Allen,RB,2004-08-05,22.112328767123287,1,0,0,0,66.82593016645026,63.48463365812775
Chris Smith,RB,1999-09-08,27.019178082191782,1,NA,0,0,0,0
Zay Flowers,WR,2000-09-11,26.01095890410959,3,40.84508823529413,35.50874509803922,15.058333333333334,171.9775233867803,254.79081388410793
Ervin Philips,RB,1995-01-18,31.65753424657534,4,NA,0,0,0,0
Keelan Doss,WR,1996-03-21,30.487671232876714,5,NA,0,0,0,0
Aaron Smith,RB,NA,NA,5,NA,0,0,0,0
Squirrel White,WR,NA,NA,0,NA,0,0,0,0
Jimmay Mundine,TE,1991-11-12,34.84109589041096,1,NA,0,0,0,0
Greg Dulcich,TE,2000-03-26,26.473972602739725,4,0,0,0,50.93798062775399,48.391081596366284
Sam Cotton,TE,1994-01-27,32.632876712328766,5,NA,0,0,0,0
Kody Case,WR,1998-09-11,28.01095890410959,1,NA,0,0,0,0
Jay Cutler,QB,1983-04-29,43.38082191780822,14,NA,0,0,0,0
Matt Flynn,QB,1985-06-20,41.23835616438356,12,NA,0,0,0,0
Chris Finke,WR,1996-05-02,30.372602739726027,2,NA,0,0,0,0
Ify Umodu,WR,1992-07-22,34.15068493150685,10,NA,0,0,0,0
Jadon Janke,WR,1999-11-10,26.846575342465755,1,NA,0,0,0,0
Chris Polk,RB,1989-12-16,36.74794520547945,8,NA,0,0,0,0
Zach Evans,RB,2001-05-30,25.295890410958904,2,0,0,0,0,0
Sage Surratt,TE,1998-04-13,28.424657534246574,3,NA,0,0,0,0
Brock Rechsteiner,WR,NA,NA,0,NA,0,0,0,0
Harold Fannin,TE,2004-07-20,22.156164383561645,1,47.409656862745095,0,-6.841666666666667,361.4045169176946,383.90228126788827
Jonathan Adams,WR,1999-01-21,27.649315068493152,1,NA,0,0,0,0
Josh Johnson,WR,1999-08-10,27.0986301369863,2,NA,0,0,0,0
Paul Geelen,K,NA,NA,0,NA,0,0,0,0
Jameill Showers,QB,1991-09-06,35.02465753424657,5,NA,0,0,0,0
Breshad Perriman,WR,1993-09-10,33.013698630136986,8,NA,0,0,0,0
Geordon Porter,WR,NA,NA,1,NA,0,0,0,0
E.J. Perry,QB,1998-01-01,28.704109589041096,2,NA,0,0,0,0
Quentin Moore,TE,NA,NA,0,NA,0,0,0,0
Ryan Miller,WR,2000-02-20,26.567123287671233,3,NA,0,0,0,0
Chris Streveler,QB,1995-01-06,31.69041095890411,3,NA,0,0,0,0
Josiah Deguara,TE,1997-02-14,29.583561643835615,6,NA,0,0,0,0
Briley Moore,TE,1998-01-13,28.671232876712327,1,NA,0,0,0,0
Player Invalid,WR,NA,NA,0,NA,0,0,0,0
Montell Owens,RB,1984-05-04,42.367123287671234,9,NA,0,0,0,0
Shaun Wilson,RB,1995-12-02,30.786301369863015,4,NA,0,0,0,0
Kehinde Oginni,TE,1999-03-03,27.536986301369865,2,NA,0,0,0,0
De'Lance Turner,RB,1995-08-23,31.063013698630137,4,NA,0,0,0,0
Jonnu Smith,TE,1995-08-22,31.065753424657533,9,-4.187696078431373,25.527009803921572,0,0,21.3393137254902
Jack Plummer,QB,1999-10-21,26.9013698630137,1,NA,0,0,0,0
Denzel Boston,WR,2003-12-06,22.775342465753425,0,0,0,0,88.21002454629003,83.79952331897552
Wan'Dale Robinson,WR,2001-01-05,25.693150684931506,4,4.945970588235291,-1.504411764705882,0,28.3887522855212,30.41087349477455
Keilan Robinson,RB,2000-02-16,26.578082191780823,2,NA,0,0,0,0
Max Wittek,QB,1993-07-01,33.20821917808219,9,NA,0,0,0,0
Lucas Krull,TE,1998-07-11,28.18082191780822,4,0,-6.915441176470587,0,0,-6.915441176470587
Hayden Large,TE,2002-03-27,24.471232876712328,0,NA,0,0,0,0
Brandon Bogotay,K,1989-05-08,37.35616438356164,1,NA,0,0,0,0
Luke Lundy,RB,1988-08-23,38.06301369863014,10,NA,0,0,0,0
Jonah Coleman,RB,2003-08-20,23.07123287671233,0,0,0,0,129.7148004417939,123.2290604197042
Xavier Smith,WR,1997-09-21,28.983561643835618,3,NA,0,0,0,0
Van Jefferson,WR,1996-07-26,30.13972602739726,6,0,0,0,0,0
Andrew Mevis,K,1998-10-12,27.926027397260274,1,NA,0,0,0,0
Jeff Smith,WR,1997-04-21,29.4027397260274,5,NA,0,0,0,0
Henry Hynoski,RB,1988-12-30,37.70958904109589,5,NA,0,0,0,0
Christian Hackenberg,QB,1995-02-14,31.583561643835615,6,NA,0,0,0,0
Ja'Kobi Lane,WR,2004-05-05,22.364383561643837,0,0,0,0,50.58699493531128,48.05764518854571
Wayne Taulapapa,RB,1998-03-22,28.484931506849314,1,NA,0,0,0,0
Jimmie Hunt,WR,1990-09-04,36.03013698630137,10,NA,0,0,0,0
Tajh Boyd,QB,1990-09-25,35.97260273972603,1,NA,0,0,0,0
Drew Ogletree,TE,1998-07-28,28.134246575342466,4,0,0,0,0,0
Lamar Jordan,QB,1994-10-02,31.953424657534246,4,NA,0,0,0,0
Kyle Coleman,RB,1993-09-30,32.95890410958904,6,NA,0,0,0,0
Dennis Houston,WR,1999-04-24,27.394520547945206,4,NA,0,0,0,0
Kye Robichaux,RB,2002-10-06,23.942465753424656,1,NA,0,0,0,0
Ra'Shaun Henry,WR,1998-02-04,28.610958904109587,2,NA,0,0,0,0
Javorius Allen,RB,1991-08-27,35.05205479452055,7,NA,0,0,0,0
Michael Wiley,RB,2001-11-10,24.846575342465755,2,NA,0,0,0,0
Player Invalid,WR,NA,NA,0,NA,0,0,0,0
Malik Taylor,WR,1995-12-21,30.734246575342464,6,NA,0,0,0,0
LaDainian Tomlinson,RB,1979-06-23,47.23013698630137,11,NA,0,0,0,0
Dallas Daniels,WR,NA,NA,1,NA,0,0,0,0
Isaac Whitney,WR,1994-06-22,32.23287671232877,5,NA,0,0,0,0
Jamize Olawale,RB,1989-04-17,37.413698630136984,10,NA,0,0,0,0
BenJarvus Green-Ellis,RB,1985-07-02,41.205479452054796,14,NA,0,0,0,0
Austin Allen,QB,1994-08-21,32.06849315068493,4,NA,0,0,0,0
Kevin Norwood,WR,1989-09-23,36.97808219178082,6,NA,0,0,0,0
Jerrion Ealy,RB,2000-08-19,26.073972602739726,1,NA,0,0,0,0
Sherman Badie,RB,1995-01-03,31.698630136986303,4,NA,0,0,0,0
Henry Ruggs,WR,1999-01-24,27.64109589041096,2,NA,0,0,0,0
Josh Stewart,WR,1992-10-22,33.8986301369863,2,NA,0,0,0,0
Brice Butler,WR,1990-01-29,36.62739726027397,9,NA,0,0,0,0
Carter Bradley,QB,2000-03-09,26.52054794520548,2,NA,0,0,0,0
Brandon Myers,TE,1985-09-04,41.03013698630137,11,NA,0,0,0,0
Parker Romo,K,1997-08-24,29.06027397260274,2,-9.21470588235294,0,0,0,-9.21470588235294
Joey Slye,K,1996-04-10,30.432876712328767,7,NA,0,0,0,0
Samori Toure,WR,1998-03-24,28.47945205479452,4,NA,0,0,0,0
Carter Runyon,TE,2001-07-23,25.147945205479452,1,NA,0,0,0,0
Skyy Moore,WR,2000-09-10,26.013698630136986,4,0,0,0,2.8090772105817816,2.6686233500526924
MyCole Pruitt,TE,1992-03-24,34.47945205479452,10,NA,0,0,0,0
Bryan Bennett,QB,1992-03-06,34.52876712328767,10,NA,0,0,0,0
Garett Maag,WR,2000-01-01,26.704109589041096,1,NA,0,0,0,0
Marcus Rosemy-Jacksaint,WR,2002-01-08,24.684931506849313,1,NA,0,0,0,0
Keevan Lucas,WR,1995-04-10,31.432876712328767,5,NA,0,0,0,0
Courtland Sutton,WR,1995-10-10,30.931506849315067,8,29.300245098039223,65.3045,0,37.263473707643435,130.0050451203005
Nolan Henderson,QB,1998-06-26,28.221917808219178,1,NA,0,0,0,0
Jalin Hyatt,WR,2001-09-25,24.972602739726028,3,0,0,0,3.80252046247832,3.6123944393544036
Kyle Juszczyk,RB,1991-04-23,35.397260273972606,13,NA,0,0,0,0
Charles Jones,TE,1996-08-05,30.112328767123287,3,NA,0,0,0,0
Chris Rowland,WR,1997-12-19,28.73972602739726,2,NA,0,0,0,0
Jordan Norwood,WR,1986-09-28,39.964383561643835,11,NA,0,0,0,0
Trey Palmer,WR,2001-04-02,25.454794520547946,3,0,0,0,5.802671266821813,5.512537703480722
De'Mard Llorens,RB,1994-02-01,32.61917808219178,5,NA,0,0,0,0
Troymaine Pope,RB,1993-11-26,32.8027397260274,6,NA,0,0,0,0
Brandon Williams,TE,1987-10-12,38.92602739726027,7,NA,0,0,0,0
Cooper Helfet,TE,1989-06-02,37.28767123287671,8,NA,0,0,0,0
Jody Fortson,TE,1995-12-07,30.77260273972603,6,NA,0,0,0,0
Courtney Jackson,WR,2001-03-13,25.50958904109589,1,NA,0,0,0,0
Wendall Williams,WR,1990-09-18,35.99178082191781,6,NA,0,0,0,0
Derek Wright,WR,1998-08-13,28.09041095890411,2,NA,0,0,0,0
Vonta Leach,RB,1981-11-06,44.85753424657534,9,NA,0,0,0,0
Bam Knight,RB,2001-04-11,25.43013698630137,4,5.417833333333334,0,0,54.51982082482942,57.21166311692128
Chuba Hubbard,RB,1999-06-11,27.263013698630136,5,10.98899019607843,98.0626274509804,15.766666666666666,99.97623685750536,219.7957093283556
DJ Smith,K,1989-02-24,37.556164383561644,3,NA,0,0,0,0
Danny Etling,QB,1994-07-22,32.15068493150685,5,NA,0,0,0,0
Trindon Holliday,WR,1986-04-27,40.38630136986301,6,NA,0,0,0,0
Chris Givens,WR,1989-12-06,36.775342465753425,8,NA,0,0,0,0
Jerod Evans,QB,1994-01-16,32.66301369863014,5,NA,0,0,0,0
Jason Croom,TE,1994-02-28,32.54520547945206,5,NA,0,0,0,0
DeSean Smith,TE,1994-11-02,31.86849315068493,5,NA,0,0,0,0
Quartney Davis,WR,1998-04-07,28.44109589041096,2,NA,0,0,0,0
Chris Gragg,TE,1990-06-30,36.21095890410959,7,NA,0,0,0,0
Princeton Fant,TE,1999-03-11,27.515068493150686,3,NA,0,0,0,0
LaQuvionte Gonzalez,WR,1993-09-28,32.964383561643835,4,NA,0,0,0,0
Jaydon Mickens,WR,1994-04-21,32.4027397260274,8,NA,0,0,0,0
Devaughn Vele,WR,1997-12-12,28.75890410958904,2,-3.5973823529411764,0,0,11.456728997432444,7.286510194619645
LeGarrette Blount,RB,1986-12-05,39.778082191780825,12,NA,0,0,0,0
Timothy Wright,TE,1990-04-07,36.441095890410956,7,NA,0,0,0,0
Miles Shuler,WR,1993-09-26,32.96986301369863,0,NA,0,0,0,0
Daniel Marx,RB,1995-10-07,30.93972602739726,4,NA,0,0,0,0
Tom Flacco,QB,1994-11-02,31.86849315068493,0,NA,0,0,0,0
Ross Scheuerman,RB,1993-03-05,33.53150684931507,10,NA,0,0,0,0
Joshua Karty,K,2002-03-07,24.526027397260275,2,NA,0,0,0,0
Kyrese Rowan,WR,2001-01-25,25.638356164383563,1,NA,0,0,0,0
Quincy Adeboyejo,WR,1995-05-26,31.306849315068494,5,NA,0,0,0,0
Quron Pratt,WR,1991-04-25,35.391780821917806,1,NA,0,0,0,0
Josh Pearson,WR,1997-06-13,29.257534246575343,2,NA,0,0,0,0
Ray Lawry,RB,1996-09-10,30.013698630136986,4,NA,0,0,0,0
Jordan Murray,TE,2000-04-20,26.405479452054795,2,NA,0,0,0,0
Bear Pascoe,TE,1986-02-23,40.558904109589044,11,NA,0,0,0,0
Markese Stepp,RB,2000-02-11,26.59178082191781,1,NA,0,0,0,0
Jake Roh,TE,1994-09-24,31.975342465753425,4,NA,0,0,0,0
Maurice Jones-Drew,RB,1985-03-23,41.48219178082192,9,NA,0,0,0,0
Miles Austin,WR,1984-06-30,42.21095890410959,14,NA,0,0,0,0
DT Sheffield,WR,2001-02-25,25.553424657534247,0,NA,0,0,0,0
Jimmy Williams,WR,1995-02-24,31.556164383561644,4,NA,0,0,0,0
Thomas Howard,K,1983-07-14,43.172602739726024,8,NA,0,0,0,0
Kolby Listenbee,WR,1994-01-25,32.63835616438356,6,NA,0,0,0,0
Ed Eagan,WR,1993-06-19,33.24109589041096,6,NA,0,0,0,0
Keith Ford,RB,1994-04-18,32.41095890410959,4,NA,0,0,0,0
Harrison Bryant,TE,1998-04-23,28.397260273972602,6,0,0,0,0,0
Ray-Ray McCloud,WR,1996-10-15,29.91780821917808,8,0,-6.505784313725491,0,0,-6.505784313725491
Tristan Vizcaino,K,1996-07-31,30.126027397260273,4,NA,0,0,0,0
Alstevis Squirewell,RB,1992-09-17,33.99452054794521,9,NA,0,0,0,0
Derrick Dillon,WR,1995-10-28,30.882191780821916,2,NA,0,0,0,0
Kareem Hunt,RB,1995-08-06,31.10958904109589,9,-4.344607843137257,58.98553921568627,0,0,54.64093137254902
Greg Little,WR,1989-05-30,37.295890410958904,9,NA,0,0,0,0
Skyler Bell,WR,2002-07-05,24.197260273972603,0,0,0,0,19.603675003399132,18.623491253229176
Charlie Kolar,TE,1999-02-10,27.594520547945205,4,0,0,0,30.88938914284623,29.344919685703918
Zach Hocker,K,1991-08-23,35.06301369863014,6,NA,0,0,0,0
Glenn Gronkowski,RB,1993-03-25,33.47671232876712,6,NA,0,0,0,0
Lawrence Keys,WR,1999-12-09,26.767123287671232,2,NA,0,0,0,0
Joshua Simon,TE,2000-11-27,25.8,1,NA,0,0,0,0
James Turner,K,2000-11-22,25.813698630136987,1,NA,0,0,0,0
John Lunsford,K,1993-11-14,32.83561643835616,9,NA,0,0,0,0
Dylan Cantrell,TE,1994-06-29,32.21369863013699,4,NA,0,0,0,0
Sterling Shepard,WR,1993-02-10,33.59452054794521,10,0,0,0,0,0
Gerald Everett,TE,1994-06-25,32.224657534246575,8,0,0,0,0,0
Dre Miller,TE,1998-04-18,28.410958904109588,2,NA,0,0,0,0
Josh Lambo,K,1990-11-19,35.821917808219176,7,NA,0,0,0,0
Jared Smart,WR,NA,NA,1,NA,0,0,0,0
Kerrith Whyte,RB,1996-10-31,29.873972602739727,3,NA,0,0,0,0
Austin Traylor,TE,1993-09-03,33.032876712328765,6,NA,0,0,0,0
E.J. Warner,QB,NA,NA,0,NA,0,0,0,0
Tyler Kroft,TE,1992-10-15,33.917808219178085,9,NA,0,0,0,0
T.J. Yeldon,RB,1993-10-02,32.95342465753425,7,NA,0,0,0,0
Devin Fuller,WR,1994-01-29,32.62739726027397,6,NA,0,0,0,0
Kameron Brown,WR,1996-09-11,30.01095890410959,1,NA,0,0,0,0
Dare Ogunbowale,RB,1994-05-04,32.367123287671234,9,0,-2.5301470588235295,0,0,-2.5301470588235295
Blake Haubeil,K,NA,NA,1,NA,0,0,0,0
Chase Garbers,QB,1999-06-06,27.276712328767122,1,NA,0,0,0,0
Ihmir Smith-Marsette,WR,1999-08-29,27.046575342465754,5,0,0,0,0,0
Milton Wright,WR,2000-09-28,25.964383561643835,1,NA,0,0,0,0
Blake Jackson,WR,1994-03-07,32.52602739726027,4,NA,0,0,0,0
Jay Lee,WR,1993-06-29,33.21369863013699,9,NA,0,0,0,0
Malcolm Brown,RB,1993-05-15,33.33698630136986,8,NA,0,0,0,0
Kyle Brindza,K,1993-01-13,33.67123287671233,5,NA,0,0,0,0
George Aston,RB,1996-02-01,30.61917808219178,3,NA,0,0,0,0
Bub Means,WR,2001-01-10,25.67945205479452,2,0,0,0,0,0
Eldridge Massington,WR,1995-01-26,31.635616438356166,1,NA,0,0,0,0
Terrell Jennings,RB,2001-03-01,25.542465753424658,2,0,0,0,0,0
Kevin Austin,WR,2000-03-30,26.463013698630135,4,NA,0,0,0,0
Taiwan Jones,RB,1988-07-26,38.13972602739726,12,NA,0,0,0,0
Rashad Jennings,RB,1985-03-26,41.47397260273973,11,NA,0,0,0,0
Najee Harris,RB,1998-03-09,28.52054794520548,5,0,24.35209803921569,0,63.04155470868345,84.24157501246496
Dominic Richardson,RB,2001-04-12,25.427397260273974,0,NA,0,0,0,0
Scott Tolzien,QB,1987-09-04,39.03013698630137,9,NA,0,0,0,0
Lance McCutcheon,WR,1999-02-28,27.545205479452054,4,NA,0,0,0,0
Tyler Loop,K,2001-08-04,25.115068493150684,1,17.394117647058827,0,6.583333333333334,0,23.977450980392163
Jeff Cotton,WR,1997-04-17,29.413698630136988,3,NA,0,0,0,0
Max McCaffrey,WR,1994-05-17,32.33150684931507,6,NA,0,0,0,0
Khari Lee,TE,1992-01-16,34.66301369863014,7,NA,0,0,0,0
Raheem Blackshear,RB,1998-06-05,28.279452054794522,4,0,-6.74799019607843,0,0,-6.74799019607843
Drew Plitt,QB,1998-01-09,28.682191780821917,2,NA,0,0,0,0
Michael Mayer,TE,2001-07-06,25.194520547945206,3,0,0,0.25833333333333286,62.75685674759048,59.877347243544286
Greg Jennings,WR,1983-09-21,42.983561643835614,14,NA,0,0,0,0
Tony Jones,WR,1992-03-21,34.487671232876714,10,NA,0,0,0,0
Slade Bolden,WR,1999-01-26,27.635616438356166,2,NA,0,0,0,0
Michael Egnew,TE,1989-11-01,36.87123287671233,3,NA,0,0,0,0
Ben Roethlisberger,QB,1982-03-02,44.53972602739726,18,NA,0,0,0,0
Krishawn Hogan,WR,1995-05-12,31.345205479452055,5,NA,0,0,0,0
Alonzo Harris,RB,1992-11-09,33.84931506849315,5,NA,0,0,0,0
Terrance West,RB,1991-01-28,35.63013698630137,6,NA,0,0,0,0
Tanner Mordecai,QB,1999-11-08,26.852054794520548,1,NA,0,0,0,0
Cairo Santos,K,1991-11-12,34.84109589041096,12,11.832352941176474,0,4.583333333333334,0,16.41568627450981
Devon Johnson,RB,1993-07-28,33.134246575342466,6,NA,0,0,0,0
Luke Benson,TE,2001-04-26,25.389041095890413,1,NA,0,0,0,0
Andre Lindsey,WR,NA,NA,3,NA,0,0,0,0
Steve Smith,WR,1979-05-12,47.345205479452055,19,NA,0,0,0,0
Joe Walker,WR,1996-01-12,30.673972602739727,3,NA,0,0,0,0
Tyler Bass,K,1997-02-14,29.583561643835615,6,0,13.243137254901963,0,0,13.243137254901963
Derrick Johnson,WR,1991-07-06,35.1945205479452,11,NA,0,0,0,0
C.J. Prosise,RB,1994-05-20,32.323287671232876,6,NA,0,0,0,0
Robert Hughes,RB,1989-05-10,37.35068493150685,3,NA,0,0,0,0
Malik Davis,RB,1998-11-26,27.802739726027397,4,0,0,0,72.59834194030631,68.96842484329099
Bruce Gradkowski,QB,1983-01-27,43.632876712328766,11,NA,0,0,0,0
Nick Ralston,RB,1996-11-10,29.846575342465755,1,NA,0,0,0,0
Easop Winston,WR,1996-12-17,29.745205479452054,5,NA,0,0,0,0
Trayvon Rudolph,WR,2001-09-06,25.024657534246575,0,NA,0,0,0,0
Anthony Firkser,TE,1995-02-19,31.56986301369863,9,NA,0,0,0,0
Dallas Clark,TE,1979-06-12,47.26027397260274,11,NA,0,0,0,0
Taiwan Deal,RB,NA,NA,0,NA,0,0,0,0
Andy Janovich,RB,1993-05-23,33.31506849315068,6,NA,0,0,0,0
Max Klare,TE,2003-07-08,23.18904109589041,0,0,0,0,64.667355067896,61.433987314501195
Luke Grimm,WR,2001-08-08,25.104109589041094,1,NA,0,0,0,0
Rakeem Boyd,RB,NA,NA,1,NA,0,0,0,0
Sam Hartman,QB,1999-07-29,27.13150684931507,2,NA,0,0,0,0
Eric Weems,WR,1985-07-04,41.2,13,NA,0,0,0,0
JC Copeland,RB,1991-07-21,35.153424657534245,1,NA,0,0,0,0
Talolo Limi-Jones,WR,1997-11-16,28.83013698630137,1,NA,0,0,0,0
Orson Charles,TE,1991-01-27,35.632876712328766,10,NA,0,0,0,0
Mychal Rivera,TE,1990-09-08,36.01917808219178,7,NA,0,0,0,0
Ricky Person,RB,1999-11-12,26.84109589041096,1,NA,0,0,0,0
A.T. Perry,WR,1999-10-26,26.887671232876713,3,0,0,0,0,0
Xavier Johnson,WR,1999-05-11,27.34794520547945,2,NA,0,0,0,0
Jermaine Kearse,WR,1990-02-06,36.605479452054794,10,NA,0,0,0,0
Roschon Johnson,RB,2001-01-31,25.621917808219177,3,0,2.3453431372549023,0,66.66972618958172,65.68158301735754
Luke McCown,QB,1981-07-12,45.178082191780824,18,NA,0,0,0,0
De'Veon Smith,RB,1994-11-08,31.852054794520548,5,NA,0,0,0,0
Junior Bergen,WR,2002-10-23,23.895890410958906,1,NA,0,0,0,0
Ka'imi Fairbairn,K,1994-01-29,32.62739726027397,10,69.35245098039215,48.143137254901966,1.583333333333334,0,119.07892156862745
Devin Street,WR,1991-03-30,35.463013698630135,6,NA,0,0,0,0
Laquon Treadwell,WR,1995-06-14,31.254794520547946,10,NA,0,0,0,0
Jacob Sirmon,QB,NA,NA,1,NA,0,0,0,0
Sam Howell,QB,2000-09-16,25.997260273972604,4,0,0,0,110.47424153964718,104.95052946266482
Caleb Williams,QB,2001-11-18,24.824657534246576,2,166.1316568627451,51.59929411764706,26.96333333333333,556.0740984699609,772.9646778601882
Walter Powell,WR,1991-11-23,34.81095890410959,6,NA,0,0,0,0
Will Kacmarek,TE,2003-02-12,23.589041095890412,0,NA,0,0,0,0
Ty Fryfogle,WR,1999-01-28,27.63013698630137,2,NA,0,0,0,0
Keshawn Hill,RB,1993-03-17,33.4986301369863,10,NA,0,0,0,0
Griff Whalen,WR,1990-03-01,36.54246575342466,8,NA,0,0,0,0
Travis Homer,RB,1998-08-07,28.106849315068494,7,0,0,0,0,0
Tyler Scott,WR,2001-10-12,24.926027397260274,3,0,0,0,0,0
Demaryius Thomas,WR,1987-12-25,38.723287671232875,12,NA,0,0,0,0
Master Teague,RB,2000-05-19,26.326027397260273,2,NA,0,0,0,0
James O'Shaughnessy,TE,1992-01-14,34.66849315068493,8,NA,0,0,0,0
Auden Tate,WR,1997-02-03,29.613698630136987,5,NA,0,0,0,0
Ka'Deem Carey,RB,1992-10-30,33.87671232876713,6,NA,0,0,0,0
Ryan Broyles,WR,1988-04-09,38.43561643835616,4,NA,0,0,0,0
Drew Stanton,QB,1984-05-07,42.35890410958904,15,NA,0,0,0,0
Taquan Mizzell,RB,1993-10-21,32.9013698630137,5,NA,0,0,0,0
Shaun Draughn,RB,1987-12-07,38.772602739726025,9,NA,0,0,0,0
Dan Vitale,RB,1993-10-26,32.88767123287671,6,NA,0,0,0,0
Jake Kumerow,WR,1992-02-17,34.57534246575342,8,NA,0,0,0,0
Rob Housler,TE,1988-03-17,38.4986301369863,9,NA,0,0,0,0
Jalen Reagor,WR,1999-01-02,27.7013698630137,6,0,0,0,0,0
Kent Taylor,TE,1993-11-29,32.794520547945204,4,NA,0,0,0,0
Justin Hall,WR,1999-01-29,27.627397260273973,3,NA,0,0,0,0
Spencer Schnell,WR,1994-12-07,31.77260273972603,3,NA,0,0,0,0
C.J. Worton,WR,1996-01-30,30.624657534246577,3,NA,0,0,0,0
Kirk Merritt,WR,1997-01-05,29.693150684931506,3,NA,0,0,0,0
Vick Ballard,RB,1990-07-16,36.16712328767123,8,NA,0,0,0,0
Paul Butler,TE,1993-04-26,33.38904109589041,5,NA,0,0,0,0
Max Tomczak,WR,NA,NA,0,NA,0,0,0,0
Josh Reese,WR,1991-01-03,35.6986301369863,10,NA,0,0,0,0
Ramon Jefferson,RB,2000-01-10,26.67945205479452,1,NA,0,0,0,0
Jace Davis,WR,1991-08-22,35.06575342465754,1,NA,0,0,0,0
John Hurst,WR,1996-11-02,29.86849315068493,2,NA,0,0,0,0
Shane Zylstra,TE,1996-11-16,29.83013698630137,5,NA,0,0,0,0
Myles White,WR,1990-03-30,36.463013698630135,7,NA,0,0,0,0
Alvin Kamara,RB,1995-07-25,31.14246575342466,9,3.9620980392156886,135.47538235294118,0,62.34262814887042,198.66297713358375
Gabe Nabers,RB,1997-11-05,28.86027397260274,2,NA,0,0,0,0
D.J. Williams,RB,1999-11-15,26.832876712328765,1,NA,0,0,0,0
Kerwynn Williams,RB,1991-06-09,35.26849315068493,7,NA,0,0,0,0
Jerry Lovelocke,QB,1992-10-08,33.93698630136986,10,NA,0,0,0,0
Brandon Johnson,WR,1998-07-26,28.13972602739726,4,NA,0,0,0,0
Ryan Davis,WR,1997-04-12,29.427397260273974,3,NA,0,0,0,0
Jalan McClendon,QB,NA,NA,3,NA,0,0,0,0
Marquez North,WR,1995-04-21,31.4027397260274,6,NA,0,0,0,0
Tre Nixon,WR,1998-01-26,28.635616438356166,3,NA,0,0,0,0
Kenny Cook,WR,1992-05-20,34.323287671232876,7,NA,0,0,0,0
Jarquez Hunter,RB,2002-12-29,23.71232876712329,1,0,0,0,60.54804140937092,57.52063933890237
Sean Renfree,QB,1990-04-28,36.38356164383562,7,NA,0,0,0,0
Armanti Foreman,WR,NA,NA,4,NA,0,0,0,0
Joshua Cephus,WR,2001-03-05,25.53150684931507,2,NA,0,0,0,0
Henry Poggi,RB,1994-08-09,32.1013698630137,4,NA,0,0,0,0
Pig Howard,WR,1993-03-09,33.52054794520548,5,NA,0,0,0,0
Toriano Clinton,RB,NA,NA,1,NA,0,0,0,0
Elijhaa Penny,RB,1993-08-17,33.07945205479452,6,NA,0,0,0,0
Pete Guerriero,RB,1998-07-13,28.175342465753424,2,NA,0,0,0,0
Luis Perez,QB,1994-08-26,32.054794520547944,6,NA,0,0,0,0
Jonathan Krause,WR,1992-01-18,34.657534246575345,6,NA,0,0,0,0
Jacob Breeland,TE,1996-09-20,29.986301369863014,2,NA,0,0,0,0
Nikko Remigio,WR,1999-11-04,26.863013698630137,3,NA,0,0,0,0
Travis Rudolph,WR,1995-09-15,31,5,NA,0,0,0,0
Bauer Sharp,TE,2003-05-03,23.36986301369863,0,NA,0,0,0,0
Ayir Asante,WR,2001-02-27,25.54794520547945,1,NA,0,0,0,0
Tip Reiman,TE,2001-09-17,24.994520547945207,2,0,0,0,0,0
Chris Thompson,WR,1994-05-09,32.35342465753425,5,NA,0,0,0,0
Brian Parker,TE,1992-05-30,34.295890410958904,7,NA,0,0,0,0
Derrick Gore,RB,1994-12-13,31.756164383561643,5,NA,0,0,0,0
Stephen Morris,QB,1992-08-27,34.05205479452055,6,NA,0,0,0,0
Oscar Delp,TE,2003-08-04,23.115068493150684,0,0,0,0,55.96014050156654,53.162133476488215
Reggie Begelton,WR,1993-08-31,33.04109589041096,2,NA,0,0,0,0
Trey Potts,RB,NA,NA,1,NA,0,0,0,0
Eric Dungey,QB,1996-06-12,30.26027397260274,3,NA,0,0,0,0
Graham Gano,K,1987-04-09,39.43561643835616,17,NA,0,0,0,0
DeShon Williams,TE,NA,NA,1,NA,0,0,0,0
Cedrick Wilson,WR,1995-11-20,30.81917808219178,8,0,0,0,0,0
Ryan Flournoy,WR,1999-10-27,26.884931506849316,2,0,0,0,11.767162822308665,11.178804681193231
Treyvhon Saunders,WR,NA,NA,0,NA,0,0,0,0
Joel Honigford,TE,1998-04-27,28.386301369863013,1,NA,0,0,0,0
Trey Williams,RB,1992-12-11,33.76164383561644,5,NA,0,0,0,0
Anthony Turner,WR,NA,NA,1,NA,0,0,0,0
Mike Harley,WR,1997-12-13,28.756164383561643,2,NA,0,0,0,0
Donatella Luckett,WR,1991-02-01,35.61917808219178,10,NA,0,0,0,0
Brandon Ross,RB,1992-11-09,33.84931506849315,9,NA,0,0,0,0
Aldrick Rosas,K,1994-12-30,31.70958904109589,6,NA,0,0,0,0
Justin Brown,WR,1991-03-10,35.51780821917808,2,NA,0,0,0,0
Colin Granger,TE,NA,NA,2,NA,0,0,0,0
Jeff Foreman,WR,1999-12-26,26.720547945205478,1,NA,0,0,0,0
Jake Fromm,QB,1998-07-30,28.12876712328767,5,NA,0,0,0,0
Kade Warner,WR,1998-09-29,27.96164383561644,1,0,0,0,0,0
Keric Wheatfall,WR,1999-04-20,27.405479452054795,1,NA,0,0,0,0
Percy Harvin,WR,1988-05-28,38.3013698630137,11,NA,0,0,0,0
Justyn Ross,WR,1999-12-15,26.75068493150685,3,0,0,0,0,0
Khiry Robinson,RB,1989-12-28,36.71506849315068,7,NA,0,0,0,0
Kelly Bryant,QB,1996-09-25,29.972602739726028,0,NA,0,0,0,0
Grant DuBose,WR,2001-06-20,25.23835616438356,2,NA,0,0,0,0
Tony Lippett,WR,1992-07-02,34.205479452054796,7,NA,0,0,0,0
Jeff Driskel,QB,1993-04-23,33.397260273972606,10,NA,0,0,0,0
Spencer Larsen,RB,1984-03-04,42.534246575342465,6,NA,0,0,0,0
Leonte Carroo,WR,1994-01-24,32.64109589041096,6,NA,0,0,0,0
Sone Ntoh,RB,NA,NA,0,NA,0,0,0,0
Kyle Sloter,QB,1994-02-07,32.602739726027394,5,NA,0,0,0,0
Aaron Bailey,QB,NA,NA,1,NA,0,0,0,0
Ethan Sanchez,K,2002-04-14,24.421917808219177,0,NA,0,0,0,0
Luke Schoonmaker,TE,1998-09-28,27.964383561643835,3,0,0,0,23.16024247456163,22.00223035083355
Siaosi Mariner,WR,1997-01-25,29.638356164383563,2,NA,0,0,0,0
Jaylen Smith,WR,1997-08-01,29.123287671232877,3,NA,0,0,0,0
Montana Lemonious-Craig,WR,2002-07-29,24.13150684931507,0,NA,0,0,0,0
Garrett Celek,TE,1988-05-29,38.298630136986304,10,NA,0,0,0,0
Matt Asiata,RB,1987-07-24,39.14520547945205,9,NA,0,0,0,0
Ross Martin,K,1993-07-03,33.202739726027396,6,NA,0,0,0,0
Emanuel Wilson,RB,1999-05-08,27.356164383561644,3,0,-1.2996568627450973,0,63.84232280471772,59.35054980173673
Ryan Fitzpatrick,QB,1982-11-24,43.80821917808219,17,NA,0,0,0,0
JP Richardson,WR,2002-03-23,24.482191780821918,1,NA,0,0,0,0
Jason Myers,K,1991-05-12,35.345205479452055,11,22.284803921568628,2.101960784313728,0,0,24.386764705882356
Devon Garrison,TE,NA,NA,1,NA,0,0,0,0
Jacoby Brissett,QB,1992-12-11,33.76164383561644,10,24.439421568627452,0.12647058823529456,0,130.77961778910196,148.8065290565096
Ronnie Brown,RB,2000-04-12,26.427397260273974,1,NA,0,0,0,0
L'Damian Washington,WR,1985-11-15,40.83287671232877,1,NA,0,0,0,0
Michael Badgley,K,1995-07-28,31.134246575342466,7,11.774509803921568,0,0,0,11.774509803921568
Ryan Griffin,TE,1990-01-11,36.676712328767124,10,NA,0,0,0,0
Rodney Anderson,RB,1996-09-12,30.008219178082193,3,NA,0,0,0,0
Shermari Jones,RB,NA,NA,1,NA,0,0,0,0
Robert Turbin,RB,1989-12-02,36.78630136986301,10,NA,0,0,0,0
Mario Manningham,WR,1986-05-25,40.30958904109589,7,NA,0,0,0,0
Chad Kanoff,QB,1994-10-06,31.942465753424656,4,NA,0,0,0,0
C.J. Stroud,QB,2001-10-03,24.95068493150685,3,30.265901960784312,35.930058823529414,6.163333333333334,343.8580546514266,399.02444603650235
Dustin Keller,TE,1984-09-25,41.97260273972603,6,NA,0,0,0,0
Luke McNitt,RB,1994-04-20,32.40547945205479,4,NA,0,0,0,0
Michael Thomas,WR,1993-03-03,33.536986301369865,8,0,0,0,0,0
Michael Palardy,K,1992-07-06,34.1945205479452,11,NA,0,0,0,0
Junior Vandeross,WR,NA,NA,0,NA,0,0,0,0
Elijah Higgins,TE,2000-10-27,25.884931506849316,3,0,0,0,23.356067370141773,22.188264001634682
Isaiah Coulter,WR,1998-09-18,27.991780821917807,3,NA,0,0,0,0
Tayon Fleet-Davis,RB,NA,NA,1,NA,0,0,0,0
T.J. Logan,RB,1994-09-03,32.032876712328765,5,NA,0,0,0,0
Erik Swoope,TE,1992-05-08,34.35616438356164,8,NA,0,0,0,0
Kadarius Calloway,RB,NA,NA,0,NA,0,0,0,0
Mason Rudolph,QB,1995-07-17,31.164383561643834,8,0,8.314607843137255,0,0,8.314607843137255
Kobe Lewis,RB,2000-06-14,26.254794520547946,1,NA,0,0,0,0
Player Invalid,TE,NA,NA,0,NA,0,0,0,0
Giles Jackson,WR,2001-12-11,24.76164383561644,1,NA,0,0,0,0
Andrew Franks,K,1993-01-11,33.676712328767124,5,NA,0,0,0,0
Jerrod Johnson,QB,1988-07-12,38.178082191780824,1,NA,0,0,0,0
Shaquan Davis,WR,2000-02-08,26.6,1,NA,0,0,0,0
Swayze Waters,K,1987-05-18,39.32876712328767,1,NA,0,0,0,0
Branden Mack,WR,1998-08-23,28.063013698630137,1,NA,0,0,0,0
Jamel Johnson,WR,1991-07-09,35.18630136986302,6,NA,0,0,0,0
Cardale Jones,QB,1992-09-29,33.961643835616435,6,NA,0,0,0,0
Braxton Miller,WR,1992-11-30,33.79178082191781,6,NA,0,0,0,0
Anas Hasic,WR,NA,NA,0,NA,0,0,0,0
Skye Dawson,WR,1990-12-02,35.78630136986301,12,NA,0,0,0,0
Matthew Slater,WR,1985-09-09,41.016438356164386,16,NA,0,0,0,0
Artavis Pierce,RB,1996-05-17,30.33150684931507,2,NA,0,0,0,0
Israel Abanikanda,RB,2002-10-05,23.945205479452056,3,0,0,0,48.38717972149816,45.967820735423246
Marcus Cooper,RB,NA,NA,1,NA,0,0,0,0
Kevorian Barnes,RB,NA,NA,0,NA,0,0,0,0
Dontae Strickland,RB,1997-03-22,29.484931506849314,3,NA,0,0,0,0
Lincoln Sefcik,TE,1999-07-14,27.172602739726027,1,NA,0,0,0,0
Charles Johnson,WR,1989-02-27,37.54794520547945,7,NA,0,0,0,0
Jared Pinkney,TE,1997-08-21,29.068493150684933,3,NA,0,0,0,0
Devin Lucien,WR,1993-06-26,33.221917808219175,6,NA,0,0,0,0
James McCourt,K,1997-11-09,28.84931506849315,1,NA,0,0,0,0
Johnny Johnson,WR,1999-05-04,27.367123287671234,3,NA,0,0,0,0
Justin Sumpter,WR,1996-05-22,30.317808219178083,3,NA,0,0,0,0
Dobson Collins,WR,1987-07-12,39.178082191780824,1,NA,0,0,0,0
Player Invalid,RB,NA,NA,0,NA,0,0,0,0
Joel Wilson,TE,2000-06-21,26.235616438356164,3,NA,0,0,0,0
Drake Stoops,WR,1999-06-16,27.24931506849315,1,NA,0,0,0,0
Greg Dortch,WR,1998-05-29,28.2986301369863,7,0,0,0,4.475149929787647,4.251392433298264
Terrell Sinkfield,WR,1990-12-10,35.76438356164383,9,NA,0,0,0,0
Emanuel Hall,WR,1997-05-21,29.32054794520548,3,NA,0,0,0,0
Brandon Doughty,QB,1991-10-06,34.942465753424656,6,NA,0,0,0,0
Deshon Foxx,WR,1992-11-27,33.8,7,NA,0,0,0,0
Kamryn Pettway,RB,1995-12-20,30.736986301369864,4,NA,0,0,0,0
Player Invalid,QB,NA,NA,0,NA,0,0,0,0
Chase Harrell,TE,1996-05-16,30.334246575342465,2,NA,0,0,0,0
J.T. Barrett,QB,1995-01-23,31.643835616438356,4,NA,0,0,0,0
Ben Braunecker,TE,1994-02-07,32.602739726027394,6,NA,0,0,0,0
Da'Quan Felton,WR,2001-01-13,25.671232876712327,1,NA,0,0,0,0
Chris Harper,WR,1989-09-10,37.013698630136986,1,NA,0,0,0,0
Myles Price,WR,2001-12-16,24.747945205479454,1,NA,0,0,0,0
Rasheed Bailey,WR,1993-07-29,33.131506849315066,7,NA,0,0,0,0
Trent Howland,RB,NA,NA,0,NA,0,0,0,0
Jakob Johnson,RB,1994-12-15,31.75068493150685,7,NA,0,0,0,0
Justin Hardy,WR,1991-12-18,34.74246575342466,7,NA,0,0,0,0
Eric Frohnapfel,TE,1992-10-19,33.90684931506849,10,NA,0,0,0,0
Kevin White,WR,1992-06-25,34.224657534246575,8,NA,0,0,0,0
KJ Hamler,WR,1999-07-08,27.18904109589041,5,0,0,0,0,0
Nate Adkins,TE,1999-07-09,27.186301369863013,3,NA,0,0,0,0
Josh Pederson,TE,1997-09-22,28.980821917808218,3,NA,0,0,0,0
Akeem Judd,RB,1992-12-11,33.76164383561644,5,NA,0,0,0,0
Jordon Vaughn,RB,NA,NA,0,NA,0,0,0,0
Tank Dell,WR,1999-10-29,26.87945205479452,3,0,-10.606078431372543,0,13.599402025921597,2.313353493252974
Stephen Gostkowski,K,1984-01-28,42.63013698630137,16,NA,0,0,0,0
Tre'Shaun Harrison,WR,2000-06-26,26.221917808219178,1,NA,0,0,0,0
Trevor Moore,K,1994-10-31,31.873972602739727,4,NA,0,0,0,0
D'Eriq King,QB,1997-08-24,29.06027397260274,2,NA,0,0,0,0
Pat Conroy,TE,NA,NA,0,NA,0,0,0,0
Tulu Griffin,WR,2001-01-23,25.643835616438356,1,NA,0,0,0,0
Marcus Mariota,QB,1993-10-30,32.87671232876713,11,46.210568627450975,0,0,103.56598528709875,144.59825465019478
Braylon Sanders,WR,1999-01-21,27.649315068493152,3,NA,0,0,0,0
Leonard Fournette,RB,1995-01-18,31.65753424657534,7,NA,0,0,0,0
Jake Bates,K,1999-03-03,27.536986301369865,3,23.60637254901961,17.79117647058824,-0.4166666666666661,0,40.98088235294119
Jared Wayne,WR,2000-10-07,25.93972602739726,3,NA,0,0,0,0
Travis Kelce,TE,1989-10-05,36.945205479452056,13,24.778039215686277,60.451029411764715,1.1583333333333332,69.93145536077411,152.82228455351975
Mike DiLiello,QB,NA,NA,1,NA,0,0,0,0
JJ Galbreath,TE,2001-08-05,25.112328767123287,1,NA,0,0,0,0
Anthony Mahoungou,WR,1994-02-12,32.58904109589041,4,NA,0,0,0,0
Alex Larson,TE,NA,NA,1,NA,0,0,0,0
Jordan Mims,RB,1999-06-16,27.24931506849315,3,NA,0,0,0,0
Darius Slayton,WR,1997-01-12,29.673972602739727,7,-8.47178431372549,-1.8777254901960791,0,2.92823474679059,-7.567686794470508
Crockett Gillmore,TE,1991-11-16,34.83013698630137,6,NA,0,0,0,0
Dillon Mitchell,WR,1997-05-16,29.334246575342465,3,NA,0,0,0,0
K.J. Maye,WR,1994-02-25,32.553424657534244,6,NA,0,0,0,0
Seth Lobato,QB,1990-12-05,35.778082191780825,1,NA,0,0,0,0
Cole Turner,TE,2000-03-16,26.5013698630137,4,NA,0,0,0,0
ShunDerrick Powell,RB,2002-05-16,24.334246575342465,1,NA,0,0,0,0
Riley Ferguson,QB,1995-01-19,31.654794520547945,0,NA,0,0,0,0
Jibri Blount,TE,1996-10-21,29.9013698630137,1,NA,0,0,0,0
Michael Williams,TE,1990-06-27,36.21917808219178,7,NA,0,0,0,0
Brian Riley,WR,1995-08-22,31.065753424657533,5,NA,0,0,0,0
Player Invalid,WR,NA,NA,0,NA,0,0,0,0
Eric Kettani,RB,1987-03-26,39.47397260273973,2,NA,0,0,0,0
Jamaal Williams,RB,1995-04-03,31.45205479452055,8,0,0,0,0,0
Cameron Brate,TE,1991-07-03,35.202739726027396,9,NA,0,0,0,0
Jalston Fowler,RB,1990-07-26,36.13972602739726,7,NA,0,0,0,0
Matt Hasselbeck,QB,1975-09-25,50.97260273972603,22,NA,0,0,0,0
Tommy Streeter,WR,1989-10-07,36.93972602739726,2,NA,0,0,0,0
Connor Barth,K,1986-04-11,40.43013698630137,12,NA,0,0,0,0
Deshaun Watson,QB,1995-09-14,31.002739726027396,9,0,-3.4870784313725443,0,109.58916957909987,100.62263266877234
Nick Mullens,QB,1995-03-21,31.487671232876714,9,0,0,0,0,0
Brennan Presley,WR,2002-02-02,24.616438356164384,1,NA,0,0,0,0
Antonio Callaway,WR,1997-01-09,29.682191780821917,5,NA,0,0,0,0
Brelan Chancellor,WR,1992-08-06,34.10958904109589,12,NA,0,0,0,0
Ed Dickson,TE,1987-07-25,39.14246575342466,12,NA,0,0,0,0
Malik Benson,WR,2002-10-17,23.912328767123288,0,0,0,0,7.423075640121369,7.051921858115301
Adam Zaruba,TE,1991-03-03,35.536986301369865,5,NA,0,0,0,0
Zamir White,RB,1999-09-18,26.991780821917807,4,0,-6.6241176470588226,0,0,-6.6241176470588226
Jawhar Jordan,RB,1999-08-18,27.076712328767123,2,0,0,0,0,0
Daniel Carlson,K,1995-01-23,31.643835616438356,8,-9.8779411764705891,1.3661764705882398,0,0,-8.51176470588235
Jace Amaro,TE,1992-06-26,34.221917808219175,8,NA,0,0,0,0
Dwayne Harris,WR,1987-09-16,38.9972602739726,11,NA,0,0,0,0
Ty'Son Williams,RB,1996-09-04,30.03013698630137,3,NA,0,0,0,0
Earl Bennett,WR,1987-03-23,39.48219178082192,6,NA,0,0,0,0
JaVonta Payton,WR,1998-10-07,27.93972602739726,1,NA,0,0,0,0
Avery Williams,RB,1998-07-15,28.16986301369863,4,NA,0,0,0,0
Mike Wallace,WR,1986-08-01,40.12328767123287,13,NA,0,0,0,0
Devon Bell,K,1993-07-04,33.2,9,NA,0,0,0,0
Evan Svoboda,TE,2003-03-31,23.46027397260274,0,NA,0,0,0,0
EJ Smith,RB,2002-05-15,24.336986301369862,0,NA,0,0,0,0
Jalen Milroe,QB,2002-12-13,23.756164383561643,1,0,0,0,151.17316475748055,143.61450651960652
Dennis Dixon,QB,1985-01-11,41.676712328767124,5,NA,0,0,0,0
Eni Falayi,TE,NA,NA,0,NA,0,0,0,0
Brandon Peters,QB,1997-10-15,28.91780821917808,1,NA,0,0,0,0
Darren Waller,TE,1992-09-13,34.00547945205479,11,0.5299509803921554,0,0,27.85261218424461,26.98993255542453
Blake Bell,TE,1991-08-07,35.106849315068494,9,NA,0,0,0,0
Chris Collier,RB,2000-03-24,26.47945205479452,2,NA,0,0,0,0
Kendall Gaskins,RB,1990-11-04,35.863013698630134,7,NA,0,0,0,0
Desmond Reid,RB,2004-07-29,22.13150684931507,0,NA,0,0,0,0
DeAndre Hopkins,WR,1992-06-06,34.276712328767125,13,0,-5.56069607843137,0,0,-5.56069607843137
Player Invalid,RB,NA,NA,0,NA,0,0,0,0
Tommylee Lewis,WR,1992-10-24,33.893150684931506,6,NA,0,0,0,0
Jalen Jackson,RB,2000-06-26,26.221917808219178,1,NA,0,0,0,0
Elijah Dotson,RB,1999-01-19,27.654794520547945,2,NA,0,0,0,0
Godwin Igwebuike,RB,1994-09-10,32.013698630136986,6,NA,0,0,0,0
Corey Clement,RB,1994-11-02,31.86849315068493,6,NA,0,0,0,0
Jalen Brooks,WR,2000-05-07,26.35890410958904,3,NA,0,0,0,0
Jack Westover,TE,1999-06-09,27.268493150684932,2,NA,0,0,0,0
TJ Sheffield,WR,NA,NA,1,NA,0,0,0,0
Kevin Cone,WR,1988-03-20,38.49041095890411,3,NA,0,0,0,0
Mike Estes,TE,NA,NA,5,NA,0,0,0,0
Stephen Carlson,TE,1996-12-12,29.75890410958904,7,NA,0,0,0,0
Jacoby Jones,WR,1984-07-11,42.18082191780822,13,NA,0,0,0,0
Chigoziem Okonkwo,TE,1999-09-08,27.019178082191782,4,0,0,0,53.46232581972328,50.78920952873712
Miles Sanders,RB,1997-05-01,29.375342465753423,7,0,0,0,0,0
KeAndre Lambert-Smith,WR,2001-10-16,24.915068493150685,1,0,0,0,4.5097662280112525,4.28427791661069
Lance Lenoir,WR,1995-02-09,31.5972602739726,6,NA,0,0,0,0
Isaiah Bowser,RB,1999-07-14,27.172602739726027,1,NA,0,0,0,0
Kyle Lewis,WR,1995-04-22,31.4,4,NA,0,0,0,0
Zach Davidson,TE,1998-07-15,28.16986301369863,5,NA,0,0,0,0
Taylen Green,QB,2002-10-18,23.90958904109589,0,0,0,0,124.6343607948238,118.40264275508261
Tyrone Broden,WR,2001-02-26,25.55068493150685,1,NA,0,0,0,0
Kyle Lauletta,QB,1995-03-17,31.4986301369863,4,NA,0,0,0,0
Tyson Bagent,QB,2000-06-08,26.27123287671233,3,0,0,0,120.66873939076476,114.63530242122651
Dylan Thompson,QB,1991-10-25,34.89041095890411,5,NA,0,0,0,0
Brett Maher,K,1989-11-21,36.81643835616438,11,NA,0,0,0,0
J. Michael Sturdivant,WR,2002-09-06,24.024657534246575,0,NA,0,0,0,0
Preston Williams,WR,1997-03-27,29.471232876712328,4,NA,0,0,0,0
E.J. Manuel,QB,1990-03-19,36.49315068493151,7,NA,0,0,0,0
Jalin Moore,RB,1995-11-28,30.797260273972604,3,NA,0,0,0,0
Marcus Leak,WR,1992-11-19,33.821917808219176,6,NA,0,0,0,0
Marquez Valdes-Scantling,WR,1994-10-10,31.931506849315067,8,0,-0.6115686274509802,0,0,-0.6115686274509802
Blake Watson,RB,1999-10-14,26.92054794520548,2,0,0,0,0,0
Malik Rutherford,WR,NA,NA,0,NA,0,0,0,0
Rivaldo Fairweather,TE,2002-07-19,24.15890410958904,1,NA,0,0,0,0
Kellen Moore,QB,1988-07-05,38.1972602739726,8,NA,0,0,0,0
Jeshaun Jones,WR,1999-12-22,26.731506849315068,2,NA,0,0,0,0
Brandon McManus,K,1991-07-25,35.14246575342466,13,0.1578431372549023,-1.7191176470588232,0,0,-1.561274509803921
Wyatt Houston,TE,1994-06-21,32.23561643835617,1,NA,0,0,0,0
Zakhari Franklin,WR,2000-10-15,25.91780821917808,0,NA,0,0,0,0
Damond Powell,WR,1992-10-31,33.87397260273973,10,NA,0,0,0,0
Corey Acosta,K,1991-07-12,35.178082191780824,10,NA,0,0,0,0
Jalen Saunders,WR,1992-09-30,33.95890410958904,2,NA,0,0,0,0
Drew Brees,QB,1979-01-15,47.66575342465753,20,NA,0,0,0,0
Greg Scruggs,TE,1990-08-17,36.07945205479452,8,NA,0,0,0,0
Bryce Ford-Wheaton,WR,2000-03-09,26.52054794520548,3,0,0,0,0,0
Patrick Laird,RB,1995-08-17,31.07945205479452,5,NA,0,0,0,0
Mitchell Henry,TE,1992-12-11,33.76164383561644,5,NA,0,0,0,0
Gary Barnidge,TE,1985-09-22,40.98082191780822,12,NA,0,0,0,0
Clay Burton,TE,1992-10-22,33.8986301369863,10,NA,0,0,0,0
Dwayne Washington,RB,1994-04-24,32.394520547945206,8,NA,0,0,0,0
Alex Tanney,QB,1987-11-11,38.843835616438355,10,NA,0,0,0,0
Ted Hurst,WR,2004-07-02,22.205479452054796,0,0,0,0,20.528465219664017,19.502041958680817
Ryan McDaniel,WR,NA,NA,1,NA,0,0,0,0
Noah Togiai,TE,1997-07-06,29.194520547945206,4,NA,0,0,0,0
Neal Johnson,TE,2001-08-03,25.117808219178084,1,NA,0,0,0,0
Joe Royer,TE,2002-02-25,24.553424657534247,0,NA,0,0,0,0
Arthur Williams,WR,NA,NA,NA,NA,0,0,0,0
Wayne Gallman,RB,1994-10-01,31.956164383561642,6,NA,0,0,0,0
Mekhi Sargent,RB,1997-10-08,28.936986301369863,2,NA,0,0,0,0
Logan Stokes,TE,1992-12-04,33.78082191780822,10,NA,0,0,0,0
Sam Pitz,TE,NA,NA,0,NA,0,0,0,0
Brandon Smith,WR,1998-12-10,27.764383561643836,5,NA,0,0,0,0
B.T. Potter,K,2000-02-21,26.564383561643837,3,NA,0,0,0,0
Cedric O'Neal,RB,1994-01-29,32.62739726027397,6,NA,0,0,0,0
Aaron Peck,TE,1994-10-09,31.934246575342467,5,NA,0,0,0,0
Tyler Ervin,RB,1993-10-07,32.93972602739726,6,NA,0,0,0,0
Marquez Callaway,WR,1998-03-27,28.471232876712328,5,0,0,0,0,0
Carsen Ryan,TE,2003-08-21,23.068493150684933,0,NA,0,0,0,0
Joe Banyard,RB,1988-11-12,37.84109589041096,8,NA,0,0,0,0
Jadon Haselwood,WR,2001-04-15,25.41917808219178,1,NA,0,0,0,0
Ethan Conner,TE,NA,NA,0,NA,0,0,0,0
Jake Bentley,QB,NA,NA,0,NA,0,0,0,0
Neil Pau'u,WR,1995-09-11,31.01095890410959,1,NA,0,0,0,0
Josh Jacobs,RB,1998-02-11,28.59178082191781,7,88.71764705882356,103.71958823529413,0,81.29804180250802,269.6703750065003
Julian Williams,WR,NA,NA,4,NA,0,0,0,0
Sidney Rice,WR,1986-09-01,40.038356164383565,7,NA,0,0,0,0
George Farmer,WR,1993-07-04,33.2,7,NA,0,0,0,0
Emory Blake,WR,1991-07-18,35.16164383561644,1,NA,0,0,0,0
Zach Charbonnet,RB,2001-01-08,25.684931506849313,3,5.1057254901960825,54.85621568627451,0,104.88323565257672,159.60101504641847
Trevor Harman,WR,1991-10-22,34.8986301369863,10,NA,0,0,0,0
Jerome Felton,RB,1986-07-03,40.202739726027396,12,NA,0,0,0,0
Qadir Ismail,WR,2000-02-17,26.575342465753426,2,NA,0,0,0,0
Dan Bailey,K,1988-01-26,38.635616438356166,11,NA,0,0,0,0
Bud Sasser,WR,NA,NA,11,NA,0,0,0,0
Artayvious Lynn,TE,1996-03-13,30.50958904109589,1,NA,0,0,0,0
Adrian Martinez,QB,2000-01-07,26.687671232876713,3,0,0,0,0,0
Parris Campbell,WR,1997-07-16,29.167123287671235,7,0,0,0,0,0
Corey Knox,RB,1989-10-13,36.92328767123288,1,NA,0,0,0,0
Jake Retzlaff,QB,2003-03-28,23.46849315068493,0,NA,0,0,0,0
Johnny Mundt,TE,1994-11-23,31.81095890410959,9,NA,0,0,0,0
Mac Jones,QB,1998-09-05,28.027397260273972,5,45.27980392156863,1.2883039215686267,0,138.6126274410738,178.25010391215736
Cullen Gillaspia,RB,1995-05-12,31.345205479452055,4,NA,0,0,0,0
David Johnson,RB,1987-08-26,39.054794520547944,11,NA,0,0,0,0
David Johnson,TE,1987-08-26,39.054794520547944,11,NA,0,0,0,0
Khalid Hill,RB,1995-06-04,31.28219178082192,4,NA,0,0,0,0
Braylon Heard,RB,1991-10-11,34.92876712328767,10,NA,0,0,0,0
Matt Lauter,TE,NA,NA,0,NA,0,0,0,0
Ben Malena,RB,1992-05-29,34.298630136986304,1,NA,0,0,0,0
David Wallis,WR,2001-08-08,25.104109589041094,1,NA,0,0,0,0
Jesse Matthews,WR,1999-08-12,27.09315068493151,2,NA,0,0,0,0
Joe Fagnano,QB,2001-03-31,25.46027397260274,0,NA,0,0,0,0
Deuce Vaughn,RB,2001-11-02,24.86849315068493,3,0,0,0,0,0
Blaine Gabbert,QB,1989-10-15,36.917808219178085,13,NA,0,0,0,0
Romello Brinson,WR,2002-01-23,24.643835616438356,0,NA,0,0,0,0
Rodney Smith,RB,1992-01-10,34.679452054794524,7,NA,0,0,0,0
Elliott Fry,K,1994-12-12,31.75890410958904,4,NA,0,0,0,0
Devonta Freeman,RB,1992-03-15,34.50410958904109,8,NA,0,0,0,0
Geoff Swaim,TE,1993-09-16,32.9972602739726,10,NA,0,0,0,0
Tim Cook,RB,1994-04-19,32.40821917808219,5,NA,0,0,0,0
Kaden Wetjen,WR,2002-03-09,24.52054794520548,0,NA,0,0,0,0
Josh Love,QB,1996-09-12,30.008219178082193,2,NA,0,0,0,0
Drew Allar,QB,2004-03-08,22.523287671232875,0,0,0,0,181.99096459065473,172.89141636112197
Irv Smith Jr.,TE,1998-08-09,28.101369863013698,6,0,0,0,0,0
Bryce Treggs,WR,1994-04-30,32.37808219178082,6,NA,0,0,0,0
Tony Washington,WR,1990-10-18,35.90958904109589,6,NA,0,0,0,0
Dalton Keene,TE,1999-04-14,27.421917808219177,5,NA,0,0,0,0
Brock Bowers,TE,2002-12-13,23.756164383561643,2,78.78911764705882,122.96338235294115,0,479.8710798123282,657.6300258217118
Ulysses Bentley,RB,2000-12-30,25.70958904109589,1,NA,0,0,0,0
Jayden Daniels,QB,2000-12-18,25.742465753424657,2,31.98987254901961,144.61300980392156,7.363333333333333,553.9898159357729,710.2565408252586
Zach Pascal,WR,1994-12-18,31.742465753424657,8,NA,0,0,0,0
Tom Kennedy,WR,1996-07-29,30.13150684931507,7,NA,0,0,0,0
Matt Ammendola,K,1996-12-11,29.76164383561644,2,NA,0,0,0,0
Chandler Cox,RB,1996-07-29,30.13150684931507,3,NA,0,0,0,0
Kevin Coleman,WR,2003-09-10,23.013698630136986,0,0,0,0,11.222057258218213,10.660954395307302
Gunnar Oakes,TE,1999-05-11,27.34794520547945,2,NA,0,0,0,0
Jarveon Williams,RB,1995-01-03,31.698630136986303,5,NA,0,0,0,0
Elijah Hood,RB,1995-04-22,31.4,5,NA,0,0,0,0
Sam Roush,TE,2003-09-06,23.024657534246575,0,0,0,0,25.361228991963017,24.093167542364863
Kenny Britt,WR,1988-09-19,37.989041095890414,11,NA,0,0,0,0
Jordan Taylor,WR,1992-02-18,34.57260273972603,7,NA,0,0,0,0
John Carlson,TE,1984-05-12,42.345205479452055,7,NA,0,0,0,0
Harrison Mevis,K,2002-03-27,24.471232876712328,2,NA,0,0,0,0
Javontee Herndon,WR,1991-06-29,35.21369863013699,6,NA,0,0,0,0
J Talley,WR,1989-06-09,37.26849315068493,1,NA,0,0,0,0
Jake Waters,QB,1992-03-20,34.49041095890411,10,NA,0,0,0,0
Kenbrell Thompkins,WR,1988-07-29,38.131506849315066,7,NA,0,0,0,0
Jeret Smith,WR,1993-02-05,33.608219178082194,10,NA,0,0,0,0
Martavis Bryant,WR,1991-12-20,34.73698630136986,10,NA,0,0,0,0
Anthony Ratliff-Williams,WR,1997-06-17,29.246575342465754,3,NA,0,0,0,0
Jermiah Braswell,WR,1997-05-15,29.336986301369862,2,NA,0,0,0,0
Spencer Shrader,K,1999-05-19,27.326027397260273,2,1.5808823529411755,6.16421568627451,0,0,7.745098039215685
Christian Scotland-Williamson,TE,1993-07-05,33.1972602739726,7,NA,0,0,0,0
Rakim Jarrett,WR,2001-01-24,25.64109589041096,2,0,0,0,0,0
Michael Bennett,WR,1991-12-19,34.73972602739726,1,NA,0,0,0,0
Luke Altmyer,QB,2002-10-22,23.898630136986302,0,0,0,0,0,0
Malik Cunningham,WR,1998-10-06,27.942465753424656,3,0,0,0,0,0
Lex Hilliard,RB,1984-07-30,42.12876712328767,5,NA,0,0,0,0
Josh Bellamy,WR,1989-05-18,37.32876712328767,10,NA,0,0,0,0
C.J. Uzomah,TE,1993-01-14,33.66849315068493,10,NA,0,0,0,0
Levi Lewis,QB,1998-05-09,28.353424657534248,1,NA,0,0,0,0
Sean Riley,WR,1997-10-31,28.873972602739727,2,NA,0,0,0,0
Zach Zenner,RB,1991-09-13,35.00547945205479,7,NA,0,0,0,0
Erik Lorig,RB,1986-11-17,39.827397260273976,6,NA,0,0,0,0
Danny Gray,WR,1999-04-01,27.457534246575342,4,NA,0,0,0,0
Travin Dural,WR,1993-11-19,32.821917808219176,5,NA,0,0,0,0
Terry Williams,RB,NA,NA,0,NA,0,0,0,0
Donte Moncrief,WR,1993-08-06,33.10958904109589,8,NA,0,0,0,0
Bisi Johnson,WR,1997-03-17,29.4986301369863,4,NA,0,0,0,0
Teo Redding,WR,1994-12-08,31.76986301369863,4,NA,0,0,0,0
Caleb Sturgis,K,1989-08-09,37.1013698630137,9,NA,0,0,0,0
Tanner Knue,WR,1999-11-26,26.802739726027397,2,NA,0,0,0,0
Dalton Schultz,TE,1996-07-11,30.18082191780822,8,-3.3318627450980394,-2.344999999999997,0,35.7212292029302,28.258304997685656
Player Invalid,TE,NA,NA,1,NA,0,0,0,0
Jaylen Wright,RB,2003-04-01,23.457534246575342,2,0,-12.511382352941174,0,91.44505746337192,74.36142223726216
Kellen Clemens,QB,1983-06-06,43.276712328767125,14,NA,0,0,0,0
Trevon Wesco,TE,1995-09-12,31.008219178082193,5,NA,0,0,0,0
Corey Davis,WR,1995-01-11,31.676712328767124,6,NA,0,0,0,0
Tanner Arkin,TE,2003-07-07,23.19178082191781,0,NA,0,0,0,0
Jackson Hawes,TE,2000-12-06,25.775342465753425,1,NA,0,0,0,0
Rex Grossman,QB,1980-08-23,46.06301369863014,11,NA,0,0,0,0
John Wolford,QB,1995-10-16,30.915068493150685,8,NA,0,0,0,0
Demetris Robertson,WR,1997-04-13,29.424657534246574,1,NA,0,0,0,0
John Samuel Shenker,TE,1998-09-02,28.035616438356165,2,NA,0,0,0,0
Tyler Davis,TE,1997-04-02,29.454794520547946,5,NA,0,0,0,0
Jack Strand,QB,2004-06-23,22.23013698630137,0,0,0,0,105.17909916705534,99.92014420870257
William Thompson,QB,NA,NA,1,NA,0,0,0,0
Will Sheppard,WR,2002-02-11,24.59178082191781,1,NA,0,0,0,0
Kobe Prentice,WR,2004-03-10,22.517808219178082,0,NA,0,0,0,0
Josh Pitsenburger,RB,NA,NA,0,NA,0,0,0,0
Troy Mangen,TE,1994-07-25,32.14246575342466,4,NA,0,0,0,0
Shaun Hill,QB,1980-01-09,46.68219178082192,18,NA,0,0,0,0
Brandon Polk,WR,1996-12-10,29.764383561643836,2,NA,0,0,0,0
Luke Wysong,WR,2003-05-29,23.2986301369863,0,NA,0,0,0,0
Jalen Moreno-Cropper,WR,2001-05-03,25.36986301369863,3,NA,0,0,0,0
Dalvin Cook,RB,1995-08-10,31.0986301369863,8,0,0,0,0,0
Ahmani Marshall,RB,2002-03-21,24.487671232876714,1,NA,0,0,0,0
Laith Marjan,K,NA,NA,0,NA,0,0,0,0
Javon McKinley,WR,1998-04-10,28.432876712328767,1,NA,0,0,0,0
TJ Harden,RB,2004-04-23,22.397260273972602,0,NA,0,0,0,0
Justin Watson,WR,1996-04-04,30.44931506849315,8,0,0,0,0,0
Tre Mason,RB,1993-08-06,33.10958904109589,6,NA,0,0,0,0
Antwane Grant,WR,1992-08-14,34.087671232876716,0,NA,0,0,0,0
Ja'Lynn Polk,WR,2002-04-11,24.43013698630137,2,0,0,0,0,0
Isaiah Washington,WR,2001-05-04,25.367123287671234,1,NA,0,0,0,0
Jordan Addison,WR,2002-01-27,24.632876712328766,3,14.39979411764706,63.39645098039216,0,91.89719906337298,165.09858420824355
Tom Obarski,K,1993-03-12,33.512328767123286,1,NA,0,0,0,0
Larry Rountree,RB,1999-02-13,27.586301369863016,2,NA,0,0,0,0
Kendall Wright,WR,1989-11-12,36.84109589041096,10,NA,0,0,0,0
Troy Williams,QB,NA,NA,0,NA,0,0,0,0
Saalim Hakim,WR,1990-02-01,36.61917808219178,8,NA,0,0,0,0
David Njoku,TE,1996-07-10,30.183561643835617,9,-3.852009803921568,35.38406862745099,0,31.644119615537637,61.59397245829018
Dillon Bell,WR,2003-11-06,22.85753424657534,0,NA,0,0,0,0
Marlon Mack,RB,1996-03-07,30.526027397260275,7,NA,0,0,0,0
Bryson Green,WR,2002-12-30,23.70958904109589,1,NA,0,0,0,0
Kurt Warner,QB,1971-06-22,55.23287671232877,0,NA,0,0,0,0
Matt Hibner,TE,2002-03-09,24.52054794520548,0,0,0,0,32.15651897019032,30.5486930216808
Darion Griswold,TE,1992-12-23,33.728767123287675,6,NA,0,0,0,0
Dontez Ford,WR,1994-02-03,32.61369863013699,5,NA,0,0,0,0
Cecil Shorts,WR,1987-12-22,38.73150684931507,9,NA,0,0,0,0
Fred Ross,WR,1995-05-19,31.326027397260273,5,NA,0,0,0,0
Artavis Scott,WR,1994-10-12,31.926027397260274,5,NA,0,0,0,0
Tre Madden,RB,1993-08-16,33.082191780821915,6,NA,0,0,0,0
KC Concepcion,WR,2004-09-23,21.97808219178082,0,0,0,0,201.0981928899425,191.04328324544537
Willis McGahee,RB,1981-10-21,44.9013698630137,11,NA,0,0,0,0
Daniel Fells,TE,1983-09-23,42.97808219178082,14,NA,0,0,0,0
Sam Scott,RB,NA,NA,0,NA,0,0,0,0
Daniel Sobkowicz,WR,2002-09-16,23.997260273972604,0,NA,0,0,0,0
Derek Anderson,QB,1983-06-15,43.25205479452055,17,NA,0,0,0,0
Ademola Faleye,TE,2002-03-09,24.52054794520548,0,NA,0,0,0,0
Ty Scott,WR,1999-03-27,27.471232876712328,1,NA,0,0,0,0
Allenzae Staggers,WR,NA,NA,8,NA,0,0,0,0
Dominique Dafney,TE,1997-06-03,29.284931506849315,5,NA,0,0,0,0
Connor Slomka,RB,1997-05-30,29.295890410958904,2,NA,0,0,0,0
Cole Stoudt,QB,1992-10-23,33.895890410958906,11,NA,0,0,0,0
Corey Grant,RB,1991-12-19,34.73972602739726,7,NA,0,0,0,0
CJ Marable,RB,1997-02-02,29.616438356164384,2,NA,0,0,0,0
Kyler Murray,QB,1997-08-07,29.106849315068494,7,13.294980392156864,89.94155882352943,-9.676666666666668,240.10203819135413,321.656808830806
Raylen Sharpe,WR,NA,NA,0,NA,0,0,0,0
Tanner Hudson,TE,1994-11-12,31.84109589041096,8,0,0,0,0,0
Wesley Grimes,WR,2004-03-09,22.52054794520548,0,NA,0,0,0,0
Aeneas Dennis,QB,NA,NA,1,NA,0,0,0,0
Cory Harkey,TE,1990-06-17,36.24657534246575,8,NA,0,0,0,0
Beaux Collins,WR,2002-12-16,23.747945205479454,1,NA,0,0,0,0
Baylor Cupp,TE,2000-05-10,26.350684931506848,2,NA,0,0,0,0
Andre Baccellia,WR,1997-01-07,29.687671232876713,6,NA,0,0,0,0
Brandon Tate,WR,1987-10-05,38.945205479452056,13,NA,0,0,0,0
Terrence Magee,RB,1993-03-16,33.5013698630137,5,NA,0,0,0,0
Logan Paulsen,TE,1987-02-26,39.55068493150685,12,NA,0,0,0,0
Pro Wells,TE,NA,NA,1,NA,0,0,0,0
Tyler Johnson,WR,1998-08-25,28.057534246575344,6,0,0,0,0,0
Mitch Tinsley,WR,1999-09-15,27,3,NA,0,0,0,0
Jarius Wright,WR,1989-11-25,36.8054794520548,10,NA,0,0,0,0
Damian Williams,WR,1988-05-26,38.30684931506849,6,NA,0,0,0,0
Isaiah Ford,WR,1996-02-09,30.5972602739726,6,NA,0,0,0,0
Michael Pittman Jr.,WR,1997-10-05,28.945205479452056,6,22.41126470588236,-29.470117647058824,0,30.484829795817515,21.901735364850172
DeAndre Washington,RB,1993-02-22,33.56164383561644,6,NA,0,0,0,0
Ray Davis,RB,1999-11-11,26.843835616438355,2,0,-6.478823529411764,0,74.69030043467976,64.47696188353399
Earnest Edwards,WR,1998-03-30,28.463013698630135,2,NA,0,0,0,0
Kendal Thompson,WR,1992-05-14,34.33972602739726,6,NA,0,0,0,0
Patrick Murtagh,TE,2000-02-11,26.59178082191781,2,NA,0,0,0,0
Bernard Pierce,RB,1991-05-10,35.35068493150685,8,NA,0,0,0,0
Zac Stacy,RB,1991-04-09,35.43561643835616,7,NA,0,0,0,0
Juwan Johnson,TE,1996-09-13,30.005479452054793,6,20.853833333333327,6.829068627450981,5.458333333333334,44.779228124012405,75.68150201192942
Tez Johnson,WR,2002-05-18,24.328767123287673,1,-7.18321568627451,0,0,15.135562367629408,7.195568562973428
Tucker Fisk,TE,1999-01-19,27.654794520547945,4,NA,0,0,0,0
Kolbe Katsis,WR,2001-12-28,24.715068493150685,0,NA,0,0,0,0
Damion Willis,WR,1997-06-20,29.23835616438356,3,NA,0,0,0,0
Marvin Hall,WR,1993-04-10,33.43287671232877,6,NA,0,0,0,0
Derek Watt,RB,1992-11-07,33.85479452054795,7,NA,0,0,0,0
Jermaine Burton,WR,2001-06-28,25.216438356164385,1,0,0,0,0,0
Lewis Bond,WR,2003-05-29,23.2986301369863,0,NA,0,0,0,0
Heath Miller,TE,1982-10-22,43.8986301369863,15,NA,0,0,0,0
Cody Chrest,WR,NA,NA,1,NA,0,0,0,0
Patrick Gurd,TE,NA,NA,0,NA,0,0,0,0
Phil Mafah,RB,2002-10-24,23.893150684931506,1,0,0,0,0,0
Nsimba Webster,WR,1996-01-27,30.632876712328766,6,NA,0,0,0,0
Zac Brooks,RB,1993-02-01,33.61917808219178,9,NA,0,0,0,0
Nick DeLuca,TE,1995-01-27,31.632876712328766,4,NA,0,0,0,0
Aaron Hernandez,TE,1989-11-06,36.85753424657534,9,NA,0,0,0,0
Player Invalid,RB,NA,NA,0,NA,0,0,0,0
Sam James,WR,1999-10-31,26.873972602739727,1,NA,0,0,0,0
Deonte Thompson,WR,1989-02-14,37.583561643835615,10,NA,0,0,0,0
Ray Gene smith,RB,NA,NA,0,NA,0,0,0,0
Matt Simms,QB,1988-09-27,37.967123287671235,10,NA,0,0,0,0
Amara Darboh,WR,1994-02-01,32.61917808219178,5,NA,0,0,0,0
Trevontae Hights,WR,1997-02-07,29.602739726027398,2,NA,0,0,0,0
Napoleon Maxwell,RB,1996-03-27,30.471232876712328,2,NA,0,0,0,0
Kivon Cartwright,TE,1992-03-03,34.536986301369865,6,NA,0,0,0,0
Kazmeir Allen,WR,2000-02-29,26.542465753424658,2,NA,0,0,0,0
DK Metcalf,WR,1997-12-14,28.753424657534246,7,1.977607843137255,-3.530784313725489,0,43.54042585634753,39.81022809294192
Matthew Eaton,WR,1995-12-09,30.767123287671232,3,NA,0,0,0,0
Breece Hall,RB,2001-05-31,25.293150684931508,4,72.6065980392157,80.91420588235295,9.503333333333334,257.64023899599033,407.7823643010928
Reggie Roberson,WR,1998-10-14,27.92054794520548,1,NA,0,0,0,0
Jonathon Rumph,WR,1991-10-24,34.893150684931506,10,NA,0,0,0,0
Laviska Shenault,WR,1998-10-05,27.945205479452056,5,0,0,0,0,0
Jeremy Hill,RB,1992-10-20,33.9041095890411,8,NA,0,0,0,0
Binjimen Victor,WR,1997-01-15,29.665753424657535,3,NA,0,0,0,0
Mikey Daniel,RB,1996-11-03,29.865753424657534,2,NA,0,0,0,0
Nick Harwell,WR,1991-01-21,35.64931506849315,1,NA,0,0,0,0
Jameson Geers,TE,2002-12-05,23.778082191780822,0,NA,0,0,0,0
Robert Herron,WR,1992-06-02,34.28767123287671,2,NA,0,0,0,0
Player Invalid,RB,NA,NA,0,NA,0,0,0,0
Reggie Bush,RB,1985-03-02,41.53972602739726,14,NA,0,0,0,0
Rashod Owens,WR,2001-12-07,24.77260273972603,1,NA,0,0,0,0
James Quick,WR,1994-10-06,31.942465753424656,5,NA,0,0,0,0
Noah Whittington,RB,2001-12-13,24.756164383561643,0,NA,0,0,0,0
Antonio Gates,TE,1980-06-18,46.24383561643835,19,NA,0,0,0,0
Cody Fajardo,QB,1992-03-29,34.465753424657535,10,NA,0,0,0,0
Ray Hamilton,TE,1992-10-28,33.88219178082192,10,NA,0,0,0,0
Reece Horn,WR,1993-02-01,33.61917808219178,6,NA,0,0,0,0
R.J. Shelton,WR,1994-05-06,32.36164383561644,5,NA,0,0,0,0
Jakobie Keeney-James,WR,2000-09-26,25.96986301369863,1,NA,0,0,0,0
Devron Harper,WR,2000-05-13,26.34246575342466,1,NA,0,0,0,0
JohnnieLee Higgins,WR,1983-09-08,43.01917808219178,5,NA,0,0,0,0
Michael Warren,RB,1998-11-12,27.84109589041096,2,NA,0,0,0,0
Roc Taylor,WR,2002-08-26,24.054794520547944,1,NA,0,0,0,0
John Bates,TE,1997-11-06,28.85753424657534,5,0,0,0,0,0
Nelson Agholor,WR,1993-05-24,33.31232876712329,10,0,0,0,0,0
Tavon Austin,WR,1990-03-15,36.50410958904109,9,NA,0,0,0,0
Konrad Reuland,TE,1987-04-04,39.44931506849315,9,NA,0,0,0,0
Brogan Roback,QB,1994-08-29,32.04657534246575,4,NA,0,0,0,0
Freddie Swain,WR,1998-08-04,28.115068493150684,4,NA,0,0,0,0
Joe Bacci,RB,1994-04-25,32.391780821917806,5,NA,0,0,0,0
Jace Sternberger,TE,1996-06-26,30.221917808219178,4,NA,0,0,0,0
Khalil Tate,WR,1998-10-23,27.895890410958906,2,NA,0,0,0,0
Durron Neal,WR,1993-11-03,32.865753424657534,9,NA,0,0,0,0
Terrell Watson,RB,1993-08-22,33.06575342465754,7,NA,0,0,0,0
Payton Thorne,QB,2001-06-26,25.221917808219178,1,NA,0,0,0,0
Deion Burks,WR,2003-01-08,23.684931506849313,0,0,0,0,5.479135462467789,5.205178689344399
Damon Bankston,RB,2003-04-25,23.39178082191781,0,NA,0,0,0,0
Roydell Williams,RB,2001-12-08,24.76986301369863,0,NA,0,0,0,0
Kenneth Harper,RB,1993-01-30,33.62465753424657,10,NA,0,0,0,0
Trent Edwards,QB,1983-10-30,42.87671232876713,6,NA,0,0,0,0
Mason Stokke,RB,NA,NA,1,NA,0,0,0,0
Manasseh Garner,WR,1992-03-11,34.515068493150686,7,NA,0,0,0,0
Jack Colletto,RB,1998-11-19,27.82191780821918,1,NA,0,0,0,0
Herb Waters,WR,1992-11-10,33.846575342465755,6,NA,0,0,0,0
Zach D'Orazio,WR,1991-05-28,35.3013698630137,10,NA,0,0,0,0
Shaq Roland,WR,NA,NA,1,NA,0,0,0,0
Brandon Bostick,TE,1989-05-03,37.36986301369863,10,NA,0,0,0,0
Nick Guggemos,TE,1995-12-17,30.745205479452054,2,NA,0,0,0,0
Ben Bryant,QB,1999-09-17,26.994520547945207,1,NA,0,0,0,0
Micah Bernard,RB,2001-10-22,24.898630136986302,1,NA,0,0,0,0
Colin Thompson,TE,1993-12-15,32.75068493150685,6,NA,0,0,0,0
K.J. Brent,WR,1993-08-06,33.10958904109589,6,NA,0,0,0,0
Dontario Drummond,WR,1997-08-22,29.065753424657533,1,NA,0,0,0,0
Player Invalid,TE,NA,NA,0,NA,0,0,0,0
Ashton Dulin,WR,1997-05-15,29.336986301369862,7,0,0,0,0,0
Anthony Torres,TE,1999-10-26,26.887671232876713,1,NA,0,0,0,0
J.K. Dobbins,RB,1998-12-17,27.745205479452054,6,18.98388235294118,45.08310784313726,-4.333333333333332,91.17324754091204,146.34824202661156
Jarvion Franklin,RB,1995-12-09,30.767123287671232,4,NA,0,0,0,0
Tayvion Robinson,WR,2000-10-01,25.956164383561642,1,NA,0,0,0,0
Pooka Williams,RB,1999-06-19,27.24109589041096,1,NA,0,0,0,0
Jonathan Taylor,RB,1999-01-19,27.654794520547945,6,217.6062352941176,100.5046862745098,14.158333333333337,355.00596088583643,669.5249177435054
Drake Maye,QB,2002-08-30,24.043835616438358,2,177.44356862745096,37.16252941176472,2.5233333333333334,628.3583378679285,814.0698523470811
Key'Shawn Smith,WR,NA,NA,1,NA,0,0,0,0
Jordan Howard,RB,1994-11-02,31.86849315068493,6,NA,0,0,0,0
Josh Kattus,TE,NA,NA,0,NA,0,0,0,0
Trevon Bradford,WR,NA,NA,1,NA,0,0,0,0
Bra'Lon Cherry,WR,1995-07-24,31.145205479452056,5,NA,0,0,0,0
Joe Morgan,WR,1988-03-28,38.46849315068493,9,NA,0,0,0,0
A.J. Dillon,RB,1998-05-02,28.372602739726027,6,0,0,0,0,0
Clyde Gates,WR,1986-06-13,40.25753424657534,4,NA,0,0,0,0
Cole Fotheringham,TE,1997-10-11,28.92876712328767,3,NA,0,0,0,0
Marlon Williams,WR,NA,NA,1,NA,0,0,0,0
Riley Ridley,WR,1996-07-21,30.153424657534245,3,NA,0,0,0,0
Marcel Jensen,TE,1990-02-12,36.58904109589041,6,NA,0,0,0,0
Alonzo Moore,WR,1992-11-10,33.846575342465755,5,NA,0,0,0,0
Hollywood Smothers,RB,NA,NA,0,NA,0,0,0,0
Anthony Jones,RB,1997-02-07,29.602739726027398,2,NA,0,0,0,0
Alex McGough,QB,1995-11-19,30.82191780821918,7,NA,0,0,0,0
Dan Arnold,TE,1995-03-15,31.504109589041096,6,NA,0,0,0,0
Omar Bayless,WR,1996-12-15,29.75068493150685,2,NA,0,0,0,0
Jamarius Way,WR,1996-11-25,29.805479452054794,3,NA,0,0,0,0
Tanner Taula,TE,1998-12-06,27.775342465753425,3,NA,0,0,0,0
Talik Keaton,WR,NA,NA,1,NA,0,0,0,0
Dymere Miller,WR,NA,NA,1,NA,0,0,0,0
Joe Reed,WR,1998-01-04,28.695890410958903,3,NA,0,0,0,0
Jalon Calhoun,WR,2000-12-16,25.747945205479454,1,NA,0,0,0,0
Devin Culp,TE,2000-02-02,26.616438356164384,2,NA,0,0,0,0
Chris Swain,RB,1992-11-17,33.827397260273976,6,NA,0,0,0,0
Denard Robinson,RB,1990-09-22,35.98082191780822,7,NA,0,0,0,0
Player Invalid,QB,NA,NA,0,NA,0,0,0,0
Joseph Manjack,WR,2002-11-15,23.832876712328765,0,NA,0,0,0,0
Javonte Williams,RB,2000-04-25,26.39178082191781,5,89.19775490196078,9.8608333333333391,16.266666666666666,212.6185310694719,317.3128594179591
Andrew Opoku,WR,1990-11-11,35.843835616438355,0,NA,0,0,0,0
Cyrus Gray,RB,1989-11-18,36.824657534246576,4,NA,0,0,0,0
Chase Edmonds,RB,1996-04-13,30.424657534246574,8,0,0,0,0,0
Michael Preston,WR,1989-06-01,37.29041095890411,3,NA,0,0,0,0
Joe Callahan,QB,1993-06-04,33.28219178082192,6,NA,0,0,0,0
Mitchell Paige,WR,1993-07-19,33.15890410958904,5,NA,0,0,0,0
Rodney Williams,TE,1998-04-08,28.438356164383563,2,NA,0,0,0,0
Caleb Huntley,RB,1998-09-15,28,2,NA,0,0,0,0
Terron Ward,RB,1992-02-15,34.58082191780822,5,NA,0,0,0,0
Evan Rodriguez,TE,1988-09-21,37.983561643835614,3,NA,0,0,0,0
Terrell Bynum,WR,1998-08-03,28.117808219178084,1,NA,0,0,0,0
DaeSean Hamilton,WR,1995-03-10,31.517808219178082,4,NA,0,0,0,0
Cade Stover,TE,2000-06-12,26.26027397260274,2,0,0,0,27.900644198161704,26.505611988253616
Malachi Dupre,WR,1995-10-12,30.926027397260274,5,NA,0,0,0,0
Tyquan Thornton,WR,2000-08-07,26.106849315068494,4,0,0,0,5.312383701784655,5.046764516695422
Ben Mason,TE,1999-05-25,27.30958904109589,3,NA,0,0,0,0
Christian Blake,WR,1996-06-08,30.27123287671233,4,NA,0,0,0,0
Andrew Wellock,K,NA,NA,0,NA,0,0,0,0
Kaare Vedvik,K,1994-03-16,32.5013698630137,4,NA,0,0,0,0
Darius Jennings,WR,1992-06-28,34.21643835616438,7,NA,0,0,0,0
Skyler Howard,QB,1994-11-06,31.85753424657534,1,NA,0,0,0,0
Brian Hartline,WR,1986-11-22,39.81369863013698,11,NA,0,0,0,0
Ryan Malleck,TE,1993-07-22,33.15068493150685,6,NA,0,0,0,0
Aaron Parker,WR,1998-05-21,28.32054794520548,2,NA,0,0,0,0
C.J. Johnson,WR,2000-11-04,25.863013698630137,1,NA,0,0,0,0
Phillip Dorsett,WR,1993-01-05,33.69315068493151,11,NA,0,0,0,0
Marqise Lee,WR,1991-11-25,34.8054794520548,8,NA,0,0,0,0
Dorial Green-Beckham,WR,1993-04-12,33.42739726027397,5,NA,0,0,0,0
Derek Keaton,WR,1994-04-10,32.43287671232877,0,NA,0,0,0,0
Xavier White,WR,1999-12-05,26.778082191780822,1,NA,0,0,0,0
Anthony Ezeakunne,TE,NA,NA,0,NA,0,0,0,0
Player Invalid,RB,NA,NA,0,NA,0,0,0,0
Brock Osweiler,QB,1990-11-22,35.81369863013698,10,NA,0,0,0,0
Malik Flowers,WR,1999-06-23,27.23013698630137,1,NA,0,0,0,0
Colby Parkinson,TE,1999-01-08,27.684931506849313,6,17.830245098039217,-1.0925490196078425,0,40.64737524194414,55.35270255827831
Blake Sims,QB,1992-01-03,34.6986301369863,5,NA,0,0,0,0
Makai Lemon,WR,2004-06-02,22.28767123287671,0,0,0,0,228.3967865235751,216.97694719739633
Kevin Kassis,WR,1997-09-19,28.98904109589041,2,NA,0,0,0,0
James Jones,WR,1984-03-31,42.46027397260274,13,NA,0,0,0,0
Mike Kafka,QB,1987-07-25,39.14246575342466,4,NA,0,0,0,0
Jackie Battle,RB,1983-10-01,42.95616438356164,7,NA,0,0,0,0
Donovan Edwards,RB,2003-02-25,23.553424657534247,1,0,0,0,0,0
Dwayne Bowe,WR,1984-09-21,41.983561643835614,13,NA,0,0,0,0
Matt Sokol,TE,1995-11-09,30.84931506849315,7,NA,0,0,0,0
Nick Williams,WR,NA,NA,1,NA,0,0,0,0
Kenny McIntosh,RB,2000-03-03,26.536986301369865,3,0,0,0,0,0
Rodrigo Blankenship,K,1997-01-29,29.627397260273973,3,NA,0,0,0,0
Riley Patterson,K,1999-09-07,27.02191780821918,5,NA,0,0,0,0
Nate Noel,RB,2002-04-04,24.44931506849315,1,NA,0,0,0,0
Tyler Rutenbeck,WR,1991-09-15,35,10,NA,0,0,0,0
John Lovett,RB,1996-04-25,30.39178082191781,4,NA,0,0,0,0
Jalen Royals,WR,2003-02-18,23.572602739726026,1,0,0,0,10.391136582169027,9.871579753060574
Daryl Virgies,RB,1993-01-05,33.69315068493151,5,NA,0,0,0,0
Matthew Golden,WR,2003-08-01,23.123287671232877,1,-11.942450980392156,0,0,98.62279129163706,81.74920074666305
Wendell Smallwood,RB,1994-01-20,32.652054794520545,6,NA,0,0,0,0
Kenyan Drake,RB,1994-01-26,32.635616438356166,8,NA,0,0,0,0
De'Montre Tuggle,RB,1999-03-29,27.465753424657535,1,NA,0,0,0,0
Zach Olstad,RB,1993-12-06,32.775342465753425,4,NA,0,0,0,0
Kendrick Law,WR,2003-06-13,23.257534246575343,0,NA,0,0,0,0
Jordan Westerkamp,WR,1994-06-23,32.23013698630137,5,NA,0,0,0,0
Kevin Kolb,QB,1984-08-24,42.06027397260274,7,NA,0,0,0,0
Reggie Corbin,RB,NA,NA,0,NA,0,0,0,0
Marcelias Sutton,RB,NA,NA,3,NA,0,0,0,0
Sam Sloman,K,1997-09-19,28.98904109589041,2,NA,0,0,0,0
Kalija Lipscomb,WR,1997-10-06,28.942465753424656,2,NA,0,0,0,0
Darius Anderson,RB,1997-09-10,29.013698630136986,2,NA,0,0,0,0
Damore'ea Stringfellow,WR,1994-10-18,31.90958904109589,5,NA,0,0,0,0
Darius Hagans,RB,1999-07-11,27.18082191780822,1,NA,0,0,0,0
Xavier Turner,RB,1994-12-24,31.726027397260275,3,NA,0,0,0,0
Nick Kasa,TE,1990-11-05,35.86027397260274,2,NA,0,0,0,0
Nate McCrary,RB,1999-04-09,27.435616438356163,3,NA,0,0,0,0
Travis Benjamin,WR,1989-12-29,36.71232876712329,10,NA,0,0,0,0
Darius Jackson,RB,1993-12-01,32.78904109589041,6,NA,0,0,0,0
Logan Thomas,TE,1991-07-01,35.20821917808219,10,0,0,0,0,0
Noah Brown,WR,1996-01-06,30.69041095890411,9,0,0,0,0,0
John Hall,WR,1997-12-07,28.77260273972603,1,NA,0,0,0,0
Charles Holland,WR,NA,NA,0,NA,0,0,0,0
Janarion Grant,WR,1993-11-20,32.81917808219178,4,NA,0,0,0,0
John Robinson-Woodgett,RB,1993-08-01,33.12328767123287,5,NA,0,0,0,0
Travaris Cadet,RB,1989-02-01,37.61917808219178,10,NA,0,0,0,0
Alec Bloom,TE,1996-04-03,30.45205479452055,4,NA,0,0,0,0
Benjamin Watson,TE,1980-12-18,45.74246575342466,18,NA,0,0,0,0
Quincy McDuffie,WR,1990-09-24,35.97534246575343,9,NA,0,0,0,0
Niles Paul,TE,1989-08-09,37.1013698630137,11,NA,0,0,0,0
Greg Ward,WR,1995-07-12,31.17808219178082,7,NA,0,0,0,0
Arizona Cardinals,DST,NA,NA,NA,8.811274509803923,-3.4789215686274506,0,0,5.332352941176472
Atlanta Falcons,DST,NA,NA,NA,-0.7784313725490177,11.554411764705884,0,0,10.775980392156868
Baltimore Ravens,DST,NA,NA,NA,46.69950980392157,17.200490196078434,0.5833333333333339,0,64.48333333333333
Buffalo Bills,DST,NA,NA,NA,30.410784313725497,34.234313725490196,0,0,64.6450980392157
Carolina Panthers,DST,NA,NA,NA,-2.3323529411764703,0,0,0,-2.3323529411764703
Chicago Bears,DST,NA,NA,NA,24.153921568627453,26.58529411764706,-0.4166666666666661,0,50.32254901960785
Cincinnati Bengals,DST,NA,NA,NA,-4.76470588235294,25.971568627450985,0,0,21.206862745098043
Cleveland Browns,DST,NA,NA,NA,16.036274509803924,5.39607843137255,0,0,21.432352941176475
Dallas Cowboys,DST,NA,NA,NA,-6.0323529411764705,4.743627450980396,0,0,-1.2887254901960743
Denver Broncos,DST,NA,NA,NA,43.199019607843134,54.317647058823546,-3.416666666666666,0,94.10000000000001
Detroit Lions,DST,NA,NA,NA,9.505882352941178,11.668627450980392,4.583333333333334,0,25.757843137254902
Green Bay Packers,DST,NA,NA,NA,-5.07843137254902,21.239215686274513,0,0,16.160784313725493
Houston Texans,DST,NA,NA,NA,43.81078431372549,34.29754901960785,-7.416666666666666,0,70.69166666666668
Indianapolis Colts,DST,NA,NA,NA,18.222549019607843,-5.5024509803921555,0,0,12.720098039215689
Jacksonville Jaguars,DST,NA,NA,NA,26.607843137254907,2.547549019607845,8.583333333333334,0,37.73872549019609
Kansas City Chiefs,DST,NA,NA,NA,8.613235294117649,15.81617647058824,0,0,24.42941176470589
Los Angeles Rams,DST,NA,NA,NA,18.995098039215687,-2.3887254901960766,-4.416666666666666,0,12.189705882352944
Los Angeles Chargers,DST,NA,NA,NA,2.0651960784313728,22.50049019607843,-5.416666666666666,0,19.149019607843137
Las Vegas Raiders,DST,NA,NA,NA,12.551960784313728,0,0,0,12.551960784313728
Miami Dolphins,DST,NA,NA,NA,12.825980392156865,10.215686274509808,0,0,23.04166666666667
Minnesota Vikings,DST,NA,NA,NA,29.208823529411767,30.14950980392157,3.583333333333334,0,62.94166666666667
New England Patriots,DST,NA,NA,NA,28.960784313725497,-1.7318627450980388,0,0,27.22892156862746
New Orleans Saints,DST,NA,NA,NA,20.16127450980392,8.582352941176474,0,0,28.743627450980394
New York Giants,DST,NA,NA,NA,0,-11.445588235294116,0,0,-11.445588235294116
New York Jets,DST,NA,NA,NA,0,-4.345098039215682,0,0,-4.345098039215682
Philadelphia Eagles,DST,NA,NA,NA,42.30343137254902,29.33529411764706,-2.416666666666666,0,69.22205882352941
Pittsburgh Steelers,DST,NA,NA,NA,47.88039215686275,38.45245098039217,13.583333333333334,0,99.91617647058824
Seattle Seahawks,DST,NA,NA,NA,75.71372549019608,17.97401960784314,6.583333333333334,0,100.27107843137254
San Francisco 49ers,DST,NA,NA,NA,4.345588235294119,23.59411764705883,0,0,27.93970588235295
Tampa Bay Buccaneers,DST,NA,NA,NA,24.36519607843137,10.948529411764712,0,0,35.313725490196084
Tennessee Titans,DST,NA,NA,NA,-0.17107843137254797,13.17107843137255,0,0,13.000000000000002
Washington Commanders,DST,NA,NA,NA,5.165196078431375,5.039215686274511,0,0,10.204411764705887
