historical_value,age,position,tva_adj,median_ktc,q05,q10,q90,q95
5000,23,QB,-28,3878.6845586315967,2594.364442970089,2878.0347573864024,4879.3343598767915,5163.004674293105
5000,23,QB,-16,3885.696482505331,2613.2164539409105,2894.271624991804,4877.121340018858,5158.176511069752
5000,23,QB,-4,4114.126417064521,2853.377339242668,3131.8414720897936,5096.411362039248,5374.875494886374
5000,23,QB,8,4490.610199997331,3241.483943062576,3517.380920560158,5463.839479434504,5739.736456932086
5000,23,QB,20,4871.00275640007,3633.392158137928,3906.7456494154185,5835.259863384722,6108.613354662213
5000,23,QB,32,5110.100044021,3883.898894411984,4154.732358285651,6065.467729756349,6336.301193630017
5000,23,QB,44,5335.50758004776,4120.610627216617,4388.947310875523,6282.067849219997,6550.404532878903
5000,23,QB,56,5559.8784561250095,4356.18140915374,4622.044347538426,6497.712564711593,6763.575503096279
5000,23,QB,68,5921.4098624698445,4728.80938373782,4992.221401232158,6850.598323707531,7114.010341201869
5000,23,QB,80,5993.339212073496,4811.732906349472,5072.716619189934,6913.961804957058,7174.945517797521
5000,23,QB,92,6057.869824104261,4887.156231728919,5145.734049510364,6970.005598698159,7228.583416479604
5000,23,QB,104,6206.7150530069775,5046.793649549755,5302.9877753012215,7110.442330712734,7366.636456464201
5000,23,QB,116,6298.733778912402,5149.504977466747,5403.337407144499,7194.130150680306,7447.962580358058
5000,23,QB,128,6448.519372774849,5309.884525482767,5561.377047633564,7335.6616979161345,7587.154220066932
5000,23,QB,140,6701.337724392203,5573.199118671122,5822.373315265598,7580.302133518809,7829.476330113285
5000,23,QB,152,7062.076746497441,5944.337593697912,6191.214842635771,7932.93865035911,8179.81589929697
5000,23,QB,164,7273.899415830019,6166.46383552296,6411.065314103485,8136.733517556553,8381.334996137079
5000,23,QB,176,7684.406255113368,6587.179257937638,6829.525946648179,8539.286563578555,8781.633252289099
5000,23,QB,188,7965.065371735883,6877.952845160982,7118.06553082158,8812.065212650185,9052.177898310783
5000,23,QB,200,8039.722029087381,6962.630726081912,7200.530004348115,8878.914053826647,9116.81333209285
5000,24,QB,-28,3783.828746574304,2550.205249911172,2822.6781022027826,4744.979390945825,5017.452243237436
5000,24,QB,-16,3790.840670448041,2579.730020319418,2847.230415840342,4734.450925055739,5001.951320576663
5000,24,QB,-4,4019.270605007229,2830.2619728318527,3092.8806521002807,4945.660557914177,5208.279237182605
5000,24,QB,8,4323.0781793141105,3155.7682342962858,3413.5942817797372,5232.562076848484,5490.388124331936
5000,24,QB,20,4700.4471815983325,3554.439924063915,3807.5608049906486,5593.333558206016,5846.454439132751
5000,24,QB,32,4916.4829298420145,3791.389552403568,4039.891143427306,5793.074716256723,6041.576307280462
5000,24,QB,44,5141.890465868776,4037.3292381877545,4281.295852840487,6002.485078897065,6246.451693549799
5000,24,QB,56,5351.936477867685,4267.532628806258,4507.047043527602,6196.825912207769,6436.340326929114
5000,24,QB,68,5721.534155387391,4656.919746549203,4892.063228617704,6551.0050821570785,6786.148564225579
5000,24,QB,80,5784.236587882443,4739.050387015944,4969.902722510729,6598.570453254157,6829.422788748943
5000,24,QB,92,5853.997310676867,4827.884671804945,5054.524192081732,6653.470429272002,6880.109949548789
5000,24,QB,104,6004.930872815644,4997.543624422447,5220.047230809936,6789.814514821352,7012.318121208842
5000,24,QB,116,6091.530338257162,5102.526675674313,5320.969863243061,6862.090813271263,7080.534000840012
5000,24,QB,128,6238.5187843949225,5267.563162655004,5482.020043883081,6995.017524906764,7209.474406134842
5000,24,QB,140,6535.9392374105855,5582.702259402511,5793.245588878847,7278.632885942324,7489.176215418661
5000,24,QB,152,6868.8737765729065,5933.032076717975,6139.733276835058,7598.014276310755,7804.715476427839
5000,24,QB,164,7102.754582902608,6183.9907094260525,6386.919896382846,7818.589269422369,8021.518456379163
5000,24,QB,176,7496.811467654684,6594.81376667349,6794.039776077179,8199.583159232188,8398.809168635878
5000,24,QB,188,7769.547916528752,6884.010421167211,7079.600832524475,8459.49500053303,8655.085411890295
5000,24,QB,200,7862.455247122679,6993.0775720992315,7185.098732099051,8539.811762146306,8731.832922146126
5000,25,QB,-28,3211.95116690743,2017.227650369796,2281.108587407238,4142.793746407622,4406.674683445064
5000,25,QB,-16,3219.1384722168286,2056.9084142843176,2313.612457098436,4124.664487335221,4381.368530149341
5000,25,QB,-4,3447.5684067760176,2316.948083953758,2566.670422294049,4328.466391257986,4578.188729598278
5000,25,QB,8,3751.73710237357,2651.8668267079133,2894.797341546524,4608.676863200616,4851.607378039227
5000,25,QB,20,4129.10610465778,3059.149539691006,3295.4729543091707,4962.739255006389,5199.062669624554
5000,25,QB,32,4357.771781192631,3316.9153032655186,3546.8113243239154,5168.732238061348,5398.628259119745
5000,25,QB,44,4564.392187052427,3551.844284891333,3775.4877350444704,5353.296639060384,5576.940089213523
5000,25,QB,56,4778.932692088277,3793.923376236528,4011.4843245727966,5546.3810596037565,5763.942007940025
5000,25,QB,68,5159.098624217085,4200.87884163054,4412.522732971642,5905.674515462528,6117.318406803631
5000,25,QB,80,5216.418538094294,4284.259601136826,4490.147382156672,5942.689694031915,6148.577475051762
5000,25,QB,92,5279.133560216332,4372.326595984837,4572.614836838215,5985.652283594449,6185.940524447828
5000,25,QB,104,5432.715366893293,4550.570786845519,4745.411798312439,6120.018935474148,6314.859946941067
5000,25,QB,116,5502.844570107683,4644.691555719736,4834.233502809268,6171.455637406097,6360.99758449563
5000,25,QB,128,5760.296384355244,4925.482383985793,5109.869397064669,6410.7233716458195,6595.110384724697
5000,25,QB,140,6049.576384074157,5237.466616184078,5416.838900701541,6682.313867446774,6861.686151964238
5000,25,QB,152,6334.701533619154,5544.678498313911,5719.172442688316,6950.230624549993,7124.724568924398
5000,25,QB,164,6567.649612928311,5799.112614227556,5968.860895363621,7166.438330493002,7336.186611629067
5000,25,QB,176,6932.791459357634,6185.156141082355,6350.2878268806835,7515.295091834585,7680.426777632913
5000,25,QB,188,7187.22313831995,6459.921036092392,6620.561684400132,7753.884592239767,7914.525240547508
5000,25,QB,200,7335.117937130672,6627.596045672608,6783.867799855138,7886.368074406207,8042.639828588737
5000,26,QB,-28,3100.9888198683916,1932.3825044018963,2190.4948837805587,4011.482755956225,4269.595135334887
5000,26,QB,-16,3115.9288392282224,1989.4671651290337,2238.270974532157,3993.586703924288,4242.390513327412
5000,26,QB,-4,3344.885961898788,2259.049040334142,2498.8799806028264,4190.89194319475,4430.722883463435
5000,26,QB,8,3632.681145290216,2586.0039013213427,2817.1855664439213,4448.17672413651,4679.35838925909
5000,26,QB,20,4008.9343374533687,3000.004502077471,3222.8488226911577,4795.01985221558,5017.864172829267
5000,26,QB,32,4210.823956322111,3238.2801599331683,3453.0878244251235,4968.560088219099,5183.367752711055
5000,26,QB,44,4417.444362181919,3479.974317606719,3687.035173430464,5147.853550933374,5354.91440675712
5000,26,QB,56,4635.72435803083,3732.063100693746,3931.6565430674327,5339.792172994228,5539.385615367915
5000,26,QB,68,4998.29835583593,4127.226536509325,4319.621885499322,5676.974826172538,5869.370175162535
5000,26,QB,80,5059.92657965139,4220.268818234847,4405.72568235976,5714.12747694302,5899.584341067934
5000,26,QB,92,5102.073602335749,4292.696906083507,4471.465531683406,5732.681672988091,5911.45029858799
5000,26,QB,104,5274.015260249862,4493.82750384627,4666.149110791414,5881.88140970831,6054.203016653454
5000,26,QB,116,5328.5915645413115,4576.540025877605,4742.647130974316,5914.5359981083075,6080.643103205019
5000,26,QB,128,5634.518614912193,4909.588559217114,5069.705288933631,6199.331940890755,6359.448670607271
5000,26,QB,140,5893.793862860484,5195.007170858146,5349.349564326102,6438.238161394866,6592.580554862822
5000,26,QB,152,6201.834950213778,5528.248791633525,5677.025093632439,6726.644806795117,6875.421108794031
5000,26,QB,164,6407.793210720342,5758.498764325383,5901.909707992458,6913.676713448227,7057.087657115303
5000,26,QB,176,6763.615743920889,6137.736965017571,6275.976044070348,7251.255443771431,7389.494522824208
5000,26,QB,188,7075.749151047869,6472.4415873214075,6605.69531760646,7545.802984489279,7679.056714774331
5000,26,QB,200,7181.167256161239,6599.616908535772,6728.065079632791,7634.269432689686,7762.717603786705
5000,27,QB,-28,2993.0134228535094,1837.8211379213492,2092.9707339464976,3893.056111760521,4148.20570778567
5000,27,QB,-16,3007.795497101888,1904.4133028493325,2148.119502065694,3867.471492138082,4111.177691354444
5000,27,QB,-4,3236.9286903666275,2183.0329333437685,2415.8089656670727,4058.0484150661823,4290.824447389487
5000,27,QB,8,3524.6149868621883,2517.9862296207193,2740.3223065730867,4308.90766715129,4531.243744103658
5000,27,QB,20,3934.789546329467,2973.307861064421,3185.6722152769858,4683.906877381949,4896.271231594515
5000,27,QB,32,4092.645291981321,3174.2857968924964,3377.1256679980524,4808.1649159645885,5011.0047870701455
5000,27,QB,44,4268.448277618691,3391.2768942344896,3585.0194659557355,4951.877089281646,5145.619661002892
5000,27,QB,56,4521.059057312284,3683.228447635741,3868.2817451558394,5173.836369468728,5358.889666988827
5000,27,QB,68,4852.160923634829,4051.9065987861377,4228.660348240509,5475.661499029148,5652.4152484835195
5000,27,QB,80,4906.347405919152,4141.984009786971,4310.810459100549,5501.884352737755,5670.710802051333
5000,27,QB,92,4947.884224368322,4217.801989193739,4379.056690943129,5516.711757793515,5677.966459542905
5000,27,QB,104,5114.40662181851,4417.067987018278,4571.090545238926,5657.722698398094,5811.745256618742
5000,27,QB,116,5178.849375813364,4512.785758263305,4659.9005418033685,5697.798209823359,5844.912993363423
5000,27,QB,128,5565.184681400561,4928.993384597494,5069.510209797336,6060.859153003787,6201.375978203629
5000,27,QB,140,5778.88255556402,5171.223811278585,5305.438595386741,6252.326515741298,6386.541299849455
5000,27,QB,152,6085.709294437595,5505.3034339111,5633.498819887609,6537.919768987582,6666.115154964092
5000,27,QB,164,6258.847641248936,5704.47239304213,5826.918346387996,6690.776936109876,6813.222889455743
5000,27,QB,176,6606.099864258426,6076.587775447924,6193.542153790545,7018.657574726308,7135.611953068928
5000,27,QB,188,6944.571940648345,6438.807917183293,6550.517013542728,7338.626867753962,7450.335964113397
5000,27,QB,200,7049.979319557045,6566.898278542454,6673.597339876229,7426.36129923786,7533.060360571636
5000,28,QB,-28,2848.0432590667942,1694.16649023086,1949.0255256239,3747.0609925096887,4001.920027902729
5000,28,QB,-16,2873.582367072978,1781.501944708132,2022.7118993000008,3724.452834845955,3965.662789437824
5000,28,QB,-4,3090.6791700139756,2057.085581883871,2285.3774341628764,3895.980905865075,4124.272758144081
5000,28,QB,8,3378.75874691186,2400.5197239366717,2616.585304345922,4140.932189477798,4356.997769887048
5000,28,QB,20,3787.780115336017,2861.931105458018,3066.4252004515,4509.135030220534,4713.629125214016
5000,28,QB,32,3945.9459045127633,3069.681091456701,3263.223427203374,4628.668381822153,4822.210717568826
5000,28,QB,44,4120.823770081564,3291.487593856064,3474.664709123419,4766.98283103971,4950.159946307065
5000,28,QB,56,4373.5361096370525,3588.6152284769573,3761.982250012651,4985.089969261454,5158.456990797148
5000,28,QB,68,4700.436286172697,3957.551958542084,4121.634283675943,5279.23828866945,5443.320613803309
5000,28,QB,80,4757.907129256748,4054.8080053740064,4210.102894168085,5305.71136434541,5461.00625313949
5000,28,QB,92,4800.596888603466,4135.152193349578,4282.130274302636,5319.063502904296,5466.0415838573545
5000,28,QB,104,4948.353896782799,4318.546981380985,4457.653675681713,5439.054117883885,5578.160812184614
5000,28,QB,116,5115.989576466241,4519.911813825176,4651.568683699765,5580.410469232716,5712.067339107305
5000,28,QB,128,5417.143305392071,4852.9883054755255,4977.5943318503705,5856.692278933771,5981.298305308616
5000,28,QB,140,5659.899548276122,5125.957678192636,5243.89047105293,6075.908625499314,6193.841418359609
5000,28,QB,152,5939.394330939626,5434.047526501986,5545.664470872797,6333.1241910064555,6444.741135377268
5000,28,QB,164,6099.967200238954,5621.684056090334,5727.323396490123,6472.611003987786,6578.250344387575
5000,28,QB,176,6508.694328907548,6056.025454354588,6156.007320561502,6861.381337253594,6961.363203460508
5000,28,QB,188,6799.866294101528,6371.439920426252,6466.0672976997985,7133.665290503258,7228.292667776805
5000,28,QB,200,6899.47247111317,6493.990295087418,6583.549942219623,7215.395000006718,7304.954647138922
5000,29,QB,-28,2688.2988446346535,1524.702875288216,1781.7086096475564,3594.8890796217506,3851.894813981092
5000,29,QB,-16,2720.7308825333366,1629.48931579515,1870.5139906919785,3570.9477743746947,3811.972449271523
5000,29,QB,-4,2939.8346631109353,1916.4483944385163,2142.4857359576263,3737.183590264244,3963.2209317833544
5000,29,QB,8,3220.9915646392765,2261.2412526068756,2473.223195002256,3968.759934276297,4180.741876671678
5000,29,QB,20,3622.571850232826,2722.500484698234,2921.301020596412,4323.84267986924,4522.643215767419
5000,29,QB,32,3757.461581349477,2913.358173851318,3099.7969565854446,4415.126206113509,4601.564988847636
5000,29,QB,44,3939.745819184102,3148.1301282133427,3322.9758455825677,4556.515792785636,4731.361510154862
5000,29,QB,56,4184.782208874866,3442.390399887649,3606.363941458342,4763.20047629139,4927.174017862084
5000,29,QB,68,4515.835272649479,3819.606459798012,3973.383889458176,5058.28665584078,5212.064085500946
5000,29,QB,80,4548.9410580802905,3896.0046854054335,4040.220028505564,5057.662087655017,5201.8774307551475
5000,29,QB,92,4614.147466998537,4001.811479578123,4137.0593355929805,5091.235598404094,5226.483454418952
5000,29,QB,104,4745.651702055889,4171.391455637867,4298.229447717657,5193.07395639412,5319.911948473911
5000,29,QB,116,5045.402218478443,4506.850075218064,4625.801148198467,5465.003288758418,5583.954361738822
5000,29,QB,128,5230.13640754487,4725.071971596838,4836.626548683005,5623.646266406735,5735.200843492902
5000,29,QB,140,5490.934798336207,5017.27575458865,5121.893760822084,5859.9758358503295,5964.593842083764
5000,29,QB,152,5750.435803897716,5306.229325517112,5404.3420856081475,6096.529522187285,6194.6422822783215
5000,29,QB,164,5905.684527289221,5489.099219181965,5581.111236973289,6230.257817605152,6322.269835396476
5000,29,QB,176,6339.636170843302,5948.954516820344,6035.24514349662,6644.027198189985,6730.317824866261
5000,29,QB,188,6629.842847031552,6263.454128640301,6344.379126759717,6915.306567303387,6996.231565422804
5000,29,QB,200,6710.770380677735,6367.164036750043,6443.057046934038,6978.4837144214325,7054.3767246054285
5000,30,QB,-28,2574.2208219591416,1391.392465747463,1652.6460952869152,3495.795548631368,3757.049178170821
5000,30,QB,-16,2606.652859857815,1507.4852554386762,1750.2605698946095,3463.045149821021,3705.820464276955
5000,30,QB,-4,2825.4732567114297,1804.0491457710395,2029.653101645876,3621.2934117769832,3846.89736765182
5000,30,QB,8,3106.4242595584587,2157.2449092290426,2366.892022485331,3845.9564966315866,4055.6036098878753
5000,30,QB,20,3493.6492910798406,2611.6048539670037,2806.4237466665736,4180.874835493108,4375.6937281926785
5000,30,QB,32,3626.9539052771975,2807.295918285927,2988.335392828376,4265.572417726019,4446.611892268468
5000,30,QB,44,3809.0153879837617,3047.3312369077444,3215.5659160869054,4402.464859880617,4570.6995390597785
5000,30,QB,56,4054.0517776745273,3346.240950279303,3502.5765223115586,4605.527033037496,4761.862605069752
5000,30,QB,68,4390.232733351553,3732.484742728775,3877.762837365298,4902.7026293378085,5047.980723974331
5000,30,QB,80,4420.224249657942,3808.998122691139,3944.000841640872,4896.447657675012,5031.450376624745
5000,30,QB,92,4480.828015300861,3912.833237061688,4038.2873628400903,4923.3686677616315,5048.822793540034
5000,30,QB,104,4623.04991468431,4095.228722571429,4211.809629228906,5034.290200139715,5150.871106797193
5000,30,QB,116,4919.7560273422705,4429.266952100743,4537.6022405501235,5301.9098141344175,5410.245102583798
5000,30,QB,128,5163.337316577721,4707.53988082356,4808.212758507125,5518.4618746483175,5619.134752331882
5000,30,QB,140,5378.6759135472985,4955.116409613953,5048.668831778504,5708.682995316093,5802.235417480644
5000,30,QB,152,5618.601875852077,5225.000149817133,5311.935738552054,5925.268013152099,6012.203601887021
5000,30,QB,164,5832.389401361519,5466.626574220948,5547.413330506646,6117.365472216392,6198.15222850209
5000,30,QB,176,6219.107993123591,5879.2150526922305,5954.287876129547,6483.928110117635,6559.000933554951
5000,30,QB,188,6503.326030879723,6187.473231905381,6257.236261933276,6749.415799826169,6819.178829854065
5000,30,QB,200,6589.930323574043,6296.417337619805,6361.246129130265,6818.61451801782,6883.44330952828
5000,31,QB,-28,2473.720596935589,1263.9618143941946,1531.1636202575696,3416.2775736136086,3683.479379476984
5000,31,QB,-16,2506.15263483427,1392.2057672169976,1638.2454066547884,3374.0598630137515,3620.0995024515432
5000,31,QB,-4,2724.724495675916,1699.0013347661702,1925.5548302780703,3523.8941610737616,3750.447656585662
5000,31,QB,8,3005.386743639147,2060.900062666148,2269.510696795812,3741.2627904824817,3949.873424612146
5000,31,QB,20,3389.871325102804,2520.187241019085,2712.276078191758,4067.4665720138496,4259.555409186523
5000,31,QB,32,3599.1892933676904,2798.383448994973,2975.2590136532635,4223.119573082117,4399.995137740408
5000,31,QB,44,3682.2290510446646,2944.8462879613617,3107.7134716940345,4256.744630395295,4419.611814127968
5000,31,QB,56,3956.575877616803,3277.593082636301,3427.5613503498225,4485.590404883784,4635.558672597306
5000,31,QB,68,4281.370528166001,3656.1624138398265,3794.253361886053,4768.48769444595,4906.578642492176
5000,31,QB,80,4314.197555677687,3738.5051555853943,3865.659470268965,4762.7356410864095,4889.88995576998
5000,31,QB,92,4356.362097594496,3826.2637617005503,3943.347625591562,4769.37656959743,4886.460433488442
5000,31,QB,104,4601.86811297135,4113.752800660245,4221.563791414205,4982.172434528494,5089.983425282454
5000,31,QB,116,4814.624566000937,4365.167247217528,4464.439770773957,5164.809361227917,5264.081884784347
5000,31,QB,128,5068.588703915981,4654.7277027417995,4746.137997493169,5391.039410338793,5482.449705090162
5000,31,QB,140,5282.917678804185,4901.833809663218,4986.004554682285,5579.830802926085,5664.001547945152
5000,31,QB,152,5510.927081320083,5160.024438876899,5237.5289968897605,5784.325165750405,5861.829723763267
5000,31,QB,164,5750.020306321819,5426.908579531945,5498.274903248577,6001.76570939506,6073.132033111692
5000,31,QB,176,6136.43423749931,5838.912425972541,5904.626654685715,6368.2418203129055,6433.956049026079
5000,31,QB,188,6401.543953674535,6127.585374422287,6188.095145596823,6614.992761752247,6675.502532926784
5000,31,QB,200,6469.291419161104,6217.029900632382,6272.74739925563,6665.835439066579,6721.552937689827
5000,32,QB,-28,2470.419247755438,1227.7683623895068,1502.2351118103877,3438.603383700488,3713.0701331213695
5000,32,QB,-16,2510.418732679149,1376.6138396793856,1627.039560309276,3393.7979050490217,3644.223625678913
5000,32,QB,-4,2728.9090702667972,1694.4161746472446,1922.906658743332,3534.9114817902628,3763.401965886351
5000,32,QB,8,2902.6375408641443,1958.7577489427808,2167.234338291869,3638.04074343642,3846.5173327855086
5000,32,QB,20,3284.152395603023,2422.948723660034,2613.164475494398,3955.1403157116474,4145.356067546012
5000,32,QB,32,3493.129705625892,2707.360351655241,2880.914777052332,4105.344634199452,4278.899059596542
5000,32,QB,44,3575.785804888176,2858.8432851914813,3017.1957920943523,4134.375817681999,4292.72832458487
5000,32,QB,56,3857.232657921301,3203.0882517878445,3347.57041561814,4366.894900224461,4511.377064054756
5000,32,QB,68,4175.161945605788,3578.3149987208258,3710.141759834872,4640.182131376704,4772.00889249075
5000,32,QB,80,4207.140687254347,3662.5723612540255,3782.8522403697634,4631.42913413893,4751.709013254668
5000,32,QB,92,4247.022179085583,3750.1532567661448,3859.897674609708,4634.146683561458,4743.891101405022
5000,32,QB,104,4535.124303589646,4081.776688740216,4181.908469653719,4888.340137525573,4988.471918439076
5000,32,QB,116,4715.809313745614,4302.1708951355795,4393.532027637455,5038.086599853774,5129.44773235565
5000,32,QB,128,5004.623184289451,4627.215772616441,4710.57449123091,5298.671877347992,5382.030595962461
5000,32,QB,140,5180.542505712048,4836.192578513873,4912.2498253998865,5448.83518602421,5524.892432910224
5000,32,QB,152,5433.18901051194,5119.001021860368,5188.3963419521315,5677.981679071749,5747.376999163512
5000,32,QB,164,5652.854273188657,5366.186303775761,5429.503222996136,5876.2053233811785,5939.522242601553
5000,32,QB,176,6033.3892222215245,5771.830763228467,5829.601695409647,6237.176749033402,6294.947681214583
5000,32,QB,188,6304.166723218522,6065.518406446112,6118.229130375625,6490.104316061419,6542.815039990932
5000,32,QB,200,6351.688345098709,6133.943448325258,6182.0371926940115,6521.339497503406,6569.433241872161
5000,33,QB,-28,2405.803349020586,1125.9552269121737,1408.6378033013357,3402.9688947398367,3685.651471128999
5000,33,QB,-16,2445.8028339442976,1288.7022062190454,1544.2733016768734,3347.332366211722,3602.903461669551
5000,33,QB,-4,2663.519736468881,1617.3941724819597,1848.4539869599607,3478.5854859778015,3709.6453004558034
5000,33,QB,8,2834.9527743510425,1889.1589142076543,2098.0582675761916,3571.8472811258935,3780.746634494431
5000,33,QB,20,3195.161043792367,2340.0762651349473,2528.940524953395,3861.3815626313385,4050.245822449787
5000,33,QB,32,3398.5528865287247,2625.4774190881926,2796.228120756866,4000.877652300584,4171.628353969258
5000,33,QB,44,3497.1379223830827,2798.206369857327,2952.5807589545057,4041.69508581166,4196.069474908839
5000,33,QB,56,3762.759686901934,3130.8610087326388,3270.4297147971783,4255.0896590066895,4394.658365071229
5000,33,QB,68,4077.825493951697,3506.5306552828206,3632.7136719103737,4522.93731599302,4649.120332620574
5000,33,QB,80,4110.988728210631,3594.4852951190765,3708.56642604236,4513.411030378902,4627.492161302186
5000,33,QB,92,4148.270770865748,3681.3037822602646,3784.4437010892466,4512.09784064225,4615.237759471232
5000,33,QB,104,4526.0531866812835,4103.871693602613,4197.119751794624,4854.986621567943,4948.234679759955
5000,33,QB,116,4684.84631905819,4303.155042719123,4387.4599469627965,4982.232691153583,5066.537595397256
5000,33,QB,128,4910.717427243735,4565.633050058061,4641.852516359885,5179.582338127585,5255.8018044294095
5000,33,QB,140,5082.662531800444,4770.674181220726,4839.583662917656,5325.741400683233,5394.650882380163
5000,33,QB,152,5386.686466304927,5104.619991569827,5166.920569594485,5606.45236301537,5668.7529410400275
5000,33,QB,164,5584.082091644122,5329.067768654655,5385.393284622943,5782.770898665301,5839.096414633589
5000,33,QB,176,5944.851193168689,5714.294527052768,5765.218032158965,6124.484354178413,6175.40785928461
5000,33,QB,188,6196.75867078751,5988.313998767384,6034.353584170824,6359.163757404195,6405.203342807636
5000,33,QB,200,6246.112665127754,6057.659290944984,6099.283359006635,6392.9419712488725,6434.566039310524
5000,34,QB,-28,2313.257916655147,993.199043429216,1284.7630476441402,3341.7527856661536,3633.316789881079
5000,34,QB,-16,2343.6591230794584,1161.081941847562,1422.2800938743449,3265.038152284572,3526.2363043113555
5000,34,QB,-4,2568.7865913774376,1509.372657400776,1743.36750034022,3394.2056824146553,3628.2005253541
5000,34,QB,8,2740.1468924906726,1791.069003075214,2000.6937064595304,3479.600078521815,3689.224781906132
5000,34,QB,20,3097.230323962857,2246.997158572452,2434.789833009578,3759.670814916135,3947.463489353262
5000,34,QB,32,3284.6463740589816,2522.96337871108,2691.197802622295,3878.094945495668,4046.3293694068834
5000,34,QB,44,3388.723644261649,2706.3684229501655,2857.081565112035,3920.365723411263,4071.078865573133
5000,34,QB,56,3650.065349746514,3038.776004988155,3173.7926869760654,4126.338012516963,4261.354694504874
5000,34,QB,68,3950.941154882598,3403.316252673632,3524.271243798884,4377.611065966312,4498.566057091564
5000,34,QB,80,4008.268744693956,3517.677704896694,3626.035514458398,4390.501974929514,4498.859784491218
5000,34,QB,92,4044.084641634448,3604.587463927059,3701.6600714997617,4386.509211769135,4483.581819341838
5000,34,QB,104,4417.2349665255915,4023.5103109649062,4110.473051386384,4723.996881664799,4810.959622086277
5000,34,QB,116,4585.139505003379,4232.420254562537,4310.326050363068,4859.95295964369,4937.858755444221
5000,34,QB,128,4809.3242497993215,4493.339781975901,4563.131893961917,5055.516605636726,5125.308717622742
5000,34,QB,140,4967.150630693782,4684.075103436271,4746.598552879669,5187.702708507894,5250.226157951292
5000,34,QB,152,5285.923117307835,5032.329144163283,5088.3409446628375,5483.505289952833,5539.5170904523875
5000,34,QB,164,5473.003698930773,5245.820850109072,5295.99917354213,5650.008224319416,5700.186547752473
5000,34,QB,176,5839.666853574691,5636.144478905372,5681.096866794636,5998.236840354746,6043.18922824401
5000,34,QB,188,6071.624326117064,5889.298249842297,5929.568969542515,6213.6796826916125,6253.950402391831
5000,34,QB,200,6126.599661217299,5963.2623456265455,5999.338980341311,6253.860342093288,6289.936976808053
5000,23,RB,-28,3520.027222591603,2629.93426278137,2826.5308485469563,4213.523596636249,4410.120182401836
5000,23,RB,-16,3524.448215527518,2642.560981096918,2837.3451521303296,4211.551278924707,4406.335449958118
5000,23,RB,-4,3740.11489131076,2866.3577457423617,3059.346208030227,4420.883574591294,4613.87203687916
5000,23,RB,8,4080.168351055192,3214.4663553817345,3405.6756608414044,4754.66104126898,4945.8703467286505
5000,23,RB,20,4464.037241625423,3606.3161274993904,3795.7626799271097,5132.311803323737,5321.758355751456
5000,23,RB,32,4697.280152931914,3847.466311920757,4035.166369356052,5359.393936507776,5547.093993943072
5000,23,RB,44,4914.163154315947,4072.1836420251743,4258.153315840178,5570.172992791717,5756.142666606721
5000,23,RB,56,5113.454542030441,4279.237080053175,4463.492334522022,5763.41674953886,5947.672004007708
5000,23,RB,68,5463.016115843788,4636.4890864521085,4819.045739923472,6106.986491764103,6289.543145235468
5000,23,RB,80,5531.584560399249,4712.676998984455,4893.550725551279,6169.618395247219,6350.4921218140435
5000,23,RB,92,5591.823558349879,4780.465148697688,4959.671479240764,6223.975637458994,6403.181968002071
5000,23,RB,104,5735.824354999958,4931.945429052662,5109.49975129316,6362.148958706755,6539.703280947255
5000,23,RB,116,5824.235457325549,5027.766996772736,5203.684554920864,6444.786359730234,6620.703917878362
5000,23,RB,128,5970.247702666086,5181.121340001223,5355.417234522851,6585.078170809322,6759.3740653309505
5000,23,RB,140,6209.802795589613,5427.950811495082,5600.63999968932,6818.965591489907,6991.654779684144
5000,23,RB,152,6564.05744364119,5789.412759127562,5960.510056862967,7167.604830419413,7338.702128154819
5000,23,RB,164,6772.6505750477545,6005.14674056412,6174.666824683926,7370.634325411583,7540.15440953139
5000,23,RB,176,7169.6802691441535,6409.2514526907025,6577.208863638417,7762.15167464989,7930.1090855976045
5000,23,RB,188,7441.425715477147,6688.006692738068,6854.415836736833,8028.435594217461,8194.844738216227
5000,23,RB,200,7516.004802189236,6769.530948679436,6934.406099466602,8097.60350491187,8262.478655699037
5000,24,RB,-28,3429.340699021523,2574.382829837348,2763.219058910393,4095.462339132653,4284.298568205699
5000,24,RB,-16,3433.761691957441,2594.4062617301097,2779.7963493695843,4087.727034545298,4273.1171221847735
5000,24,RB,-4,3649.4283677406847,2825.3906533521736,3007.39748691414,4291.459248567229,4473.466082129196
5000,24,RB,8,3916.8056188591822,3107.806093502004,3286.4914126231774,4547.119825095187,4725.8051442163605
5000,24,RB,20,4297.650955310894,3503.4151729822606,3678.839595092013,4916.462315529774,5091.8867376395265
5000,24,RB,32,4507.832327240147,3728.090826523035,3900.313868095458,5115.350786384835,5287.573827957259
5000,24,RB,44,4724.715328624194,3959.2035528222295,4128.283647016103,5321.147010232285,5490.227104426158
5000,24,RB,56,4909.281852783179,4157.740068246431,4323.734582944762,5494.829122621595,5660.823637319927
5000,24,RB,68,5265.73071112903,4527.903919611929,4690.869176779635,5840.592245478425,6003.557502646132
5000,24,RB,80,5326.084195167532,4601.722046091557,4761.713341154176,5890.455049180888,6050.446344243508
5000,24,RB,92,5392.1203334097045,4680.9770407877,4838.048660980485,5946.192005838924,6103.263626031709
5000,24,RB,104,5537.273804526404,4839.1080694709,4993.313310954549,6081.234298098259,6235.439539581909
5000,24,RB,116,5620.534130184939,4935.1090663268415,5086.5002506604305,6154.568009709448,6305.959194043038
5000,24,RB,128,5764.317904412976,5091.400963644099,5240.029454186468,6288.6063546394835,6437.234845181853
5000,24,RB,140,6048.19115067334,5387.554045632942,5533.470264663248,6562.912036683433,6708.82825571374
5000,24,RB,152,6374.64887062599,5726.067494082904,5869.320940606848,6879.976800645131,7023.230247169076
5000,24,RB,164,6605.29721787677,5968.551561138186,6109.19082890923,7101.403606844311,7242.042874615355
5000,24,RB,176,6986.231794016346,6361.105866595322,6499.178661857876,7473.284926174815,7611.35772143737
5000,24,RB,188,7250.361976631253,6636.6437293986955,6772.1968878617,7728.527065400806,7864.080223863811
5000,24,RB,200,7336.43775427545,6733.919006403945,6866.998509376925,7805.876999173976,7938.956502146956
5000,25,RB,-28,2856.2416488954373,2028.2432565770664,2211.124892877045,3501.3584049138294,3684.2400412138086
5000,25,RB,-16,2860.8380232670243,2055.359093496671,2233.266811734024,3488.4092348000245,3666.3169530373775
5000,25,RB,-4,3076.504699050263,2292.9327707665366,2466.0018464226123,3687.0075516779134,3860.0766273339896
5000,25,RB,8,3344.243071459434,2581.9823413374115,2750.3443706664857,3938.141772252382,4106.503801581457
5000,25,RB,20,3725.088407911142,2983.5592562874926,3147.342261026618,4302.834554795666,4466.617559534792
5000,25,RB,32,3947.9339616174393,3226.572509843703,3385.9010349809637,4509.966888253915,4669.295413391176
5000,25,RB,44,4145.261097152766,3443.518791481564,3598.513997163948,4692.008197141584,4847.003402823968
5000,25,RB,56,4335.056596544575,3652.399798838382,3803.179550772741,4866.933642316409,5017.713394250768
5000,25,RB,68,4703.436606576594,4039.3461885955016,4186.025147659012,5220.848065494177,5367.527024557688
5000,25,RB,80,4756.560364567706,4110.531312237024,4253.2210218833825,5259.899707252029,5402.589416898387
5000,25,RB,92,4816.420755962555,4187.9617877296905,4326.770758283379,5306.07075364173,5444.879724195419
5000,25,RB,104,4962.776609893139,4351.4098091552605,4486.4435989979775,5439.1096207883,5574.143410631017
5000,25,RB,116,5030.557501091903,4435.817959732923,4567.179254036266,5493.93574814754,5625.297042450884
5000,25,RB,128,5275.214572284759,4696.650041979057,4824.438729721764,5725.990414847754,5853.779102590462
5000,25,RB,140,5559.857637771615,4997.0281856923975,5121.341435704712,5998.3738398385185,6122.687089850833
5000,25,RB,152,5840.527619508579,5293.0052898042595,5413.937625538314,6267.117613478844,6388.049949212898
5000,25,RB,164,6068.338738901131,5535.707221606171,5653.3505942643005,6483.326883537962,6600.970256196092
5000,25,RB,176,6421.336992536019,5903.1913019193535,6017.635161497915,6825.038823574124,6939.482683152686
5000,25,RB,188,6659.4036247808635,6155.349788861229,6266.681152727959,7052.126096833768,7163.457460700498
5000,25,RB,200,6808.121641054457,6317.776401718174,6426.0799208477665,7190.163361261147,7298.466880390739
5000,26,RB,-28,2746.0320640413647,1936.134094288902,2115.017854593849,3377.0462734888806,3555.930033793828
5000,26,RB,-16,2758.439664244246,1977.749870955986,2150.1823637770003,3366.696964711492,3539.129457532507
5000,26,RB,-4,2974.6335281388647,2222.098558390376,2388.312439863277,3560.954616414452,3727.1684978873536
5000,26,RB,8,3225.9983883419036,2500.6028777604806,2660.82241341482,3791.1743632689872,3951.393898923327
5000,26,RB,20,3605.7279146725623,2906.493095829883,3060.9344679560004,4150.521361389126,4304.962733515243
5000,26,RB,32,3801.7647818048304,3127.747162897532,3276.6187623889787,4326.910801220682,4475.782400712129
5000,26,RB,44,3999.0919173401535,3349.382022950169,3492.8847274344544,4505.299107245853,4648.801811730138
5000,26,RB,56,4187.559070323132,3561.2802217708686,3699.6076649952574,4675.510475651006,4813.837918875395
5000,26,RB,68,4543.433966478534,3939.7410986203113,4073.0799317881024,5013.788001168965,5147.1268343367565
5000,26,RB,80,4600.480284155081,4018.558804476363,4147.088948241218,5053.871620068944,5182.401763833799
5000,26,RB,92,4638.719170554906,4077.783862929109,4201.678749524001,5075.75959158581,5199.654478180702
5000,26,RB,104,4804.793666201937,4264.0876375127455,4383.514443411567,5226.0728889923075,5345.49969489113
5000,26,RB,116,4857.093281883598,4335.886947250867,4451.0068173035825,5263.179746463614,5378.2996165163295
5000,26,RB,128,5149.851984702932,4647.442086220044,4758.410350386102,5541.2936190197615,5652.26188318582
5000,26,RB,140,5404.4978532631585,4920.206509247263,5027.172892589572,5781.822813936745,5888.789197279055
5000,26,RB,152,5708.080851655514,5241.254637328806,5344.36346306547,6071.798240245559,6174.907065982223
5000,26,RB,164,5909.603666095838,5459.612726506479,5559.0031119417,6260.204220249976,6359.594605685198
5000,26,RB,176,6252.8143950161575,5819.051590865472,5914.857636052384,6590.771153979931,6686.5771991668435
5000,26,RB,188,6549.483543527956,6131.363630490077,6223.714599496029,6875.252487559882,6967.603456565834
5000,26,RB,200,6654.169055407413,6251.127894652871,6340.1483899326395,6968.1897208821865,7057.210216161955
5000,27,RB,-28,2638.58965250861,1837.9882233893532,2014.8186384478563,3262.3606665693637,3439.1910816278673
5000,27,RB,-16,2650.8393076000334,1886.1446562371095,2055.044270546168,3246.634344653899,3415.5339589629575
5000,27,RB,-4,2867.2092420888316,2136.810969679341,2298.135475195487,3436.2830089821764,3597.607514498323
5000,27,RB,8,3118.465215396012,2420.825149623421,2574.9142854968377,3662.016145295186,3816.105281168603
5000,27,RB,20,3531.776283483605,2865.4252167948302,3012.6034897925174,4050.949077174692,4198.12735017238
5000,27,RB,32,3684.789804072035,3048.3244001704415,3188.901767945202,4180.677840198868,4321.255207973629
5000,27,RB,44,3851.2686903224662,3243.348543797987,3377.6210643337163,4324.916316311216,4459.188836846946
5000,27,RB,56,4075.779513108987,3495.124333693304,3623.374787224096,4528.184238993878,4656.43469252467
5000,27,RB,68,4396.033056837021,3841.4199725137023,3963.9184571912265,4828.147656482815,4950.6461411603395
5000,27,RB,80,4448.104797030839,3918.3657784346306,4035.3702792061354,4860.839314855543,4977.843815627048
5000,27,RB,92,4484.797820426043,3978.817224399401,4090.574155567222,4879.021485284863,4990.778416452685
5000,27,RB,104,4645.7215394060195,4162.433765687963,4269.178488481275,5022.264590330764,5129.009313124076
5000,27,RB,116,4707.820208979713,4246.207461863562,4348.1647788254395,5067.475639133987,5169.432956095866
5000,27,RB,128,5080.972548693222,4640.062694933525,4737.447323049268,5424.497774337176,5521.88240245292
5000,27,RB,140,5292.062694870254,4870.927213412029,4963.944236956497,5620.181152784011,5713.198176328478
5000,27,RB,152,5592.526843945212,5190.278865433138,5279.124168988222,5905.929518902202,5994.774822457286
5000,27,RB,164,5762.1462111064675,5377.938645169705,5462.799327254616,6061.493094958319,6146.35377704323
5000,27,RB,176,6089.519037019554,5722.5427850421565,5803.59755286235,6375.440521176758,6456.495288996953
5000,27,RB,188,6418.945261042434,6068.427511517294,6145.847057473001,6692.043464611867,6769.463010567575
5000,27,RB,200,6522.915305543973,6188.117906997105,6262.065268058748,6783.7653430291975,6857.712704090842
5000,28,RB,-28,2494.9368587345407,1695.2471428256345,1871.8761859910371,3117.997531478044,3294.6265746434474
5000,28,RB,-16,2521.788782782625,1764.92677957958,1932.0963814570564,3111.4811841081932,3278.65078598567
5000,28,RB,-4,2722.2770917488224,2005.9491569288127,2164.1659192590664,3280.3882642385784,3438.6050265688327
5000,28,RB,8,2973.9263454583333,2295.961672364837,2445.705065491191,3502.147625425476,3651.89101855183
5000,28,RB,20,3386.8005758888353,2745.1445934819712,2886.8684145580837,3886.732737219587,4028.4565582956993
5000,28,RB,32,3539.9804904781886,2932.6886389222373,3066.8223867103507,4013.1385942460265,4147.272342034141
5000,28,RB,44,3705.6779061840257,3130.909760164571,3257.859933030034,4153.495879338017,4280.446052203481
5000,28,RB,56,3930.290288832443,3386.3039868124106,3506.455313144872,4354.125264520014,4474.276590852475
5000,28,RB,68,4245.775113245693,3730.9220778427666,3844.6386821768174,4646.911544314569,4760.6281486486205
5000,28,RB,80,4302.083887239702,3814.8038294213816,3922.4303358698353,4681.737438609568,4789.363945058022
5000,28,RB,92,4338.483989808161,3877.300184333406,3979.162760109814,4697.8052195065075,4799.667795282916
5000,28,RB,104,4481.633147284631,4045.147963721019,4141.555306212714,4821.710988356549,4918.118330848244
5000,28,RB,116,4638.06924218588,4224.959914101448,4316.204185336477,4959.934299035283,5051.178570270314
5000,28,RB,128,4934.704037873146,4543.718653821274,4630.076365947469,5239.331709798824,5325.689421925019
5000,28,RB,140,5174.735598250233,4804.689303939541,4886.422158058733,5463.0490384417335,5544.781892560926
5000,28,RB,152,5448.569304965507,5098.340707431735,5175.696387817398,5721.4422221136165,5798.79790249928
5000,28,RB,164,5605.132573456659,5273.660338294074,5346.873263967529,5863.391882945789,5936.604808619244
5000,28,RB,176,5995.165521005156,5681.445153745096,5750.73718937877,6239.593852631541,6308.885888265217
5000,28,RB,188,6275.35828924567,5978.439091021497,6044.020219347209,6506.696359144131,6572.2774874698425
5000,28,RB,200,6374.8218611899065,6093.804048101181,6155.873006161847,6593.770716217966,6655.839674278632
5000,29,RB,-28,2328.799994410421,1522.37442515476,1700.4912295203771,2957.1087593004645,3135.225563666082
5000,29,RB,-16,2366.694386931578,1610.4137492919012,1777.4549438119434,2955.933830051212,3122.975024571255
5000,29,RB,-4,2568.0724730375323,1858.818680463703,2015.4729630580025,3120.6719830170623,3277.326265611362
5000,29,RB,8,2812.7990513774844,2147.647906037281,2294.561150042528,3331.036952712441,3477.9501967176884
5000,29,RB,20,3218.23219897739,2594.4413106936845,2732.2192332315785,3704.2451647232015,3842.023087261096
5000,29,RB,32,3348.136055506646,2763.133538451966,2892.3441970125555,3803.927914000736,3933.138572561326
5000,29,RB,44,3520.8639515362684,2972.237838142829,3093.4139687550614,3948.3139343174753,4069.490064929708
5000,29,RB,56,3736.597290142509,3222.085592831009,3335.7268051482743,4137.4677751367435,4251.108987454009
5000,29,RB,68,4057.329677561757,3574.811061541376,3681.3858989585456,4433.273456164967,4539.848293582137
5000,29,RB,80,4088.3184484448143,3635.80348629881,3735.751357569149,4440.88553932048,4540.83341059082
5000,29,RB,92,4148.593991064094,3724.21696481108,3817.949954741124,4479.238027387063,4572.971017317107
5000,29,RB,104,4275.561998824425,3877.573213783635,3965.477780884912,4585.646216763938,4673.550783865216
5000,29,RB,116,4563.23824674769,4189.996820905915,4272.43539002168,4854.0411034737,4936.479672589466
5000,29,RB,128,4744.222994850093,4394.190091677569,4471.502548664091,5016.943441036095,5094.255898022616
5000,29,RB,140,5001.7786979599505,4673.511177231292,4746.0162713135405,5257.54112460636,5330.04621868861
5000,29,RB,152,5256.250666115335,4948.395128942639,5016.391787999561,5496.109544231109,5564.106203288031
5000,29,RB,164,5400.506623756524,5111.793829037383,5175.562392852026,5625.450854661022,5689.219418475665
5000,29,RB,176,5822.182492438659,5551.422122393577,5611.225498799159,6033.139486078159,6092.942862483742
5000,29,RB,188,6101.647523083841,5847.723275680791,5903.808024506553,6299.48702166113,6355.571770486892
5000,29,RB,200,6182.999991018174,5944.864977833673,5997.462327388373,6368.537654647976,6421.135004202675
5000,30,RB,-28,2211.2930131268745,1391.5385144708664,1572.5993057348603,2849.9867205188884,3031.047511782883
5000,30,RB,-16,2249.187405648037,1487.4136590451228,1655.6681273648378,2842.706683931236,3010.9611522509513
5000,30,RB,-4,2450.282108030007,1742.388181086263,1898.7421074795295,3001.8221085804844,3158.1760349737506
5000,30,RB,8,2694.802787688643,2036.9778054097449,2182.27290534505,3207.332670032237,3352.627769967542
5000,30,RB,20,3084.390388249189,2473.0929911749886,2608.111451693764,3560.669324804614,3695.68778532339
5000,30,RB,32,3212.608820463474,2644.548105088491,2770.0167945319936,3655.200846394954,3780.6695358384577
5000,30,RB,44,3385.1139613650457,2857.2317829234207,2973.8261597514875,3796.401762978604,3912.996139806671
5000,30,RB,56,3600.8472999712812,3110.301814730286,3218.649562567392,3983.0450373751705,4091.392785212277
5000,30,RB,68,3926.321829040119,3470.472194168432,3571.156601173931,4281.487056906307,4382.171463911806
5000,30,RB,80,3954.582081051587,3530.974239181879,3624.5373378416734,4284.6268242615015,4378.189922921296
5000,30,RB,92,4009.587805422977,3615.9412782413465,3702.886762293808,4316.288848552145,4403.234332604607
5000,30,RB,104,4147.206081698039,3781.4016989672286,3862.197633718019,4432.21452967806,4513.01046442885
5000,30,RB,116,4432.324386754808,4092.392879483002,4167.474221254355,4697.174552255261,4772.2558940266135
5000,30,RB,128,4673.298994476813,4357.410390290798,4427.181328686343,4919.416660267284,4989.187598662829
5000,30,RB,140,4884.477278043826,4590.931044581927,4655.7671795349115,5113.187376552741,5178.023511505725
5000,30,RB,152,5119.514686934332,4846.730572568568,4906.980937369602,5332.048436499062,5392.298801300096
5000,30,RB,164,5322.948216594003,5069.457740638619,5125.446681510083,5520.449751677922,5576.438692549386
5000,30,RB,176,5695.4576888977,5459.896235271065,5511.925157655586,5878.990220139814,5931.019142524335
5000,30,RB,188,5970.228810450524,5751.328281466273,5799.677272598345,6140.780348302704,6189.129339434775
5000,30,RB,200,6056.759125806988,5853.341115589042,5898.270452296304,6215.247799317672,6260.177136024934
5000,31,RB,-28,2109.6021513341066,1271.183627573717,1456.3667788358705,2762.837523832343,2948.0206750944963
5000,31,RB,-16,2147.4965438552667,1375.4800875389217,1545.9968833340474,2748.9962043764863,2919.5130001716125
5000,31,RB,-4,2348.3427102252667,1637.4693437594497,1794.4813448302862,2902.2040756202473,3059.2160766910843
5000,31,RB,8,2592.8633898839116,1938.290643481357,2082.8674156708385,3102.859364096985,3247.4361362864665
5000,31,RB,20,2977.12479754615,2374.393694091294,2507.5201004603687,3446.7294946319316,3579.8559010010063
5000,31,RB,32,3178.7211906076445,2623.7258778667,2746.308786087922,3611.1335951273672,3733.7165033485894
5000,31,RB,44,3257.044726288581,2746.0045283642435,2858.878983772041,3655.2104688051218,3768.084924212919
5000,31,RB,56,3503.8324151052,3033.2660833358527,3137.200996181151,3870.4638340292495,3974.398746874548
5000,31,RB,68,3816.55774196915,3383.2597392423704,3478.9631228229955,4154.152361115304,4249.855744695929
5000,31,RB,80,3846.7178464164745,3447.736512954704,3535.8603061813214,4157.575386651627,4245.699179878246
5000,31,RB,92,3884.150615346825,3516.7680671545504,3597.9125744202415,4170.388656273407,4251.5331635390985
5000,31,RB,104,4116.19750725426,3777.911126961985,3852.629106296007,4379.765908212513,4454.483887546536
5000,31,RB,116,4326.030185317774,4014.5355740399305,4083.336002564451,4568.724368071098,4637.524796595619
5000,31,RB,128,4577.648499929638,4290.823775320061,4354.175317369578,4801.121682489698,4864.473224539215
5000,31,RB,140,4788.163838691197,4524.0551753733225,4582.389376208343,4993.938301174052,5052.272502009072
5000,31,RB,152,5003.954845574767,4760.763161656765,4814.47738803943,5193.432303110105,5247.146529492769
5000,31,RB,164,5239.11248097488,5015.181180872442,5064.641328333416,5413.583633616344,5463.043781077317
5000,31,RB,176,5611.554844104388,5405.358533230939,5450.9015186780125,5772.208169530764,5817.751154977837
5000,31,RB,188,5867.722928136596,5677.857021889039,5719.793078690923,6015.65277758227,6057.588834384153
5000,31,RB,200,5935.081805995119,5760.252961585247,5798.8677529118195,6071.295859078418,6109.9106504049905
5000,32,RB,-28,2102.924717392521,1241.7104522897212,1431.9285438561642,2773.9208909288777,2964.138982495321
5000,32,RB,-16,2148.1201452057144,1362.341163197257,1535.897715158028,2760.342575253401,2933.899127214172
5000,32,RB,-4,2348.884788321715,1631.9335920147123,1790.2880153375977,2907.481561305832,3065.835984628718
5000,32,RB,8,2497.550131128236,1843.3979867747023,1987.8818597609131,3007.218402495559,3151.70227548177
5000,32,RB,20,2878.8418120657025,2281.988024593603,2413.816296601608,3343.867327529797,3475.695599537802
5000,32,RB,32,3080.0975468851743,2535.523214150636,2655.804419985595,3504.3906737847537,3624.6718796197138
5000,32,RB,44,3158.037424151418,2661.1632557966295,2770.9088323423566,3545.166015960479,3654.911592506206
5000,32,RB,56,3409.457975380604,2956.10579043975,3056.2385807583505,3762.677370002857,3862.810160321458
5000,32,RB,68,3717.78510342825,3304.142695255807,3395.5047089401924,4040.0654979163073,4131.427511600693
5000,32,RB,80,3747.096922012461,3369.6860045957637,3453.045497530748,4041.1483464941743,4124.507839429159
5000,32,RB,92,3782.336297292583,3437.9832623194934,3514.0411956258754,4050.6313989592904,4126.689332265672
5000,32,RB,104,4056.5071954699943,3742.3164299407945,3811.7123633669903,4301.302027572998,4370.697960999194
5000,32,RB,116,4234.53684371417,3947.866379067436,4011.183849415025,4457.889838013314,4521.207308360904
5000,32,RB,128,4520.486885780324,4258.926176721956,4316.697605879495,4724.276165681153,4782.047594838692
5000,32,RB,140,4693.771055694147,4455.120705074673,4507.831878223994,4879.710233164301,4932.421406313621
5000,32,RB,152,4934.166329291807,4716.419590495569,4764.513741715525,5103.81891686809,5151.913068088046
5000,32,RB,164,5148.205325010688,4949.531226344804,4993.412765960728,5302.997884060648,5346.8794236765725
5000,32,RB,176,5516.0634353353125,5334.791383228099,5374.829298533707,5657.2975721369185,5697.335487442526
5000,32,RB,188,5777.400392563287,5612.006123611675,5648.537081668027,5906.263703458547,5942.7946615148985
5000,32,RB,200,5824.7597165017905,5673.852479832973,5707.183658525515,5942.335774478066,5975.666953170608
5000,33,RB,-28,2038.5927862338528,1151.599123810141,1347.5111616554832,2729.674410812222,2925.5864486575647
5000,33,RB,-16,2083.788214047044,1281.8642155275866,1458.9867490953438,2708.5896789987437,2885.7122125665014
5000,33,RB,-4,2283.779422099983,1558.766251140914,1718.901338689548,2848.657505510418,3008.7925930590527
5000,33,RB,8,2430.149332191315,1774.6706504517788,1919.4475183640857,2940.851146018544,3085.6280139308515
5000,33,RB,20,2790.134427831219,2197.52131507012,2328.4129408993904,3251.8559147630476,3382.747540592318
5000,33,RB,32,2985.8046953641815,2450.027810318352,2568.365906548871,3403.243484179492,3521.5815804100116
5000,33,RB,44,3074.5866887754114,2590.194949748586,2697.183507534766,3451.989870016057,3558.978427802237
5000,33,RB,56,3315.268971937425,2877.3341004881954,2974.0616383994775,3656.476305475372,3753.2038433866546
5000,33,RB,68,3621.118262822934,3225.1846418555674,3312.6352808186994,3929.601244827169,4017.051883790301
5000,33,RB,80,3650.1687122932126,3292.2080575417967,3371.271532639438,3929.065891946987,4008.129367044629
5000,33,RB,92,3683.7703582885288,3360.14073982114,3431.6214512929764,3935.919265284081,4007.3999767559176
5000,33,RB,104,4047.218966917561,3754.6277584103686,3819.25295511994,4275.184978715182,4339.810175424754
5000,33,RB,116,4204.752466167684,3940.222841701438,3998.650021054709,4410.8549112806595,4469.282090633931
5000,33,RB,128,4426.842120154439,4187.68276188552,4240.506360557261,4613.177879751616,4666.001478423357
5000,33,RB,140,4588.531416501916,4372.309128142926,4420.066570991213,4756.99626201262,4804.7537048609065
5000,33,RB,152,4888.277514525039,4692.792463486273,4735.96963186948,5040.585397180598,5083.762565563805
5000,33,RB,164,5079.476998392593,4902.740333774687,4941.776509109548,5217.177487675637,5256.213663010498
5000,33,RB,176,5428.074545269221,5268.288162696368,5303.580495839138,5552.5685946993035,5587.860927842074
5000,33,RB,188,5670.226868828826,5525.765116020801,5557.672667993603,5782.781069664049,5814.688621636851
5000,33,RB,200,5718.274675705662,5587.667812535751,5616.515207736171,5820.034143675153,5848.881538875573
5000,34,RB,-28,1953.3813752704473,1038.519811346221,1240.5870875035494,2666.175663037345,2868.242939194674
5000,34,RB,-16,1988.5115763769263,1168.9311535439615,1349.953496337942,2627.0696564159107,2808.0919992098916
5000,34,RB,-4,2196.380298410577,1462.1576753600957,1624.3268727373588,2768.433724083795,2930.602921461058
5000,34,RB,8,2340.775947924537,1683.0212827294467,1828.3008515919064,2853.2510442571675,2998.5306131196276
5000,34,RB,20,2699.5377294037407,2110.287007965515,2240.4359757984503,3158.639483009031,3288.7884508419666
5000,34,RB,32,2878.497722100599,2350.6163446317582,2467.210544547388,3289.7848996538096,3406.37909956944
5000,34,RB,44,2973.506432056006,2500.6028536001972,2605.0539987261645,3341.9588653858473,3446.4100105118146
5000,34,RB,56,3209.3416266561603,2785.6899719468693,2879.2627476348657,3539.420505677455,3632.9932813654514
5000,34,RB,68,3500.128689345684,3120.599423916477,3204.426800550723,3795.830578140645,3879.657954774891
5000,34,RB,80,3554.702284847694,3214.700111445146,3289.797061384027,3819.607508311361,3894.7044582502426
5000,34,RB,92,3586.1836796753296,3281.591904647089,3348.8676901286394,3823.49966922202,3890.77545470357
5000,34,RB,104,3945.486658278075,3672.617348092297,3732.886530261957,4158.086786294193,4218.355968463853
5000,34,RB,116,4112.379673514911,3867.928996632668,3921.921299271913,4302.8380477579085,4356.830350397154
5000,34,RB,128,4333.129641387969,4114.137859830343,4162.507006098089,4503.752276677849,4552.121422945595
5000,34,RB,140,4480.585066471687,4284.400695586316,4327.732324121898,4633.437808821476,4676.769437357058
5000,34,RB,152,4794.048653969259,4618.29635717524,4657.115113249359,4930.98219468916,4969.800950763279
5000,34,RB,164,4975.850289570645,4818.402117685808,4853.178005626985,5098.522573514305,5133.2984614554825
5000,34,RB,176,5329.842977940604,5188.79260377924,5219.946677828983,5439.739278052225,5470.893352101968
5000,34,RB,188,5552.271586110144,5425.911222441461,5453.820684930252,5650.722487290036,5678.631949778827
5000,34,RB,200,5605.101161384719,5491.900882958223,5516.90365149052,5693.298671278917,5718.301439811215
5000,23,WR,-28,4021.594847582087,3234.7373375393217,3408.532106112032,4634.657589052142,4808.452357624852
5000,23,WR,-16,4033.507928517241,3253.904421069541,3426.096983796664,4640.918873237818,4813.111435964941
5000,23,WR,-4,4260.287567691553,3487.8711988545233,3658.476324116032,4862.098811267073,5032.703936528583
5000,23,WR,8,4628.971752323986,3863.6762747596,4032.708594735572,5225.2349099124,5394.267229888372
5000,23,WR,20,5034.245100674505,4276.004859884144,4443.478875813044,5625.011325535966,5792.485341464867
5000,23,WR,32,5274.463287049205,4523.213211910446,4689.143296179294,5859.783277919116,6025.713362187964
5000,23,WR,44,5498.840732642071,4754.516339053577,4918.916734392887,6078.764730891256,6243.165126230566
5000,23,WR,56,5722.144895103402,4984.682287708358,5147.567106811481,6296.722683395323,6459.607502498447
5000,23,WR,68,6083.457796875906,5352.793664369075,5514.176890928739,6652.738702823072,6814.121929382737
5000,23,WR,80,6161.0280367895975,5437.099645234388,5596.995135418772,6725.060938160423,6884.956428344807
5000,23,WR,92,6227.889541436436,5510.63473008809,5669.056213463364,6786.722869409508,6945.144352784782
5000,23,WR,104,6377.081436347577,5666.438617442911,5823.399697019673,6930.763175675482,7087.724255252244
5000,23,WR,116,6467.103954968006,5763.012115131643,5918.526267054327,7015.681642881686,7171.195794804369
5000,23,WR,128,6625.0362445742985,5927.4349457527005,6081.51551909327,7168.556970055327,7322.637543395896
5000,23,WR,140,6878.242706199758,6187.072083349556,6339.732300618091,7416.753111781424,7569.413329049959
5000,23,WR,152,7238.01500730065,6553.215761439623,6704.468720119163,7771.561294482137,7922.814253161677
5000,23,WR,164,7451.328402217446,6772.841790797867,6922.700465470667,7979.956338964224,8129.815013637024
5000,23,WR,176,7852.8068932732995,7180.5747196732555,7329.051964341862,8376.561822204738,8525.039066873343
5000,23,WR,188,8131.447014510138,7465.411619310836,7612.520169324682,8650.373859695594,8797.48240970944
5000,23,WR,200,8210.099299086869,7550.2035531302045,7695.956026719002,8724.242571454737,8869.995045043534
5000,24,WR,-28,3933.590935857113,3177.7934511975855,3344.7279307669555,4522.453940947271,4689.388420516641
5000,24,WR,-16,3945.504016792267,3203.4993569527373,3367.3873881283885,4523.620645456145,4687.508676631797
5000,24,WR,-4,4172.283655966576,3443.8201208058063,3604.717297093853,4739.850014839298,4900.747191127346
5000,24,WR,8,4468.291631973081,3753.122114977863,3911.083015280747,5025.500248665415,5183.461148968299
5000,24,WR,20,4870.541426205093,4168.4233123811,4323.501523550638,5417.581328859547,5572.659540029085
5000,24,WR,32,5087.698073202551,4398.393154015141,4550.641289639717,5624.754856765386,5777.002992389962
5000,24,WR,44,5312.07551879541,4635.349921567487,4784.8196375660855,5839.331400024735,5988.801116023333
5000,24,WR,56,5521.168849474919,4856.792965185531,5003.534975755004,6038.802723194834,6185.544733764306
5000,24,WR,68,5890.591910212515,5238.340316019742,5382.404410747329,6398.779409677702,6542.843504405289
5000,24,WR,80,5959.788302578181,5319.439684257837,5460.874745252287,6458.701859904076,6600.136920898526
5000,24,WR,92,6030.868928341359,5402.206006846662,5541.060024959136,6520.677831723581,6659.531849836057
5000,24,WR,104,6182.805149163269,5565.614612120853,5701.934702075543,6663.675596250994,6799.995686205685
5000,24,WR,116,6267.1495590840195,5661.221994862782,5795.0544098192495,6739.24470834879,6873.077123305257
5000,24,WR,128,6421.887556526687,5827.017388592902,5958.407534645194,6885.367578408181,7016.757724460473
5000,24,WR,140,6719.677315516447,6135.662733910526,6264.655185222039,7174.699445810856,7303.691897122369
5000,24,WR,152,7053.300188097089,6479.943078166002,6606.581592710491,7500.018783483686,7626.657298028175
5000,24,WR,164,7286.942307953702,6724.048178222931,6848.375713715576,7725.5089021918275,7849.836437684474
5000,24,WR,176,7672.560502554652,7119.938413712885,7241.997143295581,8103.123861813723,8225.182591396419
5000,24,WR,188,7943.573345666569,7401.035842630734,7520.867169877016,8366.279521456123,8486.110848702405
5000,24,WR,200,8032.9608982765485,7500.323945608891,7617.968518788499,8447.953277764598,8565.597850944205
5000,25,WR,-28,3373.7164094229797,2641.7515667418866,2803.4220837205035,3944.010735125456,4105.681252104073
5000,25,WR,-16,3385.8048717938,2673.747621946395,2831.021109672304,3940.588633915296,4097.862121641206
5000,25,WR,-4,3612.584510968103,2919.893427825292,3072.8894721543884,4152.279549781818,4305.275594110914
5000,25,WR,8,3908.953608265277,3235.101991423965,3383.936925712026,4433.970290818528,4582.80522510659
5000,25,WR,20,4311.20340249728,3655.6788581900137,3800.465855858017,4821.940949136543,4966.727946804547
5000,25,WR,32,4541.087434674848,3903.39148446249,4044.24064542543,5037.934223924266,5178.783384887206
5000,25,WR,44,4746.341552175292,4125.9892650952625,4263.007697010294,5229.675407340291,5366.693839255322
5000,25,WR,56,4960.168116928249,4356.687747674027,4489.9796458564715,5430.356588000027,5563.648486182471
5000,25,WR,68,5341.4608897084145,4754.393519972934,4884.06024661347,5798.861532803359,5928.528259443895
5000,25,WR,80,5404.004850927043,4832.904039568437,4959.044201001682,5848.965500852403,5975.105662285649
5000,25,WR,92,5468.966400187188,4913.397845849688,5036.107367071788,5901.825433302588,6024.534954524688
5000,25,WR,104,5622.257358818713,5081.798574992382,5201.170771431202,6043.343946206224,6162.716142645045
5000,25,WR,116,5691.4495259876185,5165.689525888893,5281.815173005078,6101.083878970159,6217.209526086345
5000,25,WR,128,5956.105968534372,5444.644956852552,5557.612358224085,6354.599578844658,6467.566980216191
5000,25,WR,140,6244.99154920609,5747.440617743599,5857.335672290337,6632.647426121843,6742.542480668581
5000,25,WR,152,6532.403460671621,6048.38428908329,6155.290557165268,6909.5163641779745,7016.4226322599525
5000,25,WR,164,6764.58610716614,6293.730670270688,6397.729438334807,7131.442775997473,7235.441544061592
5000,25,WR,176,7121.753473489507,6663.703756924013,6764.874100308,7478.632846671014,7579.803190055001
5000,25,WR,188,7365.501817775641,6919.90954352174,7018.328387077717,7712.675248473565,7811.0940920295425
5000,25,WR,200,7515.857652778852,7082.384014061689,7178.126190709563,7853.5891148481405,7949.331291496014
5000,26,WR,-28,3267.0556481902627,2551.0918908721733,2709.228216600046,3824.8830797804794,3983.019405508353
5000,26,WR,-16,3287.213014920236,2597.069788763759,2749.5030829002917,3824.92294694018,3977.356241076713
5000,26,WR,-4,3514.5198422059234,2849.2659650798237,2996.2018996570323,4032.8377847548145,4179.773719332024
5000,26,WR,8,3794.5154272969785,3153.253299604171,3294.8901292135856,4294.140725380372,4435.777554989787
5000,26,WR,20,4195.64941140793,3577.5137858806174,3714.042619391056,4677.256203424803,4813.785036935242
5000,26,WR,32,4398.724757011471,3802.8815706420146,3934.486629193312,4862.962884829631,4994.567943380928
5000,26,WR,44,4603.978874511927,4029.624135363282,4156.482998238663,5051.474750785191,5178.333613660571
5000,26,WR,56,4822.229225872142,4268.587934889067,4390.8717776568265,5253.586674087457,5375.870516855217
5000,26,WR,68,5185.245768534377,4651.570873571978,4769.444699111261,5601.046837957493,5718.920663496777
5000,26,WR,80,5252.708090394822,4738.279477637321,4851.902338905445,5653.513841884199,5767.136703152322
5000,26,WR,92,5296.081547197255,4800.2050720618845,4909.730286140504,5682.432808254005,5791.958022332625
5000,26,WR,104,5468.2099085689515,4990.216464501943,5095.791818273916,5840.627998863987,5946.20335263596
5000,26,WR,116,5530.754086328267,5069.998707727066,5171.766656015791,5889.741516640742,5991.509464929467
5000,26,WR,128,5834.894542264417,5390.755537024598,5488.853394190088,6180.935690338747,6279.033547504237
5000,26,WR,140,6095.430425588169,5667.308534624269,5761.868660201438,6428.9921909749,6523.55231655207
5000,26,WR,152,6404.0288628047265,5991.346447356662,6082.496425556559,6725.561300052894,6816.711278252791
5000,26,WR,164,6609.837754562774,6212.038012002651,6299.900824918757,6919.77468420679,7007.637497122896
5000,26,WR,176,6956.87462972849,6573.420838457134,6658.11503284655,7255.634226610429,7340.328420999846
5000,26,WR,188,7258.098721602776,6888.4735155541575,6970.113363079244,7546.084080126308,7627.723927651395
5000,26,WR,200,7366.880593879097,7010.585264609582,7089.280915986878,7644.480271771316,7723.175923148613
5000,27,WR,-28,3159.2594728962804,2451.514017648814,2607.8351508059927,3710.683794986568,3867.004928143747
5000,27,WR,-16,3179.2588945148045,2503.2556493675406,2652.565818038848,3705.951970990761,3855.262139662069
5000,27,WR,-4,3406.7417923946723,2761.0571370636167,2903.670779066109,3909.812805723236,4052.426447725728
5000,27,WR,8,3686.628490589854,3069.902654249203,3206.1201048443045,4167.136876335404,4303.3543269305055
5000,27,WR,20,4121.575905779681,3532.51008364257,3662.618212402565,4580.533599156798,4710.641727916793
5000,27,WR,32,4280.725314391571,3718.078932996597,3842.351747826181,4719.098880956962,4843.371695786547
5000,27,WR,44,4455.090548789878,3917.678666663467,4036.377887920577,4873.80320965918,4992.502430916289
5000,27,WR,56,4707.403536306053,4194.094354795541,4307.46996507855,5107.337107533556,5220.712717816565
5000,27,WR,68,5039.2875580541795,4549.000037230709,4657.290807958654,5421.284308149705,5529.57507887765
5000,27,WR,80,5099.308138383498,4631.009720166622,4734.443714477161,5464.172562289835,5567.606556600374
5000,27,WR,92,5142.72738362544,4695.431820244779,4794.22687262614,5491.22789462474,5590.022947006101
5000,27,WR,104,5309.177636297444,4881.942918765271,4976.307092598595,5642.048179996294,5736.412353829617
5000,27,WR,116,5381.9333806352515,4973.859760013363,5063.991784619387,5699.874976651116,5790.0070012571405
5000,27,WR,128,5765.413864267024,5375.641958019567,5461.73164691221,6069.0960816218385,6155.185770514481
5000,27,WR,140,5981.970802308181,5609.679781826986,5691.908433038196,6272.033171578167,6354.261822789376
5000,27,WR,152,6288.828144703435,5933.234002200357,6011.774781075017,6565.881508331853,6644.422287206513
5000,27,WR,164,6461.863292843509,6122.21718583796,6197.2354906901855,6726.4910949968325,6801.509399849059
5000,27,WR,176,6792.228968093142,6467.815639470337,6539.4694505483285,7044.988485637955,7116.642296715946
5000,27,WR,188,7126.462740893777,6816.599011968264,6885.03922429433,7367.886257493224,7436.32646981929
5000,27,WR,200,7235.91536392566,6939.948696078351,7005.319437142974,7466.511290708347,7531.88203177297
5000,28,WR,-28,3013.0048307966154,2306.0653457331205,2462.2084626677783,3563.8011989254524,3719.9443158601102
5000,28,WR,-16,3040.9385941536516,2371.859544912215,2519.6403527911975,3562.2368355161057,3710.0176433950887
5000,28,WR,-4,3259.9330779030347,2626.6868433898235,2766.553186879107,3753.312968926962,3893.1793124162464
5000,28,WR,8,3540.2130565005396,2940.8806062348513,3073.256345377736,4007.169767623343,4139.545506766228
5000,28,WR,20,3974.244982164356,3407.010039952981,3532.296339250833,4416.193625077878,4541.479924375732
5000,28,WR,32,4133.680251763857,3596.8237932132197,3715.400336970808,4551.960166556906,4670.5367103144945
5000,28,WR,44,4307.144548630879,3799.039606058155,3911.265745833167,4703.023351428592,4815.2494912036045
5000,28,WR,56,4559.559096008952,4078.665833808438,4184.881676125012,4934.236515892892,5040.452358209466
5000,28,WR,68,4888.252417617504,4433.113464983302,4533.640902202765,5242.863933032243,5343.391370251707
5000,28,WR,80,4951.504538172846,4520.740572721235,4615.884258496131,5287.124817849561,5382.2685036244575
5000,28,WR,92,4994.783217583758,4587.088788762212,4677.13706052818,5312.429374639337,5402.477646405306
5000,28,WR,104,5143.786100460198,4757.925678889572,4843.151430454923,5444.420770465474,5529.646522030825
5000,28,WR,116,5318.4475861668525,4953.251823534084,5033.913331164667,5602.981841169038,5683.643348799621
5000,28,WR,128,5617.487335979564,5271.849520999248,5348.191226197203,5886.783445761925,5963.12515095988
5000,28,WR,140,5862.573140729739,5535.445841796893,5607.699092844545,6117.447188614933,6189.700439662585
5000,28,WR,152,6142.714590981086,5833.106477397144,5901.490231459084,6383.938950503089,6452.322704565028
5000,28,WR,164,6302.220559990582,6009.19339385734,6073.914881386736,6530.526238594428,6595.247726123824
5000,28,WR,176,6693.987684012496,6416.653474915301,6477.908828104626,6910.066539920366,6971.321893109692
5000,28,WR,188,6982.248358213732,6719.76667197685,6777.74151917839,7186.755197249074,7244.730044450614
5000,28,WR,200,7085.425282968846,6837.000695123774,6891.870723307096,7278.979842630595,7333.849870813918
5000,29,WR,-28,2850.470618913462,2137.5765234533515,2295.034846918559,3405.906390908365,3563.3647143735734
5000,29,WR,-16,2889.088309684941,2220.5231976166665,2368.1904911796128,3409.9861281902695,3557.653421753216
5000,29,WR,-4,3108.9725705740775,2481.9799996722545,2620.465084158223,3597.480056989932,3735.965141475901
5000,29,WR,8,3382.329873802032,2794.3248028080206,2924.198641373062,3840.4611062310023,3970.334944796044
5000,29,WR,20,3808.9207166352458,3257.4788253894967,3379.27688240384,4238.564550866651,4360.362607880995
5000,29,WR,32,3945.079928174668,3427.9276252999953,3542.1520733707307,4348.007782978605,4462.232231049341
5000,29,WR,44,4125.951488289692,3640.956552905373,3748.0783398594976,4503.824636719886,4610.946423674011
5000,29,WR,56,4370.847114907608,3916.0099110264346,4016.4707004042866,4725.223529410929,4825.684318788781
5000,29,WR,68,4703.566948572657,4277.012179695456,4371.226171929667,5035.907725215647,5130.121717449858
5000,29,WR,80,4742.012424253996,4341.981402272636,4430.337042270756,5053.687806237236,5142.043446235356
5000,29,WR,92,4808.285304739448,4433.1287028177885,4515.990280647751,5100.580328831145,5183.441906661108
5000,29,WR,104,4949.940324007251,4598.111381905622,4675.820533549115,5224.0601144653865,5301.7692661088795
5000,29,WR,116,5247.818260690944,4917.866410442309,4990.743525704235,5504.892995677653,5577.770110939579
5000,29,WR,128,5431.564347752214,5122.12923135483,5190.474775187322,5672.653920317107,5740.999464149599
5000,29,WR,140,5693.69394865007,5403.4998052838155,5467.595557492818,5919.792339807321,5983.888092016324
5000,29,WR,152,5954.279425854806,5682.129827587866,5742.240045567978,6166.318806141633,6226.429024121745
5000,29,WR,164,6100.512882921137,5845.2857987538555,5901.658307702686,6299.367458139588,6355.73996708842
5000,29,WR,176,6524.587586272462,6285.23075478224,6338.0979697534485,6711.077202791476,6763.944417762685
5000,29,WR,188,6812.108910717835,6587.635501677902,6637.2153858080055,6987.0024356276645,7036.582319757768
5000,29,WR,200,6896.54727555804,6686.031821567362,6732.528784664659,7060.565766451422,7107.062729548718
5000,30,WR,-28,2736.356179298709,2011.6790806321364,2171.73993923137,3300.9724193660477,3461.0332779652817
5000,30,WR,-16,2774.9738700701873,2101.5527550489983,2250.2926035518403,3299.6551365885343,3448.394985091377
5000,30,WR,-4,2994.57474723535,2368.784320976835,2507.0038854068744,3482.1456090638258,3620.3651734938658
5000,30,WR,8,3267.7261517819916,2686.1975351414835,2814.6409064730383,3720.811397090945,3849.2547684225
5000,30,WR,20,3678.471447575854,3138.074017783826,3257.432662836205,4099.510232315503,4218.868877367882
5000,30,WR,32,3812.945234800294,3310.769776465732,3421.686259374317,4204.204210226272,4315.120693134858
5000,30,WR,44,3993.5940397872687,3526.937100254702,3630.008537934065,4357.179541640473,4460.250979319836
5000,30,WR,56,4238.489666405181,3804.83900685863,3900.6202824458705,4576.359050364492,4672.140325951733
5000,30,WR,68,4576.947442676202,4173.9685125591595,4262.975262835412,4890.919622516992,4979.926372793244
5000,30,WR,80,4611.668598529559,4237.191968853427,4319.903359873785,4903.433837185333,4986.145228205691
5000,30,WR,92,4673.735980178657,4325.7456688283055,4402.606974534586,4944.864985822728,5021.726291529008
5000,30,WR,104,4826.4537806476465,4503.076404626537,4574.501402812275,5078.406158483018,5149.831156668756
5000,30,WR,116,5120.126249074187,4819.620940669093,4885.994140216107,5354.258357932268,5420.631557479282
5000,30,WR,128,5364.6896696238955,5085.438701732086,5147.11741321293,5582.261926034861,5643.940637515705
5000,30,WR,140,5580.304542966819,5320.804615685621,5378.120875911719,5782.488210021919,5839.804470248017
5000,30,WR,152,5820.530204975693,5579.384348643083,5632.646709056109,6008.413700895277,6061.676061308302
5000,30,WR,164,6025.076483583442,5800.986535975797,5850.481724223825,6199.671242943058,6249.166431191086
5000,30,WR,176,6402.83309495879,6194.5927119518,6240.587175638402,6565.0790142791775,6611.07347796578
5000,30,WR,188,6683.891284592353,6490.379445985839,6533.1207870513535,6834.661782133353,6877.403123198867
5000,30,WR,200,6773.824609649231,6593.999584348422,6633.717891992252,6913.931327306211,6953.64963495004
5000,31,WR,-28,2635.215035045525,1894.038616662796,2057.743712516016,3212.686357575034,3376.3914534282544
5000,31,WR,-16,2673.832725817003,1991.3568789586816,2142.096663922747,3205.5687877112587,3356.3085726753247
5000,31,WR,-4,2893.1850669701944,2264.7607648475655,2403.5620786291847,3382.808055311204,3521.6093690928237
5000,31,WR,8,3166.336471516842,2587.6828874170665,2715.491244646731,3617.1816983869526,3744.9900556166176
5000,31,WR,20,3574.3413172529667,3041.516638591393,3159.202675181149,3989.479959324784,4107.165995914541
5000,31,WR,32,3784.0942304873847,3293.4688131581092,3401.834215753043,4166.354245221727,4274.719647816661
5000,31,WR,44,3866.5695707988502,3414.8012321792116,3514.584195240225,4218.554946357476,4318.33790941849
5000,31,WR,56,4141.963059435089,3725.974315736985,3817.854569171861,4466.0715496983175,4557.951803133194
5000,31,WR,68,4467.733073144815,4084.6901743392946,4169.293614100208,4766.172532189421,4850.775971950335
5000,31,WR,80,4505.945732878173,4153.239360873834,4231.142312188721,4780.7491535676245,4858.652104882512
5000,31,WR,92,4549.900579946775,4225.128078470783,4296.861220764529,4802.939939129021,4874.673081422768
5000,31,WR,104,4804.615312089423,4505.564324274724,4571.616305167518,5037.614319011329,5103.666299904123
5000,31,WR,116,5015.078963729898,4739.712361263927,4800.5331252998785,5229.624802159917,5290.445566195868
5000,31,WR,128,5269.216763102285,5015.658765437512,5071.662619961966,5466.770906242604,5522.774760767058
5000,31,WR,140,5485.4040698769995,5251.927461722125,5303.495900179569,5667.31223957443,5718.880678031874
5000,31,WR,152,5705.194242404051,5490.208604374036,5537.6929058276155,5872.695578980486,5920.179880434065
5000,31,WR,164,5942.129284948035,5744.170158008295,5787.893780410372,6096.364789485699,6140.088411887776
5000,31,WR,176,6319.807174988666,6137.526084046797,6177.786867747904,6461.827482229428,6502.088265930534
5000,31,WR,188,6581.634871196607,6413.790139266789,6450.862335909236,6712.407406483977,6749.479603126424
5000,31,WR,200,6652.988611644249,6498.436901421382,6532.57304216844,6773.404181120059,6807.540321867117
5000,32,WR,-28,2636.554605728569,1875.2263592984727,2043.3824291172573,3229.726782339881,3397.882852158666
5000,32,WR,-16,2682.2711833919066,1987.6290267356696,2141.0560085158368,3223.4863582679764,3376.913340048144
5000,32,WR,-4,2901.5420012911063,2267.7447928865104,2407.732831064757,3395.351171517455,3535.3392096957027
5000,32,WR,8,3067.759628471863,2489.477863829105,2617.2040965627098,3518.315160381016,3646.0413931146218
5000,32,WR,20,3472.7947474832195,2945.165717398523,3061.7041808502217,3883.885314116217,4000.423777567916
5000,32,WR,32,3682.207002475606,3200.7939109935023,3307.12456902771,4057.2894359235006,4163.620093957708
5000,32,WR,44,3764.2986843723816,3325.0533599294463,3422.070340175407,4106.527028569356,4203.544008815317
5000,32,WR,56,4046.7921994696057,3646.0210581148185,3734.540169737189,4359.044229202022,4447.563340824392
5000,32,WR,68,4365.696850314619,4000.029835700715,4080.79542968487,4650.598270944367,4731.363864928523
5000,32,WR,80,4403.061224184853,4069.42347155644,4143.114699339248,4663.007749030458,4736.698976813266
5000,32,WR,92,4453.705439867773,4149.2914248053885,4216.527948093044,4690.882931642502,4758.119454930157
5000,32,WR,104,4742.0250584037285,4464.275009133095,4525.62220976085,4958.427907046607,5019.7751076743625
5000,32,WR,116,4921.63598125036,4668.214352050167,4724.188086603164,5119.083875897555,5175.0576104505535
5000,32,WR,128,5210.169319159792,4978.945146463756,5030.0160850634775,5390.322553256107,5441.39349185583
5000,32,WR,140,5387.35378020457,5176.382759043693,5222.980344159466,5551.727216249675,5598.3248013654475
5000,32,WR,152,5632.214015841795,5439.722147637749,5482.238205830843,5782.189825852747,5824.705884045841
5000,32,WR,164,5849.495043815112,5673.863718049365,5712.655755014123,5986.3343326161,6025.126369580858
5000,32,WR,176,6220.819455331406,6060.571838507391,6095.966045367975,6345.672865294837,6381.067072155422
5000,32,WR,188,6488.133137529644,6341.921754540665,6374.215750778794,6602.050524280494,6634.344520518624
5000,32,WR,200,6540.007855384951,6406.603258501074,6436.068594659217,6643.947116110685,6673.412452268827
5000,33,WR,-28,2578.111065654816,1793.99338789312,1967.1830043116745,3189.039126997958,3362.2287434165128
5000,33,WR,-16,2623.8276433181536,1914.9130139370975,2071.492384888763,3176.1629017475443,3332.74227269921
5000,33,WR,-4,2842.325026154287,2201.4008932741785,2342.963069303368,3341.686983005206,3483.249159034396
5000,33,WR,8,3006.2472206198618,2426.7927740757086,2554.778019371386,3457.7164218683374,3585.701667164015
5000,33,WR,20,3389.9757543336455,2866.095553747287,2981.8060058414444,3798.1455028258465,3913.855954920005
5000,33,WR,32,3593.8025420395325,3120.166545867278,3224.779461537344,3962.825622541721,4067.438538211787
5000,33,WR,44,3692.50745632261,3264.2968144395495,3358.8765426070977,4026.138370038122,4120.718098205671
5000,33,WR,56,3958.491587111344,3571.3496164761577,3656.858426308409,4260.124747914279,4345.633557746531
5000,33,WR,68,4275.490926395242,3925.478784738691,4002.786656088274,4548.1951967022105,4625.503068051794
5000,33,WR,80,4312.746286147281,3996.302900783322,4066.196374790713,4559.29619750385,4629.189671511241
5000,33,WR,92,4359.934727683754,4073.8405698132888,4137.030750147718,4582.83870521979,4646.02888555422
5000,33,WR,104,4738.02747450302,4479.371805733932,4536.501592919035,4939.553356087005,4996.683143272108
5000,33,WR,116,4897.205112739677,4663.356367677773,4715.007000747087,5079.4032247322675,5131.053857801581
5000,33,WR,128,5121.196596889761,4909.775604198136,4956.472575412475,5285.920618367048,5332.617589581387
5000,33,WR,140,5286.898081163288,5095.753853407373,5137.972255599459,5435.823906727118,5478.042308919204
5000,33,WR,152,5589.293960274769,5416.481807548901,5454.651168209781,5723.936752339758,5762.106113000637
5000,33,WR,164,5785.703558306387,5629.46530215373,5663.973953623268,5907.433162989506,5941.9418144590445
5000,33,WR,176,6137.139950469662,5995.88603564618,6027.085066122997,6247.194834816327,6278.393865293144
5000,33,WR,188,6385.860851888244,6258.154173773218,6286.360999386389,6485.360704390098,6513.56753000327
5000,33,WR,200,6439.536937275661,6324.078220277964,6349.5798145872395,6529.494059964083,6554.995654273359
5000,34,WR,-28,2499.473976086291,1690.7205933197072,1869.3515464419263,3129.5964057306555,3308.227358852875
5000,34,WR,-16,2535.606231230285,1811.0830185900752,1971.109888079468,3100.1025743811024,3260.1294438704954
5000,34,WR,-4,2761.5002238597613,2112.434776680244,2255.795140839412,3267.2053068801106,3410.565671039279
5000,34,WR,8,2925.349681556399,2343.8832264293255,2472.3128680249324,3378.3864950878665,3506.816136683474
5000,34,WR,20,3305.953377301051,2785.0455885677975,2900.0995181994763,3711.807236402626,3826.861166034305
5000,34,WR,32,3493.6356554584595,3026.979423999632,3130.050705285353,3857.220605631566,3960.2918869172872
5000,34,WR,44,3598.071545126341,3180.0166350938157,3272.353246757901,3923.7898434947806,4016.126455158866
5000,34,WR,56,3860.7866065284047,3486.2712455473215,3568.991191227315,4152.582021829494,4235.301967509488
5000,34,WR,68,4162.174911934841,3826.664503170733,3900.769348203889,4423.580475665793,4497.685320698948
5000,34,WR,80,4224.072178742323,3923.504400260292,3989.8913976962817,4458.252959788364,4524.639957224354
5000,34,WR,92,4270.469226691661,4001.204850385028,4060.6778037060726,4480.260649677249,4539.7336029982935
5000,34,WR,104,4642.768818093983,4401.547647188818,4454.826642479875,4830.710993708091,4883.989988999148
5000,34,WR,116,4811.104536096021,4595.005926597032,4642.736052251828,4979.473019940213,5027.203145595009
5000,34,WR,128,5034.991712369664,4841.399204916284,4884.158363468946,5185.825061270382,5228.584219823044
5000,34,WR,140,5185.171165232407,5011.740801715004,5050.046707811458,5320.295622653355,5358.601528749809
5000,34,WR,152,5502.897318753316,5347.52926071461,5381.845709812186,5623.948927694445,5658.265376792021
5000,34,WR,164,5688.52960553455,5549.342709239469,5580.085193261312,5796.974017807787,5827.716501829631
5000,34,WR,176,6045.678251985705,5920.987291361915,5948.52802951099,6142.828474460421,6170.369212609496
5000,34,WR,188,6275.195969341891,6163.491231057436,6188.163676691928,6362.228261991854,6386.900707626346
5000,34,WR,200,6333.521891752285,6233.4508955298115,6255.553773633345,6411.490009871225,6433.592887974759
5000,23,TE,-28,3994.6335665218,3198.49658412454,3374.3409280393457,4614.926205004254,4790.77054891906
5000,23,TE,-16,3999.9892143281713,3211.191781547745,3385.4150246777135,4614.563403978629,4788.786647108598
5000,23,TE,-4,4208.204336845625,3426.6788011654235,3599.295886055193,4817.112787636058,4989.729872525828
5000,23,TE,8,4554.713305712188,3780.3926385341297,3951.4183699222226,5158.008241502154,5329.033972890247
5000,23,TE,20,4940.787267459914,4173.605040016724,4343.0540901558525,5538.520444763975,5707.969494903104
5000,23,TE,32,5180.883580681651,4420.773954462058,4588.660865233926,5773.1062961293765,5940.993206901245
5000,23,TE,44,5405.336864517457,4652.234594954054,4818.573777054815,5992.099951980099,6158.43913408086
5000,23,TE,56,5619.789275112523,4873.62971332554,5038.435445880645,6201.143104344401,6365.948836899506
5000,23,TE,68,5981.583326101998,5242.302414151009,5405.588845763972,6557.577806440024,6720.864238052987
5000,23,TE,80,6055.5401635182225,5323.074427640398,5484.8555778862765,6626.2247491501685,6788.005899396047
5000,23,TE,92,6119.229826955376,5393.5163733394165,5553.806133698231,6684.653520212521,6844.943280571335
5000,23,TE,104,6271.097491829353,5552.074006402755,5710.886140306475,6831.308843352232,6990.120977255952
5000,23,TE,116,6363.066913648525,5650.671663500387,5808.019806018674,6918.114021278376,7075.462163796663
5000,23,TE,128,6507.484136245914,5801.65597057199,5957.553628203463,7057.414644288365,7213.312301919837
5000,23,TE,140,6755.324706130948,6056.003053894716,6210.4636050835525,7300.185807178343,7454.64635836718
5000,23,TE,152,7103.234655808705,6410.359518710393,6563.396215399278,7643.0730962181315,7796.109792907017
5000,23,TE,164,7312.331592363446,6625.843535099854,6777.46950488131,7847.193679845583,7998.819649627039
5000,23,TE,176,7711.3598958111515,7031.200035443037,7181.42828390787,8241.291507714435,8391.519756179268
5000,23,TE,188,7986.44065823905,7312.55065536557,7461.394068052187,8511.487248425914,8660.330661112532
5000,23,TE,200,8063.994769945806,7396.316821680211,7543.788165626099,8584.201374265513,8731.672718211401
5000,24,TE,-28,3894.840589264201,3130.1299255665604,3299.0330765515364,4490.648101976865,4659.551252961842
5000,24,TE,-16,3900.196237070578,3149.441058058252,3315.261833644571,4485.1306404965835,4650.951416082903
5000,24,TE,-4,4108.411359588034,3371.356996800272,3534.1516461126284,4682.67107306344,4845.465722375797
5000,24,TE,8,4382.244119828673,3658.640552605767,3818.464298199881,4946.023941457466,5105.847687051581
5000,24,TE,20,4766.020605017603,4055.6223571875616,4212.5294178691975,5319.5117921660085,5476.418852847644
5000,24,TE,32,4983.05537886212,4285.621432678361,4439.66504251208,5526.44571521216,5680.489325045879
5000,24,TE,44,5207.5086626979055,4522.802387404505,4674.034811491594,5740.982513904217,5892.214937991307
5000,24,TE,56,5407.66470024863,4735.4537790274335,4883.92632964125,5931.403070856009,6079.875621469827
5000,24,TE,68,5777.654451465713,5117.710803045537,5263.473856945831,6291.835045985594,6437.598099885888
5000,24,TE,80,5842.286805451697,5194.386505632348,5337.489521398409,6347.084089504984,6490.187105271046
5000,24,TE,92,5912.494127234464,5276.417334580312,5416.908869023177,6408.079385445751,6548.570919888616
5000,24,TE,104,6066.042270938,5441.573157466124,5579.500880937622,6552.583660938378,6690.511384409877
5000,24,TE,116,6151.136886909557,5538.063571381056,5673.474282507889,6628.799491311224,6764.210202438057
5000,24,TE,128,6292.849168728347,5690.963650229304,5823.903290583149,6761.795046873544,6894.73468722739
5000,24,TE,140,6584.905255894692,5994.003344504832,6124.517013915691,7045.293497873694,7175.8071672845535
5000,24,TE,152,6906.176292457275,6326.057537141919,6454.189509624766,7358.163075289784,7486.295047772632
5000,24,TE,164,7136.438489037006,6566.9061046684155,6692.699844542136,7580.177133531875,7705.970873405597
5000,24,TE,176,7519.289186520188,6960.149982024774,7083.648159782432,7954.930213257944,8078.428391015603
5000,24,TE,188,7786.961334110822,7238.025643733005,7359.270151223731,8214.652516997912,8335.897024488637
5000,24,TE,200,7876.373676685137,7337.455294642811,7456.487259504575,8296.2600938657,8415.292058727464
5000,25,TE,-28,3320.8665721911507,2580.2696106887574,2743.8467207591257,3897.886423623176,4061.463533693544
5000,25,TE,-16,3326.3976014331943,2605.9430045687704,2765.071230875453,3887.723971990936,4046.852198297619
5000,25,TE,-4,3534.6127239506422,2833.752680514271,2988.5530191985445,4080.67242870274,4235.472767387014
5000,25,TE,8,3808.806605481954,3127.0082036513613,3277.598359997396,4340.014850966512,4490.605007312548
5000,25,TE,20,4192.5830906708925,3529.3278939787215,3675.822376070528,4709.343805271257,4855.8382873630635
5000,25,TE,32,4421.920658800536,3776.7043102123057,3919.2145163818145,4924.626801219258,5067.137007388767
5000,25,TE,44,4628.1876910745405,4000.5195407987794,4139.153841832151,5117.22154031693,5255.8558413503015
5000,25,TE,56,4832.564477063058,4221.967216463832,4356.831036459915,5308.297917666201,5443.161737662284
5000,25,TE,68,5214.000393884988,4620.009692595628,4751.2055891173695,5676.795198652606,5807.991095174348
5000,25,TE,80,5271.905261544467,4694.069413507691,4821.697155761952,5722.113367326982,5849.741109581243
5000,25,TE,92,5336.545764281792,4774.425346391867,4898.581990625796,5774.509537937788,5898.666182171717
5000,25,TE,104,5491.2345552151355,4944.402098545563,5065.182060663189,5917.287049767082,6038.067011884709
5000,25,TE,116,5560.15788176739,5028.197552735221,5145.692678719319,5974.623084815461,6092.11821079956
5000,25,TE,128,5812.248067981474,5294.755356458542,5409.054991258119,6215.44114470483,6329.740779504407
5000,25,TE,140,6096.402179636992,5592.98359100083,5704.174646548444,6488.629712725539,6599.820768273154
5000,25,TE,152,6371.180074392902,5881.452826736827,5989.619848826394,6752.740299959409,6860.907322048976
5000,25,TE,164,6598.308642987544,6121.900370980437,6227.125604676307,6969.49168129878,7074.71691499465
5000,25,TE,176,6953.087572675327,6489.636039862793,6591.9994930443545,7314.175652306299,7416.53910548786
5000,25,TE,188,7195.159068776804,6744.311889870482,6843.891394570673,7546.426742982935,7646.006247683125
5000,25,TE,200,7346.877436270316,6908.291808920473,7005.163080569695,7688.591791970937,7785.463063620159
5000,26,TE,-28,3209.679988513393,2485.272814429169,2645.274054254073,3774.085922772713,3934.087162597617
5000,26,TE,-16,3224.335336071475,2526.0531966987883,2680.2841486333227,3768.3865235096273,3922.617475444162
5000,26,TE,-4,3433.077646700302,2759.9783784039805,2908.6471399865727,3957.5081534140313,4106.176914996624
5000,26,TE,8,3690.8980160254946,3042.073433745977,3185.380597600111,4196.415434450878,4339.722598305012
5000,26,TE,20,4073.55869109337,3448.1333436339414,3586.2722723903194,4560.84510979642,4698.984038552799
5000,26,TE,32,4276.087572648993,3673.2175608315224,3806.374648164336,4745.80049713365,4878.957584466464
5000,26,TE,44,4482.354604923004,3901.2264552704514,4029.5813746693448,4935.127835176664,5063.482754575558
5000,26,TE,56,4691.012794711987,4130.842368544442,4254.56831426462,5127.457275159354,5251.183220879532
5000,26,TE,68,5054.701013473199,4514.732448601209,4633.996369413715,5475.405657532683,5594.66957834519
5000,26,TE,80,5117.050629670159,4596.555319919215,4711.518144505372,5522.583114834945,5637.545939421103
5000,26,TE,92,5161.158680203765,4659.434294889571,4770.251148411407,5552.066211996123,5662.883065517959
5000,26,TE,104,5333.954871210197,4850.324412952896,4957.144825155574,5710.76491726482,5817.585329467499
5000,26,TE,116,5386.307691890744,4920.118588957825,5023.0866946456545,5749.528689135833,5852.496794823663
5000,26,TE,128,5687.004573831659,5237.627802454929,5336.882535346945,6037.126612316374,6136.38134520839
5000,26,TE,140,5941.881468516733,5508.710702501316,5604.38598305881,6279.376953974655,6375.052234532151
5000,26,TE,152,6238.6824241087925,5821.1332125553845,5913.358129600019,6564.006718617566,6656.231635662201
5000,26,TE,164,6439.456208673231,6036.96518253686,6125.864168499594,6753.048248846869,6841.947234809602
5000,26,TE,176,6784.587139129494,6396.611247211053,6482.304246880194,7086.870031378794,7172.563031047936
5000,26,TE,188,7085.4534209148405,6711.469195809689,6794.071828462279,7376.835013367402,7459.437646019993
5000,26,TE,200,7193.582875218049,6833.085727174747,6912.70944254337,7474.456307892728,7554.08002326135
5000,27,TE,-28,3106.701303305484,2390.609350373029,2548.7739909188276,3664.628615692141,3822.79325623794
5000,27,TE,-16,3121.1987057521096,2437.2233012941315,2588.294296499782,3654.1031150044378,3805.174110210088
5000,27,TE,-4,3330.1170869751227,2676.817821841918,2821.113317714324,3839.1208562359216,3983.4163521083274
5000,27,TE,8,3587.8285694044444,2963.82963688617,3101.6535105640587,4074.00362824483,4211.8275019227185
5000,27,TE,20,4004.944323112623,3408.9316015156564,3540.5741056466854,4469.31454057856,4600.95704470959
5000,27,TE,32,4162.852509174332,3593.5707948571007,3719.309168742688,4606.395849605977,4732.134223491564
5000,27,TE,44,4338.195982469476,3794.446359850637,3914.545410337432,4761.8465546015195,4881.945605088315
5000,27,TE,56,4580.833475592619,4061.4707986291937,4176.1834563799675,4985.48349480527,5100.196152556045
5000,27,TE,68,4913.507182138238,4417.437662112665,4527.0055143965365,5300.00884987994,5409.576702163811
5000,27,TE,80,4969.60622108907,4495.785122882445,4600.438922403545,5338.773519774594,5443.427319295694
5000,27,TE,92,5012.6962129809635,4560.125657925567,4660.0858081113365,5365.306617850591,5465.266768036361
5000,27,TE,104,5178.61759813978,4746.3444680619805,4841.8214860013395,5515.413710278221,5610.8907282175805
5000,27,TE,116,5241.509104028925,4828.623039180694,4919.817997824853,5563.200210232998,5654.395168877157
5000,27,TE,128,5622.570455671071,5228.201938750882,5315.30689009942,5929.834021242721,6016.93897259126
5000,27,TE,140,5833.186224381975,5456.504746685478,5539.703126832261,6126.669321931689,6209.867702078473
5000,27,TE,152,6126.57193052978,5766.784238403469,5846.251254845879,6406.892606213681,6486.35962265609
5000,27,TE,164,6295.546721725397,5951.895141530555,6027.798143138003,6563.295300312791,6639.19830192024
5000,27,TE,176,6625.140146415951,6296.900985954519,6369.399816048667,6880.880476783234,6953.379306877383
5000,27,TE,188,6959.05784118056,6645.539864987242,6714.7871981072385,7203.3284842538815,7272.575817373878
5000,27,TE,200,7067.867754647073,6768.410728663648,6834.552392006777,7301.183117287368,7367.324780630498
5000,28,TE,-28,2986.0881225477133,2270.8116446688473,2428.7961696328457,3543.380075462581,3701.36460042658
5000,28,TE,-16,3011.7212133093226,2334.7516623427764,2484.275260884281,3539.167165734364,3688.690764275869
5000,28,TE,-4,3208.224549651401,2567.5103926086913,2709.0261908609637,3707.4229084418384,3848.938706694111
5000,28,TE,8,3466.3293124830493,2859.9288876064434,2993.86574422753,3938.792880738569,4072.729737359656
5000,28,TE,20,3882.2918751481025,3308.367486756735,3435.131297212444,4329.452453083761,4456.216263539471
5000,28,TE,32,4040.510104734702,3497.3224558454453,3617.297382087342,4463.722827382062,4583.697753623959
5000,28,TE,44,4214.928457961279,3700.8313939337695,3814.381025380656,4615.475890541901,4729.025521988788
5000,28,TE,56,4457.667510946326,3971.103036772744,4078.5714908516848,4836.763531040967,4944.231985119908
5000,28,TE,68,4786.199881470128,4325.693439456314,4427.406404630508,5144.993358309748,5246.706323483943
5000,28,TE,80,4846.534752369646,4410.690753674782,4506.956476401203,5186.11302833809,5282.378751064511
5000,28,TE,92,4889.270087850696,4476.76768664146,4567.877904741749,5210.662270959642,5301.772489059931
5000,28,TE,104,5036.725056546475,4646.314152748813,4732.544978289374,5340.9051348035755,5427.135960344136
5000,28,TE,116,5202.214860945936,4832.712316030382,4914.325071149331,5490.104650742542,5571.717405861491
5000,28,TE,128,5498.6657311709,5148.951782319023,5226.193791236314,5771.137671105485,5848.3796800227765
5000,28,TE,140,5737.357116838654,5406.37198000237,5479.477319308775,5995.236914368534,6068.342253674939
5000,28,TE,152,6004.045901548807,5690.78655518884,5759.97676422797,6248.115038869643,6317.305247908775
5000,28,TE,164,6160.007764478741,5863.524905983738,5929.0096590937565,6391.005869863725,6456.4906229737435
5000,28,TE,176,6552.287917098494,6271.683083913167,6333.660826288883,6770.9150079081055,6832.892750283821
5000,28,TE,188,6838.246788641246,6572.669635283686,6631.328184407107,7045.165392875385,7103.823941998806
5000,28,TE,200,6940.857184416136,6689.502905914671,6745.020020645581,7136.694348186691,7192.211462917601
5000,29,TE,-28,2846.8821452554566,2125.5808337923554,2284.8960756207125,3408.8682148902008,3568.1834567185583
5000,29,TE,-16,2883.940585586932,2207.4910326949557,2356.899778237189,3410.9813929366755,3560.3901384789087
5000,29,TE,-4,3081.333699068765,2446.9469555830883,2587.0652055362425,3575.6021926012872,3715.7204425544414
5000,29,TE,8,3332.515786530859,2737.576325598451,2868.981776531876,3796.049796529842,3927.4552474632665
5000,29,TE,20,3741.037266365315,3183.092177628769,3306.3266086860244,4175.747924044607,4298.982355101863
5000,29,TE,32,3875.97943789182,3352.728317332446,3468.2998232815794,4283.65905250206,4399.230558451194
5000,29,TE,44,4057.735576343594,3567.021057632524,3675.406140225209,4440.065012461979,4548.450095054664
5000,29,TE,56,4293.025186591289,3832.824051877224,3934.4695832265816,4651.580789955996,4753.226321305355
5000,29,TE,68,4625.085467554431,4193.500304819441,4288.8253700563055,4961.345565052556,5056.67063028942
5000,29,TE,80,4661.6943233467855,4256.945704135891,4346.343329129085,4977.045317564486,5066.44294255768
5000,29,TE,92,4726.693857235304,4347.113004071575,4430.951774990387,5022.43593948022,5106.274710399033
5000,29,TE,104,4856.369282396536,4500.391193975434,4579.016775741488,5133.721789051583,5212.347370817637
5000,29,TE,116,5154.369525318767,4820.526527011406,4894.263087811714,5414.47596282582,5488.212523626128
5000,29,TE,128,5335.522614852552,5022.438305848537,5091.589854041987,5579.455375663117,5648.606923856566
5000,29,TE,140,5591.8391558039375,5298.222730135698,5363.074368579595,5820.60394302828,5885.455581472177
5000,29,TE,152,5839.014747733787,5563.655667901034,5624.474770398164,6053.55472506941,6114.373827566541
5000,29,TE,164,5982.804033932187,5724.567036735645,5781.60435110562,6184.003716758754,6241.041031128729
5000,29,TE,176,6407.0214451537595,6164.841859769313,6218.332541954754,6595.710348352765,6649.201030538206
5000,29,TE,188,6692.221449507458,6465.100807942042,6515.265391535839,6869.177507479077,6919.342091072874
5000,29,TE,200,6779.608862082419,6566.610782825327,6613.656088256683,6945.561635908156,6992.606941339513
5000,30,TE,-28,2734.2091571340325,2000.9858845831352,2162.934353446555,3305.4839608215098,3467.43242968493
5000,30,TE,-16,2771.2675974655085,2089.9047743967817,2240.3987236034714,3302.1364713275457,3452.630420534236
5000,30,TE,-4,2968.3773272233616,2335.206905367095,2475.056503965467,3461.698150481256,3601.547749079629
5000,30,TE,8,3219.3535160041465,2630.96688675959,2760.925000847206,3677.782031161087,3807.740145248703
5000,30,TE,20,3612.0294487992383,3065.259069716909,3186.025320635531,4038.0335769629464,4158.7998278815685
5000,30,TE,32,3745.2861960107766,3237.1885430942903,3349.413072788566,4141.159319232987,4253.383848927264
5000,30,TE,44,3926.819579334488,3454.6593178990893,3558.946285130216,4294.69287353876,4398.979840769887
5000,30,TE,56,4162.109189582195,3723.344453782432,3820.2552854678815,4503.963093696508,4600.873925381958
5000,30,TE,68,4499.433801046962,4091.7025087884417,4181.758922654365,4817.108679439559,4907.1650933054825
5000,30,TE,80,4532.7919491156645,4153.899087163508,4237.585900107884,4827.997998123445,4911.684811067822
5000,30,TE,92,4592.51660422367,4240.422415827483,4318.190152942663,4866.843055504676,4944.6107926198565
5000,30,TE,104,4733.581929216206,4406.390938426783,4478.658257220288,4988.505601212124,5060.772920005629
5000,30,TE,116,5028.73900414237,4724.689813056951,4791.845756954008,5265.632251330731,5332.7881952277885
5000,30,TE,128,5269.099282349155,4986.555085882356,5048.96117924714,5489.237385451171,5551.643478815954
5000,30,TE,140,5478.973133952517,5216.41290366796,5274.405099048064,5683.54116885697,5741.533364237074
5000,30,TE,152,5706.607682828507,5462.617974491335,5516.508462099793,5896.70690355722,5950.597391165678
5000,30,TE,164,5910.02882866402,5683.296170721651,5733.375059608188,6086.682597719851,6136.761486606389
5000,30,TE,176,6286.354476067656,6075.658297884869,6122.195177890554,6450.513774244758,6497.050654250443
5000,30,TE,188,6565.167526194652,6369.37358729209,6412.6189803463685,6717.716072042936,6760.961465097214
5000,30,TE,200,6657.979850351255,6476.034134417609,6516.220843179867,6799.738857522642,6839.925566284901
5000,31,TE,-28,2634.2832575286234,1884.3660874895843,2050.001770382861,3218.5647446743856,3384.2004275676627
5000,31,TE,-16,2671.3416978601063,1980.8173597912375,2133.334830866758,3209.3485648534547,3361.866035928975
5000,31,TE,-4,2868.2028916059917,2232.3675323808857,2372.8057409465864,3363.600042265397,3504.0382508310977
5000,31,TE,8,3119.179080386771,2533.701389167282,2663.017000381879,3575.3411603916634,3704.656771606261
5000,31,TE,20,3509.2005581472367,2970.092236243618,3089.1661534967807,3929.234962797693,4048.308880050856
5000,31,TE,32,3717.608524530945,3221.1971231595626,3330.840487449884,4104.376561612005,4214.0199259023275
5000,31,TE,44,3800.88967421805,3343.7935961343383,3444.753307507919,4157.026040928181,4257.985752301763
5000,31,TE,56,4066.374280822158,3645.479749230235,3738.4435537029944,4394.3050079413215,4487.268812414081
5000,31,TE,68,4391.434676163356,4003.874522397839,4089.475697162024,4693.393655164688,4778.9948299288735
5000,31,TE,80,4428.411645315834,4071.545779392335,4150.367446324514,4706.455844307154,4785.277511239333
5000,31,TE,92,4468.716967232724,4140.114398164465,4212.69349503362,4724.740439431827,4797.319536300983
5000,31,TE,104,4712.980944504163,4410.40322492597,4477.234162012016,4948.72772699631,5015.558664082356
5000,31,TE,116,4924.759455046149,4646.145432631432,4707.683460709789,5141.835449382509,5203.3734774608665
5000,31,TE,128,5175.230968191845,4918.682741165897,4975.347053540942,5375.114882842748,5431.779195217794
5000,31,TE,140,5383.992811369699,5147.762795255769,5199.939384354114,5568.046238385284,5620.222827483629
5000,31,TE,152,5592.9212546812205,5375.400274153675,5423.444561700018,5762.397947662423,5810.442235208766
5000,31,TE,164,5828.360843725361,5628.067169269314,5672.306427781029,5984.415259669692,6028.654518181407
5000,31,TE,176,6204.588252361101,6020.157506211582,6060.8930884938245,6348.283416228377,6389.01899851062
5000,31,TE,188,6467.686385777455,6297.862247754525,6335.371639720742,6600.0011318341685,6637.510523800385
5000,31,TE,200,6538.6096969918635,6382.235346323872,6416.774057257157,6660.44533672657,6694.984047659855
5000,32,TE,-28,2633.6223805821796,1863.3157304064543,2033.4548779505049,3233.7898832138544,3403.929030757906
5000,32,TE,-16,2678.14474695493,1975.310620842103,2130.5469790566203,3225.7425148532384,3380.9788730677565
5000,32,TE,-4,2874.9244174468176,2233.6527888343917,2375.291716930642,3374.5571179629933,3516.196046059244
5000,32,TE,8,3018.966828861723,2433.8653419952816,2563.097860213193,3474.835797510253,3604.0683157281646
5000,32,TE,20,3406.018579897404,2872.1671792619914,2990.079989957039,3821.957169837769,3939.869980532817
5000,32,TE,32,3614.085888039096,3126.9954541964207,3234.5800780237614,3993.59169805443,4101.1763218817705
5000,32,TE,44,3696.983379311508,3252.558000293269,3350.7191093994347,4043.2476492235814,4141.408758329748
5000,32,TE,56,3969.568012376605,3564.0705455064412,3653.6335699575775,4285.502454795633,4375.065479246769
5000,32,TE,68,4288.954209138105,3918.9748547298263,4000.692923700882,4577.215494575329,4658.933563546385
5000,32,TE,80,4323.891728142456,3986.319359319348,4060.8796335333736,4586.9038227515375,4661.464096965563
5000,32,TE,92,4360.886792789434,4052.88279936243,4120.912248244741,4600.861337334128,4668.890786216439
5000,32,TE,104,4647.80747369628,4366.781896301722,4428.852569279915,4866.762378112645,4928.833051090838
5000,32,TE,116,4828.391279249209,4571.981028891843,4628.614866088246,5028.167692410172,5084.801529606576
5000,32,TE,128,5112.873961146285,4878.922943639291,4930.596165825056,5295.151756467514,5346.824978653281
5000,32,TE,140,5284.273354278403,5070.8143353117275,5117.961449404919,5450.585259151886,5497.732373245078
5000,32,TE,152,5518.294888322768,5323.532948413659,5366.550401816927,5670.03937482861,5713.056828231877
5000,32,TE,164,5733.778536284513,5556.075976513594,5595.325491013985,5872.231581555042,5911.481096055433
5000,32,TE,176,6103.728646981035,5941.591217438436,5977.402830957634,6230.054463004436,6265.866076523635
5000,32,TE,188,6372.242717752665,6224.307052452032,6256.981894321656,6487.503541183674,6520.178383053299
5000,32,TE,200,6423.414200213864,6288.43635245172,6318.24917563109,6528.579224796638,6558.392047976008
5000,33,TE,-28,2573.2324955662066,1779.8676565070796,1955.0997116608935,3191.365279471519,3366.597334625334
5000,33,TE,-16,2617.754861938958,1900.4799467106195,2058.905870469477,3176.603853408439,3335.0297771672967
5000,33,TE,-4,2813.7610973677806,2165.2784959003084,2308.510125778688,3319.0120689568735,3462.2436988352533
5000,33,TE,8,2955.5080760675014,2369.2200777699904,2498.714663105442,3412.301489029561,3541.796074365013
5000,33,TE,20,3321.253241805621,2791.1948809089617,2908.2699154435604,3734.236568167682,3851.311602702281
5000,33,TE,32,3523.7350826608067,3044.5134600231763,3150.3600840158983,3897.110081305715,4002.956705298437
5000,33,TE,44,3622.7172742623234,3189.456710681193,3285.151825003953,3960.2827235206937,4055.977837843454
5000,33,TE,56,3879.321055076121,3487.6134888052284,3574.1307107410394,4184.511399411203,4271.0286213470135
5000,33,TE,68,4196.855596116934,3842.715733811109,3920.935302953262,4472.775889280606,4550.995458422759
5000,33,TE,80,4231.470010423275,3911.2947833868784,3982.012516617234,4480.927504229317,4551.645237459672
5000,33,TE,92,4265.781369729355,3976.31328100755,4040.248668096702,4491.314071362008,4555.2494584511605
5000,33,TE,104,4642.717349223157,4381.011333857586,4438.814857105491,4846.619841340823,4904.423364588728
5000,33,TE,116,4802.215622553177,4565.609080892475,4617.868833930196,4986.562411176158,5038.82216421388
5000,33,TE,128,5023.194217819448,4809.2799207724565,4856.527593032273,5189.860842606622,5237.108514866439
5000,33,TE,140,5183.197649799293,4989.799243167858,5032.515530289544,5333.879769309042,5376.596056430728
5000,33,TE,152,5475.955864818008,5301.105724815824,5339.725219741829,5612.186509894187,5650.806004820192
5000,33,TE,164,5669.2768200746395,5511.196033908378,5546.111648612322,5792.441991536957,5827.357606240901
5000,33,TE,176,6022.854488133132,5879.934754809045,5911.50171790022,6134.207258366044,6165.774221457218
5000,33,TE,188,6269.466349792163,6140.2536168019815,6168.793087722778,6370.139611861548,6398.679082782344
5000,33,TE,200,6322.188599787628,6205.368269081234,6231.170605693109,6413.206593882147,6439.008930494022
5000,34,TE,-28,2483.912252267451,1665.6211774013425,1846.358739369507,3121.465765165395,3302.20332713356
5000,34,TE,-16,2518.857207717613,1785.7896359830618,1947.7037149004009,3090.0107005348254,3251.9247794521652
5000,34,TE,-4,2722.2531413430265,2065.5332144178265,2210.5842385998917,3233.9220440861613,3378.9730682682266
5000,34,TE,8,2863.4085252476666,2275.0847905921496,2405.0290130279645,3321.7880374673687,3451.732259903184
5000,34,TE,20,3226.54771104279,2699.4968158854413,2815.907585536649,3637.187836548931,3753.5986062001393
5000,34,TE,32,3413.327503856898,2941.167958845608,3045.4547678387303,3781.200239875066,3885.487048868188
5000,34,TE,44,3517.528185207567,3094.543120819526,3187.9686653898984,3847.087705025235,3940.513249595608
5000,34,TE,56,3769.912260752468,3390.9802107340406,3474.675679223826,4065.1488422811094,4148.844310770895
5000,34,TE,68,4073.3684319477,3733.9013226081574,3808.880091893217,4337.856772002184,4412.835541287243
5000,34,TE,80,4131.894750642415,3827.78235276554,3894.952257271161,4368.837244013668,4436.007148519289
5000,34,TE,92,4164.820429564743,3892.3805973412545,3952.554919867192,4377.085939262293,4437.260261788231
5000,34,TE,104,4537.259548286025,4293.1936371856355,4347.100955848546,4727.418140723505,4781.325459386415
5000,34,TE,116,4705.685210150897,4487.038132794518,4535.331143566171,4876.0392767356225,4924.332287507275
5000,34,TE,128,4924.8750556834175,4728.9994965999485,4772.262917264398,5077.487194102437,5120.750614766886
5000,34,TE,140,5070.885626710018,4895.409985307929,4934.167635960544,5207.603617459492,5246.361268112108
5000,34,TE,152,5377.944966246285,5220.744640508611,5255.465786182939,5500.4241463096305,5535.1452919839585
5000,34,TE,164,5561.006069459099,5420.177731175102,5451.282763723138,5670.729375195061,5701.834407743097
5000,34,TE,176,5920.225943170435,5794.064492264483,5821.930020499456,6018.521865841414,6046.387394076387
5000,34,TE,188,6147.3618146061845,6034.339733578543,6059.303143300257,6235.420485912112,6260.383895633826
5000,34,TE,200,6204.228062240315,6102.9769209076,6125.340459986849,6283.115664493781,6305.47920357303
