roster_id,name,player_id,position,week,sleeper_points,value_added,type,years_exp,season,projection,display_name
9,Jared Goff,3163,QB,1,12.38,4.273470588235295,starter,NA,2024,17.4,Arvs
9,Christian McCaffrey,4034,RB,1,0,-11.637558823529412,starter,NA,2024,21.5,Arvs
9,Jonathan Taylor,6813,RB,1,10.8,-0.8375588235294114,starter,NA,2024,15.6,Arvs
9,Cooper Kupp,4039,WR,1,32,20.36244117647059,starter,NA,2024,16.4,Arvs
9,Terry McLaurin,5927,WR,1,3.7,-7.937558823529412,starter,NA,2024,15.1,Arvs
9,Travis Kelce,1466,TE,1,6.4,0.3303921568627466,starter,NA,2024,16.5,Arvs
9,Christian Kirk,4950,WR,1,4,-7.637558823529412,starter,NA,2024,14.7,Arvs
9,James Conner,4137,RB,1,19.3,7.662441176470589,starter,NA,2024,14.7,Arvs
9,Harrison Butker,4227,K,1,9,0.7642156862745111,starter,NA,2024,31,Arvs
7,Patrick Mahomes,4046,QB,1,16.14,4.5024411764705885,starter,NA,2024,22.9,ElatedBroncosFan
7,Bijan Robinson,9509,RB,1,16.1,7.013676470588237,starter,NA,2024,17.1,ElatedBroncosFan
7,Jerome Ford,8143,RB,1,18.9,9.813676470588234,starter,NA,2024,14.1,ElatedBroncosFan
7,Nico Collins,7569,WR,1,17.7,7.652549019607843,starter,NA,2024,15.5,ElatedBroncosFan
7,Puka Nacua,9493,WR,1,8.2,-1.847450980392157,starter,NA,2024,17.5,ElatedBroncosFan
7,Dalton Kincaid,10236,TE,1,2.1,-3.9696078431372537,starter,NA,2024,12.3,ElatedBroncosFan
7,Zay Flowers,9997,WR,1,11.1,1.0525490196078433,starter,NA,2024,15.7,ElatedBroncosFan
7,Derek Carr,2028,QB,1,21.3,9.662441176470589,starter,NA,2024,15.1,ElatedBroncosFan
7,Evan McPherson,7839,K,1,6,-2.235784313725489,starter,NA,2024,26,ElatedBroncosFan
7,New Orleans Saints,NO,DST,1,15,8.084803921568628,starter,NA,2024,28,ElatedBroncosFan
10,C.J. Stroud,9758,QB,1,18.66,7.022441176470588,starter,NA,2024,19.5,Gretsch0401
10,Isiah Pacheco,8205,RB,1,15.8,6.713676470588236,starter,NA,2024,15.9,Gretsch0401
10,Brian Robinson Jr.,8154,RB,1,17.9,8.813676470588234,starter,NA,2024,12.6,Gretsch0401
10,Tyreek Hill,3321,WR,1,26,15.952549019607844,starter,NA,2024,21.6,Gretsch0401
10,Davante Adams,2133,WR,1,10.9,0.852549019607844,starter,NA,2024,18.7,Gretsch0401
10,George Kittle,4217,TE,1,8,1.9303921568627465,starter,NA,2024,12.9,Gretsch0401
10,DeAndre Hopkins,1426,WR,1,1.8,-8.247450980392156,starter,NA,2024,13.7,Gretsch0401
10,Justin Fields,7591,QB,1,11.94,0.30244117647058744,starter,NA,2024,19.3,Gretsch0401
10,Brandon Aubrey,11533,K,1,21,12.764215686274513,starter,NA,2024,27,Gretsch0401
2,Brock Purdy,8183,QB,1,10.34,2.233470588235294,starter,NA,2024,17.3,SFOControl
2,De'Von Achane,9226,RB,1,23,13.913676470588236,starter,NA,2024,17,SFOControl
2,Austin Ekeler,4663,RB,1,10.2,1.113676470588235,starter,NA,2024,9.6,SFOControl
2,CeeDee Lamb,6786,WR,1,13.6,1.9624411764705876,starter,NA,2024,19.6,SFOControl
2,Brandon Aiyuk,6803,WR,1,4.8,-6.837558823529412,starter,NA,2024,14,SFOControl
2,Jake Ferguson,8110,TE,1,4.5,-1.5696078431372538,starter,NA,2024,13.1,SFOControl
2,Deebo Samuel Sr.,5872,WR,1,18.7,7.062441176470587,starter,NA,2024,17.3,SFOControl
2,Mike Evans,2216,WR,1,23.1,11.46244117647059,starter,NA,2024,15.7,SFOControl
2,Younghoe Koo,4666,K,1,4,-4.235784313725489,starter,NA,2024,18,SFOControl
12,Jordan Love,6804,QB,1,17.4,5.7624411764705865,starter,NA,2024,18.4,TheJandyStock
12,Saquon Barkley,4866,RB,1,33.2,23.152549019607847,starter,NA,2024,14.8,TheJandyStock
12,Josh Jacobs,5850,RB,1,12.4,2.352549019607844,starter,NA,2024,15.4,TheJandyStock
12,Rashee Rice,10229,WR,1,17.3,6.284264705882354,starter,NA,2024,18.3,TheJandyStock
12,Calvin Ridley,4981,WR,1,8,-3.015735294117647,starter,NA,2024,14.7,TheJandyStock
12,Sam LaPorta,10859,TE,1,8.5,2.4303921568627462,starter,NA,2024,14.1,TheJandyStock
12,Derrick Henry,3198,RB,1,10.6,0.5525490196078433,starter,NA,2024,14.3,TheJandyStock
12,Baker Mayfield,4892,QB,1,29.66,18.022441176470583,starter,NA,2024,16.5,TheJandyStock
12,Chris Boswell,1945,K,1,26,17.76421568627451,starter,NA,2024,6,TheJandyStock
12,Chicago Bears,CHI,DST,1,25,18.08480392156863,starter,NA,2024,27,TheJandyStock
11,Lamar Jackson,4881,QB,1,25.12,13.482441176470587,starter,NA,2024,23.4,akondratieff
11,Breece Hall,8155,RB,1,18.3,9.213676470588236,starter,NA,2024,19.8,akondratieff
11,Najee Harris,7528,RB,1,8.9,-0.186323529411764,starter,NA,2024,14.3,akondratieff
11,Jaylen Waddle,7526,WR,1,16.2,6.152549019607843,starter,NA,2024,16,akondratieff
11,Michael Pittman Jr.,6819,WR,1,7.1,-2.9474509803921567,starter,NA,2024,15.8,akondratieff
11,Kyle Pitts,7553,TE,1,11.6,5.530392156862746,starter,NA,2024,13.6,akondratieff
11,DK Metcalf,5846,WR,1,5.9,-4.147450980392156,starter,NA,2024,16.1,akondratieff
11,Deshaun Watson,4017,QB,1,12.66,1.022441176470588,starter,NA,2024,18.5,akondratieff
11,Tyler Bass,7042,K,1,10,1.764215686274511,starter,NA,2024,19,akondratieff
11,Tampa Bay Buccaneers,TB,DST,1,5,-1.9151960784313715,starter,NA,2024,29,akondratieff
4,Joe Burrow,6770,QB,1,8.06,-3.5775588235294116,starter,NA,2024,19,caskinner
4,James Cook,8138,RB,1,13.3,4.213676470588236,starter,NA,2024,15.6,caskinner
4,Jaylen Warren,8228,RB,1,4,-5.086323529411764,starter,NA,2024,12,caskinner
4,Amon-Ra St. Brown,7547,WR,1,4.3,-5.7474509803921565,starter,NA,2024,18.7,caskinner
4,Chris Olave,8144,WR,1,3.1,-6.947450980392157,starter,NA,2024,17.5,caskinner
4,Trey McBride,8130,TE,1,8,1.9303921568627465,starter,NA,2024,14.8,caskinner
4,Amari Cooper,2309,WR,1,3.6,-6.447450980392157,starter,NA,2024,14.7,caskinner
4,Matthew Stafford,421,QB,1,15.68,4.042441176470588,starter,NA,2024,17.3,caskinner
4,Ka'imi Fairbairn,3451,K,1,17,8.764215686274511,starter,NA,2024,25,caskinner
4,Seattle Seahawks,SEA,DST,1,11,4.0848039215686285,starter,NA,2024,30,caskinner
1,Justin Herbert,6797,QB,1,10.36,-1.2775588235294126,starter,NA,2024,16.9,joeburrowmvp
1,Alvin Kamara,4035,RB,1,22,11.952549019607844,starter,NA,2024,16.8,joeburrowmvp
1,David Montgomery,5892,RB,1,16.3,6.252549019607844,starter,NA,2024,13.8,joeburrowmvp
1,Marvin Harrison Jr.,11628,WR,1,1.4,-9.615735294117648,starter,NA,2024,16.9,joeburrowmvp
1,Keenan Allen,1479,WR,1,6.9,-4.115735294117647,starter,NA,2024,11,joeburrowmvp
1,Mark Andrews,5012,TE,1,3.4,-2.669607843137254,starter,NA,2024,15,joeburrowmvp
1,Zack Moss,6845,RB,1,14.1,4.052549019607843,starter,NA,2024,12.8,joeburrowmvp
1,Kyler Murray,5849,QB,1,14.18,2.5424411764705876,starter,NA,2024,21.7,joeburrowmvp
1,Justin Tucker,1264,K,1,7,-1.235784313725489,starter,NA,2024,32,joeburrowmvp
1,New York Jets,NYJ,DST,1,2,-4.9151960784313715,starter,NA,2024,19,joeburrowmvp
6,Josh Allen,4984,QB,1,31.18,19.54244117647059,starter,NA,2024,24.1,jzeigboi
6,Jahmyr Gibbs,9221,RB,1,17.4,8.313676470588234,starter,NA,2024,16.2,jzeigboi
6,D'Andre Swift,6790,RB,1,5,-4.086323529411764,starter,NA,2024,12.8,jzeigboi
6,A.J. Brown,5859,WR,1,22.9,12.852549019607842,starter,NA,2024,17.5,jzeigboi
6,Tank Dell,9502,WR,1,8.9,-1.147450980392156,starter,NA,2024,14,jzeigboi
6,Dallas Goedert,5022,TE,1,7.1,1.030392156862746,starter,NA,2024,11.6,jzeigboi
6,DeVonta Smith,7525,WR,1,15.4,5.352549019607844,starter,NA,2024,15.4,jzeigboi
6,Kirk Cousins,1166,QB,1,8.2,-3.4375588235294128,starter,NA,2024,16.8,jzeigboi
6,Daniel Carlson,5095,K,1,3,-5.235784313725489,starter,NA,2024,30,jzeigboi
6,Cincinnati Bengals,CIN,DST,1,3,-3.915196078431371,starter,NA,2024,31,jzeigboi
3,Dak Prescott,3294,QB,1,11.46,-0.17755882352941121,starter,NA,2024,18.7,lukestip
3,Kenneth Walker III,8151,RB,1,18.9,8.852549019607842,starter,NA,2024,15.2,lukestip
3,Javonte Williams,7588,RB,1,3.3,-6.7474509803921565,starter,NA,2024,12.9,lukestip
3,Justin Jefferson,6794,WR,1,15.9,4.884264705882353,starter,NA,2024,19.8,lukestip
3,D.J. Moore,4983,WR,1,10,-1.015735294117647,starter,NA,2024,15.7,lukestip
3,Cole Kmet,6826,TE,1,1.4,-4.669607843137253,starter,NA,2024,8.9,lukestip
3,Joe Mixon,4018,RB,1,26.8,16.752549019607844,starter,NA,2024,12.4,lukestip
3,Tua Tagovailoa,6768,QB,1,18.62,6.982441176470589,starter,NA,2024,18.2,lukestip
3,Jake Elliott,4195,K,1,10,1.764215686274511,starter,NA,2024,22,lukestip
3,San Francisco 49ers,SF,DST,1,7,0.08480392156862848,starter,NA,2024,23,lukestip
5,Trevor Lawrence,7523,QB,1,11.28,3.173470588235294,starter,NA,2024,19.3,ngernenz
5,Kyren Williams,8150,RB,1,14.4,5.313676470588236,starter,NA,2024,16.5,ngernenz
5,Travis Etienne,7543,RB,1,11.9,2.813676470588236,starter,NA,2024,15.8,ngernenz
5,Ja'Marr Chase,7564,WR,1,12.2,0.5624411764705872,starter,NA,2024,17.2,ngernenz
5,Stefon Diggs,2449,WR,1,21.9,10.262441176470588,starter,NA,2024,14.2,ngernenz
5,David Njoku,4033,TE,1,8.4,2.3303921568627466,starter,NA,2024,12.4,ngernenz
5,Diontae Johnson,5937,WR,1,3.9,-7.737558823529412,starter,NA,2024,13.6,ngernenz
5,Josh Downs,9500,WR,1,0,-11.637558823529412,starter,NA,2024,0,ngernenz
5,Jake Moody,10937,K,1,26,17.76421568627451,starter,NA,2024,29,ngernenz
5,Philadelphia Eagles,PHI,DST,1,4,-2.9151960784313715,starter,NA,2024,15,ngernenz
8,Jalen Hurts,6904,QB,1,18.42,6.78244117647059,starter,NA,2024,22.4,obiwanginobiIi
8,Rachaad White,8136,RB,1,16.6,7.513676470588237,starter,NA,2024,17.1,obiwanginobiIi
8,Chuba Hubbard,7594,RB,1,1.4,-7.686323529411764,starter,NA,2024,11.6,obiwanginobiIi
8,Garrett Wilson,8146,WR,1,12,1.9525490196078437,starter,NA,2024,17.7,obiwanginobiIi
8,Jordan Addison,9756,WR,1,6.5,-3.5474509803921563,starter,NA,2024,12.6,obiwanginobiIi
8,Evan Engram,4066,TE,1,1.5,-4.569607843137254,starter,NA,2024,15.2,obiwanginobiIi
8,Rome Odunze,11620,WR,1,2.1,-7.947450980392157,starter,NA,2024,11,obiwanginobiIi
8,Anthony Richardson,9229,QB,1,27.08,15.442441176470586,starter,NA,2024,19.9,obiwanginobiIi
8,Cameron Dicker,8259,K,1,12,3.764215686274511,starter,NA,2024,21,obiwanginobiIi
8,Dallas Cowboys,DAL,DST,1,18,11.084803921568628,starter,NA,2024,32,obiwanginobiIi
9,Michael Penix Jr.,11559,QB,1,0,0,bench,2,2024,0,Arvs
9,Jordan Whittington,11623,WR,1,0,0,bench,2,2024,0,Arvs
9,Malik Nabers,11632,WR,1,11.6,0,bench,2,2024,18.7,Arvs
9,Jaylen Wright,11643,RB,1,0,0,bench,2,2024,0,Arvs
9,Ezekiel Elliott,3164,RB,1,12.9,0,bench,9,2024,8.9,Arvs
9,Jacoby Brissett,3257,QB,1,8.04,0,bench,10,2024,13.7,Arvs
9,Chris Godwin,4037,WR,1,0,0,bench,9,2024,15.5,Arvs
9,Samaje Perine,4147,RB,1,2,0,bench,9,2024,6.7,Arvs
9,Jason Sanders,5119,K,1,9,0,bench,8,2024,23,Arvs
9,Jalen Tolbert,8117,WR,1,2.2,0,bench,4,2024,5.2,Arvs
9,Romeo Doubs,8121,WR,1,9,0,bench,4,2024,9.6,Arvs
7,Jayden Reed,10222,WR,1,33.1,0,bench,3,2024,11.3,ElatedBroncosFan
7,Bo Nix,11563,QB,1,13.02,0,bench,2,2024,15,ElatedBroncosFan
7,Keon Coleman,11637,WR,1,9.1,0,bench,2,2024,10.6,ElatedBroncosFan
7,Kimani Vidal,11647,RB,1,0,0,bench,2,2024,0,ElatedBroncosFan
7,Nick Chubb,4988,RB,1,0,0,bench,8,2024,0,ElatedBroncosFan
7,Gus Edwards,5248,RB,1,3.8,0,bench,7,2024,10.7,ElatedBroncosFan
7,Hollywood Brown,5848,WR,1,0,0,bench,7,2024,0,ElatedBroncosFan
7,Noah Fant,5857,TE,1,3.1,0,bench,7,2024,7.9,ElatedBroncosFan
7,J.K. Dobbins,6806,RB,1,22.9,0,bench,6,2024,11.4,ElatedBroncosFan
7,Rico Dowdle,7021,RB,1,4.2,0,bench,6,2024,10.7,ElatedBroncosFan
7,Tank Bigsby,9225,RB,1,7.300000000000001,0,bench,3,2024,3.1,ElatedBroncosFan
7,Marvin Mims Jr.,9494,WR,1,0,0,bench,3,2024,3.4,ElatedBroncosFan
10,Jayden Daniels,11566,QB,1,25.16,0,bench,2,2024,18.8,Gretsch0401
10,Ja'Tavion Sanders,11600,TE,1,1.4,0,bench,2,2024,6.6,Gretsch0401
10,Ladd McConkey,11635,WR,1,14.9,0,bench,2,2024,12.8,Gretsch0401
10,Odell Beckham Jr.,2078,WR,1,0,0,bench,12,2024,0,Gretsch0401
10,Dalvin Cook,4029,RB,1,0,0,bench,8,2024,0,Gretsch0401
10,Jakobi Meyers,5947,WR,1,9.4,0,bench,7,2024,10.4,Gretsch0401
10,Rashod Bateman,7571,WR,1,7.300000000000001,0,bench,5,2024,8,Gretsch0401
10,Kenny Pickett,8160,QB,1,0,0,bench,4,2024,0,Gretsch0401
10,Christian Watson,8167,WR,1,10.3,0,bench,4,2024,12.1,Gretsch0401
10,Chigoziem Okonkwo,8210,TE,1,9.5,0,bench,4,2024,7.1,Gretsch0401
10,Chase Brown,9224,RB,1,5.3,0,bench,3,2024,10.6,Gretsch0401
10,Deuce Vaughn,9505,RB,1,0.4,0,bench,3,2024,0,Gretsch0401
10,Kansas City Chiefs,KC,DST,1,5,0,bench,NA,2024,25,Gretsch0401
2,Cedric Tillman,10444,WR,1,1.3,0,bench,3,2024,0,SFOControl
2,Drake Maye,11564,QB,1,0,0,bench,2,2024,0,SFOControl
2,Braelon Allen,11576,RB,1,2.7,0,bench,2,2024,1.7,SFOControl
2,Ja'Lynn Polk,11619,WR,1,1.6,0,bench,2,2024,8.6,SFOControl
2,Brandon McManus,1433,K,1,0,0,bench,13,2024,0,SFOControl
2,Joshua Dobbs,4179,QB,1,0,0,bench,9,2024,0,SFOControl
2,Daniel Jones,5870,QB,1,6.94,0,bench,7,2024,17.6,SFOControl
2,Matt Gay,6083,K,1,0,0,bench,7,2024,1,SFOControl
2,A.J. Dillon,6828,RB,1,0,0,bench,6,2024,0,SFOControl
2,Drake London,8112,WR,1,3.5,0,bench,4,2024,16.4,SFOControl
2,Isaiah Likely,8131,TE,1,26.1,0,bench,4,2024,3.8,SFOControl
2,Greg Dulcich,8172,TE,1,3.2,0,bench,4,2024,4.5,SFOControl
2,Buffalo Bills,BUF,DST,1,6,0,bench,NA,2024,26,SFOControl
12,Chris Rodriguez Jr.,10219,RB,1,0,0,bench,3,2024,0,TheJandyStock
12,Jonathon Brooks,11583,RB,1,0,0,bench,2,2024,0,TheJandyStock
12,Roman Wilson,11630,WR,1,0,0,bench,2,2024,0,TheJandyStock
12,Russell Wilson,1234,QB,1,0,0,bench,14,2024,0,TheJandyStock
12,Brandin Cooks,2197,WR,1,14.5,0,bench,12,2024,11.1,TheJandyStock
12,Aaron Jones,4199,RB,1,18.9,0,bench,9,2024,14.7,TheJandyStock
12,Pat Freiermuth,7600,TE,1,6.7,0,bench,5,2024,9.6,TheJandyStock
12,Wan'Dale Robinson,8126,WR,1,11.8,0,bench,4,2024,9,TheJandyStock
12,George Pickens,8137,WR,1,13.5,0,bench,4,2024,14,TheJandyStock
11,Brian Thomas Jr.,11631,WR,1,14.7,0,bench,2,2024,11.4,akondratieff
11,Raheem Mostert,2749,RB,1,3.9,0,bench,11,2024,15.3,akondratieff
11,Demarcus Robinson,3286,WR,1,8.2,0,bench,10,2024,7.6,akondratieff
11,Dawson Knox,5906,TE,1,3.3000000000000003,0,bench,7,2024,4.4,akondratieff
11,Elijah Moore,7596,WR,1,3.9,0,bench,5,2024,6.7,akondratieff
11,Rhamondre Stevenson,7611,RB,1,20.6,0,bench,5,2024,13.9,akondratieff
11,Jahan Dotson,8119,WR,1,0,0,bench,4,2024,2.9,akondratieff
11,Dameon Pierce,8129,RB,1,1.6,0,bench,4,2024,3.8,akondratieff
11,Jameson Williams,8148,WR,1,24.4,0,bench,4,2024,10,akondratieff
11,Tucker Kraft,9484,TE,1,5.7,0,bench,3,2024,4.4,akondratieff
4,Roschon Johnson,10235,RB,1,0,0,bench,3,2024,0,caskinner
4,Trey Benson,11589,RB,1,2.8,0,bench,2,2024,5.2,caskinner
4,Malachi Corley,11617,WR,1,0,0,bench,2,2024,5.7,caskinner
4,Ricky Pearsall,11638,WR,1,0,0,bench,2,2024,0,caskinner
4,Tyler Lockett,2374,WR,1,13.7,0,bench,11,2024,10.9,caskinner
4,JuJu Smith-Schuster,4040,WR,1,0,0,bench,9,2024,0,caskinner
4,Dalton Schultz,5001,TE,1,4.6,0,bench,8,2024,9.6,caskinner
4,Antonio Gibson,6945,RB,1,1.8,0,bench,6,2024,8.7,caskinner
4,Elijah Mitchell,7561,RB,1,0,0,bench,5,2024,0,caskinner
4,Jordan Mason,8408,RB,1,22.200000000000003,0,bench,4,2024,5.7,caskinner
4,Bryce Young,9228,QB,1,11.64,0,bench,3,2024,14.6,caskinner
4,Dontayvion Wicks,9486,WR,1,0,0,bench,3,2024,4.8,caskinner
4,Jaxon Smith-Njigba,9488,WR,1,3.9,0,bench,3,2024,13.2,caskinner
4,Tyjae Spears,9508,RB,1,7.199999999999999,0,bench,3,2024,9.2,caskinner
1,Caleb Williams,11560,QB,1,7.220000000000001,0,bench,2,2024,19.2,joeburrowmvp
1,Spencer Rattler,11562,QB,1,0,0,bench,2,2024,0,joeburrowmvp
1,Dylan Laube,11574,RB,1,0,0,bench,2,2024,0,joeburrowmvp
1,Jermaine Burton,11640,WR,1,0,0,bench,1,2024,0,joeburrowmvp
1,Javon Baker,11645,WR,1,0,0,bench,2,2024,0,joeburrowmvp
1,Adam Thielen,1689,WR,1,7.9,0,bench,13,2024,10,joeburrowmvp
1,Taysom Hill,4381,TE,1,4.6,0,bench,9,2024,6.3,joeburrowmvp
1,Gardner Minshew,6011,QB,1,11.78,0,bench,7,2024,14.4,joeburrowmvp
1,Tee Higgins,6801,WR,1,0,0,bench,6,2024,0,joeburrowmvp
1,Darnell Mooney,7090,WR,1,2.5,0,bench,6,2024,8.8,joeburrowmvp
1,Zamir White,8139,RB,1,4.6000000000000005,0,bench,4,2024,15.1,joeburrowmvp
1,DeMario Douglas,9501,WR,1,3.2,0,bench,3,2024,12.1,joeburrowmvp
1,Aaron Rodgers,96,QB,1,9.58,0,bench,21,2024,17,joeburrowmvp
6,Andrei Iosivas,10226,WR,1,5.6,0,bench,3,2024,10.5,jzeigboi
6,Michael Wilson,10232,WR,1,7.5,0,bench,3,2024,8.3,jzeigboi
6,MarShawn Lloyd,11581,RB,1,0,0,bench,2,2024,0,jzeigboi
6,Carson Steele,11582,RB,1,0.30000000000000004,0,bench,2,2024,1.1,jzeigboi
6,Jalen McMillan,11618,WR,1,10.2,0,bench,2,2024,5.6,jzeigboi
6,Xavier Worthy,11624,WR,1,20.8,0,bench,2,2024,12.1,jzeigboi
6,Devaughn Vele,11834,WR,1,11.9,0,bench,2,2024,0,jzeigboi
6,Tony Pollard,5967,RB,1,18.4,0,bench,7,2024,14,jzeigboi
6,Devin Singletary,6130,RB,1,9.2,0,bench,7,2024,15,jzeigboi
6,Jerry Jeudy,6783,WR,1,11.5,0,bench,6,2024,10,jzeigboi
6,Khalil Shakir,8134,WR,1,13.2,0,bench,4,2024,13,jzeigboi
3,Ray Davis,11575,RB,1,3.7,0,bench,2,2024,1.5,lukestip
3,Brock Bowers,11604,TE,1,11.8,0,bench,2,2024,10.2,lukestip
3,Adonai Mitchell,11625,WR,1,1.2,0,bench,2,2024,10.4,lukestip
3,Tyrone Tracy Jr.,11655,RB,1,1.7,0,bench,2,2024,1.8,lukestip
3,Mike Williams,4068,WR,1,0,0,bench,8,2024,6.6,lukestip
3,Curtis Samuel,4082,WR,1,3.5,0,bench,9,2024,9.8,lukestip
3,Sam Darnold,4943,QB,1,15.62,0,bench,8,2024,16.1,lukestip
3,Allen Lazard,5185,WR,1,26.9,0,bench,7,2024,0,lukestip
3,Justice Hill,5995,RB,1,11.5,0,bench,7,2024,7,lukestip
3,Miles Sanders,6151,RB,1,2.2,0,bench,7,2024,5.8,lukestip
3,Cam Akers,6938,RB,1,0,0,bench,6,2024,0,lukestip
3,Gabe Davis,6943,WR,1,9.2,0,bench,6,2024,7.1,lukestip
3,Will Levis,9999,QB,1,8.68,0,bench,3,2024,16.4,lukestip
5,Jonathan Mingo,10225,WR,1,4.3,0,bench,3,2024,0,ngernenz
5,J.J. McCarthy,11565,QB,1,0,0,bench,2,2024,0,ngernenz
5,Bucky Irving,11584,RB,1,9.6,0,bench,2,2024,5.1,ngernenz
5,Xavier Legette,11626,WR,1,7.5,0,bench,2,2024,5.4,ngernenz
5,Geno Smith,1373,QB,1,18.84,0,bench,13,2024,15.8,ngernenz
5,Tyler Boyd,3225,WR,1,4.8,0,bench,9,2024,7.4,ngernenz
5,Jamaal Williams,4149,RB,1,12.1,0,bench,8,2024,7.5,ngernenz
5,Courtland Sutton,5045,WR,1,7.800000000000001,0,bench,8,2024,13.8,ngernenz
5,Khalil Herbert,7608,RB,1,0.4,0,bench,5,2024,5.9,ngernenz
5,Ty Chandler,8230,RB,1,7.2,0,bench,4,2024,7.2,ngernenz
5,Luke Musgrave,9481,TE,1,0,0,bench,3,2024,9,ngernenz
5,Hendon Hooker,9998,QB,1,0,0,bench,3,2024,0,ngernenz
8,Jaleel McLaughlin,11439,RB,1,5.8,0,bench,3,2024,10.2,obiwanginobiIi
8,Will Shipley,11577,RB,1,0,0,bench,2,2024,0,obiwanginobiIi
8,Blake Corum,11586,RB,1,0,0,bench,2,2024,5,obiwanginobiIi
8,Theo Johnson,11597,TE,1,2.8,0,bench,2,2024,4.5,obiwanginobiIi
8,Troy Franklin,11627,WR,1,0,0,bench,2,2024,0,obiwanginobiIi
8,Devontez Walker,11629,WR,1,0,0,bench,2,2024,0,obiwanginobiIi
8,Luke McCaffrey,11650,WR,1,4.8,0,bench,2,2024,5.8,obiwanginobiIi
8,T.J. Hockenson,5844,TE,1,0,0,bench,7,2024,0,obiwanginobiIi
8,Joshua Palmer,7670,WR,1,3.5,0,bench,5,2024,13.8,obiwanginobiIi
8,Tyler Allgeier,8132,RB,1,2.1,0,bench,4,2024,5.8,obiwanginobiIi
8,Keaton Mitchell,9511,RB,1,0,0,bench,3,2024,0,obiwanginobiIi
8,Zach Charbonnet,9753,RB,1,12.1,0,bench,3,2024,9,obiwanginobiIi
8,Quentin Johnston,9754,WR,1,6.800000000000001,0,bench,3,2024,7.2,obiwanginobiIi
9,Jared Goff,3163,QB,2,10.78,3.096970588235294,starter,NA,2024,17.3,Arvs
9,Christian McCaffrey,4034,RB,2,0,-12.080892156862744,starter,NA,2024,0,Arvs
9,Jaylen Wright,11643,RB,2,0.4,-11.680892156862743,starter,NA,2024,4.8,Arvs
9,Malik Nabers,11632,WR,2,28.7,16.619107843137257,starter,NA,2024,16.7,Arvs
9,Cooper Kupp,4039,WR,2,7.7,-4.3808921568627435,starter,NA,2024,20.7,Arvs
9,Travis Kelce,1466,TE,2,1.6,-5.338774509803921,starter,NA,2024,16.1,Arvs
9,James Conner,4137,RB,2,19.4,7.319107843137255,starter,NA,2024,15.9,Arvs
9,Christian Kirk,4950,WR,2,0.9,-11.180892156862743,starter,NA,2024,14.4,Arvs
9,Harrison Butker,4227,K,2,10,2.1142156862745107,starter,NA,2024,30,Arvs
7,Patrick Mahomes,4046,QB,2,14.94,2.859107843137256,starter,NA,2024,22.5,ElatedBroncosFan
7,Bijan Robinson,9509,RB,2,16.2,7.761176470588236,starter,NA,2024,19.3,ElatedBroncosFan
7,Jerome Ford,8143,RB,2,7.4,-1.0388235294117631,starter,NA,2024,14.2,ElatedBroncosFan
7,Nico Collins,7569,WR,2,27.5,16.017549019607845,starter,NA,2024,16.8,ElatedBroncosFan
7,Jayden Reed,10222,WR,2,6.6,-4.882450980392155,starter,NA,2024,10.9,ElatedBroncosFan
7,Dalton Kincaid,10236,TE,2,7.3,0.3612254901960794,starter,NA,2024,11.9,ElatedBroncosFan
7,Zay Flowers,9997,WR,2,22.1,10.617549019607846,starter,NA,2024,14.1,ElatedBroncosFan
7,Malik Willis,8161,QB,2,12.98,0.8991078431372568,starter,NA,2024,16,ElatedBroncosFan
7,Evan McPherson,7839,K,2,15,7.114215686274511,starter,NA,2024,14,ElatedBroncosFan
7,Los Angeles Chargers,LAC,DST,2,11,3.734803921568628,starter,NA,2024,31,ElatedBroncosFan
10,C.J. Stroud,9758,QB,2,14.3,2.219107843137257,starter,NA,2024,19.2,Gretsch0401
10,Isiah Pacheco,8205,RB,2,16.1,7.661176470588238,starter,NA,2024,16,Gretsch0401
10,Brian Robinson Jr.,8154,RB,2,14.6,6.161176470588236,starter,NA,2024,12.1,Gretsch0401
10,Tyreek Hill,3321,WR,2,6.6,-4.882450980392155,starter,NA,2024,21.4,Gretsch0401
10,Davante Adams,2133,WR,2,26,14.517549019607843,starter,NA,2024,16.4,Gretsch0401
10,George Kittle,4217,TE,2,20.6,13.66122549019608,starter,NA,2024,14.3,Gretsch0401
10,DeAndre Hopkins,1426,WR,2,1.9,-9.582450980392156,starter,NA,2024,7.5,Gretsch0401
10,Jayden Daniels,11566,QB,2,13.44,1.359107843137256,starter,NA,2024,20.5,Gretsch0401
10,Brandon Aubrey,11533,K,2,17,9.11421568627451,starter,NA,2024,31,Gretsch0401
10,Kansas City Chiefs,KC,DST,2,13,5.734803921568628,starter,NA,2024,26,Gretsch0401
2,Brock Purdy,8183,QB,2,14.96,7.276970588235296,starter,NA,2024,16.4,SFOControl
2,De'Von Achane,9226,RB,2,29.5,21.061176470588236,starter,NA,2024,18.2,SFOControl
2,Austin Ekeler,4663,RB,2,11.5,3.0611764705882365,starter,NA,2024,0,SFOControl
2,CeeDee Lamb,6786,WR,2,19,6.919107843137256,starter,NA,2024,20.3,SFOControl
2,Drake London,8112,WR,2,17.4,5.319107843137255,starter,NA,2024,14.5,SFOControl
2,Jake Ferguson,8110,TE,2,0,-6.93877450980392,starter,NA,2024,0,SFOControl
2,Brandon Aiyuk,6803,WR,2,8.3,-3.780892156862743,starter,NA,2024,12.9,SFOControl
2,Mike Evans,2216,WR,2,7.2,-4.8808921568627435,starter,NA,2024,16.3,SFOControl
2,Younghoe Koo,4666,K,2,10,2.1142156862745107,starter,NA,2024,24,SFOControl
2,Buffalo Bills,BUF,DST,2,18,10.734803921568629,starter,NA,2024,15,SFOControl
12,Baker Mayfield,4892,QB,2,19.8,12.116970588235295,starter,NA,2024,18.2,TheJandyStock
12,Saquon Barkley,4866,RB,2,17.6,5.519107843137258,starter,NA,2024,17,TheJandyStock
12,Josh Jacobs,5850,RB,2,13.1,1.019107843137256,starter,NA,2024,16,TheJandyStock
12,Rashee Rice,10229,WR,2,18.5,6.419107843137256,starter,NA,2024,18.7,TheJandyStock
12,Calvin Ridley,4981,WR,2,24.7,12.619107843137256,starter,NA,2024,13.4,TheJandyStock
12,Sam LaPorta,10859,TE,2,3.3,-3.6387745098039206,starter,NA,2024,13.8,TheJandyStock
12,Derrick Henry,3198,RB,2,16.6,4.519107843137258,starter,NA,2024,14.3,TheJandyStock
12,George Pickens,8137,WR,2,4.9,-7.180892156862743,starter,NA,2024,14.2,TheJandyStock
12,Chris Boswell,1945,K,2,9,1.1142156862745107,starter,NA,2024,17,TheJandyStock
12,Pittsburgh Steelers,PIT,DST,2,13,5.734803921568628,starter,NA,2024,30,TheJandyStock
11,Lamar Jackson,4881,QB,2,17.38,5.299107843137255,starter,NA,2024,23.6,akondratieff
11,Breece Hall,8155,RB,2,24.4,12.917549019607844,starter,NA,2024,20.6,akondratieff
11,Najee Harris,7528,RB,2,8.4,-3.0824509803921547,starter,NA,2024,12.8,akondratieff
11,Jaylen Waddle,7526,WR,2,8.5,-0.3632352941176471,starter,NA,2024,14.9,akondratieff
11,Michael Pittman Jr.,6819,WR,2,5.1,-3.763235294117647,starter,NA,2024,13.1,akondratieff
11,Kyle Pitts,7553,TE,2,5,-1.9387745098039204,starter,NA,2024,13.2,akondratieff
11,Rhamondre Stevenson,7611,RB,2,17,5.517549019607845,starter,NA,2024,15.5,akondratieff
11,Deshaun Watson,4017,QB,2,15.44,3.359107843137256,starter,NA,2024,17.8,akondratieff
11,Tyler Bass,7042,K,2,7,-0.8857843137254893,starter,NA,2024,26,akondratieff
11,Tampa Bay Buccaneers,TB,DST,2,5,-2.265196078431372,starter,NA,2024,5,akondratieff
4,Joe Burrow,6770,QB,2,17.22,5.139107843137255,starter,NA,2024,16.8,caskinner
4,James Cook,8138,RB,2,28.5,20.061176470588236,starter,NA,2024,15.9,caskinner
4,Jordan Mason,8408,RB,2,17.4,8.961176470588235,starter,NA,2024,17.2,caskinner
4,Amon-Ra St. Brown,7547,WR,2,22.9,11.417549019607844,starter,NA,2024,18.4,caskinner
4,Chris Olave,8144,WR,2,12.8,1.3175490196078457,starter,NA,2024,16.3,caskinner
4,Trey McBride,8130,TE,2,18.7,11.76122549019608,starter,NA,2024,14.8,caskinner
4,Amari Cooper,2309,WR,2,4.1,-7.382450980392155,starter,NA,2024,13.9,caskinner
4,Matthew Stafford,421,QB,2,6.64,-5.440892156862744,starter,NA,2024,17.1,caskinner
4,Ka'imi Fairbairn,3451,K,2,20,12.11421568627451,starter,NA,2024,28,caskinner
4,Baltimore Ravens,BAL,DST,2,8,0.734803921568628,starter,NA,2024,28,caskinner
1,Justin Herbert,6797,QB,2,12,-0.08089215686274365,starter,NA,2024,15.9,joeburrowmvp
1,Alvin Kamara,4035,RB,2,44,32.51754901960784,starter,NA,2024,16.3,joeburrowmvp
1,David Montgomery,5892,RB,2,17,5.517549019607845,starter,NA,2024,12.6,joeburrowmvp
1,Marvin Harrison Jr.,11628,WR,2,29,20.136764705882353,starter,NA,2024,13.9,joeburrowmvp
1,Adam Thielen,1689,WR,2,4,-4.863235294117647,starter,NA,2024,8.6,joeburrowmvp
1,Mark Andrews,5012,TE,2,9.1,2.1612254901960792,starter,NA,2024,13,joeburrowmvp
1,Zack Moss,6845,RB,2,5.7,-5.782450980392155,starter,NA,2024,12.6,joeburrowmvp
1,Kyler Murray,5849,QB,2,28.54,16.459107843137254,starter,NA,2024,21.5,joeburrowmvp
1,Justin Tucker,1264,K,2,12,4.114215686274511,starter,NA,2024,32,joeburrowmvp
1,New York Jets,NYJ,DST,2,12,4.734803921568628,starter,NA,2024,24,joeburrowmvp
6,Josh Allen,4984,QB,2,9.76,-2.320892156862744,starter,NA,2024,23.4,jzeigboi
6,Jahmyr Gibbs,9221,RB,2,17.6,9.161176470588238,starter,NA,2024,16.2,jzeigboi
6,Tony Pollard,5967,RB,2,15.2,6.761176470588236,starter,NA,2024,13.5,jzeigboi
6,Xavier Worthy,11624,WR,2,4.2,-7.282450980392155,starter,NA,2024,13,jzeigboi
6,Tank Dell,9502,WR,2,2.3,-9.182450980392154,starter,NA,2024,14.8,jzeigboi
6,Dallas Goedert,5022,TE,2,6.8,-0.1387745098039206,starter,NA,2024,11.7,jzeigboi
6,DeVonta Smith,7525,WR,2,20.6,9.117549019607846,starter,NA,2024,17.7,jzeigboi
6,Kirk Cousins,1166,QB,2,17.54,5.4591078431372555,starter,NA,2024,15.7,jzeigboi
6,Daniel Carlson,5095,K,2,18,10.11421568627451,starter,NA,2024,6,jzeigboi
6,Jacksonville Jaguars,JAX,DST,2,4,-3.265196078431372,starter,NA,2024,19,jzeigboi
3,Dak Prescott,3294,QB,2,14.92,2.8391078431372563,starter,NA,2024,17.7,lukestip
3,Joe Mixon,4018,RB,2,8,-0.4388235294117635,starter,NA,2024,14.3,lukestip
3,Javonte Williams,7588,RB,2,11.5,3.0611764705882365,starter,NA,2024,11.2,lukestip
3,Justin Jefferson,6794,WR,2,23.3,11.817549019607846,starter,NA,2024,17.8,lukestip
3,D.J. Moore,4983,WR,2,11.3,-0.18245098039215435,starter,NA,2024,13.7,lukestip
3,Brock Bowers,11604,TE,2,18.8,11.86122549019608,starter,NA,2024,12.1,lukestip
3,Allen Lazard,5185,WR,2,3.1,-8.382450980392155,starter,NA,2024,10.3,lukestip
3,Tua Tagovailoa,6768,QB,2,8.5,-3.5808921568627436,starter,NA,2024,17.8,lukestip
3,Jake Elliott,4195,K,2,7,-0.8857843137254893,starter,NA,2024,27,lukestip
3,San Francisco 49ers,SF,DST,2,10,2.734803921568628,starter,NA,2024,25,lukestip
5,Trevor Lawrence,7523,QB,2,13.3,5.616970588235295,starter,NA,2024,17.5,ngernenz
5,Kyren Williams,8150,RB,2,15.2,6.761176470588236,starter,NA,2024,15.1,ngernenz
5,Travis Etienne,7543,RB,2,14.8,6.361176470588237,starter,NA,2024,15,ngernenz
5,Ja'Marr Chase,7564,WR,2,7.5,-4.580892156862744,starter,NA,2024,17,ngernenz
5,Stefon Diggs,2449,WR,2,7.7,-4.3808921568627435,starter,NA,2024,14.2,ngernenz
5,David Njoku,4033,TE,2,0,-6.93877450980392,starter,NA,2024,0,ngernenz
5,Diontae Johnson,5937,WR,2,4.5,-7.580892156862744,starter,NA,2024,11.6,ngernenz
5,Josh Downs,9500,WR,2,0,-12.080892156862744,starter,NA,2024,0,ngernenz
5,Jake Moody,10937,K,2,5,-2.8857843137254893,starter,NA,2024,29,ngernenz
5,Philadelphia Eagles,PHI,DST,2,1,-6.265196078431372,starter,NA,2024,22,ngernenz
8,Jalen Hurts,6904,QB,2,24.82,12.739107843137257,starter,NA,2024,22.5,obiwanginobiIi
8,Rachaad White,8136,RB,2,3.3,-8.182450980392154,starter,NA,2024,15.8,obiwanginobiIi
8,Zach Charbonnet,9753,RB,2,17.9,6.4175490196078435,starter,NA,2024,13.3,obiwanginobiIi
8,Garrett Wilson,8146,WR,2,10.2,1.3367647058823522,starter,NA,2024,17.4,obiwanginobiIi
8,Joshua Palmer,7670,WR,2,3.9,-4.963235294117647,starter,NA,2024,12.8,obiwanginobiIi
8,Evan Engram,4066,TE,2,0,-6.93877450980392,starter,NA,2024,0,obiwanginobiIi
8,Jaleel McLaughlin,11439,RB,2,0.6,-10.882450980392155,starter,NA,2024,11,obiwanginobiIi
8,Anthony Richardson,9229,QB,2,12.86,0.7791078431372558,starter,NA,2024,20.6,obiwanginobiIi
8,Cameron Dicker,8259,K,2,9,1.1142156862745107,starter,NA,2024,25,obiwanginobiIi
8,Dallas Cowboys,DAL,DST,2,1,-6.265196078431372,starter,NA,2024,32,obiwanginobiIi
9,Michael Penix Jr.,11559,QB,2,0,0,bench,2,2024,0,Arvs
9,Jordan Whittington,11623,WR,2,4.2,0,bench,2,2024,0,Arvs
9,Ezekiel Elliott,3164,RB,2,5.2,0,bench,9,2024,11.2,Arvs
9,Jacoby Brissett,3257,QB,2,10.56,0,bench,10,2024,13.7,Arvs
9,Chris Godwin,4037,WR,2,0,0,bench,9,2024,16.1,Arvs
9,Samaje Perine,4147,RB,2,1.3,0,bench,9,2024,7.1,Arvs
9,Jason Sanders,5119,K,2,4,0,bench,8,2024,10,Arvs
9,Terry McLaurin,5927,WR,2,8.2,0,bench,7,2024,13.1,Arvs
9,Jonathan Taylor,6813,RB,2,14.5,0,bench,6,2024,15,Arvs
9,Jalen Tolbert,8117,WR,2,14.2,0,bench,4,2024,5.2,Arvs
9,Romeo Doubs,8121,WR,2,9.2,0,bench,4,2024,5.9,Arvs
7,Bo Nix,11563,QB,2,10.34,0,bench,2,2024,14.7,ElatedBroncosFan
7,Keon Coleman,11637,WR,2,0,0,bench,2,2024,13,ElatedBroncosFan
7,Kimani Vidal,11647,RB,2,0,0,bench,2,2024,0,ElatedBroncosFan
7,Derek Carr,2028,QB,2,22.82,0,bench,11,2024,14.7,ElatedBroncosFan
7,Nick Chubb,4988,RB,2,0,0,bench,8,2024,0,ElatedBroncosFan
7,Gus Edwards,5248,RB,2,5.9,0,bench,7,2024,8.4,ElatedBroncosFan
7,Hollywood Brown,5848,WR,2,0,0,bench,7,2024,0,ElatedBroncosFan
7,Greg Dortch,5970,WR,2,3.1,0,bench,7,2024,10.1,ElatedBroncosFan
7,J.K. Dobbins,6806,RB,2,20.1,0,bench,6,2024,13.6,ElatedBroncosFan
7,Rico Dowdle,7021,RB,2,9.9,0,bench,6,2024,8.3,ElatedBroncosFan
7,Tank Bigsby,9225,RB,2,0,0,bench,3,2024,5.7,ElatedBroncosFan
7,Puka Nacua,9493,WR,2,0,0,bench,3,2024,0,ElatedBroncosFan
10,Ja'Tavion Sanders,11600,TE,2,2.8,0,bench,2,2024,6.7,Gretsch0401
10,Ladd McConkey,11635,WR,2,4.6,0,bench,2,2024,13.2,Gretsch0401
10,Odell Beckham Jr.,2078,WR,2,0,0,bench,12,2024,0,Gretsch0401
10,Jeff Wilson Jr.,5284,RB,2,3.2,0,bench,8,2024,6.8,Gretsch0401
10,Jakobi Meyers,5947,WR,2,6.9,0,bench,7,2024,10,Gretsch0401
10,Rashod Bateman,7571,WR,2,7,0,bench,5,2024,8.2,Gretsch0401
10,Justin Fields,7591,QB,2,10.38,0,bench,5,2024,19.2,Gretsch0401
10,Kenny Pickett,8160,QB,2,0,0,bench,4,2024,0,Gretsch0401
10,Christian Watson,8167,WR,2,0,0,bench,4,2024,9.5,Gretsch0401
10,Chase Brown,9224,RB,2,3.1,0,bench,3,2024,10.7,Gretsch0401
2,Cedric Tillman,10444,WR,2,1.2,0,bench,3,2024,0,SFOControl
2,Drake Maye,11564,QB,2,0,0,bench,2,2024,0,SFOControl
2,Braelon Allen,11576,RB,2,19.6,0,bench,2,2024,1.5,SFOControl
2,Ja'Lynn Polk,11619,WR,2,9.2,0,bench,2,2024,6.3,SFOControl
2,Brandon McManus,1433,K,2,0,0,bench,13,2024,0,SFOControl
2,Joshua Dobbs,4179,QB,2,0,0,bench,9,2024,0,SFOControl
2,Daniel Jones,5870,QB,2,18.32,0,bench,7,2024,16.7,SFOControl
2,Deebo Samuel Sr.,5872,WR,2,18,0,bench,7,2024,18.5,SFOControl
2,Matt Gay,6083,K,2,3,0,bench,7,2024,13,SFOControl
2,A.J. Dillon,6828,RB,2,0,0,bench,6,2024,0,SFOControl
2,Isaiah Likely,8131,TE,2,4.6,0,bench,4,2024,10.1,SFOControl
2,Greg Dulcich,8172,TE,2,4.6,0,bench,4,2024,4.9,SFOControl
12,Carson Steele,11582,RB,2,0.4000000000000003,0,bench,2,2024,1.1,TheJandyStock
12,Jonathon Brooks,11583,RB,2,0,0,bench,2,2024,0,TheJandyStock
12,Roman Wilson,11630,WR,2,0,0,bench,2,2024,0,TheJandyStock
12,Russell Wilson,1234,QB,2,0,0,bench,14,2024,0,TheJandyStock
12,Brandin Cooks,2197,WR,2,3.6,0,bench,12,2024,11.3,TheJandyStock
12,Josh Reynolds,4171,WR,2,13.3,0,bench,9,2024,9.3,TheJandyStock
12,Aaron Jones,4199,RB,2,9.8,0,bench,9,2024,14.4,TheJandyStock
12,Jordan Love,6804,QB,2,0,0,bench,6,2024,0,TheJandyStock
12,Pat Freiermuth,7600,TE,2,7.9,0,bench,5,2024,8.9,TheJandyStock
12,Wan'Dale Robinson,8126,WR,2,9.8,0,bench,4,2024,10.6,TheJandyStock
11,Brian Thomas Jr.,11631,WR,2,11.4,0,bench,2,2024,13.1,akondratieff
11,Raheem Mostert,2749,RB,2,0,0,bench,11,2024,0,akondratieff
11,Demarcus Robinson,3286,WR,2,7,0,bench,10,2024,11.1,akondratieff
11,DK Metcalf,5846,WR,2,28.9,0,bench,7,2024,14.7,akondratieff
11,Dawson Knox,5906,TE,2,0,0,bench,7,2024,4.5,akondratieff
11,Elijah Moore,7596,WR,2,10.4,0,bench,5,2024,6.6,akondratieff
11,Cade Otton,8111,TE,2,-0.4,0,bench,4,2024,8.7,akondratieff
11,Jahan Dotson,8119,WR,2,1.6,0,bench,4,2024,5.6,akondratieff
11,Jameson Williams,8148,WR,2,14.4,0,bench,4,2024,13.8,akondratieff
11,Tucker Kraft,9484,TE,2,3.6,0,bench,3,2024,5.1,akondratieff
4,Roschon Johnson,10235,RB,2,0,0,bench,3,2024,0,caskinner
4,Trey Benson,11589,RB,2,2.7,0,bench,2,2024,3.8,caskinner
4,Malachi Corley,11617,WR,2,1.4,0,bench,2,2024,0,caskinner
4,Ricky Pearsall,11638,WR,2,0,0,bench,2,2024,0,caskinner
4,Tyler Lockett,2374,WR,2,3.5,0,bench,11,2024,12.6,caskinner
4,Dalton Schultz,5001,TE,2,4.1,0,bench,8,2024,8.9,caskinner
4,Antonio Gibson,6945,RB,2,11.3,0,bench,6,2024,7.4,caskinner
4,Elijah Mitchell,7561,RB,2,0,0,bench,5,2024,0,caskinner
4,Jaylen Warren,8228,RB,2,8.1,0,bench,4,2024,10.8,caskinner
4,Rashid Shaheed,8676,WR,2,20.9,0,bench,4,2024,11.7,caskinner
4,Bryce Young,9228,QB,2,2.96,0,bench,3,2024,13.3,caskinner
4,Dontayvion Wicks,9486,WR,2,11.6,0,bench,3,2024,2.5,caskinner
4,Jaxon Smith-Njigba,9488,WR,2,23.700000000000003,0,bench,3,2024,12.7,caskinner
4,Tyjae Spears,9508,RB,2,5.1,0,bench,3,2024,8.7,caskinner
1,Caleb Williams,11560,QB,2,9.36,0,bench,2,2024,16.2,joeburrowmvp
1,Spencer Rattler,11562,QB,2,0,0,bench,2,2024,0,joeburrowmvp
1,Dylan Laube,11574,RB,2,0,0,bench,2,2024,0,joeburrowmvp
1,Jermaine Burton,11640,WR,2,5.7,0,bench,1,2024,0,joeburrowmvp
1,Javon Baker,11645,WR,2,0,0,bench,2,2024,0,joeburrowmvp
1,Keenan Allen,1479,WR,2,0,0,bench,13,2024,2,joeburrowmvp
1,Taysom Hill,4381,TE,2,2.9,0,bench,9,2024,5.9,joeburrowmvp
1,Alexander Mattison,5987,RB,2,6.1,0,bench,7,2024,9.7,joeburrowmvp
1,Gardner Minshew,6011,QB,2,12.94,0,bench,7,2024,13.7,joeburrowmvp
1,Tee Higgins,6801,WR,2,0,0,bench,6,2024,0,joeburrowmvp
1,Zamir White,8139,RB,2,6.800000000000001,0,bench,4,2024,11.7,joeburrowmvp
1,DeMario Douglas,9501,WR,2,0,0,bench,3,2024,10.8,joeburrowmvp
1,Aaron Rodgers,96,QB,2,15.14,0,bench,21,2024,15.4,joeburrowmvp
6,Andrei Iosivas,10226,WR,2,14.7,0,bench,3,2024,10.2,jzeigboi
6,Michael Wilson,10232,WR,2,5.1,0,bench,3,2024,8.5,jzeigboi
6,MarShawn Lloyd,11581,RB,2,2.8,0,bench,2,2024,0,jzeigboi
6,Jalen McMillan,11618,WR,2,3.1,0,bench,2,2024,7.7,jzeigboi
6,Devaughn Vele,11834,WR,2,0,0,bench,2,2024,0,jzeigboi
6,A.J. Brown,5859,WR,2,0,0,bench,7,2024,0,jzeigboi
6,Devin Singletary,6130,RB,2,14.5,0,bench,7,2024,13.5,jzeigboi
6,Jerry Jeudy,6783,WR,2,12.3,0,bench,6,2024,10.2,jzeigboi
6,D'Andre Swift,6790,RB,2,8.2,0,bench,6,2024,12.6,jzeigboi
6,Khalil Shakir,8134,WR,2,10.6,0,bench,4,2024,10.9,jzeigboi
3,Ray Davis,11575,RB,2,3.8,0,bench,2,2024,3,lukestip
3,Adonai Mitchell,11625,WR,2,4,0,bench,2,2024,10.8,lukestip
3,Tyrone Tracy Jr.,11655,RB,2,0.2,0,bench,2,2024,1.7,lukestip
3,Mike Williams,4068,WR,2,2.9000000000000004,0,bench,8,2024,4.5,lukestip
3,Curtis Samuel,4082,WR,2,1.3,0,bench,9,2024,8.4,lukestip
3,Sam Darnold,4943,QB,2,18.92,0,bench,8,2024,14.5,lukestip
3,Justice Hill,5995,RB,2,5.2,0,bench,7,2024,4.6,lukestip
3,Miles Sanders,6151,RB,2,5.5,0,bench,7,2024,5.7,lukestip
3,Cole Kmet,6826,TE,2,6.7,0,bench,6,2024,7.3,lukestip
3,Cam Akers,6938,RB,2,2.5,0,bench,6,2024,0,lukestip
3,Gabe Davis,6943,WR,2,7.3,0,bench,6,2024,7.9,lukestip
3,Kenneth Walker III,8151,RB,2,0,0,bench,4,2024,0,lukestip
3,Will Levis,9999,QB,2,12.48,0,bench,3,2024,15,lukestip
5,Jonathan Mingo,10225,WR,2,1.1,0,bench,3,2024,0,ngernenz
5,J.J. McCarthy,11565,QB,2,0,0,bench,2,2024,0,ngernenz
5,Bucky Irving,11584,RB,2,2.2,0,bench,2,2024,7.2,ngernenz
5,Xavier Legette,11626,WR,2,0,0,bench,2,2024,5.4,ngernenz
5,Geno Smith,1373,QB,2,17.88,0,bench,13,2024,16.7,ngernenz
5,Jamaal Williams,4149,RB,2,3.9,0,bench,8,2024,6.9,ngernenz
5,Courtland Sutton,5045,WR,2,3.6,0,bench,8,2024,11.3,ngernenz
5,Khalil Herbert,7608,RB,2,8.700000000000001,0,bench,5,2024,5.9,ngernenz
5,Ty Chandler,8230,RB,2,8.200000000000001,0,bench,4,2024,7.7,ngernenz
5,Luke Musgrave,9481,TE,2,1.6,0,bench,3,2024,2.5,ngernenz
5,Hendon Hooker,9998,QB,2,0,0,bench,3,2024,0,ngernenz
8,Emanuel Wilson,11435,RB,2,0.9,0,bench,3,2024,5.5,obiwanginobiIi
8,Will Shipley,11577,RB,2,0,0,bench,2,2024,0,obiwanginobiIi
8,Blake Corum,11586,RB,2,2.8000000000000003,0,bench,2,2024,0,obiwanginobiIi
8,Rome Odunze,11620,WR,2,5.300000000000001,0,bench,2,2024,9.6,obiwanginobiIi
8,Troy Franklin,11627,WR,2,0,0,bench,2,2024,0,obiwanginobiIi
8,Luke McCaffrey,11650,WR,2,0,0,bench,2,2024,8.1,obiwanginobiIi
8,Dalvin Cook,4029,RB,2,0,0,bench,8,2024,0,obiwanginobiIi
8,T.J. Hockenson,5844,TE,2,0,0,bench,7,2024,0,obiwanginobiIi
8,Colby Parkinson,6865,TE,2,2.2,0,bench,6,2024,9.4,obiwanginobiIi
8,Darnell Mooney,7090,WR,2,17.8,0,bench,6,2024,8.6,obiwanginobiIi
8,Chuba Hubbard,7594,RB,2,11.6,0,bench,5,2024,10.5,obiwanginobiIi
8,Tyler Allgeier,8132,RB,2,7.500000000000001,0,bench,4,2024,4.4,obiwanginobiIi
8,Alec Pierce,8142,WR,2,16.6,0,bench,4,2024,8.7,obiwanginobiIi
8,Keaton Mitchell,9511,RB,2,0,0,bench,3,2024,0,obiwanginobiIi
8,Jordan Addison,9756,WR,2,0,0,bench,3,2024,0,obiwanginobiIi
9,Jared Goff,3163,QB,3,15.56,6.044137254901962,starter,NA,2024,16.4,Arvs
9,James Conner,4137,RB,3,3.5,-9.636725490196078,starter,NA,2024,15.6,Arvs
9,Samaje Perine,4147,RB,3,7,-6.136725490196078,starter,NA,2024,6.3,Arvs
9,Chris Godwin,4037,WR,3,17.3,4.163274509803923,starter,NA,2024,17.5,Arvs
9,Malik Nabers,11632,WR,3,28.2,15.063274509803922,starter,NA,2024,15.3,Arvs
9,Travis Kelce,1466,TE,3,7,-0.5454411764705878,starter,NA,2024,15.3,Arvs
9,Jonathan Taylor,6813,RB,3,26.5,13.363274509803922,starter,NA,2024,13.5,Arvs
9,Christian Kirk,4950,WR,3,15.9,2.763274509803922,starter,NA,2024,8,Arvs
9,Harrison Butker,4227,K,3,12,6.0392156862745106,starter,NA,2024,31,Arvs
9,Miami Dolphins,MIA,DST,3,7,0.37647058823529456,starter,NA,2024,5,Arvs
7,Patrick Mahomes,4046,QB,3,17.38,4.243274509803921,starter,NA,2024,20.9,ElatedBroncosFan
7,Bijan Robinson,9509,RB,3,13.2,4.702843137254902,starter,NA,2024,18.8,ElatedBroncosFan
7,J.K. Dobbins,6806,RB,3,8.4,-0.09715686274509672,starter,NA,2024,14.4,ElatedBroncosFan
7,Nico Collins,7569,WR,3,12.6,2.5758823529411767,starter,NA,2024,18.4,ElatedBroncosFan
7,Zay Flowers,9997,WR,3,5.3,-4.724117647058823,starter,NA,2024,15.4,ElatedBroncosFan
7,Dalton Kincaid,10236,TE,3,13.1,5.554558823529412,starter,NA,2024,11.8,ElatedBroncosFan
7,Jayden Reed,10222,WR,3,10.9,0.8758823529411774,starter,NA,2024,10.4,ElatedBroncosFan
7,Derek Carr,2028,QB,3,8.98,-4.156725490196077,starter,NA,2024,16.4,ElatedBroncosFan
7,Evan McPherson,7839,K,3,8,2.0392156862745106,starter,NA,2024,23,ElatedBroncosFan
7,Green Bay Packers,GB,DST,3,22,15.376470588235296,starter,NA,2024,22,ElatedBroncosFan
10,C.J. Stroud,9758,QB,3,11.8,-1.336725490196077,starter,NA,2024,18.5,Gretsch0401
10,Chase Brown,9224,RB,3,8.9,0.4028431372549033,starter,NA,2024,5.7,Gretsch0401
10,Brian Robinson Jr.,8154,RB,3,10.7,2.202843137254902,starter,NA,2024,12.4,Gretsch0401
10,Tyreek Hill,3321,WR,3,7,-3.024117647058823,starter,NA,2024,15.5,Gretsch0401
10,Davante Adams,2133,WR,3,8,-2.024117647058823,starter,NA,2024,17,Gretsch0401
10,Ja'Tavion Sanders,11600,TE,3,0,-7.545441176470588,starter,NA,2024,5.2,Gretsch0401
10,Ladd McConkey,11635,WR,3,7.4,-2.6241176470588226,starter,NA,2024,11.2,Gretsch0401
10,Jayden Daniels,11566,QB,3,28.06,14.92327450980392,starter,NA,2024,18.9,Gretsch0401
10,Brandon Aubrey,11533,K,3,11,5.0392156862745106,starter,NA,2024,32,Gretsch0401
10,Kansas City Chiefs,KC,DST,3,6,-0.6235294117647054,starter,NA,2024,19,Gretsch0401
2,Brock Purdy,8183,QB,3,25.78,16.26413725490196,starter,NA,2024,15.4,SFOControl
2,De'Von Achane,9226,RB,3,8.8,0.30284313725490364,starter,NA,2024,19.1,SFOControl
2,Austin Ekeler,4663,RB,3,13.7,5.202843137254902,starter,NA,2024,9.5,SFOControl
2,CeeDee Lamb,6786,WR,3,8.7,-4.436725490196078,starter,NA,2024,18,SFOControl
2,Drake London,8112,WR,3,18.7,5.563274509803922,starter,NA,2024,10.8,SFOControl
2,Jake Ferguson,8110,TE,3,15.5,7.954558823529412,starter,NA,2024,9.5,SFOControl
2,Brandon Aiyuk,6803,WR,3,9.8,-3.336725490196077,starter,NA,2024,16.7,SFOControl
2,Mike Evans,2216,WR,3,3.7,-9.436725490196078,starter,NA,2024,15.6,SFOControl
2,Younghoe Koo,4666,K,3,7,1.0392156862745106,starter,NA,2024,19,SFOControl
2,Buffalo Bills,BUF,DST,3,14,7.3764705882352946,starter,NA,2024,21,SFOControl
12,Baker Mayfield,4892,QB,3,9.52,0.00413725490196092,starter,NA,2024,18.8,TheJandyStock
12,Saquon Barkley,4866,RB,3,33.6,20.463274509803924,starter,NA,2024,18.8,TheJandyStock
12,Josh Jacobs,5850,RB,3,5.8,-7.336725490196078,starter,NA,2024,18,TheJandyStock
12,Rashee Rice,10229,WR,3,29.1,15.963274509803924,starter,NA,2024,18.5,TheJandyStock
12,Calvin Ridley,4981,WR,3,1.9,-11.236725490196076,starter,NA,2024,13.9,TheJandyStock
12,Sam LaPorta,10859,TE,3,5.6,-1.945441176470588,starter,NA,2024,11.6,TheJandyStock
12,Derrick Henry,3198,RB,3,30.4,17.26327450980392,starter,NA,2024,11.5,TheJandyStock
12,George Pickens,8137,WR,3,10.7,-2.4367254901960784,starter,NA,2024,14.2,TheJandyStock
12,Chris Boswell,1945,K,3,7,1.0392156862745106,starter,NA,2024,17,TheJandyStock
12,Pittsburgh Steelers,PIT,DST,3,10,3.3764705882352946,starter,NA,2024,30,TheJandyStock
11,Lamar Jackson,4881,QB,3,25.98,12.843274509803924,starter,NA,2024,22.5,akondratieff
11,Breece Hall,8155,RB,3,18.3,8.275882352941178,starter,NA,2024,20.3,akondratieff
11,Najee Harris,7528,RB,3,13.6,3.5758823529411767,starter,NA,2024,12.8,akondratieff
11,Jameson Williams,8148,WR,3,1.2,-8.17656862745098,starter,NA,2024,14.3,akondratieff
11,Michael Pittman Jr.,6819,WR,3,7.6,-1.776568627450979,starter,NA,2024,12.6,akondratieff
11,Kyle Pitts,7553,TE,3,7.9,0.3545588235294126,starter,NA,2024,13.6,akondratieff
11,Rhamondre Stevenson,7611,RB,3,0.3,-9.724117647058822,starter,NA,2024,14.9,akondratieff
11,Deshaun Watson,4017,QB,3,16.44,3.3032745098039236,starter,NA,2024,16.3,akondratieff
11,Tyler Bass,7042,K,3,11,5.0392156862745106,starter,NA,2024,24,akondratieff
11,Tampa Bay Buccaneers,TB,DST,3,3,-3.6235294117647054,starter,NA,2024,20,akondratieff
4,Joe Burrow,6770,QB,3,25.36,12.223274509803922,starter,NA,2024,17.7,caskinner
4,James Cook,8138,RB,3,18.7,10.202843137254902,starter,NA,2024,16,caskinner
4,Jordan Mason,8408,RB,3,10.8,2.3028431372549036,starter,NA,2024,17.3,caskinner
4,Amon-Ra St. Brown,7547,WR,3,20.5,10.475882352941175,starter,NA,2024,18.7,caskinner
4,Chris Olave,8144,WR,3,20.6,10.57588235294118,starter,NA,2024,16.5,caskinner
4,Trey McBride,8130,TE,3,5.5,-2.045441176470588,starter,NA,2024,14.4,caskinner
4,Jaxon Smith-Njigba,9488,WR,3,6.9,-3.1241176470588226,starter,NA,2024,13.6,caskinner
4,Matthew Stafford,421,QB,3,12.84,-0.29672549019607786,starter,NA,2024,13.9,caskinner
4,Ka'imi Fairbairn,3451,K,3,0,-5.9607843137254894,starter,NA,2024,29,caskinner
4,Seattle Seahawks,SEA,DST,3,15,8.376470588235295,starter,NA,2024,32,caskinner
1,Justin Herbert,6797,QB,3,9,-4.136725490196078,starter,NA,2024,14.1,joeburrowmvp
1,Alvin Kamara,4035,RB,3,15.7,5.675882352941176,starter,NA,2024,19.2,joeburrowmvp
1,David Montgomery,5892,RB,3,21.2,11.175882352941176,starter,NA,2024,12.1,joeburrowmvp
1,Marvin Harrison Jr.,11628,WR,3,17.4,8.02343137254902,starter,NA,2024,16.2,joeburrowmvp
1,DeVonta Smith,7525,WR,3,14.9,5.523431372549021,starter,NA,2024,17.9,joeburrowmvp
1,Mark Andrews,5012,TE,3,0,-7.545441176470588,starter,NA,2024,12.9,joeburrowmvp
1,Zamir White,8139,RB,3,3.4,-6.6241176470588226,starter,NA,2024,12.4,joeburrowmvp
1,Kyler Murray,5849,QB,3,15.78,2.6432745098039216,starter,NA,2024,22.5,joeburrowmvp
1,Justin Tucker,1264,K,3,3,-2.9607843137254894,starter,NA,2024,27,joeburrowmvp
1,New York Jets,NYJ,DST,3,17,10.376470588235296,starter,NA,2024,28,joeburrowmvp
6,Josh Allen,4984,QB,3,30.92,17.783274509803924,starter,NA,2024,23,jzeigboi
6,Jahmyr Gibbs,9221,RB,3,16.3,6.275882352941178,starter,NA,2024,16.4,jzeigboi
6,Tony Pollard,5967,RB,3,5.9,-4.1241176470588226,starter,NA,2024,14.6,jzeigboi
6,Tee Higgins,6801,WR,3,6.9,-2.4765686274509786,starter,NA,2024,11.9,jzeigboi
6,Tank Dell,9502,WR,3,11.2,1.8234313725490203,starter,NA,2024,11.4,jzeigboi
6,Dallas Goedert,5022,TE,3,27,19.45455882352941,starter,NA,2024,11.8,jzeigboi
6,Devin Singletary,6130,RB,3,18.8,8.775882352941178,starter,NA,2024,12.4,jzeigboi
6,Kirk Cousins,1166,QB,3,12.1,-1.036725490196078,starter,NA,2024,15,jzeigboi
6,Daniel Carlson,5095,K,3,1,-4.9607843137254894,starter,NA,2024,22,jzeigboi
6,Cleveland Browns,CLE,DST,3,7,0.37647058823529456,starter,NA,2024,26,jzeigboi
3,Dak Prescott,3294,QB,3,29.86,16.72327450980392,starter,NA,2024,17,lukestip
3,Joe Mixon,4018,RB,3,0,-8.497156862745097,starter,NA,2024,0,lukestip
3,Kenneth Walker III,8151,RB,3,0,-8.497156862745097,starter,NA,2024,0,lukestip
3,Justin Jefferson,6794,WR,3,20.1,10.07588235294118,starter,NA,2024,18.7,lukestip
3,D.J. Moore,4983,WR,3,15.2,5.175882352941176,starter,NA,2024,14,lukestip
3,Brock Bowers,11604,TE,3,7.1,-0.4454411764705881,starter,NA,2024,14.9,lukestip
3,Allen Lazard,5185,WR,3,13.8,3.775882352941178,starter,NA,2024,7.7,lukestip
3,Sam Darnold,4943,QB,3,23.24,10.10327450980392,starter,NA,2024,15.6,lukestip
3,Jake Elliott,4195,K,3,0,-5.9607843137254894,starter,NA,2024,13,lukestip
3,San Francisco 49ers,SF,DST,3,3,-3.6235294117647054,starter,NA,2024,29,lukestip
5,Trevor Lawrence,7523,QB,3,10.42,-2.716725490196078,starter,NA,2024,16,ngernenz
5,Kyren Williams,8150,RB,3,31.6,23.102843137254904,starter,NA,2024,17.3,ngernenz
5,Travis Etienne,7543,RB,3,12.5,4.002843137254903,starter,NA,2024,14.3,ngernenz
5,Ja'Marr Chase,7564,WR,3,29.8,19.775882352941174,starter,NA,2024,20,ngernenz
5,Stefon Diggs,2449,WR,3,19.92,9.89588235294118,starter,NA,2024,14.2,ngernenz
5,David Njoku,4033,TE,3,0,-7.545441176470588,starter,NA,2024,0,ngernenz
5,Diontae Johnson,5937,WR,3,26.2,16.175882352941176,starter,NA,2024,11.6,ngernenz
5,Geno Smith,1373,QB,3,13.36,0.22327450980392172,starter,NA,2024,16.5,ngernenz
5,Jake Moody,10937,K,3,5,-0.9607843137254894,starter,NA,2024,30,ngernenz
5,Cincinnati Bengals,CIN,DST,3,-1,-7.6235294117647054,starter,NA,2024,24,ngernenz
8,Jalen Hurts,6904,QB,3,11.94,-1.1967254901960782,starter,NA,2024,23.2,obiwanginobiIi
8,Rachaad White,8136,RB,3,8.5,-1.524117647058823,starter,NA,2024,14.8,obiwanginobiIi
8,Zach Charbonnet,9753,RB,3,25.7,15.675882352941176,starter,NA,2024,16.8,obiwanginobiIi
8,Garrett Wilson,8146,WR,3,14.3,4.923431372549022,starter,NA,2024,16.8,obiwanginobiIi
8,Rome Odunze,11620,WR,3,23.4,14.02343137254902,starter,NA,2024,9.2,obiwanginobiIi
8,Colby Parkinson,6865,TE,3,5.1,-2.445441176470588,starter,NA,2024,9.2,obiwanginobiIi
8,Chuba Hubbard,7594,RB,3,27.9,17.875882352941176,starter,NA,2024,9.5,obiwanginobiIi
8,Anthony Richardson,9229,QB,3,7.08,-6.056725490196078,starter,NA,2024,19.7,obiwanginobiIi
8,Cameron Dicker,8259,K,3,4,-1.9607843137254897,starter,NA,2024,28,obiwanginobiIi
8,Dallas Cowboys,DAL,DST,3,-1,-7.6235294117647054,starter,NA,2024,14,obiwanginobiIi
9,Jordan Whittington,11623,WR,3,5.800000000000001,0,bench,2,2024,8,Arvs
9,Zach Ertz,1339,TE,3,7.800000000000001,0,bench,13,2024,9.2,Arvs
9,Ezekiel Elliott,3164,RB,3,2.2,0,bench,9,2024,10.3,Arvs
9,Hunter Henry,3214,TE,3,2.9,0,bench,10,2024,9.8,Arvs
9,Jacoby Brissett,3257,QB,3,3.92,0,bench,10,2024,12.7,Arvs
9,Christian McCaffrey,4034,RB,3,0,0,bench,9,2024,0,Arvs
9,Mike Gesicki,4993,TE,3,8.7,0,bench,8,2024,8.8,Arvs
9,Terry McLaurin,5927,WR,3,20,0,bench,7,2024,11.5,Arvs
9,Jauan Jennings,7049,WR,3,46.5,0,bench,6,2024,9.4,Arvs
9,Jalen Tolbert,8117,WR,3,13.2,0,bench,4,2024,5.9,Arvs
9,Romeo Doubs,8121,WR,3,2.8,0,bench,4,2024,5.5,Arvs
7,Bo Nix,11563,QB,3,19.34,0,bench,2,2024,14.3,ElatedBroncosFan
7,Keon Coleman,11637,WR,3,9.4,0,bench,2,2024,10.9,ElatedBroncosFan
7,Kimani Vidal,11647,RB,3,0,0,bench,2,2024,0,ElatedBroncosFan
7,D'Onta Foreman,4111,RB,3,0.5,0,bench,8,2024,3.4,ElatedBroncosFan
7,Nick Chubb,4988,RB,3,0,0,bench,8,2024,0,ElatedBroncosFan
7,Gus Edwards,5248,RB,3,0.9,0,bench,7,2024,5.5,ElatedBroncosFan
7,Hollywood Brown,5848,WR,3,0,0,bench,7,2024,0,ElatedBroncosFan
7,Greg Dortch,5970,WR,3,6.5,0,bench,7,2024,10.1,ElatedBroncosFan
7,Tyler Johnson,6960,WR,3,5,0,bench,6,2024,7.8,ElatedBroncosFan
7,Rico Dowdle,7021,RB,3,8.600000000000001,0,bench,6,2024,9.5,ElatedBroncosFan
7,Jerome Ford,8143,RB,3,10,0,bench,4,2024,13.8,ElatedBroncosFan
7,Tank Bigsby,9225,RB,3,0.9,0,bench,3,2024,5.2,ElatedBroncosFan
7,Puka Nacua,9493,WR,3,0,0,bench,3,2024,0,ElatedBroncosFan
10,DeAndre Hopkins,1426,WR,3,19.3,0,bench,13,2024,5.9,Gretsch0401
10,Odell Beckham Jr.,2078,WR,3,0,0,bench,12,2024,0,Gretsch0401
10,George Kittle,4217,TE,3,0,0,bench,9,2024,0,Gretsch0401
10,Jeff Wilson Jr.,5284,RB,3,1.4,0,bench,8,2024,1.7,Gretsch0401
10,Jakobi Meyers,5947,WR,3,19.2,0,bench,7,2024,8.2,Gretsch0401
10,Rashod Bateman,7571,WR,3,11.8,0,bench,5,2024,7.8,Gretsch0401
10,Justin Fields,7591,QB,3,19.4,0,bench,5,2024,17,Gretsch0401
10,Kenny Pickett,8160,QB,3,0,0,bench,4,2024,0,Gretsch0401
10,Christian Watson,8167,WR,3,8.7,0,bench,4,2024,8.5,Gretsch0401
10,Isiah Pacheco,8205,RB,3,0,0,bench,4,2024,0,Gretsch0401
2,Cedric Tillman,10444,WR,3,1.4,0,bench,3,2024,0,SFOControl
2,Drake Maye,11564,QB,3,2.08,0,bench,2,2024,0,SFOControl
2,Braelon Allen,11576,RB,3,9.8,0,bench,2,2024,4.1,SFOControl
2,Ja'Lynn Polk,11619,WR,3,3.3,0,bench,2,2024,6.3,SFOControl
2,Brandon McManus,1433,K,3,0,0,bench,13,2024,0,SFOControl
2,Joshua Dobbs,4179,QB,3,0,0,bench,9,2024,0,SFOControl
2,Daniel Jones,5870,QB,3,19.44,0,bench,7,2024,15.7,SFOControl
2,Deebo Samuel Sr.,5872,WR,3,0,0,bench,7,2024,0,SFOControl
2,Matt Gay,6083,K,3,3,0,bench,7,2024,20,SFOControl
2,A.J. Dillon,6828,RB,3,0,0,bench,6,2024,0,SFOControl
2,Isaiah Likely,8131,TE,3,1.4,0,bench,4,2024,9.8,SFOControl
2,Greg Dulcich,8172,TE,3,0,0,bench,4,2024,4.5,SFOControl
12,Carson Steele,11582,RB,3,8.399999999999999,0,bench,2,2024,9.2,TheJandyStock
12,Jonathon Brooks,11583,RB,3,0,0,bench,2,2024,0,TheJandyStock
12,Roman Wilson,11630,WR,3,0,0,bench,2,2024,0,TheJandyStock
12,Russell Wilson,1234,QB,3,0,0,bench,14,2024,0,TheJandyStock
12,Brandin Cooks,2197,WR,3,3.6,0,bench,12,2024,10.7,TheJandyStock
12,Aaron Jones,4199,RB,3,25.8,0,bench,9,2024,14.2,TheJandyStock
12,Jordan Love,6804,QB,3,0,0,bench,6,2024,0,TheJandyStock
12,Pat Freiermuth,7600,TE,3,7.300000000000001,0,bench,5,2024,8.9,TheJandyStock
12,Wan'Dale Robinson,8126,WR,3,13.1,0,bench,4,2024,10.2,TheJandyStock
12,Skylar Thompson,8206,QB,3,2.28,0,bench,4,2024,12.9,TheJandyStock
11,Brian Thomas Jr.,11631,WR,3,9.8,0,bench,2,2024,13.3,akondratieff
11,Raheem Mostert,2749,RB,3,0,0,bench,11,2024,0,akondratieff
11,Demarcus Robinson,3286,WR,3,4.2,0,bench,10,2024,13.1,akondratieff
11,DK Metcalf,5846,WR,3,20.4,0,bench,7,2024,15.5,akondratieff
11,Dawson Knox,5906,TE,3,1.7000000000000002,0,bench,7,2024,4.3,akondratieff
11,Jaylen Waddle,7526,WR,3,6.6,0,bench,5,2024,11.1,akondratieff
11,Elijah Moore,7596,WR,3,3.7,0,bench,5,2024,6.9,akondratieff
11,Cade Otton,8111,TE,3,9.7,0,bench,4,2024,7.2,akondratieff
11,Jahan Dotson,8119,WR,3,2.8,0,bench,4,2024,6.7,akondratieff
11,Tucker Kraft,9484,TE,3,4.4,0,bench,3,2024,5.2,akondratieff
4,Roschon Johnson,10235,RB,3,10.2,0,bench,3,2024,0,caskinner
4,Trey Benson,11589,RB,3,0.8,0,bench,2,2024,3.4,caskinner
4,Malachi Corley,11617,WR,3,0,0,bench,2,2024,0,caskinner
4,Ricky Pearsall,11638,WR,3,0,0,bench,2,2024,0,caskinner
4,Amari Cooper,2309,WR,3,27.6,0,bench,10,2024,11.3,caskinner
4,Tyler Lockett,2374,WR,3,9.6,0,bench,11,2024,10.2,caskinner
4,Dalton Schultz,5001,TE,3,3.1,0,bench,8,2024,7.7,caskinner
4,Antonio Gibson,6945,RB,3,6.7,0,bench,6,2024,5,caskinner
4,Elijah Mitchell,7561,RB,3,0,0,bench,5,2024,0,caskinner
4,Jaylen Warren,8228,RB,3,1.1,0,bench,4,2024,10.8,caskinner
4,Rashid Shaheed,8676,WR,3,0,0,bench,4,2024,13,caskinner
4,Bryce Young,9228,QB,3,0,0,bench,3,2024,0,caskinner
4,Dontayvion Wicks,9486,WR,3,0,0,bench,3,2024,2.4,caskinner
4,Tyjae Spears,9508,RB,3,10.1,0,bench,3,2024,7.6,caskinner
1,Caleb Williams,11560,QB,3,19.32,0,bench,2,2024,15.5,joeburrowmvp
1,Spencer Rattler,11562,QB,3,0,0,bench,2,2024,0,joeburrowmvp
1,Dylan Laube,11574,RB,3,0,0,bench,2,2024,0,joeburrowmvp
1,Jermaine Burton,11640,WR,3,0,0,bench,1,2024,0,joeburrowmvp
1,Javon Baker,11645,WR,3,0,0,bench,2,2024,0,joeburrowmvp
1,Keenan Allen,1479,WR,3,0,0,bench,13,2024,0,joeburrowmvp
1,Adam Thielen,1689,WR,3,13,0,bench,13,2024,8.5,joeburrowmvp
1,Kareem Hunt,4098,RB,3,0,0,bench,9,2024,0,joeburrowmvp
1,Taysom Hill,4381,TE,3,0,0,bench,9,2024,0,joeburrowmvp
1,Alexander Mattison,5987,RB,3,13.4,0,bench,7,2024,9.1,joeburrowmvp
1,Jerry Jeudy,6783,WR,3,6.7,0,bench,6,2024,9.9,joeburrowmvp
1,Zack Moss,6845,RB,3,20.700000000000003,0,bench,5,2024,13,joeburrowmvp
1,Aaron Rodgers,96,QB,3,21.040000000000003,0,bench,21,2024,14.9,joeburrowmvp
6,Andrei Iosivas,10226,WR,3,16.2,0,bench,3,2024,6.2,jzeigboi
6,Michael Wilson,10232,WR,3,14.4,0,bench,3,2024,8.2,jzeigboi
6,Michael Penix Jr.,11559,QB,3,0,0,bench,2,2024,0,jzeigboi
6,Xavier Worthy,11624,WR,3,5,0,bench,2,2024,12.9,jzeigboi
6,Jaylen Wright,11643,RB,3,1.7000000000000002,0,bench,2,2024,4.4,jzeigboi
6,Cooper Kupp,4039,WR,3,0,0,bench,9,2024,0,jzeigboi
6,A.J. Brown,5859,WR,3,0,0,bench,7,2024,0,jzeigboi
6,Gardner Minshew,6011,QB,3,14.96,0,bench,7,2024,14.7,jzeigboi
6,Khalil Shakir,8134,WR,3,19.2,0,bench,4,2024,12.8,jzeigboi
6,Quentin Johnston,9754,WR,3,12.4,0,bench,3,2024,10.7,jzeigboi
3,Ray Davis,11575,RB,3,9.3,0,bench,2,2024,3.1,lukestip
3,Adonai Mitchell,11625,WR,3,0,0,bench,2,2024,8.4,lukestip
3,Tyrone Tracy Jr.,11655,RB,3,6.000000000000001,0,bench,2,2024,1.8,lukestip
3,Mike Williams,4068,WR,3,6.4,0,bench,8,2024,6.1,lukestip
3,Curtis Samuel,4082,WR,3,5.2,0,bench,9,2024,5.8,lukestip
3,Justice Hill,5995,RB,3,7.4,0,bench,7,2024,5.7,lukestip
3,Miles Sanders,6151,RB,3,11,0,bench,7,2024,4.5,lukestip
3,Tua Tagovailoa,6768,QB,3,0,0,bench,6,2024,0,lukestip
3,Cole Kmet,6826,TE,3,25.700000000000003,0,bench,6,2024,8.9,lukestip
3,Cam Akers,6938,RB,3,9.9,0,bench,6,2024,10.4,lukestip
3,Gabe Davis,6943,WR,3,3.8,0,bench,6,2024,7.7,lukestip
3,Javonte Williams,7588,RB,3,6.1000000000000005,0,bench,5,2024,12.3,lukestip
3,Will Levis,9999,QB,3,15.599999999999998,0,bench,3,2024,15.1,lukestip
5,Jonathan Mingo,10225,WR,3,5,0,bench,3,2024,0,ngernenz
5,J.J. McCarthy,11565,QB,3,0,0,bench,2,2024,0,ngernenz
5,Bucky Irving,11584,RB,3,11.4,0,bench,2,2024,7.7,ngernenz
5,Xavier Legette,11626,WR,3,6.2,0,bench,2,2024,5.2,ngernenz
5,Jonnu Smith,4144,TE,3,3.8,0,bench,9,2024,6.5,ngernenz
5,Jamaal Williams,4149,RB,3,0.9,0,bench,8,2024,6.5,ngernenz
5,Courtland Sutton,5045,WR,3,13.8,0,bench,8,2024,10.8,ngernenz
5,Khalil Herbert,7608,RB,3,0.9,0,bench,5,2024,5.4,ngernenz
5,Ty Chandler,8230,RB,3,1.3,0,bench,4,2024,7.9,ngernenz
5,Josh Downs,9500,WR,3,5.2,0,bench,3,2024,5.3,ngernenz
5,Hendon Hooker,9998,QB,3,0,0,bench,3,2024,0,ngernenz
8,Emanuel Wilson,11435,RB,3,16.5,0,bench,3,2024,3.5,obiwanginobiIi
8,Jaleel McLaughlin,11439,RB,3,8.4,0,bench,3,2024,10.3,obiwanginobiIi
8,Will Shipley,11577,RB,3,0,0,bench,2,2024,0,obiwanginobiIi
8,Blake Corum,11586,RB,3,0,0,bench,2,2024,0,obiwanginobiIi
8,Luke McCaffrey,11650,WR,3,7.4,0,bench,2,2024,5.9,obiwanginobiIi
8,Dalvin Cook,4029,RB,3,0,0,bench,8,2024,0,obiwanginobiIi
8,Evan Engram,4066,TE,3,0,0,bench,9,2024,0,obiwanginobiIi
8,T.J. Hockenson,5844,TE,3,0,0,bench,7,2024,0,obiwanginobiIi
8,Darnell Mooney,7090,WR,3,14.6,0,bench,6,2024,8.8,obiwanginobiIi
8,Joshua Palmer,7670,WR,3,0,0,bench,5,2024,5.6,obiwanginobiIi
8,Tyler Allgeier,8132,RB,3,3.2,0,bench,4,2024,4.3,obiwanginobiIi
8,Alec Pierce,8142,WR,3,5.4,0,bench,4,2024,8.2,obiwanginobiIi
8,Jalen Nailor,8180,WR,3,12.4,0,bench,4,2024,8,obiwanginobiIi
8,Keaton Mitchell,9511,RB,3,0,0,bench,3,2024,0,obiwanginobiIi
8,Jordan Addison,9756,WR,3,0,0,bench,3,2024,0,obiwanginobiIi
9,Jared Goff,3163,QB,4,27.18,13.381774509803922,starter,NA,2024,14.8,Arvs
9,James Conner,4137,RB,4,18.3,8.192843137254902,starter,NA,2024,15.1,Arvs
9,Jonathan Taylor,6813,RB,4,19.8,9.692843137254902,starter,NA,2024,15.1,Arvs
9,Chris Godwin,4037,WR,4,12.9,0.7700490196078444,starter,NA,2024,16,Arvs
9,Malik Nabers,11632,WR,4,23.1,10.970049019607846,starter,NA,2024,16.2,Arvs
9,Zach Ertz,1339,TE,4,7.2,1.252892156862746,starter,NA,2024,9.5,Arvs
9,Christian Kirk,4950,WR,4,19.1,6.9700490196078455,starter,NA,2024,10.6,Arvs
9,Malik Willis,8161,QB,4,0,-13.798225490196078,starter,NA,2024,0,Arvs
9,Blake Grupe,11058,K,4,7,-0.769117647058823,starter,NA,2024,22,Arvs
9,Minnesota Vikings,MIN,DST,4,9,2.5514705882352944,starter,NA,2024,11,Arvs
7,Patrick Mahomes,4046,QB,4,14,0.2017745098039221,starter,NA,2024,20.2,ElatedBroncosFan
7,Bijan Robinson,9509,RB,4,11.4,1.292843137254902,starter,NA,2024,17.3,ElatedBroncosFan
7,J.K. Dobbins,6806,RB,4,9.2,-0.907156862745099,starter,NA,2024,14,ElatedBroncosFan
7,Nico Collins,7569,WR,4,33.1,20.97004901960785,starter,NA,2024,18.3,ElatedBroncosFan
7,Zay Flowers,9997,WR,4,2,-10.129950980392156,starter,NA,2024,15.4,ElatedBroncosFan
7,Dalton Kincaid,10236,TE,4,9.7,3.752892156862745,starter,NA,2024,10.4,ElatedBroncosFan
7,Jayden Reed,10222,WR,4,27.1,14.970049019607846,starter,NA,2024,14.7,ElatedBroncosFan
7,Bo Nix,11563,QB,4,6.7,-7.098225490196078,starter,NA,2024,14.3,ElatedBroncosFan
7,Evan McPherson,7839,K,4,13,5.230882352941177,starter,NA,2024,28,ElatedBroncosFan
7,Miami Dolphins,MIA,DST,4,2,-4.448529411764706,starter,NA,2024,6,ElatedBroncosFan
10,C.J. Stroud,9758,QB,4,23.5,9.701774509803922,starter,NA,2024,18,Gretsch0401
10,Chase Brown,9224,RB,4,23.2,13.0928431372549,starter,NA,2024,5.9,Gretsch0401
10,Brian Robinson Jr.,8154,RB,4,20.3,10.192843137254902,starter,NA,2024,13.2,Gretsch0401
10,Tyreek Hill,3321,WR,4,8.2,-3.9299509803921566,starter,NA,2024,14.2,Gretsch0401
10,Jakobi Meyers,5947,WR,4,9.9,-2.2299509803921556,starter,NA,2024,12.3,Gretsch0401
10,George Kittle,4217,TE,4,14.5,8.552892156862747,starter,NA,2024,13.3,Gretsch0401
10,Ladd McConkey,11635,WR,4,17.7,5.570049019607843,starter,NA,2024,11.4,Gretsch0401
10,Jayden Daniels,11566,QB,4,25.02,11.221774509803922,starter,NA,2024,19.5,Gretsch0401
10,Brandon Aubrey,11533,K,4,10,2.230882352941177,starter,NA,2024,32,Gretsch0401
10,Kansas City Chiefs,KC,DST,4,6,-0.4485294117647056,starter,NA,2024,25,Gretsch0401
2,Brock Purdy,8183,QB,4,15.62,7.203137254901961,starter,NA,2024,16.3,SFOControl
2,De'Von Achane,9226,RB,4,5.9,-4.207156862745098,starter,NA,2024,18.8,SFOControl
2,Austin Ekeler,4663,RB,4,0,-10.107156862745098,starter,NA,2024,0,SFOControl
2,CeeDee Lamb,6786,WR,4,23.6,9.801774509803924,starter,NA,2024,17.8,SFOControl
2,Drake London,8112,WR,4,12.4,-1.3982254901960776,starter,NA,2024,13.4,SFOControl
2,Jake Ferguson,8110,TE,4,11.9,5.952892156862746,starter,NA,2024,12.1,SFOControl
2,Brandon Aiyuk,6803,WR,4,6.8,-6.998225490196078,starter,NA,2024,14.4,SFOControl
2,Mike Evans,2216,WR,4,23.4,9.60177450980392,starter,NA,2024,16.1,SFOControl
2,Younghoe Koo,4666,K,4,20,12.230882352941176,starter,NA,2024,23,SFOControl
2,Buffalo Bills,BUF,DST,4,1,-5.448529411764706,starter,NA,2024,12,SFOControl
12,Andy Dalton,829,QB,4,16.7,2.901774509803922,starter,NA,2024,14.8,TheJandyStock
12,Saquon Barkley,4866,RB,4,13.6,1.4700490196078435,starter,NA,2024,20,TheJandyStock
12,Derrick Henry,3198,RB,4,35.9,23.770049019607843,starter,NA,2024,13.6,TheJandyStock
12,George Pickens,8137,WR,4,16.3,6.04843137254902,starter,NA,2024,13.9,TheJandyStock
12,Rashee Rice,10229,WR,4,0,-10.25156862745098,starter,NA,2024,18.5,TheJandyStock
12,Sam LaPorta,10859,TE,4,9.3,3.3528921568627466,starter,NA,2024,11.2,TheJandyStock
12,Aaron Jones,4199,RB,4,17.9,5.770049019607843,starter,NA,2024,16.8,TheJandyStock
12,Baker Mayfield,4892,QB,4,28.88,15.08177450980392,starter,NA,2024,17.2,TheJandyStock
12,Chris Boswell,1945,K,4,8,0.23088235294117695,starter,NA,2024,21,TheJandyStock
12,Pittsburgh Steelers,PIT,DST,4,3,-3.4485294117647056,starter,NA,2024,30,TheJandyStock
11,Lamar Jackson,4881,QB,4,23.64,9.841774509803924,starter,NA,2024,22.2,akondratieff
11,Breece Hall,8155,RB,4,3.8,-8.329950980392155,starter,NA,2024,19.5,akondratieff
11,Najee Harris,7528,RB,4,10.3,-1.8299509803921552,starter,NA,2024,12.6,akondratieff
11,Jameson Williams,8148,WR,4,16,5.748431372549019,starter,NA,2024,13.8,akondratieff
11,DK Metcalf,5846,WR,4,15.4,5.14843137254902,starter,NA,2024,15.3,akondratieff
11,Kyle Pitts,7553,TE,4,0,-5.947107843137254,starter,NA,2024,13,akondratieff
11,Rhamondre Stevenson,7611,RB,4,8.2,-3.9299509803921566,starter,NA,2024,13.9,akondratieff
11,Deshaun Watson,4017,QB,4,13.24,-0.5582254901960777,starter,NA,2024,16,akondratieff
11,Tyler Bass,7042,K,4,5,-2.769117647058823,starter,NA,2024,24,akondratieff
11,Tampa Bay Buccaneers,TB,DST,4,12,5.551470588235294,starter,NA,2024,13,akondratieff
4,Joe Burrow,6770,QB,4,17.28,3.4817745098039232,starter,NA,2024,18,caskinner
4,James Cook,8138,RB,4,5.8,-4.3071568627450985,starter,NA,2024,17.3,caskinner
4,Jordan Mason,8408,RB,4,24,13.892843137254902,starter,NA,2024,16.7,caskinner
4,Amon-Ra St. Brown,7547,WR,4,20.78,8.650049019607845,starter,NA,2024,18.2,caskinner
4,Chris Olave,8144,WR,4,16.7,4.570049019607843,starter,NA,2024,16.7,caskinner
4,Dalton Schultz,5001,TE,4,6.4,0.4528921568627462,starter,NA,2024,7.2,caskinner
4,Amari Cooper,2309,WR,4,7.5,-4.629950980392156,starter,NA,2024,13.9,caskinner
4,Matthew Stafford,421,QB,4,5.86,-7.938225490196078,starter,NA,2024,12.7,caskinner
4,Ka'imi Fairbairn,3451,K,4,6,-1.769117647058823,starter,NA,2024,29,caskinner
4,Tennessee Titans,TEN,DST,4,10,3.5514705882352944,starter,NA,2024,28,caskinner
1,Caleb Williams,11560,QB,4,11.48,-2.3182254901960775,starter,NA,2024,16.5,joeburrowmvp
1,Alvin Kamara,4035,RB,4,24.9,12.770049019607844,starter,NA,2024,19.8,joeburrowmvp
1,David Montgomery,5892,RB,4,15,2.870049019607844,starter,NA,2024,13.7,joeburrowmvp
1,Marvin Harrison Jr.,11628,WR,4,15.5,5.248431372549019,starter,NA,2024,17.3,joeburrowmvp
1,Keenan Allen,1479,WR,4,4.9,-5.35156862745098,starter,NA,2024,10.3,joeburrowmvp
1,Mark Andrews,5012,TE,4,0,-5.947107843137254,starter,NA,2024,11.8,joeburrowmvp
1,Zack Moss,6845,RB,4,17.8,5.670049019607845,starter,NA,2024,14.4,joeburrowmvp
1,Kyler Murray,5849,QB,4,9.98,-3.8182254901960775,starter,NA,2024,22.1,joeburrowmvp
1,Justin Tucker,1264,K,4,5,-2.769117647058823,starter,NA,2024,26,joeburrowmvp
1,New York Jets,NYJ,DST,4,7,0.5514705882352944,starter,NA,2024,31,joeburrowmvp
6,Josh Allen,4984,QB,4,7.3,-6.498225490196078,starter,NA,2024,23.7,jzeigboi
6,Jahmyr Gibbs,9221,RB,4,19.8,7.670049019607845,starter,NA,2024,16.9,jzeigboi
6,Tony Pollard,5967,RB,4,18.8,6.670049019607845,starter,NA,2024,14.1,jzeigboi
6,Tee Higgins,6801,WR,4,12,1.7484313725490193,starter,NA,2024,12.2,jzeigboi
6,Khalil Shakir,8134,WR,4,10.2,-0.05156862745098145,starter,NA,2024,13.1,jzeigboi
6,Dallas Goedert,5022,TE,4,13.2,7.252892156862745,starter,NA,2024,14.3,jzeigboi
6,Devin Singletary,6130,RB,4,4.8,-7.329950980392156,starter,NA,2024,14.3,jzeigboi
6,Kirk Cousins,1166,QB,4,8.52,-5.278225490196078,starter,NA,2024,14.6,jzeigboi
6,Daniel Carlson,5095,K,4,10,2.230882352941177,starter,NA,2024,20,jzeigboi
6,Cleveland Browns,CLE,DST,4,12,5.551470588235294,starter,NA,2024,24,jzeigboi
3,Dak Prescott,3294,QB,4,16.74,2.9417745098039205,starter,NA,2024,17,lukestip
3,Joe Mixon,4018,RB,4,0,-10.107156862745098,starter,NA,2024,0,lukestip
3,Kenneth Walker III,8151,RB,4,33.6,23.4928431372549,starter,NA,2024,13.6,lukestip
3,Justin Jefferson,6794,WR,4,20.5,8.370049019607844,starter,NA,2024,18.5,lukestip
3,D.J. Moore,4983,WR,4,11.2,-0.9299509803921566,starter,NA,2024,14.3,lukestip
3,Brock Bowers,11604,TE,4,5.1,-0.8471078431372545,starter,NA,2024,14.4,lukestip
3,Allen Lazard,5185,WR,4,10.8,-1.3299509803921552,starter,NA,2024,8.4,lukestip
3,Sam Darnold,4943,QB,4,21.5,7.701774509803922,starter,NA,2024,15,lukestip
3,Jake Elliott,4195,K,4,2,-5.769117647058823,starter,NA,2024,27,lukestip
3,San Francisco 49ers,SF,DST,4,26,19.551470588235293,starter,NA,2024,32,lukestip
5,Trevor Lawrence,7523,QB,4,14.76,0.961774509803922,starter,NA,2024,15,ngernenz
5,Kyren Williams,8150,RB,4,20.4,10.2928431372549,starter,NA,2024,18.8,ngernenz
5,Travis Etienne,7543,RB,4,7,-3.1071568627450983,starter,NA,2024,13.2,ngernenz
5,Ja'Marr Chase,7564,WR,4,17.5,5.370049019607844,starter,NA,2024,18.9,ngernenz
5,Stefon Diggs,2449,WR,4,18.5,6.370049019607844,starter,NA,2024,14.6,ngernenz
5,Jonnu Smith,4144,TE,4,0,-5.947107843137254,starter,NA,2024,5.2,ngernenz
5,Diontae Johnson,5937,WR,4,21.3,9.170049019607845,starter,NA,2024,14.2,ngernenz
5,Geno Smith,1373,QB,4,22.6,8.801774509803924,starter,NA,2024,16.4,ngernenz
5,Jake Moody,10937,K,4,13,5.230882352941177,starter,NA,2024,30,ngernenz
5,Cincinnati Bengals,CIN,DST,4,2,-4.448529411764706,starter,NA,2024,17,ngernenz
8,Jalen Hurts,6904,QB,4,16.32,2.5217745098039224,starter,NA,2024,21.2,obiwanginobiIi
8,Rachaad White,8136,RB,4,10.4,0.2928431372549021,starter,NA,2024,12.4,obiwanginobiIi
8,Chuba Hubbard,7594,RB,4,22.1,11.992843137254903,starter,NA,2024,13.5,obiwanginobiIi
8,Garrett Wilson,8146,WR,4,7.1,-5.029950980392156,starter,NA,2024,14.7,obiwanginobiIi
8,Rome Odunze,11620,WR,4,2,-10.129950980392156,starter,NA,2024,8.8,obiwanginobiIi
8,Colby Parkinson,6865,TE,4,7.3,1.3528921568627457,starter,NA,2024,9.4,obiwanginobiIi
8,Jordan Addison,9756,WR,4,22.9,10.770049019607844,starter,NA,2024,10.5,obiwanginobiIi
8,Anthony Richardson,9229,QB,4,5.24,-8.558225490196078,starter,NA,2024,18.7,obiwanginobiIi
8,Cameron Dicker,8259,K,4,5,-2.769117647058823,starter,NA,2024,18,obiwanginobiIi
8,Dallas Cowboys,DAL,DST,4,5,-1.4485294117647056,starter,NA,2024,27,obiwanginobiIi
9,Jordan Whittington,11623,WR,4,12.2,0,bench,2,2024,5.5,Arvs
9,Travis Kelce,1466,TE,4,15.9,0,bench,13,2024,13.4,Arvs
9,Ezekiel Elliott,3164,RB,4,3.4000000000000004,0,bench,9,2024,8,Arvs
9,Hunter Henry,3214,TE,4,3.2,0,bench,10,2024,10.1,Arvs
9,Jacoby Brissett,3257,QB,4,6.019999999999999,0,bench,10,2024,11.7,Arvs
9,Christian McCaffrey,4034,RB,4,0,0,bench,9,2024,0,Arvs
9,Mike Gesicki,4993,TE,4,0.09999999999999998,0,bench,8,2024,8.4,Arvs
9,Terry McLaurin,5927,WR,4,18.2,0,bench,7,2024,13.7,Arvs
9,Ty Johnson,6039,RB,4,6.3,0,bench,7,2024,0.7,Arvs
9,Jauan Jennings,7049,WR,4,11.8,0,bench,6,2024,8.5,Arvs
9,Jalen Tolbert,8117,WR,4,5.4,0,bench,4,2024,5.9,Arvs
7,Keon Coleman,11637,WR,4,8.100000000000001,0,bench,2,2024,10.9,ElatedBroncosFan
7,Kimani Vidal,11647,RB,4,0,0,bench,2,2024,0,ElatedBroncosFan
7,Derek Carr,2028,QB,4,9.06,0,bench,11,2024,15.7,ElatedBroncosFan
7,Nick Chubb,4988,RB,4,0,0,bench,8,2024,0,ElatedBroncosFan
7,Gus Edwards,5248,RB,4,1.9,0,bench,7,2024,4,ElatedBroncosFan
7,Hollywood Brown,5848,WR,4,0,0,bench,7,2024,0,ElatedBroncosFan
7,Greg Dortch,5970,WR,4,7.800000000000001,0,bench,7,2024,9.9,ElatedBroncosFan
7,Tyler Johnson,6960,WR,4,0,0,bench,6,2024,7.9,ElatedBroncosFan
7,Rico Dowdle,7021,RB,4,13.1,0,bench,6,2024,9.5,ElatedBroncosFan
7,Tyler Huntley,7083,QB,4,11.84,0,bench,6,2024,15.7,ElatedBroncosFan
7,Jerome Ford,8143,RB,4,15.5,0,bench,4,2024,13.5,ElatedBroncosFan
7,Tank Bigsby,9225,RB,4,9,0,bench,3,2024,2.4,ElatedBroncosFan
7,Puka Nacua,9493,WR,4,0,0,bench,3,2024,0,ElatedBroncosFan
10,Ja'Tavion Sanders,11600,TE,4,3.6,0,bench,2,2024,2,Gretsch0401
10,DeAndre Hopkins,1426,WR,4,5.1,0,bench,13,2024,7.9,Gretsch0401
10,Odell Beckham Jr.,2078,WR,4,0,0,bench,12,2024,0,Gretsch0401
10,Davante Adams,2133,WR,4,0,0,bench,12,2024,0,Gretsch0401
10,Jeff Wilson Jr.,5284,RB,4,0,0,bench,8,2024,1.4,Gretsch0401
10,Rashod Bateman,7571,WR,4,3.3000000000000003,0,bench,5,2024,7.8,Gretsch0401
10,Justin Fields,7591,QB,4,30.98,0,bench,5,2024,16.3,Gretsch0401
10,Kenny Pickett,8160,QB,4,0,0,bench,4,2024,0,Gretsch0401
10,Christian Watson,8167,WR,4,0,0,bench,4,2024,9.1,Gretsch0401
10,Isiah Pacheco,8205,RB,4,0,0,bench,4,2024,0,Gretsch0401
2,Cedric Tillman,10444,WR,4,0,0,bench,3,2024,0,SFOControl
2,Drake Maye,11564,QB,4,0,0,bench,2,2024,0,SFOControl
2,Braelon Allen,11576,RB,4,5.6000000000000005,0,bench,2,2024,6.5,SFOControl
2,Ja'Lynn Polk,11619,WR,4,6,0,bench,2,2024,6.2,SFOControl
2,Brandon McManus,1433,K,4,0,0,bench,13,2024,0,SFOControl
2,Joshua Dobbs,4179,QB,4,0,0,bench,9,2024,0,SFOControl
2,Daniel Jones,5870,QB,4,10.54,0,bench,7,2024,15.6,SFOControl
2,Deebo Samuel Sr.,5872,WR,4,10.2,0,bench,7,2024,12.9,SFOControl
2,Matt Gay,6083,K,4,8,0,bench,7,2024,8,SFOControl
2,A.J. Dillon,6828,RB,4,0,0,bench,6,2024,0,SFOControl
2,Isaiah Likely,8131,TE,4,3.6,0,bench,4,2024,8.6,SFOControl
2,Greg Dulcich,8172,TE,4,0,0,bench,4,2024,4.9,SFOControl
12,Carson Steele,11582,RB,4,-0.3999999999999999,0,bench,2,2024,9.9,TheJandyStock
12,Jonathon Brooks,11583,RB,4,0,0,bench,2,2024,0,TheJandyStock
12,Roman Wilson,11630,WR,4,0,0,bench,2,2024,0,TheJandyStock
12,Russell Wilson,1234,QB,4,0,0,bench,14,2024,0,TheJandyStock
12,Brandin Cooks,2197,WR,4,2.6,0,bench,12,2024,10.5,TheJandyStock
12,Calvin Ridley,4981,WR,4,2.5,0,bench,8,2024,14,TheJandyStock
12,Josh Jacobs,5850,RB,4,11.8,0,bench,7,2024,16.1,TheJandyStock
12,Jordan Love,6804,QB,4,31.160000000000004,0,bench,6,2024,16.8,TheJandyStock
12,Pat Freiermuth,7600,TE,4,16.7,0,bench,5,2024,7.7,TheJandyStock
12,Wan'Dale Robinson,8126,WR,4,18.1,0,bench,4,2024,9.9,TheJandyStock
11,Tre Tucker,10213,WR,4,15.400000000000002,0,bench,3,2024,9.7,akondratieff
11,Brian Thomas Jr.,11631,WR,4,21.9,0,bench,2,2024,11.6,akondratieff
11,Raheem Mostert,2749,RB,4,0,0,bench,11,2024,0,akondratieff
11,Demarcus Robinson,3286,WR,4,5.7,0,bench,10,2024,11,akondratieff
11,Dawson Knox,5906,TE,4,1,0,bench,7,2024,3.1,akondratieff
11,Michael Pittman Jr.,6819,WR,4,17.3,0,bench,6,2024,10.6,akondratieff
11,Jaylen Waddle,7526,WR,4,7.6,0,bench,5,2024,10.8,akondratieff
11,Cade Otton,8111,TE,4,11.2,0,bench,4,2024,7.3,akondratieff
11,Jahan Dotson,8119,WR,4,3.1,0,bench,4,2024,7.6,akondratieff
11,Tucker Kraft,9484,TE,4,15.3,0,bench,3,2024,5.3,akondratieff
4,Roschon Johnson,10235,RB,4,8.6,0,bench,3,2024,7,caskinner
4,Trey Benson,11589,RB,4,4,0,bench,2,2024,3.3,caskinner
4,Malachi Corley,11617,WR,4,0,0,bench,2,2024,0,caskinner
4,Ricky Pearsall,11638,WR,4,0,0,bench,2,2024,0,caskinner
4,Tyler Lockett,2374,WR,4,11.1,0,bench,11,2024,9.9,caskinner
4,D'Andre Swift,6790,RB,4,29.5,0,bench,6,2024,8.9,caskinner
4,Elijah Mitchell,7561,RB,4,0,0,bench,5,2024,0,caskinner
4,Trey McBride,8130,TE,4,0,0,bench,4,2024,0,caskinner
4,Jaylen Warren,8228,RB,4,0,0,bench,4,2024,0,caskinner
4,Rashid Shaheed,8676,WR,4,17.700000000000003,0,bench,4,2024,11.8,caskinner
4,Bryce Young,9228,QB,4,0,0,bench,3,2024,0,caskinner
4,Dontayvion Wicks,9486,WR,4,24.8,0,bench,3,2024,4.9,caskinner
4,Jaxon Smith-Njigba,9488,WR,4,13.1,0,bench,3,2024,14.3,caskinner
4,Tyjae Spears,9508,RB,4,11.9,0,bench,3,2024,8.5,caskinner
1,Spencer Rattler,11562,QB,4,0,0,bench,2,2024,0,joeburrowmvp
1,Dylan Laube,11574,RB,4,0,0,bench,2,2024,0,joeburrowmvp
1,Jermaine Burton,11640,WR,4,0,0,bench,1,2024,0,joeburrowmvp
1,Javon Baker,11645,WR,4,0,0,bench,2,2024,0,joeburrowmvp
1,Adam Thielen,1689,WR,4,0,0,bench,13,2024,0,joeburrowmvp
1,Kareem Hunt,4098,RB,4,10.5,0,bench,9,2024,2.5,joeburrowmvp
1,Samaje Perine,4147,RB,4,7.4,0,bench,9,2024,3.9,joeburrowmvp
1,Taysom Hill,4381,TE,4,14.4,0,bench,9,2024,4.4,joeburrowmvp
1,Tyler Conklin,5133,TE,4,5.7,0,bench,8,2024,7.5,joeburrowmvp
1,Jerry Jeudy,6783,WR,4,13.2,0,bench,6,2024,9.7,joeburrowmvp
1,Justin Herbert,6797,QB,4,10.16,0,bench,6,2024,12.3,joeburrowmvp
1,DeVonta Smith,7525,WR,4,0,0,bench,5,2024,0,joeburrowmvp
1,Zamir White,8139,RB,4,3,0,bench,4,2024,7.6,joeburrowmvp
1,Aaron Rodgers,96,QB,4,11.6,0,bench,21,2024,15.2,joeburrowmvp
6,Andrei Iosivas,10226,WR,4,3.9,0,bench,3,2024,8.2,jzeigboi
6,Michael Wilson,10232,WR,4,4.800000000000001,0,bench,3,2024,11,jzeigboi
6,Michael Penix Jr.,11559,QB,4,0,0,bench,2,2024,0,jzeigboi
6,Xavier Worthy,11624,WR,4,16.3,0,bench,2,2024,12.2,jzeigboi
6,Jaylen Wright,11643,RB,4,3.2,0,bench,2,2024,3.7,jzeigboi
6,Cooper Kupp,4039,WR,4,0,0,bench,9,2024,0,jzeigboi
6,A.J. Brown,5859,WR,4,0,0,bench,7,2024,0,jzeigboi
6,Gardner Minshew,6011,QB,4,5,0,bench,7,2024,13.6,jzeigboi
6,Tank Dell,9502,WR,4,0,0,bench,3,2024,0,jzeigboi
6,Quentin Johnston,9754,WR,4,2.3,0,bench,3,2024,11,jzeigboi
3,Ray Davis,11575,RB,4,1.1,0,bench,2,2024,3,lukestip
3,Adonai Mitchell,11625,WR,4,1,0,bench,2,2024,4.8,lukestip
3,Tyrone Tracy Jr.,11655,RB,4,3.1,0,bench,2,2024,1.8,lukestip
3,Mike Williams,4068,WR,4,10.7,0,bench,8,2024,7.5,lukestip
3,Curtis Samuel,4082,WR,4,3.5,0,bench,9,2024,5.1,lukestip
3,Justice Hill,5995,RB,4,21.6,0,bench,7,2024,5.7,lukestip
3,Miles Sanders,6151,RB,4,7.6,0,bench,7,2024,4.4,lukestip
3,Tua Tagovailoa,6768,QB,4,0,0,bench,6,2024,0,lukestip
3,Cole Kmet,6826,TE,4,6.4,0,bench,6,2024,9.4,lukestip
3,Cam Akers,6938,RB,4,5.300000000000001,0,bench,6,2024,9.3,lukestip
3,Gabe Davis,6943,WR,4,0.8,0,bench,6,2024,7.3,lukestip
3,Javonte Williams,7588,RB,4,10,0,bench,5,2024,11.4,lukestip
3,Will Levis,9999,QB,4,0.5,0,bench,3,2024,15.2,lukestip
5,Jonathan Mingo,10225,WR,4,5.4,0,bench,3,2024,4.5,ngernenz
5,J.J. McCarthy,11565,QB,4,0,0,bench,2,2024,0,ngernenz
5,Bucky Irving,11584,RB,4,12.5,0,bench,2,2024,8.2,ngernenz
5,Xavier Legette,11626,WR,4,19.6,0,bench,2,2024,5.2,ngernenz
5,David Njoku,4033,TE,4,0,0,bench,9,2024,0,ngernenz
5,Jamaal Williams,4149,RB,4,3.9,0,bench,8,2024,5.8,ngernenz
5,Courtland Sutton,5045,WR,4,15,0,bench,8,2024,11.2,ngernenz
5,Khalil Herbert,7608,RB,4,0,0,bench,5,2024,2.1,ngernenz
5,Ty Chandler,8230,RB,4,2.3,0,bench,4,2024,6.7,ngernenz
5,Josh Downs,9500,WR,4,22.200000000000003,0,bench,3,2024,6.3,ngernenz
5,Hendon Hooker,9998,QB,4,0,0,bench,3,2024,0,ngernenz
8,Emanuel Wilson,11435,RB,4,2.7,0,bench,3,2024,4.9,obiwanginobiIi
8,Jaleel McLaughlin,11439,RB,4,5.6000000000000005,0,bench,3,2024,7.8,obiwanginobiIi
8,Will Shipley,11577,RB,4,0,0,bench,2,2024,0,obiwanginobiIi
8,Blake Corum,11586,RB,4,0,0,bench,2,2024,0,obiwanginobiIi
8,Luke McCaffrey,11650,WR,4,2.7,0,bench,2,2024,5.9,obiwanginobiIi
8,Evan Engram,4066,TE,4,0,0,bench,9,2024,0,obiwanginobiIi
8,T.J. Hockenson,5844,TE,4,0,0,bench,7,2024,0,obiwanginobiIi
8,Alexander Mattison,5987,RB,4,6,0,bench,7,2024,9,obiwanginobiIi
8,Darnell Mooney,7090,WR,4,8.600000000000001,0,bench,6,2024,11.1,obiwanginobiIi
8,Joshua Palmer,7670,WR,4,6.6,0,bench,5,2024,0,obiwanginobiIi
8,Tyler Allgeier,8132,RB,4,10,0,bench,4,2024,4.4,obiwanginobiIi
8,Alec Pierce,8142,WR,4,1.9,0,bench,4,2024,6.9,obiwanginobiIi
8,Jalen Nailor,8180,WR,4,4.1,0,bench,4,2024,6.6,obiwanginobiIi
8,Keaton Mitchell,9511,RB,4,0,0,bench,3,2024,0,obiwanginobiIi
8,Zach Charbonnet,9753,RB,4,10.4,0,bench,3,2024,6.6,obiwanginobiIi
9,Jacoby Brissett,3257,QB,5,7.4,0.12647058823529456,starter,NA,2024,12,Arvs
9,James Conner,4137,RB,5,14,4.569509803921569,starter,NA,2024,13.3,Arvs
9,Dare Ogunbowale,4718,RB,5,14.7,5.269509803921569,starter,NA,2024,6.3,Arvs
9,Chris Godwin,4037,WR,5,11.6,0.30660784313725564,starter,NA,2024,16.1,Arvs
9,Jordan Whittington,11623,WR,5,15.9,4.606607843137256,starter,NA,2024,11.9,Arvs
9,Travis Kelce,1466,TE,5,16,7.521225490196079,starter,NA,2024,14.9,Arvs
9,Christian Kirk,4950,WR,5,12.8,1.5066078431372567,starter,NA,2024,11.7,Arvs
9,Terry McLaurin,5927,WR,5,13.4,2.1066078431372564,starter,NA,2024,14.4,Arvs
9,Brayden Narveson,11949,K,5,7,-0.769117647058823,starter,NA,2024,19,Arvs
9,Minnesota Vikings,MIN,DST,5,17,11.309803921568628,starter,NA,2024,28,Arvs
7,Patrick Mahomes,4046,QB,5,14.44,3.1466078431372555,starter,NA,2024,17.8,ElatedBroncosFan
7,Bijan Robinson,9509,RB,5,10.7,1.2695098039215686,starter,NA,2024,17.1,ElatedBroncosFan
7,Jerome Ford,8143,RB,5,7.9,-1.5304901960784305,starter,NA,2024,13.9,ElatedBroncosFan
7,Nico Collins,7569,WR,5,15.8,6.166715686274511,starter,NA,2024,17.5,ElatedBroncosFan
7,Zay Flowers,9997,WR,5,19,9.36671568627451,starter,NA,2024,13.9,ElatedBroncosFan
7,Dalton Kincaid,10236,TE,5,5.4,-3.078774509803921,starter,NA,2024,10.4,ElatedBroncosFan
7,Jayden Reed,10222,WR,5,13.7,4.0667156862745095,starter,NA,2024,18,ElatedBroncosFan
7,Bo Nix,11563,QB,5,23.14,11.846607843137257,starter,NA,2024,13.3,ElatedBroncosFan
7,Evan McPherson,7839,K,5,3,-4.769117647058823,starter,NA,2024,28,ElatedBroncosFan
7,Seattle Seahawks,SEA,DST,5,12,6.309803921568628,starter,NA,2024,29,ElatedBroncosFan
10,C.J. Stroud,9758,QB,5,16.94,5.646607843137257,starter,NA,2024,18,Gretsch0401
10,Chase Brown,9224,RB,5,16.4,6.969509803921568,starter,NA,2024,6.9,Gretsch0401
10,Brian Robinson Jr.,8154,RB,5,13.8,4.36950980392157,starter,NA,2024,12.5,Gretsch0401
10,Tyreek Hill,3321,WR,5,12.9,3.2667156862745106,starter,NA,2024,13.3,Gretsch0401
10,Jakobi Meyers,5947,WR,5,13.2,3.5667156862745095,starter,NA,2024,12.1,Gretsch0401
10,George Kittle,4217,TE,5,20.4,11.921225490196075,starter,NA,2024,13.2,Gretsch0401
10,Rashod Bateman,7571,WR,5,15.8,6.166715686274511,starter,NA,2024,7.5,Gretsch0401
10,Jayden Daniels,11566,QB,5,20.72,9.426607843137257,starter,NA,2024,20.9,Gretsch0401
10,Brandon Aubrey,11533,K,5,9,1.230882352941177,starter,NA,2024,27,Gretsch0401
10,Kansas City Chiefs,KC,DST,5,7,1.309803921568628,starter,NA,2024,23,Gretsch0401
2,Brock Purdy,8183,QB,5,15.06,7.786470588235295,starter,NA,2024,17,SFOControl
2,De'Von Achane,9226,RB,5,2.7,-6.7304901960784305,starter,NA,2024,15.6,SFOControl
2,Austin Ekeler,4663,RB,5,11.7,2.2695098039215686,starter,NA,2024,10.7,SFOControl
2,CeeDee Lamb,6786,WR,5,11.4,0.10660784313725637,starter,NA,2024,17.4,SFOControl
2,Drake London,8112,WR,5,33.4,22.106607843137255,starter,NA,2024,13.9,SFOControl
2,Jake Ferguson,8110,TE,5,13,4.521225490196079,starter,NA,2024,12.3,SFOControl
2,Brandon Aiyuk,6803,WR,5,22.7,11.406607843137255,starter,NA,2024,13.7,SFOControl
2,Mike Evans,2216,WR,5,23.2,11.906607843137255,starter,NA,2024,16,SFOControl
2,Younghoe Koo,4666,K,5,15,7.230882352941177,starter,NA,2024,26,SFOControl
2,Buffalo Bills,BUF,DST,5,6,0.3098039215686281,starter,NA,2024,14,SFOControl
12,Jordan Love,6804,QB,5,16.96,5.666607843137257,starter,NA,2024,17.8,TheJandyStock
12,Josh Jacobs,5850,RB,5,16.4,6.766715686274509,starter,NA,2024,13.2,TheJandyStock
12,Derrick Henry,3198,RB,5,16.6,6.966715686274512,starter,NA,2024,14.4,TheJandyStock
12,Wan'Dale Robinson,8126,WR,5,16,5.491764705882353,starter,NA,2024,13.6,TheJandyStock
12,George Pickens,8137,WR,5,5.6,-4.908235294117647,starter,NA,2024,14.2,TheJandyStock
12,Pat Freiermuth,7600,TE,5,9.2,0.721225490196078,starter,NA,2024,9.2,TheJandyStock
12,Aaron Jones,4199,RB,5,6.3,-3.33328431372549,starter,NA,2024,17.5,TheJandyStock
12,Baker Mayfield,4892,QB,5,23.4,12.106607843137256,starter,NA,2024,17.5,TheJandyStock
12,Chris Boswell,1945,K,5,6,-1.769117647058823,starter,NA,2024,24,TheJandyStock
12,Pittsburgh Steelers,PIT,DST,5,13,7.309803921568628,starter,NA,2024,20,TheJandyStock
11,Lamar Jackson,4881,QB,5,33.42,22.126607843137258,starter,NA,2024,22.5,akondratieff
11,Breece Hall,8155,RB,5,6.7,-2.7304901960784305,starter,NA,2024,17.1,akondratieff
11,Najee Harris,7528,RB,5,9.7,0.26950980392156865,starter,NA,2024,13.9,akondratieff
11,Michael Pittman Jr.,6819,WR,5,14.7,5.0667156862745095,starter,NA,2024,15,akondratieff
11,DK Metcalf,5846,WR,5,7.5,-2.1332843137254898,starter,NA,2024,17,akondratieff
11,Kyle Pitts,7553,TE,5,15.8,7.321225490196079,starter,NA,2024,7.6,akondratieff
11,Brian Thomas Jr.,11631,WR,5,23.2,13.56671568627451,starter,NA,2024,13.1,akondratieff
11,Deshaun Watson,4017,QB,5,8.4,-2.8933921568627436,starter,NA,2024,16.8,akondratieff
11,Tyler Bass,7042,K,5,8,0.23088235294117695,starter,NA,2024,23,akondratieff
11,Tampa Bay Buccaneers,TB,DST,5,5,-0.6901960784313719,starter,NA,2024,15,akondratieff
4,Joe Burrow,6770,QB,5,34.78,23.486607843137257,starter,NA,2024,18,caskinner
4,James Cook,8138,RB,5,17.9,8.266715686274509,starter,NA,2024,17.2,caskinner
4,D'Andre Swift,6790,RB,5,20,10.36671568627451,starter,NA,2024,15.4,caskinner
4,Jaxon Smith-Njigba,9488,WR,5,13.1,2.591764705882353,starter,NA,2024,14.4,caskinner
4,Chris Olave,8144,WR,5,3,-7.508235294117647,starter,NA,2024,13.6,caskinner
4,Trey McBride,8130,TE,5,11.3,2.8212254901960794,starter,NA,2024,11.8,caskinner
4,Jordan Mason,8408,RB,5,8.8,-0.8332843137254891,starter,NA,2024,17.7,caskinner
4,Matthew Stafford,421,QB,5,13.4,2.1066078431372564,starter,NA,2024,12.5,caskinner
4,Ka'imi Fairbairn,3451,K,5,16,8.230882352941176,starter,NA,2024,29,caskinner
4,Denver Broncos,DEN,DST,5,16,10.309803921568628,starter,NA,2024,32,caskinner
1,Caleb Williams,11560,QB,5,23.56,12.266607843137256,starter,NA,2024,15.2,joeburrowmvp
1,Alvin Kamara,4035,RB,5,12.6,2.96671568627451,starter,NA,2024,20.1,joeburrowmvp
1,Kareem Hunt,4098,RB,5,18.7,9.06671568627451,starter,NA,2024,10.3,joeburrowmvp
1,Marvin Harrison Jr.,11628,WR,5,5.6,-4.908235294117647,starter,NA,2024,16.6,joeburrowmvp
1,Keenan Allen,1479,WR,5,6.3,-4.208235294117647,starter,NA,2024,8.8,joeburrowmvp
1,Tyler Conklin,5133,TE,5,11.5,3.0212254901960787,starter,NA,2024,7.8,joeburrowmvp
1,Zack Moss,6845,RB,5,8.2,-1.4332843137254905,starter,NA,2024,14.1,joeburrowmvp
1,Kyler Murray,5849,QB,5,25.1,13.806607843137256,starter,NA,2024,20.8,joeburrowmvp
1,Justin Tucker,1264,K,5,13,5.230882352941177,starter,NA,2024,31,joeburrowmvp
1,New York Jets,NYJ,DST,5,9,3.309803921568628,starter,NA,2024,19,joeburrowmvp
6,Josh Allen,4984,QB,5,14.64,3.346607843137257,starter,NA,2024,21.6,jzeigboi
6,Devin Singletary,6130,RB,5,0,-9.43049019607843,starter,NA,2024,0,jzeigboi
6,Jaylen Wright,11643,RB,5,8.6,-0.830490196078431,starter,NA,2024,1.6,jzeigboi
6,Tee Higgins,6801,WR,5,29.3,19.66671568627451,starter,NA,2024,13.9,jzeigboi
6,Khalil Shakir,8134,WR,5,0,-9.63328431372549,starter,NA,2024,0,jzeigboi
6,Dallas Goedert,5022,TE,5,0,-8.478774509803921,starter,NA,2024,0,jzeigboi
6,Tank Dell,9502,WR,5,7.3,-2.33328431372549,starter,NA,2024,11.2,jzeigboi
6,Kirk Cousins,1166,QB,5,35.36,24.066607843137255,starter,NA,2024,14.1,jzeigboi
6,Daniel Carlson,5095,K,5,5,-2.769117647058823,starter,NA,2024,9,jzeigboi
6,Washington Commanders,WAS,DST,5,14,8.309803921568628,starter,NA,2024,17,jzeigboi
3,Dak Prescott,3294,QB,5,18.38,7.086607843137255,starter,NA,2024,16.6,lukestip
3,Javonte Williams,7588,RB,5,16.1,6.466715686274512,starter,NA,2024,11.8,lukestip
3,Kenneth Walker III,8151,RB,5,14.6,4.96671568627451,starter,NA,2024,14.8,lukestip
3,Justin Jefferson,6794,WR,5,15.2,4.691764705882353,starter,NA,2024,18.2,lukestip
3,D.J. Moore,4983,WR,5,27.5,16.991764705882353,starter,NA,2024,12.8,lukestip
3,Brock Bowers,11604,TE,5,23.7,15.221225490196078,starter,NA,2024,12.6,lukestip
3,Justice Hill,5995,RB,5,3.5,-6.13328431372549,starter,NA,2024,6.4,lukestip
3,Sam Darnold,4943,QB,5,5.26,-6.033392156862744,starter,NA,2024,16.1,lukestip
3,Austin Seibert,6219,K,5,10,2.230882352941177,starter,NA,2024,16,lukestip
3,San Francisco 49ers,SF,DST,5,12,6.309803921568628,starter,NA,2024,30,lukestip
5,Trevor Lawrence,7523,QB,5,22.24,10.946607843137254,starter,NA,2024,14.6,ngernenz
5,Kyren Williams,8150,RB,5,15.5,6.069509803921569,starter,NA,2024,19.5,ngernenz
5,Travis Etienne,7543,RB,5,12,2.56950980392157,starter,NA,2024,12.8,ngernenz
5,Ja'Marr Chase,7564,WR,5,41.3,31.666715686274507,starter,NA,2024,18.6,ngernenz
5,Stefon Diggs,2449,WR,5,14.2,4.5667156862745095,starter,NA,2024,15,ngernenz
5,Jonnu Smith,4144,TE,5,11.1,2.6212254901960783,starter,NA,2024,3.2,ngernenz
5,Diontae Johnson,5937,WR,5,5.9,-3.7332843137254894,starter,NA,2024,15.1,ngernenz
5,Geno Smith,1373,QB,5,22.56,11.266607843137256,starter,NA,2024,17.2,ngernenz
5,Jake Moody,10937,K,5,8,0.23088235294117695,starter,NA,2024,32,ngernenz
5,Chicago Bears,CHI,DST,5,16,10.309803921568628,starter,NA,2024,27,ngernenz
8,Joe Flacco,19,QB,5,26.56,19.286470588235293,starter,NA,2024,14.8,obiwanginobiIi
8,Rachaad White,8136,RB,5,9.6,-1.6933921568627444,starter,NA,2024,13.6,obiwanginobiIi
8,Chuba Hubbard,7594,RB,5,17.5,6.206607843137256,starter,NA,2024,14.3,obiwanginobiIi
8,Garrett Wilson,8146,WR,5,29.1,17.806607843137257,starter,NA,2024,14.7,obiwanginobiIi
8,Jordan Addison,9756,WR,5,6.6,-4.693392156862744,starter,NA,2024,10.6,obiwanginobiIi
8,Evan Engram,4066,TE,5,0,-8.478774509803921,starter,NA,2024,0,obiwanginobiIi
8,Alexander Mattison,5987,RB,5,10.1,-1.1933921568627444,starter,NA,2024,13,obiwanginobiIi
8,Darnell Mooney,7090,WR,5,31.5,20.206607843137256,starter,NA,2024,11.1,obiwanginobiIi
8,Harrison Butker,4227,K,5,13,5.230882352941177,starter,NA,2024,30,obiwanginobiIi
8,Dallas Cowboys,DAL,DST,5,8,2.309803921568628,starter,NA,2024,24,obiwanginobiIi
9,Malik Nabers,11632,WR,5,0,0,bench,2,2024,0,Arvs
9,Zach Ertz,1339,TE,5,3,0,bench,13,2024,9,Arvs
9,Jared Goff,3163,QB,5,0,0,bench,10,2024,0,Arvs
9,Hunter Henry,3214,TE,5,5.2,0,bench,10,2024,9.8,Arvs
9,Christian McCaffrey,4034,RB,5,0,0,bench,9,2024,0,Arvs
9,Mike Gesicki,4993,TE,5,5.1,0,bench,8,2024,6.3,Arvs
9,Jonathan Taylor,6813,RB,5,0,0,bench,6,2024,0,Arvs
9,Colby Parkinson,6865,TE,5,12.2,0,bench,6,2024,8.1,Arvs
9,Jauan Jennings,7049,WR,5,2.3,0,bench,6,2024,10.1,Arvs
9,Tyler Huntley,7083,QB,5,7.46,0,bench,6,2024,15.5,Arvs
9,Tutu Atwell,7562,WR,5,12.5,0,bench,5,2024,9.6,Arvs
9,Jalen Tolbert,8117,WR,5,21.700000000000003,0,bench,4,2024,8.7,Arvs
7,Keon Coleman,11637,WR,5,11.9,0,bench,2,2024,13.2,ElatedBroncosFan
7,Kimani Vidal,11647,RB,5,0,0,bench,2,2024,0,ElatedBroncosFan
7,Amari Cooper,2309,WR,5,10,0,bench,10,2024,15,ElatedBroncosFan
7,Tyler Lockett,2374,WR,5,11.5,0,bench,11,2024,9.5,ElatedBroncosFan
7,Nick Chubb,4988,RB,5,0,0,bench,8,2024,0,ElatedBroncosFan
7,Gus Edwards,5248,RB,5,0,0,bench,7,2024,0,ElatedBroncosFan
7,Hollywood Brown,5848,WR,5,0,0,bench,7,2024,0,ElatedBroncosFan
7,J.K. Dobbins,6806,RB,5,0,0,bench,6,2024,0,ElatedBroncosFan
7,Clyde Edwards-Helaire,6820,RB,5,0,0,bench,6,2024,0,ElatedBroncosFan
7,Rico Dowdle,7021,RB,5,18.4,0,bench,6,2024,10,ElatedBroncosFan
7,Tyler Goodson,8207,RB,5,8.7,0,bench,4,2024,4.8,ElatedBroncosFan
7,Tank Bigsby,9225,RB,5,24.9,0,bench,3,2024,3.4,ElatedBroncosFan
7,Puka Nacua,9493,WR,5,0,0,bench,3,2024,0,ElatedBroncosFan
10,Ja'Tavion Sanders,11600,TE,5,4.3,0,bench,2,2024,2,Gretsch0401
10,Ladd McConkey,11635,WR,5,0,0,bench,2,2024,0,Gretsch0401
10,DeAndre Hopkins,1426,WR,5,0,0,bench,13,2024,0,Gretsch0401
10,Odell Beckham Jr.,2078,WR,5,0,0,bench,12,2024,0,Gretsch0401
10,Davante Adams,2133,WR,5,0,0,bench,12,2024,0,Gretsch0401
10,Jeff Wilson Jr.,5284,RB,5,0,0,bench,8,2024,0,Gretsch0401
10,Justin Fields,7591,QB,5,14.94,0,bench,5,2024,18.1,Gretsch0401
10,Kenny Pickett,8160,QB,5,0,0,bench,4,2024,0,Gretsch0401
10,Christian Watson,8167,WR,5,0,0,bench,4,2024,0,Gretsch0401
10,Isiah Pacheco,8205,RB,5,0,0,bench,4,2024,0,Gretsch0401
2,Cedric Tillman,10444,WR,5,0,0,bench,3,2024,0,SFOControl
2,Drake Maye,11564,QB,5,0,0,bench,2,2024,0,SFOControl
2,Braelon Allen,11576,RB,5,3.8,0,bench,2,2024,6.7,SFOControl
2,Ja'Lynn Polk,11619,WR,5,2.3,0,bench,2,2024,8,SFOControl
2,Brandon McManus,1433,K,5,0,0,bench,13,2024,0,SFOControl
2,Joshua Dobbs,4179,QB,5,0,0,bench,9,2024,0,SFOControl
2,Daniel Jones,5870,QB,5,21.08,0,bench,7,2024,14.1,SFOControl
2,Deebo Samuel Sr.,5872,WR,5,3,0,bench,7,2024,15.6,SFOControl
2,Matt Gay,6083,K,5,10,0,bench,7,2024,6,SFOControl
2,A.J. Dillon,6828,RB,5,0,0,bench,6,2024,0,SFOControl
2,Isaiah Likely,8131,TE,5,16.3,0,bench,4,2024,9.8,SFOControl
2,Greg Dulcich,8172,TE,5,0,0,bench,4,2024,4.4,SFOControl
12,Rashee Rice,10229,WR,5,0,0,bench,3,2024,0,TheJandyStock
12,Sam LaPorta,10859,TE,5,0,0,bench,3,2024,0,TheJandyStock
12,Carson Steele,11582,RB,5,0.20000000000000015,0,bench,2,2024,3.3,TheJandyStock
12,Jonathon Brooks,11583,RB,5,0,0,bench,2,2024,0,TheJandyStock
12,Roman Wilson,11630,WR,5,0,0,bench,2,2024,0,TheJandyStock
12,Russell Wilson,1234,QB,5,0,0,bench,14,2024,0,TheJandyStock
12,Brandin Cooks,2197,WR,5,0,0,bench,12,2024,0,TheJandyStock
12,Saquon Barkley,4866,RB,5,0,0,bench,8,2024,0,TheJandyStock
12,Calvin Ridley,4981,WR,5,0,0,bench,8,2024,0,TheJandyStock
12,Justin Watson,5374,WR,5,0,0,bench,8,2024,7.5,TheJandyStock
12,Andy Dalton,829,QB,5,4.74,0,bench,15,2024,14.1,TheJandyStock
11,Tre Tucker,10213,WR,5,4.6,0,bench,3,2024,9.9,akondratieff
11,Raheem Mostert,2749,RB,5,11.8,0,bench,11,2024,3.6,akondratieff
11,Demarcus Robinson,3286,WR,5,11.8,0,bench,10,2024,10,akondratieff
11,Dawson Knox,5906,TE,5,0,0,bench,7,2024,2.8,akondratieff
11,Jaylen Waddle,7526,WR,5,8.600000000000001,0,bench,5,2024,9,akondratieff
11,Rhamondre Stevenson,7611,RB,5,19.2,0,bench,5,2024,11.9,akondratieff
11,Cade Otton,8111,TE,5,7.4,0,bench,4,2024,8.8,akondratieff
11,Jahan Dotson,8119,WR,5,0,0,bench,4,2024,0,akondratieff
11,Jameson Williams,8148,WR,5,0,0,bench,4,2024,0,akondratieff
11,Tucker Kraft,9484,TE,5,24.8,0,bench,3,2024,10.1,akondratieff
4,Roschon Johnson,10235,RB,5,14.5,0,bench,3,2024,5.3,caskinner
4,Jaleel McLaughlin,11439,RB,5,11.5,0,bench,3,2024,5.5,caskinner
4,MarShawn Lloyd,11581,RB,5,0,0,bench,2,2024,0,caskinner
4,Trey Benson,11589,RB,5,0,0,bench,2,2024,3.3,caskinner
4,Malachi Corley,11617,WR,5,0,0,bench,2,2024,0,caskinner
4,Ricky Pearsall,11638,WR,5,0,0,bench,2,2024,0,caskinner
4,Derek Carr,2028,QB,5,13.6,0,bench,11,2024,13.8,caskinner
4,Dalton Schultz,5001,TE,5,7.4,0,bench,8,2024,5.1,caskinner
4,Amon-Ra St. Brown,7547,WR,5,0,0,bench,5,2024,0,caskinner
4,Jaylen Warren,8228,RB,5,0,0,bench,4,2024,0,caskinner
4,Rashid Shaheed,8676,WR,5,18.6,0,bench,4,2024,11,caskinner
4,Bryce Young,9228,QB,5,3.12,0,bench,3,2024,0,caskinner
4,Dontayvion Wicks,9486,WR,5,4,0,bench,3,2024,13.9,caskinner
4,Tyjae Spears,9508,RB,5,0,0,bench,3,2024,0,caskinner
4,Kendre Miller,9757,RB,5,0,0,bench,3,2024,0,caskinner
1,Spencer Rattler,11562,QB,5,0,0,bench,2,2024,0,joeburrowmvp
1,Dylan Laube,11574,RB,5,0,0,bench,2,2024,0,joeburrowmvp
1,Jermaine Burton,11640,WR,5,0,0,bench,1,2024,0,joeburrowmvp
1,Javon Baker,11645,WR,5,0,0,bench,2,2024,0,joeburrowmvp
1,Adam Thielen,1689,WR,5,0,0,bench,13,2024,0,joeburrowmvp
1,Samaje Perine,4147,RB,5,3.4000000000000004,0,bench,9,2024,3.7,joeburrowmvp
1,Taysom Hill,4381,TE,5,0,0,bench,9,2024,2,joeburrowmvp
1,Mark Andrews,5012,TE,5,9.5,0,bench,8,2024,8,joeburrowmvp
1,David Montgomery,5892,RB,5,0,0,bench,7,2024,0,joeburrowmvp
1,Jerry Jeudy,6783,WR,5,2.6,0,bench,6,2024,9.5,joeburrowmvp
1,Justin Herbert,6797,QB,5,0,0,bench,6,2024,0,joeburrowmvp
1,DeVonta Smith,7525,WR,5,0,0,bench,5,2024,0,joeburrowmvp
1,Trey Sermon,7593,RB,5,18.3,0,bench,5,2024,11.1,joeburrowmvp
1,Aaron Rodgers,96,QB,5,13.759999999999998,0,bench,21,2024,16.2,joeburrowmvp
6,Andrei Iosivas,10226,WR,5,4.9,0,bench,3,2024,7.9,jzeigboi
6,Michael Wilson,10232,WR,5,12.8,0,bench,3,2024,9.4,jzeigboi
6,Michael Penix Jr.,11559,QB,5,0,0,bench,2,2024,0,jzeigboi
6,Xavier Worthy,11624,WR,5,11.8,0,bench,2,2024,13,jzeigboi
6,Cooper Kupp,4039,WR,5,0,0,bench,9,2024,0,jzeigboi
6,A.J. Brown,5859,WR,5,0,0,bench,7,2024,0,jzeigboi
6,Tony Pollard,5967,RB,5,0,0,bench,7,2024,0,jzeigboi
6,Gardner Minshew,6011,QB,5,9.68,0,bench,7,2024,11.6,jzeigboi
6,Jahmyr Gibbs,9221,RB,5,0,0,bench,3,2024,0,jzeigboi
6,Quentin Johnston,9754,WR,5,0,0,bench,3,2024,0,jzeigboi
3,Ray Davis,11575,RB,5,1.4,0,bench,2,2024,1.5,lukestip
3,Adonai Mitchell,11625,WR,5,9.16,0,bench,2,2024,2.2,lukestip
3,Tyrone Tracy Jr.,11655,RB,5,14,0,bench,2,2024,9.9,lukestip
3,Joe Mixon,4018,RB,5,0,0,bench,9,2024,0,lukestip
3,Mike Williams,4068,WR,5,4.5,0,bench,8,2024,7.6,lukestip
3,Curtis Samuel,4082,WR,5,0.9,0,bench,9,2024,3.8,lukestip
3,Jake Elliott,4195,K,5,0,0,bench,9,2024,0,lukestip
3,Allen Lazard,5185,WR,5,13.4,0,bench,7,2024,10.3,lukestip
3,Miles Sanders,6151,RB,5,5.300000000000001,0,bench,7,2024,4.7,lukestip
3,Tua Tagovailoa,6768,QB,5,0,0,bench,6,2024,0,lukestip
3,Cole Kmet,6826,TE,5,8.7,0,bench,6,2024,9,lukestip
3,Cam Akers,6938,RB,5,12.7,0,bench,6,2024,7.5,lukestip
3,Gabe Davis,6943,WR,5,4.800000000000001,0,bench,6,2024,7.1,lukestip
3,Will Levis,9999,QB,5,0,0,bench,3,2024,0,lukestip
5,Jonathan Mingo,10225,WR,5,5.7,0,bench,3,2024,4.7,ngernenz
5,J.J. McCarthy,11565,QB,5,0,0,bench,2,2024,0,ngernenz
5,Bucky Irving,11584,RB,5,5.6000000000000005,0,bench,2,2024,8.5,ngernenz
5,Xavier Legette,11626,WR,5,1.8,0,bench,2,2024,7.8,ngernenz
5,David Njoku,4033,TE,5,2.4000000000000004,0,bench,9,2024,7.7,ngernenz
5,Jamaal Williams,4149,RB,5,0.9,0,bench,8,2024,3.9,ngernenz
5,Courtland Sutton,5045,WR,5,5.2,0,bench,8,2024,11.5,ngernenz
5,Khalil Herbert,7608,RB,5,0,0,bench,5,2024,0,ngernenz
5,Ty Chandler,8230,RB,5,5.9,0,bench,4,2024,5.1,ngernenz
5,Josh Downs,9500,WR,5,15.9,0,bench,3,2024,14,ngernenz
5,Hendon Hooker,9998,QB,5,0,0,bench,3,2024,0,ngernenz
8,Emanuel Wilson,11435,RB,5,2.5000000000000004,0,bench,3,2024,5.4,obiwanginobiIi
8,Will Shipley,11577,RB,5,0,0,bench,2,2024,0,obiwanginobiIi
8,Blake Corum,11586,RB,5,4.3,0,bench,2,2024,0,obiwanginobiIi
8,Rome Odunze,11620,WR,5,9,0,bench,2,2024,8.8,obiwanginobiIi
8,Luke McCaffrey,11650,WR,5,4.9,0,bench,2,2024,5.6,obiwanginobiIi
8,Mason Rudolph,4972,QB,5,0,0,bench,8,2024,0,obiwanginobiIi
8,T.J. Hockenson,5844,TE,5,0,0,bench,7,2024,0,obiwanginobiIi
8,Jalen Hurts,6904,QB,5,0,0,bench,6,2024,0,obiwanginobiIi
8,Antonio Gibson,6945,RB,5,6.6000000000000005,0,bench,6,2024,9.7,obiwanginobiIi
8,Joshua Palmer,7670,WR,5,0,0,bench,5,2024,0,obiwanginobiIi
8,Tyler Allgeier,8132,RB,5,5.5,0,bench,4,2024,5.3,obiwanginobiIi
8,Anthony Richardson,9229,QB,5,0,0,bench,3,2024,0,obiwanginobiIi
8,Keaton Mitchell,9511,RB,5,0,0,bench,3,2024,0,obiwanginobiIi
8,Zach Charbonnet,9753,RB,5,6,0,bench,3,2024,6.7,obiwanginobiIi
9,Jared Goff,3163,QB,6,25.1,17.84980392156863,starter,NA,2024,14.9,Arvs
9,James Conner,4137,RB,6,6.6,-2.9996568627450984,starter,NA,2024,13.8,Arvs
9,Dare Ogunbowale,4718,RB,6,1.8,-7.799656862745098,starter,NA,2024,4.2,Arvs
9,Chris Godwin,4037,WR,6,35.5,21.92227450980392,starter,NA,2024,16.3,Arvs
9,Terry McLaurin,5927,WR,6,23.3,9.722274509803922,starter,NA,2024,15.1,Arvs
9,Zach Ertz,1339,TE,6,10.8,3.4237254901960803,starter,NA,2024,7.5,Arvs
9,Christian Kirk,4950,WR,6,6.9,-6.677725490196078,starter,NA,2024,11.8,Arvs
9,Darius Slayton,6149,WR,6,11.7,-1.8777254901960791,starter,NA,2024,13.5,Arvs
9,Chase McLaughlin,6650,K,6,9,1.5808823529411766,starter,NA,2024,14,Arvs
9,Green Bay Packers,GB,DST,6,12,6.368137254901962,starter,NA,2024,22,Arvs
7,Bo Nix,11563,QB,6,21.74,14.489803921568626,starter,NA,2024,14.4,ElatedBroncosFan
7,Bijan Robinson,9509,RB,6,25.5,11.922274509803922,starter,NA,2024,16.2,ElatedBroncosFan
7,J.K. Dobbins,6806,RB,6,18.2,4.622274509803921,starter,NA,2024,15,ElatedBroncosFan
7,Jayden Reed,10222,WR,6,14.8,1.2222745098039225,starter,NA,2024,18,ElatedBroncosFan
7,Zay Flowers,9997,WR,6,22.4,8.82227450980392,starter,NA,2024,15.4,ElatedBroncosFan
7,Dalton Kincaid,10236,TE,6,11.1,3.7237254901960792,starter,NA,2024,10,ElatedBroncosFan
7,Amari Cooper,2309,WR,6,8.2,-5.377725490196079,starter,NA,2024,14.7,ElatedBroncosFan
7,Rico Dowdle,7021,RB,6,10.5,-3.0777254901960784,starter,NA,2024,10.8,ElatedBroncosFan
7,Evan McPherson,7839,K,6,5,-2.4191176470588234,starter,NA,2024,23,ElatedBroncosFan
7,Houston Texans,HOU,DST,6,15,9.368137254901962,starter,NA,2024,29,ElatedBroncosFan
10,C.J. Stroud,9758,QB,6,19.38,5.802274509803921,starter,NA,2024,17.5,Gretsch0401
10,Chase Brown,9224,RB,6,14.4,4.800343137254902,starter,NA,2024,7.7,Gretsch0401
10,Emanuel Wilson,11435,RB,6,8.3,-1.2996568627450973,starter,NA,2024,4.9,Gretsch0401
10,Ladd McConkey,11635,WR,6,8.3,-2.5057843137254903,starter,NA,2024,12,Gretsch0401
10,Jakobi Meyers,5947,WR,6,0,-10.805784313725493,starter,NA,2024,0,Gretsch0401
10,George Kittle,4217,TE,6,22.8,15.42372549019608,starter,NA,2024,13.6,Gretsch0401
10,Rashod Bateman,7571,WR,6,11.1,0.29421568627450867,starter,NA,2024,8,Gretsch0401
10,Jayden Daniels,11566,QB,6,20.96,7.382274509803922,starter,NA,2024,22.1,Gretsch0401
10,Brandon Aubrey,11533,K,6,12,4.580882352941177,starter,NA,2024,30,Gretsch0401
10,Philadelphia Eagles,PHI,DST,6,6,0.3681372549019617,starter,NA,2024,31,Gretsch0401
2,Brock Purdy,8183,QB,6,24.1,16.84980392156863,starter,NA,2024,17.4,SFOControl
2,Braelon Allen,11576,RB,6,0.8,-8.799656862745097,starter,NA,2024,6.8,SFOControl
2,Ezekiel Elliott,3164,RB,6,1.7,-7.899656862745098,starter,NA,2024,4,SFOControl
2,CeeDee Lamb,6786,WR,6,16.1,2.522274509803923,starter,NA,2024,17.8,SFOControl
2,Drake London,8112,WR,6,19.4,5.82227450980392,starter,NA,2024,15.2,SFOControl
2,Jake Ferguson,8110,TE,6,4.1,-3.2762745098039208,starter,NA,2024,13.6,SFOControl
2,Brandon Aiyuk,6803,WR,6,5.7,-7.877725490196078,starter,NA,2024,14.7,SFOControl
2,Mike Evans,2216,WR,6,5.4,-8.177725490196078,starter,NA,2024,16.3,SFOControl
2,Younghoe Koo,4666,K,6,12,4.580882352941177,starter,NA,2024,28,SFOControl
2,Buffalo Bills,BUF,DST,6,7,1.3681372549019617,starter,NA,2024,19,SFOControl
12,Jordan Love,6804,QB,6,26.62,13.042274509803924,starter,NA,2024,17.5,TheJandyStock
12,Josh Jacobs,5850,RB,6,12,1.194215686274509,starter,NA,2024,12.5,TheJandyStock
12,Derrick Henry,3198,RB,6,25.2,14.394215686274508,starter,NA,2024,16.9,TheJandyStock
12,Wan'Dale Robinson,8126,WR,6,10,-0.1874019607843138,starter,NA,2024,13.7,TheJandyStock
12,George Pickens,8137,WR,6,8.3,-1.887401960784313,starter,NA,2024,13.7,TheJandyStock
12,Sam LaPorta,10859,TE,6,12.2,4.823725490196079,starter,NA,2024,9.7,TheJandyStock
12,Saquon Barkley,4866,RB,6,7.4,-3.4057843137254906,starter,NA,2024,18.9,TheJandyStock
12,Baker Mayfield,4892,QB,6,28.9,15.32227450980392,starter,NA,2024,18.1,TheJandyStock
12,Chris Boswell,1945,K,6,17,9.580882352941178,starter,NA,2024,32,TheJandyStock
12,Pittsburgh Steelers,PIT,DST,6,15,9.368137254901962,starter,NA,2024,32,TheJandyStock
11,Lamar Jackson,4881,QB,6,19.92,6.342274509803923,starter,NA,2024,23,akondratieff
11,Breece Hall,8155,RB,6,21.9,12.3003431372549,starter,NA,2024,15.7,akondratieff
11,Najee Harris,7528,RB,6,20.2,10.6003431372549,starter,NA,2024,12.3,akondratieff
11,Michael Pittman Jr.,6819,WR,6,12.5,1.694215686274509,starter,NA,2024,12.5,akondratieff
11,DK Metcalf,5846,WR,6,7.8,-3.005784313725491,starter,NA,2024,17.2,akondratieff
11,Tucker Kraft,9484,TE,6,3.5,-3.87627450980392,starter,NA,2024,10.5,akondratieff
11,Brian Thomas Jr.,11631,WR,6,5.7,-5.105784313725491,starter,NA,2024,13.7,akondratieff
11,Deshaun Watson,4017,QB,6,8.42,-5.1577254901960785,starter,NA,2024,14.9,akondratieff
11,Tyler Bass,7042,K,6,3,-4.419117647058823,starter,NA,2024,17,akondratieff
11,Tampa Bay Buccaneers,TB,DST,6,19,13.368137254901962,starter,NA,2024,24,akondratieff
4,Joe Burrow,6770,QB,6,19.82,12.569803921568628,starter,NA,2024,18.9,caskinner
4,D'Andre Swift,6790,RB,6,21.9,8.32227450980392,starter,NA,2024,15.9,caskinner
4,Jordan Mason,8408,RB,6,9.2,-4.377725490196079,starter,NA,2024,16.2,caskinner
4,Amon-Ra St. Brown,7547,WR,6,13.7,0.12227450980392084,starter,NA,2024,18.7,caskinner
4,Chris Olave,8144,WR,6,-0.5,-14.077725490196078,starter,NA,2024,12.8,caskinner
4,Trey McBride,8130,TE,6,17.6,10.22372549019608,starter,NA,2024,12,caskinner
4,Jaxon Smith-Njigba,9488,WR,6,10.3,-3.2777254901960777,starter,NA,2024,14.6,caskinner
4,James Cook,8138,RB,6,0,-13.577725490196078,starter,NA,2024,17.1,caskinner
4,Ka'imi Fairbairn,3451,K,6,11,3.5808823529411766,starter,NA,2024,25,caskinner
4,Denver Broncos,DEN,DST,6,4,-1.6318627450980383,starter,NA,2024,30,caskinner
1,Caleb Williams,11560,QB,6,29.64,16.06227450980392,starter,NA,2024,16.5,joeburrowmvp
1,Alvin Kamara,4035,RB,6,17.4,6.594215686274508,starter,NA,2024,20.1,joeburrowmvp
1,David Montgomery,5892,RB,6,21,10.194215686274507,starter,NA,2024,13.1,joeburrowmvp
1,Marvin Harrison Jr.,11628,WR,6,0,-10.187401960784314,starter,NA,2024,16,joeburrowmvp
1,DeVonta Smith,7525,WR,6,15.4,5.2125980392156865,starter,NA,2024,14.6,joeburrowmvp
1,Tyler Conklin,5133,TE,6,3,-4.37627450980392,starter,NA,2024,9,joeburrowmvp
1,Zack Moss,6845,RB,6,0.5,-10.305784313725493,starter,NA,2024,12.3,joeburrowmvp
1,Kyler Murray,5849,QB,6,11.96,-1.6177254901960776,starter,NA,2024,20.1,joeburrowmvp
1,Justin Tucker,1264,K,6,13,5.580882352941177,starter,NA,2024,29,joeburrowmvp
6,Josh Allen,4984,QB,6,24.4,10.82227450980392,starter,NA,2024,21,jzeigboi
6,Tony Pollard,5967,RB,6,17.8,8.200343137254903,starter,NA,2024,12.9,jzeigboi
6,Jahmyr Gibbs,9221,RB,6,12.1,2.5003431372549016,starter,NA,2024,14.9,jzeigboi
6,Tee Higgins,6801,WR,6,14.7,3.894215686274508,starter,NA,2024,14.3,jzeigboi
6,A.J. Brown,5859,WR,6,23.6,12.79421568627451,starter,NA,2024,16.1,jzeigboi
6,Dallas Goedert,5022,TE,6,0,-7.37627450980392,starter,NA,2024,11.8,jzeigboi
6,Tank Dell,9502,WR,6,18.7,7.894215686274508,starter,NA,2024,11.6,jzeigboi
6,Kirk Cousins,1166,QB,6,12.5,-1.0777254901960784,starter,NA,2024,14.4,jzeigboi
6,Daniel Carlson,5095,K,6,1,-6.419117647058823,starter,NA,2024,5,jzeigboi
6,Los Angeles Chargers,LAC,DST,6,8,2.3681372549019617,starter,NA,2024,28,jzeigboi
3,Dak Prescott,3294,QB,6,5.22,-8.357725490196078,starter,NA,2024,17.2,lukestip
3,Javonte Williams,7588,RB,6,4.6,-6.205784313725491,starter,NA,2024,12.5,lukestip
3,Kenneth Walker III,8151,RB,6,20.9,10.094215686274508,starter,NA,2024,14.4,lukestip
3,Allen Lazard,5185,WR,6,23.4,13.212598039215685,starter,NA,2024,8.8,lukestip
3,D.J. Moore,4983,WR,6,6,-4.187401960784314,starter,NA,2024,13.3,lukestip
3,Brock Bowers,11604,TE,6,16.1,8.723725490196081,starter,NA,2024,13.8,lukestip
3,Joe Mixon,4018,RB,6,27.2,16.394215686274507,starter,NA,2024,12.9,lukestip
3,Will Levis,9999,QB,6,8.3,-5.277725490196078,starter,NA,2024,14.7,lukestip
3,Jake Elliott,4195,K,6,9,1.5808823529411766,starter,NA,2024,31,lukestip
3,San Francisco 49ers,SF,DST,6,8,2.3681372549019617,starter,NA,2024,26,lukestip
5,Trevor Lawrence,7523,QB,6,18.06,4.48227450980392,starter,NA,2024,14.5,ngernenz
5,Kyren Williams,8150,RB,6,0,-9.599656862745098,starter,NA,2024,0,ngernenz
5,Travis Etienne,7543,RB,6,-0.1,-9.699656862745098,starter,NA,2024,12.1,ngernenz
5,Ja'Marr Chase,7564,WR,6,12.2,1.3942156862745083,starter,NA,2024,18.8,ngernenz
5,Stefon Diggs,2449,WR,6,19.7,8.894215686274508,starter,NA,2024,16.4,ngernenz
5,Jonnu Smith,4144,TE,6,0,-7.37627450980392,starter,NA,2024,0,ngernenz
5,Diontae Johnson,5937,WR,6,19.8,8.99421568627451,starter,NA,2024,14,ngernenz
5,Geno Smith,1373,QB,6,14.48,0.902274509803922,starter,NA,2024,17.6,ngernenz
5,Jake Moody,10937,K,6,0,-7.419117647058823,starter,NA,2024,0,ngernenz
5,Chicago Bears,CHI,DST,6,11,5.368137254901962,starter,NA,2024,27,ngernenz
8,Jalen Hurts,6904,QB,6,21.86,8.282274509803921,starter,NA,2024,20.8,obiwanginobiIi
8,Chuba Hubbard,7594,RB,6,15.3,5.700343137254903,starter,NA,2024,13.4,obiwanginobiIi
8,Alexander Mattison,5987,RB,6,17.5,7.900343137254902,starter,NA,2024,11.3,obiwanginobiIi
8,Garrett Wilson,8146,WR,6,24.7,13.894215686274508,starter,NA,2024,15,obiwanginobiIi
8,Darnell Mooney,7090,WR,6,6.8,-4.005784313725491,starter,NA,2024,11.3,obiwanginobiIi
8,Evan Engram,4066,TE,6,18.2,10.82372549019608,starter,NA,2024,6.6,obiwanginobiIi
8,Ray-Ray McCloud,5096,WR,6,4.3,-6.505784313725491,starter,NA,2024,7.5,obiwanginobiIi
8,Anthony Richardson,9229,QB,6,0,-13.577725490196078,starter,NA,2024,0,obiwanginobiIi
8,Brayden Narveson,11949,K,6,10,2.5808823529411766,starter,NA,2024,27,obiwanginobiIi
8,Dallas Cowboys,DAL,DST,6,0,-5.631862745098038,starter,NA,2024,11,obiwanginobiIi
9,Jordan Whittington,11623,WR,6,0,0,bench,2,2024,0,Arvs
9,Malik Nabers,11632,WR,6,0,0,bench,2,2024,0,Arvs
9,Travis Kelce,1466,TE,6,0,0,bench,13,2024,0,Arvs
9,Jacoby Brissett,3257,QB,6,0,0,bench,10,2024,0,Arvs
9,Christian McCaffrey,4034,RB,6,0,0,bench,9,2024,0,Arvs
9,Jonathan Taylor,6813,RB,6,0,0,bench,6,2024,0,Arvs
9,Colby Parkinson,6865,TE,6,0,0,bench,6,2024,0,Arvs
9,Jauan Jennings,7049,WR,6,5.7,0,bench,6,2024,8.2,Arvs
9,Tyler Huntley,7083,QB,6,0,0,bench,6,2024,0,Arvs
9,Jalen Tolbert,8117,WR,6,8.3,0,bench,4,2024,11.3,Arvs
7,Keon Coleman,11637,WR,6,5.6,0,bench,2,2024,11,ElatedBroncosFan
7,Kimani Vidal,11647,RB,6,13.1,0,bench,2,2024,2.4,ElatedBroncosFan
7,Tyler Lockett,2374,WR,6,16.5,0,bench,11,2024,9.7,ElatedBroncosFan
7,Patrick Mahomes,4046,QB,6,0,0,bench,9,2024,0,ElatedBroncosFan
7,Nick Chubb,4988,RB,6,0,0,bench,8,2024,0,ElatedBroncosFan
7,Gus Edwards,5248,RB,6,0,0,bench,7,2024,0,ElatedBroncosFan
7,Hollywood Brown,5848,WR,6,0,0,bench,7,2024,0,ElatedBroncosFan
7,Ty Johnson,6039,RB,6,3.4000000000000004,0,bench,7,2024,1.4,ElatedBroncosFan
7,Clyde Edwards-Helaire,6820,RB,6,0,0,bench,6,2024,0,ElatedBroncosFan
7,Nico Collins,7569,WR,6,0,0,bench,5,2024,0,ElatedBroncosFan
7,Jerome Ford,8143,RB,6,1.4,0,bench,4,2024,12.8,ElatedBroncosFan
7,Tank Bigsby,9225,RB,6,2.4000000000000004,0,bench,3,2024,8.3,ElatedBroncosFan
7,Puka Nacua,9493,WR,6,0,0,bench,3,2024,0,ElatedBroncosFan
10,Ja'Tavion Sanders,11600,TE,6,8.9,0,bench,2,2024,4.5,Gretsch0401
10,DeAndre Hopkins,1426,WR,6,9.4,0,bench,13,2024,10,Gretsch0401
10,Odell Beckham Jr.,2078,WR,6,0,0,bench,12,2024,0,Gretsch0401
10,Davante Adams,2133,WR,6,0,0,bench,12,2024,0,Gretsch0401
10,Tyreek Hill,3321,WR,6,0,0,bench,10,2024,0,Gretsch0401
10,Jeff Wilson Jr.,5284,RB,6,0,0,bench,8,2024,0,Gretsch0401
10,Justin Fields,7591,QB,6,22.7,0,bench,5,2024,16.8,Gretsch0401
10,Brian Robinson Jr.,8154,RB,6,0,0,bench,4,2024,0,Gretsch0401
10,Christian Watson,8167,WR,6,15.8,0,bench,4,2024,6,Gretsch0401
10,Isiah Pacheco,8205,RB,6,0,0,bench,4,2024,0,Gretsch0401
10,Kansas City Chiefs,KC,DST,6,0,0,bench,NA,2024,0,Gretsch0401
2,Drake Maye,11564,QB,6,21.52,0,bench,2,2024,13.3,SFOControl
2,Ja'Lynn Polk,11619,WR,6,1.4,0,bench,2,2024,9.7,SFOControl
2,Joshua Dobbs,4179,QB,6,0,0,bench,9,2024,0,SFOControl
2,Harrison Butker,4227,K,6,0,0,bench,9,2024,0,SFOControl
2,Austin Ekeler,4663,RB,6,10.8,0,bench,9,2024,13.7,SFOControl
2,Daniel Jones,5870,QB,6,12.8,0,bench,7,2024,17,SFOControl
2,Deebo Samuel Sr.,5872,WR,6,20.700000000000003,0,bench,7,2024,15.2,SFOControl
2,A.J. Dillon,6828,RB,6,0,0,bench,6,2024,0,SFOControl
2,Antonio Gibson,6945,RB,6,7.300000000000001,0,bench,6,2024,11.9,SFOControl
2,Isaiah Likely,8131,TE,6,4.7,0,bench,4,2024,8.5,SFOControl
2,Greg Dulcich,8172,TE,6,0,0,bench,4,2024,2.1,SFOControl
2,De'Von Achane,9226,RB,6,0,0,bench,3,2024,0,SFOControl
2,Quentin Johnston,9754,WR,6,5.2,0,bench,3,2024,8.5,SFOControl
12,Rashee Rice,10229,WR,6,0,0,bench,3,2024,0,TheJandyStock
12,Aidan O'Connell,10866,QB,6,12.08,0,bench,3,2024,11.6,TheJandyStock
12,Carson Steele,11582,RB,6,0,0,bench,2,2024,0,TheJandyStock
12,Jonathon Brooks,11583,RB,6,0,0,bench,2,2024,0,TheJandyStock
12,Roman Wilson,11630,WR,6,0,0,bench,2,2024,0,TheJandyStock
12,Russell Wilson,1234,QB,6,0,0,bench,14,2024,0,TheJandyStock
12,Brandin Cooks,2197,WR,6,0,0,bench,12,2024,0,TheJandyStock
12,Aaron Jones,4199,RB,6,0,0,bench,9,2024,0,TheJandyStock
12,Calvin Ridley,4981,WR,6,0.9,0,bench,8,2024,13.3,TheJandyStock
12,Pat Freiermuth,7600,TE,6,3.6,0,bench,5,2024,9.4,TheJandyStock
12,Andy Dalton,829,QB,6,16.94,0,bench,15,2024,13.7,TheJandyStock
11,Tre Tucker,10213,WR,6,0,0,bench,3,2024,9.8,akondratieff
11,Raheem Mostert,2749,RB,6,0,0,bench,11,2024,0,akondratieff
11,Demarcus Robinson,3286,WR,6,0,0,bench,10,2024,0,akondratieff
11,Dawson Knox,5906,TE,6,8.2,0,bench,7,2024,2.7,akondratieff
11,Jaylen Waddle,7526,WR,6,0,0,bench,5,2024,0,akondratieff
11,Kyle Pitts,7553,TE,6,10,0,bench,5,2024,9.2,akondratieff
11,Rhamondre Stevenson,7611,RB,6,0,0,bench,5,2024,0,akondratieff
11,Cade Otton,8111,TE,6,9.5,0,bench,4,2024,8.9,akondratieff
11,Jahan Dotson,8119,WR,6,3.3,0,bench,4,2024,4.5,akondratieff
11,Jameson Williams,8148,WR,6,17.7,0,bench,4,2024,12.9,akondratieff
4,Roschon Johnson,10235,RB,6,5.3,0,bench,3,2024,5.8,caskinner
4,Jaleel McLaughlin,11439,RB,6,4.5,0,bench,3,2024,5.2,caskinner
4,MarShawn Lloyd,11581,RB,6,0,0,bench,2,2024,0,caskinner
4,Trey Benson,11589,RB,6,2.6,0,bench,2,2024,3.2,caskinner
4,Malachi Corley,11617,WR,6,0,0,bench,2,2024,0,caskinner
4,Ricky Pearsall,11638,WR,6,0,0,bench,2,2024,0,caskinner
4,Derek Carr,2028,QB,6,0,0,bench,11,2024,0,caskinner
4,Matthew Stafford,421,QB,6,0,0,bench,17,2024,0,caskinner
4,Dalton Schultz,5001,TE,6,6.7,0,bench,8,2024,6.8,caskinner
4,Jaylen Warren,8228,RB,6,4.800000000000001,0,bench,4,2024,5.4,caskinner
4,Rashid Shaheed,8676,WR,6,8.3,0,bench,4,2024,9.8,caskinner
4,Bryce Young,9228,QB,6,0,0,bench,3,2024,0,caskinner
4,Dontayvion Wicks,9486,WR,6,1.9,0,bench,3,2024,8.3,caskinner
4,Tyjae Spears,9508,RB,6,2.7,0,bench,3,2024,8.4,caskinner
4,Kendre Miller,9757,RB,6,0,0,bench,3,2024,0,caskinner
1,Spencer Rattler,11562,QB,6,13.420000000000002,0,bench,2,2024,12.4,joeburrowmvp
1,Dylan Laube,11574,RB,6,-2,0,bench,2,2024,0,joeburrowmvp
1,Jermaine Burton,11640,WR,6,0,0,bench,1,2024,0,joeburrowmvp
1,Javon Baker,11645,WR,6,0,0,bench,2,2024,0,joeburrowmvp
1,Keenan Allen,1479,WR,6,21.1,0,bench,13,2024,8,joeburrowmvp
1,Adam Thielen,1689,WR,6,0,0,bench,13,2024,0,joeburrowmvp
1,Kareem Hunt,4098,RB,6,0,0,bench,9,2024,0,joeburrowmvp
1,Taysom Hill,4381,TE,6,0,0,bench,9,2024,0,joeburrowmvp
1,Mark Andrews,5012,TE,6,15.6,0,bench,8,2024,7.2,joeburrowmvp
1,Jerry Jeudy,6783,WR,6,4.5,0,bench,6,2024,9.5,joeburrowmvp
1,Justin Herbert,6797,QB,6,12.68,0,bench,6,2024,11.4,joeburrowmvp
1,Trey Sermon,7593,RB,6,2.9000000000000004,0,bench,5,2024,11.3,joeburrowmvp
1,Romeo Doubs,8121,WR,6,19.9,0,bench,4,2024,10.5,joeburrowmvp
1,Aaron Rodgers,96,QB,6,17.759999999999998,0,bench,21,2024,15.4,joeburrowmvp
1,New York Jets,NYJ,DST,6,3,0,bench,NA,2024,20,joeburrowmvp
6,Andrei Iosivas,10226,WR,6,5.6,0,bench,3,2024,7.7,jzeigboi
6,Michael Wilson,10232,WR,6,10.1,0,bench,3,2024,10.2,jzeigboi
6,Michael Penix Jr.,11559,QB,6,0,0,bench,2,2024,0,jzeigboi
6,Rome Odunze,11620,WR,6,6,0,bench,2,2024,8.2,jzeigboi
6,Xavier Worthy,11624,WR,6,0,0,bench,2,2024,0,jzeigboi
6,Jaylen Wright,11643,RB,6,0,0,bench,2,2024,0,jzeigboi
6,Cooper Kupp,4039,WR,6,0,0,bench,9,2024,0,jzeigboi
6,Gardner Minshew,6011,QB,6,0,0,bench,7,2024,0,jzeigboi
6,Devin Singletary,6130,RB,6,0,0,bench,7,2024,0,jzeigboi
6,Khalil Shakir,8134,WR,6,3.9,0,bench,4,2024,2,jzeigboi
3,Ray Davis,11575,RB,6,18.200000000000003,0,bench,2,2024,0,lukestip
3,Adonai Mitchell,11625,WR,6,2.9,0,bench,2,2024,4.5,lukestip
3,Tyrone Tracy Jr.,11655,RB,6,22.7,0,bench,2,2024,12.1,lukestip
3,Mike Williams,4068,WR,6,0,0,bench,8,2024,7.4,lukestip
3,Curtis Samuel,4082,WR,6,7.4,0,bench,9,2024,5.7,lukestip
3,Sam Darnold,4943,QB,6,0,0,bench,8,2024,0,lukestip
3,Justice Hill,5995,RB,6,1.4,0,bench,7,2024,6.3,lukestip
3,Miles Sanders,6151,RB,6,2.3000000000000003,0,bench,7,2024,4.4,lukestip
3,Austin Seibert,6219,K,6,15,0,bench,6,2024,21,lukestip
3,Tua Tagovailoa,6768,QB,6,0,0,bench,6,2024,0,lukestip
3,Justin Jefferson,6794,WR,6,0,0,bench,6,2024,0,lukestip
3,Cole Kmet,6826,TE,6,24,0,bench,6,2024,9.8,lukestip
3,Cam Akers,6938,RB,6,-0.1,0,bench,6,2024,3.4,lukestip
3,Gabe Davis,6943,WR,6,21.5,0,bench,6,2024,5.7,lukestip
5,Jonathan Mingo,10225,WR,6,1.1,0,bench,3,2024,4.9,ngernenz
5,J.J. McCarthy,11565,QB,6,0,0,bench,2,2024,0,ngernenz
5,Bucky Irving,11584,RB,6,18.5,0,bench,2,2024,15.2,ngernenz
5,Xavier Legette,11626,WR,6,11.3,0,bench,2,2024,8.3,ngernenz
5,David Njoku,4033,TE,6,8.1,0,bench,9,2024,7.6,ngernenz
5,Jamaal Williams,4149,RB,6,0.7000000000000001,0,bench,8,2024,3.7,ngernenz
5,Courtland Sutton,5045,WR,6,15.3,0,bench,8,2024,12.7,ngernenz
5,Khalil Herbert,7608,RB,6,0,0,bench,5,2024,0,ngernenz
5,Ty Chandler,8230,RB,6,0,0,bench,4,2024,0,ngernenz
5,Josh Downs,9500,WR,6,19.5,0,bench,3,2024,14.4,ngernenz
5,Hendon Hooker,9998,QB,6,0.66,0,bench,3,2024,0,ngernenz
8,Xavier Hutchinson,10218,WR,6,0,0,bench,3,2024,8.5,obiwanginobiIi
8,Will Shipley,11577,RB,6,0,0,bench,2,2024,0,obiwanginobiIi
8,Blake Corum,11586,RB,6,0,0,bench,2,2024,0,obiwanginobiIi
8,Luke McCaffrey,11650,WR,6,1.5,0,bench,2,2024,7.4,obiwanginobiIi
8,Joe Flacco,19,QB,6,14.66,0,bench,18,2024,16.2,obiwanginobiIi
8,JuJu Smith-Schuster,4040,WR,6,0,0,bench,9,2024,0,obiwanginobiIi
8,T.J. Hockenson,5844,TE,6,0,0,bench,7,2024,0,obiwanginobiIi
8,Joshua Palmer,7670,WR,6,5.800000000000001,0,bench,5,2024,6.9,obiwanginobiIi
8,Tyler Allgeier,8132,RB,6,19.8,0,bench,4,2024,7.2,obiwanginobiIi
8,Rachaad White,8136,RB,6,0,0,bench,4,2024,0,obiwanginobiIi
8,Alec Pierce,8142,WR,6,0,0,bench,4,2024,6.7,obiwanginobiIi
8,Tyler Goodson,8207,RB,6,10.500000000000002,0,bench,4,2024,4.4,obiwanginobiIi
8,Keaton Mitchell,9511,RB,6,0,0,bench,3,2024,0,obiwanginobiIi
8,Zach Charbonnet,9753,RB,6,4.5,0,bench,3,2024,6.6,obiwanginobiIi
8,Jordan Addison,9756,WR,6,0,0,bench,3,2024,0,obiwanginobiIi
8,Minnesota Vikings,MIN,DST,6,0,0,bench,NA,2024,0,obiwanginobiIi
9,Jared Goff,3163,QB,7,18.8,11.117441176470589,starter,NA,2024,14.5,Arvs
9,James Conner,4137,RB,7,17.2,7.851176470588236,starter,NA,2024,13.3,Arvs
9,Tyler Goodson,8207,RB,7,11.1,1.751176470588236,starter,NA,2024,7.4,Arvs
9,Chris Godwin,4037,WR,7,13.5,5.517549019607843,starter,NA,2024,17.7,Arvs
9,Terry McLaurin,5927,WR,7,15.8,7.817549019607844,starter,NA,2024,15,Arvs
9,Travis Kelce,1466,TE,7,5.7,-1.367107843137254,starter,NA,2024,15.1,Arvs
9,Malik Nabers,11632,WR,7,8.1,0.1175490196078428,starter,NA,2024,17.3,Arvs
9,Tyler Huntley,7083,QB,7,9.48,1.7974411764705884,starter,NA,2024,14.6,Arvs
9,Chase McLaughlin,6650,K,7,4,-3.594117647058823,starter,NA,2024,26,Arvs
9,Green Bay Packers,GB,DST,7,4,-2.973529411764705,starter,NA,2024,13,Arvs
7,Patrick Mahomes,4046,QB,7,14.06,6.3774411764705885,starter,NA,2024,18.4,ElatedBroncosFan
7,Bijan Robinson,9509,RB,7,23.3,13.951176470588235,starter,NA,2024,15.4,ElatedBroncosFan
7,J.K. Dobbins,6806,RB,7,9.6,0.251176470588236,starter,NA,2024,13.8,ElatedBroncosFan
7,Zay Flowers,9997,WR,7,4,-3.982450980392157,starter,NA,2024,15.9,ElatedBroncosFan
7,Amari Cooper,2309,WR,7,16.6,8.617549019607845,starter,NA,2024,8.6,ElatedBroncosFan
7,Dalton Kincaid,10236,TE,7,8.2,1.132892156862745,starter,NA,2024,9.8,ElatedBroncosFan
7,Jayden Reed,10222,WR,7,3,-4.982450980392157,starter,NA,2024,17.5,ElatedBroncosFan
7,Bo Nix,11563,QB,7,14.06,6.3774411764705885,starter,NA,2024,16.2,ElatedBroncosFan
7,Evan McPherson,7839,K,7,2,-5.594117647058823,starter,NA,2024,27,ElatedBroncosFan
7,Cincinnati Bengals,CIN,DST,7,16,9.026470588235297,starter,NA,2024,30,ElatedBroncosFan
10,C.J. Stroud,9758,QB,7,5.34,-2.342558823529412,starter,NA,2024,17.2,Gretsch0401
10,Chase Brown,9224,RB,7,7.3,-2.048823529411764,starter,NA,2024,11.4,Gretsch0401
10,Brian Robinson Jr.,8154,RB,7,13.1,3.751176470588236,starter,NA,2024,12.6,Gretsch0401
10,Ladd McConkey,11635,WR,7,9.6,1.6175490196078428,starter,NA,2024,10.7,Gretsch0401
10,Tyreek Hill,3321,WR,7,2.3,-5.682450980392157,starter,NA,2024,12.1,Gretsch0401
10,George Kittle,4217,TE,7,15.2,8.132892156862745,starter,NA,2024,13.2,Gretsch0401
10,Davante Adams,2133,WR,7,6,-1.9824509803921568,starter,NA,2024,11,Gretsch0401
10,Jayden Daniels,11566,QB,7,5.24,-2.442558823529412,starter,NA,2024,22.1,Gretsch0401
10,Cameron Dicker,8259,K,7,21,13.405882352941177,starter,NA,2024,12,Gretsch0401
10,Philadelphia Eagles,PHI,DST,7,16,9.026470588235297,starter,NA,2024,22,Gretsch0401
2,Brock Purdy,8183,QB,7,20.18,12.497441176470588,starter,NA,2024,17.4,SFOControl
2,De'Von Achane,9226,RB,7,10.5,1.1511764705882364,starter,NA,2024,12.8,SFOControl
2,Austin Ekeler,4663,RB,7,4,-5.348823529411764,starter,NA,2024,10.7,SFOControl
2,Mike Evans,2216,WR,7,9.5,1.5175490196078432,starter,NA,2024,15.9,SFOControl
2,Brandon Aiyuk,6803,WR,7,4.3,-3.682450980392157,starter,NA,2024,11.6,SFOControl
2,Isaiah Likely,8131,TE,7,3.7,-3.367107843137254,starter,NA,2024,8.4,SFOControl
2,Drake London,8112,WR,7,18.3,10.317549019607844,starter,NA,2024,15.9,SFOControl
2,Daniel Jones,5870,QB,7,5.96,-1.722558823529412,starter,NA,2024,16.9,SFOControl
2,Younghoe Koo,4666,K,7,1,-6.594117647058823,starter,NA,2024,31,SFOControl
2,Buffalo Bills,BUF,DST,7,13,6.026470588235295,starter,NA,2024,31,SFOControl
12,Jordan Love,6804,QB,7,18.8,11.117441176470589,starter,NA,2024,18.5,TheJandyStock
12,Josh Jacobs,5850,RB,7,20.2,12.217549019607842,starter,NA,2024,13.7,TheJandyStock
12,Derrick Henry,3198,RB,7,25.2,17.217549019607844,starter,NA,2024,17.4,TheJandyStock
12,Wan'Dale Robinson,8126,WR,7,8.3,3.152598039215688,starter,NA,2024,13,TheJandyStock
12,George Pickens,8137,WR,7,22.1,16.952598039215687,starter,NA,2024,13.4,TheJandyStock
12,Sam LaPorta,10859,TE,7,3.5,-3.5671078431372543,starter,NA,2024,9.2,TheJandyStock
12,Saquon Barkley,4866,RB,7,26.7,18.717549019607844,starter,NA,2024,17.8,TheJandyStock
12,Baker Mayfield,4892,QB,7,29,21.317441176470588,starter,NA,2024,19,TheJandyStock
12,Chris Boswell,1945,K,7,14,6.405882352941177,starter,NA,2024,28,TheJandyStock
12,Pittsburgh Steelers,PIT,DST,7,9,2.026470588235295,starter,NA,2024,29,TheJandyStock
11,Lamar Jackson,4881,QB,7,34.44,26.757441176470586,starter,NA,2024,22.3,akondratieff
11,Breece Hall,8155,RB,7,26.1,16.751176470588238,starter,NA,2024,17,akondratieff
11,Najee Harris,7528,RB,7,16.2,6.851176470588236,starter,NA,2024,12.8,akondratieff
11,Michael Pittman Jr.,6819,WR,7,9.3,1.317549019607844,starter,NA,2024,11,akondratieff
11,DK Metcalf,5846,WR,7,19.9,11.917549019607842,starter,NA,2024,17,akondratieff
11,Tucker Kraft,9484,TE,7,12.3,5.2328921568627464,starter,NA,2024,10.5,akondratieff
11,Brian Thomas Jr.,11631,WR,7,22.1,14.117549019607845,starter,NA,2024,13.9,akondratieff
11,Deshaun Watson,4017,QB,7,5.12,-2.562558823529412,starter,NA,2024,13.5,akondratieff
11,Tyler Bass,7042,K,7,10,2.405882352941177,starter,NA,2024,24,akondratieff
11,Tampa Bay Buccaneers,TB,DST,7,0,-6.973529411764705,starter,NA,2024,5,akondratieff
4,Joe Burrow,6770,QB,7,14.94,7.2574411764705875,starter,NA,2024,18,caskinner
4,James Cook,8138,RB,7,9.2,-0.14882352941176435,starter,NA,2024,15.7,caskinner
4,Jordan Mason,8408,RB,7,8.9,-0.4488235294117633,starter,NA,2024,12.6,caskinner
4,Amon-Ra St. Brown,7547,WR,7,25.2,20.052598039215688,starter,NA,2024,17,caskinner
4,Jaxon Smith-Njigba,9488,WR,7,5.3,0.15259803921568693,starter,NA,2024,14.4,caskinner
4,Trey McBride,8130,TE,7,10.1,2.117549019607843,starter,NA,2024,13.6,caskinner
4,Dalton Schultz,5001,TE,7,3.8,-4.182450980392157,starter,NA,2024,6.8,caskinner
4,Matthew Stafford,421,QB,7,4.96,-2.722558823529412,starter,NA,2024,13.8,caskinner
4,Ka'imi Fairbairn,3451,K,7,12,4.405882352941177,starter,NA,2024,23,caskinner
4,Denver Broncos,DEN,DST,7,22,15.026470588235297,starter,NA,2024,32,caskinner
1,Justin Herbert,6797,QB,7,14.76,7.077441176470588,starter,NA,2024,11.9,joeburrowmvp
1,Alvin Kamara,4035,RB,7,8.4,0.4175490196078435,starter,NA,2024,17.9,joeburrowmvp
1,David Montgomery,5892,RB,7,8,0.01754901960784316,starter,NA,2024,14.2,joeburrowmvp
1,Marvin Harrison Jr.,11628,WR,7,5.1,-0.04740196078431324,starter,NA,2024,13,joeburrowmvp
1,DeVonta Smith,7525,WR,7,0.8,-4.347401960784313,starter,NA,2024,14.1,joeburrowmvp
1,Mark Andrews,5012,TE,7,20.1,13.032892156862747,starter,NA,2024,7.7,joeburrowmvp
1,Kareem Hunt,4098,RB,7,22.3,14.317549019607844,starter,NA,2024,12.8,joeburrowmvp
1,Kyler Murray,5849,QB,7,21.2,13.517441176470587,starter,NA,2024,18.8,joeburrowmvp
1,Justin Tucker,1264,K,7,13,5.405882352941177,starter,NA,2024,32,joeburrowmvp
1,New York Jets,NYJ,DST,7,-3,-9.973529411764703,starter,NA,2024,28,joeburrowmvp
6,Josh Allen,4984,QB,7,21.02,13.337441176470588,starter,NA,2024,21.3,jzeigboi
6,Tony Pollard,5967,RB,7,8.5,-0.8488235294117636,starter,NA,2024,14.4,jzeigboi
6,Jahmyr Gibbs,9221,RB,7,32,22.651176470588236,starter,NA,2024,14.8,jzeigboi
6,Tee Higgins,6801,WR,7,18.2,10.217549019607842,starter,NA,2024,14.5,jzeigboi
6,A.J. Brown,5859,WR,7,19.9,11.917549019607842,starter,NA,2024,18.1,jzeigboi
6,Noah Fant,5857,TE,7,10.5,3.4328921568627457,starter,NA,2024,4.5,jzeigboi
6,Cooper Kupp,4039,WR,7,0,-7.982450980392157,starter,NA,2024,2,jzeigboi
6,Kirk Cousins,1166,QB,7,9.18,1.4974411764705875,starter,NA,2024,14.3,jzeigboi
6,Daniel Carlson,5095,K,7,16,8.405882352941177,starter,NA,2024,0,jzeigboi
6,Los Angeles Chargers,LAC,DST,7,4,-2.973529411764705,starter,NA,2024,27,jzeigboi
3,Sam Darnold,4943,QB,7,17.26,9.57744117647059,starter,NA,2024,17.1,lukestip
3,Javonte Williams,7588,RB,7,26.1,18.117549019607843,starter,NA,2024,13.7,lukestip
3,Kenneth Walker III,8151,RB,7,23.3,15.317549019607844,starter,NA,2024,16.3,lukestip
3,Gabe Davis,6943,WR,7,2.3,-2.847401960784313,starter,NA,2024,6.3,lukestip
3,Justin Jefferson,6794,WR,7,21.4,16.252598039215684,starter,NA,2024,20.8,lukestip
3,Brock Bowers,11604,TE,7,19.3,12.232892156862746,starter,NA,2024,14,lukestip
3,Joe Mixon,4018,RB,7,26.4,18.41754901960784,starter,NA,2024,15.7,lukestip
3,Will Levis,9999,QB,7,0,-7.682558823529412,starter,NA,2024,0,lukestip
3,Jake Elliott,4195,K,7,4,-3.594117647058823,starter,NA,2024,22,lukestip
3,San Francisco 49ers,SF,DST,7,5,-1.973529411764705,starter,NA,2024,20,lukestip
5,Trevor Lawrence,7523,QB,7,15.02,7.337441176470588,starter,NA,2024,15.2,ngernenz
5,Kyren Williams,8150,RB,7,19.6,10.251176470588238,starter,NA,2024,18.5,ngernenz
5,Ty Chandler,8230,RB,7,0.4,-8.948823529411763,starter,NA,2024,6.4,ngernenz
5,Ja'Marr Chase,7564,WR,7,17.6,9.617549019607845,starter,NA,2024,18.4,ngernenz
5,Stefon Diggs,2449,WR,7,7.3,-0.682450980392157,starter,NA,2024,16.6,ngernenz
5,David Njoku,4033,TE,7,23.6,16.532892156862747,starter,NA,2024,9.5,ngernenz
5,Diontae Johnson,5937,WR,7,2.7,-5.282450980392157,starter,NA,2024,16,ngernenz
5,Geno Smith,1373,QB,7,17.78,10.09744117647059,starter,NA,2024,17.8,ngernenz
5,Jason Myers,2747,K,7,12,4.405882352941177,starter,NA,2024,30,ngernenz
5,Indianapolis Colts,IND,DST,7,12,5.026470588235295,starter,NA,2024,25,ngernenz
8,Jalen Hurts,6904,QB,7,22.76,15.07744117647059,starter,NA,2024,20.5,obiwanginobiIi
8,Chuba Hubbard,7594,RB,7,11.2,1.8511764705882356,starter,NA,2024,15.5,obiwanginobiIi
8,Rachaad White,8136,RB,7,29.1,19.75117647058824,starter,NA,2024,9.7,obiwanginobiIi
8,Garrett Wilson,8146,WR,7,13.1,5.117549019607843,starter,NA,2024,14.8,obiwanginobiIi
8,Jordan Addison,9756,WR,7,9.6,1.6175490196078428,starter,NA,2024,11,obiwanginobiIi
8,Evan Engram,4066,TE,7,8.5,1.4328921568627455,starter,NA,2024,11.2,obiwanginobiIi
8,Darnell Mooney,7090,WR,7,9.6,1.6175490196078428,starter,NA,2024,11.5,obiwanginobiIi
8,Anthony Richardson,9229,QB,7,8.76,1.0774411764705878,starter,NA,2024,17.3,obiwanginobiIi
8,Will Reichard,11792,K,7,15,7.405882352941177,starter,NA,2024,21,obiwanginobiIi
8,New Orleans Saints,NO,DST,7,3,-3.973529411764705,starter,NA,2024,19,obiwanginobiIi
9,Jordan Whittington,11623,WR,7,0,0,bench,2,2024,12,Arvs
9,Zach Ertz,1339,TE,7,14,0,bench,13,2024,8.9,Arvs
9,Christian McCaffrey,4034,RB,7,0,0,bench,9,2024,0,Arvs
9,Christian Kirk,4950,WR,7,3.4000000000000004,0,bench,8,2024,11,Arvs
9,Jonathan Taylor,6813,RB,7,0,0,bench,6,2024,0,Arvs
9,Colby Parkinson,6865,TE,7,5.2,0,bench,6,2024,9.2,Arvs
9,Jauan Jennings,7049,WR,7,0,0,bench,6,2024,0,Arvs
9,Tutu Atwell,7562,WR,7,11.1,0,bench,5,2024,11.3,Arvs
9,Pierre Strong Jr.,8116,RB,7,2.5,0,bench,4,2024,8.7,Arvs
9,Jalen Tolbert,8117,WR,7,0,0,bench,4,2024,0,Arvs
9,Dameon Pierce,8129,RB,7,0.2,0,bench,4,2024,1.4,Arvs
9,DeMario Douglas,9501,WR,7,3.4000000000000004,0,bench,3,2024,11.7,Arvs
9,Chicago Bears,CHI,DST,7,0,0,bench,NA,2024,0,Arvs
7,Keon Coleman,11637,WR,7,16.5,0,bench,2,2024,6.8,ElatedBroncosFan
7,Kimani Vidal,11647,RB,7,2.9,0,bench,2,2024,4.3,ElatedBroncosFan
7,Isaac Guerendo,11651,RB,7,0.7,0,bench,2,2024,1.3,ElatedBroncosFan
7,Bub Means,11748,WR,7,6.7,0,bench,2,2024,10.4,ElatedBroncosFan
7,Devaughn Vele,11834,WR,7,3,0,bench,2,2024,5.3,ElatedBroncosFan
7,Tyler Lockett,2374,WR,7,8.5,0,bench,11,2024,9.5,ElatedBroncosFan
7,Nick Chubb,4988,RB,7,10.2,0,bench,8,2024,9,ElatedBroncosFan
7,Hollywood Brown,5848,WR,7,0,0,bench,7,2024,0,ElatedBroncosFan
7,Rico Dowdle,7021,RB,7,0,0,bench,6,2024,0,ElatedBroncosFan
7,Nico Collins,7569,WR,7,0,0,bench,5,2024,0,ElatedBroncosFan
7,Tank Bigsby,9225,RB,7,23.8,0,bench,3,2024,10.5,ElatedBroncosFan
7,Puka Nacua,9493,WR,7,0,0,bench,3,2024,0,ElatedBroncosFan
7,Sean Tucker,9506,RB,7,4.800000000000001,0,bench,3,2024,5,ElatedBroncosFan
10,Emanuel Wilson,11435,RB,7,1.1,0,bench,3,2024,5.3,Gretsch0401
10,Brandon Aubrey,11533,K,7,0,0,bench,3,2024,0,Gretsch0401
10,Ja'Tavion Sanders,11600,TE,7,12.1,0,bench,2,2024,4.4,Gretsch0401
10,DeAndre Hopkins,1426,WR,7,0.8,0,bench,13,2024,10.8,Gretsch0401
10,Odell Beckham Jr.,2078,WR,7,0,0,bench,12,2024,0,Gretsch0401
10,Jakobi Meyers,5947,WR,7,0,0,bench,7,2024,0,Gretsch0401
10,Rashod Bateman,7571,WR,7,22.1,0,bench,5,2024,8,Gretsch0401
10,Justin Fields,7591,QB,7,0,0,bench,5,2024,0,Gretsch0401
10,Christian Watson,8167,WR,7,1.5,0,bench,4,2024,11.8,Gretsch0401
10,Isiah Pacheco,8205,RB,7,0,0,bench,4,2024,0,Gretsch0401
10,Kansas City Chiefs,KC,DST,7,9,0,bench,NA,2024,7,Gretsch0401
2,Drake Maye,11564,QB,7,20.84,0,bench,2,2024,16.6,SFOControl
2,Braelon Allen,11576,RB,7,1.6,0,bench,2,2024,4.1,SFOControl
2,Ja'Lynn Polk,11619,WR,7,0,0,bench,2,2024,8,SFOControl
2,Ezekiel Elliott,3164,RB,7,0,0,bench,9,2024,0,SFOControl
2,Harrison Butker,4227,K,7,4,0,bench,9,2024,25,SFOControl
2,Deebo Samuel Sr.,5872,WR,7,0,0,bench,7,2024,16.3,SFOControl
2,CeeDee Lamb,6786,WR,7,0,0,bench,6,2024,0,SFOControl
2,A.J. Dillon,6828,RB,7,0,0,bench,6,2024,0,SFOControl
2,Antonio Gibson,6945,RB,7,2.3,0,bench,6,2024,6.4,SFOControl
2,Jake Ferguson,8110,TE,7,0,0,bench,4,2024,0,SFOControl
12,Rashee Rice,10229,WR,7,0,0,bench,3,2024,0,TheJandyStock
12,Aidan O'Connell,10866,QB,7,2.08,0,bench,3,2024,11.8,TheJandyStock
12,Carson Steele,11582,RB,7,1.7000000000000002,0,bench,2,2024,0.9,TheJandyStock
12,Jonathon Brooks,11583,RB,7,0,0,bench,2,2024,0,TheJandyStock
12,Roman Wilson,11630,WR,7,0,0,bench,2,2024,0,TheJandyStock
12,Russell Wilson,1234,QB,7,24.860000000000003,0,bench,14,2024,12.6,TheJandyStock
12,Brandon McManus,1433,K,7,7,0,bench,13,2024,17,TheJandyStock
12,Brandin Cooks,2197,WR,7,0,0,bench,12,2024,0,TheJandyStock
12,Aaron Jones,4199,RB,7,20.6,0,bench,9,2024,13.7,TheJandyStock
12,Calvin Ridley,4981,WR,7,7.2,0,bench,8,2024,10,TheJandyStock
12,Pat Freiermuth,7600,TE,7,7.1000000000000005,0,bench,5,2024,9.2,TheJandyStock
12,Andy Dalton,829,QB,7,2.0200000000000005,0,bench,15,2024,15.5,TheJandyStock
11,Tre Tucker,10213,WR,7,7.699999999999999,0,bench,3,2024,8,akondratieff
11,Raheem Mostert,2749,RB,7,3,0,bench,11,2024,6.8,akondratieff
11,Demarcus Robinson,3286,WR,7,1.9,0,bench,10,2024,6.5,akondratieff
11,Dawson Knox,5906,TE,7,1.5,0,bench,7,2024,2.7,akondratieff
11,Jaylen Waddle,7526,WR,7,2.1,0,bench,5,2024,9,akondratieff
11,Kyle Pitts,7553,TE,7,13.5,0,bench,5,2024,10,akondratieff
11,Rhamondre Stevenson,7611,RB,7,4.5,0,bench,5,2024,11.6,akondratieff
11,Cade Otton,8111,TE,7,17,0,bench,4,2024,8.8,akondratieff
11,Jahan Dotson,8119,WR,7,0,0,bench,4,2024,3.4,akondratieff
11,Jameson Williams,8148,WR,7,0.6,0,bench,4,2024,12.7,akondratieff
4,Roschon Johnson,10235,RB,7,0,0,bench,3,2024,0,caskinner
4,Jordan Travis,11567,QB,7,0,0,bench,1,2024,0,caskinner
4,MarShawn Lloyd,11581,RB,7,0,0,bench,2,2024,0,caskinner
4,Trey Benson,11589,RB,7,0,0,bench,2,2024,1.3,caskinner
4,Malachi Corley,11617,WR,7,0,0,bench,2,2024,0,caskinner
4,Ricky Pearsall,11638,WR,7,5.1,0,bench,2,2024,0,caskinner
4,Derek Carr,2028,QB,7,0,0,bench,11,2024,0,caskinner
4,D'Andre Swift,6790,RB,7,0,0,bench,6,2024,0,caskinner
4,Chris Olave,8144,WR,7,0,0,bench,4,2024,0,caskinner
4,Jaylen Warren,8228,RB,7,7.9,0,bench,4,2024,5.7,caskinner
4,Bryce Young,9228,QB,7,-0.16,0,bench,3,2024,0,caskinner
4,Dontayvion Wicks,9486,WR,7,13.8,0,bench,3,2024,3.2,caskinner
4,Tyjae Spears,9508,RB,7,0,0,bench,3,2024,0,caskinner
4,Quentin Johnston,9754,WR,7,0,0,bench,3,2024,0,caskinner
4,Kendre Miller,9757,RB,7,5.699999999999999,0,bench,3,2024,4.5,caskinner
1,Caleb Williams,11560,QB,7,0,0,bench,2,2024,0,joeburrowmvp
1,Spencer Rattler,11562,QB,7,6.28,0,bench,2,2024,13.1,joeburrowmvp
1,Dylan Laube,11574,RB,7,0,0,bench,2,2024,0,joeburrowmvp
1,Erick All Jr.,11592,TE,7,0,0,bench,2,2024,5.1,joeburrowmvp
1,Javon Baker,11645,WR,7,0,0,bench,2,2024,0,joeburrowmvp
1,Keenan Allen,1479,WR,7,0,0,bench,13,2024,0,joeburrowmvp
1,Adam Thielen,1689,WR,7,0,0,bench,13,2024,0,joeburrowmvp
1,Taysom Hill,4381,TE,7,0,0,bench,9,2024,0,joeburrowmvp
1,Tyler Conklin,5133,TE,7,10.7,0,bench,8,2024,6.4,joeburrowmvp
1,Jerry Jeudy,6783,WR,7,2.8,0,bench,6,2024,11.7,joeburrowmvp
1,Zack Moss,6845,RB,7,7,0,bench,5,2024,8.4,joeburrowmvp
1,Trey Sermon,7593,RB,7,5.8999999999999995,0,bench,5,2024,10.9,joeburrowmvp
1,Romeo Doubs,8121,WR,7,17.4,0,bench,4,2024,10.2,joeburrowmvp
1,Aaron Rodgers,96,QB,7,15.04,0,bench,21,2024,14.8,joeburrowmvp
6,Andrei Iosivas,10226,WR,7,0,0,bench,3,2024,6.9,jzeigboi
6,Michael Wilson,10232,WR,7,2.5,0,bench,3,2024,8.5,jzeigboi
6,Michael Penix Jr.,11559,QB,7,0.56,0,bench,2,2024,0,jzeigboi
6,Rome Odunze,11620,WR,7,0,0,bench,2,2024,0,jzeigboi
6,Xavier Worthy,11624,WR,7,5.4,0,bench,2,2024,10.3,jzeigboi
6,Jaylen Wright,11643,RB,7,3.3000000000000003,0,bench,2,2024,1.8,jzeigboi
6,Dallas Goedert,5022,TE,7,0,0,bench,8,2024,0,jzeigboi
6,Gardner Minshew,6011,QB,7,1.36,0,bench,7,2024,0,jzeigboi
6,Devin Singletary,6130,RB,7,3.0999999999999996,0,bench,7,2024,9.5,jzeigboi
6,Tank Dell,9502,WR,7,0,0,bench,3,2024,13.1,jzeigboi
3,Ray Davis,11575,RB,7,11.7,0,bench,2,2024,5.1,lukestip
3,Adonai Mitchell,11625,WR,7,5,0,bench,2,2024,3.4,lukestip
3,Tyrone Tracy Jr.,11655,RB,7,6.200000000000001,0,bench,2,2024,11.8,lukestip
3,Dak Prescott,3294,QB,7,0,0,bench,10,2024,0,lukestip
3,Mike Williams,4068,WR,7,2.5,0,bench,8,2024,0,lukestip
3,Curtis Samuel,4082,WR,7,0,0,bench,9,2024,4.8,lukestip
3,D.J. Moore,4983,WR,7,0,0,bench,8,2024,0,lukestip
3,Allen Lazard,5185,WR,7,9.8,0,bench,7,2024,8.5,lukestip
3,Justice Hill,5995,RB,7,13.8,0,bench,7,2024,6.1,lukestip
3,Miles Sanders,6151,RB,7,3.8,0,bench,7,2024,4,lukestip
3,Austin Seibert,6219,K,7,17,0,bench,6,2024,29,lukestip
3,Tua Tagovailoa,6768,QB,7,0,0,bench,6,2024,0,lukestip
3,Cole Kmet,6826,TE,7,0,0,bench,6,2024,0,lukestip
3,Cam Akers,6938,RB,7,0,0,bench,6,2024,0,lukestip
5,Jonathan Mingo,10225,WR,7,0,0,bench,3,2024,4.5,ngernenz
5,J.J. McCarthy,11565,QB,7,0,0,bench,2,2024,0,ngernenz
5,Bucky Irving,11584,RB,7,16.700000000000003,0,bench,2,2024,9.8,ngernenz
5,Xavier Legette,11626,WR,7,2.9000000000000004,0,bench,2,2024,9.8,ngernenz
5,Jonnu Smith,4144,TE,7,22.6,0,bench,9,2024,4.8,ngernenz
5,Jamaal Williams,4149,RB,7,1.7000000000000002,0,bench,8,2024,0.8,ngernenz
5,Courtland Sutton,5045,WR,7,0,0,bench,8,2024,11.3,ngernenz
5,Travis Etienne,7543,RB,7,0,0,bench,5,2024,0,ngernenz
5,Khalil Herbert,7608,RB,7,0,0,bench,5,2024,0,ngernenz
5,Josh Downs,9500,WR,7,1.3,0,bench,3,2024,12.8,ngernenz
5,Hendon Hooker,9998,QB,7,0,0,bench,3,2024,0,ngernenz
8,Blake Corum,11586,RB,7,1.1,0,bench,2,2024,4.3,obiwanginobiIi
8,Luke McCaffrey,11650,WR,7,0,0,bench,2,2024,7.1,obiwanginobiIi
8,JuJu Smith-Schuster,4040,WR,7,0,0,bench,9,2024,11.1,obiwanginobiIi
8,Ray-Ray McCloud,5096,WR,7,2.9,0,bench,8,2024,7.3,obiwanginobiIi
8,T.J. Hockenson,5844,TE,7,0,0,bench,7,2024,0,obiwanginobiIi
8,Alexander Mattison,5987,RB,7,15.3,0,bench,7,2024,13.3,obiwanginobiIi
8,Clyde Edwards-Helaire,6820,RB,7,0,0,bench,6,2024,0,obiwanginobiIi
8,Joshua Palmer,7670,WR,7,10.3,0,bench,5,2024,8.2,obiwanginobiIi
8,Tyler Allgeier,8132,RB,7,5.5,0,bench,4,2024,7,obiwanginobiIi
8,Alec Pierce,8142,WR,7,3.5,0,bench,4,2024,6.2,obiwanginobiIi
8,Jerome Ford,8143,RB,7,0,0,bench,4,2024,0,obiwanginobiIi
8,Zach Charbonnet,9753,RB,7,1.9000000000000004,0,bench,3,2024,6.3,obiwanginobiIi
8,Minnesota Vikings,MIN,DST,7,8,0,bench,NA,2024,17,obiwanginobiIi
9,Jared Goff,3163,QB,8,15.5,2.2746078431372556,starter,NA,2024,15.7,Arvs
9,James Conner,4137,RB,8,14.9,6.548676470588237,starter,NA,2024,13.2,Arvs
9,Jonathan Taylor,6813,RB,8,18.7,10.348676470588236,starter,NA,2024,14.6,Arvs
9,Tyler Lockett,2374,WR,8,1.9,-10.76078431372549,starter,NA,2024,11.5,Arvs
9,Terry McLaurin,5927,WR,8,17.5,4.83921568627451,starter,NA,2024,14.7,Arvs
9,Travis Kelce,1466,TE,8,25,17.279558823529413,starter,NA,2024,13.1,Arvs
9,Malik Nabers,11632,WR,8,14.1,1.43921568627451,starter,NA,2024,17.1,Arvs
9,Jameis Winston,2306,QB,8,23.56,10.334607843137254,starter,NA,2024,15.3,Arvs
9,Wil Lutz,3678,K,8,4,-3.7107843137254903,starter,NA,2024,28,Arvs
9,Baltimore Ravens,BAL,DST,8,4,-0.9901960784313726,starter,NA,2024,31,Arvs
7,Patrick Mahomes,4046,QB,8,19.18,5.954607843137255,starter,NA,2024,17.9,ElatedBroncosFan
7,Bijan Robinson,9509,RB,8,23.6,10.939215686274512,starter,NA,2024,15.9,ElatedBroncosFan
7,J.K. Dobbins,6806,RB,8,16.8,4.139215686274511,starter,NA,2024,13.5,ElatedBroncosFan
7,Jayden Reed,10222,WR,8,7.5,-5.55156862745098,starter,NA,2024,15.2,ElatedBroncosFan
7,Amari Cooper,2309,WR,8,1.3,-11.75156862745098,starter,NA,2024,11,ElatedBroncosFan
7,Dalton Kincaid,10236,TE,8,13.1,5.379558823529411,starter,NA,2024,10,ElatedBroncosFan
7,Nick Chubb,4988,RB,8,5.2,-7.4607843137254894,starter,NA,2024,9.4,ElatedBroncosFan
7,Bo Nix,11563,QB,8,29.76,16.53460784313726,starter,NA,2024,17.1,ElatedBroncosFan
7,Evan McPherson,7839,K,8,4,-3.7107843137254903,starter,NA,2024,26,ElatedBroncosFan
7,Detroit Lions,DET,DST,8,19,14.009803921568627,starter,NA,2024,30,ElatedBroncosFan
10,C.J. Stroud,9758,QB,8,12.4,-0.825392156862744,starter,NA,2024,16.3,Gretsch0401
10,Chase Brown,9224,RB,8,11.4,3.048676470588237,starter,NA,2024,9.9,Gretsch0401
10,Brian Robinson Jr.,8154,RB,8,8.6,0.2486764705882365,starter,NA,2024,12.7,Gretsch0401
10,Ladd McConkey,11635,WR,8,29.1,16.439215686274512,starter,NA,2024,10.5,Gretsch0401
10,Tyreek Hill,3321,WR,8,13.2,0.5392156862745097,starter,NA,2024,17.6,Gretsch0401
10,George Kittle,4217,TE,8,24.8,17.07955882352941,starter,NA,2024,14.5,Gretsch0401
10,Davante Adams,2133,WR,8,9.4,-3.2607843137254893,starter,NA,2024,16.2,Gretsch0401
10,Mason Rudolph,4972,QB,8,21.54,8.314607843137255,starter,NA,2024,12.9,Gretsch0401
10,Brandon Aubrey,11533,K,8,6,-1.7107843137254903,starter,NA,2024,17,Gretsch0401
10,Kansas City Chiefs,KC,DST,8,9,4.009803921568627,starter,NA,2024,29,Gretsch0401
2,Brock Purdy,8183,QB,8,26,12.774607843137256,starter,NA,2024,17.3,SFOControl
2,De'Von Achane,9226,RB,8,26.7,18.34867647058824,starter,NA,2024,14.1,SFOControl
2,Austin Ekeler,4663,RB,8,7.8,-0.5513235294117633,starter,NA,2024,9.8,SFOControl
2,Deebo Samuel Sr.,5872,WR,8,12.6,-0.06078431372548998,starter,NA,2024,15.6,SFOControl
2,CeeDee Lamb,6786,WR,8,39.6,26.939215686274512,starter,NA,2024,16.1,SFOControl
2,Jake Ferguson,8110,TE,8,8.3,0.5795588235294122,starter,NA,2024,11.7,SFOControl
2,Drake London,8112,WR,8,7.4,-5.260784313725489,starter,NA,2024,16.5,SFOControl
2,Daniel Jones,5870,QB,8,7.66,-5.565392156862744,starter,NA,2024,16.4,SFOControl
2,Harrison Butker,4227,K,8,10,2.2892156862745097,starter,NA,2024,30,SFOControl
2,Buffalo Bills,BUF,DST,8,8,3.0098039215686274,starter,NA,2024,20,SFOControl
12,Jordan Love,6804,QB,8,6.74,-6.485392156862744,starter,NA,2024,18.9,TheJandyStock
12,Josh Jacobs,5850,RB,8,25.5,12.83921568627451,starter,NA,2024,14.3,TheJandyStock
12,Derrick Henry,3198,RB,8,14.7,2.0392156862745097,starter,NA,2024,18,TheJandyStock
12,George Pickens,8137,WR,8,11.4,-1.651568627450979,starter,NA,2024,14.2,TheJandyStock
12,Wan'Dale Robinson,8126,WR,8,8,-5.05156862745098,starter,NA,2024,11.4,TheJandyStock
12,Pat Freiermuth,7600,TE,8,3.9,-3.820441176470589,starter,NA,2024,9.5,TheJandyStock
12,Saquon Barkley,4866,RB,8,12.1,-0.56078431372549,starter,NA,2024,18,TheJandyStock
12,Baker Mayfield,4892,QB,8,24.3,11.074607843137256,starter,NA,2024,17.2,TheJandyStock
12,Chris Boswell,1945,K,8,14,6.28921568627451,starter,NA,2024,32,TheJandyStock
12,Pittsburgh Steelers,PIT,DST,8,16,11.009803921568627,starter,NA,2024,28,TheJandyStock
11,Lamar Jackson,4881,QB,8,24.16,16.259970588235294,starter,NA,2024,21.3,akondratieff
11,Breece Hall,8155,RB,8,9.9,1.5486764705882372,starter,NA,2024,20,akondratieff
11,Najee Harris,7528,RB,8,16.1,7.748676470588238,starter,NA,2024,13,akondratieff
11,Michael Pittman Jr.,6819,WR,8,2.6,-10.625392156862745,starter,NA,2024,10.4,akondratieff
11,Jaylen Waddle,7526,WR,8,8.5,-4.725392156862744,starter,NA,2024,12,akondratieff
11,Tucker Kraft,9484,TE,8,16.8,3.5746078431372563,starter,NA,2024,10.3,akondratieff
11,Brian Thomas Jr.,11631,WR,8,15,1.7746078431372556,starter,NA,2024,14.5,akondratieff
11,Cade Otton,8111,TE,8,29.1,15.874607843137255,starter,NA,2024,11.4,akondratieff
11,Tyler Bass,7042,K,8,7,-0.7107843137254903,starter,NA,2024,19,akondratieff
11,Tampa Bay Buccaneers,TB,DST,8,3,-1.9901960784313728,starter,NA,2024,10,akondratieff
4,Joe Burrow,6770,QB,8,13.86,0.634607843137255,starter,NA,2024,17.8,caskinner
4,James Cook,8138,RB,8,28.3,15.639215686274513,starter,NA,2024,14.5,caskinner
4,D'Andre Swift,6790,RB,8,18.9,6.239215686274509,starter,NA,2024,16.1,caskinner
4,Amon-Ra St. Brown,7547,WR,8,8.7,-4.35156862745098,starter,NA,2024,19.3,caskinner
4,Chris Olave,8144,WR,8,18.7,5.64843137254902,starter,NA,2024,11.4,caskinner
4,Trey McBride,8130,TE,8,21.4,13.67955882352941,starter,NA,2024,13.7,caskinner
4,Jordan Mason,8408,RB,8,1.8,-10.860784313725487,starter,NA,2024,14,caskinner
4,Matthew Stafford,421,QB,8,25.76,12.534607843137255,starter,NA,2024,14.2,caskinner
4,Ka'imi Fairbairn,3451,K,8,11,3.2892156862745097,starter,NA,2024,25,caskinner
4,Denver Broncos,DEN,DST,8,7,2.0098039215686274,starter,NA,2024,32,caskinner
1,Caleb Williams,11560,QB,8,9.94,-3.285392156862745,starter,NA,2024,17.7,joeburrowmvp
1,Alvin Kamara,4035,RB,8,18.2,5.53921568627451,starter,NA,2024,17.8,joeburrowmvp
1,David Montgomery,5892,RB,8,14.92,2.2592156862745103,starter,NA,2024,12.2,joeburrowmvp
1,Marvin Harrison Jr.,11628,WR,8,23.1,10.048431372549022,starter,NA,2024,11,joeburrowmvp
1,DeVonta Smith,7525,WR,8,20.5,7.44843137254902,starter,NA,2024,13.7,joeburrowmvp
1,Hunter Henry,3214,TE,8,9.5,1.7795588235294115,starter,NA,2024,11.9,joeburrowmvp
1,Kareem Hunt,4098,RB,8,13.3,0.6392156862745111,starter,NA,2024,13.8,joeburrowmvp
1,Kyler Murray,5849,QB,8,22.18,8.954607843137255,starter,NA,2024,18.8,joeburrowmvp
1,Justin Tucker,1264,K,8,6,-1.7107843137254903,starter,NA,2024,31,joeburrowmvp
1,New York Jets,NYJ,DST,8,3,-1.9901960784313728,starter,NA,2024,19,joeburrowmvp
6,Josh Allen,4984,QB,8,20.82,7.594607843137256,starter,NA,2024,20.4,jzeigboi
6,Tony Pollard,5967,RB,8,14.7,6.348676470588236,starter,NA,2024,13.9,jzeigboi
6,Jahmyr Gibbs,9221,RB,8,20.3,11.948676470588238,starter,NA,2024,16.7,jzeigboi
6,Tee Higgins,6801,WR,8,0,-12.66078431372549,starter,NA,2024,0,jzeigboi
6,A.J. Brown,5859,WR,8,13.4,0.7392156862745107,starter,NA,2024,17.7,jzeigboi
6,Noah Gray,7828,TE,8,5.3,-2.4204411764705887,starter,NA,2024,5,jzeigboi
6,Cooper Kupp,4039,WR,8,16.1,3.439215686274512,starter,NA,2024,15.9,jzeigboi
6,Kirk Cousins,1166,QB,8,28.64,15.414607843137256,starter,NA,2024,15.5,jzeigboi
6,Anders Carlson,11008,K,8,16,8.28921568627451,starter,NA,2024,23,jzeigboi
6,Los Angeles Chargers,LAC,DST,8,12,7.009803921568627,starter,NA,2024,27,jzeigboi
3,Dak Prescott,3294,QB,8,15.62,2.394607843137255,starter,NA,2024,15.4,lukestip
3,Javonte Williams,7588,RB,8,9.2,-3.4607843137254903,starter,NA,2024,13.3,lukestip
3,Kenneth Walker III,8151,RB,8,8.5,-4.16078431372549,starter,NA,2024,16.3,lukestip
3,D.J. Moore,4983,WR,8,5.4,-7.651568627450979,starter,NA,2024,14.4,lukestip
3,Justin Jefferson,6794,WR,8,19.5,6.44843137254902,starter,NA,2024,19.6,lukestip
3,Brock Bowers,11604,TE,8,10.8,3.079558823529412,starter,NA,2024,14.3,lukestip
3,Joe Mixon,4018,RB,8,23.4,10.739215686274507,starter,NA,2024,18.3,lukestip
3,Sam Darnold,4943,QB,8,18.2,4.974607843137255,starter,NA,2024,17.9,lukestip
3,Jake Elliott,4195,K,8,15,7.28921568627451,starter,NA,2024,12,lukestip
3,San Francisco 49ers,SF,DST,8,8,3.0098039215686274,starter,NA,2024,25,lukestip
5,Trevor Lawrence,7523,QB,8,24.32,11.094607843137256,starter,NA,2024,15.6,ngernenz
5,Kyren Williams,8150,RB,8,22.6,14.248676470588238,starter,NA,2024,16.3,ngernenz
5,Bucky Irving,11584,RB,8,15.4,7.048676470588237,starter,NA,2024,10.1,ngernenz
5,Ja'Marr Chase,7564,WR,8,20.4,7.739215686274509,starter,NA,2024,20.2,ngernenz
5,Stefon Diggs,2449,WR,8,12.7,0.03921568627450966,starter,NA,2024,16.2,ngernenz
5,David Njoku,4033,TE,8,17.1,9.379558823529411,starter,NA,2024,12.8,ngernenz
5,Diontae Johnson,5937,WR,8,0,-12.66078431372549,starter,NA,2024,0,ngernenz
5,Geno Smith,1373,QB,8,9.08,-4.145392156862744,starter,NA,2024,17.4,ngernenz
5,Jason Myers,2747,K,8,4,-3.7107843137254903,starter,NA,2024,21,ngernenz
5,Indianapolis Colts,IND,DST,8,5,0.00980392156862741,starter,NA,2024,9,ngernenz
8,Jalen Hurts,6904,QB,8,35.14,21.914607843137254,starter,NA,2024,19.4,obiwanginobiIi
8,Chuba Hubbard,7594,RB,8,9.1,0.7486764705882365,starter,NA,2024,13.1,obiwanginobiIi
8,Rachaad White,8136,RB,8,15.7,7.348676470588236,starter,NA,2024,11.3,obiwanginobiIi
8,Garrett Wilson,8146,WR,8,16.3,3.639215686274511,starter,NA,2024,14.1,obiwanginobiIi
8,Jordan Addison,9756,WR,8,4.2,-8.46078431372549,starter,NA,2024,10.8,obiwanginobiIi
8,Evan Engram,4066,TE,8,13.6,5.879558823529411,starter,NA,2024,12.7,obiwanginobiIi
8,Darnell Mooney,7090,WR,8,18.6,5.939215686274512,starter,NA,2024,13.1,obiwanginobiIi
8,Anthony Richardson,9229,QB,8,12.5,-0.7253921568627444,starter,NA,2024,16.5,obiwanginobiIi
8,Will Reichard,11792,K,8,8,0.28921568627450966,starter,NA,2024,16,obiwanginobiIi
8,Minnesota Vikings,MIN,DST,8,1,-3.9901960784313726,starter,NA,2024,24,obiwanginobiIi
9,Dorian Thompson-Robinson,10862,QB,8,0,0,bench,2,2024,0,Arvs
9,Zach Ertz,1339,TE,8,14.7,0,bench,13,2024,7.7,Arvs
9,Marcus Mariota,2307,QB,8,0,0,bench,11,2024,0,Arvs
9,Sterling Shepard,3200,WR,8,4.8,0,bench,10,2024,7.4,Arvs
9,Christian McCaffrey,4034,RB,8,0,0,bench,9,2024,0,Arvs
9,Chris Godwin,4037,WR,8,0,0,bench,9,2024,0,Arvs
9,Taysom Hill,4381,TE,8,6.220000000000001,0,bench,9,2024,6.5,Arvs
9,Tyler Conklin,5133,TE,8,13.2,0,bench,8,2024,6.3,Arvs
9,Colby Parkinson,6865,TE,8,3.7,0,bench,6,2024,7.4,Arvs
9,Jauan Jennings,7049,WR,8,0,0,bench,6,2024,0,Arvs
9,Tutu Atwell,7562,WR,8,2.8,0,bench,5,2024,8.5,Arvs
9,Jalen Tolbert,8117,WR,8,7.4,0,bench,4,2024,8.6,Arvs
9,Cameron Dicker,8259,K,8,8,0,bench,4,2024,18,Arvs
9,DeMario Douglas,9501,WR,8,3.2,0,bench,3,2024,11.5,Arvs
9,Quentin Johnston,9754,WR,8,0,0,bench,3,2024,0,Arvs
7,Keon Coleman,11637,WR,8,18,0,bench,2,2024,8.4,ElatedBroncosFan
7,Kimani Vidal,11647,RB,8,1.6,0,bench,2,2024,4.1,ElatedBroncosFan
7,Isaac Guerendo,11651,RB,8,19.2,0,bench,2,2024,1.1,ElatedBroncosFan
7,Bub Means,11748,WR,8,4.6,0,bench,2,2024,5.6,ElatedBroncosFan
7,Devaughn Vele,11834,WR,8,5.800000000000001,0,bench,2,2024,5.3,ElatedBroncosFan
7,Dalvin Cook,4029,RB,8,3.2,0,bench,8,2024,0,ElatedBroncosFan
7,Hollywood Brown,5848,WR,8,0,0,bench,7,2024,0,ElatedBroncosFan
7,Rico Dowdle,7021,RB,8,0,0,bench,6,2024,12.6,ElatedBroncosFan
7,Nico Collins,7569,WR,8,0,0,bench,5,2024,0,ElatedBroncosFan
7,Tank Bigsby,9225,RB,8,10.6,0,bench,3,2024,10.9,ElatedBroncosFan
7,Puka Nacua,9493,WR,8,18.1,0,bench,3,2024,7.6,ElatedBroncosFan
7,Sean Tucker,9506,RB,8,2.5,0,bench,3,2024,4.6,ElatedBroncosFan
7,Zay Flowers,9997,WR,8,18.5,0,bench,3,2024,16.2,ElatedBroncosFan
10,Emanuel Wilson,11435,RB,8,2.3,0,bench,3,2024,4.7,Gretsch0401
10,Jayden Daniels,11566,QB,8,22.24,0,bench,2,2024,20.2,Gretsch0401
10,Ja'Tavion Sanders,11600,TE,8,1.7000000000000002,0,bench,2,2024,7,Gretsch0401
10,DeAndre Hopkins,1426,WR,8,4.9,0,bench,13,2024,7.7,Gretsch0401
10,Odell Beckham Jr.,2078,WR,8,0,0,bench,12,2024,0,Gretsch0401
10,Jakobi Meyers,5947,WR,8,17.2,0,bench,7,2024,10,Gretsch0401
10,Rashod Bateman,7571,WR,8,3.8,0,bench,5,2024,8.4,Gretsch0401
10,Justin Fields,7591,QB,8,0,0,bench,5,2024,0,Gretsch0401
10,Christian Watson,8167,WR,8,7.9,0,bench,4,2024,11.4,Gretsch0401
10,Isiah Pacheco,8205,RB,8,0,0,bench,4,2024,0,Gretsch0401
10,Philadelphia Eagles,PHI,DST,8,9,0,bench,NA,2024,8,Gretsch0401
2,Drake Maye,11564,QB,8,11.52,0,bench,2,2024,16.7,SFOControl
2,Braelon Allen,11576,RB,8,9.2,0,bench,2,2024,3.8,SFOControl
2,Ja'Lynn Polk,11619,WR,8,0,0,bench,2,2024,0,SFOControl
2,Mike Evans,2216,WR,8,0,0,bench,12,2024,0,SFOControl
2,Ezekiel Elliott,3164,RB,8,10.8,0,bench,9,2024,0.9,SFOControl
2,Younghoe Koo,4666,K,8,6,0,bench,9,2024,27,SFOControl
2,Brandon Aiyuk,6803,WR,8,0,0,bench,6,2024,0,SFOControl
2,A.J. Dillon,6828,RB,8,0,0,bench,6,2024,0,SFOControl
2,Antonio Gibson,6945,RB,8,-0.29999999999999993,0,bench,6,2024,6,SFOControl
2,Isaiah Likely,8131,TE,8,8.7,0,bench,4,2024,7.8,SFOControl
2,Green Bay Packers,GB,DST,8,6,0,bench,NA,2024,22,SFOControl
12,Rashee Rice,10229,WR,8,0,0,bench,3,2024,0,TheJandyStock
12,Sam LaPorta,10859,TE,8,16.8,0,bench,3,2024,9.4,TheJandyStock
12,Aidan O'Connell,10866,QB,8,0,0,bench,3,2024,0,TheJandyStock
12,Carson Steele,11582,RB,8,2.4000000000000004,0,bench,2,2024,1.2,TheJandyStock
12,Jonathon Brooks,11583,RB,8,0,0,bench,2,2024,0,TheJandyStock
12,Roman Wilson,11630,WR,8,0,0,bench,2,2024,0,TheJandyStock
12,Russell Wilson,1234,QB,8,13.82,0,bench,14,2024,14.2,TheJandyStock
12,Brandon McManus,1433,K,8,12,0,bench,13,2024,22,TheJandyStock
12,Brandin Cooks,2197,WR,8,0,0,bench,12,2024,0,TheJandyStock
12,Aaron Jones,4199,RB,8,11.5,0,bench,9,2024,15.3,TheJandyStock
12,Calvin Ridley,4981,WR,8,22.6,0,bench,8,2024,9.7,TheJandyStock
12,Andy Dalton,829,QB,8,0,0,bench,15,2024,0,TheJandyStock
11,Tre Tucker,10213,WR,8,5.300000000000001,0,bench,3,2024,5.3,akondratieff
11,Raheem Mostert,2749,RB,8,16,0,bench,11,2024,6.6,akondratieff
11,Demarcus Robinson,3286,WR,8,17.5,0,bench,10,2024,5.6,akondratieff
11,Deshaun Watson,4017,QB,8,0,0,bench,9,2024,0,akondratieff
11,DK Metcalf,5846,WR,8,0,0,bench,7,2024,0,akondratieff
11,Dawson Knox,5906,TE,8,7,0,bench,7,2024,2.7,akondratieff
11,Kyle Pitts,7553,TE,8,25.1,0,bench,5,2024,10.2,akondratieff
11,Rhamondre Stevenson,7611,RB,8,21.5,0,bench,5,2024,10.9,akondratieff
11,Jahan Dotson,8119,WR,8,0,0,bench,4,2024,3.3,akondratieff
11,Jameson Williams,8148,WR,8,0,0,bench,4,2024,0,akondratieff
4,Roschon Johnson,10235,RB,8,6.6,0,bench,3,2024,4,caskinner
4,Jordan Travis,11567,QB,8,0,0,bench,1,2024,0,caskinner
4,MarShawn Lloyd,11581,RB,8,0,0,bench,2,2024,0,caskinner
4,Trey Benson,11589,RB,8,1,0,bench,2,2024,1.1,caskinner
4,Malachi Corley,11617,WR,8,0,0,bench,2,2024,0,caskinner
4,Ricky Pearsall,11638,WR,8,11.7,0,bench,2,2024,8.4,caskinner
4,Derek Carr,2028,QB,8,0,0,bench,11,2024,0,caskinner
4,Dalton Schultz,5001,TE,8,9.2,0,bench,8,2024,6.8,caskinner
4,Khalil Shakir,8134,WR,8,19.9,0,bench,4,2024,10.5,caskinner
4,Jaylen Warren,8228,RB,8,7.9,0,bench,4,2024,7.3,caskinner
4,Bryce Young,9228,QB,8,15.56,0,bench,3,2024,11.5,caskinner
4,Dontayvion Wicks,9486,WR,8,3.1,0,bench,3,2024,5.2,caskinner
4,Jaxon Smith-Njigba,9488,WR,8,12.9,0,bench,3,2024,14.9,caskinner
4,Tyjae Spears,9508,RB,8,0,0,bench,3,2024,0,caskinner
4,Kendre Miller,9757,RB,8,1.6,0,bench,3,2024,4.6,caskinner
1,Spencer Rattler,11562,QB,8,6.24,0,bench,2,2024,15.3,joeburrowmvp
1,Jalen McMillan,11618,WR,8,9.2,0,bench,2,2024,11.6,joeburrowmvp
1,Troy Franklin,11627,WR,8,1.9,0,bench,2,2024,5.3,joeburrowmvp
1,Javon Baker,11645,WR,8,0,0,bench,2,2024,0,joeburrowmvp
1,Keenan Allen,1479,WR,8,5.9,0,bench,13,2024,8.4,joeburrowmvp
1,Adam Thielen,1689,WR,8,0,0,bench,13,2024,0,joeburrowmvp
1,Mark Andrews,5012,TE,8,14.6,0,bench,8,2024,8.1,joeburrowmvp
1,Jerry Jeudy,6783,WR,8,12.9,0,bench,6,2024,12.5,joeburrowmvp
1,Justin Herbert,6797,QB,8,24.06,0,bench,6,2024,12.9,joeburrowmvp
1,Zack Moss,6845,RB,8,6.9,0,bench,5,2024,9.9,joeburrowmvp
1,Trey Sermon,7593,RB,8,2.4000000000000004,0,bench,5,2024,1.2,joeburrowmvp
1,Romeo Doubs,8121,WR,8,10.2,0,bench,4,2024,10.2,joeburrowmvp
1,Aaron Rodgers,96,QB,8,17.32,0,bench,21,2024,14.9,joeburrowmvp
6,Andrei Iosivas,10226,WR,8,0,0,bench,3,2024,10.3,jzeigboi
6,Michael Wilson,10232,WR,8,14.1,0,bench,3,2024,8.2,jzeigboi
6,Michael Penix Jr.,11559,QB,8,0,0,bench,2,2024,0,jzeigboi
6,Rome Odunze,11620,WR,8,8.4,0,bench,2,2024,7.9,jzeigboi
6,Xavier Worthy,11624,WR,8,13.7,0,bench,2,2024,12.1,jzeigboi
6,Jaylen Wright,11643,RB,8,1.8,0,bench,2,2024,1.4,jzeigboi
6,Dallas Goedert,5022,TE,8,0,0,bench,8,2024,0,jzeigboi
6,Gardner Minshew,6011,QB,8,14.96,0,bench,7,2024,12.2,jzeigboi
6,Devin Singletary,6130,RB,8,4.300000000000001,0,bench,7,2024,7.6,jzeigboi
6,Tank Dell,9502,WR,8,13.5,0,bench,3,2024,10.5,jzeigboi
3,Ray Davis,11575,RB,8,2.9000000000000004,0,bench,2,2024,5.3,lukestip
3,Adonai Mitchell,11625,WR,8,1.9,0,bench,2,2024,3.1,lukestip
3,Tyrone Tracy Jr.,11655,RB,8,23,0,bench,2,2024,11.7,lukestip
3,Mike Williams,4068,WR,8,0,0,bench,8,2024,7.2,lukestip
3,Curtis Samuel,4082,WR,8,0,0,bench,9,2024,0,lukestip
3,Allen Lazard,5185,WR,8,0,0,bench,7,2024,0,lukestip
3,Justice Hill,5995,RB,8,2.9000000000000004,0,bench,7,2024,6.1,lukestip
3,Miles Sanders,6151,RB,8,11.5,0,bench,7,2024,4.9,lukestip
3,Austin Seibert,6219,K,8,12,0,bench,6,2024,29,lukestip
3,Tua Tagovailoa,6768,QB,8,11.66,0,bench,6,2024,15.3,lukestip
3,Cole Kmet,6826,TE,8,2.4000000000000004,0,bench,6,2024,11,lukestip
3,Cam Akers,6938,RB,8,0,0,bench,6,2024,0,lukestip
3,Gabe Davis,6943,WR,8,0,0,bench,6,2024,7.7,lukestip
3,Will Levis,9999,QB,8,0,0,bench,3,2024,0,lukestip
5,Jonathan Mingo,10225,WR,8,0,0,bench,3,2024,3.4,ngernenz
5,J.J. McCarthy,11565,QB,8,0,0,bench,2,2024,0,ngernenz
5,Xavier Legette,11626,WR,8,13.4,0,bench,2,2024,9.9,ngernenz
5,Jonnu Smith,4144,TE,8,6,0,bench,9,2024,6.5,ngernenz
5,Jamaal Williams,4149,RB,8,0.4,0,bench,8,2024,0,ngernenz
5,Courtland Sutton,5045,WR,8,17.12,0,bench,8,2024,10.8,ngernenz
5,Travis Etienne,7543,RB,8,0,0,bench,5,2024,0,ngernenz
5,Khalil Herbert,7608,RB,8,0,0,bench,5,2024,0,ngernenz
5,Ty Chandler,8230,RB,8,0,0,bench,4,2024,6,ngernenz
5,Josh Downs,9500,WR,8,22.2,0,bench,3,2024,11.2,ngernenz
5,Hendon Hooker,9998,QB,8,0.24,0,bench,3,2024,0,ngernenz
8,Cedric Tillman,10444,WR,8,28.9,0,bench,3,2024,9.5,obiwanginobiIi
8,Blake Corum,11586,RB,8,2.8,0,bench,2,2024,2.8,obiwanginobiIi
8,Luke McCaffrey,11650,WR,8,1.8,0,bench,2,2024,6.8,obiwanginobiIi
8,Christian Kirk,4950,WR,8,7.9,0,bench,8,2024,8.4,obiwanginobiIi
8,Ray-Ray McCloud,5096,WR,8,5.6000000000000005,0,bench,8,2024,6.8,obiwanginobiIi
8,T.J. Hockenson,5844,TE,8,0,0,bench,7,2024,0,obiwanginobiIi
8,Alexander Mattison,5987,RB,8,9.4,0,bench,7,2024,12.5,obiwanginobiIi
8,Joshua Palmer,7670,WR,8,9.2,0,bench,5,2024,7.8,obiwanginobiIi
8,Tyler Allgeier,8132,RB,8,3.3000000000000003,0,bench,4,2024,6.2,obiwanginobiIi
8,Alec Pierce,8142,WR,8,2.1,0,bench,4,2024,5.1,obiwanginobiIi
8,Jerome Ford,8143,RB,8,0,0,bench,4,2024,0,obiwanginobiIi
8,Trey Palmer,9492,WR,8,4.9,0,bench,3,2024,8.4,obiwanginobiIi
8,Zach Charbonnet,9753,RB,8,11.4,0,bench,3,2024,5.7,obiwanginobiIi
9,Jared Goff,3163,QB,9,9.6,-3.098058823529412,starter,NA,2024,15.9,Arvs
9,James Conner,4137,RB,9,14.9,8.205343137254903,starter,NA,2024,13.3,Arvs
9,Jonathan Taylor,6813,RB,9,8.9,2.2053431372549035,starter,NA,2024,16.3,Arvs
9,Malik Nabers,11632,WR,9,14.9,4.076764705882352,starter,NA,2024,17.3,Arvs
9,Terry McLaurin,5927,WR,9,15.9,5.076764705882352,starter,NA,2024,15.4,Arvs
9,Travis Kelce,1466,TE,9,22,10.091715686274512,starter,NA,2024,14.9,Arvs
9,Zach Ertz,1339,TE,9,1.5,-10.408284313725488,starter,NA,2024,9.4,Arvs
9,Jameis Winston,2306,QB,9,13.1,0.40194117647058825,starter,NA,2024,14.9,Arvs
9,Cameron Dicker,8259,K,9,1,-5.719117647058823,starter,NA,2024,21,Arvs
9,New Orleans Saints,NO,DST,9,3,-4.731862745098039,starter,NA,2024,32,Arvs
7,Caleb Williams,11560,QB,9,9.18,-3.5180588235294117,starter,NA,2024,17.2,ElatedBroncosFan
7,Bijan Robinson,9509,RB,9,21.5,14.805343137254903,starter,NA,2024,17.2,ElatedBroncosFan
7,Rico Dowdle,7021,RB,9,21.7,15.005343137254902,starter,NA,2024,11.6,ElatedBroncosFan
7,Keon Coleman,11637,WR,9,5.1,-6.808284313725489,starter,NA,2024,11.1,ElatedBroncosFan
7,Garrett Wilson,8146,WR,9,30,18.09171568627451,starter,NA,2024,15.6,ElatedBroncosFan
7,Dalton Kincaid,10236,TE,9,7.2,0.1328921568627459,starter,NA,2024,10.4,ElatedBroncosFan
7,Puka Nacua,9493,WR,9,2.1,-9.808284313725489,starter,NA,2024,15,ElatedBroncosFan
7,Drake Maye,11564,QB,9,17.74,5.041941176470587,starter,NA,2024,16,ElatedBroncosFan
7,Evan McPherson,7839,K,9,12,5.280882352941177,starter,NA,2024,24,ElatedBroncosFan
7,New England Patriots,NE,DST,9,6,-1.7318627450980388,starter,NA,2024,24,ElatedBroncosFan
10,C.J. Stroud,9758,QB,9,11.54,-1.1580588235294125,starter,NA,2024,16.4,Gretsch0401
10,Chase Brown,9224,RB,9,26.7,20.005343137254904,starter,NA,2024,15.5,Gretsch0401
10,Julius Chestnut,8254,RB,9,2.2,-4.494656862745097,starter,NA,2024,0,Gretsch0401
10,Ladd McConkey,11635,WR,9,11.4,-0.508284313725488,starter,NA,2024,12.6,Gretsch0401
10,Tyreek Hill,3321,WR,9,12,0.09171568627451164,starter,NA,2024,17.5,Gretsch0401
10,Ja'Tavion Sanders,11600,TE,9,12.7,5.632892156862745,starter,NA,2024,4.4,Gretsch0401
10,Davante Adams,2133,WR,9,22.1,10.191715686274511,starter,NA,2024,14.8,Gretsch0401
10,Jayden Daniels,11566,QB,9,19.86,7.161941176470588,starter,NA,2024,21.7,Gretsch0401
10,Brandon Aubrey,11533,K,9,9,2.280882352941177,starter,NA,2024,20,Gretsch0401
10,Kansas City Chiefs,KC,DST,9,2,-5.731862745098039,starter,NA,2024,29,Gretsch0401
2,Patrick Mahomes,4046,QB,9,24.54,11.841941176470588,starter,NA,2024,18.3,SFOControl
2,De'Von Achane,9226,RB,9,32.1,20.191715686274513,starter,NA,2024,17,SFOControl
2,J.K. Dobbins,6806,RB,9,24.5,12.591715686274512,starter,NA,2024,13.6,SFOControl
2,CeeDee Lamb,6786,WR,9,16.2,5.376764705882351,starter,NA,2024,17.4,SFOControl
2,Drake London,8112,WR,9,10.7,-0.12323529411764866,starter,NA,2024,16.7,SFOControl
2,Jake Ferguson,8110,TE,9,14.1,7.032892156862745,starter,NA,2024,11.6,SFOControl
2,Austin Ekeler,4663,RB,9,17.3,5.391715686274512,starter,NA,2024,15.3,SFOControl
2,Daniel Jones,5870,QB,9,24.36,11.661941176470588,starter,NA,2024,16.2,SFOControl
2,Younghoe Koo,4666,K,9,3,-3.719117647058823,starter,NA,2024,32,SFOControl
2,Buffalo Bills,BUF,DST,9,4,-3.731862745098039,starter,NA,2024,31,SFOControl
12,Jordan Love,6804,QB,9,11.92,-0.7780588235294115,starter,NA,2024,17.2,TheJandyStock
12,Aaron Jones,4199,RB,9,12.2,0.29171568627451094,starter,NA,2024,15.6,TheJandyStock
12,Derrick Henry,3198,RB,9,26.3,14.391715686274512,starter,NA,2024,17,TheJandyStock
12,Calvin Ridley,4981,WR,9,12.3,1.4767647058823528,starter,NA,2024,12.2,TheJandyStock
12,Wan'Dale Robinson,8126,WR,9,4,-6.823235294117648,starter,NA,2024,11,TheJandyStock
12,Sam LaPorta,10859,TE,9,4.8,-2.2671078431372544,starter,NA,2024,9.5,TheJandyStock
12,Saquon Barkley,4866,RB,9,32.9,20.99171568627451,starter,NA,2024,18.5,TheJandyStock
12,Baker Mayfield,4892,QB,9,18,5.301941176470589,starter,NA,2024,16.2,TheJandyStock
12,Brandon McManus,1433,K,9,5,-1.7191176470588232,starter,NA,2024,19,TheJandyStock
12,Cincinnati Bengals,CIN,DST,9,11,3.268137254901961,starter,NA,2024,23,TheJandyStock
11,Lamar Jackson,4881,QB,9,23.6,16.875970588235297,starter,NA,2024,22.1,akondratieff
11,Breece Hall,8155,RB,9,10.5,3.805343137254903,starter,NA,2024,18.3,akondratieff
11,Rhamondre Stevenson,7611,RB,9,22.4,15.705343137254902,starter,NA,2024,11.9,akondratieff
11,Michael Pittman Jr.,6819,WR,9,2.4,-10.298058823529413,starter,NA,2024,12.5,akondratieff
11,Jaylen Waddle,7526,WR,9,7.6,-5.098058823529412,starter,NA,2024,13.2,akondratieff
11,Tucker Kraft,9484,TE,9,7.6,-5.098058823529412,starter,NA,2024,9.2,akondratieff
11,Brian Thomas Jr.,11631,WR,9,6.2,-6.498058823529411,starter,NA,2024,13.5,akondratieff
11,Cade Otton,8111,TE,9,21.7,9.001941176470588,starter,NA,2024,13.4,akondratieff
11,Tyler Bass,7042,K,9,13,6.280882352941177,starter,NA,2024,27,akondratieff
11,Tampa Bay Buccaneers,TB,DST,9,6,-1.7318627450980388,starter,NA,2024,6,akondratieff
4,Joe Burrow,6770,QB,9,30.14,17.44194117647059,starter,NA,2024,18.4,caskinner
4,James Cook,8138,RB,9,11.9,5.2053431372549035,starter,NA,2024,15.2,caskinner
4,D'Andre Swift,6790,RB,9,14.2,7.505343137254902,starter,NA,2024,16.8,caskinner
4,Amon-Ra St. Brown,7547,WR,9,18.6,6.691715686274513,starter,NA,2024,19.6,caskinner
4,Chris Olave,8144,WR,9,2.3,-9.608284313725488,starter,NA,2024,15.6,caskinner
4,Trey McBride,8130,TE,9,12.7,5.632892156862745,starter,NA,2024,14.1,caskinner
4,Jaxon Smith-Njigba,9488,WR,9,37,25.09171568627451,starter,NA,2024,14.2,caskinner
4,Matthew Stafford,421,QB,9,18.92,6.22194117647059,starter,NA,2024,16.2,caskinner
4,Ka'imi Fairbairn,3451,K,9,7,0.2808823529411768,starter,NA,2024,23,caskinner
4,Minnesota Vikings,MIN,DST,9,11,3.268137254901961,starter,NA,2024,30,caskinner
1,Justin Herbert,6797,QB,9,19.48,6.781941176470589,starter,NA,2024,15.6,joeburrowmvp
1,David Montgomery,5892,RB,9,12.6,5.905343137254903,starter,NA,2024,12.5,joeburrowmvp
1,Kareem Hunt,4098,RB,9,18.7,12.005343137254902,starter,NA,2024,15,joeburrowmvp
1,Zay Flowers,9997,WR,9,29.7,17.79171568627451,starter,NA,2024,17,joeburrowmvp
1,DeVonta Smith,7525,WR,9,18.7,6.791715686274511,starter,NA,2024,13.8,joeburrowmvp
1,Mark Andrews,5012,TE,9,4.6,-2.4671078431372546,starter,NA,2024,8.4,joeburrowmvp
1,Ja'Marr Chase,7564,WR,9,11.3,-0.6082843137254876,starter,NA,2024,18.6,joeburrowmvp
1,Kyler Murray,5849,QB,9,4.76,-7.938058823529412,starter,NA,2024,19.2,joeburrowmvp
1,Justin Tucker,1264,K,9,11,4.280882352941177,starter,NA,2024,30,joeburrowmvp
1,Tennessee Titans,TEN,DST,9,12,4.268137254901961,starter,NA,2024,25,joeburrowmvp
6,Josh Allen,4984,QB,9,23.1,10.40194117647059,starter,NA,2024,20.4,jzeigboi
6,Tony Pollard,5967,RB,9,18.4,11.705343137254902,starter,NA,2024,14.3,jzeigboi
6,Jahmyr Gibbs,9221,RB,9,14.6,7.905343137254903,starter,NA,2024,15.9,jzeigboi
6,Xavier Worthy,11624,WR,9,-1,-12.908284313725488,starter,NA,2024,11.1,jzeigboi
6,A.J. Brown,5859,WR,9,5.6,-6.308284313725489,starter,NA,2024,18.1,jzeigboi
6,Noah Gray,7828,TE,9,0,-7.067107843137254,starter,NA,2024,5,jzeigboi
6,Cooper Kupp,4039,WR,9,21.4,9.49171568627451,starter,NA,2024,16.4,jzeigboi
6,Kirk Cousins,1166,QB,9,17.78,5.08194117647059,starter,NA,2024,16.1,jzeigboi
6,Blake Grupe,11058,K,9,12,5.280882352941177,starter,NA,2024,15,jzeigboi
6,Los Angeles Chargers,LAC,DST,9,19,11.268137254901962,starter,NA,2024,28,jzeigboi
3,Dak Prescott,3294,QB,9,12.32,-0.3780588235294111,starter,NA,2024,15.5,lukestip
3,Javonte Williams,7588,RB,9,10.4,-1.508284313725488,starter,NA,2024,11.9,lukestip
3,Kenneth Walker III,8151,RB,9,13.7,1.791715686274511,starter,NA,2024,16.8,lukestip
3,D.J. Moore,4983,WR,9,7.3,-3.523235294117648,starter,NA,2024,13.8,lukestip
3,Justin Jefferson,6794,WR,9,21.58,10.75676470588235,starter,NA,2024,21.2,lukestip
3,Brock Bowers,11604,TE,9,15.5,8.432892156862746,starter,NA,2024,14.4,lukestip
3,Joe Mixon,4018,RB,9,16.6,4.691715686274513,starter,NA,2024,18.8,lukestip
3,Sam Darnold,4943,QB,9,21,8.301941176470589,starter,NA,2024,17.6,lukestip
3,Jake Elliott,4195,K,9,4,-2.719117647058823,starter,NA,2024,26,lukestip
3,Chicago Bears,CHI,DST,9,8,0.26813725490196116,starter,NA,2024,19,lukestip
5,Trevor Lawrence,7523,QB,9,21.56,8.861941176470587,starter,NA,2024,15.8,ngernenz
5,Kyren Williams,8150,RB,9,10.5,3.805343137254903,starter,NA,2024,18.3,ngernenz
5,Alvin Kamara,4035,RB,9,27.5,20.8053431372549,starter,NA,2024,20.1,ngernenz
5,Marvin Harrison Jr.,11628,WR,9,3.4,-8.508284313725488,starter,NA,2024,11.7,ngernenz
5,Josh Downs,9500,WR,9,12,0.09171568627451164,starter,NA,2024,15.2,ngernenz
5,David Njoku,4033,TE,9,7.9,0.8328921568627461,starter,NA,2024,12.6,ngernenz
5,Courtland Sutton,5045,WR,9,23.28,11.371715686274513,starter,NA,2024,12.8,ngernenz
5,Geno Smith,1373,QB,9,25.12,12.42194117647059,starter,NA,2024,17,ngernenz
5,Jason Myers,2747,K,9,1,-5.719117647058823,starter,NA,2024,17,ngernenz
5,Washington Commanders,WAS,DST,9,5,-2.731862745098039,starter,NA,2024,22,ngernenz
8,Bo Nix,11563,QB,9,18.72,6.0219411764705875,starter,NA,2024,17.8,obiwanginobiIi
8,Alexander Mattison,5987,RB,9,3.6,-3.0946568627450968,starter,NA,2024,12.4,obiwanginobiIi
8,Chuba Hubbard,7594,RB,9,21.2,14.505343137254902,starter,NA,2024,12.7,obiwanginobiIi
8,Jordan Addison,9756,WR,9,16.1,4.191715686274513,starter,NA,2024,9,obiwanginobiIi
8,Darnell Mooney,7090,WR,9,19.8,7.891715686274512,starter,NA,2024,13.5,obiwanginobiIi
8,Evan Engram,4066,TE,9,11.5,4.432892156862746,starter,NA,2024,15.2,obiwanginobiIi
8,Cedric Tillman,10444,WR,9,19.5,7.591715686274512,starter,NA,2024,11.5,obiwanginobiIi
8,Jalen Hurts,6904,QB,9,29.9,17.201941176470587,starter,NA,2024,21,obiwanginobiIi
8,Will Reichard,11792,K,9,1,-5.719117647058823,starter,NA,2024,28,obiwanginobiIi
8,Denver Broncos,DEN,DST,9,-2,-9.731862745098038,starter,NA,2024,17,obiwanginobiIi
9,Joe Flacco,19,QB,9,4.0600000000000005,0,bench,18,2024,16.7,Arvs
9,Tyler Lockett,2374,WR,9,15.3,0,bench,11,2024,13.8,Arvs
9,Christian McCaffrey,4034,RB,9,0,0,bench,9,2024,0,Arvs
9,Chris Godwin,4037,WR,9,0,0,bench,9,2024,0,Arvs
9,Taysom Hill,4381,TE,9,16,0,bench,9,2024,6.6,Arvs
9,Tyler Conklin,5133,TE,9,0.7,0,bench,8,2024,7.2,Arvs
9,Jauan Jennings,7049,WR,9,0,0,bench,6,2024,0,Arvs
9,Jalen Tolbert,8117,WR,9,10.9,0,bench,4,2024,8.4,Arvs
9,Parker Washington,9487,WR,9,7.1000000000000005,0,bench,3,2024,8.7,Arvs
9,Rakim Jarrett,9495,WR,9,1.9,0,bench,2,2024,0,Arvs
9,DeMario Douglas,9501,WR,9,10.5,0,bench,3,2024,11.2,Arvs
9,Quentin Johnston,9754,WR,9,22,0,bench,3,2024,0,Arvs
7,Braelon Allen,11576,RB,9,0.9,0,bench,2,2024,4,ElatedBroncosFan
7,Troy Franklin,11627,WR,9,2.9000000000000004,0,bench,2,2024,5.3,ElatedBroncosFan
7,Jalen Coker,11646,WR,9,5.6,0,bench,2,2024,9.1,ElatedBroncosFan
7,Kimani Vidal,11647,RB,9,0.7000000000000001,0,bench,2,2024,4,ElatedBroncosFan
7,Isaac Guerendo,11651,RB,9,0,0,bench,2,2024,0,ElatedBroncosFan
7,Devaughn Vele,11834,WR,9,3.1,0,bench,2,2024,5.3,ElatedBroncosFan
7,Nick Chubb,4988,RB,9,4.5,0,bench,8,2024,10.1,ElatedBroncosFan
7,Hollywood Brown,5848,WR,9,0,0,bench,7,2024,0,ElatedBroncosFan
7,Brandon Aiyuk,6803,WR,9,0,0,bench,6,2024,0,ElatedBroncosFan
7,Nico Collins,7569,WR,9,0,0,bench,5,2024,0,ElatedBroncosFan
7,Elijah Moore,7596,WR,9,5.800000000000001,0,bench,5,2024,9.9,ElatedBroncosFan
7,Tank Bigsby,9225,RB,9,2.2,0,bench,3,2024,9.5,ElatedBroncosFan
7,Sean Tucker,9506,RB,9,2.7,0,bench,3,2024,3,ElatedBroncosFan
10,DeAndre Hopkins,1426,WR,9,28.6,0,bench,13,2024,9.6,Gretsch0401
10,Odell Beckham Jr.,2078,WR,9,4.5,0,bench,12,2024,0,Gretsch0401
10,George Kittle,4217,TE,9,0,0,bench,9,2024,0,Gretsch0401
10,Mason Rudolph,4972,QB,9,17.5,0,bench,8,2024,13.8,Gretsch0401
10,Jakobi Meyers,5947,WR,9,18.5,0,bench,7,2024,12.3,Gretsch0401
10,Rashod Bateman,7571,WR,9,5.5,0,bench,5,2024,9.7,Gretsch0401
10,Justin Fields,7591,QB,9,0,0,bench,5,2024,0,Gretsch0401
10,Brian Robinson Jr.,8154,RB,9,0,0,bench,4,2024,0,Gretsch0401
10,Christian Watson,8167,WR,9,6.7,0,bench,4,2024,9.6,Gretsch0401
10,Isiah Pacheco,8205,RB,9,0,0,bench,4,2024,0,Gretsch0401
10,Philadelphia Eagles,PHI,DST,9,7,0,bench,NA,2024,26,Gretsch0401
2,Ja'Lynn Polk,11619,WR,9,0,0,bench,2,2024,4.8,SFOControl
2,Mike Evans,2216,WR,9,0,0,bench,12,2024,0,SFOControl
2,Ezekiel Elliott,3164,RB,9,0,0,bench,9,2024,0,SFOControl
2,Harrison Butker,4227,K,9,7,0,bench,9,2024,31,SFOControl
2,Deebo Samuel Sr.,5872,WR,9,0,0,bench,7,2024,0,SFOControl
2,Darius Slayton,6149,WR,9,9,0,bench,7,2024,8.9,SFOControl
2,A.J. Dillon,6828,RB,9,0,0,bench,6,2024,0,SFOControl
2,Antonio Gibson,6945,RB,9,2.1,0,bench,6,2024,5.9,SFOControl
2,Isaiah Likely,8131,TE,9,0,0,bench,4,2024,7.5,SFOControl
2,Brock Purdy,8183,QB,9,0,0,bench,4,2024,0,SFOControl
12,Rashee Rice,10229,WR,9,0,0,bench,3,2024,0,TheJandyStock
12,Carson Steele,11582,RB,9,0.9,0,bench,2,2024,1.2,TheJandyStock
12,Jonathon Brooks,11583,RB,9,0,0,bench,2,2024,0,TheJandyStock
12,Roman Wilson,11630,WR,9,0,0,bench,2,2024,0,TheJandyStock
12,Russell Wilson,1234,QB,9,0,0,bench,14,2024,0,TheJandyStock
12,Chris Boswell,1945,K,9,0,0,bench,12,2024,0,TheJandyStock
12,Brandin Cooks,2197,WR,9,0,0,bench,12,2024,0,TheJandyStock
12,Josh Jacobs,5850,RB,9,12.8,0,bench,7,2024,15.6,TheJandyStock
12,Pat Freiermuth,7600,TE,9,0,0,bench,5,2024,0,TheJandyStock
12,George Pickens,8137,WR,9,0,0,bench,4,2024,0,TheJandyStock
12,Andy Dalton,829,QB,9,0,0,bench,15,2024,0,TheJandyStock
12,Pittsburgh Steelers,PIT,DST,9,0,0,bench,NA,2024,0,TheJandyStock
11,Tre Tucker,10213,WR,9,2.5,0,bench,3,2024,5.5,akondratieff
11,Raheem Mostert,2749,RB,9,8.8,0,bench,11,2024,6.5,akondratieff
11,Demarcus Robinson,3286,WR,9,27.4,0,bench,10,2024,8.8,akondratieff
11,Deshaun Watson,4017,QB,9,0,0,bench,9,2024,0,akondratieff
11,DK Metcalf,5846,WR,9,0,0,bench,7,2024,0,akondratieff
11,Dawson Knox,5906,TE,9,1.5,0,bench,7,2024,2.6,akondratieff
11,Najee Harris,7528,RB,9,0,0,bench,5,2024,0,akondratieff
11,Kyle Pitts,7553,TE,9,2.1,0,bench,5,2024,12.3,akondratieff
11,Jahan Dotson,8119,WR,9,4.6,0,bench,4,2024,3.2,akondratieff
11,Jameson Williams,8148,WR,9,0,0,bench,4,2024,0,akondratieff
4,Roschon Johnson,10235,RB,9,4.1,0,bench,3,2024,3.8,caskinner
4,Jaleel McLaughlin,11439,RB,9,5,0,bench,3,2024,4.9,caskinner
4,Jordan Travis,11567,QB,9,0,0,bench,1,2024,0,caskinner
4,MarShawn Lloyd,11581,RB,9,0,0,bench,2,2024,0,caskinner
4,Trey Benson,11589,RB,9,12.5,0,bench,2,2024,1,caskinner
4,Malachi Corley,11617,WR,9,-0.19999999999999996,0,bench,2,2024,0,caskinner
4,Ricky Pearsall,11638,WR,9,0,0,bench,2,2024,0,caskinner
4,Derek Carr,2028,QB,9,13.44,0,bench,11,2024,16,caskinner
4,Dalton Schultz,5001,TE,9,5.1,0,bench,8,2024,9.9,caskinner
4,Khalil Shakir,8134,WR,9,11,0,bench,4,2024,11.4,caskinner
4,Jaylen Warren,8228,RB,9,0,0,bench,4,2024,0,caskinner
4,Jordan Mason,8408,RB,9,0,0,bench,4,2024,0,caskinner
4,Bryce Young,9228,QB,9,10.74,0,bench,3,2024,11.9,caskinner
4,Dontayvion Wicks,9486,WR,9,0,0,bench,3,2024,5.8,caskinner
4,Tyjae Spears,9508,RB,9,0,0,bench,3,2024,0,caskinner
1,Jayden Reed,10222,WR,9,16.3,0,bench,3,2024,14.4,joeburrowmvp
1,Spencer Rattler,11562,QB,9,0,0,bench,2,2024,0,joeburrowmvp
1,Jalen McMillan,11618,WR,9,0,0,bench,2,2024,11.9,joeburrowmvp
1,Jordan Whittington,11623,WR,9,0,0,bench,2,2024,0,joeburrowmvp
1,Javon Baker,11645,WR,9,0,0,bench,2,2024,0,joeburrowmvp
1,Keenan Allen,1479,WR,9,7.6,0,bench,13,2024,8.5,joeburrowmvp
1,Adam Thielen,1689,WR,9,0,0,bench,13,2024,0,joeburrowmvp
1,Hunter Henry,3214,TE,9,12.6,0,bench,10,2024,10.4,joeburrowmvp
1,Dalvin Cook,4029,RB,9,0.8,0,bench,8,2024,1.8,joeburrowmvp
1,Jerry Jeudy,6783,WR,9,14.3,0,bench,6,2024,12.3,joeburrowmvp
1,Zack Moss,6845,RB,9,0,0,bench,5,2024,0,joeburrowmvp
1,Romeo Doubs,8121,WR,9,6.800000000000001,0,bench,4,2024,10.9,joeburrowmvp
1,Keaton Mitchell,9511,RB,9,0,0,bench,3,2024,0,joeburrowmvp
1,Aaron Rodgers,96,QB,9,20.339999999999996,0,bench,21,2024,14.5,joeburrowmvp
6,Andrei Iosivas,10226,WR,9,8,0,bench,3,2024,7.9,jzeigboi
6,Michael Wilson,10232,WR,9,0,0,bench,3,2024,8.5,jzeigboi
6,Michael Penix Jr.,11559,QB,9,0,0,bench,2,2024,0,jzeigboi
6,Rome Odunze,11620,WR,9,15.4,0,bench,2,2024,6.7,jzeigboi
6,Jaylen Wright,11643,RB,9,1.8,0,bench,2,2024,1,jzeigboi
6,Dallas Goedert,5022,TE,9,0,0,bench,8,2024,0,jzeigboi
6,Gardner Minshew,6011,QB,9,2.96,0,bench,7,2024,12.9,jzeigboi
6,Devin Singletary,6130,RB,9,3.3000000000000003,0,bench,7,2024,2.4,jzeigboi
6,Tee Higgins,6801,WR,9,0,0,bench,6,2024,0,jzeigboi
6,Tank Dell,9502,WR,9,18.6,0,bench,3,2024,13.1,jzeigboi
3,Ray Davis,11575,RB,9,17,0,bench,2,2024,5.3,lukestip
3,Adonai Mitchell,11625,WR,9,3.2,0,bench,2,2024,3.4,lukestip
3,Tyrone Tracy Jr.,11655,RB,9,7.9,0,bench,2,2024,12.3,lukestip
3,Mike Williams,4068,WR,9,1.6,0,bench,8,2024,4.9,lukestip
3,Allen Lazard,5185,WR,9,0,0,bench,7,2024,0,lukestip
3,Justice Hill,5995,RB,9,8.8,0,bench,7,2024,5.8,lukestip
3,Miles Sanders,6151,RB,9,1,0,bench,7,2024,6,lukestip
3,Austin Seibert,6219,K,9,9,0,bench,6,2024,29,lukestip
3,Tua Tagovailoa,6768,QB,9,17.540000000000003,0,bench,6,2024,15,lukestip
3,Cole Kmet,6826,TE,9,0,0,bench,6,2024,9.7,lukestip
3,Cam Akers,6938,RB,9,7.300000000000001,0,bench,6,2024,0,lukestip
3,Gabe Davis,6943,WR,9,0,0,bench,6,2024,0,lukestip
3,Will Levis,9999,QB,9,0,0,bench,3,2024,0,lukestip
3,San Francisco 49ers,SF,DST,9,0,0,bench,NA,2024,0,lukestip
5,Jonathan Mingo,10225,WR,9,0,0,bench,3,2024,3.3,ngernenz
5,J.J. McCarthy,11565,QB,9,0,0,bench,2,2024,0,ngernenz
5,Bucky Irving,11584,RB,9,6.4,0,bench,2,2024,12,ngernenz
5,Xavier Legette,11626,WR,9,13.9,0,bench,2,2024,10.5,ngernenz
5,Stefon Diggs,2449,WR,9,0,0,bench,11,2024,0,ngernenz
5,Wil Lutz,3678,K,9,4,0,bench,10,2024,22,ngernenz
5,Jonnu Smith,4144,TE,9,9.6,0,bench,9,2024,5.3,ngernenz
5,Jamaal Williams,4149,RB,9,0,0,bench,8,2024,0,ngernenz
5,Diontae Johnson,5937,WR,9,0,0,bench,6,2024,2.7,ngernenz
5,Travis Etienne,7543,RB,9,5,0,bench,5,2024,9.4,ngernenz
5,Ty Chandler,8230,RB,9,0,0,bench,4,2024,4.4,ngernenz
5,Hendon Hooker,9998,QB,9,0,0,bench,3,2024,0,ngernenz
8,Blake Corum,11586,RB,9,-0.1,0,bench,2,2024,2.7,obiwanginobiIi
8,Luke McCaffrey,11650,WR,9,0,0,bench,2,2024,6.8,obiwanginobiIi
8,Amari Cooper,2309,WR,9,0,0,bench,10,2024,0,obiwanginobiIi
8,Christian Kirk,4950,WR,9,0,0,bench,8,2024,0,obiwanginobiIi
8,Ray-Ray McCloud,5096,WR,9,11.5,0,bench,8,2024,5.3,obiwanginobiIi
8,T.J. Hockenson,5844,TE,9,5.7,0,bench,7,2024,10,obiwanginobiIi
8,Joshua Palmer,7670,WR,9,14.3,0,bench,5,2024,9.7,obiwanginobiIi
8,Tyler Allgeier,8132,RB,9,7.8,0,bench,4,2024,6.6,obiwanginobiIi
8,Rachaad White,8136,RB,9,12.5,0,bench,4,2024,11.8,obiwanginobiIi
8,Alec Pierce,8142,WR,9,7.1000000000000005,0,bench,4,2024,6.7,obiwanginobiIi
8,Jerome Ford,8143,RB,9,1.7,0,bench,4,2024,0,obiwanginobiIi
8,Anthony Richardson,9229,QB,9,0,0,bench,3,2024,0,obiwanginobiIi
8,Zach Charbonnet,9753,RB,9,5.3,0,bench,3,2024,5.8,obiwanginobiIi
9,Jared Goff,3163,QB,10,12.8,3.029107843137256,starter,NA,2024,15.7,Arvs
9,Christian McCaffrey,4034,RB,10,16.7,10.90950980392157,starter,NA,2024,17.1,Arvs
9,James Conner,4137,RB,10,22.3,16.50950980392157,starter,NA,2024,13.6,Arvs
9,Malik Nabers,11632,WR,10,10.8,2.6134313725490195,starter,NA,2024,17.3,Arvs
9,Khalil Shakir,8134,WR,10,11.8,3.613431372549019,starter,NA,2024,13.5,Arvs
9,Travis Kelce,1466,TE,10,20.4,11.875049019607845,starter,NA,2024,16.5,Arvs
9,Taysom Hill,4381,TE,10,7,-1.5249509803921557,starter,NA,2024,8.6,Arvs
9,Derek Carr,2028,QB,10,20.46,10.689107843137256,starter,NA,2024,14.5,Arvs
9,Jake Moody,10937,K,10,9,0.3558823529411761,starter,NA,2024,28,Arvs
9,Detroit Lions,DET,DST,10,8,0.09313725490196044,starter,NA,2024,20,Arvs
7,Caleb Williams,11560,QB,10,6.3,-3.470892156862745,starter,NA,2024,16.3,ElatedBroncosFan
7,Bijan Robinson,9509,RB,10,29.4,23.60950980392157,starter,NA,2024,17.3,ElatedBroncosFan
7,Rico Dowdle,7021,RB,10,8.6,2.8095098039215696,starter,NA,2024,14.3,ElatedBroncosFan
7,Garrett Wilson,8146,WR,10,9.1,0.5750490196078442,starter,NA,2024,16.5,ElatedBroncosFan
7,Puka Nacua,9493,WR,10,18.8,10.275049019607843,starter,NA,2024,16.7,ElatedBroncosFan
7,Dalton Kincaid,10236,TE,10,4.4,-2.702107843137254,starter,NA,2024,11.7,ElatedBroncosFan
7,Xavier Hutchinson,10218,WR,10,2.6,-5.924950980392156,starter,NA,2024,5.2,ElatedBroncosFan
7,Drake Maye,11564,QB,10,12.76,2.989107843137255,starter,NA,2024,17.2,ElatedBroncosFan
7,Evan McPherson,7839,K,10,4,-4.644117647058824,starter,NA,2024,16,ElatedBroncosFan
7,New York Jets,NYJ,DST,10,1,-6.9068627450980395,starter,NA,2024,22,ElatedBroncosFan
10,C.J. Stroud,9758,QB,10,11.78,2.0091078431372544,starter,NA,2024,16.4,Gretsch0401
10,Chase Brown,9224,RB,10,22.4,16.60950980392157,starter,NA,2024,17.4,Gretsch0401
10,Jaleel McLaughlin,11439,RB,10,1.2,-4.59049019607843,starter,NA,2024,4.7,Gretsch0401
10,Ladd McConkey,11635,WR,10,7.2,-1.3249509803921553,starter,NA,2024,13,Gretsch0401
10,Tyreek Hill,3321,WR,10,11.7,3.175049019607844,starter,NA,2024,17.2,Gretsch0401
10,George Kittle,4217,TE,10,14.7,7.597892156862745,starter,NA,2024,16,Gretsch0401
10,Davante Adams,2133,WR,10,9.1,0.5750490196078442,starter,NA,2024,16.3,Gretsch0401
10,Jayden Daniels,11566,QB,10,8.58,-1.1908921568627449,starter,NA,2024,20.6,Gretsch0401
10,Brandon Aubrey,11533,K,10,7,-1.644117647058824,starter,NA,2024,23,Gretsch0401
10,Philadelphia Eagles,PHI,DST,10,23,15.09313725490196,starter,NA,2024,25,Gretsch0401
2,Brock Purdy,8183,QB,10,23.82,14.049107843137255,starter,NA,2024,20.4,SFOControl
2,De'Von Achane,9226,RB,10,10.2,4.409509803921569,starter,NA,2024,19.5,SFOControl
2,J.K. Dobbins,6806,RB,10,8.5,2.70950980392157,starter,NA,2024,14,SFOControl
2,CeeDee Lamb,6786,WR,10,8.4,-0.12495098039215512,starter,NA,2024,15.6,SFOControl
2,Drake London,8112,WR,10,17.7,9.175049019607844,starter,NA,2024,16.5,SFOControl
2,Jake Ferguson,8110,TE,10,4.4,-2.702107843137254,starter,NA,2024,11.2,SFOControl
2,Deebo Samuel Sr.,5872,WR,10,12.6,4.075049019607844,starter,NA,2024,16.9,SFOControl
2,Daniel Jones,5870,QB,10,14.2,4.429107843137254,starter,NA,2024,17,SFOControl
2,Younghoe Koo,4666,K,10,2,-6.644117647058824,starter,NA,2024,32,SFOControl
2,Buffalo Bills,BUF,DST,10,21,13.09313725490196,starter,NA,2024,26,SFOControl
12,Russell Wilson,1234,QB,10,19.1,9.329107843137256,starter,NA,2024,15.8,TheJandyStock
12,Aaron Jones,4199,RB,10,12.1,3.575049019607844,starter,NA,2024,14.2,TheJandyStock
12,Derrick Henry,3198,RB,10,14.1,5.575049019607844,starter,NA,2024,17.5,TheJandyStock
12,George Pickens,8137,WR,10,20.5,12.31343137254902,starter,NA,2024,14.5,TheJandyStock
12,Wan'Dale Robinson,8126,WR,10,10.1,1.9134313725490184,starter,NA,2024,11.6,TheJandyStock
12,Sam LaPorta,10859,TE,10,15.6,8.497892156862745,starter,NA,2024,9.2,TheJandyStock
12,Saquon Barkley,4866,RB,10,8.8,0.2750490196078452,starter,NA,2024,20,TheJandyStock
12,Baker Mayfield,4892,QB,10,8.94,-0.8308921568627454,starter,NA,2024,16,TheJandyStock
12,Chris Boswell,1945,K,10,4,-4.644117647058824,starter,NA,2024,27,TheJandyStock
12,Pittsburgh Steelers,PIT,DST,10,4,-3.906862745098039,starter,NA,2024,24,TheJandyStock
11,Lamar Jackson,4881,QB,10,32.9,26.948303921568623,starter,NA,2024,22.5,akondratieff
11,Breece Hall,8155,RB,10,12.3,2.529107843137256,starter,NA,2024,18.3,akondratieff
11,Rhamondre Stevenson,7611,RB,10,8.7,-1.0708921568627456,starter,NA,2024,11.9,akondratieff
11,Jameson Williams,8148,WR,10,8.3,-1.4708921568627442,starter,NA,2024,10.8,akondratieff
11,Jaylen Waddle,7526,WR,10,8.6,-1.1708921568627453,starter,NA,2024,8.5,akondratieff
11,Cade Otton,8111,TE,10,8.5,1.3978921568627456,starter,NA,2024,15.9,akondratieff
11,Brian Thomas Jr.,11631,WR,10,3.2,-6.570892156862745,starter,NA,2024,12.3,akondratieff
11,Najee Harris,7528,RB,10,11.3,1.5291078431372558,starter,NA,2024,12.8,akondratieff
11,Tyler Bass,7042,K,10,13,4.355882352941176,starter,NA,2024,29,akondratieff
11,Tampa Bay Buccaneers,TB,DST,10,5,-2.9068627450980395,starter,NA,2024,6,akondratieff
4,Joe Burrow,6770,QB,10,33.72,23.949107843137256,starter,NA,2024,18.8,caskinner
4,James Cook,8138,RB,10,15.5,6.9750490196078445,starter,NA,2024,17.4,caskinner
4,D'Andre Swift,6790,RB,10,7.5,-1.0249509803921557,starter,NA,2024,17,caskinner
4,Amon-Ra St. Brown,7547,WR,10,18,9.81343137254902,starter,NA,2024,18.2,caskinner
4,Terry McLaurin,5927,WR,10,16.3,8.11343137254902,starter,NA,2024,14.1,caskinner
4,Trey McBride,8130,TE,10,11.1,3.9978921568627457,starter,NA,2024,13.8,caskinner
4,Jonathan Taylor,6813,RB,10,14.2,5.675049019607844,starter,NA,2024,16.1,caskinner
4,Matthew Stafford,421,QB,10,10.72,0.9491078431372556,starter,NA,2024,16.1,caskinner
4,Ka'imi Fairbairn,3451,K,10,12,3.355882352941176,starter,NA,2024,24,caskinner
4,Minnesota Vikings,MIN,DST,10,13,5.0931372549019605,starter,NA,2024,31,caskinner
1,Justin Herbert,6797,QB,10,19.76,9.989107843137257,starter,NA,2024,16.5,joeburrowmvp
1,David Montgomery,5892,RB,10,12.6,6.80950980392157,starter,NA,2024,13.7,joeburrowmvp
1,Kareem Hunt,4098,RB,10,17,11.20950980392157,starter,NA,2024,14.9,joeburrowmvp
1,Zay Flowers,9997,WR,10,7.4,-1.1249509803921551,starter,NA,2024,17.8,joeburrowmvp
1,DeVonta Smith,7525,WR,10,3.4,-5.124950980392155,starter,NA,2024,13.9,joeburrowmvp
1,Hunter Henry,3214,TE,10,2.4,-4.702107843137254,starter,NA,2024,11.8,joeburrowmvp
1,Ja'Marr Chase,7564,WR,10,55.4,46.87504901960784,starter,NA,2024,20.3,joeburrowmvp
1,Kyler Murray,5849,QB,10,28.74,18.96910784313725,starter,NA,2024,18.5,joeburrowmvp
1,Justin Tucker,1264,K,10,2,-6.644117647058824,starter,NA,2024,30,joeburrowmvp
1,New York Giants,NYG,DST,10,5,-2.9068627450980395,starter,NA,2024,32,joeburrowmvp
6,Josh Allen,4984,QB,10,20.2,10.429107843137254,starter,NA,2024,20.1,jzeigboi
6,Tony Pollard,5967,RB,10,10.3,4.509509803921571,starter,NA,2024,14.2,jzeigboi
6,Jahmyr Gibbs,9221,RB,10,12.8,7.009509803921571,starter,NA,2024,16.7,jzeigboi
6,Tank Dell,9502,WR,10,8.3,-0.2249509803921548,starter,NA,2024,13.1,jzeigboi
6,A.J. Brown,5859,WR,10,15.9,7.375049019607845,starter,NA,2024,16.7,jzeigboi
6,Dallas Goedert,5022,TE,10,10.5,3.3978921568627456,starter,NA,2024,9.2,jzeigboi
6,Cooper Kupp,4039,WR,10,15,6.4750490196078445,starter,NA,2024,16.2,jzeigboi
6,Kirk Cousins,1166,QB,10,11.24,1.4691078431372553,starter,NA,2024,15.3,jzeigboi
6,Cameron Dicker,8259,K,10,9,0.3558823529411761,starter,NA,2024,15,jzeigboi
6,Los Angeles Chargers,LAC,DST,10,9,1.0931372549019605,starter,NA,2024,30,jzeigboi
3,Tua Tagovailoa,6768,QB,10,9.18,-0.5908921568627452,starter,NA,2024,14.3,lukestip
3,Tyrone Tracy Jr.,11655,RB,10,15.4,6.875049019607845,starter,NA,2024,14.8,lukestip
3,Joe Mixon,4018,RB,10,17,8.475049019607845,starter,NA,2024,20,lukestip
3,D.J. Moore,4983,WR,10,5.7,-2.486568627450981,starter,NA,2024,13.4,lukestip
3,Justin Jefferson,6794,WR,10,9.8,1.6134313725490197,starter,NA,2024,20.1,lukestip
3,Cole Kmet,6826,TE,10,3.3,-3.8021078431372546,starter,NA,2024,9.2,lukestip
3,Justice Hill,5995,RB,10,1.8,-6.724950980392156,starter,NA,2024,5.9,lukestip
3,Sam Darnold,4943,QB,10,9.44,-0.3308921568627454,starter,NA,2024,18.5,lukestip
3,Jake Elliott,4195,K,10,10,1.355882352941176,starter,NA,2024,25,lukestip
3,Chicago Bears,CHI,DST,10,4,-3.906862745098039,starter,NA,2024,29,lukestip
5,Mac Jones,7527,QB,10,7.24,1.2883039215686267,starter,NA,2024,13.7,ngernenz
5,Kyren Williams,8150,RB,10,11.2,1.4291078431372544,starter,NA,2024,19,ngernenz
5,Alvin Kamara,4035,RB,10,15.9,6.129107843137255,starter,NA,2024,20.5,ngernenz
5,Marvin Harrison Jr.,11628,WR,10,16.4,6.629107843137254,starter,NA,2024,10.9,ngernenz
5,Josh Downs,9500,WR,10,14.2,4.429107843137254,starter,NA,2024,15.2,ngernenz
5,Jonnu Smith,4144,TE,10,7.5,0.3978921568627456,starter,NA,2024,7.1,ngernenz
5,Courtland Sutton,5045,WR,10,19,9.229107843137257,starter,NA,2024,13.5,ngernenz
5,Bucky Irving,11584,RB,10,17.7,7.929107843137254,starter,NA,2024,11.6,ngernenz
5,Wil Lutz,3678,K,10,0,-8.644117647058824,starter,NA,2024,19,ngernenz
5,Atlanta Falcons,ATL,DST,10,1,-6.9068627450980395,starter,NA,2024,27,ngernenz
8,Jalen Hurts,6904,QB,10,30.68,20.909107843137257,starter,NA,2024,22.6,obiwanginobiIi
8,Chuba Hubbard,7594,RB,10,24.9,19.10950980392157,starter,NA,2024,12.5,obiwanginobiIi
8,Rachaad White,8136,RB,10,19,13.20950980392157,starter,NA,2024,11.9,obiwanginobiIi
8,Jordan Addison,9756,WR,10,4.9,-3.286568627450981,starter,NA,2024,10.6,obiwanginobiIi
8,Darnell Mooney,7090,WR,10,14.6,6.413431372549018,starter,NA,2024,13.3,obiwanginobiIi
8,Evan Engram,4066,TE,10,10,1.4750490196078443,starter,NA,2024,14,obiwanginobiIi
8,T.J. Hockenson,5844,TE,10,15.2,6.675049019607844,starter,NA,2024,11.4,obiwanginobiIi
8,Bo Nix,11563,QB,10,16.1,6.3291078431372565,starter,NA,2024,16.8,obiwanginobiIi
8,Chad Ryland,10955,K,10,7,-1.644117647058824,starter,NA,2024,14,obiwanginobiIi
8,Denver Broncos,DEN,DST,10,5,-2.9068627450980395,starter,NA,2024,13,obiwanginobiIi
9,Theo Johnson,11597,TE,10,7.7,0,bench,2,2024,7,Arvs
9,Zach Ertz,1339,TE,10,7.1,0,bench,13,2024,9.2,Arvs
9,Jameis Winston,2306,QB,10,0,0,bench,11,2024,0,Arvs
9,Tyler Lockett,2374,WR,10,0,0,bench,11,2024,0,Arvs
9,Chris Godwin,4037,WR,10,0,0,bench,9,2024,0,Arvs
9,Cooper Rush,4574,QB,10,-2,0,bench,9,2024,12,Arvs
9,Nick Chubb,4988,RB,10,0,0,bench,8,2024,0,Arvs
9,Jauan Jennings,7049,WR,10,16.3,0,bench,6,2024,10.8,Arvs
9,Jalen Tolbert,8117,WR,10,4.4,0,bench,4,2024,7.6,Arvs
9,Jaxon Smith-Njigba,9488,WR,10,0,0,bench,3,2024,0,Arvs
9,DeMario Douglas,9501,WR,10,9,0,bench,3,2024,11,Arvs
9,Quentin Johnston,9754,WR,10,10.4,0,bench,3,2024,11.4,Arvs
7,Braelon Allen,11576,RB,10,4.4,0,bench,2,2024,3.9,ElatedBroncosFan
7,Troy Franklin,11627,WR,10,1.9,0,bench,2,2024,4.4,ElatedBroncosFan
7,Keon Coleman,11637,WR,10,0,0,bench,2,2024,0,ElatedBroncosFan
7,Jalen Coker,11646,WR,10,7.1000000000000005,0,bench,2,2024,8.4,ElatedBroncosFan
7,Kimani Vidal,11647,RB,10,0,0,bench,2,2024,3.9,ElatedBroncosFan
7,Isaac Guerendo,11651,RB,10,0,0,bench,2,2024,0.9,ElatedBroncosFan
7,Joe Flacco,19,QB,10,13.880000000000004,0,bench,18,2024,15.3,ElatedBroncosFan
7,Hollywood Brown,5848,WR,10,0,0,bench,7,2024,0,ElatedBroncosFan
7,Brandon Aiyuk,6803,WR,10,0,0,bench,6,2024,0,ElatedBroncosFan
7,Nico Collins,7569,WR,10,0,0,bench,5,2024,2,ElatedBroncosFan
7,Elijah Moore,7596,WR,10,0,0,bench,5,2024,0,ElatedBroncosFan
7,Tank Bigsby,9225,RB,10,0.4,0,bench,3,2024,8.8,ElatedBroncosFan
7,Sean Tucker,9506,RB,10,0,0,bench,3,2024,2.9,ElatedBroncosFan
10,Ja'Tavion Sanders,11600,TE,10,8.8,0,bench,2,2024,6.5,Gretsch0401
10,DeAndre Hopkins,1426,WR,10,9.6,0,bench,13,2024,12.9,Gretsch0401
10,Odell Beckham Jr.,2078,WR,10,3.7,0,bench,12,2024,0,Gretsch0401
10,Mason Rudolph,4972,QB,10,0,0,bench,8,2024,13.8,Gretsch0401
10,Jakobi Meyers,5947,WR,10,0,0,bench,7,2024,0,Gretsch0401
10,Rashod Bateman,7571,WR,10,17.4,0,bench,5,2024,8.2,Gretsch0401
10,Justin Fields,7591,QB,10,0,0,bench,5,2024,0,Gretsch0401
10,Brian Robinson Jr.,8154,RB,10,0,0,bench,4,2024,0,Gretsch0401
10,Christian Watson,8167,WR,10,0,0,bench,4,2024,0,Gretsch0401
10,Isiah Pacheco,8205,RB,10,0,0,bench,4,2024,0,Gretsch0401
10,Kansas City Chiefs,KC,DST,10,5,0,bench,NA,2024,28,Gretsch0401
2,Ja'Lynn Polk,11619,WR,10,7.2,0,bench,2,2024,3.1,SFOControl
2,Mike Evans,2216,WR,10,0,0,bench,12,2024,0,SFOControl
2,Ezekiel Elliott,3164,RB,10,0.20000000000000015,0,bench,9,2024,0,SFOControl
2,Patrick Mahomes,4046,QB,10,16.54,0,bench,9,2024,18.3,SFOControl
2,Harrison Butker,4227,K,10,10,0,bench,9,2024,31,SFOControl
2,Austin Ekeler,4663,RB,10,18.1,0,bench,9,2024,13.2,SFOControl
2,Darius Slayton,6149,WR,10,0,0,bench,7,2024,0,SFOControl
2,A.J. Dillon,6828,RB,10,0,0,bench,6,2024,0,SFOControl
2,Antonio Gibson,6945,RB,10,2.6,0,bench,6,2024,3.1,SFOControl
2,Isaiah Likely,8131,TE,10,0,0,bench,4,2024,0,SFOControl
12,Rashee Rice,10229,WR,10,0,0,bench,3,2024,0,TheJandyStock
12,Carson Steele,11582,RB,10,0.30000000000000004,0,bench,2,2024,1.3,TheJandyStock
12,Jonathon Brooks,11583,RB,10,0,0,bench,2,2024,1,TheJandyStock
12,Roman Wilson,11630,WR,10,0,0,bench,2,2024,0,TheJandyStock
12,Brandon McManus,1433,K,10,0,0,bench,13,2024,0,TheJandyStock
12,Brandin Cooks,2197,WR,10,0,0,bench,12,2024,0,TheJandyStock
12,Noah Brown,4234,WR,10,6.300000000000001,0,bench,9,2024,7.4,TheJandyStock
12,Calvin Ridley,4981,WR,10,25.4,0,bench,8,2024,12.6,TheJandyStock
12,Josh Jacobs,5850,RB,10,0,0,bench,7,2024,0,TheJandyStock
12,Jordan Love,6804,QB,10,0,0,bench,6,2024,0,TheJandyStock
12,Pat Freiermuth,7600,TE,10,10.7,0,bench,5,2024,9.3,TheJandyStock
12,Cincinnati Bengals,CIN,DST,10,-4,0,bench,NA,2024,11,TheJandyStock
11,Tre Tucker,10213,WR,10,0,0,bench,3,2024,0,akondratieff
11,Raheem Mostert,2749,RB,10,5.4,0,bench,11,2024,6.7,akondratieff
11,Demarcus Robinson,3286,WR,10,3.3000000000000003,0,bench,10,2024,9.1,akondratieff
11,Deshaun Watson,4017,QB,10,0,0,bench,9,2024,0,akondratieff
11,DK Metcalf,5846,WR,10,0,0,bench,7,2024,0,akondratieff
11,Dawson Knox,5906,TE,10,6,0,bench,7,2024,2.6,akondratieff
11,Michael Pittman Jr.,6819,WR,10,0,0,bench,6,2024,0,akondratieff
11,Kyle Pitts,7553,TE,10,9.5,0,bench,5,2024,12,akondratieff
11,Jahan Dotson,8119,WR,10,3.7,0,bench,4,2024,3.1,akondratieff
11,Tucker Kraft,9484,TE,10,0,0,bench,3,2024,0,akondratieff
4,Chris Rodriguez Jr.,10219,RB,10,0.4,0,bench,3,2024,2.5,caskinner
4,Roschon Johnson,10235,RB,10,1.1,0,bench,3,2024,3.7,caskinner
4,MarShawn Lloyd,11581,RB,10,0,0,bench,2,2024,0,caskinner
4,Trey Benson,11589,RB,10,10.7,0,bench,2,2024,1.5,caskinner
4,Malachi Corley,11617,WR,10,1.2,0,bench,2,2024,0,caskinner
4,Ricky Pearsall,11638,WR,10,17.3,0,bench,2,2024,6.5,caskinner
4,Mason Tipton,11895,WR,10,0,0,bench,2,2024,5.6,caskinner
4,Dalton Schultz,5001,TE,10,9.6,0,bench,8,2024,9.5,caskinner
4,Khalil Herbert,7608,RB,10,0,0,bench,5,2024,0,caskinner
4,Chris Olave,8144,WR,10,0,0,bench,4,2024,0,caskinner
4,Jaylen Warren,8228,RB,10,9.5,0,bench,4,2024,8.7,caskinner
4,Jordan Mason,8408,RB,10,0.5,0,bench,4,2024,5.8,caskinner
4,Bryce Young,9228,QB,10,12.04,0,bench,3,2024,11.3,caskinner
4,Dontayvion Wicks,9486,WR,10,0,0,bench,3,2024,0,caskinner
4,Tyjae Spears,9508,RB,10,8.1,0,bench,3,2024,8.6,caskinner
1,Jayden Reed,10222,WR,10,0,0,bench,3,2024,0,joeburrowmvp
1,Spencer Rattler,11562,QB,10,0,0,bench,2,2024,0,joeburrowmvp
1,Jalen McMillan,11618,WR,10,0,0,bench,2,2024,11,joeburrowmvp
1,Jordan Whittington,11623,WR,10,0,0,bench,2,2024,0,joeburrowmvp
1,Javon Baker,11645,WR,10,0,0,bench,2,2024,0,joeburrowmvp
1,Keenan Allen,1479,WR,10,9.4,0,bench,13,2024,8,joeburrowmvp
1,Adam Thielen,1689,WR,10,0,0,bench,13,2024,0,joeburrowmvp
1,Mark Andrews,5012,TE,10,18.8,0,bench,8,2024,9.8,joeburrowmvp
1,Jerry Jeudy,6783,WR,10,0,0,bench,6,2024,0,joeburrowmvp
1,Zack Moss,6845,RB,10,0,0,bench,5,2024,0,joeburrowmvp
1,Romeo Doubs,8121,WR,10,0,0,bench,4,2024,0,joeburrowmvp
1,Rashid Shaheed,8676,WR,10,0,0,bench,4,2024,0,joeburrowmvp
1,Keaton Mitchell,9511,RB,10,0,0,bench,3,2024,0,joeburrowmvp
1,Aaron Rodgers,96,QB,10,4.04,0,bench,21,2024,14.7,joeburrowmvp
6,Andrei Iosivas,10226,WR,10,4.9,0,bench,3,2024,8.2,jzeigboi
6,Michael Wilson,10232,WR,10,5.4,0,bench,3,2024,8.2,jzeigboi
6,Michael Penix Jr.,11559,QB,10,0,0,bench,2,2024,0,jzeigboi
6,Rome Odunze,11620,WR,10,5.300000000000001,0,bench,2,2024,8.7,jzeigboi
6,Xavier Worthy,11624,WR,10,2.1,0,bench,2,2024,10.4,jzeigboi
6,Jaylen Wright,11643,RB,10,0.30000000000000004,0,bench,2,2024,0.8,jzeigboi
6,Gardner Minshew,6011,QB,10,0,0,bench,7,2024,0,jzeigboi
6,Devin Singletary,6130,RB,10,5.5,0,bench,7,2024,2.3,jzeigboi
6,Tee Higgins,6801,WR,10,0,0,bench,6,2024,0,jzeigboi
6,Noah Gray,7828,TE,10,3.8,0,bench,5,2024,4.9,jzeigboi
3,Ray Davis,11575,RB,10,0.6000000000000001,0,bench,2,2024,5.2,lukestip
3,Brock Bowers,11604,TE,10,0,0,bench,2,2024,0,lukestip
3,Adonai Mitchell,11625,WR,10,12.1,0,bench,2,2024,7.5,lukestip
3,Dak Prescott,3294,QB,10,0,0,bench,10,2024,0,lukestip
3,Allen Lazard,5185,WR,10,0,0,bench,7,2024,0,lukestip
3,Austin Seibert,6219,K,10,0,0,bench,6,2024,0,lukestip
3,Cam Akers,6938,RB,10,5.700000000000001,0,bench,6,2024,4.2,lukestip
3,Gabe Davis,6943,WR,10,2.9000000000000004,0,bench,6,2024,0,lukestip
3,Nick Westbrook-Ikhine,7496,WR,10,6.1,0,bench,6,2024,9.3,lukestip
3,Javonte Williams,7588,RB,10,2.7,0,bench,5,2024,12.2,lukestip
3,Kenneth Walker III,8151,RB,10,0,0,bench,4,2024,0,lukestip
3,Will Levis,9999,QB,10,18.1,0,bench,3,2024,13.5,lukestip
3,San Francisco 49ers,SF,DST,10,3,0,bench,NA,2024,18,lukestip
5,Jonathan Mingo,10225,WR,10,0,0,bench,3,2024,0,ngernenz
5,J.J. McCarthy,11565,QB,10,0,0,bench,2,2024,0,ngernenz
5,Xavier Legette,11626,WR,10,7,0,bench,2,2024,12,ngernenz
5,Geno Smith,1373,QB,10,0,0,bench,13,2024,0,ngernenz
5,Stefon Diggs,2449,WR,10,0,0,bench,11,2024,0,ngernenz
5,David Njoku,4033,TE,10,0,0,bench,9,2024,0,ngernenz
5,Jamaal Williams,4149,RB,10,0,0,bench,8,2024,0,ngernenz
5,Mike Gesicki,4993,TE,10,7,0,bench,8,2024,11.3,ngernenz
5,Diontae Johnson,5937,WR,10,1.6,0,bench,6,2024,2.5,ngernenz
5,Trevor Lawrence,7523,QB,10,0,0,bench,5,2024,0,ngernenz
5,Travis Etienne,7543,RB,10,5.300000000000001,0,bench,5,2024,8.5,ngernenz
5,Ty Chandler,8230,RB,10,1.8,0,bench,4,2024,0,ngernenz
8,Cedric Tillman,10444,WR,10,0,0,bench,3,2024,0,obiwanginobiIi
8,Blake Corum,11586,RB,10,2.5,0,bench,2,2024,1.1,obiwanginobiIi
8,Luke McCaffrey,11650,WR,10,3.3000000000000003,0,bench,2,2024,5.6,obiwanginobiIi
8,Will Reichard,11792,K,10,0,0,bench,2,2024,0,obiwanginobiIi
8,Amari Cooper,2309,WR,10,0,0,bench,10,2024,0,obiwanginobiIi
8,Sterling Shepard,3200,WR,10,2,0,bench,10,2024,8.3,obiwanginobiIi
8,Christian Kirk,4950,WR,10,0,0,bench,8,2024,0,obiwanginobiIi
8,Ray-Ray McCloud,5096,WR,10,6.6,0,bench,8,2024,5.1,obiwanginobiIi
8,Alexander Mattison,5987,RB,10,0,0,bench,7,2024,0,obiwanginobiIi
8,Joshua Palmer,7670,WR,10,4.6,0,bench,5,2024,8.4,obiwanginobiIi
8,Tyler Allgeier,8132,RB,10,5.9,0,bench,4,2024,6.3,obiwanginobiIi
8,Jerome Ford,8143,RB,10,0,0,bench,4,2024,0,obiwanginobiIi
8,Anthony Richardson,9229,QB,10,0,0,bench,3,2024,0,obiwanginobiIi
8,Zach Charbonnet,9753,RB,10,0,0,bench,3,2024,0,obiwanginobiIi
9,Jameis Winston,2306,QB,11,26.6,15.706774509803925,starter,NA,2024,16.7,Arvs
9,Najee Harris,7528,RB,11,13.3,6.576176470588237,starter,NA,2024,12.1,Arvs
9,Nick Chubb,4988,RB,11,5,-1.7238235294117636,starter,NA,2024,7.9,Arvs
9,Jaxon Smith-Njigba,9488,WR,11,21.8,13.123382352941178,starter,NA,2024,13.1,Arvs
9,Khalil Shakir,8134,WR,11,15,6.323382352941177,starter,NA,2024,13,Arvs
9,Taysom Hill,4381,TE,11,42.52,35.604558823529416,starter,NA,2024,8.3,Arvs
9,DeMario Douglas,9501,WR,11,9.9,1.2233823529411776,starter,NA,2024,11.1,Arvs
9,Derek Carr,2028,QB,11,18.72,7.82677450980392,starter,NA,2024,14.3,Arvs
9,Jake Moody,10937,K,11,5,-1.8357843137254897,starter,NA,2024,29,Arvs
9,Detroit Lions,DET,DST,11,10,6.468137254901961,starter,NA,2024,31,Arvs
7,Jared Goff,3163,QB,11,34.58,23.68677450980392,starter,NA,2024,15.4,ElatedBroncosFan
7,Bijan Robinson,9509,RB,11,10.3,3.576176470588237,starter,NA,2024,17.3,ElatedBroncosFan
7,Christian McCaffrey,4034,RB,11,14.6,7.876176470588236,starter,NA,2024,20.9,ElatedBroncosFan
7,Garrett Wilson,8146,WR,11,5.8,-2.876617647058823,starter,NA,2024,16.4,ElatedBroncosFan
7,Puka Nacua,9493,WR,11,25.3,16.623382352941178,starter,NA,2024,16.9,ElatedBroncosFan
7,Travis Kelce,1466,TE,11,2.8,-4.115441176470587,starter,NA,2024,16.4,ElatedBroncosFan
7,Nico Collins,7569,WR,11,9.4,0.7233823529411776,starter,NA,2024,15.3,ElatedBroncosFan
7,Drake Maye,11564,QB,11,18.98,8.086774509803922,starter,NA,2024,16.4,ElatedBroncosFan
7,Evan McPherson,7839,K,11,7,0.16421568627451055,starter,NA,2024,25,ElatedBroncosFan
7,New York Jets,NYJ,DST,11,4,0.46813725490196134,starter,NA,2024,28,ElatedBroncosFan
10,C.J. Stroud,9758,QB,11,11.88,0.9867745098039222,starter,NA,2024,16.6,Gretsch0401
10,Chase Brown,9224,RB,11,19.3,12.576176470588235,starter,NA,2024,18.2,Gretsch0401
10,Alvin Kamara,4035,RB,11,12.9,6.176176470588237,starter,NA,2024,21,Gretsch0401
10,Jakobi Meyers,5947,WR,11,8.8,0.12338235294117794,starter,NA,2024,14.6,Gretsch0401
10,Tyreek Hill,3321,WR,11,19.1,10.42338235294118,starter,NA,2024,15.2,Gretsch0401
10,Lucas Krull,8249,TE,11,0,-6.915441176470587,starter,NA,2024,3.6,Gretsch0401
10,Davante Adams,2133,WR,11,13.2,4.5233823529411765,starter,NA,2024,15,Gretsch0401
10,Jayden Daniels,11566,QB,11,14.44,3.546774509803921,starter,NA,2024,20.5,Gretsch0401
10,Brandon Aubrey,11533,K,11,5,-1.8357843137254897,starter,NA,2024,13,Gretsch0401
10,Kansas City Chiefs,KC,DST,11,1,-2.5318627450980387,starter,NA,2024,14,Gretsch0401
2,Brock Purdy,8183,QB,11,19.36,8.46677450980392,starter,NA,2024,20.3,SFOControl
2,De'Von Achane,9226,RB,11,20.5,13.776176470588236,starter,NA,2024,18.1,SFOControl
2,J.K. Dobbins,6806,RB,11,18.9,12.176176470588237,starter,NA,2024,14.8,SFOControl
2,CeeDee Lamb,6786,WR,11,18.6,9.92338235294118,starter,NA,2024,14.1,SFOControl
2,Drake London,8112,WR,11,9.1,0.4233823529411769,starter,NA,2024,16,SFOControl
2,Jake Ferguson,8110,TE,11,2.1,-4.815441176470587,starter,NA,2024,9.3,SFOControl
2,Deebo Samuel Sr.,5872,WR,11,6.1,-2.576617647058823,starter,NA,2024,16.6,SFOControl
2,Patrick Mahomes,4046,QB,11,17.84,6.946774509803921,starter,NA,2024,18.3,SFOControl
2,Younghoe Koo,4666,K,11,9,2.1642156862745106,starter,NA,2024,22,SFOControl
2,Buffalo Bills,BUF,DST,11,6,2.4681372549019613,starter,NA,2024,20,SFOControl
12,Jordan Love,6804,QB,11,21.24,10.34677450980392,starter,NA,2024,15.7,TheJandyStock
12,Saquon Barkley,4866,RB,11,33.8,25.123382352941174,starter,NA,2024,19,TheJandyStock
12,Derrick Henry,3198,RB,11,10.5,1.8233823529411772,starter,NA,2024,17.1,TheJandyStock
12,George Pickens,8137,WR,11,16.9,7.710098039215685,starter,NA,2024,15,TheJandyStock
12,Calvin Ridley,4981,WR,11,9.8,0.6100980392156874,starter,NA,2024,13.2,TheJandyStock
12,Pat Freiermuth,7600,TE,11,3.4,-3.515441176470587,starter,NA,2024,9.8,TheJandyStock
12,Josh Jacobs,5850,RB,11,23.4,14.723382352941176,starter,NA,2024,14,TheJandyStock
12,Russell Wilson,1234,QB,11,7.3,-3.5932254901960787,starter,NA,2024,17.1,TheJandyStock
12,Chris Boswell,1945,K,11,24,17.16421568627451,starter,NA,2024,26,TheJandyStock
12,Los Angeles Rams,LAR,DST,11,11,7.468137254901961,starter,NA,2024,25,TheJandyStock
11,Lamar Jackson,4881,QB,11,15.88,8.672970588235296,starter,NA,2024,21.4,akondratieff
11,Breece Hall,8155,RB,11,31.1,24.37617647058824,starter,NA,2024,18.2,akondratieff
11,Rhamondre Stevenson,7611,RB,11,12.9,6.176176470588237,starter,NA,2024,11.8,akondratieff
11,Jameson Williams,8148,WR,11,22.6,11.706774509803925,starter,NA,2024,11.2,akondratieff
11,DK Metcalf,5846,WR,11,14,3.1067745098039214,starter,NA,2024,17.1,akondratieff
11,Kyle Pitts,7553,TE,11,1.9,-5.015441176470587,starter,NA,2024,10.8,akondratieff
11,Brian Thomas Jr.,11631,WR,11,13.6,2.706774509803921,starter,NA,2024,12.1,akondratieff
11,Jauan Jennings,7049,WR,11,25.1,14.206774509803925,starter,NA,2024,13.4,akondratieff
11,Tyler Bass,7042,K,11,5,-1.8357843137254897,starter,NA,2024,27,akondratieff
11,Green Bay Packers,GB,DST,11,6,2.4681372549019613,starter,NA,2024,30,akondratieff
4,Joe Burrow,6770,QB,11,29.04,18.14677450980392,starter,NA,2024,18.5,caskinner
4,James Cook,8138,RB,11,19.7,12.976176470588236,starter,NA,2024,15.6,caskinner
4,Jonathan Taylor,6813,RB,11,7,0.27617647058823636,starter,NA,2024,15.7,caskinner
4,Amon-Ra St. Brown,7547,WR,11,38.7,30.02338235294118,starter,NA,2024,17.6,caskinner
4,Terry McLaurin,5927,WR,11,2,-6.676617647058823,starter,NA,2024,15.7,caskinner
4,Dalton Schultz,5001,TE,11,8.3,1.3845588235294135,starter,NA,2024,8.9,caskinner
4,Cooper Kupp,4039,WR,11,28.6,19.92338235294118,starter,NA,2024,16.4,caskinner
4,Matthew Stafford,421,QB,11,27.8,16.906774509803924,starter,NA,2024,16.5,caskinner
4,Ka'imi Fairbairn,3451,K,11,10,3.1642156862745106,starter,NA,2024,17,caskinner
4,Minnesota Vikings,MIN,DST,11,11,7.468137254901961,starter,NA,2024,32,caskinner
1,Justin Herbert,6797,QB,11,24.38,13.48677450980392,starter,NA,2024,18.4,joeburrowmvp
1,David Montgomery,5892,RB,11,24.5,17.776176470588236,starter,NA,2024,14.8,joeburrowmvp
1,Kareem Hunt,4098,RB,11,6,-0.7238235294117636,starter,NA,2024,15.1,joeburrowmvp
1,Zay Flowers,9997,WR,11,11.9,3.2233823529411776,starter,NA,2024,17.7,joeburrowmvp
1,DeVonta Smith,7525,WR,11,6.9,-1.7766176470588224,starter,NA,2024,12.9,joeburrowmvp
1,Mark Andrews,5012,TE,11,4.2,-2.715441176470587,starter,NA,2024,10.4,joeburrowmvp
1,Ja'Marr Chase,7564,WR,11,26.5,17.823382352941177,starter,NA,2024,17.9,joeburrowmvp
1,Aaron Rodgers,96,QB,11,16.06,5.16677450980392,starter,NA,2024,14.5,joeburrowmvp
1,Justin Tucker,1264,K,11,4,-2.8357843137254894,starter,NA,2024,30,joeburrowmvp
1,Miami Dolphins,MIA,DST,11,6,2.4681372549019613,starter,NA,2024,23,joeburrowmvp
6,Josh Allen,4984,QB,11,24.98,14.086774509803922,starter,NA,2024,20.8,jzeigboi
6,D'Andre Swift,6790,RB,11,16.4,9.676176470588237,starter,NA,2024,15.2,jzeigboi
6,Jahmyr Gibbs,9221,RB,11,19.3,12.576176470588235,starter,NA,2024,16.7,jzeigboi
6,Tank Dell,9502,WR,11,9.8,1.123382352941178,starter,NA,2024,10.9,jzeigboi
6,A.J. Brown,5859,WR,11,11.5,2.8233823529411772,starter,NA,2024,16.6,jzeigboi
6,Dallas Goedert,5022,TE,11,11.1,4.184558823529413,starter,NA,2024,9.8,jzeigboi
6,Tee Higgins,6801,WR,11,29.8,21.123382352941174,starter,NA,2024,14,jzeigboi
6,Kirk Cousins,1166,QB,11,5.92,-4.973225490196079,starter,NA,2024,14.6,jzeigboi
6,Cameron Dicker,8259,K,11,12,5.1642156862745106,starter,NA,2024,15,jzeigboi
6,Cleveland Browns,CLE,DST,11,3,-0.5318627450980387,starter,NA,2024,17,jzeigboi
3,Tua Tagovailoa,6768,QB,11,23.52,12.62677450980392,starter,NA,2024,13.7,lukestip
3,Kenneth Walker III,8151,RB,11,13.9,5.223382352941178,starter,NA,2024,15.7,lukestip
3,Joe Mixon,4018,RB,11,35.3,26.623382352941174,starter,NA,2024,20.2,lukestip
3,D.J. Moore,4983,WR,11,13.7,4.510098039215686,starter,NA,2024,10.8,lukestip
3,Justin Jefferson,6794,WR,11,14.1,4.910098039215686,starter,NA,2024,19.5,lukestip
3,Brock Bowers,11604,TE,11,31.3,24.384558823529417,starter,NA,2024,14.1,lukestip
3,Javonte Williams,7588,RB,11,18.7,10.023382352941177,starter,NA,2024,6.4,lukestip
3,Sam Darnold,4943,QB,11,23.64,12.746774509803922,starter,NA,2024,17.8,lukestip
3,Jake Elliott,4195,K,11,5,-1.8357843137254897,starter,NA,2024,28,lukestip
3,San Francisco 49ers,SF,DST,11,7,3.4681372549019613,starter,NA,2024,24,lukestip
5,Geno Smith,1373,QB,11,16.74,5.84677450980392,starter,NA,2024,17.4,ngernenz
5,Kyren Williams,8150,RB,11,8.6,1.876176470588236,starter,NA,2024,19,ngernenz
5,Travis Etienne,7543,RB,11,6.3,-0.4238235294117638,starter,NA,2024,12,ngernenz
5,Courtland Sutton,5045,WR,11,14.8,6.123382352941178,starter,NA,2024,14,ngernenz
5,Josh Downs,9500,WR,11,19.4,10.723382352941176,starter,NA,2024,12.6,ngernenz
5,David Njoku,4033,TE,11,19.1,12.184558823529414,starter,NA,2024,12.3,ngernenz
5,Ladd McConkey,11635,WR,11,18.3,9.623382352941178,starter,NA,2024,13.7,ngernenz
5,Cooper Rush,4574,QB,11,17.36,6.466774509803921,starter,NA,2024,10.7,ngernenz
5,Jason Sanders,5119,K,11,11,4.1642156862745106,starter,NA,2024,9,ngernenz
5,Houston Texans,HOU,DST,11,21,17.46813725490196,starter,NA,2024,29,ngernenz
8,Jalen Hurts,6904,QB,11,18.74,7.84677450980392,starter,NA,2024,23.2,obiwanginobiIi
8,Jerome Ford,8143,RB,11,7.9,1.1761764705882367,starter,NA,2024,4,obiwanginobiIi
8,Alexander Mattison,5987,RB,11,9.9,3.1761764705882367,starter,NA,2024,11.8,obiwanginobiIi
8,Cedric Tillman,10444,WR,11,7.7,-0.9766176470588226,starter,NA,2024,14,obiwanginobiIi
8,Tyler Lockett,2374,WR,11,3.9,-4.776617647058822,starter,NA,2024,7,obiwanginobiIi
8,T.J. Hockenson,5844,TE,11,3.3,-3.615441176470587,starter,NA,2024,11.4,obiwanginobiIi
8,Amari Cooper,2309,WR,11,7.5,-1.1766176470588228,starter,NA,2024,10.8,obiwanginobiIi
8,Bo Nix,11563,QB,11,28.78,17.88677450980392,starter,NA,2024,17.6,obiwanginobiIi
8,Jake Bates,11539,K,11,12,5.1642156862745106,starter,NA,2024,31,obiwanginobiIi
8,Denver Broncos,DEN,DST,11,13,9.46813725490196,starter,NA,2024,27,obiwanginobiIi
9,Dalton Kincaid,10236,TE,11,0,0,bench,3,2024,0,Arvs
9,Caleb Williams,11560,QB,11,16.240000000000002,0,bench,2,2024,14.9,Arvs
9,Braelon Allen,11576,RB,11,0.6000000000000001,0,bench,2,2024,3.8,Arvs
9,Theo Johnson,11597,TE,11,0,0,bench,2,2024,0,Arvs
9,Malik Nabers,11632,WR,11,0,0,bench,2,2024,0,Arvs
9,Zach Ertz,1339,TE,11,16.7,0,bench,13,2024,9.4,Arvs
9,Chris Godwin,4037,WR,11,0,0,bench,9,2024,0,Arvs
9,Gus Edwards,5248,RB,11,2.7,0,bench,7,2024,4,Arvs
9,Brandon Aiyuk,6803,WR,11,0,0,bench,6,2024,0,Arvs
9,Alec Pierce,8142,WR,11,10.4,0,bench,4,2024,8.7,Arvs
9,Jaylen Warren,8228,RB,11,10.8,0,bench,4,2024,9.4,Arvs
9,Tank Bigsby,9225,RB,11,0,0,bench,3,2024,0,Arvs
7,AJ Barner,11603,TE,11,3.5,0,bench,2,2024,4.5,ElatedBroncosFan
7,Jalen McMillan,11618,WR,11,0,0,bench,2,2024,0,ElatedBroncosFan
7,Troy Franklin,11627,WR,11,9.5,0,bench,2,2024,4.8,ElatedBroncosFan
7,Keon Coleman,11637,WR,11,0,0,bench,2,2024,0,ElatedBroncosFan
7,Jalen Coker,11646,WR,11,0,0,bench,2,2024,0,ElatedBroncosFan
7,Kimani Vidal,11647,RB,11,0,0,bench,2,2024,0,ElatedBroncosFan
7,Isaac Guerendo,11651,RB,11,0,0,bench,2,2024,0,ElatedBroncosFan
7,James Conner,4137,RB,11,0,0,bench,9,2024,0,ElatedBroncosFan
7,Hollywood Brown,5848,WR,11,0,0,bench,7,2024,0,ElatedBroncosFan
7,Rico Dowdle,7021,RB,11,5.4,0,bench,6,2024,13.4,ElatedBroncosFan
7,Elijah Moore,7596,WR,11,18.6,0,bench,5,2024,11.7,ElatedBroncosFan
7,Kayshon Boutte,9504,WR,11,7.300000000000001,0,bench,3,2024,7.6,ElatedBroncosFan
10,Ja'Tavion Sanders,11600,TE,11,0,0,bench,2,2024,0,Gretsch0401
10,DeAndre Hopkins,1426,WR,11,5.9,0,bench,13,2024,13.3,Gretsch0401
10,Odell Beckham Jr.,2078,WR,11,3.3,0,bench,12,2024,0,Gretsch0401
10,George Kittle,4217,TE,11,0,0,bench,9,2024,0,Gretsch0401
10,Mason Rudolph,4972,QB,11,0,0,bench,8,2024,0,Gretsch0401
10,Rashod Bateman,7571,WR,11,5,0,bench,5,2024,9.7,Gretsch0401
10,Justin Fields,7591,QB,11,1.7000000000000002,0,bench,5,2024,0,Gretsch0401
10,Brian Robinson Jr.,8154,RB,11,14.2,0,bench,4,2024,11.1,Gretsch0401
10,Christian Watson,8167,WR,11,19,0,bench,4,2024,10.6,Gretsch0401
10,Isiah Pacheco,8205,RB,11,0,0,bench,4,2024,0,Gretsch0401
10,Philadelphia Eagles,PHI,DST,11,7,0,bench,NA,2024,19,Gretsch0401
2,Ja'Lynn Polk,11619,WR,11,0,0,bench,2,2024,2.9,SFOControl
2,Mike Evans,2216,WR,11,0,0,bench,12,2024,0,SFOControl
2,Ezekiel Elliott,3164,RB,11,5.4,0,bench,9,2024,1.5,SFOControl
2,Harrison Butker,4227,K,11,0,0,bench,9,2024,0,SFOControl
2,Austin Ekeler,4663,RB,11,17.6,0,bench,9,2024,10.6,SFOControl
2,Daniel Jones,5870,QB,11,0,0,bench,7,2024,0,SFOControl
2,Darius Slayton,6149,WR,11,0,0,bench,7,2024,0,SFOControl
2,A.J. Dillon,6828,RB,11,0,0,bench,6,2024,0,SFOControl
2,Antonio Gibson,6945,RB,11,3,0,bench,6,2024,2.9,SFOControl
2,Isaiah Likely,8131,TE,11,9.5,0,bench,4,2024,4.7,SFOControl
12,Rashee Rice,10229,WR,11,0,0,bench,3,2024,0,TheJandyStock
12,Sam LaPorta,10859,TE,11,0,0,bench,3,2024,0,TheJandyStock
12,Carson Steele,11582,RB,11,1.7,0,bench,2,2024,1.2,TheJandyStock
12,Jonathon Brooks,11583,RB,11,0,0,bench,2,2024,0,TheJandyStock
12,Roman Wilson,11630,WR,11,0,0,bench,2,2024,0,TheJandyStock
12,Brandon McManus,1433,K,11,2,0,bench,13,2024,32,TheJandyStock
12,Brandin Cooks,2197,WR,11,0,0,bench,12,2024,0,TheJandyStock
12,Aaron Jones,4199,RB,11,4.300000000000001,0,bench,9,2024,14.3,TheJandyStock
12,Noah Brown,4234,WR,11,1.4,0,bench,9,2024,7.9,TheJandyStock
12,Baker Mayfield,4892,QB,11,0,0,bench,8,2024,0,TheJandyStock
12,Calvin Austin III,8125,WR,11,0.9,0,bench,4,2024,8.2,TheJandyStock
12,Wan'Dale Robinson,8126,WR,11,0,0,bench,4,2024,0,TheJandyStock
12,Pittsburgh Steelers,PIT,DST,11,11,0,bench,NA,2024,18,TheJandyStock
11,Tre Tucker,10213,WR,11,6.5,0,bench,3,2024,5.4,akondratieff
11,Raheem Mostert,2749,RB,11,-0.2,0,bench,11,2024,4.9,akondratieff
11,Demarcus Robinson,3286,WR,11,3.9,0,bench,10,2024,9,akondratieff
11,Drew Lock,5854,QB,11,0,0,bench,7,2024,0,akondratieff
11,Michael Pittman Jr.,6819,WR,11,9.6,0,bench,6,2024,0,akondratieff
11,Jaylen Waddle,7526,WR,11,5.7,0,bench,5,2024,10.2,akondratieff
11,Cade Otton,8111,TE,11,0,0,bench,4,2024,0,akondratieff
11,Jahan Dotson,8119,WR,11,1.8,0,bench,4,2024,2.8,akondratieff
11,Tucker Kraft,9484,TE,11,0,0,bench,3,2024,10.8,akondratieff
11,Tampa Bay Buccaneers,TB,DST,11,0,0,bench,NA,2024,0,akondratieff
4,Roschon Johnson,10235,RB,11,11.1,0,bench,3,2024,3.6,caskinner
4,MarShawn Lloyd,11581,RB,11,0,0,bench,2,2024,0,caskinner
4,Trey Benson,11589,RB,11,0,0,bench,2,2024,0,caskinner
4,Malachi Corley,11617,WR,11,2,0,bench,2,2024,0,caskinner
4,Ricky Pearsall,11638,WR,11,0,0,bench,2,2024,8.7,caskinner
4,Marquez Valdes-Scantling,5086,WR,11,16.700000000000003,0,bench,8,2024,6.9,caskinner
4,Khalil Herbert,7608,RB,11,0,0,bench,5,2024,0,caskinner
4,Trey McBride,8130,TE,11,0,0,bench,4,2024,0,caskinner
4,Chris Olave,8144,WR,11,0,0,bench,4,2024,0,caskinner
4,John Metchie III,8147,WR,11,6.300000000000001,0,bench,4,2024,0,caskinner
4,Jordan Mason,8408,RB,11,1.3,0,bench,4,2024,3.9,caskinner
4,Bryce Young,9228,QB,11,0,0,bench,3,2024,0,caskinner
4,Dontayvion Wicks,9486,WR,11,0,0,bench,3,2024,4.7,caskinner
4,Tyjae Spears,9508,RB,11,2.8,0,bench,3,2024,7,caskinner
4,Quentin Johnston,9754,WR,11,12.8,0,bench,3,2024,11.4,caskinner
1,Jayden Reed,10222,WR,11,9.8,0,bench,3,2024,13.6,joeburrowmvp
1,Spencer Rattler,11562,QB,11,0,0,bench,2,2024,0,joeburrowmvp
1,Audric Estime,11579,RB,11,0,0,bench,2,2024,7.3,joeburrowmvp
1,Javon Baker,11645,WR,11,0,0,bench,2,2024,0,joeburrowmvp
1,Keenan Allen,1479,WR,11,8.100000000000001,0,bench,13,2024,8.2,joeburrowmvp
1,Adam Thielen,1689,WR,11,0,0,bench,13,2024,0,joeburrowmvp
1,Hunter Henry,3214,TE,11,12.3,0,bench,10,2024,12,joeburrowmvp
1,Kyler Murray,5849,QB,11,0,0,bench,7,2024,0,joeburrowmvp
1,Jerry Jeudy,6783,WR,11,26.200000000000003,0,bench,6,2024,13,joeburrowmvp
1,Zack Moss,6845,RB,11,0,0,bench,5,2024,0,joeburrowmvp
1,Romeo Doubs,8121,WR,11,2.7,0,bench,4,2024,11.7,joeburrowmvp
1,Rashid Shaheed,8676,WR,11,0,0,bench,4,2024,0,joeburrowmvp
1,Keaton Mitchell,9511,RB,11,0,0,bench,3,2024,0,joeburrowmvp
1,Arizona Cardinals,ARI,DST,11,0,0,bench,NA,2024,0,joeburrowmvp
1,New Orleans Saints,NO,DST,11,4,0,bench,NA,2024,12,joeburrowmvp
6,Andrei Iosivas,10226,WR,11,7.6,0,bench,3,2024,4.7,jzeigboi
6,Tommy DeVito,11292,QB,11,0,0,bench,3,2024,0,jzeigboi
6,Michael Penix Jr.,11559,QB,11,0.96,0,bench,2,2024,0,jzeigboi
6,Rome Odunze,11620,WR,11,12.5,0,bench,2,2024,8.2,jzeigboi
6,Xavier Worthy,11624,WR,11,16.8,0,bench,2,2024,10.6,jzeigboi
6,Jaylen Wright,11643,RB,11,1.6,0,bench,2,2024,1.8,jzeigboi
6,Tony Pollard,5967,RB,11,4.9,0,bench,7,2024,13.8,jzeigboi
6,Gardner Minshew,6011,QB,11,18.98,0,bench,7,2024,11.9,jzeigboi
6,Devin Singletary,6130,RB,11,0,0,bench,7,2024,0,jzeigboi
6,Darnell Mooney,7090,WR,11,4.7,0,bench,6,2024,13.6,jzeigboi
6,Noah Gray,7828,TE,11,18.3,0,bench,5,2024,4.6,jzeigboi
3,Ray Davis,11575,RB,11,1.1,0,bench,2,2024,4.6,lukestip
3,Adonai Mitchell,11625,WR,11,4.5,0,bench,2,2024,8.5,lukestip
3,Tyrone Tracy Jr.,11655,RB,11,0,0,bench,2,2024,0,lukestip
3,Dak Prescott,3294,QB,11,0,0,bench,10,2024,0,lukestip
3,Allen Lazard,5185,WR,11,0,0,bench,7,2024,0,lukestip
3,Justice Hill,5995,RB,11,8.1,0,bench,7,2024,5.6,lukestip
3,Austin Seibert,6219,K,11,0,0,bench,6,2024,0,lukestip
3,Cole Kmet,6826,TE,11,7.2,0,bench,6,2024,7.7,lukestip
3,Cam Akers,6938,RB,11,11.6,0,bench,6,2024,5,lukestip
3,Gabe Davis,6943,WR,11,1.3,0,bench,6,2024,0,lukestip
3,Nick Westbrook-Ikhine,7496,WR,11,19.700000000000003,0,bench,6,2024,9,lukestip
3,Will Levis,9999,QB,11,16.6,0,bench,3,2024,12.5,lukestip
3,Chicago Bears,CHI,DST,11,4,0,bench,NA,2024,9,lukestip
5,J.J. McCarthy,11565,QB,11,0,0,bench,2,2024,0,ngernenz
5,Bucky Irving,11584,RB,11,0,0,bench,2,2024,0,ngernenz
5,Marvin Harrison Jr.,11628,WR,11,0,0,bench,2,2024,0,ngernenz
5,Stefon Diggs,2449,WR,11,0,0,bench,11,2024,0,ngernenz
5,Jonnu Smith,4144,TE,11,28.1,0,bench,9,2024,7,ngernenz
5,Jamaal Williams,4149,RB,11,0,0,bench,8,2024,0,ngernenz
5,Mike Gesicki,4993,TE,11,0,0,bench,8,2024,7.5,ngernenz
5,Diontae Johnson,5937,WR,11,0,0,bench,6,2024,2.4,ngernenz
5,Trevor Lawrence,7523,QB,11,0,0,bench,5,2024,0,ngernenz
5,Mac Jones,7527,QB,11,5.220000000000001,0,bench,5,2024,12,ngernenz
5,Ty Chandler,8230,RB,11,0,0,bench,4,2024,0,ngernenz
8,Michael Wilson,10232,WR,11,0,0,bench,3,2024,0,obiwanginobiIi
8,Blake Corum,11586,RB,11,3.8,0,bench,2,2024,0.9,obiwanginobiIi
8,Xavier Legette,11626,WR,11,0,0,bench,2,2024,0,obiwanginobiIi
8,Luke McCaffrey,11650,WR,11,0,0,bench,2,2024,5.3,obiwanginobiIi
8,Will Reichard,11792,K,11,0,0,bench,2,2024,0,obiwanginobiIi
8,Evan Engram,4066,TE,11,7.800000000000001,0,bench,9,2024,12.1,obiwanginobiIi
8,Christian Kirk,4950,WR,11,0,0,bench,8,2024,0,obiwanginobiIi
8,Chuba Hubbard,7594,RB,11,0,0,bench,5,2024,0,obiwanginobiIi
8,Jalen Tolbert,8117,WR,11,4.1,0,bench,4,2024,7.3,obiwanginobiIi
8,Tyler Allgeier,8132,RB,11,0.9,0,bench,4,2024,6.3,obiwanginobiIi
8,Rachaad White,8136,RB,11,0,0,bench,4,2024,0,obiwanginobiIi
8,Anthony Richardson,9229,QB,11,27.08,0,bench,3,2024,16.8,obiwanginobiIi
8,Zach Charbonnet,9753,RB,11,2.5,0,bench,3,2024,3.8,obiwanginobiIi
8,Jordan Addison,9756,WR,11,15.1,0,bench,3,2024,10.7,obiwanginobiIi
9,Jameis Winston,2306,QB,12,14.46,4.7521078431372565,starter,NA,2024,15.5,Arvs
9,Najee Harris,7528,RB,12,7.4,-0.0457843137254903,starter,NA,2024,14.6,Arvs
9,Jaylen Warren,8228,RB,12,15.4,7.95421568627451,starter,NA,2024,9.8,Arvs
9,Malik Nabers,11632,WR,12,12.4,3.3150980392156875,starter,NA,2024,14.8,Arvs
9,Jaxon Smith-Njigba,9488,WR,12,19.7,10.615098039215686,starter,NA,2024,15.2,Arvs
9,Zach Ertz,1339,TE,12,15.8,6.475392156862746,starter,NA,2024,9.3,Arvs
9,Nick Chubb,4988,RB,12,19,11.55421568627451,starter,NA,2024,5.9,Arvs
9,Caleb Williams,11560,QB,12,26.9,17.192107843137254,starter,NA,2024,14.2,Arvs
9,Jake Moody,10937,K,12,5,-1.8357843137254903,starter,NA,2024,27,Arvs
9,Detroit Lions,DET,DST,12,8,1.1431372549019612,starter,NA,2024,29,Arvs
7,Jared Goff,3163,QB,12,10.76,1.0521078431372557,starter,NA,2024,17.1,ElatedBroncosFan
7,James Conner,4137,RB,12,9.9,4.045343137254903,starter,NA,2024,17.2,ElatedBroncosFan
7,Christian McCaffrey,4034,RB,12,7.8,1.9453431372549028,starter,NA,2024,20.6,ElatedBroncosFan
7,Nico Collins,7569,WR,12,20.2,12.75421568627451,starter,NA,2024,15.5,ElatedBroncosFan
7,Puka Nacua,9493,WR,12,20.7,13.25421568627451,starter,NA,2024,17.2,ElatedBroncosFan
7,Travis Kelce,1466,TE,12,12.2,2.8753921568627447,starter,NA,2024,16,ElatedBroncosFan
7,Jalen McMillan,11618,WR,12,2.1,-5.34578431372549,starter,NA,2024,8,ElatedBroncosFan
7,Drake Maye,11564,QB,12,14.48,4.772107843137256,starter,NA,2024,16.5,ElatedBroncosFan
7,Wil Lutz,3678,K,12,22,15.16421568627451,starter,NA,2024,20,ElatedBroncosFan
7,Baltimore Ravens,BAL,DST,12,5,-1.8568627450980388,starter,NA,2024,13,ElatedBroncosFan
10,C.J. Stroud,9758,QB,12,17.68,7.972107843137255,starter,NA,2024,16.9,Gretsch0401
10,Brian Robinson Jr.,8154,RB,12,3.4,-2.454656862745097,starter,NA,2024,13.2,Gretsch0401
10,Samaje Perine,4147,RB,12,4.4,-1.4546568627450966,starter,NA,2024,0.6,Gretsch0401
10,Jakobi Meyers,5947,WR,12,22.1,14.654215686274512,starter,NA,2024,12.8,Gretsch0401
10,Tyreek Hill,3321,WR,12,9.8,2.35421568627451,starter,NA,2024,15,Gretsch0401
10,George Kittle,4217,TE,12,20.2,10.875392156862745,starter,NA,2024,11.3,Gretsch0401
10,DeAndre Hopkins,1426,WR,12,14.5,7.054215686274509,starter,NA,2024,13.2,Gretsch0401
10,Jayden Daniels,11566,QB,12,32.4,22.692107843137254,starter,NA,2024,20.6,Gretsch0401
10,Brandon Aubrey,11533,K,12,10,3.1642156862745097,starter,NA,2024,15,Gretsch0401
10,Kansas City Chiefs,KC,DST,12,3,-3.856862745098039,starter,NA,2024,26,Gretsch0401
2,Patrick Mahomes,4046,QB,12,28.76,19.052107843137257,starter,NA,2024,17.7,SFOControl
2,De'Von Achane,9226,RB,12,20.6,14.745343137254904,starter,NA,2024,17.8,SFOControl
2,J.K. Dobbins,6806,RB,12,8.9,3.0453431372549034,starter,NA,2024,13,SFOControl
2,CeeDee Lamb,6786,WR,12,16.8,9.354215686274513,starter,NA,2024,15.7,SFOControl
2,Mike Evans,2216,WR,12,11.8,4.35421568627451,starter,NA,2024,15.3,SFOControl
2,Will Dissly,5010,TE,12,8.7,-0.6246078431372553,starter,NA,2024,11.6,SFOControl
2,Deebo Samuel Sr.,5872,WR,12,3.1,-4.34578431372549,starter,NA,2024,13.2,SFOControl
2,Brandon Allen,3357,QB,12,9.46,-0.24789215686274343,starter,NA,2024,14.6,SFOControl
2,Spencer Shrader,12185,K,12,13,6.16421568627451,starter,NA,2024,21,SFOControl
2,New York Giants,NYG,DST,12,4,-2.856862745098039,starter,NA,2024,20,SFOControl
12,Jordan Love,6804,QB,12,14.72,5.012107843137256,starter,NA,2024,16.2,TheJandyStock
12,Saquon Barkley,4866,RB,12,46.2,38.75421568627451,starter,NA,2024,20.2,TheJandyStock
12,Derrick Henry,3198,RB,12,14,6.554215686274509,starter,NA,2024,16.3,TheJandyStock
12,George Pickens,8137,WR,12,8.8,-0.2849019607843122,starter,NA,2024,14.4,TheJandyStock
12,Calvin Ridley,4981,WR,12,14.3,5.215098039215688,starter,NA,2024,13.4,TheJandyStock
12,Pat Freiermuth,7600,TE,12,9.9,0.5753921568627458,starter,NA,2024,9,TheJandyStock
12,Josh Jacobs,5850,RB,12,28.6,21.15421568627451,starter,NA,2024,15,TheJandyStock
12,Russell Wilson,1234,QB,12,13.8,4.092107843137256,starter,NA,2024,15.9,TheJandyStock
12,Chris Boswell,1945,K,12,7,0.16421568627450966,starter,NA,2024,32,TheJandyStock
12,Los Angeles Rams,LAR,DST,12,-3,-9.856862745098038,starter,NA,2024,11,TheJandyStock
11,Lamar Jackson,4881,QB,12,22.58,16.824303921568628,starter,NA,2024,21.6,akondratieff
11,Raheem Mostert,2749,RB,12,1.2,-4.654656862745097,starter,NA,2024,1.8,akondratieff
11,Rhamondre Stevenson,7611,RB,12,3.3,-2.554656862745097,starter,NA,2024,12.5,akondratieff
11,Jameson Williams,8148,WR,12,11.8,2.0921078431372564,starter,NA,2024,12.7,akondratieff
11,DK Metcalf,5846,WR,12,9.9,0.19210784313725604,starter,NA,2024,16.6,akondratieff
11,Cade Otton,8111,TE,12,4,-5.3246078431372545,starter,NA,2024,13.3,akondratieff
11,Jaylen Waddle,7526,WR,12,28.4,18.692107843137254,starter,NA,2024,8.8,akondratieff
11,Jauan Jennings,7049,WR,12,9,-0.7078921568627443,starter,NA,2024,11.8,akondratieff
11,Chase McLaughlin,6650,K,12,5,-1.8357843137254903,starter,NA,2024,11,akondratieff
11,Tampa Bay Buccaneers,TB,DST,12,12,5.143137254901961,starter,NA,2024,18,akondratieff
4,Bryce Young,9228,QB,12,16.52,6.812107843137255,starter,NA,2024,11.7,caskinner
4,Roschon Johnson,10235,RB,12,8.2,2.3453431372549023,starter,NA,2024,6.2,caskinner
4,Jonathan Taylor,6813,RB,12,3.5,-2.354656862745097,starter,NA,2024,15,caskinner
4,Amon-Ra St. Brown,7547,WR,12,12.2,4.754215686274509,starter,NA,2024,19.7,caskinner
4,Terry McLaurin,5927,WR,12,21.2,13.75421568627451,starter,NA,2024,14.4,caskinner
4,Trey McBride,8130,TE,12,25.3,15.975392156862746,starter,NA,2024,13.9,caskinner
4,Cooper Kupp,4039,WR,12,20,12.55421568627451,starter,NA,2024,17,caskinner
4,Matthew Stafford,421,QB,12,19.22,9.512107843137256,starter,NA,2024,17.2,caskinner
4,Ka'imi Fairbairn,3451,K,12,10,3.1642156862745097,starter,NA,2024,28,caskinner
4,Minnesota Vikings,MIN,DST,12,7,0.14313725490196116,starter,NA,2024,30,caskinner
1,Justin Herbert,6797,QB,12,17.62,7.912107843137257,starter,NA,2024,20.2,joeburrowmvp
1,David Montgomery,5892,RB,12,16.3,10.445343137254904,starter,NA,2024,14.3,joeburrowmvp
1,Kareem Hunt,4098,RB,12,11.7,5.845343137254902,starter,NA,2024,15,joeburrowmvp
1,Zay Flowers,9997,WR,12,11.2,3.7542156862745086,starter,NA,2024,17.6,joeburrowmvp
1,Romeo Doubs,8121,WR,12,8.4,0.9542156862745096,starter,NA,2024,10.2,joeburrowmvp
1,Mark Andrews,5012,TE,12,15.6,6.275392156862745,starter,NA,2024,10.4,joeburrowmvp
1,Jayden Reed,10222,WR,12,5.6,-1.845784313725491,starter,NA,2024,13.2,joeburrowmvp
1,Kyler Murray,5849,QB,12,11.3,1.5921078431372564,starter,NA,2024,19.8,joeburrowmvp
1,Justin Tucker,1264,K,12,7,0.16421568627450966,starter,NA,2024,29,joeburrowmvp
1,Miami Dolphins,MIA,DST,12,13,6.143137254901961,starter,NA,2024,25,joeburrowmvp
6,Gardner Minshew,6011,QB,12,12.7,2.992107843137255,starter,NA,2024,11.9,jzeigboi
6,Tony Pollard,5967,RB,12,21.9,14.454215686274509,starter,NA,2024,15.8,jzeigboi
6,Jahmyr Gibbs,9221,RB,12,24.9,17.45421568627451,starter,NA,2024,16.9,jzeigboi
6,Tank Dell,9502,WR,12,10.2,1.1150980392156864,starter,NA,2024,10.8,jzeigboi
6,A.J. Brown,5859,WR,12,22.9,13.815098039215686,starter,NA,2024,18.1,jzeigboi
6,Dallas Goedert,5022,TE,12,5.9,-3.424607843137254,starter,NA,2024,12.3,jzeigboi
6,D'Andre Swift,6790,RB,12,9.5,2.0542156862745093,starter,NA,2024,14.6,jzeigboi
6,Tommy DeVito,11292,QB,12,10.76,1.0521078431372557,starter,NA,2024,14.9,jzeigboi
6,Cameron Dicker,8259,K,12,16,9.16421568627451,starter,NA,2024,18,jzeigboi
6,Washington Commanders,WAS,DST,12,5,-1.8568627450980388,starter,NA,2024,27,jzeigboi
3,Tua Tagovailoa,6768,QB,12,28.48,18.772107843137256,starter,NA,2024,14,lukestip
3,Kenneth Walker III,8151,RB,12,13.3,5.85421568627451,starter,NA,2024,15.5,lukestip
3,Joe Mixon,4018,RB,12,9.5,2.0542156862745093,starter,NA,2024,22,lukestip
3,D.J. Moore,4983,WR,12,26.9,17.815098039215684,starter,NA,2024,10.8,lukestip
3,Justin Jefferson,6794,WR,12,4.7,-4.384901960784313,starter,NA,2024,19.2,lukestip
3,Brock Bowers,11604,TE,12,7.8,-1.5246078431372547,starter,NA,2024,15.9,lukestip
3,Tyrone Tracy Jr.,11655,RB,12,9,1.5542156862745091,starter,NA,2024,14.8,lukestip
3,Sam Darnold,4943,QB,12,21.1,11.392107843137255,starter,NA,2024,17.3,lukestip
3,Jake Elliott,4195,K,12,13,6.16421568627451,starter,NA,2024,26,lukestip
3,Chicago Bears,CHI,DST,12,5,-1.8568627450980388,starter,NA,2024,22,lukestip
5,Trevor Lawrence,7523,QB,12,0,-9.707892156862744,starter,NA,2024,0,ngernenz
5,Kyren Williams,8150,RB,12,11.2,5.345343137254902,starter,NA,2024,17.2,ngernenz
5,Bucky Irving,11584,RB,12,27.2,21.3453431372549,starter,NA,2024,11.8,ngernenz
5,Courtland Sutton,5045,WR,12,29.7,22.25421568627451,starter,NA,2024,14.4,ngernenz
5,Josh Downs,9500,WR,12,5.7,-1.7457843137254905,starter,NA,2024,14.1,ngernenz
5,David Njoku,4033,TE,12,3.9,-5.424607843137254,starter,NA,2024,12.3,ngernenz
5,Ladd McConkey,11635,WR,12,14.3,6.85421568627451,starter,NA,2024,15.6,ngernenz
5,Cooper Rush,4574,QB,12,17.98,8.272107843137256,starter,NA,2024,12.9,ngernenz
5,Jason Sanders,5119,K,12,12,5.16421568627451,starter,NA,2024,17,ngernenz
5,Houston Texans,HOU,DST,12,18,11.143137254901962,starter,NA,2024,31,ngernenz
8,Jalen Hurts,6904,QB,12,15.06,5.352107843137256,starter,NA,2024,23.7,obiwanginobiIi
8,Chuba Hubbard,7594,RB,12,15,9.145343137254905,starter,NA,2024,13,obiwanginobiIi
8,Rachaad White,8136,RB,12,11.7,5.845343137254902,starter,NA,2024,13,obiwanginobiIi
8,Cedric Tillman,10444,WR,12,2.8,-4.645784313725491,starter,NA,2024,13.8,obiwanginobiIi
8,Xavier Legette,11626,WR,12,9.6,2.154215686274509,starter,NA,2024,8.5,obiwanginobiIi
8,T.J. Hockenson,5844,TE,12,18.4,9.075392156862744,starter,NA,2024,9.6,obiwanginobiIi
8,Jordan Addison,9756,WR,12,30.2,22.75421568627451,starter,NA,2024,11.1,obiwanginobiIi
8,Bo Nix,11563,QB,12,19.42,9.712107843137256,starter,NA,2024,17.9,obiwanginobiIi
8,Jake Bates,11539,K,12,8,1.1642156862745097,starter,NA,2024,31,obiwanginobiIi
8,Denver Broncos,DEN,DST,12,11,4.143137254901961,starter,NA,2024,28,obiwanginobiIi
9,Dalton Kincaid,10236,TE,12,0,0,bench,3,2024,0,Arvs
9,Braelon Allen,11576,RB,12,0,0,bench,2,2024,0,Arvs
9,Theo Johnson,11597,TE,12,6.9,0,bench,2,2024,7.5,Arvs
9,Derek Carr,2028,QB,12,0,0,bench,11,2024,0,Arvs
9,Chris Godwin,4037,WR,12,0,0,bench,9,2024,0,Arvs
9,Taysom Hill,4381,TE,12,0,0,bench,9,2024,0,Arvs
9,Marquez Valdes-Scantling,5086,WR,12,0,0,bench,8,2024,0,Arvs
9,Brandon Aiyuk,6803,WR,12,0,0,bench,6,2024,0,Arvs
9,Khalil Shakir,8134,WR,12,0,0,bench,4,2024,0,Arvs
9,Alec Pierce,8142,WR,12,4.9,0,bench,4,2024,8.5,Arvs
9,Tank Bigsby,9225,RB,12,0,0,bench,3,2024,0,Arvs
9,DeMario Douglas,9501,WR,12,11.3,0,bench,3,2024,11.4,Arvs
7,AJ Barner,11603,TE,12,4.9,0,bench,2,2024,4.4,ElatedBroncosFan
7,Troy Franklin,11627,WR,12,5.1,0,bench,2,2024,3.3,ElatedBroncosFan
7,Keon Coleman,11637,WR,12,0,0,bench,2,2024,0,ElatedBroncosFan
7,Jalen Coker,11646,WR,12,0,0,bench,2,2024,0,ElatedBroncosFan
7,Kimani Vidal,11647,RB,12,0,0,bench,2,2024,0,ElatedBroncosFan
7,Isaac Guerendo,11651,RB,12,0,0,bench,2,2024,0,ElatedBroncosFan
7,Hollywood Brown,5848,WR,12,0,0,bench,7,2024,0,ElatedBroncosFan
7,Rico Dowdle,7021,RB,12,10.8,0,bench,6,2024,10.5,ElatedBroncosFan
7,Elijah Moore,7596,WR,12,5.1,0,bench,5,2024,11.2,ElatedBroncosFan
7,Garrett Wilson,8146,WR,12,0,0,bench,4,2024,0,ElatedBroncosFan
7,Kayshon Boutte,9504,WR,12,1.6,0,bench,3,2024,7.4,ElatedBroncosFan
7,Bijan Robinson,9509,RB,12,0,0,bench,3,2024,0,ElatedBroncosFan
7,Atlanta Falcons,ATL,DST,12,0,0,bench,NA,2024,0,ElatedBroncosFan
7,New Orleans Saints,NO,DST,12,0,0,bench,NA,2024,0,ElatedBroncosFan
10,Ja'Tavion Sanders,11600,TE,12,7.9,0,bench,2,2024,8,Gretsch0401
10,Odell Beckham Jr.,2078,WR,12,0,0,bench,12,2024,0,Gretsch0401
10,Davante Adams,2133,WR,12,0,0,bench,12,2024,0,Gretsch0401
10,Alvin Kamara,4035,RB,12,0,0,bench,9,2024,0,Gretsch0401
10,Mason Rudolph,4972,QB,12,0,0,bench,8,2024,0,Gretsch0401
10,Rashod Bateman,7571,WR,12,12.3,0,bench,5,2024,9.9,Gretsch0401
10,Justin Fields,7591,QB,12,2.6,0,bench,5,2024,0,Gretsch0401
10,Christian Watson,8167,WR,12,0.4,0,bench,4,2024,10.7,Gretsch0401
10,Isiah Pacheco,8205,RB,12,0,0,bench,4,2024,0,Gretsch0401
10,Chase Brown,9224,RB,12,0,0,bench,3,2024,0,Gretsch0401
10,Philadelphia Eagles,PHI,DST,12,12,0,bench,NA,2024,23,Gretsch0401
2,Ja'Lynn Polk,11619,WR,12,1.7000000000000002,0,bench,2,2024,2.9,SFOControl
2,Austin Ekeler,4663,RB,12,3.4000000000000004,0,bench,9,2024,10.1,SFOControl
2,Younghoe Koo,4666,K,12,0,0,bench,9,2024,0,SFOControl
2,Darius Slayton,6149,WR,12,0,0,bench,7,2024,8.4,SFOControl
2,A.J. Dillon,6828,RB,12,0,0,bench,6,2024,0,SFOControl
2,Antonio Gibson,6945,RB,12,5.5,0,bench,6,2024,3,SFOControl
2,Drake London,8112,WR,12,0,0,bench,4,2024,0,SFOControl
2,Isaiah Likely,8131,TE,12,0,0,bench,4,2024,7.3,SFOControl
2,Brock Purdy,8183,QB,12,0,0,bench,4,2024,0,SFOControl
2,Buffalo Bills,BUF,DST,12,0,0,bench,NA,2024,0,SFOControl
12,Rashee Rice,10229,WR,12,0,0,bench,3,2024,0,TheJandyStock
12,Sam LaPorta,10859,TE,12,4.9,0,bench,3,2024,10,TheJandyStock
12,Carson Steele,11582,RB,12,2.3,0,bench,2,2024,0.9,TheJandyStock
12,Jonathon Brooks,11583,RB,12,0.7000000000000001,0,bench,2,2024,4.6,TheJandyStock
12,Roman Wilson,11630,WR,12,0,0,bench,2,2024,0,TheJandyStock
12,Brandon McManus,1433,K,12,10,0,bench,13,2024,30,TheJandyStock
12,Brandin Cooks,2197,WR,12,0,0,bench,12,2024,0,TheJandyStock
12,Aaron Jones,4199,RB,12,19.9,0,bench,9,2024,13.3,TheJandyStock
12,Baker Mayfield,4892,QB,12,17.66,0,bench,8,2024,17.3,TheJandyStock
12,Wan'Dale Robinson,8126,WR,12,9.7,0,bench,4,2024,11.7,TheJandyStock
12,Tyquan Thornton,8188,WR,12,0,0,bench,4,2024,0,TheJandyStock
12,Pittsburgh Steelers,PIT,DST,12,10,0,bench,NA,2024,32,TheJandyStock
11,Tre Tucker,10213,WR,12,15.2,0,bench,3,2024,5.6,akondratieff
11,Brian Thomas Jr.,11631,WR,12,0,0,bench,2,2024,0,akondratieff
11,Demarcus Robinson,3286,WR,12,9.5,0,bench,10,2024,8.8,akondratieff
11,Drew Lock,5854,QB,12,0.12,0,bench,7,2024,0,akondratieff
11,Michael Pittman Jr.,6819,WR,12,15.6,0,bench,6,2024,9.7,akondratieff
11,Tyler Bass,7042,K,12,0,0,bench,6,2024,0,akondratieff
11,Kyle Pitts,7553,TE,12,0,0,bench,5,2024,0,akondratieff
11,Breece Hall,8155,RB,12,0,0,bench,4,2024,0,akondratieff
11,Tucker Kraft,9484,TE,12,10.6,0,bench,3,2024,10.1,akondratieff
11,Green Bay Packers,GB,DST,12,17,0,bench,NA,2024,21,akondratieff
4,MarShawn Lloyd,11581,RB,12,0,0,bench,2,2024,0,caskinner
4,Trey Benson,11589,RB,12,1.8,0,bench,2,2024,3.8,caskinner
4,Malachi Corley,11617,WR,12,0,0,bench,2,2024,0,caskinner
4,Ricky Pearsall,11638,WR,12,0,0,bench,2,2024,5.1,caskinner
4,Devaughn Vele,11834,WR,12,14,0,bench,2,2024,8.9,caskinner
4,Dalton Schultz,5001,TE,12,4,0,bench,8,2024,7.7,caskinner
4,Daniel Jones,5870,QB,12,0,0,bench,7,2024,0,caskinner
4,Joe Burrow,6770,QB,12,0,0,bench,6,2024,0,caskinner
4,James Cook,8138,RB,12,0,0,bench,4,2024,0,caskinner
4,Chris Olave,8144,WR,12,0,0,bench,4,2024,0,caskinner
4,John Metchie III,8147,WR,12,1.6,0,bench,4,2024,0,caskinner
4,Jordan Mason,8408,RB,12,1.3,0,bench,4,2024,1,caskinner
4,Dontayvion Wicks,9486,WR,12,3.5,0,bench,3,2024,3.4,caskinner
4,Tyjae Spears,9508,RB,12,0,0,bench,3,2024,0,caskinner
4,Quentin Johnston,9754,WR,12,0,0,bench,3,2024,12.3,caskinner
1,Spencer Rattler,11562,QB,12,0,0,bench,2,2024,0,joeburrowmvp
1,Audric Estime,11579,RB,12,0,0,bench,2,2024,4.8,joeburrowmvp
1,Javon Baker,11645,WR,12,0,0,bench,2,2024,0,joeburrowmvp
1,Keenan Allen,1479,WR,12,22.6,0,bench,13,2024,7.9,joeburrowmvp
1,Adam Thielen,1689,WR,12,8.7,0,bench,13,2024,8,joeburrowmvp
1,Hunter Henry,3214,TE,12,9.4,0,bench,10,2024,12.1,joeburrowmvp
1,Jerry Jeudy,6783,WR,12,14.5,0,bench,6,2024,12.3,joeburrowmvp
1,Zack Moss,6845,RB,12,0,0,bench,5,2024,0,joeburrowmvp
1,DeVonta Smith,7525,WR,12,0,0,bench,5,2024,0,joeburrowmvp
1,Ja'Marr Chase,7564,WR,12,0,0,bench,5,2024,0,joeburrowmvp
1,Rashid Shaheed,8676,WR,12,0,0,bench,4,2024,0,joeburrowmvp
1,Keaton Mitchell,9511,RB,12,0,0,bench,3,2024,0,joeburrowmvp
1,Aaron Rodgers,96,QB,12,0,0,bench,21,2024,0,joeburrowmvp
1,Arizona Cardinals,ARI,DST,12,12,0,bench,NA,2024,15,joeburrowmvp
6,Andrei Iosivas,10226,WR,12,0,0,bench,3,2024,0,jzeigboi
6,Michael Penix Jr.,11559,QB,12,0,0,bench,2,2024,0,jzeigboi
6,Rome Odunze,11620,WR,12,8.9,0,bench,2,2024,9,jzeigboi
6,Xavier Worthy,11624,WR,12,9.1,0,bench,2,2024,11,jzeigboi
6,Jaylen Wright,11643,RB,12,0.8000000000000003,0,bench,2,2024,2.8,jzeigboi
6,Kirk Cousins,1166,QB,12,0,0,bench,14,2024,0,jzeigboi
6,Josh Allen,4984,QB,12,0,0,bench,8,2024,0,jzeigboi
6,Devin Singletary,6130,RB,12,9,0,bench,7,2024,1.4,jzeigboi
6,Tee Higgins,6801,WR,12,0,0,bench,6,2024,0,jzeigboi
6,Darnell Mooney,7090,WR,12,0,0,bench,6,2024,0,jzeigboi
3,Ray Davis,11575,RB,12,0,0,bench,2,2024,0,lukestip
3,Adonai Mitchell,11625,WR,12,2,0,bench,2,2024,0,lukestip
3,Dak Prescott,3294,QB,12,0,0,bench,10,2024,0,lukestip
3,Allen Lazard,5185,WR,12,0,0,bench,7,2024,0,lukestip
3,Justice Hill,5995,RB,12,14.2,0,bench,7,2024,5.6,lukestip
3,Austin Seibert,6219,K,12,6,0,bench,6,2024,25,lukestip
3,Cole Kmet,6826,TE,12,13.4,0,bench,6,2024,7.2,lukestip
3,Cam Akers,6938,RB,12,3.5000000000000004,0,bench,6,2024,5.4,lukestip
3,Gabe Davis,6943,WR,12,0,0,bench,6,2024,0,lukestip
3,Nick Westbrook-Ikhine,7496,WR,12,12.8,0,bench,6,2024,10.1,lukestip
3,Javonte Williams,7588,RB,12,2.4000000000000004,0,bench,5,2024,12,lukestip
3,Will Levis,9999,QB,12,17.12,0,bench,3,2024,13.6,lukestip
3,San Francisco 49ers,SF,DST,12,-2,0,bench,NA,2024,19,lukestip
5,J.J. McCarthy,11565,QB,12,0,0,bench,2,2024,0,ngernenz
5,Marvin Harrison Jr.,11628,WR,12,7.7,0,bench,2,2024,13.1,ngernenz
5,Geno Smith,1373,QB,12,12.36,0,bench,13,2024,16.9,ngernenz
5,Stefon Diggs,2449,WR,12,0,0,bench,11,2024,0,ngernenz
5,Jonnu Smith,4144,TE,12,23.700000000000003,0,bench,9,2024,10.4,ngernenz
5,Harrison Butker,4227,K,12,0,0,bench,9,2024,0,ngernenz
5,Mike Gesicki,4993,TE,12,0,0,bench,8,2024,0,ngernenz
5,Diontae Johnson,5937,WR,12,0,0,bench,6,2024,2.1,ngernenz
5,Travis Etienne,7543,RB,12,0,0,bench,5,2024,0,ngernenz
5,Ty Chandler,8230,RB,12,0,0,bench,4,2024,0,ngernenz
5,Cincinnati Bengals,CIN,DST,12,0,0,bench,NA,2024,0,ngernenz
8,Michael Wilson,10232,WR,12,7.4,0,bench,3,2024,7.9,obiwanginobiIi
8,Blake Corum,11586,RB,12,0.5,0,bench,2,2024,2.4,obiwanginobiIi
8,Luke McCaffrey,11650,WR,12,1.8,0,bench,2,2024,5.1,obiwanginobiIi
8,Amari Cooper,2309,WR,12,0,0,bench,10,2024,0,obiwanginobiIi
8,Tyler Lockett,2374,WR,12,4,0,bench,11,2024,5.7,obiwanginobiIi
8,Evan Engram,4066,TE,12,0,0,bench,9,2024,0,obiwanginobiIi
8,Christian Kirk,4950,WR,12,0,0,bench,8,2024,0,obiwanginobiIi
8,Alexander Mattison,5987,RB,12,0,0,bench,7,2024,0,obiwanginobiIi
8,Jalen Tolbert,8117,WR,12,10.2,0,bench,4,2024,6.1,obiwanginobiIi
8,Tyler Allgeier,8132,RB,12,0,0,bench,4,2024,0,obiwanginobiIi
8,Jerome Ford,8143,RB,12,3.7,0,bench,4,2024,6.5,obiwanginobiIi
8,Anthony Richardson,9229,QB,12,11.98,0,bench,3,2024,18.2,obiwanginobiIi
8,Zach Charbonnet,9753,RB,12,2.2,0,bench,3,2024,3.6,obiwanginobiIi
9,Derek Carr,2028,QB,13,14.56,-2.7778921568627464,starter,NA,2024,14,Arvs
9,Nick Chubb,4988,RB,13,12.5,5.385343137254901,starter,NA,2024,7.3,Arvs
9,Jaylen Warren,8228,RB,13,10.4,3.285343137254902,starter,NA,2024,11.4,Arvs
9,Marquez Valdes-Scantling,5086,WR,13,11.6,-0.6115686274509802,starter,NA,2024,10,Arvs
9,Jaxon Smith-Njigba,9488,WR,13,11.9,-0.31156862745097946,starter,NA,2024,15.4,Arvs
9,Zach Ertz,1339,TE,13,12.5,2.37671568627451,starter,NA,2024,10.3,Arvs
9,Taysom Hill,4381,TE,13,9.7,-0.4232843137254907,starter,NA,2024,9.5,Arvs
9,Caleb Williams,11560,QB,13,26.14,8.802107843137254,starter,NA,2024,16.8,Arvs
9,Jake Moody,10937,K,13,2,-5.477450980392156,starter,NA,2024,23,Arvs
9,Detroit Lions,DET,DST,13,6,-0.681862745098039,starter,NA,2024,32,Arvs
7,Jared Goff,3163,QB,13,16.94,-0.3978921568627456,starter,NA,2024,16.4,ElatedBroncosFan
7,Bijan Robinson,9509,RB,13,25.5,18.3853431372549,starter,NA,2024,17.9,ElatedBroncosFan
7,Christian McCaffrey,4034,RB,13,8.7,1.5853431372549007,starter,NA,2024,19.9,ElatedBroncosFan
7,Nico Collins,7569,WR,13,19.9,9.776715686274509,starter,NA,2024,18.6,ElatedBroncosFan
7,Puka Nacua,9493,WR,13,17.3,7.176715686274511,starter,NA,2024,17.9,ElatedBroncosFan
7,Travis Kelce,1466,TE,13,13.8,3.915392156862747,starter,NA,2024,14.4,ElatedBroncosFan
7,Garrett Wilson,8146,WR,13,9.1,-1.0232843137254903,starter,NA,2024,13.6,ElatedBroncosFan
7,Drake Maye,11564,QB,13,20.42,3.082107843137255,starter,NA,2024,16.1,ElatedBroncosFan
7,Wil Lutz,3678,K,13,11,3.522549019607844,starter,NA,2024,15,ElatedBroncosFan
7,Dallas Cowboys,DAL,DST,13,19,12.31813725490196,starter,NA,2024,28,ElatedBroncosFan
10,C.J. Stroud,9758,QB,13,14.38,-2.957892156862746,starter,NA,2024,18,Gretsch0401
10,Alvin Kamara,4035,RB,13,15.9,8.785343137254902,starter,NA,2024,18,Gretsch0401
10,Chase Brown,9224,RB,13,19,11.8853431372549,starter,NA,2024,18.3,Gretsch0401
10,Jakobi Meyers,5947,WR,13,15.7,5.576715686274509,starter,NA,2024,15.1,Gretsch0401
10,Tyreek Hill,3321,WR,13,20.3,10.17671568627451,starter,NA,2024,15.1,Gretsch0401
10,George Kittle,4217,TE,13,1.7,-8.184607843137254,starter,NA,2024,13.1,Gretsch0401
10,DeAndre Hopkins,1426,WR,13,13,2.87671568627451,starter,NA,2024,10.9,Gretsch0401
10,Jayden Daniels,11566,QB,13,28.64,11.302107843137254,starter,NA,2024,19.9,Gretsch0401
10,Brandon Aubrey,11533,K,13,9,1.522549019607844,starter,NA,2024,13,Gretsch0401
10,Kansas City Chiefs,KC,DST,13,7,0.318137254901961,starter,NA,2024,25,Gretsch0401
2,Patrick Mahomes,4046,QB,13,16.64,-0.6978921568627463,starter,NA,2024,20,SFOControl
2,De'Von Achane,9226,RB,13,21,13.8853431372549,starter,NA,2024,17.6,SFOControl
2,Antonio Gibson,6945,RB,13,12.2,5.085343137254901,starter,NA,2024,4,SFOControl
2,CeeDee Lamb,6786,WR,13,5.9,-4.22328431372549,starter,NA,2024,15.8,SFOControl
2,Mike Evans,2216,WR,13,25.8,15.67671568627451,starter,NA,2024,15.8,SFOControl
2,Will Dissly,5010,TE,13,0,-9.884607843137251,starter,NA,2024,11.4,SFOControl
2,Drake London,8112,WR,13,17.3,7.176715686274511,starter,NA,2024,15.4,SFOControl
2,Brock Purdy,8183,QB,13,2.16,-15.177892156862749,starter,NA,2024,17.6,SFOControl
2,Younghoe Koo,4666,K,13,7,-0.47745098039215605,starter,NA,2024,18,SFOControl
2,New York Giants,NYG,DST,13,1,-5.681862745098039,starter,NA,2024,9,SFOControl
12,Jordan Love,6804,QB,13,18.96,1.622107843137254,starter,NA,2024,15.1,TheJandyStock
12,Saquon Barkley,4866,RB,13,19.7,9.57671568627451,starter,NA,2024,22.1,TheJandyStock
12,Derrick Henry,3198,RB,13,14.1,3.9767156862745097,starter,NA,2024,17.3,TheJandyStock
12,George Pickens,8137,WR,13,16.4,4.188431372549019,starter,NA,2024,14.6,TheJandyStock
12,Calvin Ridley,4981,WR,13,6.5,-5.71156862745098,starter,NA,2024,15.2,TheJandyStock
12,Pat Freiermuth,7600,TE,13,18.8,8.915392156862747,starter,NA,2024,7.7,TheJandyStock
12,Josh Jacobs,5850,RB,13,21.7,11.57671568627451,starter,NA,2024,14.3,TheJandyStock
12,Baker Mayfield,4892,QB,13,12.2,-5.137892156862748,starter,NA,2024,18,TheJandyStock
12,Chris Boswell,1945,K,13,15,7.522549019607844,starter,NA,2024,24,TheJandyStock
12,Pittsburgh Steelers,PIT,DST,13,17,10.31813725490196,starter,NA,2024,20,TheJandyStock
11,Lamar Jackson,4881,QB,13,25.38,12.170470588235291,starter,NA,2024,21.4,akondratieff
11,Breece Hall,8155,RB,13,6,-1.1146568627450986,starter,NA,2024,17.5,akondratieff
11,Rhamondre Stevenson,7611,RB,13,12.4,5.285343137254902,starter,NA,2024,12.1,akondratieff
11,Jameson Williams,8148,WR,13,9.6,-7.737892156862747,starter,NA,2024,12.9,akondratieff
11,DK Metcalf,5846,WR,13,10.6,-6.737892156862747,starter,NA,2024,15.2,akondratieff
11,Cade Otton,8111,TE,13,6,-3.8846078431372537,starter,NA,2024,12.1,akondratieff
11,Michael Pittman Jr.,6819,WR,13,9.2,-8.137892156862748,starter,NA,2024,13.1,akondratieff
11,Jauan Jennings,7049,WR,13,8.6,-8.737892156862747,starter,NA,2024,11.8,akondratieff
11,Chase McLaughlin,6650,K,13,15,7.522549019607844,starter,NA,2024,26,akondratieff
11,Tampa Bay Buccaneers,TB,DST,13,4,-2.681862745098039,starter,NA,2024,29,akondratieff
4,Joe Burrow,6770,QB,13,20.26,2.9221078431372547,starter,NA,2024,19.9,caskinner
4,James Cook,8138,RB,13,19,11.8853431372549,starter,NA,2024,16.2,caskinner
4,Jonathan Taylor,6813,RB,13,17.3,10.185343137254902,starter,NA,2024,13.1,caskinner
4,Amon-Ra St. Brown,7547,WR,13,12.3,2.1767156862745107,starter,NA,2024,19.5,caskinner
4,Terry McLaurin,5927,WR,13,27.3,17.176715686274513,starter,NA,2024,15.7,caskinner
4,Trey McBride,8130,TE,13,21.6,11.715392156862748,starter,NA,2024,15.3,caskinner
4,Cooper Kupp,4039,WR,13,4.7,-5.42328431372549,starter,NA,2024,16.8,caskinner
4,Matthew Stafford,421,QB,13,15.62,-1.7178921568627477,starter,NA,2024,17.4,caskinner
4,Ka'imi Fairbairn,3451,K,13,13,5.522549019607844,starter,NA,2024,29,caskinner
4,Minnesota Vikings,MIN,DST,13,6,-0.681862745098039,starter,NA,2024,27,caskinner
1,Justin Herbert,6797,QB,13,7.98,-9.357892156862746,starter,NA,2024,19.9,joeburrowmvp
1,David Montgomery,5892,RB,13,15.4,8.285343137254902,starter,NA,2024,13.9,joeburrowmvp
1,Gus Edwards,5248,RB,13,4.3,-2.8146568627450987,starter,NA,2024,7.3,joeburrowmvp
1,Zay Flowers,9997,WR,13,10.1,-0.02328431372549033,starter,NA,2024,16.4,joeburrowmvp
1,Ja'Marr Chase,7564,WR,13,20.6,10.476715686274511,starter,NA,2024,19.4,joeburrowmvp
1,Hunter Henry,3214,TE,13,14.5,4.615392156862747,starter,NA,2024,12,joeburrowmvp
1,Jayden Reed,10222,WR,13,19.7,9.57671568627451,starter,NA,2024,13.7,joeburrowmvp
1,Kyler Murray,5849,QB,13,17.2,-0.13789215686274758,starter,NA,2024,19.3,joeburrowmvp
1,Justin Tucker,1264,K,13,6,-1.477450980392156,starter,NA,2024,30,joeburrowmvp
1,Arizona Cardinals,ARI,DST,13,9,2.318137254901961,starter,NA,2024,13,joeburrowmvp
6,Josh Allen,4984,QB,13,28.42,11.082107843137257,starter,NA,2024,22.6,jzeigboi
6,Tony Pollard,5967,RB,13,8.8,1.685343137254902,starter,NA,2024,15.7,jzeigboi
6,Jahmyr Gibbs,9221,RB,13,10.4,3.285343137254902,starter,NA,2024,16.6,jzeigboi
6,Tee Higgins,6801,WR,13,17.9,7.776715686274509,starter,NA,2024,17,jzeigboi
6,A.J. Brown,5859,WR,13,11.6,1.4767156862745097,starter,NA,2024,18.9,jzeigboi
6,Dallas Goedert,5022,TE,13,12.5,2.6153921568627467,starter,NA,2024,11.5,jzeigboi
6,Tank Dell,9502,WR,13,3.3,-6.82328431372549,starter,NA,2024,11,jzeigboi
6,Kirk Cousins,1166,QB,13,6.1,-11.237892156862747,starter,NA,2024,15.2,jzeigboi
6,Cameron Dicker,8259,K,13,12,4.522549019607844,starter,NA,2024,27,jzeigboi
6,Washington Commanders,WAS,DST,13,8,1.318137254901961,starter,NA,2024,24,jzeigboi
3,Tua Tagovailoa,6768,QB,13,25.2,7.862107843137252,starter,NA,2024,14.7,lukestip
3,Kenneth Walker III,8151,RB,13,6.6,-3.5232843137254903,starter,NA,2024,15.7,lukestip
3,Joe Mixon,4018,RB,13,21.9,11.776715686274509,starter,NA,2024,21.8,lukestip
3,D.J. Moore,4983,WR,13,23.7,11.48843137254902,starter,NA,2024,13.3,lukestip
3,Justin Jefferson,6794,WR,13,16.9,4.688431372549019,starter,NA,2024,18,lukestip
3,Brock Bowers,11604,TE,13,30.2,20.315392156862742,starter,NA,2024,15.1,lukestip
3,Tyrone Tracy Jr.,11655,RB,13,14.5,4.37671568627451,starter,NA,2024,13.9,lukestip
3,Sam Darnold,4943,QB,13,19.6,2.2621078431372545,starter,NA,2024,17.5,lukestip
3,Jake Elliott,4195,K,13,6,-1.477450980392156,starter,NA,2024,16,lukestip
3,Chicago Bears,CHI,DST,13,5,-1.681862745098039,starter,NA,2024,2,lukestip
5,Geno Smith,1373,QB,13,12.44,-4.897892156862747,starter,NA,2024,16,ngernenz
5,Kyren Williams,8150,RB,13,18.3,11.185343137254902,starter,NA,2024,14.8,ngernenz
5,Bucky Irving,11584,RB,13,27.5,20.3853431372549,starter,NA,2024,15.2,ngernenz
5,Courtland Sutton,5045,WR,13,16.2,6.076715686274509,starter,NA,2024,16.3,ngernenz
5,Marvin Harrison Jr.,11628,WR,13,17,6.87671568627451,starter,NA,2024,11.8,ngernenz
5,Jonnu Smith,4144,TE,13,21.3,11.415392156862747,starter,NA,2024,12.9,ngernenz
5,Ladd McConkey,11635,WR,13,20.7,10.57671568627451,starter,NA,2024,15.8,ngernenz
5,Trevor Lawrence,7523,QB,13,1.24,-16.09789215686275,starter,NA,2024,14.5,ngernenz
5,Jason Sanders,5119,K,13,3,-4.477450980392156,starter,NA,2024,10,ngernenz
5,Houston Texans,HOU,DST,13,3,-3.681862745098039,starter,NA,2024,31,ngernenz
8,Jalen Hurts,6904,QB,13,17.62,0.2821078431372541,starter,NA,2024,23.6,obiwanginobiIi
8,Chuba Hubbard,7594,RB,13,2.3,-4.814656862745099,starter,NA,2024,13.1,obiwanginobiIi
8,Rachaad White,8136,RB,13,8.8,1.685343137254902,starter,NA,2024,11.2,obiwanginobiIi
8,Jordan Addison,9756,WR,13,9.4,-2.8115686274509795,starter,NA,2024,11.5,obiwanginobiIi
8,Xavier Legette,11626,WR,13,9.3,-2.911568627450979,starter,NA,2024,10.4,obiwanginobiIi
8,T.J. Hockenson,5844,TE,13,5.8,-4.32328431372549,starter,NA,2024,11.7,obiwanginobiIi
8,Evan Engram,4066,TE,13,11.1,0.9767156862745096,starter,NA,2024,11.6,obiwanginobiIi
8,Bo Nix,11563,QB,13,14.16,-3.1778921568627467,starter,NA,2024,17.2,obiwanginobiIi
8,Jake Bates,11539,K,13,11,3.522549019607844,starter,NA,2024,32,obiwanginobiIi
8,Denver Broncos,DEN,DST,13,20,13.31813725490196,starter,NA,2024,30,obiwanginobiIi
9,Dalton Kincaid,10236,TE,13,0,0,bench,3,2024,0,Arvs
9,Braelon Allen,11576,RB,13,4.7,0,bench,2,2024,2.1,Arvs
9,Theo Johnson,11597,TE,13,10.4,0,bench,2,2024,7.2,Arvs
9,Malik Nabers,11632,WR,13,15.3,0,bench,2,2024,14.5,Arvs
9,Jameis Winston,2306,QB,13,35.98,0,bench,11,2024,14.8,Arvs
9,Chris Godwin,4037,WR,13,0,0,bench,9,2024,0,Arvs
9,Brandon Aiyuk,6803,WR,13,0,0,bench,6,2024,0,Arvs
9,Najee Harris,7528,RB,13,24.9,0,bench,5,2024,13.7,Arvs
9,Jake Ferguson,8110,TE,13,0,0,bench,4,2024,0,Arvs
9,Khalil Shakir,8134,WR,13,7,0,bench,4,2024,13.9,Arvs
9,Tank Bigsby,9225,RB,13,4.5,0,bench,3,2024,6.1,Arvs
9,DeMario Douglas,9501,WR,13,6,0,bench,3,2024,11.5,Arvs
7,Jalen McMillan,11618,WR,13,4.5,0,bench,2,2024,8,ElatedBroncosFan
7,Troy Franklin,11627,WR,13,4.800000000000001,0,bench,2,2024,4.4,ElatedBroncosFan
7,Keon Coleman,11637,WR,13,0,0,bench,2,2024,2,ElatedBroncosFan
7,Jalen Coker,11646,WR,13,0,0,bench,2,2024,0,ElatedBroncosFan
7,Kimani Vidal,11647,RB,13,2,0,bench,2,2024,6.1,ElatedBroncosFan
7,Isaac Guerendo,11651,RB,13,8.6,0,bench,2,2024,0,ElatedBroncosFan
7,James Conner,4137,RB,13,11.1,0,bench,9,2024,17,ElatedBroncosFan
7,Hollywood Brown,5848,WR,13,0,0,bench,7,2024,0,ElatedBroncosFan
7,Rico Dowdle,7021,RB,13,21.300000000000004,0,bench,6,2024,11.7,ElatedBroncosFan
7,Elijah Moore,7596,WR,13,19.200000000000003,0,bench,5,2024,12.7,ElatedBroncosFan
7,Atlanta Falcons,ATL,DST,13,13,0,bench,NA,2024,5,ElatedBroncosFan
7,New Orleans Saints,NO,DST,13,2,0,bench,NA,2024,4,ElatedBroncosFan
10,Ja'Tavion Sanders,11600,TE,13,0,0,bench,2,2024,0,Gretsch0401
10,Odell Beckham Jr.,2078,WR,13,1.9,0,bench,12,2024,0,Gretsch0401
10,Davante Adams,2133,WR,13,17.6,0,bench,12,2024,13.2,Gretsch0401
10,Mason Rudolph,4972,QB,13,0,0,bench,8,2024,0,Gretsch0401
10,Rashod Bateman,7571,WR,13,0,0,bench,5,2024,10.6,Gretsch0401
10,Justin Fields,7591,QB,13,0.7000000000000001,0,bench,5,2024,0,Gretsch0401
10,Brian Robinson Jr.,8154,RB,13,17.900000000000002,0,bench,4,2024,9.8,Gretsch0401
10,Christian Watson,8167,WR,13,8.7,0,bench,4,2024,11.2,Gretsch0401
10,Isiah Pacheco,8205,RB,13,5.9,0,bench,4,2024,10.8,Gretsch0401
10,Philadelphia Eagles,PHI,DST,13,6,0,bench,NA,2024,10,Gretsch0401
2,Spencer Shrader,12185,K,13,0,0,bench,2,2024,0,SFOControl
2,Brandon Allen,3357,QB,13,0,0,bench,10,2024,0,SFOControl
2,Austin Ekeler,4663,RB,13,0,0,bench,9,2024,0,SFOControl
2,Deebo Samuel Sr.,5872,WR,13,6,0,bench,7,2024,12.1,SFOControl
2,Darius Slayton,6149,WR,13,2.8,0,bench,7,2024,8.2,SFOControl
2,J.K. Dobbins,6806,RB,13,0,0,bench,6,2024,0,SFOControl
2,A.J. Dillon,6828,RB,13,0,0,bench,6,2024,0,SFOControl
2,Isaiah Likely,8131,TE,13,14.8,0,bench,4,2024,6,SFOControl
2,Buffalo Bills,BUF,DST,13,11,0,bench,NA,2024,22,SFOControl
2,Cleveland Browns,CLE,DST,13,3,0,bench,NA,2024,8,SFOControl
12,Rashee Rice,10229,WR,13,0,0,bench,3,2024,0,TheJandyStock
12,Sam LaPorta,10859,TE,13,15.6,0,bench,3,2024,9.6,TheJandyStock
12,Carson Steele,11582,RB,13,0,0,bench,2,2024,0,TheJandyStock
12,Jonathon Brooks,11583,RB,13,7.1,0,bench,2,2024,1.9,TheJandyStock
12,Roman Wilson,11630,WR,13,0,0,bench,2,2024,0,TheJandyStock
12,Russell Wilson,1234,QB,13,27.86,0,bench,14,2024,14.6,TheJandyStock
12,Brandon McManus,1433,K,13,13,0,bench,13,2024,17,TheJandyStock
12,Brandin Cooks,2197,WR,13,10.6,0,bench,12,2024,2,TheJandyStock
12,Aaron Jones,4199,RB,13,8.8,0,bench,9,2024,13.9,TheJandyStock
12,Wan'Dale Robinson,8126,WR,13,2.6,0,bench,4,2024,11.2,TheJandyStock
12,Los Angeles Rams,LAR,DST,13,1,0,bench,NA,2024,18,TheJandyStock
11,Tre Tucker,10213,WR,13,13.9,0,bench,3,2024,7.1,akondratieff
11,Brian Thomas Jr.,11631,WR,13,18.7,0,bench,2,2024,12.4,akondratieff
11,Raheem Mostert,2749,RB,13,5.4,0,bench,11,2024,1.7,akondratieff
11,Demarcus Robinson,3286,WR,13,12.9,0,bench,10,2024,8.3,akondratieff
11,Drew Lock,5854,QB,13,15.82,0,bench,7,2024,14.7,akondratieff
11,Tyler Bass,7042,K,13,4,0,bench,6,2024,31,akondratieff
11,Jaylen Waddle,7526,WR,13,9.3,0,bench,5,2024,10.1,akondratieff
11,Kyle Pitts,7553,TE,13,0,0,bench,5,2024,10,akondratieff
11,Tucker Kraft,9484,TE,13,13.8,0,bench,3,2024,10.3,akondratieff
11,Green Bay Packers,GB,DST,13,7,0,bench,NA,2024,23,akondratieff
4,Roschon Johnson,10235,RB,13,0,0,bench,3,2024,4.8,caskinner
4,MarShawn Lloyd,11581,RB,13,0,0,bench,2,2024,0,caskinner
4,Trey Benson,11589,RB,13,2,0,bench,2,2024,3.7,caskinner
4,Malachi Corley,11617,WR,13,0.8,0,bench,2,2024,0,caskinner
4,Ricky Pearsall,11638,WR,13,0,0,bench,2,2024,6.7,caskinner
4,Devaughn Vele,11834,WR,13,2.6,0,bench,2,2024,10.1,caskinner
4,Jeremy McNichols,4219,RB,13,3.2,0,bench,9,2024,6.4,caskinner
4,Dalton Schultz,5001,TE,13,17.1,0,bench,8,2024,6.8,caskinner
4,Daniel Jones,5870,QB,13,0,0,bench,7,2024,0,caskinner
4,Chris Olave,8144,WR,13,0,0,bench,4,2024,0,caskinner
4,Jordan Mason,8408,RB,13,7.800000000000001,0,bench,4,2024,1.1,caskinner
4,Bryce Young,9228,QB,13,23.62,0,bench,3,2024,13.1,caskinner
4,Dontayvion Wicks,9486,WR,13,7,0,bench,3,2024,5.4,caskinner
4,Tyjae Spears,9508,RB,13,0.30000000000000004,0,bench,3,2024,5.7,caskinner
4,Quentin Johnston,9754,WR,13,3.2,0,bench,3,2024,11,caskinner
1,Spencer Rattler,11562,QB,13,0,0,bench,2,2024,0,joeburrowmvp
1,Audric Estime,11579,RB,13,0,0,bench,2,2024,4.8,joeburrowmvp
1,Javon Baker,11645,WR,13,0,0,bench,2,2024,0,joeburrowmvp
1,Keenan Allen,1479,WR,13,24.3,0,bench,13,2024,9.9,joeburrowmvp
1,Adam Thielen,1689,WR,13,23.9,0,bench,13,2024,9.7,joeburrowmvp
1,Kareem Hunt,4098,RB,13,3.5,0,bench,9,2024,7.7,joeburrowmvp
1,Mark Andrews,5012,TE,13,18.9,0,bench,8,2024,10.6,joeburrowmvp
1,Jerry Jeudy,6783,WR,13,38.5,0,bench,6,2024,13.7,joeburrowmvp
1,Zack Moss,6845,RB,13,0,0,bench,5,2024,0,joeburrowmvp
1,DeVonta Smith,7525,WR,13,0,0,bench,5,2024,2,joeburrowmvp
1,Romeo Doubs,8121,WR,13,0,0,bench,4,2024,0,joeburrowmvp
1,Rashid Shaheed,8676,WR,13,0,0,bench,4,2024,0,joeburrowmvp
1,Aaron Rodgers,96,QB,13,15,0,bench,21,2024,13.2,joeburrowmvp
1,Miami Dolphins,MIA,DST,13,-1,0,bench,NA,2024,14,joeburrowmvp
6,Andrei Iosivas,10226,WR,13,12.5,0,bench,3,2024,3.1,jzeigboi
6,Aidan O'Connell,10866,QB,13,19.6,0,bench,3,2024,11.8,jzeigboi
6,Tommy DeVito,11292,QB,13,0,0,bench,3,2024,0,jzeigboi
6,Michael Penix Jr.,11559,QB,13,0,0,bench,2,2024,0,jzeigboi
6,Rome Odunze,11620,WR,13,4.5,0,bench,2,2024,9,jzeigboi
6,Xavier Worthy,11624,WR,13,10.4,0,bench,2,2024,10.8,jzeigboi
6,Jaylen Wright,11643,RB,13,0,0,bench,2,2024,2.7,jzeigboi
6,Devin Singletary,6130,RB,13,2.3000000000000003,0,bench,7,2024,3.6,jzeigboi
6,D'Andre Swift,6790,RB,13,9.4,0,bench,6,2024,14.6,jzeigboi
6,Darnell Mooney,7090,WR,13,5,0,bench,6,2024,13.3,jzeigboi
3,Ray Davis,11575,RB,13,13.7,0,bench,2,2024,2.3,lukestip
3,Adonai Mitchell,11625,WR,13,0,0,bench,2,2024,6.3,lukestip
3,Dak Prescott,3294,QB,13,0,0,bench,10,2024,0,lukestip
3,Allen Lazard,5185,WR,13,0,0,bench,7,2024,0,lukestip
3,Justice Hill,5995,RB,13,6.1,0,bench,7,2024,5.9,lukestip
3,Austin Seibert,6219,K,13,0,0,bench,6,2024,0,lukestip
3,Cole Kmet,6826,TE,13,5.6,0,bench,6,2024,9.3,lukestip
3,Cam Akers,6938,RB,13,2.2,0,bench,6,2024,4.8,lukestip
3,Gabe Davis,6943,WR,13,0,0,bench,6,2024,0,lukestip
3,Nick Westbrook-Ikhine,7496,WR,13,21.1,0,bench,6,2024,10.8,lukestip
3,Javonte Williams,7588,RB,13,7.4,0,bench,5,2024,11.5,lukestip
3,Will Levis,9999,QB,13,15.18,0,bench,3,2024,14.9,lukestip
3,San Francisco 49ers,SF,DST,13,-4,0,bench,NA,2024,7,lukestip
5,J.J. McCarthy,11565,QB,13,0,0,bench,2,2024,0,ngernenz
5,Stefon Diggs,2449,WR,13,0,0,bench,11,2024,0,ngernenz
5,David Njoku,4033,TE,13,26.2,0,bench,9,2024,12.6,ngernenz
5,Harrison Butker,4227,K,13,0,0,bench,9,2024,0,ngernenz
5,Cooper Rush,4574,QB,13,10.8,0,bench,9,2024,13.7,ngernenz
5,Mike Gesicki,4993,TE,13,10.3,0,bench,8,2024,8.1,ngernenz
5,Diontae Johnson,5937,WR,13,0,0,bench,6,2024,2,ngernenz
5,Travis Etienne,7543,RB,13,8.8,0,bench,5,2024,9.7,ngernenz
5,Noah Gray,7828,TE,13,9.8,0,bench,5,2024,7.4,ngernenz
5,Ty Chandler,8230,RB,13,0.2,0,bench,4,2024,0,ngernenz
5,Josh Downs,9500,WR,13,0,0,bench,3,2024,0,ngernenz
5,Cincinnati Bengals,CIN,DST,13,9,0,bench,NA,2024,19,ngernenz
8,Michael Wilson,10232,WR,13,10.5,0,bench,3,2024,7.7,obiwanginobiIi
8,Cedric Tillman,10444,WR,13,0,0,bench,3,2024,0,obiwanginobiIi
8,Blake Corum,11586,RB,13,4.2,0,bench,2,2024,1,obiwanginobiIi
8,Luke McCaffrey,11650,WR,13,3.3,0,bench,2,2024,4.5,obiwanginobiIi
8,Amari Cooper,2309,WR,13,4.2,0,bench,10,2024,11.7,obiwanginobiIi
8,Tyler Lockett,2374,WR,13,4.6,0,bench,11,2024,5.7,obiwanginobiIi
8,Christian Kirk,4950,WR,13,0,0,bench,8,2024,0,obiwanginobiIi
8,Alexander Mattison,5987,RB,13,0,0,bench,7,2024,0,obiwanginobiIi
8,Jalen Tolbert,8117,WR,13,6.1000000000000005,0,bench,4,2024,7.6,obiwanginobiIi
8,Tyler Allgeier,8132,RB,13,3.2,0,bench,4,2024,3.7,obiwanginobiIi
8,Jerome Ford,8143,RB,13,7.200000000000001,0,bench,4,2024,6.5,obiwanginobiIi
8,Anthony Richardson,9229,QB,13,23.16,0,bench,3,2024,18.5,obiwanginobiIi
8,Zach Charbonnet,9753,RB,13,12.1,0,bench,3,2024,3.5,obiwanginobiIi
9,Caleb Williams,11560,QB,14,14.06,3.198274509803923,starter,NA,2024,17.3,Arvs
9,Najee Harris,7528,RB,14,11.3,1.8475490196078432,starter,NA,2024,15,Arvs
9,Nick Chubb,4988,RB,14,4.8,-4.652450980392158,starter,NA,2024,6.5,Arvs
9,Khalil Shakir,8134,WR,14,21.6,13.034264705882356,starter,NA,2024,14.2,Arvs
9,Jaxon Smith-Njigba,9488,WR,14,19.6,11.034264705882356,starter,NA,2024,14.9,Arvs
9,Jake Ferguson,8110,TE,14,6.2,-0.0854411764705878,starter,NA,2024,10,Arvs
9,Braelon Allen,11576,RB,14,12.1,2.647549019607842,starter,NA,2024,13.9,Arvs
9,Jameis Winston,2306,QB,14,17.28,6.418274509803924,starter,NA,2024,15.6,Arvs
9,Will Reichard,11792,K,14,5,-1.6607843137254896,starter,NA,2024,23,Arvs
9,Seattle Seahawks,SEA,DST,14,8,4.351470588235294,starter,NA,2024,20,Arvs
7,Jared Goff,3163,QB,14,23.02,16.113970588235293,starter,NA,2024,15.3,ElatedBroncosFan
7,Bijan Robinson,9509,RB,14,20.1,9.238274509803924,starter,NA,2024,18.6,ElatedBroncosFan
7,James Conner,4137,RB,14,22.2,11.338274509803922,starter,NA,2024,16,ElatedBroncosFan
7,Garrett Wilson,8146,WR,14,18.4,9.834264705882353,starter,NA,2024,13.2,ElatedBroncosFan
7,Puka Nacua,9493,WR,14,41.8,33.23426470588235,starter,NA,2024,17.8,ElatedBroncosFan
7,Travis Kelce,1466,TE,14,9.5,3.214558823529412,starter,NA,2024,15.7,ElatedBroncosFan
7,Isaac Guerendo,11651,RB,14,26.8,15.938274509803923,starter,NA,2024,13.2,ElatedBroncosFan
7,Rico Dowdle,7021,RB,14,15.1,4.238274509803922,starter,NA,2024,12.5,ElatedBroncosFan
7,Jake Moody,10937,K,14,8,1.3392156862745104,starter,NA,2024,16,ElatedBroncosFan
7,New Orleans Saints,NO,DST,14,10,6.351470588235294,starter,NA,2024,29,ElatedBroncosFan
10,Justin Fields,7591,QB,14,0,-6.906029411764706,starter,NA,2024,0,Gretsch0401
10,Alvin Kamara,4035,RB,14,12.9,6.421176470588236,starter,NA,2024,18.3,Gretsch0401
10,Chase Brown,9224,RB,14,24.3,17.821176470588235,starter,NA,2024,16.5,Gretsch0401
10,Jakobi Meyers,5947,WR,14,13.7,2.838274509803922,starter,NA,2024,15.8,Gretsch0401
10,Tyreek Hill,3321,WR,14,28.1,17.238274509803922,starter,NA,2024,15.3,Gretsch0401
10,George Kittle,4217,TE,14,21.1,14.814558823529412,starter,NA,2024,13.4,Gretsch0401
10,DeAndre Hopkins,1426,WR,14,13.2,2.338274509803922,starter,NA,2024,12.3,Gretsch0401
10,Davante Adams,2133,WR,14,25.9,15.03827450980392,starter,NA,2024,13.3,Gretsch0401
10,Brandon Aubrey,11533,K,14,9,2.3392156862745104,starter,NA,2024,27,Gretsch0401
10,Philadelphia Eagles,PHI,DST,14,4,0.3514705882352942,starter,NA,2024,31,Gretsch0401
2,Brock Purdy,8183,QB,14,22.1,11.238274509803924,starter,NA,2024,16.7,SFOControl
2,De'Von Achane,9226,RB,14,18.9,12.421176470588234,starter,NA,2024,18.1,SFOControl
2,Kenny Gainwell,7567,RB,14,5.3,-1.1788235294117646,starter,NA,2024,0,SFOControl
2,CeeDee Lamb,6786,WR,14,21.4,11.94754901960784,starter,NA,2024,16.5,SFOControl
2,Mike Evans,2216,WR,14,10.9,1.4475490196078429,starter,NA,2024,16.9,SFOControl
2,Will Dissly,5010,TE,14,3.9,-2.385441176470588,starter,NA,2024,11.6,SFOControl
2,Drake London,8112,WR,14,12,2.5475490196078425,starter,NA,2024,15.2,SFOControl
2,Patrick Mahomes,4046,QB,14,14.1,3.2382745098039223,starter,NA,2024,19.5,SFOControl
2,Younghoe Koo,4666,K,14,7,0.3392156862745104,starter,NA,2024,22,SFOControl
2,Buffalo Bills,BUF,DST,14,-4,-7.648529411764706,starter,NA,2024,30,SFOControl
12,Jordan Love,6804,QB,14,14.54,3.678274509803922,starter,NA,2024,16.2,TheJandyStock
12,Saquon Barkley,4866,RB,14,14.4,4.947549019607843,starter,NA,2024,21.6,TheJandyStock
12,Josh Jacobs,5850,RB,14,24.6,15.147549019607844,starter,NA,2024,16.2,TheJandyStock
12,George Pickens,8137,WR,14,0,-8.565735294117646,starter,NA,2024,0,TheJandyStock
12,Calvin Ridley,4981,WR,14,12.9,4.3342647058823545,starter,NA,2024,13.8,TheJandyStock
12,Sam LaPorta,10859,TE,14,10.4,4.114558823529412,starter,NA,2024,9.8,TheJandyStock
12,Aaron Jones,4199,RB,14,16.4,6.947549019607841,starter,NA,2024,13.7,TheJandyStock
12,Baker Mayfield,4892,QB,14,21,10.138274509803924,starter,NA,2024,17.5,TheJandyStock
12,Chris Boswell,1945,K,14,11,4.33921568627451,starter,NA,2024,30,TheJandyStock
12,Pittsburgh Steelers,PIT,DST,14,9,5.351470588235294,starter,NA,2024,32,TheJandyStock
11,Drew Lock,5854,QB,14,15.98,9.073970588235294,starter,NA,2024,14.5,akondratieff
11,Breece Hall,8155,RB,14,0,-6.478823529411764,starter,NA,2024,0,akondratieff
11,Raheem Mostert,2749,RB,14,0,-6.478823529411764,starter,NA,2024,0,akondratieff
11,Jameson Williams,8148,WR,14,13,2.138274509803922,starter,NA,2024,12.7,akondratieff
11,DK Metcalf,5846,WR,14,8.9,-1.961725490196077,starter,NA,2024,14.4,akondratieff
11,Cade Otton,8111,TE,14,10,3.714558823529412,starter,NA,2024,9.4,akondratieff
11,Brian Thomas Jr.,11631,WR,14,16.6,5.738274509803924,starter,NA,2024,13.4,akondratieff
11,Jauan Jennings,7049,WR,14,28,17.13827450980392,starter,NA,2024,13.1,akondratieff
11,Chase McLaughlin,6650,K,14,4,-2.6607843137254896,starter,NA,2024,21,akondratieff
11,Tampa Bay Buccaneers,TB,DST,14,10,6.351470588235294,starter,NA,2024,27,akondratieff
4,Joe Burrow,6770,QB,14,25.56,14.69827450980392,starter,NA,2024,20.4,caskinner
4,Tyjae Spears,9508,RB,14,3.3,-3.1788235294117646,starter,NA,2024,5.5,caskinner
4,James Cook,8138,RB,14,4.9,-1.578823529411764,starter,NA,2024,15.6,caskinner
4,Amon-Ra St. Brown,7547,WR,14,10.3,0.8475490196078432,starter,NA,2024,19.2,caskinner
4,Cooper Kupp,4039,WR,14,20.2,10.747549019607842,starter,NA,2024,16.7,caskinner
4,Trey McBride,8130,TE,14,14,7.714558823529412,starter,NA,2024,15.5,caskinner
4,Dontayvion Wicks,9486,WR,14,8.9,-0.5524509803921571,starter,NA,2024,10.2,caskinner
4,Matthew Stafford,421,QB,14,20.8,9.938274509803923,starter,NA,2024,16.8,caskinner
4,Jason Myers,2747,K,14,12,5.33921568627451,starter,NA,2024,17,caskinner
4,Minnesota Vikings,MIN,DST,14,7,3.351470588235294,starter,NA,2024,23,caskinner
1,Justin Herbert,6797,QB,14,13.72,2.8582745098039233,starter,NA,2024,18.4,joeburrowmvp
1,David Montgomery,5892,RB,14,19.4,12.921176470588234,starter,NA,2024,14.1,joeburrowmvp
1,Gus Edwards,5248,RB,14,9.6,3.121176470588235,starter,NA,2024,7.6,joeburrowmvp
1,Jerry Jeudy,6783,WR,14,17.4,7.947549019607841,starter,NA,2024,15.2,joeburrowmvp
1,Ja'Marr Chase,7564,WR,14,45.1,35.647549019607844,starter,NA,2024,19.6,joeburrowmvp
1,Tyler Conklin,5133,TE,14,6.3,0.01455882352941184,starter,NA,2024,6.9,joeburrowmvp
1,Jayden Reed,10222,WR,14,0,-9.452450980392156,starter,NA,2024,13.4,joeburrowmvp
1,Kyler Murray,5849,QB,14,19.96,9.098274509803923,starter,NA,2024,19.2,joeburrowmvp
1,Nick Folk,650,K,14,7,0.3392156862745104,starter,NA,2024,10,joeburrowmvp
1,Arizona Cardinals,ARI,DST,14,-1,-4.648529411764706,starter,NA,2024,25,joeburrowmvp
6,Josh Allen,4984,QB,14,51.88,41.01827450980392,starter,NA,2024,22.6,jzeigboi
6,Tony Pollard,5967,RB,14,14.4,4.947549019607843,starter,NA,2024,15.3,jzeigboi
6,Jahmyr Gibbs,9221,RB,14,19.3,9.847549019607843,starter,NA,2024,16.7,jzeigboi
6,Tee Higgins,6801,WR,14,4.3,-4.265735294117646,starter,NA,2024,17.3,jzeigboi
6,A.J. Brown,5859,WR,14,8.3,-0.2657352941176452,starter,NA,2024,17.1,jzeigboi
6,Juwan Johnson,7002,TE,14,15,8.714558823529412,starter,NA,2024,7.7,jzeigboi
6,D'Andre Swift,6790,RB,14,5,-4.4524509803921575,starter,NA,2024,14.8,jzeigboi
6,Kirk Cousins,1166,QB,14,11.76,0.8982745098039224,starter,NA,2024,14.2,jzeigboi
6,Cameron Dicker,8259,K,14,5,-1.6607843137254896,starter,NA,2024,26,jzeigboi
6,Tennessee Titans,TEN,DST,14,9,5.351470588235294,starter,NA,2024,24,jzeigboi
3,Tua Tagovailoa,6768,QB,14,23.54,12.678274509803922,starter,NA,2024,16.1,lukestip
3,Ray Davis,11575,RB,14,0,-6.478823529411764,starter,NA,2024,2.9,lukestip
3,Tyrone Tracy Jr.,11655,RB,14,19.3,12.821176470588236,starter,NA,2024,14.7,lukestip
3,Nick Westbrook-Ikhine,7496,WR,14,2.9,-6.552450980392157,starter,NA,2024,10.7,lukestip
3,Justin Jefferson,6794,WR,14,32.2,22.747549019607845,starter,NA,2024,18.1,lukestip
3,Brock Bowers,11604,TE,14,8.2,1.914558823529411,starter,NA,2024,16.7,lukestip
3,D.J. Moore,4983,WR,14,10.9,1.4475490196078429,starter,NA,2024,12.9,lukestip
3,Sam Darnold,4943,QB,14,34.58,23.71827450980392,starter,NA,2024,17.9,lukestip
3,Jake Elliott,4195,K,14,1,-5.66078431372549,starter,NA,2024,28,lukestip
3,San Francisco 49ers,SF,DST,14,13,9.351470588235294,starter,NA,2024,18,lukestip
5,Geno Smith,1373,QB,14,13.32,2.458274509803923,starter,NA,2024,15.4,ngernenz
5,Kyren Williams,8150,RB,14,23.7,17.221176470588233,starter,NA,2024,13.9,ngernenz
5,Bucky Irving,11584,RB,14,2.8,-3.6788235294117646,starter,NA,2024,16.1,ngernenz
5,Joshua Palmer,7670,WR,14,13.8,5.234264705882355,starter,NA,2024,8.4,ngernenz
5,Marvin Harrison Jr.,11628,WR,14,8.9,0.33426470588235446,starter,NA,2024,12.2,ngernenz
5,David Njoku,4033,TE,14,17.2,7.747549019607842,starter,NA,2024,13.1,ngernenz
5,Jonnu Smith,4144,TE,14,13.4,3.947549019607843,starter,NA,2024,13.5,ngernenz
5,Cooper Rush,4574,QB,14,14.82,3.958274509803923,starter,NA,2024,15.2,ngernenz
5,Jason Sanders,5119,K,14,15,8.33921568627451,starter,NA,2024,11,ngernenz
5,Cincinnati Bengals,CIN,DST,14,7,3.351470588235294,starter,NA,2024,8,ngernenz
8,Jalen Hurts,6904,QB,14,24.22,17.313970588235293,starter,NA,2024,22.7,obiwanginobiIi
8,Chuba Hubbard,7594,RB,14,20.7,9.838274509803922,starter,NA,2024,10.9,obiwanginobiIi
8,Zach Charbonnet,9753,RB,14,38.3,27.43827450980392,starter,NA,2024,15.7,obiwanginobiIi
8,Jordan Addison,9756,WR,14,39.3,28.43827450980392,starter,NA,2024,11.5,obiwanginobiIi
8,Amari Cooper,2309,WR,14,15.5,4.638274509803923,starter,NA,2024,11.5,obiwanginobiIi
8,T.J. Hockenson,5844,TE,14,8.5,2.214558823529412,starter,NA,2024,11.4,obiwanginobiIi
8,Rachaad White,8136,RB,14,24.9,14.03827450980392,starter,NA,2024,11.2,obiwanginobiIi
8,Xavier Legette,11626,WR,14,5.9,-4.961725490196077,starter,NA,2024,9.6,obiwanginobiIi
8,Jake Bates,11539,K,14,11,4.33921568627451,starter,NA,2024,32,obiwanginobiIi
8,Jacksonville Jaguars,JAX,DST,14,10,6.351470588235294,starter,NA,2024,13,obiwanginobiIi
9,Dalton Kincaid,10236,TE,14,0,0,bench,3,2024,0,Arvs
9,Theo Johnson,11597,TE,14,0,0,bench,2,2024,0,Arvs
9,Malik Nabers,11632,WR,14,12.9,0,bench,2,2024,13.8,Arvs
9,Zach Ertz,1339,TE,14,0,0,bench,13,2024,0,Arvs
9,Derek Carr,2028,QB,14,11.96,0,bench,11,2024,13,Arvs
9,Chris Godwin,4037,WR,14,0,0,bench,9,2024,0,Arvs
9,Marquez Valdes-Scantling,5086,WR,14,9.1,0,bench,8,2024,9.4,Arvs
9,Matthew Wright,6268,K,14,16,0,bench,7,2024,25,Arvs
9,Brandon Aiyuk,6803,WR,14,0,0,bench,6,2024,0,Arvs
9,Jaylen Warren,8228,RB,14,9.2,0,bench,4,2024,9.4,Arvs
9,Tank Bigsby,9225,RB,14,13.2,0,bench,3,2024,5.6,Arvs
9,DeMario Douglas,9501,WR,14,0,0,bench,3,2024,0,Arvs
7,Drake Maye,11564,QB,14,0,0,bench,2,2024,0,ElatedBroncosFan
7,Jalen McMillan,11618,WR,14,21.9,0,bench,2,2024,7.5,ElatedBroncosFan
7,Troy Franklin,11627,WR,14,0,0,bench,2,2024,0,ElatedBroncosFan
7,Keon Coleman,11637,WR,14,0,0,bench,2,2024,2,ElatedBroncosFan
7,Jalen Coker,11646,WR,14,0,0,bench,2,2024,0,ElatedBroncosFan
7,Kimani Vidal,11647,RB,14,3.4000000000000004,0,bench,2,2024,6.5,ElatedBroncosFan
7,Wil Lutz,3678,K,14,0,0,bench,10,2024,0,ElatedBroncosFan
7,Christian McCaffrey,4034,RB,14,0,0,bench,9,2024,0,ElatedBroncosFan
7,Hollywood Brown,5848,WR,14,0,0,bench,7,2024,0,ElatedBroncosFan
7,Nico Collins,7569,WR,14,0,0,bench,5,2024,0,ElatedBroncosFan
7,Elijah Moore,7596,WR,14,6.4,0,bench,5,2024,12.9,ElatedBroncosFan
7,Parker Washington,9487,WR,14,3.5,0,bench,3,2024,11,ElatedBroncosFan
7,Kayshon Boutte,9504,WR,14,0,0,bench,3,2024,0,ElatedBroncosFan
7,Atlanta Falcons,ATL,DST,14,0,0,bench,NA,2024,12,ElatedBroncosFan
10,Jayden Daniels,11566,QB,14,0,0,bench,2,2024,0,Gretsch0401
10,Ja'Tavion Sanders,11600,TE,14,0,0,bench,2,2024,4.8,Gretsch0401
10,Odell Beckham Jr.,2078,WR,14,1.1,0,bench,12,2024,0,Gretsch0401
10,Mason Rudolph,4972,QB,14,0,0,bench,8,2024,0,Gretsch0401
10,Rashod Bateman,7571,WR,14,0,0,bench,5,2024,0,Gretsch0401
10,Brian Robinson Jr.,8154,RB,14,0,0,bench,4,2024,0,Gretsch0401
10,Christian Watson,8167,WR,14,13.4,0,bench,4,2024,11.6,Gretsch0401
10,Isiah Pacheco,8205,RB,14,8.1,0,bench,4,2024,11,Gretsch0401
10,C.J. Stroud,9758,QB,14,0,0,bench,3,2024,0,Gretsch0401
10,Kansas City Chiefs,KC,DST,14,4,0,bench,NA,2024,26,Gretsch0401
2,Spencer Shrader,12185,K,14,0,0,bench,2,2024,0,SFOControl
2,Brandon Allen,3357,QB,14,-1,0,bench,10,2024,0,SFOControl
2,Austin Ekeler,4663,RB,14,0,0,bench,9,2024,0,SFOControl
2,Deebo Samuel Sr.,5872,WR,14,5.5,0,bench,7,2024,11.8,SFOControl
2,Darius Slayton,6149,WR,14,4.7,0,bench,7,2024,7.7,SFOControl
2,J.K. Dobbins,6806,RB,14,0,0,bench,6,2024,0,SFOControl
2,A.J. Dillon,6828,RB,14,0,0,bench,6,2024,0,SFOControl
2,Antonio Gibson,6945,RB,14,0,0,bench,6,2024,0,SFOControl
2,Isaiah Likely,8131,TE,14,0,0,bench,4,2024,0,SFOControl
2,Cleveland Browns,CLE,DST,14,4,0,bench,NA,2024,14,SFOControl
2,New York Giants,NYG,DST,14,9,0,bench,NA,2024,16,SFOControl
12,Rashee Rice,10229,WR,14,0,0,bench,3,2024,0,TheJandyStock
12,Carson Steele,11582,RB,14,0,0,bench,2,2024,0,TheJandyStock
12,Jonathon Brooks,11583,RB,14,-0.30000000000000004,0,bench,2,2024,6.5,TheJandyStock
12,Roman Wilson,11630,WR,14,0,0,bench,2,2024,0,TheJandyStock
12,Russell Wilson,1234,QB,14,16.02,0,bench,14,2024,15.3,TheJandyStock
12,Brandon McManus,1433,K,14,7,0,bench,13,2024,29,TheJandyStock
12,Brandin Cooks,2197,WR,14,7.3,0,bench,12,2024,5.4,TheJandyStock
12,Derrick Henry,3198,RB,14,0,0,bench,10,2024,0,TheJandyStock
12,Ka'imi Fairbairn,3451,K,14,0,0,bench,10,2024,0,TheJandyStock
12,Pat Freiermuth,7600,TE,14,13.8,0,bench,5,2024,9,TheJandyStock
12,Evan McPherson,7839,K,14,0,0,bench,5,2024,0,TheJandyStock
12,Wan'Dale Robinson,8126,WR,14,7.800000000000001,0,bench,4,2024,9,TheJandyStock
11,Tre Tucker,10213,WR,14,2.7,0,bench,3,2024,5.6,akondratieff
11,Demarcus Robinson,3286,WR,14,0,0,bench,10,2024,8.2,akondratieff
11,Lamar Jackson,4881,QB,14,0,0,bench,8,2024,0,akondratieff
11,Michael Pittman Jr.,6819,WR,14,0,0,bench,6,2024,0,akondratieff
11,Tyler Bass,7042,K,14,6,0,bench,6,2024,31,akondratieff
11,Jaylen Waddle,7526,WR,14,18.9,0,bench,5,2024,11.3,akondratieff
11,Kyle Pitts,7553,TE,14,2.4000000000000004,0,bench,5,2024,9.2,akondratieff
11,Rhamondre Stevenson,7611,RB,14,0,0,bench,5,2024,0,akondratieff
11,Tucker Kraft,9484,TE,14,13.1,0,bench,3,2024,10.7,akondratieff
11,Green Bay Packers,GB,DST,14,2,0,bench,NA,2024,9,akondratieff
4,Roschon Johnson,10235,RB,14,0,0,bench,3,2024,0,caskinner
4,Jaleel McLaughlin,11439,RB,14,0,0,bench,3,2024,0,caskinner
4,MarShawn Lloyd,11581,RB,14,0,0,bench,2,2024,0,caskinner
4,Trey Benson,11589,RB,14,2.9,0,bench,2,2024,3.5,caskinner
4,Malachi Corley,11617,WR,14,0,0,bench,2,2024,0,caskinner
4,Ricky Pearsall,11638,WR,14,1.5,0,bench,2,2024,5.6,caskinner
4,Devaughn Vele,11834,WR,14,0,0,bench,2,2024,0,caskinner
4,Justin Tucker,1264,K,14,0,0,bench,13,2024,0,caskinner
4,Dalton Schultz,5001,TE,14,0,0,bench,8,2024,0,caskinner
4,Daniel Jones,5870,QB,14,0,0,bench,7,2024,0,caskinner
4,Terry McLaurin,5927,WR,14,0,0,bench,7,2024,0,caskinner
4,Jonathan Taylor,6813,RB,14,0,0,bench,6,2024,0,caskinner
4,Chris Olave,8144,WR,14,0,0,bench,4,2024,0,caskinner
4,Jordan Mason,8408,RB,14,0,0,bench,4,2024,0,caskinner
4,Bryce Young,9228,QB,14,13.54,0,bench,3,2024,14.3,caskinner
4,Quentin Johnston,9754,WR,14,15.8,0,bench,3,2024,9.6,caskinner
1,Spencer Rattler,11562,QB,14,0,0,bench,2,2024,0,joeburrowmvp
1,Audric Estime,11579,RB,14,0,0,bench,2,2024,0,joeburrowmvp
1,Javon Baker,11645,WR,14,0,0,bench,2,2024,0,joeburrowmvp
1,Keenan Allen,1479,WR,14,6,0,bench,13,2024,12.6,joeburrowmvp
1,Adam Thielen,1689,WR,14,19.200000000000003,0,bench,13,2024,10.7,joeburrowmvp
1,Hunter Henry,3214,TE,14,0,0,bench,10,2024,0,joeburrowmvp
1,Kareem Hunt,4098,RB,14,3.9,0,bench,9,2024,7.2,joeburrowmvp
1,Mark Andrews,5012,TE,14,0,0,bench,8,2024,0,joeburrowmvp
1,Zack Moss,6845,RB,14,0,0,bench,5,2024,0,joeburrowmvp
1,DeVonta Smith,7525,WR,14,13.7,0,bench,5,2024,11.8,joeburrowmvp
1,Romeo Doubs,8121,WR,14,0,0,bench,4,2024,0,joeburrowmvp
1,Rashid Shaheed,8676,WR,14,0,0,bench,4,2024,0,joeburrowmvp
1,Aaron Rodgers,96,QB,14,17.560000000000002,0,bench,21,2024,13.1,joeburrowmvp
1,Zay Flowers,9997,WR,14,0,0,bench,3,2024,0,joeburrowmvp
6,Andrei Iosivas,10226,WR,14,8.100000000000001,0,bench,3,2024,3.3,jzeigboi
6,Aidan O'Connell,10866,QB,14,7.76,0,bench,3,2024,13.8,jzeigboi
6,Michael Penix Jr.,11559,QB,14,0,0,bench,2,2024,0,jzeigboi
6,Rome Odunze,11620,WR,14,20.2,0,bench,2,2024,8.3,jzeigboi
6,Xavier Worthy,11624,WR,14,9.6,0,bench,2,2024,12.1,jzeigboi
6,Jaylen Wright,11643,RB,14,3.3000000000000003,0,bench,2,2024,5.1,jzeigboi
6,Dallas Goedert,5022,TE,14,0,0,bench,8,2024,0,jzeigboi
6,Devin Singletary,6130,RB,14,0.8,0,bench,7,2024,3.9,jzeigboi
6,Darnell Mooney,7090,WR,14,20.200000000000003,0,bench,6,2024,13.1,jzeigboi
6,Tank Dell,9502,WR,14,0,0,bench,3,2024,0,jzeigboi
3,Chris Rodriguez Jr.,10219,RB,14,0,0,bench,3,2024,0,lukestip
3,Adonai Mitchell,11625,WR,14,0,0,bench,2,2024,0,lukestip
3,Dak Prescott,3294,QB,14,0,0,bench,10,2024,0,lukestip
3,Joe Mixon,4018,RB,14,0,0,bench,9,2024,0,lukestip
3,Allen Lazard,5185,WR,14,2.8,0,bench,7,2024,0,lukestip
3,Justice Hill,5995,RB,14,0,0,bench,7,2024,0,lukestip
3,Austin Seibert,6219,K,14,0,0,bench,6,2024,0,lukestip
3,Cole Kmet,6826,TE,14,0,0,bench,6,2024,7.7,lukestip
3,Cam Akers,6938,RB,14,3.7,0,bench,6,2024,4.4,lukestip
3,Gabe Davis,6943,WR,14,0,0,bench,6,2024,0,lukestip
3,Javonte Williams,7588,RB,14,0,0,bench,5,2024,0,lukestip
3,Kenneth Walker III,8151,RB,14,0,0,bench,4,2024,0,lukestip
3,Will Levis,9999,QB,14,6.02,0,bench,3,2024,14.9,lukestip
5,J.J. McCarthy,11565,QB,14,0,0,bench,2,2024,0,ngernenz
5,Ladd McConkey,11635,WR,14,0,0,bench,2,2024,14.1,ngernenz
5,Stefon Diggs,2449,WR,14,0,0,bench,11,2024,0,ngernenz
5,Harrison Butker,4227,K,14,0,0,bench,9,2024,0,ngernenz
5,Courtland Sutton,5045,WR,14,0,0,bench,8,2024,0,ngernenz
5,Ray-Ray McCloud,5096,WR,14,18.1,0,bench,8,2024,7.2,ngernenz
5,Diontae Johnson,5937,WR,14,0,0,bench,6,2024,0,ngernenz
5,Trevor Lawrence,7523,QB,14,0,0,bench,5,2024,0,ngernenz
5,Mac Jones,7527,QB,14,7.1000000000000005,0,bench,5,2024,12.7,ngernenz
5,Travis Etienne,7543,RB,14,11,0,bench,5,2024,9.5,ngernenz
5,Noah Gray,7828,TE,14,6.6,0,bench,5,2024,7.8,ngernenz
5,Ty Chandler,8230,RB,14,0,0,bench,4,2024,0,ngernenz
5,Josh Downs,9500,WR,14,0,0,bench,3,2024,0,ngernenz
8,Michael Wilson,10232,WR,14,13.7,0,bench,3,2024,7.6,obiwanginobiIi
8,Cedric Tillman,10444,WR,14,0,0,bench,3,2024,0,obiwanginobiIi
8,Bo Nix,11563,QB,14,0,0,bench,2,2024,0,obiwanginobiIi
8,Blake Corum,11586,RB,14,3.4000000000000004,0,bench,2,2024,1.5,obiwanginobiIi
8,Luke McCaffrey,11650,WR,14,0,0,bench,2,2024,0,obiwanginobiIi
8,Tyler Lockett,2374,WR,14,0,0,bench,11,2024,7.3,obiwanginobiIi
8,Evan Engram,4066,TE,14,7.300000000000001,0,bench,9,2024,11.7,obiwanginobiIi
8,Christian Kirk,4950,WR,14,0,0,bench,8,2024,0,obiwanginobiIi
8,Alexander Mattison,5987,RB,14,0,0,bench,7,2024,0,obiwanginobiIi
8,Tyler Allgeier,8132,RB,14,12.3,0,bench,4,2024,2.7,obiwanginobiIi
8,Jerome Ford,8143,RB,14,7.700000000000001,0,bench,4,2024,7.1,obiwanginobiIi
8,Anthony Richardson,9229,QB,14,0,0,bench,3,2024,0,obiwanginobiIi
8,Denver Broncos,DEN,DST,14,0,0,bench,NA,2024,0,obiwanginobiIi
9,Caleb Williams,11560,QB,15,9.94,0.3861078431372551,starter,NA,2024,16.9,Arvs
9,Najee Harris,7528,RB,15,3.1,-5.175490196078432,starter,NA,2024,14.6,Arvs
9,Tank Bigsby,9225,RB,15,4.2,-4.075490196078431,starter,NA,2024,7.9,Arvs
9,Khalil Shakir,8134,WR,15,15.9,6.94921568627451,starter,NA,2024,14.2,Arvs
9,Jaxon Smith-Njigba,9488,WR,15,18.3,9.34921568627451,starter,NA,2024,15.7,Arvs
9,Zach Ertz,1339,TE,15,4.5,-2.5904411764705877,starter,NA,2024,9.8,Arvs
9,Malik Nabers,11632,WR,15,24.2,15.249215686274509,starter,NA,2024,14.2,Arvs
9,Jameis Winston,2306,QB,15,2.64,-6.913892156862744,starter,NA,2024,16.5,Arvs
9,Will Reichard,11792,K,15,15,7.81421568627451,starter,NA,2024,20,Arvs
9,Seattle Seahawks,SEA,DST,15,2,-5.148529411764706,starter,NA,2024,15,Arvs
7,Jared Goff,3163,QB,15,41.06,31.506107843137254,starter,NA,2024,16.5,ElatedBroncosFan
7,Bijan Robinson,9509,RB,15,14.5,5.5492156862745095,starter,NA,2024,18.7,ElatedBroncosFan
7,James Conner,4137,RB,15,30.8,21.849215686274512,starter,NA,2024,16.5,ElatedBroncosFan
7,Puka Nacua,9493,WR,15,17.8,9.496764705882354,starter,NA,2024,18.1,ElatedBroncosFan
7,Nico Collins,7569,WR,15,17.7,9.396764705882353,starter,NA,2024,19.5,ElatedBroncosFan
7,Travis Kelce,1466,TE,15,6.7,-0.3904411764705875,starter,NA,2024,14.2,ElatedBroncosFan
7,Rico Dowdle,7021,RB,15,14.9,5.94921568627451,starter,NA,2024,14.4,ElatedBroncosFan
7,Drake Maye,11564,QB,15,18.48,8.926107843137256,starter,NA,2024,16.7,ElatedBroncosFan
7,Wil Lutz,3678,K,15,8,0.81421568627451,starter,NA,2024,29,ElatedBroncosFan
7,New Orleans Saints,NO,DST,15,10,2.851470588235294,starter,NA,2024,4,ElatedBroncosFan
10,Jayden Daniels,11566,QB,15,23.64,14.086107843137256,starter,NA,2024,19,Gretsch0401
10,Alvin Kamara,4035,RB,15,17,8.724509803921569,starter,NA,2024,17.6,Gretsch0401
10,Chase Brown,9224,RB,15,26.3,18.024509803921568,starter,NA,2024,18.8,Gretsch0401
10,Jakobi Meyers,5947,WR,15,10.9,1.9492156862745096,starter,NA,2024,15.7,Gretsch0401
10,Tyreek Hill,3321,WR,15,5.6,-3.350784313725491,starter,NA,2024,17.5,Gretsch0401
10,George Kittle,4217,TE,15,10.1,3.009558823529412,starter,NA,2024,14.2,Gretsch0401
10,Davante Adams,2133,WR,15,42.8,33.849215686274505,starter,NA,2024,15.9,Gretsch0401
10,C.J. Stroud,9758,QB,15,11.64,2.086107843137256,starter,NA,2024,15.7,Gretsch0401
10,Brandon Aubrey,11533,K,15,15,7.81421568627451,starter,NA,2024,22,Gretsch0401
10,Kansas City Chiefs,KC,DST,15,23,15.851470588235294,starter,NA,2024,19,Gretsch0401
2,Brock Purdy,8183,QB,15,4.98,-4.573892156862744,starter,NA,2024,16.7,SFOControl
2,De'Von Achane,9226,RB,15,14.6,6.324509803921568,starter,NA,2024,18.8,SFOControl
2,Kenny Gainwell,7567,RB,15,9,0.7245098039215687,starter,NA,2024,0,SFOControl
2,CeeDee Lamb,6786,WR,15,26.6,17.64921568627451,starter,NA,2024,16.7,SFOControl
2,Mike Evans,2216,WR,15,36.9,27.949215686274503,starter,NA,2024,15.7,SFOControl
2,Isaiah Likely,8131,TE,15,3.7,-3.3904411764705875,starter,NA,2024,7.8,SFOControl
2,Drake London,8112,WR,15,14.3,5.34921568627451,starter,NA,2024,15.4,SFOControl
2,Patrick Mahomes,4046,QB,15,15.76,6.206107843137255,starter,NA,2024,18.7,SFOControl
2,Younghoe Koo,4666,K,15,8,0.81421568627451,starter,NA,2024,8,SFOControl
2,Detroit Lions,DET,DST,15,-4,-11.148529411764706,starter,NA,2024,12,SFOControl
12,Jordan Love,6804,QB,15,17.56,8.006107843137254,starter,NA,2024,17.1,TheJandyStock
12,Saquon Barkley,4866,RB,15,9.4,0.4492156862745098,starter,NA,2024,20.5,TheJandyStock
12,Derrick Henry,3198,RB,15,6.7,-2.2507843137254904,starter,NA,2024,18.3,TheJandyStock
12,Calvin Ridley,4981,WR,15,9,0.6967647058823534,starter,NA,2024,13.4,TheJandyStock
12,George Pickens,8137,WR,15,0,-8.303235294117647,starter,NA,2024,0,TheJandyStock
12,Sam LaPorta,10859,TE,15,18.1,11.009558823529414,starter,NA,2024,9.9,TheJandyStock
12,Aaron Jones,4199,RB,15,18.6,9.64921568627451,starter,NA,2024,14.9,TheJandyStock
12,Baker Mayfield,4892,QB,15,29.02,19.466107843137255,starter,NA,2024,16.8,TheJandyStock
12,Chris Boswell,1945,K,15,8,0.81421568627451,starter,NA,2024,26,TheJandyStock
12,Pittsburgh Steelers,PIT,DST,15,8,0.8514705882352942,starter,NA,2024,25,TheJandyStock
11,Lamar Jackson,4881,QB,15,36.1,29.613970588235297,starter,NA,2024,22.6,akondratieff
11,Breece Hall,8155,RB,15,13.1,4.824509803921568,starter,NA,2024,11.9,akondratieff
11,Jameson Williams,8148,WR,15,12.7,3.146107843137255,starter,NA,2024,13.2,akondratieff
11,DK Metcalf,5846,WR,15,5.8,-3.753892156862745,starter,NA,2024,13.2,akondratieff
11,Cade Otton,8111,TE,15,4.4,-2.6904411764705873,starter,NA,2024,9.6,akondratieff
11,Brian Thomas Jr.,11631,WR,15,32.5,22.946107843137256,starter,NA,2024,14.9,akondratieff
11,Jauan Jennings,7049,WR,15,5.1,-4.453892156862745,starter,NA,2024,15.3,akondratieff
11,Chase McLaughlin,6650,K,15,18,10.81421568627451,starter,NA,2024,21,akondratieff
11,Tampa Bay Buccaneers,TB,DST,15,10,2.851470588235294,starter,NA,2024,13,akondratieff
4,Joe Burrow,6770,QB,15,18.84,9.286107843137255,starter,NA,2024,21,caskinner
4,Jonathan Taylor,6813,RB,15,10.1,1.8245098039215684,starter,NA,2024,13,caskinner
4,James Cook,8138,RB,15,26.3,18.024509803921568,starter,NA,2024,16.2,caskinner
4,Amon-Ra St. Brown,7547,WR,15,37.3,28.349215686274505,starter,NA,2024,19.4,caskinner
4,Cooper Kupp,4039,WR,15,0,-8.95078431372549,starter,NA,2024,16.1,caskinner
4,Trey McBride,8130,TE,15,17.7,10.609558823529412,starter,NA,2024,15.7,caskinner
4,Terry McLaurin,5927,WR,15,26.3,17.349215686274512,starter,NA,2024,16.6,caskinner
4,Matthew Stafford,421,QB,15,8.2,-1.3538921568627451,starter,NA,2024,15.7,caskinner
4,Justin Tucker,1264,K,15,5,-2.18578431372549,starter,NA,2024,24,caskinner
4,Minnesota Vikings,MIN,DST,15,9,1.8514705882352944,starter,NA,2024,32,caskinner
1,Justin Herbert,6797,QB,15,14.8,5.246107843137256,starter,NA,2024,17.7,joeburrowmvp
1,David Montgomery,5892,RB,15,7.5,-0.7754901960784313,starter,NA,2024,13.9,joeburrowmvp
1,Nick Chubb,4988,RB,15,2.1,-6.175490196078432,starter,NA,2024,5.9,joeburrowmvp
1,Jerry Jeudy,6783,WR,15,21.8,12.84921568627451,starter,NA,2024,16.5,joeburrowmvp
1,Ja'Marr Chase,7564,WR,15,18.4,9.449215686274508,starter,NA,2024,20.5,joeburrowmvp
1,Hunter Henry,3214,TE,15,6.5,-0.5904411764705877,starter,NA,2024,11.1,joeburrowmvp
1,Adam Thielen,1689,WR,15,10.1,1.149215686274509,starter,NA,2024,15,joeburrowmvp
1,Kyler Murray,5849,QB,15,10.06,0.5061078431372561,starter,NA,2024,18.8,joeburrowmvp
1,Nick Folk,650,K,15,3,-4.18578431372549,starter,NA,2024,14,joeburrowmvp
1,Arizona Cardinals,ARI,DST,15,6,-1.1485294117647058,starter,NA,2024,27,joeburrowmvp
6,Josh Allen,4984,QB,15,41.28,31.726107843137257,starter,NA,2024,24.3,jzeigboi
6,Tony Pollard,5967,RB,15,8.5,0.22450980392156872,starter,NA,2024,15.8,jzeigboi
6,Jahmyr Gibbs,9221,RB,15,28.4,20.12450980392157,starter,NA,2024,17.8,jzeigboi
6,Tee Higgins,6801,WR,15,19.8,10.84921568627451,starter,NA,2024,17.3,jzeigboi
6,A.J. Brown,5859,WR,15,25,16.049215686274508,starter,NA,2024,15,jzeigboi
6,Juwan Johnson,7002,TE,15,3.2,-3.890441176470587,starter,NA,2024,9.8,jzeigboi
6,Tank Dell,9502,WR,15,6.1,-2.850784313725491,starter,NA,2024,8.5,jzeigboi
6,Kirk Cousins,1166,QB,15,7.48,-2.073892156862744,starter,NA,2024,13.7,jzeigboi
6,Cameron Dicker,8259,K,15,6,-1.18578431372549,starter,NA,2024,17,jzeigboi
6,Baltimore Ravens,BAL,DST,15,6,-1.1485294117647058,starter,NA,2024,31,jzeigboi
3,Tua Tagovailoa,6768,QB,15,6.84,-2.7138921568627445,starter,NA,2024,17.5,lukestip
3,Joe Mixon,4018,RB,15,10.6,1.649215686274509,starter,NA,2024,20.6,lukestip
3,Javonte Williams,7588,RB,15,4.3,-4.650784313725491,starter,NA,2024,8.3,lukestip
3,D.J. Moore,4983,WR,15,15,6.696764705882353,starter,NA,2024,13.3,lukestip
3,Justin Jefferson,6794,WR,15,20.3,11.996764705882354,starter,NA,2024,18.2,lukestip
3,Brock Bowers,11604,TE,15,6.5,-0.5904411764705877,starter,NA,2024,16.6,lukestip
3,Tyrone Tracy Jr.,11655,RB,15,4.5,-4.4507843137254905,starter,NA,2024,15.8,lukestip
3,Sam Darnold,4943,QB,15,12.24,2.686107843137256,starter,NA,2024,17.9,lukestip
3,Jake Elliott,4195,K,15,10,2.81421568627451,starter,NA,2024,15,lukestip
3,San Francisco 49ers,SF,DST,15,4,-3.148529411764706,starter,NA,2024,11,lukestip
5,Geno Smith,1373,QB,15,5.46,-4.093892156862744,starter,NA,2024,14.9,ngernenz
5,Kyren Williams,8150,RB,15,13.2,4.924509803921568,starter,NA,2024,14.6,ngernenz
5,Bucky Irving,11584,RB,15,13.3,5.024509803921569,starter,NA,2024,10.4,ngernenz
5,Courtland Sutton,5045,WR,15,12.2,3.2492156862745087,starter,NA,2024,16.1,ngernenz
5,Ladd McConkey,11635,WR,15,16.8,7.84921568627451,starter,NA,2024,13.9,ngernenz
5,Jonnu Smith,4144,TE,15,19.8,12.709558823529411,starter,NA,2024,13.4,ngernenz
5,Marvin Harrison Jr.,11628,WR,15,5.2,-3.7507843137254904,starter,NA,2024,12.5,ngernenz
5,Cooper Rush,4574,QB,15,19.06,9.506107843137254,starter,NA,2024,14.2,ngernenz
5,Jason Sanders,5119,K,15,7,-0.18578431372549,starter,NA,2024,13,ngernenz
5,Cincinnati Bengals,CIN,DST,15,21,13.851470588235294,starter,NA,2024,22,ngernenz
8,Jalen Hurts,6904,QB,15,28.1,18.546107843137257,starter,NA,2024,22.5,obiwanginobiIi
8,Chuba Hubbard,7594,RB,15,8.9,0.6245098039215691,starter,NA,2024,14.9,obiwanginobiIi
8,Zach Charbonnet,9753,RB,15,13.6,5.324509803921568,starter,NA,2024,18.8,obiwanginobiIi
8,Amari Cooper,2309,WR,15,0,-8.95078431372549,starter,NA,2024,13.8,obiwanginobiIi
8,Jordan Addison,9756,WR,15,13.3,4.34921568627451,starter,NA,2024,13.8,obiwanginobiIi
8,T.J. Hockenson,5844,TE,15,10.2,3.1095588235294116,starter,NA,2024,9.4,obiwanginobiIi
8,Xavier Legette,11626,WR,15,2.9,-6.05078431372549,starter,NA,2024,9.6,obiwanginobiIi
8,Bo Nix,11563,QB,15,16.5,6.946107843137256,starter,NA,2024,17.3,obiwanginobiIi
8,Jake Bates,11539,K,15,5,-2.18578431372549,starter,NA,2024,25,obiwanginobiIi
8,Denver Broncos,DEN,DST,15,22,14.851470588235294,starter,NA,2024,28,obiwanginobiIi
9,Dalton Kincaid,10236,TE,15,9.3,0,bench,3,2024,9.5,Arvs
9,Tommy DeVito,11292,QB,15,2.72,0,bench,3,2024,15.6,Arvs
9,Isaiah Davis,11571,RB,15,3.6000000000000005,0,bench,2,2024,3.7,Arvs
9,Braelon Allen,11576,RB,15,0.5,0,bench,2,2024,8.4,Arvs
9,Theo Johnson,11597,TE,15,0,0,bench,2,2024,0,Arvs
9,Derek Carr,2028,QB,15,0,0,bench,11,2024,0,Arvs
9,Chris Godwin,4037,WR,15,0,0,bench,9,2024,0,Arvs
9,Marquez Valdes-Scantling,5086,WR,15,8.8,0,bench,8,2024,9.6,Arvs
9,Brandon Aiyuk,6803,WR,15,0,0,bench,6,2024,0,Arvs
9,Jake Ferguson,8110,TE,15,4.300000000000001,0,bench,4,2024,9.9,Arvs
9,Desmond Ridder,8159,QB,15,13.12,0,bench,4,2024,0,Arvs
9,Jaylen Warren,8228,RB,15,2.5,0,bench,4,2024,10.8,Arvs
9,DeMario Douglas,9501,WR,15,9.1,0,bench,3,2024,8.6,Arvs
7,AJ Barner,11603,TE,15,1.5,0,bench,2,2024,0,ElatedBroncosFan
7,Jalen McMillan,11618,WR,15,18.5,0,bench,2,2024,8.5,ElatedBroncosFan
7,Troy Franklin,11627,WR,15,2.9,0,bench,2,2024,4.5,ElatedBroncosFan
7,Keon Coleman,11637,WR,15,7.4,0,bench,2,2024,6.1,ElatedBroncosFan
7,Jalen Coker,11646,WR,15,21,0,bench,2,2024,4.7,ElatedBroncosFan
7,Kimani Vidal,11647,RB,15,4.2,0,bench,2,2024,7.2,ElatedBroncosFan
7,Isaac Guerendo,11651,RB,15,11.5,0,bench,2,2024,13.4,ElatedBroncosFan
7,Christian McCaffrey,4034,RB,15,0,0,bench,9,2024,0,ElatedBroncosFan
7,Hollywood Brown,5848,WR,15,0,0,bench,7,2024,0,ElatedBroncosFan
7,Elijah Moore,7596,WR,15,1.9,0,bench,5,2024,12.8,ElatedBroncosFan
7,Garrett Wilson,8146,WR,15,14.6,0,bench,4,2024,15.6,ElatedBroncosFan
7,Kayshon Boutte,9504,WR,15,3.9,0,bench,3,2024,7.1,ElatedBroncosFan
7,Kendre Miller,9757,RB,15,4.6000000000000005,0,bench,3,2024,6,ElatedBroncosFan
10,Ja'Tavion Sanders,11600,TE,15,0,0,bench,2,2024,4.8,Gretsch0401
10,DeAndre Hopkins,1426,WR,15,8.6,0,bench,13,2024,12.9,Gretsch0401
10,Odell Beckham Jr.,2078,WR,15,0,0,bench,12,2024,0,Gretsch0401
10,Mason Rudolph,4972,QB,15,16.759999999999998,0,bench,8,2024,0,Gretsch0401
10,Rashod Bateman,7571,WR,15,23,0,bench,5,2024,7.7,Gretsch0401
10,Justin Fields,7591,QB,15,0.8,0,bench,5,2024,0,Gretsch0401
10,Brian Robinson Jr.,8154,RB,15,11.7,0,bench,4,2024,11.9,Gretsch0401
10,Christian Watson,8167,WR,15,8.600000000000001,0,bench,4,2024,12.7,Gretsch0401
10,Isiah Pacheco,8205,RB,15,5.7,0,bench,4,2024,10.7,Gretsch0401
10,Philadelphia Eagles,PHI,DST,15,9,0,bench,NA,2024,29,Gretsch0401
2,Brandon Allen,3357,QB,15,0,0,bench,10,2024,0,SFOControl
2,Austin Ekeler,4663,RB,15,0,0,bench,9,2024,0,SFOControl
2,Will Dissly,5010,TE,15,0,0,bench,8,2024,0,SFOControl
2,Deebo Samuel Sr.,5872,WR,15,4.9,0,bench,7,2024,9.6,SFOControl
2,Darius Slayton,6149,WR,15,2.6,0,bench,7,2024,6.4,SFOControl
2,J.K. Dobbins,6806,RB,15,0,0,bench,6,2024,0,SFOControl
2,A.J. Dillon,6828,RB,15,0,0,bench,6,2024,0,SFOControl
2,Antonio Gibson,6945,RB,15,8.4,0,bench,6,2024,5.4,SFOControl
2,Buffalo Bills,BUF,DST,15,3,0,bench,NA,2024,2,SFOControl
2,Cleveland Browns,CLE,DST,15,0,0,bench,NA,2024,18,SFOControl
2,New York Giants,NYG,DST,15,2,0,bench,NA,2024,3,SFOControl
12,Rashee Rice,10229,WR,15,0,0,bench,3,2024,0,TheJandyStock
12,Carson Steele,11582,RB,15,0,0,bench,2,2024,0,TheJandyStock
12,Jonathon Brooks,11583,RB,15,0,0,bench,2,2024,0,TheJandyStock
12,Roman Wilson,11630,WR,15,0,0,bench,2,2024,0,TheJandyStock
12,Russell Wilson,1234,QB,15,8.420000000000002,0,bench,14,2024,14.4,TheJandyStock
12,Brandon McManus,1433,K,15,12,0,bench,13,2024,32,TheJandyStock
12,Brandin Cooks,2197,WR,15,6.4,0,bench,12,2024,5.4,TheJandyStock
12,Ka'imi Fairbairn,3451,K,15,9,0,bench,10,2024,27,TheJandyStock
12,Josh Jacobs,5850,RB,15,21.6,0,bench,7,2024,16.8,TheJandyStock
12,Pat Freiermuth,7600,TE,15,10.2,0,bench,5,2024,10.1,TheJandyStock
12,Evan McPherson,7839,K,15,0,0,bench,5,2024,0,TheJandyStock
12,Wan'Dale Robinson,8126,WR,15,7.800000000000001,0,bench,4,2024,9.2,TheJandyStock
11,Tre Tucker,10213,WR,15,3.8,0,bench,3,2024,5.6,akondratieff
11,Ameer Abdullah,2359,RB,15,19.6,0,bench,11,2024,8,akondratieff
11,Demarcus Robinson,3286,WR,15,0,0,bench,10,2024,0,akondratieff
11,Drew Lock,5854,QB,15,0,0,bench,7,2024,0,akondratieff
11,Michael Pittman Jr.,6819,WR,15,9.8,0,bench,6,2024,10.9,akondratieff
11,Jaylen Waddle,7526,WR,15,0,0,bench,5,2024,13.1,akondratieff
11,Kyle Pitts,7553,TE,15,6.800000000000001,0,bench,5,2024,6.6,akondratieff
11,Rhamondre Stevenson,7611,RB,15,9.5,0,bench,5,2024,12.7,akondratieff
11,Sincere McCormick,8220,RB,15,4.5,0,bench,4,2024,10.9,akondratieff
11,Tucker Kraft,9484,TE,15,5.4,0,bench,3,2024,12.3,akondratieff
11,Green Bay Packers,GB,DST,15,15,0,bench,NA,2024,17,akondratieff
4,Roschon Johnson,10235,RB,15,0,0,bench,3,2024,0,caskinner
4,Jaleel McLaughlin,11439,RB,15,6.3999999999999995,0,bench,3,2024,5.7,caskinner
4,Audric Estime,11579,RB,15,0,0,bench,2,2024,3.9,caskinner
4,MarShawn Lloyd,11581,RB,15,0,0,bench,2,2024,0,caskinner
4,Trey Benson,11589,RB,15,2.2,0,bench,2,2024,3.4,caskinner
4,Malachi Corley,11617,WR,15,0,0,bench,2,2024,0,caskinner
4,Ricky Pearsall,11638,WR,15,2.6,0,bench,2,2024,5.4,caskinner
4,Devaughn Vele,11834,WR,15,0,0,bench,2,2024,8,caskinner
4,Dalton Schultz,5001,TE,15,3.3,0,bench,8,2024,8.4,caskinner
4,Daniel Jones,5870,QB,15,0,0,bench,7,2024,0,caskinner
4,Patrick Taylor,6963,RB,15,0,0,bench,6,2024,4.3,caskinner
4,Chris Olave,8144,WR,15,0,0,bench,4,2024,0,caskinner
4,Bryce Young,9228,QB,15,13.96,0,bench,3,2024,15.7,caskinner
4,Dontayvion Wicks,9486,WR,15,3.4000000000000004,0,bench,3,2024,7.6,caskinner
4,Tyjae Spears,9508,RB,15,27.200000000000003,0,bench,3,2024,5.1,caskinner
4,Quentin Johnston,9754,WR,15,15.5,0,bench,3,2024,9.8,caskinner
1,Jayden Reed,10222,WR,15,11.1,0,bench,3,2024,10.2,joeburrowmvp
1,Spencer Rattler,11562,QB,15,9.4,0,bench,2,2024,0,joeburrowmvp
1,Javon Baker,11645,WR,15,0,0,bench,2,2024,0,joeburrowmvp
1,Keenan Allen,1479,WR,15,20.200000000000003,0,bench,13,2024,11.3,joeburrowmvp
1,Kareem Hunt,4098,RB,15,5.9,0,bench,9,2024,4,joeburrowmvp
1,Mark Andrews,5012,TE,15,10.4,0,bench,8,2024,9.2,joeburrowmvp
1,Tyler Conklin,5133,TE,15,0,0,bench,8,2024,4.9,joeburrowmvp
1,Gus Edwards,5248,RB,15,2.3000000000000003,0,bench,7,2024,6.8,joeburrowmvp
1,Zack Moss,6845,RB,15,0,0,bench,5,2024,0,joeburrowmvp
1,DeVonta Smith,7525,WR,15,28,0,bench,5,2024,13.1,joeburrowmvp
1,Romeo Doubs,8121,WR,15,19,0,bench,4,2024,7.5,joeburrowmvp
1,Rashid Shaheed,8676,WR,15,0,0,bench,4,2024,0,joeburrowmvp
1,Aaron Rodgers,96,QB,15,30.06,0,bench,21,2024,14.8,joeburrowmvp
1,Zay Flowers,9997,WR,15,11.3,0,bench,3,2024,15.2,joeburrowmvp
6,Andrei Iosivas,10226,WR,15,1.5,0,bench,3,2024,4.6,jzeigboi
6,Aidan O'Connell,10866,QB,15,0,0,bench,3,2024,13.3,jzeigboi
6,Michael Penix Jr.,11559,QB,15,0,0,bench,2,2024,0,jzeigboi
6,Rome Odunze,11620,WR,15,5.9,0,bench,2,2024,8.6,jzeigboi
6,Xavier Worthy,11624,WR,15,19.6,0,bench,2,2024,12.4,jzeigboi
6,Jaylen Wright,11643,RB,15,0.30000000000000004,0,bench,2,2024,4.5,jzeigboi
6,Dallas Goedert,5022,TE,15,0,0,bench,8,2024,0,jzeigboi
6,Devin Singletary,6130,RB,15,13.1,0,bench,7,2024,3.6,jzeigboi
6,D'Andre Swift,6790,RB,15,9.9,0,bench,6,2024,11.8,jzeigboi
6,Darnell Mooney,7090,WR,15,0,0,bench,6,2024,13.4,jzeigboi
3,Chris Rodriguez Jr.,10219,RB,15,0.2,0,bench,3,2024,4.2,lukestip
3,Ray Davis,11575,RB,15,10.9,0,bench,2,2024,1.9,lukestip
3,Adonai Mitchell,11625,WR,15,-3,0,bench,2,2024,0,lukestip
3,Dak Prescott,3294,QB,15,0,0,bench,10,2024,0,lukestip
3,Allen Lazard,5185,WR,15,0,0,bench,7,2024,7.7,lukestip
3,Justice Hill,5995,RB,15,17.8,0,bench,7,2024,2.2,lukestip
3,Austin Seibert,6219,K,15,0,0,bench,6,2024,0,lukestip
3,Cole Kmet,6826,TE,15,2.4000000000000004,0,bench,6,2024,6.6,lukestip
3,Cam Akers,6938,RB,15,8.4,0,bench,6,2024,4.1,lukestip
3,Gabe Davis,6943,WR,15,0,0,bench,6,2024,0,lukestip
3,Nick Westbrook-Ikhine,7496,WR,15,2.9,0,bench,6,2024,10.9,lukestip
3,Kenneth Walker III,8151,RB,15,0,0,bench,4,2024,0,lukestip
3,Will Levis,9999,QB,15,-1.44,0,bench,3,2024,14.5,lukestip
5,J.J. McCarthy,11565,QB,15,0,0,bench,2,2024,0,ngernenz
5,Stefon Diggs,2449,WR,15,0,0,bench,11,2024,0,ngernenz
5,David Njoku,4033,TE,15,0,0,bench,9,2024,0,ngernenz
5,Harrison Butker,4227,K,15,2,0,bench,9,2024,28,ngernenz
5,Ray-Ray McCloud,5096,WR,15,2.4000000000000004,0,bench,8,2024,7.6,ngernenz
5,Diontae Johnson,5937,WR,15,0,0,bench,6,2024,0,ngernenz
5,Trevor Lawrence,7523,QB,15,0,0,bench,5,2024,0,ngernenz
5,Mac Jones,7527,QB,15,20.659999999999997,0,bench,5,2024,12,ngernenz
5,Travis Etienne,7543,RB,15,12.5,0,bench,5,2024,8.4,ngernenz
5,Joshua Palmer,7670,WR,15,3,0,bench,5,2024,10.4,ngernenz
5,Noah Gray,7828,TE,15,10.1,0,bench,5,2024,9,ngernenz
5,Josh Downs,9500,WR,15,6.2,0,bench,3,2024,10.6,ngernenz
8,Michael Wilson,10232,WR,15,2.9,0,bench,3,2024,7.9,obiwanginobiIi
8,Cedric Tillman,10444,WR,15,0,0,bench,3,2024,0,obiwanginobiIi
8,Blake Corum,11586,RB,15,4,0,bench,2,2024,1.4,obiwanginobiIi
8,Luke McCaffrey,11650,WR,15,1,0,bench,2,2024,0,obiwanginobiIi
8,Tyler Lockett,2374,WR,15,3.2,0,bench,11,2024,7.2,obiwanginobiIi
8,Evan Engram,4066,TE,15,0,0,bench,9,2024,0,obiwanginobiIi
8,Taysom Hill,4381,TE,15,0,0,bench,9,2024,0,obiwanginobiIi
8,Kendrick Bourne,4454,WR,15,7.4,0,bench,9,2024,8,obiwanginobiIi
8,Christian Kirk,4950,WR,15,0,0,bench,8,2024,0,obiwanginobiIi
8,Alexander Mattison,5987,RB,15,2.4000000000000004,0,bench,7,2024,0,obiwanginobiIi
8,Tyler Allgeier,8132,RB,15,4.3,0,bench,4,2024,2.9,obiwanginobiIi
8,Rachaad White,8136,RB,15,14.1,0,bench,4,2024,13.3,obiwanginobiIi
8,Jerome Ford,8143,RB,15,18.4,0,bench,4,2024,8.5,obiwanginobiIi
8,Anthony Richardson,9229,QB,15,16.38,0,bench,3,2024,17.4,obiwanginobiIi
9,Caleb Williams,11560,QB,16,22.76,10.67444117647059,starter,NA,2024,16,Arvs
9,Najee Harris,7528,RB,16,4.2,-4.326323529411764,starter,NA,2024,14.7,Arvs
9,Craig Reynolds,6659,RB,16,3.3,-5.226323529411764,starter,NA,2024,0,Arvs
9,Khalil Shakir,8134,WR,16,4.2,-4.114950980392156,starter,NA,2024,14.1,Arvs
9,Jaxon Smith-Njigba,9488,WR,16,24,15.685049019607844,starter,NA,2024,15.8,Arvs
9,Brenton Strange,9480,TE,16,2.2,-5.368774509803921,starter,NA,2024,9.7,Arvs
9,Malik Nabers,11632,WR,16,13.8,5.485049019607844,starter,NA,2024,14.4,Arvs
9,Aidan O'Connell,10866,QB,16,11.48,-0.6055588235294103,starter,NA,2024,13.3,Arvs
9,Will Reichard,11792,K,16,12,5.222549019607844,starter,NA,2024,19,Arvs
9,Indianapolis Colts,IND,DST,16,6,-0.21519607843137137,starter,NA,2024,27,Arvs
7,Jared Goff,3163,QB,16,25.34,13.25444117647059,starter,NA,2024,16.2,ElatedBroncosFan
7,Bijan Robinson,9509,RB,16,24.3,15.985049019607844,starter,NA,2024,19.3,ElatedBroncosFan
7,James Conner,4137,RB,16,26.6,18.285049019607847,starter,NA,2024,18.8,ElatedBroncosFan
7,Puka Nacua,9493,WR,16,13.6,5.3200980392156865,starter,NA,2024,18.3,ElatedBroncosFan
7,Nico Collins,7569,WR,16,13,4.720098039215687,starter,NA,2024,15.5,ElatedBroncosFan
7,Travis Kelce,1466,TE,16,8,0.4312254901960788,starter,NA,2024,13,ElatedBroncosFan
7,Rico Dowdle,7021,RB,16,8.1,-0.21495098039215677,starter,NA,2024,14.7,ElatedBroncosFan
7,Drake Maye,11564,QB,16,18.44,6.354441176470591,starter,NA,2024,16,ElatedBroncosFan
7,Wil Lutz,3678,K,16,12,5.222549019607844,starter,NA,2024,31,ElatedBroncosFan
7,Jacksonville Jaguars,JAX,DST,16,3,-3.2151960784313713,starter,NA,2024,21,ElatedBroncosFan
10,Jayden Daniels,11566,QB,16,36.42,24.33444117647059,starter,NA,2024,19.8,Gretsch0401
10,Brian Robinson Jr.,8154,RB,16,2.1,-6.426323529411764,starter,NA,2024,13.2,Gretsch0401
10,Chase Brown,9224,RB,16,13.9,5.3736764705882365,starter,NA,2024,19.7,Gretsch0401
10,Jakobi Meyers,5947,WR,16,6.1,-2.2149509803921568,starter,NA,2024,14.6,Gretsch0401
10,Tyreek Hill,3321,WR,16,11.9,3.585049019607844,starter,NA,2024,17.4,Gretsch0401
10,George Kittle,4217,TE,16,18.6,11.03122549019608,starter,NA,2024,15.3,Gretsch0401
10,Davante Adams,2133,WR,16,19.8,11.485049019607844,starter,NA,2024,16.8,Gretsch0401
10,C.J. Stroud,9758,QB,16,18.06,5.974441176470588,starter,NA,2024,15.5,Gretsch0401
10,Brandon Aubrey,11533,K,16,21,14.222549019607843,starter,NA,2024,28,Gretsch0401
10,Kansas City Chiefs,KC,DST,16,8,1.7848039215686289,starter,NA,2024,23,Gretsch0401
2,Brock Purdy,8183,QB,16,22.12,10.03444117647059,starter,NA,2024,16.5,SFOControl
2,De'Von Achane,9226,RB,16,31,22.47367647058824,starter,NA,2024,17.2,SFOControl
2,Kenny Gainwell,7567,RB,16,2.3,-6.226323529411764,starter,NA,2024,0,SFOControl
2,CeeDee Lamb,6786,WR,16,17.5,9.185049019607844,starter,NA,2024,18,SFOControl
2,Mike Evans,2216,WR,16,11.9,3.585049019607844,starter,NA,2024,18,SFOControl
2,Isaiah Likely,8131,TE,16,11.9,4.331225490196079,starter,NA,2024,6.6,SFOControl
2,Drake London,8112,WR,16,10.9,2.585049019607844,starter,NA,2024,15.1,SFOControl
2,Patrick Mahomes,4046,QB,16,23.7,11.614441176470589,starter,NA,2024,17.4,SFOControl
2,Tyler Bass,7042,K,16,8,1.222549019607844,starter,NA,2024,24,SFOControl
2,Detroit Lions,DET,DST,16,8,1.7848039215686289,starter,NA,2024,26,SFOControl
12,Jordan Love,6804,QB,16,11.48,-0.6055588235294103,starter,NA,2024,16.2,TheJandyStock
12,Saquon Barkley,4866,RB,16,27,18.685049019607845,starter,NA,2024,18,TheJandyStock
12,Josh Jacobs,5850,RB,16,20.7,12.385049019607845,starter,NA,2024,18.7,TheJandyStock
12,Calvin Ridley,4981,WR,16,16.8,8.520098039215688,starter,NA,2024,13.3,TheJandyStock
12,Tim Patrick,4351,WR,16,0,-8.279901960784313,starter,NA,2024,7.1,TheJandyStock
12,Sam LaPorta,10859,TE,16,14.3,6.7312254901960795,starter,NA,2024,11.6,TheJandyStock
12,Derrick Henry,3198,RB,16,20.9,12.585049019607842,starter,NA,2024,16.4,TheJandyStock
12,Baker Mayfield,4892,QB,16,23.32,11.23444117647059,starter,NA,2024,17.8,TheJandyStock
12,Chris Boswell,1945,K,16,7,0.22254901960784412,starter,NA,2024,26,TheJandyStock
12,Pittsburgh Steelers,PIT,DST,16,4,-2.2151960784313713,starter,NA,2024,6,TheJandyStock
11,Lamar Jackson,4881,QB,16,21.48,13.516970588235296,starter,NA,2024,22.4,akondratieff
11,Breece Hall,8155,RB,16,14,5.473676470588236,starter,NA,2024,13.8,akondratieff
11,Rhamondre Stevenson,7611,RB,16,12.3,3.773676470588237,starter,NA,2024,12.1,akondratieff
11,Jameson Williams,8148,WR,16,26,13.91444117647059,starter,NA,2024,13.1,akondratieff
11,DK Metcalf,5846,WR,16,14.7,2.6144411764705886,starter,NA,2024,11.2,akondratieff
11,Tucker Kraft,9484,TE,16,9.5,1.9312254901960788,starter,NA,2024,10.3,akondratieff
11,Brian Thomas Jr.,11631,WR,16,28.2,16.11444117647059,starter,NA,2024,16,akondratieff
11,Jauan Jennings,7049,WR,16,9.1,-2.985558823529411,starter,NA,2024,14.8,akondratieff
11,Chase McLaughlin,6650,K,16,7,0.22254901960784412,starter,NA,2024,27,akondratieff
11,Tampa Bay Buccaneers,TB,DST,16,1,-5.215196078431371,starter,NA,2024,7,akondratieff
4,Joe Burrow,6770,QB,16,21.98,9.89444117647059,starter,NA,2024,21.2,caskinner
4,Jonathan Taylor,6813,RB,16,39.8,31.273676470588235,starter,NA,2024,13.1,caskinner
4,James Cook,8138,RB,16,27.6,19.07367647058824,starter,NA,2024,16.3,caskinner
4,Amon-Ra St. Brown,7547,WR,16,19,10.685049019607844,starter,NA,2024,20.9,caskinner
4,Cooper Kupp,4039,WR,16,5.4,-2.914950980392156,starter,NA,2024,15.4,caskinner
4,Trey McBride,8130,TE,16,5,-2.568774509803921,starter,NA,2024,16.1,caskinner
4,Terry McLaurin,5927,WR,16,17,8.685049019607844,starter,NA,2024,14.4,caskinner
4,Matthew Stafford,421,QB,16,7,-5.085558823529411,starter,NA,2024,16.3,caskinner
4,Justin Tucker,1264,K,16,12,5.222549019607844,starter,NA,2024,30,caskinner
4,Minnesota Vikings,MIN,DST,16,6,-0.21519607843137137,starter,NA,2024,29,caskinner
1,Aaron Rodgers,96,QB,16,12.84,0.7544411764705892,starter,NA,2024,15.7,joeburrowmvp
1,Gus Edwards,5248,RB,16,20.1,11.573676470588238,starter,NA,2024,6.4,joeburrowmvp
1,Kareem Hunt,4098,RB,16,15.9,7.3736764705882365,starter,NA,2024,5,joeburrowmvp
1,Keenan Allen,1479,WR,16,29.1,20.785049019607847,starter,NA,2024,12.6,joeburrowmvp
1,Ja'Marr Chase,7564,WR,16,22.4,14.085049019607842,starter,NA,2024,20.8,joeburrowmvp
1,Hunter Henry,3214,TE,16,13.9,6.331225490196079,starter,NA,2024,10.9,joeburrowmvp
1,Zay Flowers,9997,WR,16,15.3,6.985049019607844,starter,NA,2024,15.1,joeburrowmvp
1,Kyler Murray,5849,QB,16,21.38,9.294441176470588,starter,NA,2024,18.1,joeburrowmvp
1,Jason Myers,2747,K,16,6,-0.7774509803921559,starter,NA,2024,12,joeburrowmvp
1,Atlanta Falcons,ATL,DST,16,26,19.784803921568628,starter,NA,2024,28,joeburrowmvp
6,Josh Allen,4984,QB,16,12.16,0.07444117647058945,starter,NA,2024,26.2,jzeigboi
6,Tony Pollard,5967,RB,16,8,-0.5263235294117639,starter,NA,2024,13.4,jzeigboi
6,Jahmyr Gibbs,9221,RB,16,25.4,16.873676470588236,starter,NA,2024,20.5,jzeigboi
6,Tee Higgins,6801,WR,16,19.8,11.485049019607844,starter,NA,2024,17.1,jzeigboi
6,A.J. Brown,5859,WR,16,23.7,15.385049019607845,starter,NA,2024,16.5,jzeigboi
6,Juwan Johnson,7002,TE,16,4.7,-2.868774509803921,starter,NA,2024,8.3,jzeigboi
6,Darnell Mooney,7090,WR,16,13.2,4.885049019607843,starter,NA,2024,11.5,jzeigboi
6,Michael Penix Jr.,11559,QB,16,7.38,-4.705558823529411,starter,NA,2024,15.5,jzeigboi
6,Cameron Dicker,8259,K,16,10,3.222549019607844,starter,NA,2024,18,jzeigboi
6,Baltimore Ravens,BAL,DST,16,16,9.784803921568628,starter,NA,2024,24,jzeigboi
3,Tua Tagovailoa,6768,QB,16,12.5,0.4144411764705893,starter,NA,2024,15.6,lukestip
3,Joe Mixon,4018,RB,16,8.1,-0.21495098039215677,starter,NA,2024,17.7,lukestip
3,Javonte Williams,7588,RB,16,12.3,3.985049019607844,starter,NA,2024,8.1,lukestip
3,D.J. Moore,4983,WR,16,14,5.720098039215687,starter,NA,2024,13.2,lukestip
3,Justin Jefferson,6794,WR,16,36.4,28.120098039215684,starter,NA,2024,18.1,lukestip
3,Brock Bowers,11604,TE,16,20.9,13.331225490196076,starter,NA,2024,14.5,lukestip
3,Kenneth Walker III,8151,RB,16,13.9,5.585049019607844,starter,NA,2024,15,lukestip
3,Sam Darnold,4943,QB,16,22.94,10.85444117647059,starter,NA,2024,17.5,lukestip
3,Jake Elliott,4195,K,16,18,11.222549019607843,starter,NA,2024,17,lukestip
3,San Francisco 49ers,SF,DST,16,-1,-7.215196078431371,starter,NA,2024,11,lukestip
5,Geno Smith,1373,QB,16,23.36,11.274441176470589,starter,NA,2024,14.5,ngernenz
5,Kyren Williams,8150,RB,16,19.9,11.373676470588236,starter,NA,2024,15.1,ngernenz
5,Bucky Irving,11584,RB,16,18.2,9.673676470588235,starter,NA,2024,12.1,ngernenz
5,Courtland Sutton,5045,WR,16,10,1.7200980392156868,starter,NA,2024,14.5,ngernenz
5,Ladd McConkey,11635,WR,16,14.7,6.420098039215686,starter,NA,2024,14.2,ngernenz
5,Jonnu Smith,4144,TE,16,12.2,3.885049019607843,starter,NA,2024,15,ngernenz
5,David Njoku,4033,TE,16,14.6,6.285049019607843,starter,NA,2024,8.1,ngernenz
5,Cooper Rush,4574,QB,16,15.28,3.1944411764705887,starter,NA,2024,13.9,ngernenz
5,Jason Sanders,5119,K,16,21,14.222549019607843,starter,NA,2024,7,ngernenz
5,Cincinnati Bengals,CIN,DST,16,20,13.784803921568628,starter,NA,2024,31,ngernenz
8,Jalen Hurts,6904,QB,16,4.54,-7.545558823529411,starter,NA,2024,24.1,obiwanginobiIi
8,Chuba Hubbard,7594,RB,16,32.5,24.185049019607845,starter,NA,2024,14.2,obiwanginobiIi
8,Jerome Ford,8143,RB,16,24.1,15.785049019607843,starter,NA,2024,13.8,obiwanginobiIi
8,Amari Cooper,2309,WR,16,2,-6.279901960784313,starter,NA,2024,13.7,obiwanginobiIi
8,Jordan Addison,9756,WR,16,14.5,6.220098039215687,starter,NA,2024,13.9,obiwanginobiIi
8,T.J. Hockenson,5844,TE,16,4.7,-2.868774509803921,starter,NA,2024,9.7,obiwanginobiIi
8,Rachaad White,8136,RB,16,11,2.6850490196078436,starter,NA,2024,12.7,obiwanginobiIi
8,Bo Nix,11563,QB,16,21.02,8.934441176470589,starter,NA,2024,16.4,obiwanginobiIi
8,Jake Bates,11539,K,16,9,2.222549019607844,starter,NA,2024,23,obiwanginobiIi
8,Denver Broncos,DEN,DST,16,4,-2.2151960784313713,starter,NA,2024,16,obiwanginobiIi
9,Dalton Kincaid,10236,TE,16,5.5,0,bench,3,2024,9.5,Arvs
9,Braelon Allen,11576,RB,16,2,0,bench,2,2024,4.6,Arvs
9,Theo Johnson,11597,TE,16,0,0,bench,2,2024,0,Arvs
9,Zach Ertz,1339,TE,16,2.2,0,bench,13,2024,7.8,Arvs
9,Derek Carr,2028,QB,16,0,0,bench,11,2024,0,Arvs
9,Jameis Winston,2306,QB,16,0,0,bench,11,2024,0,Arvs
9,Chris Godwin,4037,WR,16,0,0,bench,9,2024,0,Arvs
9,Brandon Aiyuk,6803,WR,16,0,0,bench,6,2024,0,Arvs
9,Jake Ferguson,8110,TE,16,10,0,bench,4,2024,7.7,Arvs
9,Jaylen Warren,8228,RB,16,13.2,0,bench,4,2024,9.8,Arvs
9,Tank Bigsby,9225,RB,16,10.1,0,bench,3,2024,5.8,Arvs
9,DeMario Douglas,9501,WR,16,7.9,0,bench,3,2024,8.6,Arvs
7,Ben Sinnott,11596,TE,16,0,0,bench,2,2024,0,ElatedBroncosFan
7,Jalen McMillan,11618,WR,16,16.7,0,bench,2,2024,11.3,ElatedBroncosFan
7,Troy Franklin,11627,WR,16,4.5,0,bench,2,2024,4.5,ElatedBroncosFan
7,Keon Coleman,11637,WR,16,2.7,0,bench,2,2024,7.9,ElatedBroncosFan
7,Jalen Coker,11646,WR,16,2.8,0,bench,2,2024,10.3,ElatedBroncosFan
7,Kimani Vidal,11647,RB,16,1.4000000000000004,0,bench,2,2024,6.9,ElatedBroncosFan
7,Isaac Guerendo,11651,RB,16,0,0,bench,2,2024,0,ElatedBroncosFan
7,Christian McCaffrey,4034,RB,16,0,0,bench,9,2024,0,ElatedBroncosFan
7,Hollywood Brown,5848,WR,16,9.5,0,bench,7,2024,3.3,ElatedBroncosFan
7,Elijah Moore,7596,WR,16,4.1,0,bench,5,2024,9.6,ElatedBroncosFan
7,Garrett Wilson,8146,WR,16,11.4,0,bench,4,2024,15.5,ElatedBroncosFan
7,Kayshon Boutte,9504,WR,16,20.5,0,bench,3,2024,6.9,ElatedBroncosFan
7,Kendre Miller,9757,RB,16,5.1,0,bench,3,2024,12.4,ElatedBroncosFan
10,Ja'Tavion Sanders,11600,TE,16,0,0,bench,2,2024,4.9,Gretsch0401
10,DeAndre Hopkins,1426,WR,16,7.7,0,bench,13,2024,11.1,Gretsch0401
10,Odell Beckham Jr.,2078,WR,16,0,0,bench,12,2024,0,Gretsch0401
10,Alvin Kamara,4035,RB,16,0,0,bench,9,2024,0,Gretsch0401
10,Mason Rudolph,4972,QB,16,17.38,0,bench,8,2024,14.7,Gretsch0401
10,Rashod Bateman,7571,WR,16,8.4,0,bench,5,2024,10.2,Gretsch0401
10,Justin Fields,7591,QB,16,0,0,bench,5,2024,0,Gretsch0401
10,Christian Watson,8167,WR,16,2.3000000000000003,0,bench,4,2024,11.9,Gretsch0401
10,Isiah Pacheco,8205,RB,16,3.5,0,bench,4,2024,11.2,Gretsch0401
10,Philadelphia Eagles,PHI,DST,16,10,0,bench,NA,2024,25,Gretsch0401
2,Brandon Allen,3357,QB,16,0,0,bench,10,2024,0,SFOControl
2,Austin Ekeler,4663,RB,16,0,0,bench,9,2024,0,SFOControl
2,Younghoe Koo,4666,K,16,0,0,bench,9,2024,0,SFOControl
2,Will Dissly,5010,TE,16,0,0,bench,8,2024,0,SFOControl
2,Deebo Samuel Sr.,5872,WR,16,25.1,0,bench,7,2024,9.2,SFOControl
2,Darius Slayton,6149,WR,16,3.7,0,bench,7,2024,6.2,SFOControl
2,J.K. Dobbins,6806,RB,16,0,0,bench,6,2024,0,SFOControl
2,A.J. Dillon,6828,RB,16,0,0,bench,6,2024,0,SFOControl
2,Antonio Gibson,6945,RB,16,4.6000000000000005,0,bench,6,2024,5.4,SFOControl
2,Buffalo Bills,BUF,DST,16,9,0,bench,NA,2024,30,SFOControl
2,New York Giants,NYG,DST,16,2,0,bench,NA,2024,14,SFOControl
12,Rashee Rice,10229,WR,16,0,0,bench,3,2024,0,TheJandyStock
12,Carson Steele,11582,RB,16,0,0,bench,2,2024,0,TheJandyStock
12,Jonathon Brooks,11583,RB,16,0,0,bench,2,2024,0,TheJandyStock
12,Roman Wilson,11630,WR,16,0,0,bench,2,2024,0,TheJandyStock
12,Russell Wilson,1234,QB,16,16.38,0,bench,14,2024,13.8,TheJandyStock
12,Brandon McManus,1433,K,16,13,0,bench,13,2024,32,TheJandyStock
12,Brandin Cooks,2197,WR,16,7.800000000000001,0,bench,12,2024,5.1,TheJandyStock
12,Ka'imi Fairbairn,3451,K,16,6,0,bench,10,2024,22,TheJandyStock
12,Aaron Jones,4199,RB,16,12.3,0,bench,9,2024,14.4,TheJandyStock
12,Pat Freiermuth,7600,TE,16,4.6,0,bench,5,2024,9.8,TheJandyStock
12,Wan'Dale Robinson,8126,WR,16,13.2,0,bench,4,2024,9.4,TheJandyStock
12,George Pickens,8137,WR,16,0,0,bench,4,2024,0,TheJandyStock
11,Tre Tucker,10213,WR,16,5.300000000000001,0,bench,3,2024,5.4,akondratieff
11,Ameer Abdullah,2359,RB,16,19.5,0,bench,11,2024,8.6,akondratieff
11,Demarcus Robinson,3286,WR,16,0,0,bench,10,2024,8.8,akondratieff
11,Drew Lock,5854,QB,16,8.5,0,bench,7,2024,13.5,akondratieff
11,Michael Pittman Jr.,6819,WR,16,3.9,0,bench,6,2024,11,akondratieff
11,Jaylen Waddle,7526,WR,16,0,0,bench,5,2024,0,akondratieff
11,Kyle Pitts,7553,TE,16,1.7000000000000002,0,bench,5,2024,7.3,akondratieff
11,Cade Otton,8111,TE,16,0,0,bench,4,2024,0,akondratieff
11,Sincere McCormick,8220,RB,16,0,0,bench,4,2024,0,akondratieff
11,Green Bay Packers,GB,DST,16,19,0,bench,NA,2024,32,akondratieff
4,Roschon Johnson,10235,RB,16,0.30000000000000004,0,bench,3,2024,3.5,caskinner
4,Audric Estime,11579,RB,16,0,0,bench,2,2024,4.3,caskinner
4,MarShawn Lloyd,11581,RB,16,0,0,bench,2,2024,0,caskinner
4,Trey Benson,11589,RB,16,0,0,bench,2,2024,0,caskinner
4,Malachi Corley,11617,WR,16,0,0,bench,2,2024,0,caskinner
4,Ricky Pearsall,11638,WR,16,7.7,0,bench,2,2024,5.6,caskinner
4,Devaughn Vele,11834,WR,16,10.1,0,bench,2,2024,7.7,caskinner
4,Dalton Schultz,5001,TE,16,15.5,0,bench,8,2024,8.3,caskinner
4,Daniel Jones,5870,QB,16,0,0,bench,7,2024,0,caskinner
4,Patrick Taylor,6963,RB,16,3.5000000000000004,0,bench,6,2024,12.2,caskinner
4,Chris Olave,8144,WR,16,0,0,bench,4,2024,0,caskinner
4,Bryce Young,9228,QB,16,27.12,0,bench,3,2024,15.2,caskinner
4,Dontayvion Wicks,9486,WR,16,10.3,0,bench,3,2024,6.2,caskinner
4,Tyjae Spears,9508,RB,16,21.6,0,bench,3,2024,9.2,caskinner
4,Quentin Johnston,9754,WR,16,4.8,0,bench,3,2024,11.3,caskinner
1,Jayden Reed,10222,WR,16,11.1,0,bench,3,2024,10.9,joeburrowmvp
1,Spencer Rattler,11562,QB,16,5.92,0,bench,2,2024,13.5,joeburrowmvp
1,Javon Baker,11645,WR,16,0,0,bench,2,2024,0,joeburrowmvp
1,Adam Thielen,1689,WR,16,15.3,0,bench,13,2024,13.3,joeburrowmvp
1,Raheem Mostert,2749,RB,16,6.6,0,bench,11,2024,5.4,joeburrowmvp
1,Nick Chubb,4988,RB,16,0,0,bench,8,2024,0,joeburrowmvp
1,Mark Andrews,5012,TE,16,13.8,0,bench,8,2024,8.7,joeburrowmvp
1,Tyler Conklin,5133,TE,16,10.9,0,bench,8,2024,2,joeburrowmvp
1,David Montgomery,5892,RB,16,0,0,bench,7,2024,0,joeburrowmvp
1,Jerry Jeudy,6783,WR,16,4,0,bench,6,2024,13,joeburrowmvp
1,Justin Herbert,6797,QB,16,23.16,0,bench,6,2024,16.2,joeburrowmvp
1,DeVonta Smith,7525,WR,16,11.1,0,bench,5,2024,13.6,joeburrowmvp
1,Romeo Doubs,8121,WR,16,4,0,bench,4,2024,8.2,joeburrowmvp
6,Andrei Iosivas,10226,WR,16,14.3,0,bench,3,2024,4.8,jzeigboi
6,Rome Odunze,11620,WR,16,9.7,0,bench,2,2024,8.2,jzeigboi
6,Xavier Worthy,11624,WR,16,20.5,0,bench,2,2024,12.4,jzeigboi
6,Jaylen Wright,11643,RB,16,0,0,bench,2,2024,2.3,jzeigboi
6,Kirk Cousins,1166,QB,16,0,0,bench,14,2024,0,jzeigboi
6,Sione Vaki,11729,RB,16,4,0,bench,2,2024,0,jzeigboi
6,Dallas Goedert,5022,TE,16,0,0,bench,8,2024,0,jzeigboi
6,Devin Singletary,6130,RB,16,1.2000000000000002,0,bench,7,2024,4.1,jzeigboi
6,D'Andre Swift,6790,RB,16,8.3,0,bench,6,2024,12.6,jzeigboi
6,Clyde Edwards-Helaire,6820,RB,16,0,0,bench,6,2024,0,jzeigboi
6,Rashid Shaheed,8676,WR,16,0,0,bench,4,2024,0,jzeigboi
6,Tank Dell,9502,WR,16,21.8,0,bench,3,2024,8.6,jzeigboi
3,Chris Rodriguez Jr.,10219,RB,16,0.5,0,bench,3,2024,3.6,lukestip
3,Ray Davis,11575,RB,16,3.9,0,bench,2,2024,2.1,lukestip
3,Adonai Mitchell,11625,WR,16,4.6,0,bench,2,2024,5.2,lukestip
3,Tyrone Tracy Jr.,11655,RB,16,16.9,0,bench,2,2024,13.1,lukestip
3,Dak Prescott,3294,QB,16,0,0,bench,10,2024,0,lukestip
3,Allen Lazard,5185,WR,16,4,0,bench,7,2024,7.9,lukestip
3,Justice Hill,5995,RB,16,3,0,bench,7,2024,2,lukestip
3,Austin Seibert,6219,K,16,0,0,bench,6,2024,0,lukestip
3,Cole Kmet,6826,TE,16,8.9,0,bench,6,2024,5.1,lukestip
3,Cam Akers,6938,RB,16,0.30000000000000004,0,bench,6,2024,4.9,lukestip
3,Gabe Davis,6943,WR,16,0,0,bench,6,2024,0,lukestip
3,Nick Westbrook-Ikhine,7496,WR,16,9.7,0,bench,6,2024,9.8,lukestip
3,Will Levis,9999,QB,16,0,0,bench,3,2024,0,lukestip
5,J.J. McCarthy,11565,QB,16,0,0,bench,2,2024,0,ngernenz
5,Marvin Harrison Jr.,11628,WR,16,7.9,0,bench,2,2024,12.3,ngernenz
5,Stefon Diggs,2449,WR,16,0,0,bench,11,2024,0,ngernenz
5,Harrison Butker,4227,K,16,10,0,bench,9,2024,20,ngernenz
5,Ray-Ray McCloud,5096,WR,16,5.7,0,bench,8,2024,7.4,ngernenz
5,Diontae Johnson,5937,WR,16,0,0,bench,6,2024,0,ngernenz
5,Trevor Lawrence,7523,QB,16,0,0,bench,5,2024,0,ngernenz
5,Mac Jones,7527,QB,16,13.88,0,bench,5,2024,13.2,ngernenz
5,Travis Etienne,7543,RB,16,5.7,0,bench,5,2024,11.9,ngernenz
5,Joshua Palmer,7670,WR,16,7.1000000000000005,0,bench,5,2024,8.4,ngernenz
5,Noah Gray,7828,TE,16,2,0,bench,5,2024,7.8,ngernenz
5,Josh Downs,9500,WR,16,15.1,0,bench,3,2024,10.4,ngernenz
8,Michael Wilson,10232,WR,16,6.4,0,bench,3,2024,8,obiwanginobiIi
8,Cedric Tillman,10444,WR,16,0,0,bench,3,2024,0,obiwanginobiIi
8,Blake Corum,11586,RB,16,1.4,0,bench,2,2024,1.3,obiwanginobiIi
8,Malik Washington,11610,WR,16,5.800000000000001,0,bench,2,2024,8.3,obiwanginobiIi
8,Xavier Legette,11626,WR,16,0,0,bench,2,2024,0,obiwanginobiIi
8,Luke McCaffrey,11650,WR,16,2.3,0,bench,2,2024,0,obiwanginobiIi
8,Tyler Lockett,2374,WR,16,3.9,0,bench,11,2024,7.3,obiwanginobiIi
8,Evan Engram,4066,TE,16,0,0,bench,9,2024,0,obiwanginobiIi
8,Taysom Hill,4381,TE,16,0,0,bench,9,2024,0,obiwanginobiIi
8,Christian Kirk,4950,WR,16,0,0,bench,8,2024,0,obiwanginobiIi
8,Alexander Mattison,5987,RB,16,15.6,0,bench,7,2024,10.3,obiwanginobiIi
8,Tyler Allgeier,8132,RB,16,4.1000000000000005,0,bench,4,2024,3.9,obiwanginobiIi
8,Anthony Richardson,9229,QB,16,21.24,0,bench,3,2024,17.9,obiwanginobiIi
8,Zach Charbonnet,9753,RB,16,3.3,0,bench,3,2024,6.1,obiwanginobiIi
9,Caleb Williams,11560,QB,17,7.58,-4.390058823529412,starter,NA,2024,16.3,Arvs
9,Jaylen Warren,8228,RB,17,16.2,7.45200980392157,starter,NA,2024,11.4,Arvs
9,Raheem Blackshear,8255,RB,17,2,-6.74799019607843,starter,NA,2024,7.8,Arvs
9,Khalil Shakir,8134,WR,17,5.5,-5.719950980392156,starter,NA,2024,13.4,Arvs
9,Jaxon Smith-Njigba,9488,WR,17,6.2,-5.019950980392156,starter,NA,2024,15.9,Arvs
9,Jake Ferguson,8110,TE,17,2.8,-4.926274509803922,starter,NA,2024,9.7,Arvs
9,Malik Nabers,11632,WR,17,36.1,24.88004901960785,starter,NA,2024,14,Arvs
9,Joe Flacco,19,QB,17,17.3,5.329941176470589,starter,NA,2024,14.3,Arvs
9,Will Reichard,11792,K,17,9,3.56421568627451,starter,NA,2024,10,Arvs
9,Indianapolis Colts,IND,DST,17,-3,-10.323529411764708,starter,NA,2024,31,Arvs
7,Jared Goff,3163,QB,17,25.82,13.849941176470589,starter,NA,2024,17.4,ElatedBroncosFan
7,Bijan Robinson,9509,RB,17,24.8,16.05200980392157,starter,NA,2024,19.2,ElatedBroncosFan
7,James Conner,4137,RB,17,2.8,-5.94799019607843,starter,NA,2024,15.2,ElatedBroncosFan
7,Puka Nacua,9493,WR,17,22.9,11.680049019607845,starter,NA,2024,17,ElatedBroncosFan
7,Nico Collins,7569,WR,17,8.9,-2.3199509803921554,starter,NA,2024,17,ElatedBroncosFan
7,Travis Kelce,1466,TE,17,22.4,14.673725490196077,starter,NA,2024,11.8,ElatedBroncosFan
7,Garrett Wilson,8146,WR,17,17.6,6.380049019607846,starter,NA,2024,12.9,ElatedBroncosFan
7,Drake Maye,11564,QB,17,9.88,-2.090058823529411,starter,NA,2024,16.2,ElatedBroncosFan
7,Wil Lutz,3678,K,17,6,0.56421568627451,starter,NA,2024,11,ElatedBroncosFan
7,Jacksonville Jaguars,JAX,DST,17,10,2.6764705882352944,starter,NA,2024,15,ElatedBroncosFan
10,Jayden Daniels,11566,QB,17,32.78,20.809941176470588,starter,NA,2024,21.6,Gretsch0401
10,Brian Robinson Jr.,8154,RB,17,8.9,0.1520098039215707,starter,NA,2024,12.9,Gretsch0401
10,Chase Brown,9224,RB,17,13.1,4.35200980392157,starter,NA,2024,18.3,Gretsch0401
10,Jakobi Meyers,5947,WR,17,17.1,5.880049019607846,starter,NA,2024,14.3,Gretsch0401
10,Tyreek Hill,3321,WR,17,19.5,8.280049019607844,starter,NA,2024,11,Gretsch0401
10,George Kittle,4217,TE,17,19.2,11.473725490196076,starter,NA,2024,14.2,Gretsch0401
10,Davante Adams,2133,WR,17,9.7,-1.5199509803921565,starter,NA,2024,16.5,Gretsch0401
10,C.J. Stroud,9758,QB,17,7.1,-4.870058823529412,starter,NA,2024,15.3,Gretsch0401
10,Brandon Aubrey,11533,K,17,0,-5.43578431372549,starter,NA,2024,21,Gretsch0401
10,Philadelphia Eagles,PHI,DST,17,21,13.676470588235292,starter,NA,2024,28,Gretsch0401
2,Brock Purdy,8183,QB,17,32.28,20.309941176470588,starter,NA,2024,18.2,SFOControl
2,De'Von Achane,9226,RB,17,5.8,-2.94799019607843,starter,NA,2024,17.1,SFOControl
2,J.K. Dobbins,6806,RB,17,15.3,6.552009803921571,starter,NA,2024,12.3,SFOControl
2,Deebo Samuel Sr.,5872,WR,17,9.1,-2.119950980392156,starter,NA,2024,14.6,SFOControl
2,Mike Evans,2216,WR,17,29.7,18.480049019607844,starter,NA,2024,17.6,SFOControl
2,Isaiah Likely,8131,TE,17,7.9,0.17372549019607852,starter,NA,2024,7.7,SFOControl
2,Drake London,8112,WR,17,17.6,6.380049019607846,starter,NA,2024,14.9,SFOControl
2,Patrick Mahomes,4046,QB,17,26,14.029941176470588,starter,NA,2024,17.9,SFOControl
2,Tyler Bass,7042,K,17,8,2.56421568627451,starter,NA,2024,28,SFOControl
2,Buffalo Bills,BUF,DST,17,14,6.676470588235294,starter,NA,2024,30,SFOControl
12,Jordan Love,6804,QB,17,14,2.0299411764705884,starter,NA,2024,16.8,TheJandyStock
12,Saquon Barkley,4866,RB,17,18.9,7.680049019607843,starter,NA,2024,17.9,TheJandyStock
12,Josh Jacobs,5850,RB,17,10.9,-0.3199509803921554,starter,NA,2024,20.1,TheJandyStock
12,Calvin Ridley,4981,WR,17,14.1,3.0550980392156877,starter,NA,2024,13.9,TheJandyStock
12,Tim Patrick,4351,WR,17,2,-9.044901960784312,starter,NA,2024,6.6,TheJandyStock
12,Sam LaPorta,10859,TE,17,18.4,10.673725490196077,starter,NA,2024,11.7,TheJandyStock
12,Derrick Henry,3198,RB,17,24.5,13.280049019607844,starter,NA,2024,16.4,TheJandyStock
12,Baker Mayfield,4892,QB,17,34.56,22.58994117647059,starter,NA,2024,17.8,TheJandyStock
12,Chris Boswell,1945,K,17,4,-1.43578431372549,starter,NA,2024,32,TheJandyStock
12,Pittsburgh Steelers,PIT,DST,17,0,-7.323529411764706,starter,NA,2024,24,TheJandyStock
11,Lamar Jackson,4881,QB,17,29.42,20.464137254901964,starter,NA,2024,23.4,akondratieff
11,Breece Hall,8155,RB,17,6.3,-2.44799019607843,starter,NA,2024,15.5,akondratieff
11,Rhamondre Stevenson,7611,RB,17,0.1,-8.64799019607843,starter,NA,2024,10.8,akondratieff
11,Jameson Williams,8148,WR,17,24.5,12.529941176470588,starter,NA,2024,13.5,akondratieff
11,DK Metcalf,5846,WR,17,7.2,-4.7700588235294115,starter,NA,2024,11.3,akondratieff
11,Tucker Kraft,9484,TE,17,7.3,-0.426274509803922,starter,NA,2024,10.1,akondratieff
11,Brian Thomas Jr.,11631,WR,17,23.9,11.929941176470589,starter,NA,2024,18.5,akondratieff
11,Jauan Jennings,7049,WR,17,13.7,1.7299411764705876,starter,NA,2024,14.4,akondratieff
11,Chase McLaughlin,6650,K,17,12,6.56421568627451,starter,NA,2024,30,akondratieff
11,Tampa Bay Buccaneers,TB,DST,17,15,7.676470588235294,starter,NA,2024,13,akondratieff
4,Joe Burrow,6770,QB,17,36.98,25.009941176470583,starter,NA,2024,20.9,caskinner
4,Jonathan Taylor,6813,RB,17,27.6,18.852009803921572,starter,NA,2024,15.3,caskinner
4,James Cook,8138,RB,17,11.3,2.552009803921571,starter,NA,2024,16.8,caskinner
4,Amon-Ra St. Brown,7547,WR,17,20,8.780049019607844,starter,NA,2024,19.7,caskinner
4,Cooper Kupp,4039,WR,17,3.9,-7.319950980392155,starter,NA,2024,12.8,caskinner
4,Trey McBride,8130,TE,17,30.3,22.57372549019608,starter,NA,2024,15.9,caskinner
4,Terry McLaurin,5927,WR,17,1.5,-9.719950980392156,starter,NA,2024,15.4,caskinner
4,Matthew Stafford,421,QB,17,9.16,-2.8100588235294115,starter,NA,2024,15.2,caskinner
4,Justin Tucker,1264,K,17,9,3.56421568627451,starter,NA,2024,31,caskinner
4,Miami Dolphins,MIA,DST,17,13,5.676470588235294,starter,NA,2024,32,caskinner
1,Aaron Rodgers,96,QB,17,2.48,-9.490058823529411,starter,NA,2024,14.8,joeburrowmvp
1,Raheem Mostert,2749,RB,17,3.9,-4.847990196078429,starter,NA,2024,6,joeburrowmvp
1,Kareem Hunt,4098,RB,17,8,-0.7479901960784296,starter,NA,2024,6.1,joeburrowmvp
1,Keenan Allen,1479,WR,17,7.5,-3.719950980392156,starter,NA,2024,13.2,joeburrowmvp
1,Ja'Marr Chase,7564,WR,17,19.2,7.9800490196078435,starter,NA,2024,20.9,joeburrowmvp
1,Hunter Henry,3214,TE,17,0,-7.726274509803922,starter,NA,2024,9.8,joeburrowmvp
1,Zay Flowers,9997,WR,17,5.1,-6.119950980392156,starter,NA,2024,16,joeburrowmvp
1,Kyler Murray,5849,QB,17,18.04,6.0699411764705875,starter,NA,2024,17.9,joeburrowmvp
1,Jason Myers,2747,K,17,8,2.56421568627451,starter,NA,2024,5,joeburrowmvp
1,Atlanta Falcons,ATL,DST,17,6,-1.3235294117647056,starter,NA,2024,5,joeburrowmvp
6,Josh Allen,4984,QB,17,22.98,11.009941176470589,starter,NA,2024,25,jzeigboi
6,Tony Pollard,5967,RB,17,0,-8.74799019607843,starter,NA,2024,0,jzeigboi
6,Jahmyr Gibbs,9221,RB,17,26.3,17.55200980392157,starter,NA,2024,21.4,jzeigboi
6,Tee Higgins,6801,WR,17,40.1,28.88004901960785,starter,NA,2024,15.8,jzeigboi
6,A.J. Brown,5859,WR,17,12.6,1.380049019607844,starter,NA,2024,15,jzeigboi
6,Juwan Johnson,7002,TE,17,12.6,4.873725490196078,starter,NA,2024,7.5,jzeigboi
6,Darnell Mooney,7090,WR,17,5.7,-5.519950980392156,starter,NA,2024,13.1,jzeigboi
6,Michael Penix Jr.,11559,QB,17,12.22,0.249941176470589,starter,NA,2024,13.9,jzeigboi
6,Cameron Dicker,8259,K,17,17,11.56421568627451,starter,NA,2024,9,jzeigboi
6,Baltimore Ravens,BAL,DST,17,18,10.676470588235292,starter,NA,2024,27,jzeigboi
3,Tua Tagovailoa,6768,QB,17,0,-11.970058823529412,starter,NA,2024,0,lukestip
3,Joe Mixon,4018,RB,17,5.9,-5.319950980392155,starter,NA,2024,16.8,lukestip
3,Javonte Williams,7588,RB,17,2,-9.219950980392156,starter,NA,2024,7.6,lukestip
3,D.J. Moore,4983,WR,17,12.2,1.155098039215687,starter,NA,2024,13.3,lukestip
3,Justin Jefferson,6794,WR,17,17.2,6.155098039215687,starter,NA,2024,19.1,lukestip
3,Brock Bowers,11604,TE,17,14.6,6.873725490196078,starter,NA,2024,16.2,lukestip
3,Kenneth Walker III,8151,RB,17,0,-11.219950980392156,starter,NA,2024,0,lukestip
3,Sam Darnold,4943,QB,17,25.78,13.80994117647059,starter,NA,2024,18.7,lukestip
3,Jake Elliott,4195,K,17,11,5.56421568627451,starter,NA,2024,8,lukestip
3,San Francisco 49ers,SF,DST,17,0,-7.323529411764706,starter,NA,2024,2,lukestip
5,Geno Smith,1373,QB,17,8.3,-3.670058823529411,starter,NA,2024,15.2,ngernenz
5,Kyren Williams,8150,RB,17,16.2,7.45200980392157,starter,NA,2024,15.2,ngernenz
5,Bucky Irving,11584,RB,17,23,14.25200980392157,starter,NA,2024,13.3,ngernenz
5,Courtland Sutton,5045,WR,17,16.5,5.280049019607844,starter,NA,2024,16.4,ngernenz
5,Ladd McConkey,11635,WR,17,29.4,18.180049019607843,starter,NA,2024,15.8,ngernenz
5,Jonnu Smith,4144,TE,17,11.6,3.873725490196078,starter,NA,2024,11.2,ngernenz
5,Marvin Harrison Jr.,11628,WR,17,15.6,4.380049019607844,starter,NA,2024,13.7,ngernenz
5,Cooper Rush,4574,QB,17,8.08,-3.890058823529411,starter,NA,2024,12.8,ngernenz
5,Jason Sanders,5119,K,17,10,4.56421568627451,starter,NA,2024,14,ngernenz
5,Cincinnati Bengals,CIN,DST,17,6,-1.3235294117647056,starter,NA,2024,8,ngernenz
8,Jalen Hurts,6904,QB,17,0,-11.970058823529412,starter,NA,2024,0,obiwanginobiIi
8,Chuba Hubbard,7594,RB,17,0,-11.219950980392156,starter,NA,2024,0,obiwanginobiIi
8,Jerome Ford,8143,RB,17,2.2,-9.019950980392156,starter,NA,2024,14.5,obiwanginobiIi
8,Amari Cooper,2309,WR,17,14.6,3.5550980392156877,starter,NA,2024,11,obiwanginobiIi
8,Jordan Addison,9756,WR,17,18.9,7.855098039215687,starter,NA,2024,13.7,obiwanginobiIi
8,T.J. Hockenson,5844,TE,17,11.8,4.073725490196079,starter,NA,2024,10,obiwanginobiIi
8,Rachaad White,8136,RB,17,4.4,-6.819950980392155,starter,NA,2024,12.1,obiwanginobiIi
8,Bo Nix,11563,QB,17,22.86,10.889941176470588,starter,NA,2024,17.8,obiwanginobiIi
8,Jake Bates,11539,K,17,9,3.56421568627451,starter,NA,2024,27,obiwanginobiIi
8,Denver Broncos,DEN,DST,17,9,1.6764705882352944,starter,NA,2024,6,obiwanginobiIi
9,Dalton Kincaid,10236,TE,17,4.4,0,bench,3,2024,9.8,Arvs
9,Aidan O'Connell,10866,QB,17,17.58,0,bench,3,2024,13.7,Arvs
9,Braelon Allen,11576,RB,17,2.6,0,bench,2,2024,4.6,Arvs
9,Theo Johnson,11597,TE,17,0,0,bench,2,2024,0,Arvs
9,AJ Barner,11603,TE,17,0,0,bench,2,2024,0,Arvs
9,Zach Ertz,1339,TE,17,25.2,0,bench,13,2024,8.1,Arvs
9,Derek Carr,2028,QB,17,0,0,bench,11,2024,0,Arvs
9,Jameis Winston,2306,QB,17,0,0,bench,11,2024,0,Arvs
9,Chris Godwin,4037,WR,17,0,0,bench,9,2024,0,Arvs
9,Brandon Aiyuk,6803,WR,17,0,0,bench,6,2024,0,Arvs
9,Najee Harris,7528,RB,17,10.1,0,bench,5,2024,12.8,Arvs
9,Tank Bigsby,9225,RB,17,3.3000000000000003,0,bench,3,2024,6.8,Arvs
9,DeMario Douglas,9501,WR,17,14.6,0,bench,3,2024,9,Arvs
7,Ben Sinnott,11596,TE,17,0,0,bench,2,2024,0,ElatedBroncosFan
7,Jalen McMillan,11618,WR,17,23,0,bench,2,2024,13,ElatedBroncosFan
7,Keon Coleman,11637,WR,17,11.7,0,bench,2,2024,7.9,ElatedBroncosFan
7,Jalen Coker,11646,WR,17,5.5,0,bench,2,2024,10.4,ElatedBroncosFan
7,Kimani Vidal,11647,RB,17,2.4000000000000004,0,bench,2,2024,6.5,ElatedBroncosFan
7,Isaac Guerendo,11651,RB,17,13.9,0,bench,2,2024,12.8,ElatedBroncosFan
7,Christian McCaffrey,4034,RB,17,0,0,bench,9,2024,0,ElatedBroncosFan
7,Hollywood Brown,5848,WR,17,8.600000000000001,0,bench,7,2024,7.7,ElatedBroncosFan
7,Rico Dowdle,7021,RB,17,9.8,0,bench,6,2024,13.9,ElatedBroncosFan
7,Parker Washington,9487,WR,17,12.1,0,bench,3,2024,9,ElatedBroncosFan
7,Kayshon Boutte,9504,WR,17,6.800000000000001,0,bench,3,2024,7.4,ElatedBroncosFan
7,Kendre Miller,9757,RB,17,2.9000000000000004,0,bench,3,2024,11.3,ElatedBroncosFan
10,Ja'Tavion Sanders,11600,TE,17,1.5,0,bench,2,2024,2.9,Gretsch0401
10,DeAndre Hopkins,1426,WR,17,2.7,0,bench,13,2024,10.8,Gretsch0401
10,Odell Beckham Jr.,2078,WR,17,0,0,bench,12,2024,0,Gretsch0401
10,Alvin Kamara,4035,RB,17,0,0,bench,9,2024,0,Gretsch0401
10,Mason Rudolph,4972,QB,17,12.02,0,bench,8,2024,15.3,Gretsch0401
10,Rashod Bateman,7571,WR,17,2.2,0,bench,5,2024,9,Gretsch0401
10,Justin Fields,7591,QB,17,0,0,bench,5,2024,0,Gretsch0401
10,Christian Watson,8167,WR,17,0,0,bench,4,2024,0,Gretsch0401
10,Isiah Pacheco,8205,RB,17,1.8,0,bench,4,2024,10.7,Gretsch0401
10,Kansas City Chiefs,KC,DST,17,15,0,bench,NA,2024,19,Gretsch0401
2,Brandon Allen,3357,QB,17,0,0,bench,10,2024,0,SFOControl
2,Austin Ekeler,4663,RB,17,0,0,bench,9,2024,0,SFOControl
2,Younghoe Koo,4666,K,17,0,0,bench,9,2024,0,SFOControl
2,Will Dissly,5010,TE,17,4.1,0,bench,8,2024,7.2,SFOControl
2,Darius Slayton,6149,WR,17,10.2,0,bench,7,2024,5.9,SFOControl
2,CeeDee Lamb,6786,WR,17,0,0,bench,6,2024,0,SFOControl
2,A.J. Dillon,6828,RB,17,0,0,bench,6,2024,0,SFOControl
2,Antonio Gibson,6945,RB,17,6.300000000000001,0,bench,6,2024,9.9,SFOControl
2,Kenny Gainwell,7567,RB,17,1.9,0,bench,5,2024,0,SFOControl
2,Detroit Lions,DET,DST,17,7,0,bench,NA,2024,20,SFOControl
2,New York Giants,NYG,DST,17,14,0,bench,NA,2024,14,SFOControl
12,Rashee Rice,10229,WR,17,0,0,bench,3,2024,0,TheJandyStock
12,Carson Steele,11582,RB,17,0,0,bench,2,2024,0,TheJandyStock
12,Jonathon Brooks,11583,RB,17,0,0,bench,2,2024,0,TheJandyStock
12,Roman Wilson,11630,WR,17,0,0,bench,2,2024,0,TheJandyStock
12,Russell Wilson,1234,QB,17,17.7,0,bench,14,2024,15.8,TheJandyStock
12,Brandon McManus,1433,K,17,5,0,bench,13,2024,26,TheJandyStock
12,Brandin Cooks,2197,WR,17,9.2,0,bench,12,2024,7.8,TheJandyStock
12,Ka'imi Fairbairn,3451,K,17,0,0,bench,10,2024,25,TheJandyStock
12,Aaron Jones,4199,RB,17,11.7,0,bench,9,2024,15.1,TheJandyStock
12,Pat Freiermuth,7600,TE,17,11,0,bench,5,2024,10.1,TheJandyStock
12,Wan'Dale Robinson,8126,WR,17,18.1,0,bench,4,2024,11.2,TheJandyStock
12,George Pickens,8137,WR,17,8,0,bench,4,2024,15.5,TheJandyStock
11,Tre Tucker,10213,WR,17,10.9,0,bench,3,2024,5.5,akondratieff
11,Ameer Abdullah,2359,RB,17,17.7,0,bench,11,2024,11.2,akondratieff
11,Demarcus Robinson,3286,WR,17,0,0,bench,10,2024,7.7,akondratieff
11,Drew Lock,5854,QB,17,34.36,0,bench,7,2024,13.2,akondratieff
11,Michael Pittman Jr.,6819,WR,17,25.9,0,bench,6,2024,12.7,akondratieff
11,Jaylen Waddle,7526,WR,17,0,0,bench,5,2024,6.2,akondratieff
11,Kyle Pitts,7553,TE,17,14.4,0,bench,5,2024,3.9,akondratieff
11,Cade Otton,8111,TE,17,0,0,bench,4,2024,0,akondratieff
11,Sincere McCormick,8220,RB,17,0,0,bench,4,2024,0,akondratieff
11,Green Bay Packers,GB,DST,17,3,0,bench,NA,2024,12,akondratieff
4,Roschon Johnson,10235,RB,17,0.5,0,bench,3,2024,3.5,caskinner
4,Audric Estime,11579,RB,17,0,0,bench,2,2024,4.7,caskinner
4,MarShawn Lloyd,11581,RB,17,0,0,bench,2,2024,0,caskinner
4,Trey Benson,11589,RB,17,0,0,bench,2,2024,0,caskinner
4,Malachi Corley,11617,WR,17,0,0,bench,2,2024,0,caskinner
4,Ricky Pearsall,11638,WR,17,28.700000000000003,0,bench,2,2024,5.6,caskinner
4,Devaughn Vele,11834,WR,17,4.7,0,bench,2,2024,7.6,caskinner
4,Dalton Schultz,5001,TE,17,4.1,0,bench,8,2024,9.2,caskinner
4,Daniel Jones,5870,QB,17,0,0,bench,7,2024,0,caskinner
4,Alec Pierce,8142,WR,17,24.200000000000003,0,bench,4,2024,0,caskinner
4,Chris Olave,8144,WR,17,0,0,bench,4,2024,0,caskinner
4,Bryce Young,9228,QB,17,15.920000000000002,0,bench,3,2024,17.3,caskinner
4,Dontayvion Wicks,9486,WR,17,8.3,0,bench,3,2024,11.1,caskinner
4,Tyjae Spears,9508,RB,17,13.3,0,bench,3,2024,15.1,caskinner
4,Quentin Johnston,9754,WR,17,9.8,0,bench,3,2024,11.3,caskinner
1,Jayden Reed,10222,WR,17,1.6,0,bench,3,2024,13.2,joeburrowmvp
1,Spencer Rattler,11562,QB,17,14.32,0,bench,2,2024,13.3,joeburrowmvp
1,Javon Baker,11645,WR,17,0,0,bench,2,2024,0,joeburrowmvp
1,Adam Thielen,1689,WR,17,28,0,bench,13,2024,14.2,joeburrowmvp
1,Nick Chubb,4988,RB,17,0,0,bench,8,2024,0,joeburrowmvp
1,Mark Andrews,5012,TE,17,14.8,0,bench,8,2024,9.2,joeburrowmvp
1,Tyler Conklin,5133,TE,17,19.7,0,bench,8,2024,3.1,joeburrowmvp
1,Gus Edwards,5248,RB,17,0,0,bench,7,2024,0,joeburrowmvp
1,David Montgomery,5892,RB,17,0,0,bench,7,2024,0,joeburrowmvp
1,Jerry Jeudy,6783,WR,17,21.4,0,bench,6,2024,11,joeburrowmvp
1,Justin Herbert,6797,QB,17,24.44,0,bench,6,2024,16.2,joeburrowmvp
1,DeVonta Smith,7525,WR,17,30,0,bench,5,2024,11.8,joeburrowmvp
1,Romeo Doubs,8121,WR,17,12.8,0,bench,4,2024,12.2,joeburrowmvp
6,Andrei Iosivas,10226,WR,17,8.9,0,bench,3,2024,5.2,jzeigboi
6,Rome Odunze,11620,WR,17,2.5,0,bench,2,2024,8.4,jzeigboi
6,Xavier Worthy,11624,WR,17,22.9,0,bench,2,2024,13,jzeigboi
6,Jaylen Wright,11643,RB,17,0,0,bench,2,2024,0,jzeigboi
6,Kirk Cousins,1166,QB,17,0,0,bench,14,2024,0,jzeigboi
6,Sione Vaki,11729,RB,17,0,0,bench,2,2024,0,jzeigboi
6,Dallas Goedert,5022,TE,17,0,0,bench,8,2024,0,jzeigboi
6,Devin Singletary,6130,RB,17,4,0,bench,7,2024,2.4,jzeigboi
6,D'Andre Swift,6790,RB,17,12.1,0,bench,6,2024,13.3,jzeigboi
6,Clyde Edwards-Helaire,6820,RB,17,5,0,bench,6,2024,0,jzeigboi
6,Rashid Shaheed,8676,WR,17,0,0,bench,4,2024,0,jzeigboi
6,Tank Dell,9502,WR,17,0,0,bench,3,2024,0,jzeigboi
3,Chris Rodriguez Jr.,10219,RB,17,9.8,0,bench,3,2024,1.6,lukestip
3,Ray Davis,11575,RB,17,2.3,0,bench,2,2024,2.1,lukestip
3,Adonai Mitchell,11625,WR,17,4.2,0,bench,2,2024,5.9,lukestip
3,Tyrone Tracy Jr.,11655,RB,17,8.3,0,bench,2,2024,14.6,lukestip
3,Dak Prescott,3294,QB,17,0,0,bench,10,2024,0,lukestip
3,Allen Lazard,5185,WR,17,1.9,0,bench,7,2024,7.8,lukestip
3,Justice Hill,5995,RB,17,0,0,bench,7,2024,0,lukestip
3,Austin Seibert,6219,K,17,0,0,bench,6,2024,0,lukestip
3,Cole Kmet,6826,TE,17,0,0,bench,6,2024,4.4,lukestip
3,Cam Akers,6938,RB,17,11.3,0,bench,6,2024,4.2,lukestip
3,Gabe Davis,6943,WR,17,0,0,bench,6,2024,0,lukestip
3,Nick Westbrook-Ikhine,7496,WR,17,6.7,0,bench,6,2024,9.6,lukestip
3,Will Levis,9999,QB,17,0,0,bench,3,2024,0,lukestip
5,J.J. McCarthy,11565,QB,17,0,0,bench,2,2024,0,ngernenz
5,Stefon Diggs,2449,WR,17,0,0,bench,11,2024,0,ngernenz
5,David Njoku,4033,TE,17,0,0,bench,9,2024,0,ngernenz
5,Harrison Butker,4227,K,17,4,0,bench,9,2024,23,ngernenz
5,Ray-Ray McCloud,5096,WR,17,3.7,0,bench,8,2024,7.1,ngernenz
5,Diontae Johnson,5937,WR,17,0,0,bench,6,2024,0,ngernenz
5,Trevor Lawrence,7523,QB,17,0,0,bench,5,2024,0,ngernenz
5,Mac Jones,7527,QB,17,17.16,0,bench,5,2024,13.8,ngernenz
5,Travis Etienne,7543,RB,17,8.5,0,bench,5,2024,11.5,ngernenz
5,Joshua Palmer,7670,WR,17,8.100000000000001,0,bench,5,2024,8.4,ngernenz
5,Noah Gray,7828,TE,17,1.6,0,bench,5,2024,7.8,ngernenz
5,Josh Downs,9500,WR,17,5.2,0,bench,3,2024,14.5,ngernenz
8,Michael Wilson,10232,WR,17,6.9,0,bench,3,2024,8.2,obiwanginobiIi
8,Cedric Tillman,10444,WR,17,0,0,bench,3,2024,0,obiwanginobiIi
8,Blake Corum,11586,RB,17,-0.4,0,bench,2,2024,1.2,obiwanginobiIi
8,Malik Washington,11610,WR,17,7,0,bench,2,2024,4.9,obiwanginobiIi
8,Xavier Legette,11626,WR,17,7.800000000000001,0,bench,2,2024,0,obiwanginobiIi
8,Luke McCaffrey,11650,WR,17,0,0,bench,2,2024,5.6,obiwanginobiIi
8,Tyler Lockett,2374,WR,17,5,0,bench,11,2024,6.4,obiwanginobiIi
8,Evan Engram,4066,TE,17,0,0,bench,9,2024,0,obiwanginobiIi
8,Taysom Hill,4381,TE,17,0,0,bench,9,2024,0,obiwanginobiIi
8,Christian Kirk,4950,WR,17,0,0,bench,8,2024,0,obiwanginobiIi
8,Alexander Mattison,5987,RB,17,4.800000000000001,0,bench,7,2024,10.7,obiwanginobiIi
8,Tyler Allgeier,8132,RB,17,1.9,0,bench,4,2024,3.6,obiwanginobiIi
8,Anthony Richardson,9229,QB,17,0,0,bench,3,2024,0,obiwanginobiIi
8,Zach Charbonnet,9753,RB,17,10.6,0,bench,3,2024,16.3,obiwanginobiIi
9,Caleb Williams,11560,QB,1,24.2,10.090029411764704,starter,NA,2025,17.3,Arvs
9,Jerome Ford,8143,RB,1,1.5,-12.247382352941177,starter,NA,2025,11.5,Arvs
9,Jaylen Warren,8228,RB,1,13.9,0.15261764705882364,starter,NA,2025,13.1,Arvs
9,Malik Nabers,11632,WR,1,12.1,-1.1212549019607838,starter,NA,2025,19.7,Arvs
9,Jaxon Smith-Njigba,9488,WR,1,19.4,6.178745098039215,starter,NA,2025,15.9,Arvs
9,Jake Ferguson,8110,TE,1,7.3,0.7639705882352947,starter,NA,2025,10.6,Arvs
9,Jordan Mason,8408,RB,1,8.5,-5.247382352941177,starter,NA,2025,6,Arvs
9,Cameron Ward,12522,QB,1,2.48,-11.629970588235294,starter,NA,2025,14.3,Arvs
9,Tyler Loop,12711,K,1,12,6.710294117647059,starter,NA,2025,17,Arvs
9,Washington Commanders,WAS,DST,1,10,4.19264705882353,starter,NA,2025,1,Arvs
7,Drake Maye,11564,QB,1,16.78,2.670029411764707,starter,NA,2025,15.3,ElatedBroncosFan
7,Bijan Robinson,9509,RB,1,24.4,16.635901960784313,starter,NA,2025,19.8,ElatedBroncosFan
7,Christian McCaffrey,4034,RB,1,23.2,15.435901960784314,starter,NA,2025,19.1,ElatedBroncosFan
7,Puka Nacua,9493,WR,1,23.1,9.352617647058825,starter,NA,2025,18.6,ElatedBroncosFan
7,Nico Collins,7569,WR,1,5.5,-8.247382352941177,starter,NA,2025,19.9,ElatedBroncosFan
7,Travis Kelce,1466,TE,1,12.7,6.163970588235294,starter,NA,2025,16.6,ElatedBroncosFan
7,Garrett Wilson,8146,WR,1,22.5,8.752617647058823,starter,NA,2025,14.4,ElatedBroncosFan
7,Jared Goff,3163,QB,1,11.9,-2.2099705882352936,starter,NA,2025,16.3,ElatedBroncosFan
7,Wil Lutz,3678,K,1,8,2.7102941176470594,starter,NA,2025,20,ElatedBroncosFan
7,Cincinnati Bengals,CIN,DST,1,7,1.19264705882353,starter,NA,2025,12,ElatedBroncosFan
10,Jayden Daniels,11566,QB,1,20.12,6.010029411764707,starter,NA,2025,22.4,Gretsch0401
10,Chase Brown,9224,RB,1,13.1,-0.6473823529411771,starter,NA,2025,16.1,Gretsch0401
10,Alvin Kamara,4035,RB,1,13.7,-0.04738235294117743,starter,NA,2025,18.2,Gretsch0401
10,Tyreek Hill,3321,WR,1,8,-5.2212549019607835,starter,NA,2025,16.8,Gretsch0401
10,Davante Adams,2133,WR,1,9.1,-4.121254901960784,starter,NA,2025,16.3,Gretsch0401
10,George Kittle,4217,TE,1,12.5,5.963970588235295,starter,NA,2025,14.8,Gretsch0401
10,Isiah Pacheco,8205,RB,1,4.8,-8.947382352941176,starter,NA,2025,12.8,Gretsch0401
10,Justin Fields,7591,QB,1,29.52,15.410029411764706,starter,NA,2025,16.9,Gretsch0401
10,Brandon Aubrey,11533,K,1,11,5.710294117647059,starter,NA,2025,32,Gretsch0401
10,Philadelphia Eagles,PHI,DST,1,4,-1.80735294117647,starter,NA,2025,16,Gretsch0401
2,Brock Purdy,8183,QB,1,18.78,4.670029411764707,starter,NA,2025,15.8,SFOControl
2,De'Von Achane,9226,RB,1,16.5,8.735901960784314,starter,NA,2025,17.2,SFOControl
2,Austin Ekeler,4663,RB,1,8.7,0.9359019607843128,starter,NA,2025,10,SFOControl
2,CeeDee Lamb,6786,WR,1,18,4.252617647058823,starter,NA,2025,19.9,SFOControl
2,Drake London,8112,WR,1,13.5,-0.24738235294117672,starter,NA,2025,15.9,SFOControl
2,Will Dissly,5010,TE,1,2.8,-3.7360294117647057,starter,NA,2025,7.5,SFOControl
2,Mike Evans,2216,WR,1,10.1,-3.647382352941177,starter,NA,2025,18.2,SFOControl
2,Patrick Mahomes,4046,QB,1,26.02,11.910029411764706,starter,NA,2025,20,SFOControl
2,Younghoe Koo,4666,K,1,8,2.7102941176470594,starter,NA,2025,0,SFOControl
2,Detroit Lions,DET,DST,1,0,-5.80735294117647,starter,NA,2025,31,SFOControl
12,Jordan Love,6804,QB,1,15.92,1.810029411764706,starter,NA,2025,15.8,TheJandyStock
12,Saquon Barkley,4866,RB,1,18.4,4.652617647058822,starter,NA,2025,19.8,TheJandyStock
12,Derrick Henry,3198,RB,1,29.2,15.452617647058824,starter,NA,2025,18.1,TheJandyStock
12,Calvin Ridley,4981,WR,1,6.7,-6.521254901960783,starter,NA,2025,13.5,TheJandyStock
12,George Pickens,8137,WR,1,6,-7.221254901960784,starter,NA,2025,12.9,TheJandyStock
12,Sam LaPorta,10859,TE,1,13.9,7.363970588235295,starter,NA,2025,10.5,TheJandyStock
12,Josh Jacobs,5850,RB,1,14,0.2526176470588233,starter,NA,2025,17.2,TheJandyStock
12,Baker Mayfield,4892,QB,1,22.58,8.470029411764704,starter,NA,2025,19.3,TheJandyStock
12,Harrison Butker,4227,K,1,10,4.710294117647059,starter,NA,2025,9,TheJandyStock
12,Pittsburgh Steelers,PIT,DST,1,2,-3.80735294117647,starter,NA,2025,30,TheJandyStock
11,Lamar Jackson,4881,QB,1,29.36,15.250029411764706,starter,NA,2025,23.7,akondratieff
11,Breece Hall,8155,RB,1,16.5,8.735901960784314,starter,NA,2025,14,akondratieff
11,James Conner,4137,RB,1,14.4,6.635901960784314,starter,NA,2025,13.3,akondratieff
11,Brian Thomas Jr.,11631,WR,1,9,-4.747382352941177,starter,NA,2025,17.2,akondratieff
11,Jaylen Waddle,7526,WR,1,7,-6.747382352941177,starter,NA,2025,14.1,akondratieff
11,Tucker Kraft,9484,TE,1,9.9,3.3639705882352953,starter,NA,2025,10.6,akondratieff
11,Jameson Williams,8148,WR,1,6.6,-7.147382352941177,starter,NA,2025,13.7,akondratieff
11,Joe Flacco,19,QB,1,14.2,0.09002941176470536,starter,NA,2025,14.4,akondratieff
11,Chase McLaughlin,6650,K,1,4,-1.2897058823529406,starter,NA,2025,30,akondratieff
11,Los Angeles Rams,LAR,DST,1,12,6.19264705882353,starter,NA,2025,22,akondratieff
4,Joe Burrow,6770,QB,1,8.82,-5.289970588235294,starter,NA,2025,20.4,caskinner
4,Jonathan Taylor,6813,RB,1,12.8,5.035901960784314,starter,NA,2025,17.4,caskinner
4,James Cook,8138,RB,1,21.2,13.435901960784314,starter,NA,2025,14.9,caskinner
4,Tetairoa McMillan,12526,WR,1,11.8,-1.947382352941176,starter,NA,2025,13.6,caskinner
4,Terry McLaurin,5927,WR,1,4.7,-9.047382352941176,starter,NA,2025,15.3,caskinner
4,Trey McBride,8130,TE,1,12.1,5.5639705882352946,starter,NA,2025,16.8,caskinner
4,Amon-Ra St. Brown,7547,WR,1,8.5,-5.247382352941177,starter,NA,2025,20,caskinner
4,Bryce Young,9228,QB,1,10.16,-3.949970588235294,starter,NA,2025,15.9,caskinner
4,Evan McPherson,7839,K,1,5,-0.2897058823529406,starter,NA,2025,22,caskinner
4,Arizona Cardinals,ARI,DST,1,5,-0.8073529411764699,starter,NA,2025,2,caskinner
1,Justin Herbert,6797,QB,1,27.92,13.810029411764708,starter,NA,2025,16.9,joeburrowmvp
1,Ashton Jeanty,12527,RB,1,12,4.235901960784314,starter,NA,2025,14.4,joeburrowmvp
1,David Montgomery,5892,RB,1,8.3,0.5359019607843143,starter,NA,2025,8.7,joeburrowmvp
1,Ja'Marr Chase,7564,WR,1,4.6,-9.147382352941175,starter,NA,2025,22.9,joeburrowmvp
1,Jerry Jeudy,6783,WR,1,11.6,-2.147382352941177,starter,NA,2025,15.3,joeburrowmvp
1,Mark Andrews,5012,TE,1,1.5,-5.036029411764705,starter,NA,2025,11.6,joeburrowmvp
1,DeVonta Smith,7525,WR,1,4.6,-9.147382352941175,starter,NA,2025,14.2,joeburrowmvp
1,Kyler Murray,5849,QB,1,18.32,4.210029411764706,starter,NA,2025,19.7,joeburrowmvp
1,Ka'imi Fairbairn,3451,K,1,14,8.71029411764706,starter,NA,2025,19,joeburrowmvp
1,Houston Texans,HOU,DST,1,7,1.19264705882353,starter,NA,2025,23,joeburrowmvp
6,Josh Allen,4984,QB,1,38.76,24.650029411764702,starter,NA,2025,23,jzeigboi
6,Jahmyr Gibbs,9221,RB,1,15,7.235901960784314,starter,NA,2025,19.1,jzeigboi
6,Tony Pollard,5967,RB,1,7.9,0.13590196078431394,starter,NA,2025,15.7,jzeigboi
6,A.J. Brown,5859,WR,1,1.8,-11.947382352941176,starter,NA,2025,17.6,jzeigboi
6,Tee Higgins,6801,WR,1,6.3,-7.447382352941177,starter,NA,2025,16,jzeigboi
6,Dallas Goedert,5022,TE,1,11.4,4.863970588235295,starter,NA,2025,9.8,jzeigboi
6,Xavier Worthy,11624,WR,1,0,-13.747382352941177,starter,NA,2025,16.3,jzeigboi
6,Michael Penix Jr.,11559,QB,1,24.02,9.910029411764706,starter,NA,2025,14.7,jzeigboi
6,Cameron Dicker,8259,K,1,9,3.7102941176470594,starter,NA,2025,25,jzeigboi
6,Minnesota Vikings,MIN,DST,1,6,0.1926470588235301,starter,NA,2025,10,jzeigboi
3,Dak Prescott,3294,QB,1,7.82,-6.289970588235294,starter,NA,2025,17.1,lukestip
3,Kenneth Walker III,8151,RB,1,5.4,-2.364098039215686,starter,NA,2025,15.8,lukestip
3,Tyrone Tracy Jr.,11655,RB,1,5.5,-2.2640980392156864,starter,NA,2025,12,lukestip
3,Justin Jefferson,6794,WR,1,14.8,1.052617647058824,starter,NA,2025,19.4,lukestip
3,D.J. Moore,4983,WR,1,8.6,-5.147382352941177,starter,NA,2025,13.3,lukestip
3,Brock Bowers,11604,TE,1,15.3,8.763970588235296,starter,NA,2025,17.6,lukestip
3,Matthew Golden,12501,WR,1,3.6,-10.147382352941175,starter,NA,2025,13.3,lukestip
3,Tua Tagovailoa,6768,QB,1,7.26,-6.849970588235294,starter,NA,2025,14.5,lukestip
3,Jake Elliott,4195,K,1,8,2.7102941176470594,starter,NA,2025,26,lukestip
3,San Francisco 49ers,SF,DST,1,11,5.19264705882353,starter,NA,2025,15,lukestip
5,Trevor Lawrence,7523,QB,1,11.32,-2.7899705882352936,starter,NA,2025,16.4,ngernenz
5,Bucky Irving,11584,RB,1,14.5,6.735901960784314,starter,NA,2025,16.8,ngernenz
5,Kyren Williams,8150,RB,1,13.9,6.135901960784314,starter,NA,2025,15.9,ngernenz
5,Ladd McConkey,11635,WR,1,13.4,-0.34738235294117636,starter,NA,2025,17.8,ngernenz
5,Courtland Sutton,5045,WR,1,18.1,4.352617647058825,starter,NA,2025,17.3,ngernenz
5,David Njoku,4033,TE,1,6.7,0.1639705882352951,starter,NA,2025,11.8,ngernenz
5,Marvin Harrison Jr.,11628,WR,1,18.1,4.352617647058825,starter,NA,2025,14.6,ngernenz
5,Geno Smith,1373,QB,1,18.48,4.3700294117647065,starter,NA,2025,16,ngernenz
5,Matt Gay,6083,K,1,3,-2.2897058823529406,starter,NA,2025,0,ngernenz
5,New England Patriots,NE,DST,1,7,1.19264705882353,starter,NA,2025,29,ngernenz
8,Jalen Hurts,6904,QB,1,24.28,10.170029411764707,starter,NA,2025,23.6,obiwanginobiIi
8,Chuba Hubbard,7594,RB,1,17.9,4.152617647058822,starter,NA,2025,13,obiwanginobiIi
8,Omarion Hampton,12507,RB,1,8.1,-5.647382352941177,starter,NA,2025,13.2,obiwanginobiIi
8,Marvin Mims Jr.,9494,WR,1,2.2,-11.021254901960784,starter,NA,2025,10.9,obiwanginobiIi
8,Cedric Tillman,10444,WR,1,16.2,2.978745098039216,starter,NA,2025,9.7,obiwanginobiIi
8,T.J. Hockenson,5844,TE,1,4.5,-2.036029411764705,starter,NA,2025,11.4,obiwanginobiIi
8,RJ Harvey,12489,RB,1,7.9,-5.847382352941176,starter,NA,2025,9.6,obiwanginobiIi
8,Bo Nix,11563,QB,1,8.84,-5.269970588235294,starter,NA,2025,19.1,obiwanginobiIi
8,Jake Bates,11539,K,1,7,1.7102941176470594,starter,NA,2025,28,obiwanginobiIi
8,Denver Broncos,DEN,DST,1,16,10.19264705882353,starter,NA,2025,32,obiwanginobiIi
9,Dalton Kincaid,10236,TE,1,13.8,0,bench,3,2025,9.2,Arvs
9,Joe Milton,11557,QB,1,0,0,bench,2,2025,0,Arvs
9,Braelon Allen,11576,RB,1,6.9,0,bench,2,2025,5.9,Arvs
9,Theo Johnson,11597,TE,1,1.5,0,bench,2,2025,7.2,Arvs
9,Dylan Sampson,12469,RB,1,17.3,0,bench,1,2025,5.9,Arvs
9,Woody Marks,12474,RB,1,0.30000000000000004,0,bench,1,2025,0,Arvs
9,Cam Skattebo,12481,RB,1,2.9000000000000004,0,bench,1,2025,4.6,Arvs
9,Kyle Monangai,12534,RB,1,2.1,0,bench,1,2025,0,Arvs
9,Zach Ertz,1339,TE,1,11.6,0,bench,13,2025,11.2,Arvs
9,Keenan Allen,1479,WR,1,19.8,0,bench,13,2025,8.4,Arvs
9,Chris Godwin,4037,WR,1,0,0,bench,9,2025,0,Arvs
9,Brandon Aiyuk,6803,WR,1,0,0,bench,6,2025,0,Arvs
9,Najee Harris,7528,RB,1,2,0,bench,5,2025,3.3,Arvs
9,Khalil Shakir,8134,WR,1,12.4,0,bench,4,2025,12.6,Arvs
9,Tank Bigsby,9225,RB,1,1.2000000000000002,0,bench,3,2025,6.6,Arvs
7,Will Shipley,11577,RB,1,2.6,0,bench,2,2025,1.2,ElatedBroncosFan
7,Ja'Tavion Sanders,11600,TE,1,4.7,0,bench,2,2025,9,ElatedBroncosFan
7,Jalen McMillan,11618,WR,1,0,0,bench,2,2025,0,ElatedBroncosFan
7,Xavier Legette,11626,WR,1,4,0,bench,2,2025,11.6,ElatedBroncosFan
7,Keon Coleman,11637,WR,1,25.200000000000003,0,bench,2,2025,11.4,ElatedBroncosFan
7,Jalen Coker,11646,WR,1,0,0,bench,2,2025,0,ElatedBroncosFan
7,Isaac Guerendo,11651,RB,1,0,0,bench,2,2025,0,ElatedBroncosFan
7,Jaydon Blue,12457,RB,1,0,0,bench,1,2025,1.6,ElatedBroncosFan
7,Pat Bryant,12492,WR,1,0,0,bench,1,2025,0,ElatedBroncosFan
7,Mason Taylor,12498,TE,1,3,0,bench,1,2025,8,ElatedBroncosFan
7,DK Metcalf,5846,WR,1,12.3,0,bench,7,2025,15.3,ElatedBroncosFan
7,Hollywood Brown,5848,WR,1,19.9,0,bench,7,2025,10.2,ElatedBroncosFan
7,Rico Dowdle,7021,RB,1,3.6,0,bench,6,2025,5.4,ElatedBroncosFan
7,Chigoziem Okonkwo,8210,TE,1,4.9,0,bench,4,2025,9.4,ElatedBroncosFan
7,Kendre Miller,9757,RB,1,2.4000000000000004,0,bench,3,2025,2.4,ElatedBroncosFan
10,Elic Ayomanor,12499,WR,1,3.3,0,bench,1,2025,5.6,Gretsch0401
10,Quinshon Judkins,12512,RB,1,0,0,bench,1,2025,0,Gretsch0401
10,DeAndre Hopkins,1426,WR,1,11.5,0,bench,13,2025,4.5,Gretsch0401
10,Mike Gesicki,4993,TE,1,2.4000000000000004,0,bench,8,2025,8.3,Gretsch0401
10,Jakobi Meyers,5947,WR,1,17.700000000000003,0,bench,7,2025,13,Gretsch0401
10,Rashod Bateman,7571,WR,1,3,0,bench,5,2025,9.6,Gretsch0401
10,Romeo Doubs,8121,WR,1,8.8,0,bench,4,2025,11.3,Gretsch0401
10,Brian Robinson Jr.,8154,RB,1,4.700000000000001,0,bench,4,2025,3.4,Gretsch0401
10,Christian Watson,8167,WR,1,0,0,bench,4,2025,0,Gretsch0401
10,C.J. Stroud,9758,QB,1,9.72,0,bench,3,2025,16.3,Gretsch0401
10,Kansas City Chiefs,KC,DST,1,4,0,bench,NA,2025,3,Gretsch0401
2,Jaxson Dart,12508,QB,1,0,0,bench,1,2025,0,SFOControl
2,Will Howard,12511,QB,1,0,0,bench,1,2025,0,SFOControl
2,Brandon Allen,3357,QB,1,0,0,bench,10,2025,0,SFOControl
2,Deebo Samuel Sr.,5872,WR,1,22.6,0,bench,7,2025,12.9,SFOControl
2,Darius Slayton,6149,WR,1,0,0,bench,7,2025,8.4,SFOControl
2,J.K. Dobbins,6806,RB,1,14.8,0,bench,6,2025,9.8,SFOControl
2,A.J. Dillon,6828,RB,1,1,0,bench,6,2025,0,SFOControl
2,Tyler Bass,7042,K,1,0,0,bench,6,2025,0,SFOControl
2,Isaiah Likely,8131,TE,1,0,0,bench,4,2025,0,SFOControl
2,Buffalo Bills,BUF,DST,1,2,0,bench,NA,2025,21,SFOControl
12,Rashee Rice,10229,WR,1,0,0,bench,3,2025,0,TheJandyStock
12,Jonathon Brooks,11583,RB,1,0,0,bench,2,2025,0,TheJandyStock
12,Roman Wilson,11630,WR,1,0,0,bench,2,2025,5.1,TheJandyStock
12,Russell Wilson,1234,QB,1,10.12,0,bench,14,2025,14.3,TheJandyStock
12,Brashard Smith,12455,RB,1,0,0,bench,1,2025,0,TheJandyStock
12,Harold Fannin,12506,TE,1,13.6,0,bench,1,2025,4.8,TheJandyStock
12,TreVeyon Henderson,12529,RB,1,11.1,0,bench,1,2025,14.4,TheJandyStock
12,Jaylin Noel,12536,WR,1,1.7000000000000002,0,bench,1,2025,0,TheJandyStock
12,Tyler Shough,12545,QB,1,0,0,bench,1,2025,0,TheJandyStock
12,Adam Thielen,1689,WR,1,0,0,bench,13,2025,8.5,TheJandyStock
12,Chris Boswell,1945,K,1,14,0,bench,12,2025,29,TheJandyStock
12,Pat Freiermuth,7600,TE,1,5.800000000000001,0,bench,5,2025,7.2,TheJandyStock
12,Wan'Dale Robinson,8126,WR,1,11.5,0,bench,4,2025,11,TheJandyStock
11,Spencer Rattler,11562,QB,1,11.46,0,bench,2,2025,14.8,akondratieff
11,Bhayshul Tuten,12490,RB,1,1.1,0,bench,1,2025,2.3,akondratieff
11,Travis Hunter,12530,WR,1,9.3,0,bench,1,2025,13.7,akondratieff
11,Hunter Henry,3214,TE,1,10.6,0,bench,10,2025,8.9,akondratieff
11,Michael Pittman Jr.,6819,WR,1,20,0,bench,6,2025,15.1,akondratieff
11,Jauan Jennings,7049,WR,1,3.6,0,bench,6,2025,13,akondratieff
11,Rhamondre Stevenson,7611,RB,1,4.7,0,bench,5,2025,8.9,akondratieff
11,DeMario Douglas,9501,WR,1,8.2,0,bench,3,2025,11.3,akondratieff
11,Green Bay Packers,GB,DST,1,10,0,bench,NA,2025,20,akondratieff
11,Tampa Bay Buccaneers,TB,DST,1,2,0,bench,NA,2025,26,akondratieff
4,MarShawn Lloyd,11581,RB,1,0,0,bench,2,2025,0,caskinner
4,Trey Benson,11589,RB,1,8.5,0,bench,2,2025,5.6,caskinner
4,Ricky Pearsall,11638,WR,1,14.8,0,bench,2,2025,15.2,caskinner
4,DJ Giddens,12471,RB,1,4.1000000000000005,0,bench,1,2025,4.3,caskinner
4,Ollie Gordon,12495,RB,1,1.2999999999999998,0,bench,1,2025,4,caskinner
4,Kaleb Johnson,12504,RB,1,-0.2,0,bench,1,2025,7.7,caskinner
4,Trevor Etienne,12531,RB,1,0.4,0,bench,1,2025,0,caskinner
4,Cooper Kupp,4039,WR,1,3.5,0,bench,9,2025,10.6,caskinner
4,Matthew Stafford,421,QB,1,12.6,0,bench,17,2025,15.3,caskinner
4,Daniel Jones,5870,QB,1,29.48,0,bench,7,2025,17.2,caskinner
4,Cade Otton,8111,TE,1,0,0,bench,4,2025,8.7,caskinner
4,Dameon Pierce,8129,RB,1,0.5,0,bench,4,2025,7,caskinner
4,Chris Olave,8144,WR,1,12.4,0,bench,4,2025,13.6,caskinner
4,Tyjae Spears,9508,RB,1,0,0,bench,3,2025,0,caskinner
4,Quentin Johnston,9754,WR,1,24.9,0,bench,3,2025,8,caskinner
1,Jayden Reed,10222,WR,1,13.5,0,bench,3,2025,0,joeburrowmvp
1,Quinn Ewers,12500,QB,1,0,0,bench,1,2025,0,joeburrowmvp
1,Tre Harris,12509,WR,1,2.1,0,bench,1,2025,0,joeburrowmvp
1,Tyler Warren,12518,TE,1,14.9,0,bench,1,2025,11.9,joeburrowmvp
1,Shedeur Sanders,12524,QB,1,0,0,bench,1,2025,0,joeburrowmvp
1,Tahj Brooks,12543,RB,1,0,0,bench,1,2025,0,joeburrowmvp
1,Kareem Hunt,4098,RB,1,4.6,0,bench,9,2025,4.1,joeburrowmvp
1,Taysom Hill,4381,TE,1,0,0,bench,9,2025,0,joeburrowmvp
1,Nick Chubb,4988,RB,1,6,0,bench,8,2025,8.6,joeburrowmvp
1,Kyle Pitts,7553,TE,1,12.9,0,bench,5,2025,8.3,joeburrowmvp
1,Sean Tucker,9506,RB,1,0.2,0,bench,3,2025,1.1,joeburrowmvp
1,Keaton Mitchell,9511,RB,1,0,0,bench,3,2025,1.9,joeburrowmvp
1,Aaron Rodgers,96,QB,1,25.659999999999997,0,bench,21,2025,15.2,joeburrowmvp
1,Zay Flowers,9997,WR,1,28.1,0,bench,3,2025,16.6,joeburrowmvp
6,Andrei Iosivas,10226,WR,1,0,0,bench,3,2025,6.8,jzeigboi
6,Blake Corum,11586,RB,1,2.6,0,bench,2,2025,1.5,jzeigboi
6,Rome Odunze,11620,WR,1,15.7,0,bench,2,2025,13.2,jzeigboi
6,Jaylen Wright,11643,RB,1,0,0,bench,2,2025,0,jzeigboi
6,Dillon Gabriel,12486,QB,1,0,0,bench,1,2025,0,jzeigboi
6,Jalen Royals,12505,WR,1,0,0,bench,1,2025,0,jzeigboi
6,Colston Loveland,12517,TE,1,3.2,0,bench,1,2025,6.9,jzeigboi
6,Jacory Croskey-Merritt,12533,RB,1,14.2,0,bench,1,2025,10.1,jzeigboi
6,Isaac TeSlaa,12535,WR,1,8.3,0,bench,1,2025,5,jzeigboi
6,D'Andre Swift,6790,RB,1,9.5,0,bench,6,2025,13.5,jzeigboi
6,Darnell Mooney,7090,WR,1,0,0,bench,6,2025,0,jzeigboi
6,Rashid Shaheed,8676,WR,1,9.3,0,bench,4,2025,11.8,jzeigboi
6,Brenton Strange,9480,TE,1,9.9,0,bench,3,2025,7.7,jzeigboi
6,Tank Dell,9502,WR,1,0,0,bench,3,2025,0,jzeigboi
3,Chris Rodriguez Jr.,10219,RB,1,0,0,bench,3,2025,2.4,lukestip
3,Ray Davis,11575,RB,1,1.1,0,bench,2,2025,3.8,lukestip
3,Adonai Mitchell,11625,WR,1,4.1,0,bench,2,2025,4.6,lukestip
3,Devin Neal,12476,RB,1,0.9,0,bench,1,2025,0,lukestip
3,Nick Nash,12478,WR,1,0,0,bench,1,2025,0,lukestip
3,Jack Bech,12483,WR,1,3.3000000000000003,0,bench,1,2025,0,lukestip
3,Joe Mixon,4018,RB,1,0,0,bench,9,2025,0,lukestip
3,Sam Darnold,4943,QB,1,5.4,0,bench,8,2025,14.4,lukestip
3,Allen Lazard,5185,WR,1,0,0,bench,7,2025,3.9,lukestip
3,Justice Hill,5995,RB,1,-1.1000000000000003,0,bench,7,2025,5,lukestip
3,Cole Kmet,6826,TE,1,4.1,0,bench,6,2025,3.1,lukestip
3,Javonte Williams,7588,RB,1,20.4,0,bench,5,2025,10.7,lukestip
3,Will Levis,9999,QB,1,0,0,bench,3,2025,0,lukestip
5,J.J. McCarthy,11565,QB,1,23.22,0,bench,2,2025,15.3,ngernenz
5,Jayden Higgins,12484,WR,1,5.2,0,bench,1,2025,10.4,ngernenz
5,Tory Horton,12497,WR,1,0,0,bench,1,2025,5.1,ngernenz
5,Jalen Milroe,12510,QB,1,0.1,0,bench,1,2025,0,ngernenz
5,Emeka Egbuka,12514,WR,1,23.6,0,bench,1,2025,14.1,ngernenz
5,Elijah Arroyo,12521,TE,1,1.7000000000000002,0,bench,1,2025,6.3,ngernenz
5,Stefon Diggs,2449,WR,1,11.7,0,bench,11,2025,13.3,ngernenz
5,Jonnu Smith,4144,TE,1,12.5,0,bench,9,2025,7.7,ngernenz
5,Aaron Jones,4199,RB,1,15.7,0,bench,9,2025,14.8,ngernenz
5,Jason Sanders,5119,K,1,0,0,bench,8,2025,0,ngernenz
5,Travis Etienne,7543,RB,1,18.6,0,bench,5,2025,11.8,ngernenz
5,Kenny Gainwell,7567,RB,1,4.300000000000001,0,bench,5,2025,0,ngernenz
5,Joshua Palmer,7670,WR,1,11.1,0,bench,5,2025,8,ngernenz
5,Noah Gray,7828,TE,1,1.3,0,bench,5,2025,7.3,ngernenz
5,Josh Downs,9500,WR,1,3.2,0,bench,3,2025,13,ngernenz
8,Michael Wilson,10232,WR,1,1.5,0,bench,3,2025,7.8,obiwanginobiIi
8,Savion Williams,12482,WR,1,1.1,0,bench,1,2025,0,obiwanginobiIi
8,Isaiah Bond,12503,WR,1,1.5,0,bench,1,2025,0,obiwanginobiIi
8,Luther Burden,12519,WR,1,0.7,0,bench,1,2025,8,obiwanginobiIi
8,Dont'e Thornton,12541,WR,1,6.5,0,bench,1,2025,8,obiwanginobiIi
8,Kyle Williams,12547,WR,1,2.2,0,bench,1,2025,0,obiwanginobiIi
8,Deshaun Watson,4017,QB,1,0,0,bench,9,2025,0,obiwanginobiIi
8,Evan Engram,4066,TE,1,5.1,0,bench,9,2025,9.6,obiwanginobiIi
8,Christian Kirk,4950,WR,1,0,0,bench,8,2025,11.3,obiwanginobiIi
8,Tyler Allgeier,8132,RB,1,2.4000000000000004,0,bench,4,2025,3.3,obiwanginobiIi
8,Rachaad White,8136,RB,1,2.6000000000000005,0,bench,4,2025,11.7,obiwanginobiIi
8,Anthony Richardson,9229,QB,1,0,0,bench,3,2025,0,obiwanginobiIi
8,Zach Charbonnet,9753,RB,1,10.7,0,bench,3,2025,8.2,obiwanginobiIi
8,Jordan Addison,9756,WR,1,0,0,bench,3,2025,0,obiwanginobiIi
9,Caleb Williams,11560,QB,2,17.98,7.065460784313725,starter,NA,2025,19.1,Arvs
9,Dylan Sampson,12469,RB,2,10.9,1.6367352941176474,starter,NA,2025,11.9,Arvs
9,Jaylen Warren,8228,RB,2,17.4,8.136735294117646,starter,NA,2025,10.4,Arvs
9,Malik Nabers,11632,WR,2,37.7,23.489696078431376,starter,NA,2025,17.7,Arvs
9,Jaxon Smith-Njigba,9488,WR,2,18.3,4.089696078431373,starter,NA,2025,16.1,Arvs
9,Dalton Kincaid,10236,TE,2,7.7,-1.9510294117647051,starter,NA,2025,9.8,Arvs
9,Khalil Shakir,8134,WR,2,2.2,-12.010303921568628,starter,NA,2025,13.3,Arvs
9,Keenan Allen,1479,WR,2,17.1,2.889696078431374,starter,NA,2025,11.3,Arvs
9,Tyler Loop,12711,K,2,12,6.651960784313726,starter,NA,2025,17,Arvs
9,Washington Commanders,WAS,DST,2,2,-5.0323529411764705,starter,NA,2025,1,Arvs
7,Drake Maye,11564,QB,2,26.3,12.089696078431372,starter,NA,2025,17.5,ElatedBroncosFan
7,Bijan Robinson,9509,RB,2,19.8,10.536735294117648,starter,NA,2025,21.1,ElatedBroncosFan
7,Christian McCaffrey,4034,RB,2,22.7,13.436735294117646,starter,NA,2025,21,ElatedBroncosFan
7,Puka Nacua,9493,WR,2,27.6,16.810117647058824,starter,NA,2025,18.5,ElatedBroncosFan
7,Hollywood Brown,5848,WR,2,8,-2.7898823529411754,starter,NA,2025,13.1,ElatedBroncosFan
7,Travis Kelce,1466,TE,2,10.1,0.44897058823529434,starter,NA,2025,15.8,ElatedBroncosFan
7,Garrett Wilson,8146,WR,2,9,-1.7898823529411754,starter,NA,2025,15,ElatedBroncosFan
7,Jared Goff,3163,QB,2,33.96,19.749696078431377,starter,NA,2025,16,ElatedBroncosFan
7,Wil Lutz,3678,K,2,3,-2.348039215686274,starter,NA,2025,20,ElatedBroncosFan
7,Baltimore Ravens,BAL,DST,2,16,8.96764705882353,starter,NA,2025,7,ElatedBroncosFan
10,Jayden Daniels,11566,QB,2,19.7,5.489696078431372,starter,NA,2025,22.4,Gretsch0401
10,Chase Brown,9224,RB,2,8.5,-0.763264705882353,starter,NA,2025,15.3,Gretsch0401
10,Alvin Kamara,4035,RB,2,16,6.736735294117647,starter,NA,2025,14.8,Gretsch0401
10,Tyreek Hill,3321,WR,2,16.9,6.110117647058823,starter,NA,2025,15.5,Gretsch0401
10,Davante Adams,2133,WR,2,22.6,11.810117647058826,starter,NA,2025,14.6,Gretsch0401
10,Mike Gesicki,4993,TE,2,4.8,-4.8510294117647055,starter,NA,2025,5.6,Gretsch0401
10,Jakobi Meyers,5947,WR,2,12.8,2.0101176470588253,starter,NA,2025,14.6,Gretsch0401
10,Justin Fields,7591,QB,2,3.98,-10.230303921568629,starter,NA,2025,18,Gretsch0401
10,Brandon Aubrey,11533,K,2,22,16.651960784313726,starter,NA,2025,32,Gretsch0401
10,Philadelphia Eagles,PHI,DST,2,6,-1.0323529411764705,starter,NA,2025,16,Gretsch0401
2,Patrick Mahomes,4046,QB,2,23.08,12.165460784313725,starter,NA,2025,18.3,SFOControl
2,Austin Ekeler,4663,RB,2,4.4,-4.863264705882353,starter,NA,2025,10.2,SFOControl
2,De'Von Achane,9226,RB,2,26.2,16.936735294117646,starter,NA,2025,17.3,SFOControl
2,CeeDee Lamb,6786,WR,2,20.2,5.989696078431372,starter,NA,2025,21,SFOControl
2,Drake London,8112,WR,2,5.9,-8.310303921568627,starter,NA,2025,16.5,SFOControl
2,Will Dissly,5010,TE,2,1.7,-7.951029411764705,starter,NA,2025,4.5,SFOControl
2,Mike Evans,2216,WR,2,10.6,-3.610303921568628,starter,NA,2025,17,SFOControl
2,Deebo Samuel Sr.,5872,WR,2,17.4,3.1896960784313713,starter,NA,2025,14.4,SFOControl
2,Daniel Carlson,5095,K,2,12,6.651960784313726,starter,NA,2025,8,SFOControl
2,Detroit Lions,DET,DST,2,9,1.9676470588235295,starter,NA,2025,31,SFOControl
12,Jordan Love,6804,QB,2,20.88,6.669696078431372,starter,NA,2025,15.9,TheJandyStock
12,Saquon Barkley,4866,RB,2,17.4,6.610117647058823,starter,NA,2025,19,TheJandyStock
12,Derrick Henry,3198,RB,2,2.3,-8.489882352941176,starter,NA,2025,17.8,TheJandyStock
12,Stefon Diggs,2449,WR,2,7.2,-3.991254901960784,starter,NA,2025,12.3,TheJandyStock
12,George Pickens,8137,WR,2,17.8,6.608745098039217,starter,NA,2025,12.7,TheJandyStock
12,Sam LaPorta,10859,TE,2,5.6,-4.051029411764706,starter,NA,2025,10.4,TheJandyStock
12,Josh Jacobs,5850,RB,2,14.4,3.610117647058825,starter,NA,2025,14.8,TheJandyStock
12,Baker Mayfield,4892,QB,2,19.9,5.689696078431371,starter,NA,2025,18.2,TheJandyStock
12,Harrison Butker,4227,K,2,6,0.6519607843137258,starter,NA,2025,9,TheJandyStock
12,Pittsburgh Steelers,PIT,DST,2,5,-2.0323529411764705,starter,NA,2025,30,TheJandyStock
11,Lamar Jackson,4881,QB,2,26.3,12.089696078431372,starter,NA,2025,22.8,akondratieff
11,Breece Hall,8155,RB,2,5.8,-3.463264705882353,starter,NA,2025,14.5,akondratieff
11,James Conner,4137,RB,2,12.2,2.9367352941176463,starter,NA,2025,13.6,akondratieff
11,Brian Thomas Jr.,11631,WR,2,8.9,-1.889882352941175,starter,NA,2025,17.3,akondratieff
11,Michael Pittman Jr.,6819,WR,2,8,-2.7898823529411754,starter,NA,2025,13.8,akondratieff
11,Hunter Henry,3214,TE,2,1.9,-7.751029411764705,starter,NA,2025,10.8,akondratieff
11,Jaylen Waddle,7526,WR,2,17.8,7.010117647058825,starter,NA,2025,13.6,akondratieff
11,Joe Flacco,19,QB,2,9.76,-4.4503039215686275,starter,NA,2025,14.9,akondratieff
11,Brandon McManus,1433,K,2,10,4.651960784313726,starter,NA,2025,6,akondratieff
11,Los Angeles Rams,LAR,DST,2,9,1.9676470588235295,starter,NA,2025,22,akondratieff
4,Joe Burrow,6770,QB,2,7.04,-7.170303921568627,starter,NA,2025,19.8,caskinner
4,Jonathan Taylor,6813,RB,2,29.5,20.236735294117647,starter,NA,2025,16.4,caskinner
4,James Cook,8138,RB,2,26.5,17.236735294117647,starter,NA,2025,14.9,caskinner
4,Amon-Ra St. Brown,7547,WR,2,39.2,28.410117647058826,starter,NA,2025,18.8,caskinner
4,Terry McLaurin,5927,WR,2,9.8,-0.9898823529411748,starter,NA,2025,15.1,caskinner
4,Trey McBride,8130,TE,2,13.8,4.148970588235295,starter,NA,2025,16.5,caskinner
4,Tetairoa McMillan,12526,WR,2,16,5.210117647058825,starter,NA,2025,13.5,caskinner
4,Daniel Jones,5870,QB,2,22.84,8.629696078431373,starter,NA,2025,16.5,caskinner
4,Evan McPherson,7839,K,2,7,1.6519607843137258,starter,NA,2025,22,caskinner
4,Arizona Cardinals,ARI,DST,2,14,6.9676470588235295,starter,NA,2025,2,caskinner
1,Justin Herbert,6797,QB,2,18.78,4.569696078431374,starter,NA,2025,19.3,joeburrowmvp
1,Ashton Jeanty,12527,RB,2,7.4,-1.8632647058823528,starter,NA,2025,14.8,joeburrowmvp
1,David Montgomery,5892,RB,2,13.1,3.8367352941176462,starter,NA,2025,7.9,joeburrowmvp
1,Ja'Marr Chase,7564,WR,2,36.5,25.710117647058823,starter,NA,2025,21.3,joeburrowmvp
1,Zay Flowers,9997,WR,2,14.9,4.110117647058825,starter,NA,2025,17.1,joeburrowmvp
1,Tyler Warren,12518,TE,2,11.9,2.248970588235295,starter,NA,2025,12.2,joeburrowmvp
1,DeVonta Smith,7525,WR,2,9.3,-1.4898823529411749,starter,NA,2025,14.1,joeburrowmvp
1,Kyler Murray,5849,QB,2,15,0.7896960784313727,starter,NA,2025,18.9,joeburrowmvp
1,Ka'imi Fairbairn,3451,K,2,9,3.651960784313726,starter,NA,2025,19,joeburrowmvp
1,Houston Texans,HOU,DST,2,8,0.9676470588235296,starter,NA,2025,23,joeburrowmvp
6,Josh Allen,4984,QB,2,11.82,-2.390303921568627,starter,NA,2025,24.9,jzeigboi
6,Jahmyr Gibbs,9221,RB,2,19.4,10.136735294117646,starter,NA,2025,17.4,jzeigboi
6,Tony Pollard,5967,RB,2,9.2,-0.06326470588235367,starter,NA,2025,15.9,jzeigboi
6,A.J. Brown,5859,WR,2,7.7,-3.089882352941175,starter,NA,2025,17,jzeigboi
6,Tee Higgins,6801,WR,2,14.6,3.810117647058824,starter,NA,2025,14.4,jzeigboi
6,Brenton Strange,9480,TE,2,4.7,-4.951029411764705,starter,NA,2025,9.1,jzeigboi
6,Rome Odunze,11620,WR,2,31.8,21.010117647058827,starter,NA,2025,13.8,jzeigboi
6,Michael Penix Jr.,11559,QB,2,5.3,-8.910303921568627,starter,NA,2025,15.7,jzeigboi
6,Cameron Dicker,8259,K,2,8,2.651960784313726,starter,NA,2025,25,jzeigboi
6,Minnesota Vikings,MIN,DST,2,6,-1.0323529411764705,starter,NA,2025,10,jzeigboi
3,Dak Prescott,3294,QB,2,23.14,8.929696078431373,starter,NA,2025,16,lukestip
3,Kenneth Walker III,8151,RB,2,18.8,8.010117647058825,starter,NA,2025,13.3,lukestip
3,Javonte Williams,7588,RB,2,25,14.210117647058825,starter,NA,2025,12,lukestip
3,Justin Jefferson,6794,WR,2,11.1,-0.09125490196078444,starter,NA,2025,18.7,lukestip
3,D.J. Moore,4983,WR,2,9.6,-1.5912549019607845,starter,NA,2025,13.6,lukestip
3,Brock Bowers,11604,TE,2,8.8,-0.8510294117647046,starter,NA,2025,17.3,lukestip
3,Tyrone Tracy Jr.,11655,RB,2,9.1,-1.6898823529411755,starter,NA,2025,11.3,lukestip
3,Sam Darnold,4943,QB,2,17.8,3.5896960784313734,starter,NA,2025,13.6,lukestip
3,Jake Elliott,4195,K,2,12,6.651960784313726,starter,NA,2025,26,lukestip
3,San Francisco 49ers,SF,DST,2,7,-0.03235294117647047,starter,NA,2025,15,lukestip
5,J.J. McCarthy,11565,QB,2,4.82,-9.390303921568629,starter,NA,2025,16.2,ngernenz
5,Kyren Williams,8150,RB,2,10,0.736735294117647,starter,NA,2025,16.3,ngernenz
5,Bucky Irving,11584,RB,2,18.1,8.836735294117648,starter,NA,2025,15.6,ngernenz
5,Courtland Sutton,5045,WR,2,1.6,-9.189882352941176,starter,NA,2025,17.2,ngernenz
5,Ladd McConkey,11635,WR,2,9.8,-0.9898823529411748,starter,NA,2025,17.7,ngernenz
5,David Njoku,4033,TE,2,8,-1.6510294117647053,starter,NA,2025,11.9,ngernenz
5,Marvin Harrison Jr.,11628,WR,2,4.7,-6.089882352941175,starter,NA,2025,14.6,ngernenz
5,Trevor Lawrence,7523,QB,2,21.24,7.029696078431371,starter,NA,2025,17.2,ngernenz
5,Cam Little,11786,K,2,10,4.651960784313726,starter,NA,2025,21,ngernenz
5,Dallas Cowboys,DAL,DST,2,1,-6.0323529411764705,starter,NA,2025,25,ngernenz
8,Jalen Hurts,6904,QB,2,11.54,-2.670303921568628,starter,NA,2025,22.3,obiwanginobiIi
8,Chuba Hubbard,7594,RB,2,18.7,7.910117647058824,starter,NA,2025,13.1,obiwanginobiIi
8,Omarion Hampton,12507,RB,2,3.5,-7.289882352941175,starter,NA,2025,13.8,obiwanginobiIi
8,Dont'e Thornton,12541,WR,2,3,-8.191254901960784,starter,NA,2025,6.5,obiwanginobiIi
8,Cedric Tillman,10444,WR,2,10.2,-0.9912549019607848,starter,NA,2025,9.7,obiwanginobiIi
8,T.J. Hockenson,5844,TE,2,2.2,-7.451029411764705,starter,NA,2025,11.2,obiwanginobiIi
8,Zach Charbonnet,9753,RB,2,1,-9.789882352941175,starter,NA,2025,9.6,obiwanginobiIi
8,Bo Nix,11563,QB,2,21.24,7.029696078431371,starter,NA,2025,17.6,obiwanginobiIi
8,Jake Bates,11539,K,2,9,3.651960784313726,starter,NA,2025,28,obiwanginobiIi
8,Denver Broncos,DEN,DST,2,0,-7.0323529411764705,starter,NA,2025,32,obiwanginobiIi
9,Joe Milton,11557,QB,2,0,0,bench,2,2025,0,Arvs
9,Braelon Allen,11576,RB,2,1.1,0,bench,2,2025,5.6,Arvs
9,Cam Skattebo,12481,RB,2,13.9,0,bench,1,2025,3.8,Arvs
9,Cameron Ward,12522,QB,2,9.8,0,bench,1,2025,12.4,Arvs
9,Kyle Monangai,12534,RB,2,4.6000000000000005,0,bench,1,2025,1,Arvs
9,Zach Ertz,1339,TE,2,18.4,0,bench,13,2025,11.2,Arvs
9,Chris Godwin,4037,WR,2,0,0,bench,9,2025,0,Arvs
9,Brandon Aiyuk,6803,WR,2,0,0,bench,6,2025,0,Arvs
9,Mac Jones,7527,QB,2,20.76,0,bench,5,2025,15.4,Arvs
9,Najee Harris,7528,RB,2,6.800000000000001,0,bench,5,2025,1.8,Arvs
9,Jake Ferguson,8110,TE,2,16.8,0,bench,4,2025,10.4,Arvs
9,Jordan Mason,8408,RB,2,5.8,0,bench,4,2025,7.4,Arvs
9,Michael Mayer,9482,TE,2,2.9,0,bench,3,2025,6.2,Arvs
7,Will Shipley,11577,RB,2,0,0,bench,2,2025,0,ElatedBroncosFan
7,Jalen McMillan,11618,WR,2,0,0,bench,2,2025,0,ElatedBroncosFan
7,Xavier Legette,11626,WR,2,0.8,0,bench,2,2025,11.5,ElatedBroncosFan
7,Keon Coleman,11637,WR,2,5.6,0,bench,2,2025,15,ElatedBroncosFan
7,Jalen Coker,11646,WR,2,0,0,bench,2,2025,0,ElatedBroncosFan
7,Jaydon Blue,12457,RB,2,0,0,bench,1,2025,0,ElatedBroncosFan
7,Pat Bryant,12492,WR,2,3.8,0,bench,1,2025,0,ElatedBroncosFan
7,Mason Taylor,12498,TE,2,1.5,0,bench,1,2025,7.7,ElatedBroncosFan
7,DK Metcalf,5846,WR,2,11,0,bench,7,2025,17.3,ElatedBroncosFan
7,Juwan Johnson,7002,TE,2,15.9,0,bench,6,2025,11.5,ElatedBroncosFan
7,Rico Dowdle,7021,RB,2,2.9,0,bench,6,2025,5.1,ElatedBroncosFan
7,Nico Collins,7569,WR,2,14.2,0,bench,5,2025,18.3,ElatedBroncosFan
7,Chigoziem Okonkwo,8210,TE,2,7.5,0,bench,4,2025,9.2,ElatedBroncosFan
7,Kayshon Boutte,9504,WR,2,8.6,0,bench,3,2025,11.7,ElatedBroncosFan
7,Kendre Miller,9757,RB,2,2,0,bench,3,2025,2.7,ElatedBroncosFan
10,Elic Ayomanor,12499,WR,2,15.6,0,bench,1,2025,8.2,Gretsch0401
10,Quinshon Judkins,12512,RB,2,10.1,0,bench,1,2025,0.8,Gretsch0401
10,DeAndre Hopkins,1426,WR,2,14.4,0,bench,13,2025,4,Gretsch0401
10,George Kittle,4217,TE,2,0,0,bench,9,2025,0,Gretsch0401
10,Rashod Bateman,7571,WR,2,3.5,0,bench,5,2025,9.2,Gretsch0401
10,Romeo Doubs,8121,WR,2,11.8,0,bench,4,2025,10.6,Gretsch0401
10,Brian Robinson Jr.,8154,RB,2,2.9,0,bench,4,2025,3.2,Gretsch0401
10,Christian Watson,8167,WR,2,0,0,bench,4,2025,0,Gretsch0401
10,Isiah Pacheco,8205,RB,2,3.9,0,bench,4,2025,11.2,Gretsch0401
10,C.J. Stroud,9758,QB,2,14.98,0,bench,3,2025,16.5,Gretsch0401
10,Kansas City Chiefs,KC,DST,2,2,0,bench,NA,2025,3,Gretsch0401
2,Tom Brady,167,QB,2,0,0,bench,23,2025,0,SFOControl
2,Brandon Allen,3357,QB,2,0,0,bench,10,2025,0,SFOControl
2,Younghoe Koo,4666,K,2,0,0,bench,9,2025,0,SFOControl
2,Darius Slayton,6149,WR,2,8.100000000000001,0,bench,7,2025,8.1,SFOControl
2,J.K. Dobbins,6806,RB,2,15.500000000000002,0,bench,6,2025,9.7,SFOControl
2,A.J. Dillon,6828,RB,2,1.9,0,bench,6,2025,0,SFOControl
2,Tyler Bass,7042,K,2,0,0,bench,6,2025,0,SFOControl
2,Isaiah Likely,8131,TE,2,0,0,bench,4,2025,0,SFOControl
2,Brock Purdy,8183,QB,2,0,0,bench,4,2025,0,SFOControl
2,Buffalo Bills,BUF,DST,2,13,0,bench,NA,2025,21,SFOControl
12,Rashee Rice,10229,WR,2,0,0,bench,3,2025,0,TheJandyStock
12,Jonathon Brooks,11583,RB,2,0,0,bench,2,2025,0,TheJandyStock
12,Roman Wilson,11630,WR,2,1.7000000000000002,0,bench,2,2025,0,TheJandyStock
12,Russell Wilson,1234,QB,2,30.3,0,bench,14,2025,14.5,TheJandyStock
12,Harold Fannin,12506,TE,2,9.8,0,bench,1,2025,9.6,TheJandyStock
12,TreVeyon Henderson,12529,RB,2,6,0,bench,1,2025,11.2,TheJandyStock
12,Jaylin Noel,12536,WR,2,0,0,bench,1,2025,2.3,TheJandyStock
12,Tyler Shough,12545,QB,2,0,0,bench,1,2025,0,TheJandyStock
12,Adam Thielen,1689,WR,2,4.6,0,bench,13,2025,4,TheJandyStock
12,Chris Boswell,1945,K,2,12,0,bench,12,2025,29,TheJandyStock
12,Calvin Ridley,4981,WR,2,8.7,0,bench,8,2025,14,TheJandyStock
12,Kenny Gainwell,7567,RB,2,6.6,0,bench,5,2025,0,TheJandyStock
12,Pat Freiermuth,7600,TE,2,6.1,0,bench,5,2025,7.2,TheJandyStock
12,Wan'Dale Robinson,8126,WR,2,28.200000000000003,0,bench,4,2025,10.8,TheJandyStock
11,Tre Tucker,10213,WR,2,4.9,0,bench,3,2025,8,akondratieff
11,Spencer Rattler,11562,QB,2,20.68,0,bench,2,2025,15.1,akondratieff
11,Bhayshul Tuten,12490,RB,2,15.4,0,bench,1,2025,6.3,akondratieff
11,Travis Hunter,12530,WR,2,5.2,0,bench,1,2025,12.9,akondratieff
11,Jauan Jennings,7049,WR,2,19.9,0,bench,6,2025,11.3,akondratieff
11,Rhamondre Stevenson,7611,RB,2,21.200000000000003,0,bench,5,2025,11.6,akondratieff
11,Jameson Williams,8148,WR,2,18.8,0,bench,4,2025,13.6,akondratieff
11,Tucker Kraft,9484,TE,2,24.4,0,bench,3,2025,10.5,akondratieff
11,DeMario Douglas,9501,WR,2,1.8,0,bench,3,2025,9.2,akondratieff
11,Green Bay Packers,GB,DST,2,5,0,bench,NA,2025,20,akondratieff
4,MarShawn Lloyd,11581,RB,2,0,0,bench,2,2025,0,caskinner
4,Trey Benson,11589,RB,2,8.4,0,bench,2,2025,5.8,caskinner
4,Ricky Pearsall,11638,WR,2,9.2,0,bench,2,2025,16.1,caskinner
4,Isaac Guerendo,11651,RB,2,0,0,bench,2,2025,0,caskinner
4,DJ Giddens,12471,RB,2,0,0,bench,1,2025,4.1,caskinner
4,Ollie Gordon,12495,RB,2,2.3,0,bench,1,2025,2.9,caskinner
4,Kaleb Johnson,12504,RB,2,0.1,0,bench,1,2025,0,caskinner
4,Trevor Etienne,12531,RB,2,1.2,0,bench,1,2025,0,caskinner
4,Cooper Kupp,4039,WR,2,16,0,bench,9,2025,9.1,caskinner
4,Matthew Stafford,421,QB,2,18.32,0,bench,17,2025,14,caskinner
4,Chris Olave,8144,WR,2,11.4,0,bench,4,2025,13.1,caskinner
4,Jake Tonges,8698,TE,2,7.1,0,bench,4,2025,7.4,caskinner
4,Bryce Young,9228,QB,2,22.32,0,bench,3,2025,15.4,caskinner
4,Tyjae Spears,9508,RB,2,0,0,bench,3,2025,0,caskinner
4,Quentin Johnston,9754,WR,2,15.9,0,bench,3,2025,12.5,caskinner
1,Jayden Reed,10222,WR,2,0,0,bench,3,2025,8.8,joeburrowmvp
1,Quinn Ewers,12500,QB,2,0,0,bench,1,2025,0,joeburrowmvp
1,Tre Harris,12509,WR,2,5.4,0,bench,1,2025,0,joeburrowmvp
1,Shedeur Sanders,12524,QB,2,0,0,bench,1,2025,0,joeburrowmvp
1,Tahj Brooks,12543,RB,2,0,0,bench,1,2025,0,joeburrowmvp
1,Kareem Hunt,4098,RB,2,3.4000000000000004,0,bench,9,2025,5.5,joeburrowmvp
1,Taysom Hill,4381,TE,2,0,0,bench,9,2025,0,joeburrowmvp
1,Nick Chubb,4988,RB,2,15.2,0,bench,8,2025,9.6,joeburrowmvp
1,Mark Andrews,5012,TE,2,1.4,0,bench,8,2025,11.5,joeburrowmvp
1,Jerry Jeudy,6783,WR,2,9.1,0,bench,6,2025,14.1,joeburrowmvp
1,Kyle Pitts,7553,TE,2,7.7,0,bench,5,2025,9.9,joeburrowmvp
1,Jerome Ford,8143,RB,2,10.4,0,bench,4,2025,4.7,joeburrowmvp
1,Keaton Mitchell,9511,RB,2,0,0,bench,3,2025,0,joeburrowmvp
1,Aaron Rodgers,96,QB,2,12.420000000000002,0,bench,21,2025,15.4,joeburrowmvp
6,Blake Corum,11586,RB,2,10.4,0,bench,2,2025,1.1,jzeigboi
6,Xavier Worthy,11624,WR,2,0,0,bench,2,2025,0,jzeigboi
6,Jaylen Wright,11643,RB,2,0,0,bench,2,2025,0,jzeigboi
6,Dillon Gabriel,12486,QB,2,4.76,0,bench,1,2025,0,jzeigboi
6,Jalen Royals,12505,WR,2,0,0,bench,1,2025,0,jzeigboi
6,Colston Loveland,12517,TE,2,0,0,bench,1,2025,6.4,jzeigboi
6,Jacory Croskey-Merritt,12533,RB,2,1.7000000000000002,0,bench,1,2025,10.4,jzeigboi
6,Isaac TeSlaa,12535,WR,2,3.9,0,bench,1,2025,3.1,jzeigboi
6,Dallas Goedert,5022,TE,2,0,0,bench,8,2025,0,jzeigboi
6,D'Andre Swift,6790,RB,2,13.9,0,bench,6,2025,12.6,jzeigboi
6,Darnell Mooney,7090,WR,2,4,0,bench,6,2025,10.6,jzeigboi
6,Calvin Austin III,8125,WR,2,3.2,0,bench,4,2025,10.2,jzeigboi
6,Rashid Shaheed,8676,WR,2,15.2,0,bench,4,2025,11.2,jzeigboi
6,Tank Dell,9502,WR,2,0,0,bench,3,2025,0,jzeigboi
3,Chris Rodriguez Jr.,10219,RB,2,0,0,bench,3,2025,0,lukestip
3,Ray Davis,11575,RB,2,2.4000000000000004,0,bench,2,2025,3.8,lukestip
3,Adonai Mitchell,11625,WR,2,4,0,bench,2,2025,3.2,lukestip
3,Devin Neal,12476,RB,2,0,0,bench,1,2025,0,lukestip
3,Nick Nash,12478,WR,2,0,0,bench,1,2025,0,lukestip
3,Jack Bech,12483,WR,2,0,0,bench,1,2025,0,lukestip
3,Matthew Golden,12501,WR,2,1.5,0,bench,1,2025,11,lukestip
3,Joe Mixon,4018,RB,2,0,0,bench,9,2025,0,lukestip
3,Allen Lazard,5185,WR,2,0,0,bench,7,2025,0,lukestip
3,Justice Hill,5995,RB,2,5.5,0,bench,7,2025,3.8,lukestip
3,Tua Tagovailoa,6768,QB,2,19.6,0,bench,6,2025,13.4,lukestip
3,Cole Kmet,6826,TE,2,4.9,0,bench,6,2025,5.1,lukestip
3,Will Levis,9999,QB,2,0,0,bench,3,2025,0,lukestip
5,Jayden Higgins,12484,WR,2,3.8,0,bench,1,2025,9.1,ngernenz
5,Tory Horton,12497,WR,2,11.2,0,bench,1,2025,4.7,ngernenz
5,Jalen Milroe,12510,QB,2,0,0,bench,1,2025,0,ngernenz
5,Emeka Egbuka,12514,WR,2,12.9,0,bench,1,2025,14.4,ngernenz
5,Elijah Arroyo,12521,TE,2,5.1,0,bench,1,2025,4.4,ngernenz
5,Geno Smith,1373,QB,2,6.2,0,bench,13,2025,16.6,ngernenz
5,Jonnu Smith,4144,TE,2,6.7,0,bench,9,2025,9.9,ngernenz
5,Aaron Jones,4199,RB,2,2.3000000000000003,0,bench,9,2025,13.3,ngernenz
5,Jason Sanders,5119,K,2,0,0,bench,8,2025,0,ngernenz
5,Travis Etienne,7543,RB,2,16.900000000000002,0,bench,5,2025,13.9,ngernenz
5,Joshua Palmer,7670,WR,2,6.7,0,bench,5,2025,7.8,ngernenz
5,Noah Gray,7828,TE,2,1.1,0,bench,5,2025,7.1,ngernenz
5,Tyquan Thornton,8188,WR,2,13.9,0,bench,4,2025,6.5,ngernenz
5,Josh Downs,9500,WR,2,11.1,0,bench,3,2025,9.8,ngernenz
8,Savion Williams,12482,WR,2,2.4000000000000004,0,bench,1,2025,0,obiwanginobiIi
8,RJ Harvey,12489,RB,2,3.4000000000000004,0,bench,1,2025,8.2,obiwanginobiIi
8,Isaiah Bond,12503,WR,2,2.5,0,bench,1,2025,0,obiwanginobiIi
8,Jaxson Dart,12508,QB,2,-0.30000000000000004,0,bench,1,2025,0,obiwanginobiIi
8,Luther Burden,12519,WR,2,1.5,0,bench,1,2025,2.1,obiwanginobiIi
8,Kyle Williams,12547,WR,2,0,0,bench,1,2025,0,obiwanginobiIi
8,Deshaun Watson,4017,QB,2,0,0,bench,9,2025,0,obiwanginobiIi
8,Evan Engram,4066,TE,2,2.2,0,bench,9,2025,7.5,obiwanginobiIi
8,Christian Kirk,4950,WR,2,0,0,bench,8,2025,0,obiwanginobiIi
8,Tyler Allgeier,8132,RB,2,15.000000000000002,0,bench,4,2025,3.4,obiwanginobiIi
8,Rachaad White,8136,RB,2,14.6,0,bench,4,2025,5.7,obiwanginobiIi
8,Anthony Richardson,9229,QB,2,0,0,bench,3,2025,0,obiwanginobiIi
8,Marvin Mims Jr.,9494,WR,2,10.4,0,bench,3,2025,10.6,obiwanginobiIi
8,Jordan Addison,9756,WR,2,0,0,bench,3,2025,0,obiwanginobiIi
9,Caleb Williams,11560,QB,3,29.12,17.21386274509804,starter,NA,2025,18.8,Arvs
9,Jordan Mason,8408,RB,3,23.6,12.878401960784316,starter,NA,2025,11.4,Arvs
9,Jaylen Warren,8228,RB,3,13.1,2.3784019607843145,starter,NA,2025,12,Arvs
9,Malik Nabers,11632,WR,3,3.3,-6.527382352941177,starter,NA,2025,17.9,Arvs
9,Keenan Allen,1479,WR,3,19.5,9.672617647058823,starter,NA,2025,12.6,Arvs
9,Zach Ertz,1339,TE,3,6.8,-2.6876960784313733,starter,NA,2025,12.2,Arvs
9,Jaxon Smith-Njigba,9488,WR,3,20.6,10.772617647058825,starter,NA,2025,17.9,Arvs
9,Mac Jones,7527,QB,3,14.26,2.3538627450980396,starter,NA,2025,15.8,Arvs
9,Tyler Loop,12711,K,3,7,-0.2147058823529413,starter,NA,2025,17,Arvs
9,Washington Commanders,WAS,DST,3,11,4.31764705882353,starter,NA,2025,1,Arvs
7,Justin Herbert,6797,QB,3,15.6,3.693862745098039,starter,NA,2025,20.2,ElatedBroncosFan
7,Bijan Robinson,9509,RB,3,16.1,5.378401960784316,starter,NA,2025,21.8,ElatedBroncosFan
7,Christian McCaffrey,4034,RB,3,24,13.278401960784317,starter,NA,2025,20.5,ElatedBroncosFan
7,Puka Nacua,9493,WR,3,22.8,12.972617647058824,starter,NA,2025,17.3,ElatedBroncosFan
7,Zay Flowers,9997,WR,3,3.3,-6.527382352941177,starter,NA,2025,16.8,ElatedBroncosFan
7,Travis Kelce,1466,TE,3,6.6,-2.8876960784313734,starter,NA,2025,13.3,ElatedBroncosFan
7,Garrett Wilson,8146,WR,3,24.4,14.572617647058822,starter,NA,2025,14.2,ElatedBroncosFan
7,Drake Maye,11564,QB,3,20.22,8.313862745098039,starter,NA,2025,17.9,ElatedBroncosFan
7,Spencer Shrader,12185,K,3,10,2.7852941176470587,starter,NA,2025,0,ElatedBroncosFan
7,Atlanta Falcons,ATL,DST,3,2,-4.68235294117647,starter,NA,2025,11,ElatedBroncosFan
10,Marcus Mariota,2307,QB,3,20.28,8.373862745098041,starter,NA,2025,17.6,Gretsch0401
10,Chase Brown,9224,RB,3,6,-4.721598039215685,starter,NA,2025,13.1,Gretsch0401
10,Alvin Kamara,4035,RB,3,6.6,-4.1215980392156855,starter,NA,2025,14.1,Gretsch0401
10,Tyreek Hill,3321,WR,3,15.9,6.072617647058824,starter,NA,2025,14.4,Gretsch0401
10,Davante Adams,2133,WR,3,14.6,4.772617647058823,starter,NA,2025,16.3,Gretsch0401
10,Mike Gesicki,4993,TE,3,1.6,-7.887696078431373,starter,NA,2025,4.7,Gretsch0401
10,Jakobi Meyers,5947,WR,3,9.3,-0.5273823529411761,starter,NA,2025,14.5,Gretsch0401
10,C.J. Stroud,9758,QB,3,12.36,0.45386274509803926,starter,NA,2025,16,Gretsch0401
10,Brandon Aubrey,11533,K,3,8,0.7852941176470587,starter,NA,2025,32,Gretsch0401
10,Philadelphia Eagles,PHI,DST,3,13,6.31764705882353,starter,NA,2025,16,Gretsch0401
2,Patrick Mahomes,4046,QB,3,13.16,5.092127450980392,starter,NA,2025,19.8,SFOControl
2,J.K. Dobbins,6806,RB,3,15.3,4.578401960784316,starter,NA,2025,9.9,SFOControl
2,De'Von Achane,9226,RB,3,16.1,5.378401960784316,starter,NA,2025,18.9,SFOControl
2,CeeDee Lamb,6786,WR,3,0,-11.90613725490196,starter,NA,2025,19.9,SFOControl
2,Drake London,8112,WR,3,10.5,-1.4061372549019602,starter,NA,2025,14.4,SFOControl
2,Juwan Johnson,7002,TE,3,11.1,1.6123039215686266,starter,NA,2025,11.6,SFOControl
2,Mike Evans,2216,WR,3,13.3,1.3938627450980403,starter,NA,2025,16.7,SFOControl
2,Deebo Samuel Sr.,5872,WR,3,4.9,-7.00613725490196,starter,NA,2025,14.4,SFOControl
2,Daniel Carlson,5095,K,3,4,-3.2147058823529413,starter,NA,2025,8,SFOControl
2,Buffalo Bills,BUF,DST,3,2,-4.68235294117647,starter,NA,2025,21,SFOControl
12,Jordan Love,6804,QB,3,12.12,0.21386274509803904,starter,NA,2025,17,TheJandyStock
12,Saquon Barkley,4866,RB,3,9.5,-0.3273823529411768,starter,NA,2025,17.6,TheJandyStock
12,Derrick Henry,3198,RB,3,10.7,0.8726176470588225,starter,NA,2025,16.4,TheJandyStock
12,Wan'Dale Robinson,8126,WR,3,3.6,-6.582088235294117,starter,NA,2025,11.3,TheJandyStock
12,George Pickens,8137,WR,3,17.8,7.617911764705884,starter,NA,2025,12.8,TheJandyStock
12,Sam LaPorta,10859,TE,3,7.3,-2.1876960784313733,starter,NA,2025,10.6,TheJandyStock
12,Josh Jacobs,5850,RB,3,12.4,2.5726176470588236,starter,NA,2025,15,TheJandyStock
12,Baker Mayfield,4892,QB,3,17.72,5.813862745098039,starter,NA,2025,17.9,TheJandyStock
12,Harrison Butker,4227,K,3,11,3.7852941176470583,starter,NA,2025,9,TheJandyStock
12,Pittsburgh Steelers,PIT,DST,3,20,13.31764705882353,starter,NA,2025,30,TheJandyStock
11,Lamar Jackson,4881,QB,3,27.02,18.95212745098039,starter,NA,2025,23.4,akondratieff
11,Breece Hall,8155,RB,3,9.2,-1.5215980392156858,starter,NA,2025,14.5,akondratieff
11,Rhamondre Stevenson,7611,RB,3,4.6,-6.1215980392156855,starter,NA,2025,11.3,akondratieff
11,Jameson Williams,8148,WR,3,6.3,-5.60613725490196,starter,NA,2025,13.7,akondratieff
11,Michael Pittman Jr.,6819,WR,3,19.3,7.39386274509804,starter,NA,2025,15.2,akondratieff
11,Tucker Kraft,9484,TE,3,5.9,-3.5876960784313727,starter,NA,2025,11.7,akondratieff
11,Travis Hunter,12530,WR,3,3.1,-8.80613725490196,starter,NA,2025,10.9,akondratieff
11,Brian Thomas Jr.,11631,WR,3,7.5,-4.40613725490196,starter,NA,2025,14.8,akondratieff
11,Brandon McManus,1433,K,3,3,-4.214705882352941,starter,NA,2025,6,akondratieff
11,Los Angeles Rams,LAR,DST,3,6,-0.6823529411764699,starter,NA,2025,22,akondratieff
4,Daniel Jones,5870,QB,3,15.82,3.91386274509804,starter,NA,2025,17.9,caskinner
4,Jonathan Taylor,6813,RB,3,32.8,22.078401960784312,starter,NA,2025,20,caskinner
4,James Cook,8138,RB,3,20.8,10.078401960784316,starter,NA,2025,18.4,caskinner
4,Amon-Ra St. Brown,7547,WR,3,20.7,10.872617647058822,starter,NA,2025,18.9,caskinner
4,Terry McLaurin,5927,WR,3,10.4,0.5726176470588236,starter,NA,2025,14.3,caskinner
4,Trey McBride,8130,TE,3,15.3,5.812303921568628,starter,NA,2025,16.4,caskinner
4,Tetairoa McMillan,12526,WR,3,7.8,-2.027382352941177,starter,NA,2025,15.1,caskinner
4,Matthew Stafford,421,QB,3,14.84,2.9338627450980397,starter,NA,2025,15.1,caskinner
4,Evan McPherson,7839,K,3,5,-2.2147058823529413,starter,NA,2025,22,caskinner
4,Seattle Seahawks,SEA,DST,3,16,9.31764705882353,starter,NA,2025,28,caskinner
1,Jared Goff,3163,QB,3,12.68,0.7738627450980395,starter,NA,2025,16.3,joeburrowmvp
1,Ashton Jeanty,12527,RB,3,6.3,-4.421598039215685,starter,NA,2025,14,joeburrowmvp
1,Nick Chubb,4988,RB,3,7,-3.721598039215685,starter,NA,2025,9.1,joeburrowmvp
1,Ja'Marr Chase,7564,WR,3,8.9,-0.9273823529411764,starter,NA,2025,18.6,joeburrowmvp
1,Nico Collins,7569,WR,3,22.4,12.572617647058822,starter,NA,2025,15.7,joeburrowmvp
1,Tyler Warren,12518,TE,3,6.8,-2.6876960784313733,starter,NA,2025,12.5,joeburrowmvp
1,DeVonta Smith,7525,WR,3,20,10.172617647058823,starter,NA,2025,13.4,joeburrowmvp
1,Kyler Murray,5849,QB,3,14.06,2.1538627450980403,starter,NA,2025,18.7,joeburrowmvp
1,Ka'imi Fairbairn,3451,K,3,3,-4.214705882352941,starter,NA,2025,19,joeburrowmvp
1,Houston Texans,HOU,DST,3,5,-1.68235294117647,starter,NA,2025,23,joeburrowmvp
6,Josh Allen,4984,QB,3,23.02,11.11386274509804,starter,NA,2025,24.4,jzeigboi
6,Jahmyr Gibbs,9221,RB,3,26.9,16.178401960784313,starter,NA,2025,17,jzeigboi
6,Tony Pollard,5967,RB,3,13.9,3.1784019607843152,starter,NA,2025,15.4,jzeigboi
6,A.J. Brown,5859,WR,3,22.9,13.072617647058822,starter,NA,2025,15,jzeigboi
6,Tee Higgins,6801,WR,3,2.5,-7.327382352941177,starter,NA,2025,14,jzeigboi
6,Brenton Strange,9480,TE,3,12.1,2.6123039215686266,starter,NA,2025,8.9,jzeigboi
6,Rome Odunze,11620,WR,3,15.2,5.3726176470588225,starter,NA,2025,15.8,jzeigboi
6,Michael Penix Jr.,11559,QB,3,5.78,-6.12613725490196,starter,NA,2025,15.1,jzeigboi
6,Matt Prater,17,K,3,7,-0.2147058823529413,starter,NA,2025,0,jzeigboi
6,Tampa Bay Buccaneers,TB,DST,3,15,8.31764705882353,starter,NA,2025,26,jzeigboi
3,Dak Prescott,3294,QB,3,14.04,2.133862745098039,starter,NA,2025,17.8,lukestip
3,Kenneth Walker III,8151,RB,3,18,7.278401960784315,starter,NA,2025,15.6,lukestip
3,Javonte Williams,7588,RB,3,12.2,1.4784019607843142,starter,NA,2025,15.1,lukestip
3,Justin Jefferson,6794,WR,3,12.5,2.672617647058823,starter,NA,2025,17,lukestip
3,D.J. Moore,4983,WR,3,12.8,2.972617647058824,starter,NA,2025,13.9,lukestip
3,Brock Bowers,11604,TE,3,9.8,0.31230392156862763,starter,NA,2025,14.7,lukestip
3,Dyami Brown,7587,WR,3,2.7,-7.127382352941177,starter,NA,2025,6.7,lukestip
3,Sam Darnold,4943,QB,3,16.72,4.813862745098039,starter,NA,2025,14.8,lukestip
3,Jake Elliott,4195,K,3,3,-4.214705882352941,starter,NA,2025,26,lukestip
3,New England Patriots,NE,DST,3,3,-3.68235294117647,starter,NA,2025,29,lukestip
5,Geno Smith,1373,QB,3,26.06,14.15386274509804,starter,NA,2025,15.5,ngernenz
5,Travis Etienne,7543,RB,3,11.6,0.8784019607843145,starter,NA,2025,13.6,ngernenz
5,Bucky Irving,11584,RB,3,13.9,3.1784019607843152,starter,NA,2025,16.3,ngernenz
5,Emeka Egbuka,12514,WR,3,14.5,4.672617647058823,starter,NA,2025,14.5,ngernenz
5,Ladd McConkey,11635,WR,3,8.1,-1.7273823529411771,starter,NA,2025,15,ngernenz
5,Jonnu Smith,4144,TE,3,5.3,-4.187696078431373,starter,NA,2025,8.3,ngernenz
5,Marvin Harrison Jr.,11628,WR,3,7.4,-2.4273823529411764,starter,NA,2025,14.1,ngernenz
5,Trevor Lawrence,7523,QB,3,8.78,-3.126137254901961,starter,NA,2025,16.8,ngernenz
5,Parker Romo,8670,K,3,-2,-9.21470588235294,starter,NA,2025,0,ngernenz
5,Jacksonville Jaguars,JAX,DST,3,13,6.31764705882353,starter,NA,2025,19,ngernenz
8,Jalen Hurts,6904,QB,3,29.04,17.13386274509804,starter,NA,2025,21.6,obiwanginobiIi
8,Chuba Hubbard,7594,RB,3,9.6,-0.22738235294117717,starter,NA,2025,12.7,obiwanginobiIi
8,Omarion Hampton,12507,RB,3,24.9,15.072617647058822,starter,NA,2025,12,obiwanginobiIi
8,Christian Kirk,4950,WR,3,5.5,-4.682088235294117,starter,NA,2025,6.3,obiwanginobiIi
8,Cedric Tillman,10444,WR,3,5.6,-4.582088235294117,starter,NA,2025,8.2,obiwanginobiIi
8,T.J. Hockenson,5844,TE,3,15.9,6.412303921568627,starter,NA,2025,11,obiwanginobiIi
8,Rachaad White,8136,RB,3,2.4,-7.427382352941176,starter,NA,2025,7.6,obiwanginobiIi
8,Bo Nix,11563,QB,3,13.42,1.5138627450980398,starter,NA,2025,17.2,obiwanginobiIi
8,Jake Bates,11539,K,3,8,0.7852941176470587,starter,NA,2025,28,obiwanginobiIi
8,Denver Broncos,DEN,DST,3,10,3.31764705882353,starter,NA,2025,32,obiwanginobiIi
9,Dalton Kincaid,10236,TE,3,17.6,0,bench,3,2025,9.6,Arvs
9,Joe Milton,11557,QB,3,0,0,bench,2,2025,0,Arvs
9,Braelon Allen,11576,RB,3,6.7,0,bench,2,2025,5.4,Arvs
9,Dylan Sampson,12469,RB,3,0.2,0,bench,1,2025,6.8,Arvs
9,Cam Skattebo,12481,RB,3,24.1,0,bench,1,2025,8.9,Arvs
9,Cameron Ward,12522,QB,3,12.96,0,bench,1,2025,11.1,Arvs
9,Kyle Monangai,12534,RB,3,3,0,bench,1,2025,1,Arvs
9,Chris Godwin,4037,WR,3,0,0,bench,9,2025,0,Arvs
9,Brandon Aiyuk,6803,WR,3,0,0,bench,6,2025,0,Arvs
9,Najee Harris,7528,RB,3,2.8000000000000003,0,bench,5,2025,6.3,Arvs
9,Jake Ferguson,8110,TE,3,21.200000000000003,0,bench,4,2025,12.4,Arvs
9,Khalil Shakir,8134,WR,3,14.5,0,bench,4,2025,13.3,Arvs
7,Ja'Tavion Sanders,11600,TE,3,3.1,0,bench,2,2025,9.3,ElatedBroncosFan
7,Jalen McMillan,11618,WR,3,0,0,bench,2,2025,0,ElatedBroncosFan
7,Troy Franklin,11627,WR,3,2.8,0,bench,2,2025,9.4,ElatedBroncosFan
7,Keon Coleman,11637,WR,3,5,0,bench,2,2025,14.1,ElatedBroncosFan
7,Jalen Coker,11646,WR,3,0,0,bench,2,2025,0,ElatedBroncosFan
7,Jaydon Blue,12457,RB,3,0,0,bench,1,2025,0,ElatedBroncosFan
7,Woody Marks,12474,RB,3,4.6000000000000005,0,bench,1,2025,4.9,ElatedBroncosFan
7,Pat Bryant,12492,WR,3,0,0,bench,1,2025,0,ElatedBroncosFan
7,Mason Taylor,12498,TE,3,5.8,0,bench,1,2025,7,ElatedBroncosFan
7,Carson Wentz,3161,QB,3,15.32,0,bench,10,2025,14,ElatedBroncosFan
7,Jeremy McNichols,4219,RB,3,13.8,0,bench,9,2025,0,ElatedBroncosFan
7,DK Metcalf,5846,WR,3,12.2,0,bench,7,2025,15.9,ElatedBroncosFan
7,Chigoziem Okonkwo,8210,TE,3,11.6,0,bench,4,2025,8.3,ElatedBroncosFan
7,Kayshon Boutte,9504,WR,3,4.800000000000001,0,bench,3,2025,10.9,ElatedBroncosFan
7,Kendre Miller,9757,RB,3,5.6000000000000005,0,bench,3,2025,1.9,ElatedBroncosFan
10,Jayden Daniels,11566,QB,3,0,0,bench,2,2025,0,Gretsch0401
10,Elic Ayomanor,12499,WR,3,13.8,0,bench,1,2025,9.7,Gretsch0401
10,Quinshon Judkins,12512,RB,3,16.5,0,bench,1,2025,9.5,Gretsch0401
10,DeAndre Hopkins,1426,WR,3,2.3,0,bench,13,2025,6.1,Gretsch0401
10,George Kittle,4217,TE,3,0,0,bench,9,2025,0,Gretsch0401
10,Rashod Bateman,7571,WR,3,17.3,0,bench,5,2025,9.1,Gretsch0401
10,Justin Fields,7591,QB,3,0,0,bench,5,2025,0,Gretsch0401
10,Romeo Doubs,8121,WR,3,4.5,0,bench,4,2025,11,Gretsch0401
10,Brian Robinson Jr.,8154,RB,3,2.2,0,bench,4,2025,3.2,Gretsch0401
10,Christian Watson,8167,WR,3,0,0,bench,4,2025,0,Gretsch0401
10,Isiah Pacheco,8205,RB,3,5.8,0,bench,4,2025,7.9,Gretsch0401
10,Kansas City Chiefs,KC,DST,3,12,0,bench,NA,2025,3,Gretsch0401
2,Tom Brady,167,QB,3,0,0,bench,23,2025,0,SFOControl
2,Austin Ekeler,4663,RB,3,0,0,bench,9,2025,0,SFOControl
2,Younghoe Koo,4666,K,3,0,0,bench,9,2025,0,SFOControl
2,Will Dissly,5010,TE,3,0,0,bench,8,2025,0,SFOControl
2,Hollywood Brown,5848,WR,3,8.2,0,bench,7,2025,12.8,SFOControl
2,Darius Slayton,6149,WR,3,7,0,bench,7,2025,6.7,SFOControl
2,Tyler Bass,7042,K,3,0,0,bench,6,2025,0,SFOControl
2,Isaiah Likely,8131,TE,3,0,0,bench,4,2025,0,SFOControl
2,Brock Purdy,8183,QB,3,0,0,bench,4,2025,0,SFOControl
2,Detroit Lions,DET,DST,3,10,0,bench,NA,2025,31,SFOControl
12,Rashee Rice,10229,WR,3,0,0,bench,3,2025,0,TheJandyStock
12,Jonathon Brooks,11583,RB,3,0,0,bench,2,2025,0,TheJandyStock
12,Roman Wilson,11630,WR,3,0,0,bench,2,2025,2.2,TheJandyStock
12,Russell Wilson,1234,QB,3,7.1000000000000005,0,bench,14,2025,15.6,TheJandyStock
12,Harold Fannin,12506,TE,3,5.5,0,bench,1,2025,10.8,TheJandyStock
12,TreVeyon Henderson,12529,RB,3,7.700000000000001,0,bench,1,2025,10.7,TheJandyStock
12,Jaylin Noel,12536,WR,3,1.4,0,bench,1,2025,0,TheJandyStock
12,Tyler Shough,12545,QB,3,0,0,bench,1,2025,0,TheJandyStock
12,Adam Thielen,1689,WR,3,0,0,bench,13,2025,3.3,TheJandyStock
12,Chris Boswell,1945,K,3,3,0,bench,12,2025,29,TheJandyStock
12,Stefon Diggs,2449,WR,3,5.300000000000001,0,bench,11,2025,11,TheJandyStock
12,Calvin Ridley,4981,WR,3,3.7,0,bench,8,2025,13,TheJandyStock
12,Kenny Gainwell,7567,RB,3,9.6,0,bench,5,2025,0,TheJandyStock
12,Pat Freiermuth,7600,TE,3,1.6,0,bench,5,2025,6.9,TheJandyStock
11,Tre Tucker,10213,WR,3,40.9,0,bench,3,2025,7.5,akondratieff
11,Spencer Rattler,11562,QB,3,12.72,0,bench,2,2025,14.9,akondratieff
11,Bhayshul Tuten,12490,RB,3,8.1,0,bench,1,2025,10,akondratieff
11,Joe Flacco,19,QB,3,4.68,0,bench,18,2025,13.7,akondratieff
11,Hunter Henry,3214,TE,3,29,0,bench,10,2025,9.6,akondratieff
11,James Conner,4137,RB,3,5.7,0,bench,9,2025,12.3,akondratieff
11,Jauan Jennings,7049,WR,3,0,0,bench,6,2025,0,akondratieff
11,Jaylen Waddle,7526,WR,3,14.9,0,bench,5,2025,12.2,akondratieff
11,DeMario Douglas,9501,WR,3,2.7,0,bench,3,2025,7.2,akondratieff
11,Green Bay Packers,GB,DST,3,8,0,bench,NA,2025,20,akondratieff
4,MarShawn Lloyd,11581,RB,3,0,0,bench,2,2025,0,caskinner
4,Trey Benson,11589,RB,3,8.1,0,bench,2,2025,7.6,caskinner
4,Ricky Pearsall,11638,WR,3,19.700000000000003,0,bench,2,2025,15.3,caskinner
4,Isaac Guerendo,11651,RB,3,0,0,bench,2,2025,0,caskinner
4,DJ Giddens,12471,RB,3,0.30000000000000004,0,bench,1,2025,3.7,caskinner
4,Ollie Gordon,12495,RB,3,9.8,0,bench,1,2025,2.9,caskinner
4,Kaleb Johnson,12504,RB,3,0,0,bench,1,2025,0,caskinner
4,Trevor Etienne,12531,RB,3,0,0,bench,1,2025,0,caskinner
4,Cooper Kupp,4039,WR,3,5.1,0,bench,9,2025,11,caskinner
4,Joe Burrow,6770,QB,3,0,0,bench,6,2025,0,caskinner
4,Chris Olave,8144,WR,3,15.7,0,bench,4,2025,13,caskinner
4,Jake Tonges,8698,TE,3,4.1,0,bench,4,2025,7.2,caskinner
4,Bryce Young,9228,QB,3,11.64,0,bench,3,2025,15.8,caskinner
4,Tyjae Spears,9508,RB,3,0,0,bench,3,2025,0,caskinner
4,Quentin Johnston,9754,WR,3,14.9,0,bench,3,2025,11.9,caskinner
1,Jayden Reed,10222,WR,3,0,0,bench,3,2025,0,joeburrowmvp
1,Quinn Ewers,12500,QB,3,0,0,bench,1,2025,0,joeburrowmvp
1,Shedeur Sanders,12524,QB,3,0,0,bench,1,2025,0,joeburrowmvp
1,Tahj Brooks,12543,RB,3,1.7000000000000002,0,bench,1,2025,0,joeburrowmvp
1,Kareem Hunt,4098,RB,3,11.4,0,bench,9,2025,5.8,joeburrowmvp
1,Taysom Hill,4381,TE,3,0,0,bench,9,2025,0,joeburrowmvp
1,Mark Andrews,5012,TE,3,27.1,0,bench,8,2025,10.2,joeburrowmvp
1,David Montgomery,5892,RB,3,29.4,0,bench,7,2025,7.6,joeburrowmvp
1,Jake Browning,6111,QB,3,7.900000000000001,0,bench,7,2025,14.9,joeburrowmvp
1,Jerry Jeudy,6783,WR,3,2.7,0,bench,6,2025,11.6,joeburrowmvp
1,Kyle Pitts,7553,TE,3,7.9,0,bench,5,2025,9.7,joeburrowmvp
1,Jerome Ford,8143,RB,3,5,0,bench,4,2025,5.6,joeburrowmvp
1,Keaton Mitchell,9511,RB,3,0,0,bench,3,2025,0,joeburrowmvp
1,Aaron Rodgers,96,QB,3,12.66,0,bench,21,2025,15,joeburrowmvp
6,Blake Corum,11586,RB,3,5.300000000000001,0,bench,2,2025,1.2,jzeigboi
6,Xavier Worthy,11624,WR,3,0,0,bench,2,2025,0,jzeigboi
6,Jaylen Wright,11643,RB,3,0,0,bench,2,2025,0,jzeigboi
6,Dillon Gabriel,12486,QB,3,0,0,bench,1,2025,0,jzeigboi
6,Jalen Royals,12505,WR,3,0,0,bench,1,2025,0,jzeigboi
6,Colston Loveland,12517,TE,3,4.1,0,bench,1,2025,5,jzeigboi
6,Jacory Croskey-Merritt,12533,RB,3,10.1,0,bench,1,2025,8.5,jzeigboi
6,Isaac TeSlaa,12535,WR,3,0,0,bench,1,2025,3,jzeigboi
6,Dallas Goedert,5022,TE,3,10.3,0,bench,8,2025,7.9,jzeigboi
6,D'Andre Swift,6790,RB,3,10.8,0,bench,6,2025,11.8,jzeigboi
6,Darnell Mooney,7090,WR,3,8.4,0,bench,6,2025,8.3,jzeigboi
6,Calvin Austin III,8125,WR,3,12.4,0,bench,4,2025,10,jzeigboi
6,Rashid Shaheed,8676,WR,3,8.2,0,bench,4,2025,11.3,jzeigboi
6,Tank Dell,9502,WR,3,0,0,bench,3,2025,0,jzeigboi
3,Ray Davis,11575,RB,3,0,0,bench,2,2025,4.3,lukestip
3,Adonai Mitchell,11625,WR,3,0,0,bench,2,2025,3,lukestip
3,Tyrone Tracy Jr.,11655,RB,3,5.6000000000000005,0,bench,2,2025,9.3,lukestip
3,Devin Neal,12476,RB,3,0,0,bench,1,2025,0,lukestip
3,Jack Bech,12483,WR,3,2,0,bench,1,2025,0,lukestip
3,Matthew Golden,12501,WR,3,10.1,0,bench,1,2025,10.9,lukestip
3,Joe Mixon,4018,RB,3,0,0,bench,9,2025,0,lukestip
3,Allen Lazard,5185,WR,3,9.3,0,bench,7,2025,0,lukestip
3,Hunter Renfrow,5955,WR,3,2.6,0,bench,7,2025,7.9,lukestip
3,Justice Hill,5995,RB,3,7.5,0,bench,7,2025,3.6,lukestip
3,Tua Tagovailoa,6768,QB,3,12.84,0,bench,6,2025,13.3,lukestip
3,Cole Kmet,6826,TE,3,8,0,bench,6,2025,4.6,lukestip
3,Will Levis,9999,QB,3,0,0,bench,3,2025,0,lukestip
3,San Francisco 49ers,SF,DST,3,6,0,bench,NA,2025,15,lukestip
5,J.J. McCarthy,11565,QB,3,0,0,bench,2,2025,0,ngernenz
5,Jayden Higgins,12484,WR,3,1.5,0,bench,1,2025,6.6,ngernenz
5,Tory Horton,12497,WR,3,18.2,0,bench,1,2025,5.4,ngernenz
5,Jalen Milroe,12510,QB,3,0.30000000000000004,0,bench,1,2025,0,ngernenz
5,Elijah Arroyo,12521,TE,3,0,0,bench,1,2025,4.4,ngernenz
5,David Njoku,4033,TE,3,9,0,bench,9,2025,11.6,ngernenz
5,Aaron Jones,4199,RB,3,0,0,bench,9,2025,0,ngernenz
5,Courtland Sutton,5045,WR,3,23.8,0,bench,8,2025,17,ngernenz
5,Jason Sanders,5119,K,3,0,0,bench,8,2025,0,ngernenz
5,Joshua Palmer,7670,WR,3,1.5,0,bench,5,2025,7.7,ngernenz
5,Noah Gray,7828,TE,3,4.7,0,bench,5,2025,4.4,ngernenz
5,Kyren Williams,8150,RB,3,19.200000000000003,0,bench,4,2025,14.6,ngernenz
5,Jalen Nailor,8180,WR,3,6.7,0,bench,4,2025,7.8,ngernenz
5,Tyquan Thornton,8188,WR,3,18.1,0,bench,4,2025,8.5,ngernenz
5,Josh Downs,9500,WR,3,5.4,0,bench,3,2025,9.6,ngernenz
8,Savion Williams,12482,WR,3,-0.1,0,bench,1,2025,0,obiwanginobiIi
8,RJ Harvey,12489,RB,3,4.6000000000000005,0,bench,1,2025,6.2,obiwanginobiIi
8,Isaiah Bond,12503,WR,3,3.6,0,bench,1,2025,0,obiwanginobiIi
8,Jaxson Dart,12508,QB,3,0.30000000000000004,0,bench,1,2025,0,obiwanginobiIi
8,Luther Burden,12519,WR,3,19.8,0,bench,1,2025,2,obiwanginobiIi
8,Dont'e Thornton,12541,WR,3,4.9,0,bench,1,2025,6.3,obiwanginobiIi
8,Kyle Williams,12547,WR,3,1.8,0,bench,1,2025,0,obiwanginobiIi
8,Deshaun Watson,4017,QB,3,0,0,bench,9,2025,0,obiwanginobiIi
8,Evan Engram,4066,TE,3,0,0,bench,9,2025,0,obiwanginobiIi
8,Tyler Allgeier,8132,RB,3,1.4,0,bench,4,2025,6.1,obiwanginobiIi
8,Tyrod Taylor,827,QB,3,17.68,0,bench,15,2025,15.2,obiwanginobiIi
8,Anthony Richardson,9229,QB,3,-0.1,0,bench,3,2025,0,obiwanginobiIi
8,Zach Charbonnet,9753,RB,3,0,0,bench,3,2025,0,obiwanginobiIi
8,Jordan Addison,9756,WR,3,0,0,bench,3,2025,0,obiwanginobiIi
9,Caleb Williams,11560,QB,4,12.78,4.629294117647058,starter,NA,2025,19.3,Arvs
9,Jordan Mason,8408,RB,4,10.2,2.1267352941176476,starter,NA,2025,12.8,Arvs
9,Cam Skattebo,12481,RB,4,13,4.926735294117648,starter,NA,2025,15,Arvs
9,Malik Nabers,11632,WR,4,4,-9.311970588235296,starter,NA,2025,17.7,Arvs
9,Jaxon Smith-Njigba,9488,WR,4,13,-0.31197058823529566,starter,NA,2025,19,Arvs
9,Jake Ferguson,8110,TE,4,17,3.688029411764704,starter,NA,2025,12.7,Arvs
9,Dalton Kincaid,10236,TE,4,9.8,-3.511970588235295,starter,NA,2025,9.6,Arvs
9,Keenan Allen,1479,WR,4,8.7,-4.611970588235296,starter,NA,2025,14.6,Arvs
9,Tyler Loop,12711,K,4,9,2.4269607843137253,starter,NA,2025,17,Arvs
9,Washington Commanders,WAS,DST,4,4,-1.9823529411764709,starter,NA,2025,1,Arvs
7,Justin Herbert,6797,QB,4,14.52,1.208029411764704,starter,NA,2025,21,ElatedBroncosFan
7,Bijan Robinson,9509,RB,4,28.1,20.02673529411765,starter,NA,2025,21.2,ElatedBroncosFan
7,Christian McCaffrey,4034,RB,4,26.1,18.02673529411765,starter,NA,2025,22.5,ElatedBroncosFan
7,Puka Nacua,9493,WR,4,36,25.385117647058824,starter,NA,2025,20.6,ElatedBroncosFan
7,Zay Flowers,9997,WR,4,14.4,3.785117647058824,starter,NA,2025,16.4,ElatedBroncosFan
7,Travis Kelce,1466,TE,4,9.8,1.8523039215686288,starter,NA,2025,12.9,ElatedBroncosFan
7,Garrett Wilson,8146,WR,4,20.2,9.585117647058825,starter,NA,2025,16.9,ElatedBroncosFan
7,Drake Maye,11564,QB,4,23.22,9.908029411764703,starter,NA,2025,19.2,ElatedBroncosFan
7,Spencer Shrader,12185,K,4,10,3.4269607843137253,starter,NA,2025,0,ElatedBroncosFan
7,Tennessee Titans,TEN,DST,4,2,-3.98235294117647,starter,NA,2025,18,ElatedBroncosFan
10,Marcus Mariota,2307,QB,4,17.24,3.9280294117647023,starter,NA,2025,18.5,Gretsch0401
10,Quinshon Judkins,12512,RB,4,21.5,13.426735294117648,starter,NA,2025,10.4,Gretsch0401
10,Alvin Kamara,4035,RB,4,11.2,3.1267352941176476,starter,NA,2025,13.4,Gretsch0401
10,Tyreek Hill,3321,WR,4,12.7,2.085117647058823,starter,NA,2025,15.7,Gretsch0401
10,Davante Adams,2133,WR,4,15.6,4.985117647058823,starter,NA,2025,14,Gretsch0401
10,Mike Gesicki,4993,TE,4,1.8,-6.147696078431372,starter,NA,2025,6.5,Gretsch0401
10,Jakobi Meyers,5947,WR,4,7,-3.614882352941176,starter,NA,2025,14.6,Gretsch0401
10,Justin Fields,7591,QB,4,27.14,13.828029411764703,starter,NA,2025,17.5,Gretsch0401
10,Brandon Aubrey,11533,K,4,8,1.4269607843137253,starter,NA,2025,32,Gretsch0401
10,Philadelphia Eagles,PHI,DST,4,16,10.01764705882353,starter,NA,2025,16,Gretsch0401
2,Brock Purdy,8183,QB,4,19.66,6.3480294117647045,starter,NA,2025,16.4,SFOControl
2,J.K. Dobbins,6806,RB,4,11.5,3.4267352941176483,starter,NA,2025,12.3,SFOControl
2,De'Von Achane,9226,RB,4,17.1,9.02673529411765,starter,NA,2025,19.7,SFOControl
2,Drake London,8112,WR,4,25,14.385117647058824,starter,NA,2025,14,SFOControl
2,Deebo Samuel Sr.,5872,WR,4,20.1,9.485117647058823,starter,NA,2025,15.4,SFOControl
2,Juwan Johnson,7002,TE,4,5.8,-2.1476960784313723,starter,NA,2025,13.2,SFOControl
2,Darius Slayton,6149,WR,4,7.4,-3.214882352941176,starter,NA,2025,5.6,SFOControl
2,Patrick Mahomes,4046,QB,4,27.3,13.988029411764703,starter,NA,2025,20.1,SFOControl
2,Daniel Carlson,5095,K,4,5,-1.5730392156862747,starter,NA,2025,8,SFOControl
2,Buffalo Bills,BUF,DST,4,7,1.0176470588235291,starter,NA,2025,21,SFOControl
12,Jordan Love,6804,QB,4,26.28,12.968029411764704,starter,NA,2025,17.3,TheJandyStock
12,Saquon Barkley,4866,RB,4,17.4,6.785117647058822,starter,NA,2025,15.9,TheJandyStock
12,Derrick Henry,3198,RB,4,7.8,-2.8148823529411766,starter,NA,2025,14.8,TheJandyStock
12,Calvin Ridley,4981,WR,4,5,-6.127088235294117,starter,NA,2025,11,TheJandyStock
12,George Pickens,8137,WR,4,33.4,22.27291176470588,starter,NA,2025,14.9,TheJandyStock
12,Sam LaPorta,10859,TE,4,6.9,-1.0476960784313718,starter,NA,2025,10.8,TheJandyStock
12,Josh Jacobs,5850,RB,4,31.7,21.085117647058823,starter,NA,2025,17.7,TheJandyStock
12,Baker Mayfield,4892,QB,4,19.86,6.548029411764704,starter,NA,2025,18.1,TheJandyStock
12,Chris Boswell,1945,K,4,5,-1.5730392156862747,starter,NA,2025,29,TheJandyStock
12,Pittsburgh Steelers,PIT,DST,4,12,6.017647058823529,starter,NA,2025,30,TheJandyStock
11,Lamar Jackson,4881,QB,4,11.68,-1.631970588235296,starter,NA,2025,26.2,akondratieff
11,Breece Hall,8155,RB,4,16.1,8.02673529411765,starter,NA,2025,13.9,akondratieff
11,Bhayshul Tuten,12490,RB,4,3.2,-4.8732647058823515,starter,NA,2025,8.7,akondratieff
11,Tre Tucker,10213,WR,4,4.2,-6.927088235294117,starter,NA,2025,11.4,akondratieff
11,Michael Pittman Jr.,6819,WR,4,15.1,3.9729117647058825,starter,NA,2025,15.1,akondratieff
11,Tucker Kraft,9484,TE,4,10.6,-0.01488235294117679,starter,NA,2025,11.4,akondratieff
11,Hunter Henry,3214,TE,4,11.9,1.285117647058824,starter,NA,2025,11.8,akondratieff
11,Spencer Rattler,11562,QB,4,13.94,0.6280294117647038,starter,NA,2025,14.6,akondratieff
11,Brandon McManus,1433,K,4,11,4.426960784313725,starter,NA,2025,6,akondratieff
11,Green Bay Packers,GB,DST,4,-3,-8.98235294117647,starter,NA,2025,20,akondratieff
4,Daniel Jones,5870,QB,4,12.38,-0.9319705882352948,starter,NA,2025,17.4,caskinner
4,Jonathan Taylor,6813,RB,4,14.6,6.526735294117648,starter,NA,2025,19.1,caskinner
4,James Cook,8138,RB,4,22.5,14.426735294117648,starter,NA,2025,19.3,caskinner
4,Amon-Ra St. Brown,7547,WR,4,26,15.385117647058824,starter,NA,2025,19.4,caskinner
4,Tetairoa McMillan,12526,WR,4,10.2,-0.41488235294117715,starter,NA,2025,13.4,caskinner
4,Trey McBride,8130,TE,4,12.2,4.252303921568627,starter,NA,2025,15,caskinner
4,Chris Olave,8144,WR,4,10,-0.6148823529411764,starter,NA,2025,14,caskinner
4,Matthew Stafford,421,QB,4,27.4,14.088029411764705,starter,NA,2025,15.2,caskinner
4,Cameron Dicker,8259,K,4,5,-1.5730392156862747,starter,NA,2025,25,caskinner
4,Seattle Seahawks,SEA,DST,4,11,5.017647058823529,starter,NA,2025,28,caskinner
1,Jared Goff,3163,QB,4,13.72,0.408029411764705,starter,NA,2025,17.9,joeburrowmvp
1,Ashton Jeanty,12527,RB,4,33.5,25.42673529411765,starter,NA,2025,12.6,joeburrowmvp
1,David Montgomery,5892,RB,4,1.2,-6.8732647058823515,starter,NA,2025,9.9,joeburrowmvp
1,Ja'Marr Chase,7564,WR,4,7.3,-3.3148823529411766,starter,NA,2025,15.9,joeburrowmvp
1,Nico Collins,7569,WR,4,11.9,1.285117647058824,starter,NA,2025,15.4,joeburrowmvp
1,Tyler Warren,12518,TE,4,18.3,10.352303921568629,starter,NA,2025,12.4,joeburrowmvp
1,DeVonta Smith,7525,WR,4,4.9,-5.714882352941176,starter,NA,2025,13.3,joeburrowmvp
1,Kyler Murray,5849,QB,4,18.1,4.788029411764706,starter,NA,2025,17.7,joeburrowmvp
1,Ka'imi Fairbairn,3451,K,4,9,2.4269607843137253,starter,NA,2025,19,joeburrowmvp
1,Houston Texans,HOU,DST,4,14,8.01764705882353,starter,NA,2025,23,joeburrowmvp
6,Josh Allen,4984,QB,4,25.86,12.548029411764704,starter,NA,2025,22.8,jzeigboi
6,Jahmyr Gibbs,9221,RB,4,17.7,7.085117647058823,starter,NA,2025,17.4,jzeigboi
6,Tony Pollard,5967,RB,4,10.6,-0.01488235294117679,starter,NA,2025,13.4,jzeigboi
6,A.J. Brown,5859,WR,4,2.7,-8.427088235294118,starter,NA,2025,14.8,jzeigboi
6,Rome Odunze,11620,WR,4,16.9,5.772911764705881,starter,NA,2025,14.4,jzeigboi
6,Brenton Strange,9480,TE,4,10.5,2.552303921568628,starter,NA,2025,9.5,jzeigboi
6,D'Andre Swift,6790,RB,4,16,5.385117647058824,starter,NA,2025,13.2,jzeigboi
6,Michael Penix Jr.,11559,QB,4,19.72,6.408029411764703,starter,NA,2025,14.5,jzeigboi
6,Matt Prater,17,K,4,7,0.4269607843137253,starter,NA,2025,0,jzeigboi
6,Minnesota Vikings,MIN,DST,4,5,-0.9823529411764708,starter,NA,2025,10,jzeigboi
3,Dak Prescott,3294,QB,4,30.96,17.648029411764703,starter,NA,2025,14.7,lukestip
3,Kenneth Walker III,8151,RB,4,12,3.926735294117648,starter,NA,2025,13.5,lukestip
3,Javonte Williams,7588,RB,4,19,10.926735294117648,starter,NA,2025,15.6,lukestip
3,Justin Jefferson,6794,WR,4,22.6,11.985117647058823,starter,NA,2025,16.6,lukestip
3,D.J. Moore,4983,WR,4,7.8,-2.8148823529411766,starter,NA,2025,10.4,lukestip
3,Brock Bowers,11604,TE,4,9.6,1.6523039215686277,starter,NA,2025,14.4,lukestip
3,Matthew Golden,12501,WR,4,11.3,0.6851176470588243,starter,NA,2025,11.9,lukestip
3,Sam Darnold,4943,QB,4,16.08,2.768029411764702,starter,NA,2025,14.6,lukestip
3,Jake Elliott,4195,K,4,7,0.4269607843137253,starter,NA,2025,26,lukestip
3,New England Patriots,NE,DST,4,12,6.017647058823529,starter,NA,2025,29,lukestip
5,Geno Smith,1373,QB,4,12.78,-0.5319705882352963,starter,NA,2025,16,ngernenz
5,Kyren Williams,8150,RB,4,10.4,2.3267352941176487,starter,NA,2025,15.5,ngernenz
5,Bucky Irving,11584,RB,4,25.5,17.42673529411765,starter,NA,2025,16,ngernenz
5,Emeka Egbuka,12514,WR,4,20.1,9.485117647058823,starter,NA,2025,16.5,ngernenz
5,Courtland Sutton,5045,WR,4,19.1,8.485117647058825,starter,NA,2025,16.5,ngernenz
5,David Njoku,4033,TE,4,3.1,-4.8476960784313725,starter,NA,2025,11.6,ngernenz
5,Ladd McConkey,11635,WR,4,2.1,-8.514882352941177,starter,NA,2025,14.9,ngernenz
5,Trevor Lawrence,7523,QB,4,11.66,-1.6519705882352955,starter,NA,2025,15.7,ngernenz
5,Wil Lutz,3678,K,4,4,-2.5730392156862747,starter,NA,2025,20,ngernenz
5,Los Angeles Chargers,LAC,DST,4,7,1.0176470588235291,starter,NA,2025,24,ngernenz
8,Jalen Hurts,6904,QB,4,19.4,6.088029411764703,starter,NA,2025,22.8,obiwanginobiIi
8,Omarion Hampton,12507,RB,4,27.5,16.885117647058824,starter,NA,2025,15.7,obiwanginobiIi
8,Chuba Hubbard,7594,RB,4,9.9,-0.7148823529411761,starter,NA,2025,12.2,obiwanginobiIi
8,Jordan Addison,9756,WR,4,15.4,4.272911764705883,starter,NA,2025,8.9,obiwanginobiIi
8,Christian Kirk,4950,WR,4,5,-6.127088235294117,starter,NA,2025,8.5,obiwanginobiIi
8,T.J. Hockenson,5844,TE,4,7.9,-0.0476960784313718,starter,NA,2025,11.4,obiwanginobiIi
8,Zach Charbonnet,9753,RB,4,12.4,1.785117647058824,starter,NA,2025,8,obiwanginobiIi
8,Bo Nix,11563,QB,4,26.74,13.428029411764705,starter,NA,2025,17.2,obiwanginobiIi
8,Jake Bates,11539,K,4,13,6.426960784313725,starter,NA,2025,28,obiwanginobiIi
8,Denver Broncos,DEN,DST,4,10,4.017647058823529,starter,NA,2025,32,obiwanginobiIi
9,Joe Milton,11557,QB,4,0,0,bench,2,2025,0,Arvs
9,Braelon Allen,11576,RB,4,0.6000000000000001,0,bench,2,2025,5.1,Arvs
9,Kirk Cousins,1166,QB,4,0,0,bench,14,2025,0,Arvs
9,Dylan Sampson,12469,RB,4,-0.2,0,bench,1,2025,0.8,Arvs
9,Cameron Ward,12522,QB,4,5.5200000000000005,0,bench,1,2025,11.8,Arvs
9,Kyle Monangai,12534,RB,4,1.8,0,bench,1,2025,3.1,Arvs
9,Zach Ertz,1339,TE,4,3.0999999999999996,0,bench,13,2025,11.5,Arvs
9,Jameis Winston,2306,QB,4,0,0,bench,11,2025,0,Arvs
9,Chris Godwin,4037,WR,4,0,0,bench,9,2025,7.9,Arvs
9,Brandon Aiyuk,6803,WR,4,0,0,bench,6,2025,0,Arvs
9,Najee Harris,7528,RB,4,0,0,bench,5,2025,0,Arvs
9,Khalil Shakir,8134,WR,4,17.9,0,bench,4,2025,13.7,Arvs
9,Jaylen Warren,8228,RB,4,0,0,bench,4,2025,0,Arvs
7,Jalen McMillan,11618,WR,4,0,0,bench,2,2025,0,ElatedBroncosFan
7,Troy Franklin,11627,WR,4,9.5,0,bench,2,2025,10.3,ElatedBroncosFan
7,Keon Coleman,11637,WR,4,7.5,0,bench,2,2025,12.8,ElatedBroncosFan
7,Jalen Coker,11646,WR,4,0,0,bench,2,2025,0,ElatedBroncosFan
7,Jaydon Blue,12457,RB,4,0,0,bench,1,2025,0,ElatedBroncosFan
7,Woody Marks,12474,RB,4,27.9,0,bench,1,2025,5.3,ElatedBroncosFan
7,Pat Bryant,12492,WR,4,0,0,bench,1,2025,0,ElatedBroncosFan
7,Oronde Gadsden,12493,TE,4,0,0,bench,1,2025,0,ElatedBroncosFan
7,Mason Taylor,12498,TE,4,11.5,0,bench,1,2025,5,ElatedBroncosFan
7,Carson Wentz,3161,QB,4,22.2,0,bench,10,2025,14,ElatedBroncosFan
7,Jeremy McNichols,4219,RB,4,1.3,0,bench,9,2025,2.6,ElatedBroncosFan
7,DK Metcalf,5846,WR,4,23.6,0,bench,7,2025,15.4,ElatedBroncosFan
7,Rico Dowdle,7021,RB,4,4,0,bench,6,2025,3.4,ElatedBroncosFan
7,Chigoziem Okonkwo,8210,TE,4,1.4,0,bench,4,2025,8.6,ElatedBroncosFan
7,Kendre Miller,9757,RB,4,12.5,0,bench,3,2025,4,ElatedBroncosFan
10,Jayden Daniels,11566,QB,4,0,0,bench,2,2025,0,Gretsch0401
10,Elic Ayomanor,12499,WR,4,6.4,0,bench,1,2025,10.6,Gretsch0401
10,DeAndre Hopkins,1426,WR,4,0,0,bench,13,2025,7.1,Gretsch0401
10,George Kittle,4217,TE,4,0,0,bench,9,2025,0,Gretsch0401
10,Rashod Bateman,7571,WR,4,3.4000000000000004,0,bench,5,2025,8.8,Gretsch0401
10,Romeo Doubs,8121,WR,4,29.8,0,bench,4,2025,10.8,Gretsch0401
10,Brian Robinson Jr.,8154,RB,4,2.1,0,bench,4,2025,2.6,Gretsch0401
10,Christian Watson,8167,WR,4,0,0,bench,4,2025,0,Gretsch0401
10,Isiah Pacheco,8205,RB,4,12.8,0,bench,4,2025,6.8,Gretsch0401
10,Chase Brown,9224,RB,4,10.1,0,bench,3,2025,11.8,Gretsch0401
10,C.J. Stroud,9758,QB,4,18.42,0,bench,3,2025,15.4,Gretsch0401
10,Kansas City Chiefs,KC,DST,4,7,0,bench,NA,2025,3,Gretsch0401
2,Tom Brady,167,QB,4,0,0,bench,23,2025,0,SFOControl
2,Mike Evans,2216,WR,4,0,0,bench,12,2025,0,SFOControl
2,Austin Ekeler,4663,RB,4,0,0,bench,9,2025,0,SFOControl
2,Younghoe Koo,4666,K,4,0,0,bench,9,2025,0,SFOControl
2,Will Dissly,5010,TE,4,0,0,bench,8,2025,0,SFOControl
2,Hollywood Brown,5848,WR,4,12.8,0,bench,7,2025,10.4,SFOControl
2,CeeDee Lamb,6786,WR,4,0,0,bench,6,2025,0,SFOControl
2,Tyler Bass,7042,K,4,0,0,bench,6,2025,0,SFOControl
2,Isaiah Likely,8131,TE,4,0,0,bench,4,2025,5.8,SFOControl
2,Detroit Lions,DET,DST,4,20,0,bench,NA,2025,31,SFOControl
12,Rashee Rice,10229,WR,4,0,0,bench,3,2025,0,TheJandyStock
12,Jonathon Brooks,11583,RB,4,0,0,bench,2,2025,0,TheJandyStock
12,Roman Wilson,11630,WR,4,0,0,bench,2,2025,2.3,TheJandyStock
12,Russell Wilson,1234,QB,4,-0.6799999999999999,0,bench,14,2025,0,TheJandyStock
12,Harold Fannin,12506,TE,4,4.5,0,bench,1,2025,10.8,TheJandyStock
12,TreVeyon Henderson,12529,RB,4,12.6,0,bench,1,2025,12,TheJandyStock
12,Jaylin Noel,12536,WR,4,1,0,bench,1,2025,0,TheJandyStock
12,Tyler Shough,12545,QB,4,0,0,bench,1,2025,0,TheJandyStock
12,Adam Thielen,1689,WR,4,3.1,0,bench,13,2025,0,TheJandyStock
12,Stefon Diggs,2449,WR,4,16.1,0,bench,11,2025,8.2,TheJandyStock
12,Harrison Butker,4227,K,4,12,0,bench,9,2025,9,TheJandyStock
12,Kenny Gainwell,7567,RB,4,31.4,0,bench,5,2025,0,TheJandyStock
12,Pat Freiermuth,7600,TE,4,0,0,bench,5,2025,4.1,TheJandyStock
12,Wan'Dale Robinson,8126,WR,4,4.4,0,bench,4,2025,11.8,TheJandyStock
11,Brian Thomas Jr.,11631,WR,4,10.6,0,bench,2,2025,13.2,akondratieff
11,Travis Hunter,12530,WR,4,6.2,0,bench,1,2025,7.2,akondratieff
11,Joe Flacco,19,QB,4,3.26,0,bench,18,2025,12.9,akondratieff
11,James Conner,4137,RB,4,0,0,bench,9,2025,0,akondratieff
11,Jauan Jennings,7049,WR,4,4.4,0,bench,6,2025,12,akondratieff
11,Jaylen Waddle,7526,WR,4,7.800000000000001,0,bench,5,2025,11.9,akondratieff
11,Rhamondre Stevenson,7611,RB,4,5.1000000000000005,0,bench,5,2025,9.8,akondratieff
11,Jameson Williams,8148,WR,4,5.7,0,bench,4,2025,14.2,akondratieff
11,DeMario Douglas,9501,WR,4,0,0,bench,3,2025,4.4,akondratieff
11,Los Angeles Rams,LAR,DST,4,10,0,bench,NA,2025,22,akondratieff
4,MarShawn Lloyd,11581,RB,4,0,0,bench,2,2025,0,caskinner
4,Trey Benson,11589,RB,4,10.4,0,bench,2,2025,14.1,caskinner
4,Ricky Pearsall,11638,WR,4,8.600000000000001,0,bench,2,2025,15.3,caskinner
4,Isaac Guerendo,11651,RB,4,0,0,bench,2,2025,0,caskinner
4,DJ Giddens,12471,RB,4,0,0,bench,1,2025,0.8,caskinner
4,Ollie Gordon,12495,RB,4,1,0,bench,1,2025,3.9,caskinner
4,Kaleb Johnson,12504,RB,4,2.2,0,bench,1,2025,2.9,caskinner
4,Trevor Etienne,12531,RB,4,3.3000000000000003,0,bench,1,2025,0,caskinner
4,Cooper Kupp,4039,WR,4,6.6,0,bench,9,2025,8.8,caskinner
4,Dalton Schultz,5001,TE,4,8,0,bench,8,2025,6.6,caskinner
4,Terry McLaurin,5927,WR,4,0,0,bench,7,2025,0,caskinner
4,Joe Burrow,6770,QB,4,0,0,bench,6,2025,0,caskinner
4,Bryce Young,9228,QB,4,10.3,0,bench,3,2025,14.1,caskinner
4,Tyjae Spears,9508,RB,4,0,0,bench,3,2025,0,caskinner
4,Quentin Johnston,9754,WR,4,23.8,0,bench,3,2025,13.2,caskinner
1,Jayden Reed,10222,WR,4,0,0,bench,3,2025,0,joeburrowmvp
1,Quinn Ewers,12500,QB,4,0,0,bench,1,2025,0,joeburrowmvp
1,Shedeur Sanders,12524,QB,4,0,0,bench,1,2025,0,joeburrowmvp
1,Tahj Brooks,12543,RB,4,0,0,bench,1,2025,0,joeburrowmvp
1,Kareem Hunt,4098,RB,4,5.7,0,bench,9,2025,6.9,joeburrowmvp
1,Taysom Hill,4381,TE,4,0,0,bench,9,2025,0,joeburrowmvp
1,Nick Chubb,4988,RB,4,8.2,0,bench,8,2025,10.4,joeburrowmvp
1,Mark Andrews,5012,TE,4,10,0,bench,8,2025,11.2,joeburrowmvp
1,Jake Browning,6111,QB,4,5.4,0,bench,7,2025,12.8,joeburrowmvp
1,Jerry Jeudy,6783,WR,4,7.800000000000001,0,bench,6,2025,11,joeburrowmvp
1,Kyle Pitts,7553,TE,4,18,0,bench,5,2025,9.6,joeburrowmvp
1,Jerome Ford,8143,RB,4,1.3,0,bench,4,2025,5.8,joeburrowmvp
1,Keaton Mitchell,9511,RB,4,0,0,bench,3,2025,0,joeburrowmvp
1,Aaron Rodgers,96,QB,4,11.8,0,bench,21,2025,13.2,joeburrowmvp
1,Carolina Panthers,CAR,DST,4,-3,0,bench,NA,2025,8,joeburrowmvp
6,Blake Corum,11586,RB,4,3.5999999999999996,0,bench,2,2025,3.4,jzeigboi
6,Xavier Worthy,11624,WR,4,17.1,0,bench,2,2025,9.9,jzeigboi
6,Jaylen Wright,11643,RB,4,0,0,bench,2,2025,0,jzeigboi
6,Dillon Gabriel,12486,QB,4,0,0,bench,1,2025,0,jzeigboi
6,Jalen Royals,12505,WR,4,0,0,bench,1,2025,0,jzeigboi
6,Colston Loveland,12517,TE,4,0,0,bench,1,2025,0,jzeigboi
6,Jacory Croskey-Merritt,12533,RB,4,7.7,0,bench,1,2025,7.9,jzeigboi
6,Isaac TeSlaa,12535,WR,4,0,0,bench,1,2025,2.9,jzeigboi
6,Dallas Goedert,5022,TE,4,19.7,0,bench,8,2025,9,jzeigboi
6,Tee Higgins,6801,WR,4,6.2,0,bench,6,2025,11.6,jzeigboi
6,Darnell Mooney,7090,WR,4,2.5,0,bench,6,2025,8.2,jzeigboi
6,Calvin Austin III,8125,WR,4,3.3,0,bench,4,2025,10.5,jzeigboi
6,Rashid Shaheed,8676,WR,4,9.2,0,bench,4,2025,11.8,jzeigboi
6,Tank Dell,9502,WR,4,0,0,bench,3,2025,0,jzeigboi
3,Ray Davis,11575,RB,4,0.30000000000000004,0,bench,2,2025,2.6,lukestip
3,Adonai Mitchell,11625,WR,4,10.6,0,bench,2,2025,6.9,lukestip
3,Tyrone Tracy Jr.,11655,RB,4,0,0,bench,2,2025,0,lukestip
3,Devin Neal,12476,RB,4,0,0,bench,1,2025,0,lukestip
3,Jack Bech,12483,WR,4,0,0,bench,1,2025,0,lukestip
3,Joe Mixon,4018,RB,4,0,0,bench,9,2025,0,lukestip
3,Allen Lazard,5185,WR,4,1.8,0,bench,7,2025,0,lukestip
3,Hunter Renfrow,5955,WR,4,3,0,bench,7,2025,6.5,lukestip
3,Justice Hill,5995,RB,4,28.700000000000003,0,bench,7,2025,3.3,lukestip
3,Tua Tagovailoa,6768,QB,4,14.68,0,bench,6,2025,14,lukestip
3,Cole Kmet,6826,TE,4,7.6,0,bench,6,2025,9.1,lukestip
3,Dyami Brown,7587,WR,4,0,0,bench,5,2025,7.2,lukestip
3,Will Levis,9999,QB,4,0,0,bench,3,2025,0,lukestip
3,San Francisco 49ers,SF,DST,4,1,0,bench,NA,2025,15,lukestip
5,Chris Rodriguez Jr.,10219,RB,4,5.9,0,bench,3,2025,4.9,ngernenz
5,J.J. McCarthy,11565,QB,4,0,0,bench,2,2025,0,ngernenz
5,Marvin Harrison Jr.,11628,WR,4,18.6,0,bench,2,2025,13.6,ngernenz
5,Jayden Higgins,12484,WR,4,9.4,0,bench,1,2025,4.6,ngernenz
5,Tory Horton,12497,WR,4,2,0,bench,1,2025,6,ngernenz
5,Jalen Milroe,12510,QB,4,0,0,bench,1,2025,0,ngernenz
5,Elijah Arroyo,12521,TE,4,6.4,0,bench,1,2025,4.5,ngernenz
5,Jonnu Smith,4144,TE,4,2.6,0,bench,9,2025,6.9,ngernenz
5,Aaron Jones,4199,RB,4,0,0,bench,9,2025,0,ngernenz
5,Jason Sanders,5119,K,4,0,0,bench,8,2025,0,ngernenz
5,Travis Etienne,7543,RB,4,19.5,0,bench,5,2025,13.4,ngernenz
5,Joshua Palmer,7670,WR,4,4.5,0,bench,5,2025,7.5,ngernenz
5,Noah Gray,7828,TE,4,1.1,0,bench,5,2025,3.2,ngernenz
5,Tyquan Thornton,8188,WR,4,8.1,0,bench,4,2025,9.5,ngernenz
5,Josh Downs,9500,WR,4,6.4,0,bench,3,2025,10,ngernenz
8,Cedric Tillman,10444,WR,4,1.6,0,bench,3,2025,9.8,obiwanginobiIi
8,Savion Williams,12482,WR,4,5.300000000000001,0,bench,1,2025,0,obiwanginobiIi
8,RJ Harvey,12489,RB,4,19.8,0,bench,1,2025,4.7,obiwanginobiIi
8,Isaiah Bond,12503,WR,4,8.8,0,bench,1,2025,0,obiwanginobiIi
8,Jaxson Dart,12508,QB,4,18.840000000000003,0,bench,1,2025,16.8,obiwanginobiIi
8,Luther Burden,12519,WR,4,1.6,0,bench,1,2025,5.3,obiwanginobiIi
8,Dont'e Thornton,12541,WR,4,0,0,bench,1,2025,6.7,obiwanginobiIi
8,Kyle Williams,12547,WR,4,-0.2,0,bench,1,2025,0,obiwanginobiIi
8,Deshaun Watson,4017,QB,4,0,0,bench,9,2025,0,obiwanginobiIi
8,Evan Engram,4066,TE,4,6.9,0,bench,9,2025,6.7,obiwanginobiIi
8,Tyler Allgeier,8132,RB,4,11.1,0,bench,4,2025,3.7,obiwanginobiIi
8,Rachaad White,8136,RB,4,8.600000000000001,0,bench,4,2025,7.5,obiwanginobiIi
8,KaVontae Turpin,8917,WR,4,6.4,0,bench,4,2025,5.6,obiwanginobiIi
8,Anthony Richardson,9229,QB,4,0,0,bench,3,2025,0,obiwanginobiIi
9,Cameron Ward,12522,QB,5,9,-1.6345392156862744,starter,NA,2025,11.6,Arvs
9,Jordan Mason,8408,RB,5,12.6,3.3367352941176467,starter,NA,2025,10.9,Arvs
9,Cam Skattebo,12481,RB,5,14.4,5.136735294117647,starter,NA,2025,15,Arvs
9,Khalil Shakir,8134,WR,5,11,-2.9466372549019617,starter,NA,2025,14.9,Arvs
9,Zay Flowers,9997,WR,5,12.2,-1.7466372549019624,starter,NA,2025,13.6,Arvs
9,Jake Ferguson,8110,TE,5,23.9,9.953362745098037,starter,NA,2025,13.3,Arvs
9,Darren Waller,2505,TE,5,18.8,4.853362745098039,starter,NA,2025,7.2,Arvs
9,Keenan Allen,1479,WR,5,10.8,-3.146637254901961,starter,NA,2025,14.4,Arvs
9,Tyler Loop,12711,K,5,3,-3.631372549019608,starter,NA,2025,17,Arvs
9,Washington Commanders,WAS,DST,5,14,9.650980392156862,starter,NA,2025,1,Arvs
7,Justin Herbert,6797,QB,5,15.64,1.6933627450980389,starter,NA,2025,19.6,ElatedBroncosFan
7,Christian McCaffrey,4034,RB,5,27.9,18.63673529411765,starter,NA,2025,21.9,ElatedBroncosFan
7,Woody Marks,12474,RB,5,2.4,-6.863264705882353,starter,NA,2025,13.4,ElatedBroncosFan
7,Puka Nacua,9493,WR,5,24.5,15.990950980392157,starter,NA,2025,21.8,ElatedBroncosFan
7,Garrett Wilson,8146,WR,5,19.1,10.590950980392158,starter,NA,2025,15.7,ElatedBroncosFan
7,Travis Kelce,1466,TE,5,19.1,9.973970588235296,starter,NA,2025,12.5,ElatedBroncosFan
7,Jaxon Smith-Njigba,9488,WR,5,27.2,18.690950980392156,starter,NA,2025,18.5,ElatedBroncosFan
7,Drake Maye,11564,QB,5,12.12,-1.8266372549019625,starter,NA,2025,19.3,ElatedBroncosFan
7,Spencer Shrader,12185,K,5,2,-4.631372549019608,starter,NA,2025,0,ElatedBroncosFan
7,Arizona Cardinals,ARI,DST,5,7,2.650980392156862,starter,NA,2025,2,ElatedBroncosFan
10,Jayden Daniels,11566,QB,5,17.14,3.193362745098039,starter,NA,2025,19.2,Gretsch0401
10,Quinshon Judkins,12512,RB,5,13.8,4.536735294117648,starter,NA,2025,12.8,Gretsch0401
10,Alvin Kamara,4035,RB,5,9.5,0.23673529411764704,starter,NA,2025,12.4,Gretsch0401
10,Elic Ayomanor,12499,WR,5,3.8,-4.709049019607844,starter,NA,2025,11,Gretsch0401
10,Davante Adams,2133,WR,5,13.8,5.290950980392157,starter,NA,2025,14.8,Gretsch0401
10,Mike Gesicki,4993,TE,5,3.5,-5.626029411764707,starter,NA,2025,5.1,Gretsch0401
10,Jakobi Meyers,5947,WR,5,7.2,-1.3090490196078433,starter,NA,2025,14.5,Gretsch0401
10,Justin Fields,7591,QB,5,25.92,11.97336274509804,starter,NA,2025,19.3,Gretsch0401
10,Brandon Aubrey,11533,K,5,6,-0.6313725490196083,starter,NA,2025,32,Gretsch0401
10,Philadelphia Eagles,PHI,DST,5,2,-2.349019607843138,starter,NA,2025,16,Gretsch0401
2,Patrick Mahomes,4046,QB,5,27.72,13.773362745098035,starter,NA,2025,19.6,SFOControl
2,J.K. Dobbins,6806,RB,5,15.4,6.136735294117647,starter,NA,2025,11.9,SFOControl
2,De'Von Achane,9226,RB,5,16.6,7.336735294117648,starter,NA,2025,20.4,SFOControl
2,Hollywood Brown,5848,WR,5,8.8,0.2909509803921573,starter,NA,2025,7.7,SFOControl
2,Deebo Samuel Sr.,5872,WR,5,23.6,15.090950980392158,starter,NA,2025,15.2,SFOControl
2,Juwan Johnson,7002,TE,5,3.7,-5.4260294117647065,starter,NA,2025,10.8,SFOControl
2,Darius Slayton,6149,WR,5,4.1,-4.409049019607844,starter,NA,2025,11.1,SFOControl
2,Mac Jones,7527,QB,5,22.18,8.233362745098038,starter,NA,2025,12.9,SFOControl
2,Daniel Carlson,5095,K,5,5,-1.6313725490196085,starter,NA,2025,8,SFOControl
2,Detroit Lions,DET,DST,5,12,7.650980392156862,starter,NA,2025,31,SFOControl
12,Baker Mayfield,4892,QB,5,26.66,16.025460784313726,starter,NA,2025,17.9,TheJandyStock
12,Saquon Barkley,4866,RB,5,17.8,3.853362745098039,starter,NA,2025,15.7,TheJandyStock
12,Derrick Henry,3198,RB,5,9.3,-4.646637254901961,starter,NA,2025,15.2,TheJandyStock
12,Wan'Dale Robinson,8126,WR,5,8.2,-5.746637254901962,starter,NA,2025,11.4,TheJandyStock
12,George Pickens,8137,WR,5,13.7,-0.2466372549019624,starter,NA,2025,16.7,TheJandyStock
12,Sam LaPorta,10859,TE,5,20.2,11.073970588235293,starter,NA,2025,10,TheJandyStock
12,Stefon Diggs,2449,WR,5,24.6,10.65336274509804,starter,NA,2025,12.3,TheJandyStock
12,TreVeyon Henderson,12529,RB,5,4.7,-9.246637254901962,starter,NA,2025,10.3,TheJandyStock
12,Harrison Butker,4227,K,5,4,-2.6313725490196083,starter,NA,2025,9,TheJandyStock
12,Cleveland Browns,CLE,DST,5,9,4.650980392156862,starter,NA,2025,17,TheJandyStock
11,Spencer Rattler,11562,QB,5,16.1,5.465460784313727,starter,NA,2025,14.8,akondratieff
11,Breece Hall,8155,RB,5,17.5,8.236735294117647,starter,NA,2025,15.5,akondratieff
11,Rhamondre Stevenson,7611,RB,5,14.7,5.436735294117646,starter,NA,2025,9.4,akondratieff
11,Jaylen Waddle,7526,WR,5,23,9.053362745098038,starter,NA,2025,14.1,akondratieff
11,Michael Pittman Jr.,6819,WR,5,14.9,0.9533627450980386,starter,NA,2025,15.7,akondratieff
11,Hunter Henry,3214,TE,5,6.6,-2.526029411764707,starter,NA,2025,11.9,akondratieff
11,Brian Thomas Jr.,11631,WR,5,12,-1.9466372549019615,starter,NA,2025,11,akondratieff
11,Jameson Williams,8148,WR,5,2,-11.946637254901962,starter,NA,2025,13.7,akondratieff
11,Jason Myers,2747,K,5,4,-2.6313725490196083,starter,NA,2025,31,akondratieff
11,Los Angeles Rams,LAR,DST,5,1,-3.349019607843138,starter,NA,2025,22,akondratieff
4,Daniel Jones,5870,QB,5,16.68,2.733362745098038,starter,NA,2025,17.8,caskinner
4,Jonathan Taylor,6813,RB,5,31.6,22.33673529411765,starter,NA,2025,19.7,caskinner
4,James Cook,8138,RB,5,4.9,-4.363264705882353,starter,NA,2025,19.3,caskinner
4,Amon-Ra St. Brown,7547,WR,5,18,9.490950980392157,starter,NA,2025,19.5,caskinner
4,Tetairoa McMillan,12526,WR,5,13.3,4.790950980392157,starter,NA,2025,13.1,caskinner
4,Trey McBride,8130,TE,5,9.1,-0.02602941176470707,starter,NA,2025,16.8,caskinner
4,Quentin Johnston,9754,WR,5,6.9,-1.609049019607843,starter,NA,2025,15.4,caskinner
4,Bryce Young,9228,QB,5,13.02,-0.926637254901962,starter,NA,2025,13.4,caskinner
4,Cameron Dicker,8259,K,5,6,-0.6313725490196083,starter,NA,2025,25,caskinner
4,Seattle Seahawks,SEA,DST,5,-3,-7.349019607843138,starter,NA,2025,28,caskinner
1,Jared Goff,3163,QB,5,20.12,6.173362745098039,starter,NA,2025,18,joeburrowmvp
1,Ashton Jeanty,12527,RB,5,15.9,6.636735294117647,starter,NA,2025,12.9,joeburrowmvp
1,David Montgomery,5892,RB,5,18.22,8.956735294117646,starter,NA,2025,10.8,joeburrowmvp
1,Ja'Marr Chase,7564,WR,5,29,20.490950980392157,starter,NA,2025,15,joeburrowmvp
1,Nico Collins,7569,WR,5,16,7.490950980392157,starter,NA,2025,15.3,joeburrowmvp
1,Tyler Warren,12518,TE,5,14.4,5.273970588235294,starter,NA,2025,14.2,joeburrowmvp
1,DeVonta Smith,7525,WR,5,19.4,10.890950980392155,starter,NA,2025,11,joeburrowmvp
1,Kyler Murray,5849,QB,5,15.3,1.353362745098039,starter,NA,2025,18.1,joeburrowmvp
1,Ka'imi Fairbairn,3451,K,5,18,11.36862745098039,starter,NA,2025,19,joeburrowmvp
1,Houston Texans,HOU,DST,5,11,6.650980392156862,starter,NA,2025,23,joeburrowmvp
6,Josh Allen,4984,QB,5,20.42,6.47336274509804,starter,NA,2025,23.3,jzeigboi
6,Jahmyr Gibbs,9221,RB,5,16.7,7.436735294117646,starter,NA,2025,19,jzeigboi
6,Tony Pollard,5967,RB,5,14.8,5.536735294117648,starter,NA,2025,12.6,jzeigboi
6,Xavier Worthy,11624,WR,5,11.1,2.590950980392156,starter,NA,2025,14.9,jzeigboi
6,Rashid Shaheed,8676,WR,5,21.4,12.890950980392155,starter,NA,2025,11.4,jzeigboi
6,Dallas Goedert,5022,TE,5,10.9,1.7739705882352936,starter,NA,2025,8.4,jzeigboi
6,Troy Franklin,11627,WR,5,8.5,-0.00904901960784343,starter,NA,2025,10.5,jzeigboi
6,Cooper Rush,4574,QB,5,4.16,-9.786637254901962,starter,NA,2025,14,jzeigboi
6,Chase McLaughlin,6650,K,5,12,5.368627450980392,starter,NA,2025,30,jzeigboi
6,Minnesota Vikings,MIN,DST,5,3,-1.3490196078431378,starter,NA,2025,10,jzeigboi
3,Dak Prescott,3294,QB,5,28.28,14.33336274509804,starter,NA,2025,15.2,lukestip
3,Kenneth Walker III,8151,RB,5,9.6,0.3367352941176467,starter,NA,2025,14.2,lukestip
3,Javonte Williams,7588,RB,5,26.9,17.636735294117646,starter,NA,2025,14.8,lukestip
3,Justin Jefferson,6794,WR,5,19.3,10.790950980392156,starter,NA,2025,17.6,lukestip
3,Jalen Tolbert,8117,WR,5,0,-8.509049019607843,starter,NA,2025,8.1,lukestip
3,Brock Bowers,11604,TE,5,0,-9.1260294117647085,starter,NA,2025,2,lukestip
3,Marvin Mims Jr.,9494,WR,5,3.9,-4.609049019607843,starter,NA,2025,7.9,lukestip
3,Sam Darnold,4943,QB,5,28.64,14.69336274509804,starter,NA,2025,15.3,lukestip
3,Jake Elliott,4195,K,5,5,-1.6313725490196085,starter,NA,2025,26,lukestip
3,San Francisco 49ers,SF,DST,5,8,3.650980392156862,starter,NA,2025,15,lukestip
5,Geno Smith,1373,QB,5,7.92,-6.026637254901962,starter,NA,2025,15.6,ngernenz
5,Travis Etienne,7543,RB,5,8.8,-0.46326470588235225,starter,NA,2025,14.7,ngernenz
5,Kyren Williams,8150,RB,5,31.1,21.83673529411765,starter,NA,2025,13.6,ngernenz
5,Emeka Egbuka,12514,WR,5,31.3,22.790950980392157,starter,NA,2025,16.3,ngernenz
5,Courtland Sutton,5045,WR,5,17.9,9.390950980392155,starter,NA,2025,15.7,ngernenz
5,David Njoku,4033,TE,5,18.7,9.573970588235293,starter,NA,2025,9.2,ngernenz
5,Marvin Harrison Jr.,11628,WR,5,13.8,5.290950980392157,starter,NA,2025,13.7,ngernenz
5,Trevor Lawrence,7523,QB,5,27.24,13.293362745098037,starter,NA,2025,14.4,ngernenz
5,Wil Lutz,3678,K,5,9,2.3686274509803917,starter,NA,2025,20,ngernenz
5,Indianapolis Colts,IND,DST,5,17,12.650980392156862,starter,NA,2025,4,ngernenz
8,Jaxson Dart,12508,QB,5,17.58,3.6333627450980366,starter,NA,2025,18.4,obiwanginobiIi
8,Omarion Hampton,12507,RB,5,13,4.490950980392157,starter,NA,2025,17.5,obiwanginobiIi
8,Rachaad White,8136,RB,5,23.1,14.590950980392158,starter,NA,2025,13.1,obiwanginobiIi
8,Jordan Addison,9756,WR,5,15.1,5.1395784313725486,starter,NA,2025,11.5,obiwanginobiIi
8,Christian Kirk,4950,WR,5,10.4,0.43957843137254926,starter,NA,2025,8.6,obiwanginobiIi
8,T.J. Hockenson,5844,TE,5,9.8,0.673970588235294,starter,NA,2025,9.4,obiwanginobiIi
8,Michael Carter,7607,RB,5,18.3,9.7909509803921555,starter,NA,2025,9.1,obiwanginobiIi
8,Jalen Hurts,6904,QB,5,19.5,5.553362745098038,starter,NA,2025,23.4,obiwanginobiIi
8,Jake Bates,11539,K,5,5,-1.6313725490196085,starter,NA,2025,28,obiwanginobiIi
8,Denver Broncos,DEN,DST,5,7,2.650980392156862,starter,NA,2025,32,obiwanginobiIi
9,Dalton Kincaid,10236,TE,5,16.8,0,bench,3,2025,10.7,Arvs
9,Emari Demercado,11199,RB,5,6.1,0,bench,3,2025,9.6,Arvs
9,Joe Milton,11557,QB,5,0,0,bench,2,2025,0,Arvs
9,Caleb Williams,11560,QB,5,0,0,bench,2,2025,0,Arvs
9,Braelon Allen,11576,RB,5,0,0,bench,2,2025,0,Arvs
9,Malik Nabers,11632,WR,5,0,0,bench,2,2025,0,Arvs
9,Dylan Sampson,12469,RB,5,1.2000000000000002,0,bench,1,2025,0.5,Arvs
9,Kyle Monangai,12534,RB,5,0,0,bench,1,2025,0,Arvs
9,Zach Ertz,1339,TE,5,0,0,bench,13,2025,11.2,Arvs
9,Chris Godwin,4037,WR,5,0,0,bench,9,2025,11.3,Arvs
9,Brandon Aiyuk,6803,WR,5,0,0,bench,6,2025,0,Arvs
9,Najee Harris,7528,RB,5,0,0,bench,5,2025,0,Arvs
9,Jaylen Warren,8228,RB,5,0,0,bench,4,2025,0,Arvs
7,Jalen McMillan,11618,WR,5,0,0,bench,2,2025,0,ElatedBroncosFan
7,Keon Coleman,11637,WR,5,10.3,0,bench,2,2025,12.2,ElatedBroncosFan
7,Jalen Coker,11646,WR,5,0,0,bench,2,2025,0,ElatedBroncosFan
7,Jaydon Blue,12457,RB,5,0.7000000000000001,0,bench,1,2025,1.5,ElatedBroncosFan
7,Pat Bryant,12492,WR,5,0,0,bench,1,2025,0,ElatedBroncosFan
7,Oronde Gadsden,12493,TE,5,0,0,bench,1,2025,0,ElatedBroncosFan
7,Mason Taylor,12498,TE,5,15.7,0,bench,1,2025,7.7,ElatedBroncosFan
7,Carson Wentz,3161,QB,5,14.74,0,bench,10,2025,15.2,ElatedBroncosFan
7,DK Metcalf,5846,WR,5,0,0,bench,7,2025,0,ElatedBroncosFan
7,A.J. Brown,5859,WR,5,9.3,0,bench,7,2025,12.4,ElatedBroncosFan
7,Rico Dowdle,7021,RB,5,32.4,0,bench,6,2025,10.7,ElatedBroncosFan
7,Chigoziem Okonkwo,8210,TE,5,8.8,0,bench,4,2025,8.8,ElatedBroncosFan
7,Sean Tucker,9506,RB,5,2.9,0,bench,3,2025,4.7,ElatedBroncosFan
7,Bijan Robinson,9509,RB,5,0,0,bench,3,2025,0,ElatedBroncosFan
7,Kendre Miller,9757,RB,5,5.9,0,bench,3,2025,4.8,ElatedBroncosFan
10,DeAndre Hopkins,1426,WR,5,6.6000000000000005,0,bench,13,2025,5.6,Gretsch0401
10,Marcus Mariota,2307,QB,5,0,0,bench,11,2025,0,Gretsch0401
10,Tyreek Hill,3321,WR,5,0,0,bench,10,2025,0,Gretsch0401
10,George Kittle,4217,TE,5,0,0,bench,9,2025,0,Gretsch0401
10,Rashod Bateman,7571,WR,5,0,0,bench,5,2025,5.9,Gretsch0401
10,Romeo Doubs,8121,WR,5,0,0,bench,4,2025,0,Gretsch0401
10,Brian Robinson Jr.,8154,RB,5,1.2000000000000002,0,bench,4,2025,3.2,Gretsch0401
10,Christian Watson,8167,WR,5,0,0,bench,4,2025,0,Gretsch0401
10,Isiah Pacheco,8205,RB,5,8.6,0,bench,4,2025,5.9,Gretsch0401
10,Chase Brown,9224,RB,5,10.8,0,bench,3,2025,9.8,Gretsch0401
10,C.J. Stroud,9758,QB,5,28.76,0,bench,3,2025,16,Gretsch0401
10,Kansas City Chiefs,KC,DST,5,8,0,bench,NA,2025,3,Gretsch0401
2,Mike Evans,2216,WR,5,0,0,bench,12,2025,0,SFOControl
2,Austin Ekeler,4663,RB,5,0,0,bench,9,2025,0,SFOControl
2,Younghoe Koo,4666,K,5,0,0,bench,9,2025,0,SFOControl
2,Will Dissly,5010,TE,5,0,0,bench,8,2025,0,SFOControl
2,CeeDee Lamb,6786,WR,5,0,0,bench,6,2025,0,SFOControl
2,Tyler Bass,7042,K,5,0,0,bench,6,2025,0,SFOControl
2,Drake London,8112,WR,5,0,0,bench,4,2025,0,SFOControl
2,Isaiah Likely,8131,TE,5,2.2,0,bench,4,2025,4.9,SFOControl
2,Brock Purdy,8183,QB,5,0,0,bench,4,2025,0,SFOControl
2,Buffalo Bills,BUF,DST,5,8,0,bench,NA,2025,21,SFOControl
12,Rashee Rice,10229,WR,5,0,0,bench,3,2025,0,TheJandyStock
12,Jonathon Brooks,11583,RB,5,0,0,bench,2,2025,0,TheJandyStock
12,Russell Wilson,1234,QB,5,0,0,bench,14,2025,0,TheJandyStock
12,Brashard Smith,12455,RB,5,6.6,0,bench,1,2025,0,TheJandyStock
12,Harold Fannin,12506,TE,5,11.3,0,bench,1,2025,8.8,TheJandyStock
12,Jaylin Noel,12536,WR,5,9.8,0,bench,1,2025,0,TheJandyStock
12,Tyler Shough,12545,QB,5,0,0,bench,1,2025,0,TheJandyStock
12,Adam Thielen,1689,WR,5,0,0,bench,13,2025,0,TheJandyStock
12,Chris Boswell,1945,K,5,0,0,bench,12,2025,29,TheJandyStock
12,Calvin Ridley,4981,WR,5,18.1,0,bench,8,2025,9.1,TheJandyStock
12,Josh Jacobs,5850,RB,5,0,0,bench,7,2025,0,TheJandyStock
12,Jordan Love,6804,QB,5,0,0,bench,6,2025,0,TheJandyStock
12,Kenny Gainwell,7567,RB,5,0,0,bench,5,2025,0,TheJandyStock
12,Pittsburgh Steelers,PIT,DST,5,0,0,bench,NA,2025,30,TheJandyStock
11,Tre Tucker,10213,WR,5,11.1,0,bench,3,2025,11.1,akondratieff
11,Bhayshul Tuten,12490,RB,5,2.1,0,bench,1,2025,6.2,akondratieff
11,Travis Hunter,12530,WR,5,9.4,0,bench,1,2025,7.5,akondratieff
11,Joe Flacco,19,QB,5,0,0,bench,18,2025,0,akondratieff
11,James Conner,4137,RB,5,0,0,bench,9,2025,0,akondratieff
11,Lamar Jackson,4881,QB,5,0,0,bench,8,2025,0,akondratieff
11,Jauan Jennings,7049,WR,5,0,0,bench,6,2025,0,akondratieff
11,Tucker Kraft,9484,TE,5,0,0,bench,3,2025,0,akondratieff
11,DeMario Douglas,9501,WR,5,3.7,0,bench,3,2025,4.1,akondratieff
11,Green Bay Packers,GB,DST,5,0,0,bench,NA,2025,20,akondratieff
4,Zavier Scott,11299,RB,5,-0.19999999999999996,0,bench,3,2025,5.5,caskinner
4,MarShawn Lloyd,11581,RB,5,0,0,bench,2,2025,0,caskinner
4,Trey Benson,11589,RB,5,0,0,bench,2,2025,0,caskinner
4,Ricky Pearsall,11638,WR,5,0,0,bench,2,2025,0,caskinner
4,DJ Giddens,12471,RB,5,2.2,0,bench,1,2025,0.7,caskinner
4,Ollie Gordon,12495,RB,5,-0.2,0,bench,1,2025,3.8,caskinner
4,Kaleb Johnson,12504,RB,5,0,0,bench,1,2025,0,caskinner
4,Trevor Etienne,12531,RB,5,3.9,0,bench,1,2025,4.2,caskinner
4,Cooper Kupp,4039,WR,5,11.9,0,bench,9,2025,8.3,caskinner
4,Matthew Stafford,421,QB,5,25.56,0,bench,17,2025,16,caskinner
4,Dalton Schultz,5001,TE,5,11,0,bench,8,2025,6.8,caskinner
4,Terry McLaurin,5927,WR,5,0,0,bench,7,2025,0,caskinner
4,Joe Burrow,6770,QB,5,0,0,bench,6,2025,0,caskinner
4,Chris Olave,8144,WR,5,12.9,0,bench,4,2025,13.5,caskinner
4,Tyjae Spears,9508,RB,5,1.4,0,bench,3,2025,5.2,caskinner
1,Jayden Reed,10222,WR,5,0,0,bench,3,2025,0,joeburrowmvp
1,Quinn Ewers,12500,QB,5,0,0,bench,1,2025,0,joeburrowmvp
1,Shedeur Sanders,12524,QB,5,0,0,bench,1,2025,0,joeburrowmvp
1,Tahj Brooks,12543,RB,5,0,0,bench,1,2025,0,joeburrowmvp
1,Kareem Hunt,4098,RB,5,18.7,0,bench,9,2025,7.5,joeburrowmvp
1,Taysom Hill,4381,TE,5,0.66,0,bench,9,2025,5.1,joeburrowmvp
1,Nick Chubb,4988,RB,5,12.1,0,bench,8,2025,7.3,joeburrowmvp
1,Mark Andrews,5012,TE,5,4.2,0,bench,8,2025,10.9,joeburrowmvp
1,Jake Browning,6111,QB,5,21.14,0,bench,7,2025,13,joeburrowmvp
1,Jerry Jeudy,6783,WR,5,3.5,0,bench,6,2025,10.8,joeburrowmvp
1,Kyle Pitts,7553,TE,5,0,0,bench,5,2025,0,joeburrowmvp
1,Jerome Ford,8143,RB,5,5.8,0,bench,4,2025,2.8,joeburrowmvp
1,Keaton Mitchell,9511,RB,5,2.3,0,bench,3,2025,0,joeburrowmvp
1,Aaron Rodgers,96,QB,5,0,0,bench,21,2025,0,joeburrowmvp
1,Carolina Panthers,CAR,DST,5,3,0,bench,NA,2025,8,joeburrowmvp
6,Michael Penix Jr.,11559,QB,5,0,0,bench,2,2025,0,jzeigboi
6,Blake Corum,11586,RB,5,1.3,0,bench,2,2025,3.5,jzeigboi
6,Rome Odunze,11620,WR,5,0,0,bench,2,2025,0,jzeigboi
6,Dillon Gabriel,12486,QB,5,16.1,0,bench,1,2025,11.6,jzeigboi
6,Jalen Royals,12505,WR,5,0,0,bench,1,2025,0,jzeigboi
6,Colston Loveland,12517,TE,5,0,0,bench,1,2025,0,jzeigboi
6,Jacory Croskey-Merritt,12533,RB,5,27,0,bench,1,2025,7.5,jzeigboi
6,Isaac TeSlaa,12535,WR,5,8.2,0,bench,1,2025,2.8,jzeigboi
6,D'Andre Swift,6790,RB,5,0,0,bench,6,2025,0,jzeigboi
6,Tee Higgins,6801,WR,5,11.2,0,bench,6,2025,11.4,jzeigboi
6,Darnell Mooney,7090,WR,5,0,0,bench,6,2025,0,jzeigboi
6,Brenton Strange,9480,TE,5,3.2,0,bench,3,2025,10.9,jzeigboi
6,Tank Dell,9502,WR,5,0,0,bench,3,2025,0,jzeigboi
3,Ray Davis,11575,RB,5,0.1,0,bench,2,2025,2.8,lukestip
3,Adonai Mitchell,11625,WR,5,0,0,bench,2,2025,2.2,lukestip
3,Tyrone Tracy Jr.,11655,RB,5,0,0,bench,2,2025,0,lukestip
3,Devin Neal,12476,RB,5,0,0,bench,1,2025,0,lukestip
3,Jack Bech,12483,WR,5,5.7,0,bench,1,2025,0,lukestip
3,Matthew Golden,12501,WR,5,0,0,bench,1,2025,0,lukestip
3,Joe Mixon,4018,RB,5,0,0,bench,9,2025,0,lukestip
3,D.J. Moore,4983,WR,5,0,0,bench,8,2025,0,lukestip
3,Hunter Renfrow,5955,WR,5,1.7000000000000002,0,bench,7,2025,6.2,lukestip
3,Justice Hill,5995,RB,5,2.2,0,bench,7,2025,7.1,lukestip
3,Tua Tagovailoa,6768,QB,5,22.74,0,bench,6,2025,13.5,lukestip
3,Cole Kmet,6826,TE,5,0,0,bench,6,2025,0,lukestip
3,Dyami Brown,7587,WR,5,3.5,0,bench,5,2025,3.2,lukestip
3,Will Levis,9999,QB,5,0,0,bench,3,2025,0,lukestip
3,New England Patriots,NE,DST,5,9,0,bench,NA,2025,29,lukestip
5,Chris Rodriguez Jr.,10219,RB,5,0.7000000000000001,0,bench,3,2025,6,ngernenz
5,J.J. McCarthy,11565,QB,5,0,0,bench,2,2025,0,ngernenz
5,Bucky Irving,11584,RB,5,0,0,bench,2,2025,0,ngernenz
5,Malik Washington,11610,WR,5,4,0,bench,2,2025,7.4,ngernenz
5,Ladd McConkey,11635,WR,5,14.9,0,bench,2,2025,11.8,ngernenz
5,Jayden Higgins,12484,WR,5,7.2,0,bench,1,2025,4.8,ngernenz
5,Tory Horton,12497,WR,5,12.9,0,bench,1,2025,5.8,ngernenz
5,Jalen Milroe,12510,QB,5,-2,0,bench,1,2025,0,ngernenz
5,Elijah Arroyo,12521,TE,5,2,0,bench,1,2025,4.4,ngernenz
5,Aaron Jones,4199,RB,5,0,0,bench,9,2025,0,ngernenz
5,Noah Gray,7828,TE,5,0,0,bench,5,2025,3,ngernenz
5,Tyquan Thornton,8188,WR,5,12,0,bench,4,2025,8.8,ngernenz
5,Josh Downs,9500,WR,5,11.4,0,bench,3,2025,8.9,ngernenz
8,Cedric Tillman,10444,WR,5,0,0,bench,3,2025,0,obiwanginobiIi
8,Bo Nix,11563,QB,5,17.88,0,bench,2,2025,16.9,obiwanginobiIi
8,Luke McCaffrey,11650,WR,5,6,0,bench,2,2025,5.6,obiwanginobiIi
8,Savion Williams,12482,WR,5,0,0,bench,1,2025,0,obiwanginobiIi
8,RJ Harvey,12489,RB,5,6,0,bench,1,2025,10.4,obiwanginobiIi
8,Isaiah Bond,12503,WR,5,4.9,0,bench,1,2025,6.9,obiwanginobiIi
8,Luther Burden,12519,WR,5,0,0,bench,1,2025,0,obiwanginobiIi
8,Dont'e Thornton,12541,WR,5,0,0,bench,1,2025,5.4,obiwanginobiIi
8,Kyle Williams,12547,WR,5,0,0,bench,1,2025,0,obiwanginobiIi
8,Deshaun Watson,4017,QB,5,0,0,bench,9,2025,0,obiwanginobiIi
8,Chuba Hubbard,7594,RB,5,0,0,bench,5,2025,0,obiwanginobiIi
8,Tommy Tremble,7694,TE,5,1.7000000000000002,0,bench,5,2025,7.6,obiwanginobiIi
8,Tyler Allgeier,8132,RB,5,0,0,bench,4,2025,0,obiwanginobiIi
8,Anthony Richardson,9229,QB,5,2.26,0,bench,3,2025,0,obiwanginobiIi
8,Zach Charbonnet,9753,RB,5,11.8,0,bench,3,2025,7.7,obiwanginobiIi
9,Caleb Williams,11560,QB,6,19.88,8.932862745098038,starter,NA,2025,18.1,Arvs
9,Jaylen Warren,8228,RB,6,8.3,1.195068627450981,starter,NA,2025,14.3,Arvs
9,Cam Skattebo,12481,RB,6,31,23.895068627450986,starter,NA,2025,15.2,Arvs
9,Khalil Shakir,8134,WR,6,6.3,-2.9370882352941168,starter,NA,2025,14.8,Arvs
9,Keenan Allen,1479,WR,6,6.7,-2.5370882352941164,starter,NA,2025,14.2,Arvs
9,Jake Ferguson,8110,TE,6,12.3,3.79678431372549,starter,NA,2025,13.2,Arvs
9,Darren Waller,2505,TE,6,9.2,0.6967843137254892,starter,NA,2025,10.2,Arvs
9,Dillon Gabriel,12486,QB,6,8.84,-2.1071372549019607,starter,NA,2025,11.5,Arvs
9,Tyler Loop,12711,K,6,3,-1.5897058823529413,starter,NA,2025,17,Arvs
9,Washington Commanders,WAS,DST,6,5,-0.16568627450980333,starter,NA,2025,1,Arvs
7,Justin Herbert,6797,QB,6,18.76,7.812862745098041,starter,NA,2025,18.4,ElatedBroncosFan
7,Christian McCaffrey,4034,RB,6,24.1,15.596784313725491,starter,NA,2025,22,ElatedBroncosFan
7,Bijan Robinson,9509,RB,6,35.8,27.29678431372549,starter,NA,2025,21.9,ElatedBroncosFan
7,Puka Nacua,9493,WR,6,4.8,-4.437088235294117,starter,NA,2025,22.1,ElatedBroncosFan
7,Jaxon Smith-Njigba,9488,WR,6,30.2,20.962911764705883,starter,NA,2025,19.4,ElatedBroncosFan
7,Travis Kelce,1466,TE,6,13.8,5.817303921568628,starter,NA,2025,12.7,ElatedBroncosFan
7,Rico Dowdle,7021,RB,6,33.9,25.39678431372549,starter,NA,2025,17,ElatedBroncosFan
7,Drake Maye,11564,QB,6,27.24,16.292862745098038,starter,NA,2025,19.7,ElatedBroncosFan
7,Matt Gay,6083,K,6,7,2.4102941176470587,starter,NA,2025,0,ElatedBroncosFan
7,Tennessee Titans,TEN,DST,6,5,-0.16568627450980333,starter,NA,2025,18,ElatedBroncosFan
10,Jayden Daniels,11566,QB,6,22.64,11.69286274509804,starter,NA,2025,19.5,Gretsch0401
10,Quinshon Judkins,12512,RB,6,3.6,-3.5049313725490197,starter,NA,2025,13.7,Gretsch0401
10,Alvin Kamara,4035,RB,6,12.6,5.49506862745098,starter,NA,2025,12.1,Gretsch0401
10,Chris Olave,8144,WR,6,15.8,7.296784313725491,starter,NA,2025,13.9,Gretsch0401
10,Davante Adams,2133,WR,6,7.9,-0.6032156862745097,starter,NA,2025,15.1,Gretsch0401
10,Evan Engram,4066,TE,6,9.9,1.917303921568628,starter,NA,2025,6.9,Gretsch0401
10,Jakobi Meyers,5947,WR,6,7.9,-0.6032156862745097,starter,NA,2025,13.1,Gretsch0401
10,Justin Fields,7591,QB,6,4.9,-6.04713725490196,starter,NA,2025,18.5,Gretsch0401
10,Brandon Aubrey,11533,K,6,9,4.410294117647059,starter,NA,2025,32,Gretsch0401
10,Philadelphia Eagles,PHI,DST,6,1,-4.165686274509803,starter,NA,2025,16,Gretsch0401
2,Mac Jones,7527,QB,6,13.18,2.232862745098039,starter,NA,2025,15.8,SFOControl
2,De'Von Achane,9226,RB,6,31,23.895068627450986,starter,NA,2025,18.8,SFOControl
2,J.K. Dobbins,6806,RB,6,4,-3.1049313725490197,starter,NA,2025,13.2,SFOControl
2,Hollywood Brown,5848,WR,6,20.5,11.99678431372549,starter,NA,2025,7.9,SFOControl
2,Deebo Samuel Sr.,5872,WR,6,5.4,-3.1032156862745097,starter,NA,2025,16.3,SFOControl
2,Juwan Johnson,7002,TE,6,1.5,-6.482696078431372,starter,NA,2025,11.4,SFOControl
2,Drake London,8112,WR,6,31.8,23.29678431372549,starter,NA,2025,15.1,SFOControl
2,Patrick Mahomes,4046,QB,6,31.48,20.53286274509804,starter,NA,2025,21.4,SFOControl
2,Eddy Pineiro,5189,K,6,18,13.41029411764706,starter,NA,2025,27,SFOControl
2,Buffalo Bills,BUF,DST,6,4,-1.1656862745098031,starter,NA,2025,21,SFOControl
12,Baker Mayfield,4892,QB,6,19.64,8.69286274509804,starter,NA,2025,18.7,TheJandyStock
12,Saquon Barkley,4866,RB,6,8.7,1.5950686274509795,starter,NA,2025,16.3,TheJandyStock
12,Josh Jacobs,5850,RB,6,32,24.895068627450986,starter,NA,2025,17.7,TheJandyStock
12,Wan'Dale Robinson,8126,WR,6,20.4,11.896784313725489,starter,NA,2025,13.1,TheJandyStock
12,George Pickens,8137,WR,6,31.8,23.29678431372549,starter,NA,2025,16.6,TheJandyStock
12,Sam LaPorta,10859,TE,6,16.5,8.517303921568628,starter,NA,2025,10.3,TheJandyStock
12,Stefon Diggs,2449,WR,6,5.8,-2.7032156862745103,starter,NA,2025,14.6,TheJandyStock
12,Jordan Love,6804,QB,6,15.96,5.01286274509804,starter,NA,2025,17.8,TheJandyStock
12,Harrison Butker,4227,K,6,5,0.4102941176470587,starter,NA,2025,9,TheJandyStock
12,Pittsburgh Steelers,PIT,DST,6,10,4.834313725490197,starter,NA,2025,30,TheJandyStock
11,Spencer Rattler,11562,QB,6,11.08,4.121627450980392,starter,NA,2025,15.4,akondratieff
11,Breece Hall,8155,RB,6,5.9,-1.2049313725490194,starter,NA,2025,16.5,akondratieff
11,Rhamondre Stevenson,7611,RB,6,1.8,-5.30493137254902,starter,NA,2025,11.4,akondratieff
11,Jaylen Waddle,7526,WR,6,15.82,4.87286274509804,starter,NA,2025,15.7,akondratieff
11,Michael Pittman Jr.,6819,WR,6,4,-6.9471372549019605,starter,NA,2025,14.4,akondratieff
11,Tucker Kraft,9484,TE,6,12.3,4.317303921568628,starter,NA,2025,12.3,akondratieff
11,Brian Thomas Jr.,11631,WR,6,23,12.05286274509804,starter,NA,2025,13.2,akondratieff
11,Kendrick Bourne,4454,WR,6,19.2,8.252862745098039,starter,NA,2025,13.3,akondratieff
11,Jason Myers,2747,K,6,10,5.410294117647059,starter,NA,2025,31,akondratieff
11,Green Bay Packers,GB,DST,6,2,-3.1656862745098033,starter,NA,2025,20,akondratieff
4,Daniel Jones,5870,QB,6,23.48,12.53286274509804,starter,NA,2025,17,caskinner
4,Jonathan Taylor,6813,RB,6,23.7,16.595068627450978,starter,NA,2025,20.8,caskinner
4,James Cook,8138,RB,6,8.7,1.5950686274509795,starter,NA,2025,18.8,caskinner
4,Quentin Johnston,9754,WR,6,0,-8.50321568627451,starter,NA,2025,2,caskinner
4,Tetairoa McMillan,12526,WR,6,17.9,9.396784313725489,starter,NA,2025,13.5,caskinner
4,Trey McBride,8130,TE,6,21.2,13.217303921568629,starter,NA,2025,15.5,caskinner
4,Amon-Ra St. Brown,7547,WR,6,13.7,5.196784313725489,starter,NA,2025,18.4,caskinner
4,Matthew Stafford,421,QB,6,9.34,-1.607137254901961,starter,NA,2025,17.3,caskinner
4,Cameron Dicker,8259,K,6,17,12.41029411764706,starter,NA,2025,25,caskinner
4,Seattle Seahawks,SEA,DST,6,11,5.834313725490197,starter,NA,2025,28,caskinner
1,Jared Goff,3163,QB,6,16.82,5.87286274509804,starter,NA,2025,19,joeburrowmvp
1,Ashton Jeanty,12527,RB,6,16.6,9.495068627450982,starter,NA,2025,14.9,joeburrowmvp
1,David Montgomery,5892,RB,6,8.1,0.99506862745098,starter,NA,2025,9,joeburrowmvp
1,Ja'Marr Chase,7564,WR,6,25.1,16.596784313725493,starter,NA,2025,16.5,joeburrowmvp
1,DeVonta Smith,7525,WR,6,8.9,0.3967843137254903,starter,NA,2025,12.7,joeburrowmvp
1,Tyler Warren,12518,TE,6,18.3,10.317303921568628,starter,NA,2025,13.8,joeburrowmvp
1,Jerry Jeudy,6783,WR,6,9.3,0.7967843137254906,starter,NA,2025,8.2,joeburrowmvp
1,Aaron Rodgers,96,QB,6,17.5,6.5528627450980395,starter,NA,2025,14.3,joeburrowmvp
1,Matt Prater,17,K,6,2,-2.5897058823529413,starter,NA,2025,0,joeburrowmvp
1,Indianapolis Colts,IND,DST,6,4,-1.1656862745098031,starter,NA,2025,4,joeburrowmvp
6,Josh Allen,4984,QB,6,17.4,6.452862745098038,starter,NA,2025,23.9,jzeigboi
6,Jahmyr Gibbs,9221,RB,6,7.5,-1.00321568627451,starter,NA,2025,18.3,jzeigboi
6,D'Andre Swift,6790,RB,6,25.5,16.99678431372549,starter,NA,2025,12.5,jzeigboi
6,Xavier Worthy,11624,WR,6,10.6,1.362911764705883,starter,NA,2025,15,jzeigboi
6,Rome Odunze,11620,WR,6,5.2,-4.037088235294116,starter,NA,2025,14.4,jzeigboi
6,Dalton Kincaid,10236,TE,6,0,-7.982696078431372,starter,NA,2025,10.8,jzeigboi
6,Jacory Croskey-Merritt,12533,RB,6,5.8,-2.7032156862745103,starter,NA,2025,10.6,jzeigboi
6,Michael Penix Jr.,11559,QB,6,14.6,3.652862745098039,starter,NA,2025,13.7,jzeigboi
6,Chase McLaughlin,6650,K,6,6,1.4102941176470587,starter,NA,2025,30,jzeigboi
6,Los Angeles Chargers,LAC,DST,6,8,2.8343137254901967,starter,NA,2025,24,jzeigboi
3,Dak Prescott,3294,QB,6,22.34,11.39286274509804,starter,NA,2025,18,lukestip
3,Kenneth Walker III,8151,RB,6,4.7,-3.80321568627451,starter,NA,2025,14.4,lukestip
3,Javonte Williams,7588,RB,6,8.4,-0.10321568627450972,starter,NA,2025,16.6,lukestip
3,Matthew Golden,12501,WR,6,13.2,3.9629117647058822,starter,NA,2025,11.5,lukestip
3,D.J. Moore,4983,WR,6,8.2,-1.0370882352941173,starter,NA,2025,8.2,lukestip
3,Cole Kmet,6826,TE,6,1,-6.982696078431372,starter,NA,2025,5.2,lukestip
3,Tyrone Tracy Jr.,11655,RB,6,0.6,-7.90321568627451,starter,NA,2025,5.1,lukestip
3,Sam Darnold,4943,QB,6,20,9.05286274509804,starter,NA,2025,15.8,lukestip
3,Jake Elliott,4195,K,6,6,1.4102941176470587,starter,NA,2025,26,lukestip
3,New England Patriots,NE,DST,6,6,0.8343137254901967,starter,NA,2025,29,lukestip
5,Trevor Lawrence,7523,QB,6,19.22,12.261627450980392,starter,NA,2025,15.5,ngernenz
5,Kyren Williams,8150,RB,6,16.7,9.59506862745098,starter,NA,2025,14.6,ngernenz
5,Travis Etienne,7543,RB,6,9.5,2.3950686274509803,starter,NA,2025,14.1,ngernenz
5,Emeka Egbuka,12514,WR,6,4.4,-6.54713725490196,starter,NA,2025,18.8,ngernenz
5,Courtland Sutton,5045,WR,6,2.7,-8.247137254901961,starter,NA,2025,14.4,ngernenz
5,David Njoku,4033,TE,6,5.8,-2.1826960784313725,starter,NA,2025,11.6,ngernenz
5,Marvin Harrison Jr.,11628,WR,6,5.2,-5.74713725490196,starter,NA,2025,14.2,ngernenz
5,Ladd McConkey,11635,WR,6,23,12.05286274509804,starter,NA,2025,14.7,ngernenz
5,Wil Lutz,3678,K,6,9,4.410294117647059,starter,NA,2025,20,ngernenz
5,Las Vegas Raiders,LV,DST,6,17,11.834313725490198,starter,NA,2025,14,ngernenz
8,Bo Nix,11563,QB,6,13.36,2.412862745098039,starter,NA,2025,17.9,obiwanginobiIi
8,Rachaad White,8136,RB,6,17.6,9.096784313725491,starter,NA,2025,15.3,obiwanginobiIi
8,Michael Carter,7607,RB,6,8.4,-0.10321568627450972,starter,NA,2025,4.3,obiwanginobiIi
8,Xavier Legette,11626,WR,6,3.1,-6.137088235294117,starter,NA,2025,5.9,obiwanginobiIi
8,Dont'e Thornton,12541,WR,6,0,-9.237088235294117,starter,NA,2025,5.2,obiwanginobiIi
8,Jake Tonges,8698,TE,6,11.8,3.817303921568629,starter,NA,2025,7.5,obiwanginobiIi
8,Zach Charbonnet,9753,RB,6,4.7,-3.80321568627451,starter,NA,2025,7.3,obiwanginobiIi
8,Jalen Hurts,6904,QB,6,21.62,10.67286274509804,starter,NA,2025,22.9,obiwanginobiIi
8,Jake Bates,11539,K,6,5,0.4102941176470587,starter,NA,2025,28,obiwanginobiIi
8,Denver Broncos,DEN,DST,6,13,7.834313725490197,starter,NA,2025,32,obiwanginobiIi
9,Joe Milton,11557,QB,6,0,0,bench,2,2025,0,Arvs
9,Braelon Allen,11576,RB,6,0,0,bench,2,2025,0,Arvs
9,Theo Johnson,11597,TE,6,4.7,0,bench,2,2025,8.5,Arvs
9,Malik Nabers,11632,WR,6,0,0,bench,2,2025,0,Arvs
9,Dylan Sampson,12469,RB,6,4.4,0,bench,1,2025,0.5,Arvs
9,Cameron Ward,12522,QB,6,7.880000000000001,0,bench,1,2025,11.3,Arvs
9,Kyle Monangai,12534,RB,6,5.4,0,bench,1,2025,3.3,Arvs
9,Chris Godwin,4037,WR,6,0,0,bench,9,2025,0,Arvs
9,Dallas Goedert,5022,TE,6,26,0,bench,8,2025,9.8,Arvs
9,Brandon Aiyuk,6803,WR,6,0,0,bench,6,2025,0,Arvs
9,Najee Harris,7528,RB,6,0,0,bench,5,2025,0,Arvs
9,Jordan Mason,8408,RB,6,0,0,bench,4,2025,0,Arvs
9,Zay Flowers,9997,WR,6,8.600000000000001,0,bench,3,2025,13.2,Arvs
7,Jalen McMillan,11618,WR,6,0,0,bench,2,2025,0,ElatedBroncosFan
7,Keon Coleman,11637,WR,6,4.1,0,bench,2,2025,11.9,ElatedBroncosFan
7,Jalen Coker,11646,WR,6,0,0,bench,2,2025,0,ElatedBroncosFan
7,Kimani Vidal,11647,RB,6,22.8,0,bench,2,2025,4.8,ElatedBroncosFan
7,Jaydon Blue,12457,RB,6,0,0,bench,1,2025,1,ElatedBroncosFan
7,Woody Marks,12474,RB,6,0,0,bench,1,2025,0,ElatedBroncosFan
7,Pat Bryant,12492,WR,6,4.2,0,bench,1,2025,0,ElatedBroncosFan
7,Mason Taylor,12498,TE,6,1.2,0,bench,1,2025,9.7,ElatedBroncosFan
7,Gunnar Helm,12502,TE,6,3.5,0,bench,1,2025,2.5,ElatedBroncosFan
7,Carson Wentz,3161,QB,6,0,0,bench,10,2025,0,ElatedBroncosFan
7,DK Metcalf,5846,WR,6,19.5,0,bench,7,2025,14.1,ElatedBroncosFan
7,A.J. Brown,5859,WR,6,14,0,bench,7,2025,12.8,ElatedBroncosFan
7,Garrett Wilson,8146,WR,6,4.3,0,bench,4,2025,15.6,ElatedBroncosFan
7,Chigoziem Okonkwo,8210,TE,6,10.6,0,bench,4,2025,8.9,ElatedBroncosFan
7,Kendre Miller,9757,RB,6,4.2,0,bench,3,2025,5.3,ElatedBroncosFan
10,Elic Ayomanor,12499,WR,6,5.7,0,bench,1,2025,10.6,Gretsch0401
10,DeAndre Hopkins,1426,WR,6,4,0,bench,13,2025,5.7,Gretsch0401
10,Marcus Mariota,2307,QB,6,0,0,bench,11,2025,0,Gretsch0401
10,Tyreek Hill,3321,WR,6,0,0,bench,10,2025,0,Gretsch0401
10,George Kittle,4217,TE,6,0,0,bench,9,2025,0,Gretsch0401
10,Rashod Bateman,7571,WR,6,1.8,0,bench,5,2025,5.5,Gretsch0401
10,Romeo Doubs,8121,WR,6,10.5,0,bench,4,2025,13.2,Gretsch0401
10,Brian Robinson Jr.,8154,RB,6,3.8,0,bench,4,2025,2.7,Gretsch0401
10,Christian Watson,8167,WR,6,0,0,bench,4,2025,0,Gretsch0401
10,Isiah Pacheco,8205,RB,6,6.1000000000000005,0,bench,4,2025,6.1,Gretsch0401
10,C.J. Stroud,9758,QB,6,0,0,bench,3,2025,0,Gretsch0401
10,Kansas City Chiefs,KC,DST,6,3,0,bench,NA,2025,3,Gretsch0401
2,Adrian Martinez,11065,QB,6,0,0,bench,3,2025,0,SFOControl
2,Mike Evans,2216,WR,6,0,0,bench,12,2025,0,SFOControl
2,Austin Ekeler,4663,RB,6,0,0,bench,9,2025,0,SFOControl
2,Will Dissly,5010,TE,6,3.8,0,bench,8,2025,0,SFOControl
2,Daniel Carlson,5095,K,6,10,0,bench,8,2025,8,SFOControl
2,Darius Slayton,6149,WR,6,0,0,bench,7,2025,0,SFOControl
2,CeeDee Lamb,6786,WR,6,0,0,bench,6,2025,0,SFOControl
2,Tyler Bass,7042,K,6,0,0,bench,6,2025,0,SFOControl
2,Isaiah Likely,8131,TE,6,1.6,0,bench,4,2025,4.6,SFOControl
2,Brock Purdy,8183,QB,6,0,0,bench,4,2025,0,SFOControl
2,Detroit Lions,DET,DST,6,3,0,bench,NA,2025,31,SFOControl
12,Rashee Rice,10229,WR,6,0,0,bench,3,2025,0,TheJandyStock
12,Jonathon Brooks,11583,RB,6,0,0,bench,2,2025,0,TheJandyStock
12,Russell Wilson,1234,QB,6,0,0,bench,14,2025,0,TheJandyStock
12,Brashard Smith,12455,RB,6,5.1,0,bench,1,2025,4.3,TheJandyStock
12,Harold Fannin,12506,TE,6,15.1,0,bench,1,2025,7.6,TheJandyStock
12,TreVeyon Henderson,12529,RB,6,4.6000000000000005,0,bench,1,2025,9.4,TheJandyStock
12,Jaylin Noel,12536,WR,6,0,0,bench,1,2025,0,TheJandyStock
12,Tyler Shough,12545,QB,6,0,0,bench,1,2025,0,TheJandyStock
12,Adam Thielen,1689,WR,6,0,0,bench,13,2025,0,TheJandyStock
12,Chris Boswell,1945,K,6,14,0,bench,12,2025,29,TheJandyStock
12,Derrick Henry,3198,RB,6,14.000000000000002,0,bench,10,2025,13.6,TheJandyStock
12,Calvin Ridley,4981,WR,6,2.8,0,bench,8,2025,10.8,TheJandyStock
12,Kenny Gainwell,7567,RB,6,9.6,0,bench,5,2025,0,TheJandyStock
12,Cleveland Browns,CLE,DST,6,1,0,bench,NA,2025,17,TheJandyStock
11,Tre Tucker,10213,WR,6,12,0,bench,3,2025,10.8,akondratieff
11,Bhayshul Tuten,12490,RB,6,4.800000000000001,0,bench,1,2025,5.7,akondratieff
11,Travis Hunter,12530,WR,6,5.5,0,bench,1,2025,7.8,akondratieff
11,Joe Flacco,19,QB,6,18.76,0,bench,18,2025,12.3,akondratieff
11,Hunter Henry,3214,TE,6,5.7,0,bench,10,2025,12,akondratieff
11,James Conner,4137,RB,6,0,0,bench,9,2025,0,akondratieff
11,Lamar Jackson,4881,QB,6,0,0,bench,8,2025,0,akondratieff
11,Jauan Jennings,7049,WR,6,1.7000000000000002,0,bench,6,2025,13.5,akondratieff
11,Jameson Williams,8148,WR,6,18.6,0,bench,4,2025,13.3,akondratieff
11,DeMario Douglas,9501,WR,6,16.1,0,bench,3,2025,3,akondratieff
11,Los Angeles Rams,LAR,DST,6,19,0,bench,NA,2025,22,akondratieff
4,MarShawn Lloyd,11581,RB,6,0,0,bench,2,2025,0,caskinner
4,Trey Benson,11589,RB,6,0,0,bench,2,2025,0,caskinner
4,Ricky Pearsall,11638,WR,6,0,0,bench,2,2025,0,caskinner
4,DJ Giddens,12471,RB,6,0,0,bench,1,2025,0.7,caskinner
4,Ollie Gordon,12495,RB,6,1.2000000000000002,0,bench,1,2025,3.5,caskinner
4,Kaleb Johnson,12504,RB,6,1.5,0,bench,1,2025,0,caskinner
4,Trevor Etienne,12531,RB,6,1.7000000000000002,0,bench,1,2025,3.8,caskinner
4,Cooper Kupp,4039,WR,6,12,0,bench,9,2025,8.2,caskinner
4,Dalton Schultz,5001,TE,6,0,0,bench,8,2025,0,caskinner
4,Terry McLaurin,5927,WR,6,0,0,bench,7,2025,0,caskinner
4,Joe Burrow,6770,QB,6,0,0,bench,6,2025,0,caskinner
4,Chase Brown,9224,RB,6,6.9,0,bench,3,2025,10.9,caskinner
4,Bryce Young,9228,QB,6,19.46,0,bench,3,2025,14.1,caskinner
4,Tyjae Spears,9508,RB,6,9,0,bench,3,2025,4.5,caskinner
1,Jayden Reed,10222,WR,6,0,0,bench,3,2025,0,joeburrowmvp
1,Emari Demercado,11199,RB,6,0.1,0,bench,3,2025,8.7,joeburrowmvp
1,Quinn Ewers,12500,QB,6,0,0,bench,1,2025,0,joeburrowmvp
1,Shedeur Sanders,12524,QB,6,0,0,bench,1,2025,0,joeburrowmvp
1,Tahj Brooks,12543,RB,6,0,0,bench,1,2025,0,joeburrowmvp
1,Kareem Hunt,4098,RB,6,4.4,0,bench,9,2025,7.3,joeburrowmvp
1,Taysom Hill,4381,TE,6,6.1,0,bench,9,2025,2.8,joeburrowmvp
1,Nick Chubb,4988,RB,6,0,0,bench,8,2025,0,joeburrowmvp
1,Mark Andrews,5012,TE,6,6.6000000000000005,0,bench,8,2025,9.8,joeburrowmvp
1,Kyler Murray,5849,QB,6,0,0,bench,7,2025,0,joeburrowmvp
1,Kyle Pitts,7553,TE,6,4.8,0,bench,5,2025,10.8,joeburrowmvp
1,Nico Collins,7569,WR,6,0,0,bench,5,2025,0,joeburrowmvp
1,Joshua Palmer,7670,WR,6,8,0,bench,5,2025,5.5,joeburrowmvp
1,Houston Texans,HOU,DST,6,0,0,bench,NA,2025,23,joeburrowmvp
6,Blake Corum,11586,RB,6,2.3000000000000003,0,bench,2,2025,3.8,jzeigboi
6,Troy Franklin,11627,WR,6,3.1000000000000005,0,bench,2,2025,10.3,jzeigboi
6,Ryan Flournoy,11783,WR,6,6.3,0,bench,2,2025,10,jzeigboi
6,Jalen Royals,12505,WR,6,0,0,bench,1,2025,0,jzeigboi
6,Colston Loveland,12517,TE,6,3.1,0,bench,1,2025,0,jzeigboi
6,Isaac TeSlaa,12535,WR,6,0,0,bench,1,2025,2.8,jzeigboi
6,Zach Ertz,1339,TE,6,16.3,0,bench,13,2025,9.8,jzeigboi
6,Tony Pollard,5967,RB,6,6.7,0,bench,7,2025,12.4,jzeigboi
6,Tee Higgins,6801,WR,6,11.2,0,bench,6,2025,11.6,jzeigboi
6,Darnell Mooney,7090,WR,6,0,0,bench,6,2025,0,jzeigboi
6,Hassan Haskins,8123,RB,6,3.3000000000000003,0,bench,4,2025,7.9,jzeigboi
6,Rashid Shaheed,8676,WR,6,6.800000000000001,0,bench,4,2025,11.6,jzeigboi
6,Brenton Strange,9480,TE,6,0,0,bench,3,2025,0,jzeigboi
6,Tank Dell,9502,WR,6,0,0,bench,3,2025,0,jzeigboi
3,Ray Davis,11575,RB,6,9.9,0,bench,2,2025,1.7,lukestip
3,Brock Bowers,11604,TE,6,0,0,bench,2,2025,0,lukestip
3,Adonai Mitchell,11625,WR,6,0,0,bench,2,2025,0,lukestip
3,Devin Neal,12476,RB,6,0,0,bench,1,2025,0,lukestip
3,Jack Bech,12483,WR,6,0,0,bench,1,2025,0,lukestip
3,Joe Mixon,4018,RB,6,0,0,bench,9,2025,0,lukestip
3,Hunter Renfrow,5955,WR,6,1.7000000000000002,0,bench,7,2025,3.5,lukestip
3,Justice Hill,5995,RB,6,9.4,0,bench,7,2025,5.6,lukestip
3,Tua Tagovailoa,6768,QB,6,9.6,0,bench,6,2025,14.7,lukestip
3,Justin Jefferson,6794,WR,6,0,0,bench,6,2025,0,lukestip
3,Dyami Brown,7587,WR,6,4,0,bench,5,2025,5.6,lukestip
3,Jalen Tolbert,8117,WR,6,1.8,0,bench,4,2025,7.7,lukestip
3,Marvin Mims Jr.,9494,WR,6,3.8,0,bench,3,2025,7.7,lukestip
3,Will Levis,9999,QB,6,0,0,bench,3,2025,0,lukestip
3,San Francisco 49ers,SF,DST,6,0,0,bench,NA,2025,15,lukestip
5,Chris Rodriguez Jr.,10219,RB,6,0,0,bench,3,2025,1.9,ngernenz
5,J.J. McCarthy,11565,QB,6,0,0,bench,2,2025,0,ngernenz
5,Bucky Irving,11584,RB,6,0,0,bench,2,2025,0,ngernenz
5,AJ Barner,11603,TE,6,10.1,0,bench,2,2025,7.8,ngernenz
5,Malik Washington,11610,WR,6,6.3,0,bench,2,2025,5.5,ngernenz
5,Jayden Higgins,12484,WR,6,0,0,bench,1,2025,0,ngernenz
5,Tory Horton,12497,WR,6,0,0,bench,1,2025,5.8,ngernenz
5,Jalen Milroe,12510,QB,6,0,0,bench,1,2025,0,ngernenz
5,Elijah Arroyo,12521,TE,6,1.6,0,bench,1,2025,4.2,ngernenz
5,Geno Smith,1373,QB,6,9.66,0,bench,13,2025,15.3,ngernenz
5,Aaron Jones,4199,RB,6,0,0,bench,9,2025,0,ngernenz
5,Noah Gray,7828,TE,6,4.5,0,bench,5,2025,2.7,ngernenz
5,Tyquan Thornton,8188,WR,6,0,0,bench,4,2025,8.6,ngernenz
5,Josh Downs,9500,WR,6,16.2,0,bench,3,2025,9.2,ngernenz
8,Cedric Tillman,10444,WR,6,0,0,bench,3,2025,0,obiwanginobiIi
8,Savion Williams,12482,WR,6,0.30000000000000004,0,bench,1,2025,0,obiwanginobiIi
8,RJ Harvey,12489,RB,6,6.5,0,bench,1,2025,8.8,obiwanginobiIi
8,Isaiah Bond,12503,WR,6,2.9,0,bench,1,2025,7.5,obiwanginobiIi
8,Omarion Hampton,12507,RB,6,0,0,bench,1,2025,0,obiwanginobiIi
8,Jaxson Dart,12508,QB,6,23.6,0,bench,1,2025,18.9,obiwanginobiIi
8,Luther Burden,12519,WR,6,9.1,0,bench,1,2025,2.7,obiwanginobiIi
8,Kyle Williams,12547,WR,6,0,0,bench,1,2025,0,obiwanginobiIi
8,Christian Kirk,4950,WR,6,0,0,bench,8,2025,0,obiwanginobiIi
8,T.J. Hockenson,5844,TE,6,0,0,bench,7,2025,0,obiwanginobiIi
8,Chuba Hubbard,7594,RB,6,0,0,bench,5,2025,0,obiwanginobiIi
8,Calvin Austin III,8125,WR,6,0,0,bench,4,2025,0,obiwanginobiIi
8,Tyler Allgeier,8132,RB,6,10.8,0,bench,4,2025,4.8,obiwanginobiIi
8,Anthony Richardson,9229,QB,6,0,0,bench,3,2025,0,obiwanginobiIi
8,Jordan Addison,9756,WR,6,0,0,bench,3,2025,0,obiwanginobiIi
9,Caleb Williams,11560,QB,7,5.68,-0.8268725490196083,starter,NA,2025,17.7,Arvs
9,Jordan Mason,8408,RB,7,11.7,1.9976960784313729,starter,NA,2025,10.8,Arvs
9,Cam Skattebo,12481,RB,7,18.4,8.697696078431372,starter,NA,2025,14.8,Arvs
9,Kayshon Boutte,9504,WR,7,13.5,5.301245098039216,starter,NA,2025,9.2,Arvs
9,Keenan Allen,1479,WR,7,28.9,20.701245098039216,starter,NA,2025,12.1,Arvs
9,Dallas Goedert,5022,TE,7,4.8,-4.902303921568627,starter,NA,2025,12.3,Arvs
9,Jaylen Warren,8228,RB,7,19.8,10.097696078431374,starter,NA,2025,14.3,Arvs
9,Jake Ferguson,8110,TE,7,21.9,12.197696078431372,starter,NA,2025,13.4,Arvs
9,Ka'imi Fairbairn,3451,K,7,8,3.1769607843137253,starter,NA,2025,19,Arvs
9,Washington Commanders,WAS,DST,7,-1,-5.815686274509805,starter,NA,2025,1,Arvs
7,Drake Maye,11564,QB,7,23.08,13.377696078431372,starter,NA,2025,19.5,ElatedBroncosFan
7,Christian McCaffrey,4034,RB,7,39.1,31.51845098039216,starter,NA,2025,20.4,ElatedBroncosFan
7,Bijan Robinson,9509,RB,7,21.2,13.618450980392156,starter,NA,2025,22.4,ElatedBroncosFan
7,Jaxon Smith-Njigba,9488,WR,7,26.3,18.101245098039215,starter,NA,2025,20.6,ElatedBroncosFan
7,DK Metcalf,5846,WR,7,8,-0.1987549019607844,starter,NA,2025,14.6,ElatedBroncosFan
7,Travis Kelce,1466,TE,7,8.4,-0.638529411764706,starter,NA,2025,12.6,ElatedBroncosFan
7,Rico Dowdle,7021,RB,7,10.6,3.0184509803921564,starter,NA,2025,14.9,ElatedBroncosFan
7,Justin Herbert,6797,QB,7,29.9,20.19769607843137,starter,NA,2025,18.9,ElatedBroncosFan
7,Matt Gay,6083,K,7,2,-2.8230392156862747,starter,NA,2025,0,ElatedBroncosFan
7,New Orleans Saints,NO,DST,7,3,-1.8156862745098048,starter,NA,2025,27,ElatedBroncosFan
10,Jayden Daniels,11566,QB,7,17.74,8.037696078431372,starter,NA,2025,21.7,Gretsch0401
10,Quinshon Judkins,12512,RB,7,26.4,20.39756862745098,starter,NA,2025,14.3,Gretsch0401
10,Alvin Kamara,4035,RB,7,5.9,-0.10243137254901936,starter,NA,2025,12,Gretsch0401
10,Chris Olave,8144,WR,7,26.8,19.218450980392156,starter,NA,2025,15.2,Gretsch0401
10,Davante Adams,2133,WR,7,26.5,18.91845098039216,starter,NA,2025,17.9,Gretsch0401
10,George Kittle,4217,TE,7,0,-9.038529411764706,starter,NA,2025,14.2,Gretsch0401
10,Romeo Doubs,8121,WR,7,13.2,5.618450980392156,starter,NA,2025,12,Gretsch0401
10,Justin Fields,7591,QB,7,4.04,-5.662303921568626,starter,NA,2025,16.8,Gretsch0401
10,Brandon Aubrey,11533,K,7,17,12.176960784313724,starter,NA,2025,32,Gretsch0401
10,Kansas City Chiefs,KC,DST,7,13,8.184313725490195,starter,NA,2025,3,Gretsch0401
2,Mac Jones,7527,QB,7,6.18,-3.5223039215686267,starter,NA,2025,16.7,SFOControl
2,J.K. Dobbins,6806,RB,7,9,2.9975686274509803,starter,NA,2025,12.9,SFOControl
2,De'Von Achane,9226,RB,7,12.8,6.797568627450981,starter,NA,2025,17.6,SFOControl
2,CeeDee Lamb,6786,WR,7,22,14.418450980392157,starter,NA,2025,17.6,SFOControl
2,Mike Evans,2216,WR,7,0,-7.581549019607843,starter,NA,2025,15.6,SFOControl
2,Juwan Johnson,7002,TE,7,12.9,3.861470588235294,starter,NA,2025,6.3,SFOControl
2,Drake London,8112,WR,7,8.2,0.6184509803921561,starter,NA,2025,17.7,SFOControl
2,Patrick Mahomes,4046,QB,7,26.24,16.537696078431374,starter,NA,2025,21.5,SFOControl
2,Eddy Pineiro,5189,K,7,11,6.176960784313725,starter,NA,2025,27,SFOControl
2,Detroit Lions,DET,DST,7,14,9.184313725490195,starter,NA,2025,31,SFOControl
12,Baker Mayfield,4892,QB,7,12.12,2.417696078431373,starter,NA,2025,18.7,TheJandyStock
12,Saquon Barkley,4866,RB,7,5.2,-0.8024313725490195,starter,NA,2025,15,TheJandyStock
12,Josh Jacobs,5850,RB,7,18.8,12.797568627450982,starter,NA,2025,18.5,TheJandyStock
12,Rashee Rice,10229,WR,7,23.2,15.618450980392156,starter,NA,2025,14.6,TheJandyStock
12,George Pickens,8137,WR,7,12.2,4.618450980392156,starter,NA,2025,14.8,TheJandyStock
12,Sam LaPorta,10859,TE,7,4.5,-4.538529411764706,starter,NA,2025,10.7,TheJandyStock
12,Stefon Diggs,2449,WR,7,13.9,6.318450980392157,starter,NA,2025,13,TheJandyStock
12,Jordan Love,6804,QB,7,13.36,3.657696078431373,starter,NA,2025,17.5,TheJandyStock
12,Harrison Butker,4227,K,7,7,2.1769607843137253,starter,NA,2025,9,TheJandyStock
12,Pittsburgh Steelers,PIT,DST,7,1,-3.815686274509805,starter,NA,2025,30,TheJandyStock
11,Spencer Rattler,11562,QB,7,13.52,7.013127450980392,starter,NA,2025,15.3,akondratieff
11,Breece Hall,8155,RB,7,7.2,1.1975686274509805,starter,NA,2025,15.7,akondratieff
11,Rhamondre Stevenson,7611,RB,7,16.8,10.797568627450982,starter,NA,2025,10.3,akondratieff
11,Jaylen Waddle,7526,WR,7,2.5,-7.202303921568626,starter,NA,2025,15.8,akondratieff
11,Michael Pittman Jr.,6819,WR,7,20.8,11.097696078431374,starter,NA,2025,15,akondratieff
11,Tucker Kraft,9484,TE,7,16.8,7.761470588235294,starter,NA,2025,11,akondratieff
11,Brian Thomas Jr.,11631,WR,7,6.1,-3.6023039215686268,starter,NA,2025,13.8,akondratieff
11,Jameson Williams,8148,WR,7,0,-9.702303921568626,starter,NA,2025,13.5,akondratieff
11,Jason Myers,2747,K,7,9,4.176960784313725,starter,NA,2025,31,akondratieff
11,Green Bay Packers,GB,DST,7,9,4.184313725490195,starter,NA,2025,20,akondratieff
4,Daniel Jones,5870,QB,7,22.22,12.517696078431372,starter,NA,2025,16.7,caskinner
4,Jonathan Taylor,6813,RB,7,34.2,28.197568627450984,starter,NA,2025,20.4,caskinner
4,Chase Brown,9224,RB,7,12,5.99756862745098,starter,NA,2025,9.5,caskinner
4,Quentin Johnston,9754,WR,7,11,3.418450980392157,starter,NA,2025,13.1,caskinner
4,Tetairoa McMillan,12526,WR,7,6.3,-1.2815490196078434,starter,NA,2025,12.8,caskinner
4,Trey McBride,8130,TE,7,29.4,20.361470588235292,starter,NA,2025,17.8,caskinner
4,Amon-Ra St. Brown,7547,WR,7,20.6,13.018450980392158,starter,NA,2025,20.3,caskinner
4,Matthew Stafford,421,QB,7,27.38,17.677696078431374,starter,NA,2025,16,caskinner
4,Cameron Dicker,8259,K,7,7,2.1769607843137253,starter,NA,2025,25,caskinner
4,Seattle Seahawks,SEA,DST,7,9,4.184313725490195,starter,NA,2025,28,caskinner
1,Jared Goff,3163,QB,7,11.34,1.6376960784313734,starter,NA,2025,19.5,joeburrowmvp
1,Ashton Jeanty,12527,RB,7,4.4,-1.6024313725490194,starter,NA,2025,14.3,joeburrowmvp
1,David Montgomery,5892,RB,7,5.9,-0.10243137254901936,starter,NA,2025,8.7,joeburrowmvp
1,Ja'Marr Chase,7564,WR,7,38.1,30.51845098039216,starter,NA,2025,17.8,joeburrowmvp
1,DeVonta Smith,7525,WR,7,33.3,25.718450980392156,starter,NA,2025,14,joeburrowmvp
1,Tyler Warren,12518,TE,7,16.9,7.861470588235292,starter,NA,2025,14.1,joeburrowmvp
1,Nico Collins,7569,WR,7,6.7,-0.881549019607843,starter,NA,2025,15.5,joeburrowmvp
1,Aaron Rodgers,96,QB,7,24.56,14.857696078431372,starter,NA,2025,14.8,joeburrowmvp
1,Michael Badgley,5230,K,7,5,0.1769607843137253,starter,NA,2025,0,joeburrowmvp
1,Indianapolis Colts,IND,DST,7,7,2.184313725490195,starter,NA,2025,4,joeburrowmvp
6,Michael Penix Jr.,11559,QB,7,12.24,5.733127450980392,starter,NA,2025,13.8,jzeigboi
6,Jahmyr Gibbs,9221,RB,7,36.8,27.09769607843137,starter,NA,2025,18.4,jzeigboi
6,D'Andre Swift,6790,RB,7,20.8,11.097696078431374,starter,NA,2025,14.3,jzeigboi
6,Luke McCaffrey,11650,WR,7,0,-9.702303921568626,starter,NA,2025,9.1,jzeigboi
6,Rome Odunze,11620,WR,7,5.1,-4.602303921568627,starter,NA,2025,15.7,jzeigboi
6,Cade Otton,8111,TE,7,13.5,4.461470588235294,starter,NA,2025,9.5,jzeigboi
6,Jacory Croskey-Merritt,12533,RB,7,4.2,-5.502303921568626,starter,NA,2025,12.4,jzeigboi
6,Xavier Worthy,11624,WR,7,7.8,-1.9023039215686264,starter,NA,2025,12.2,jzeigboi
6,Chase McLaughlin,6650,K,7,5,0.1769607843137253,starter,NA,2025,30,jzeigboi
6,Los Angeles Chargers,LAC,DST,7,-3,-7.815686274509805,starter,NA,2025,24,jzeigboi
3,Dak Prescott,3294,QB,7,23.26,13.557696078431375,starter,NA,2025,19.6,lukestip
3,Kenneth Walker III,8151,RB,7,6.6,0.5975686274509799,starter,NA,2025,13,lukestip
3,Javonte Williams,7588,RB,7,18.8,12.797568627450982,starter,NA,2025,15,lukestip
3,Justin Jefferson,6794,WR,7,12.9,5.318450980392157,starter,NA,2025,16.6,lukestip
3,Matthew Golden,12501,WR,7,7.7,0.11845098039215696,starter,NA,2025,13.7,lukestip
3,Cole Kmet,6826,TE,7,2.6,-6.438529411764707,starter,NA,2025,4.9,lukestip
3,D.J. Moore,4983,WR,7,8.2,0.6184509803921561,starter,NA,2025,8.3,lukestip
3,Sam Darnold,4943,QB,7,9.62,-0.0823039215686272,starter,NA,2025,16.4,lukestip
3,Jake Elliott,4195,K,7,3,-1.8230392156862747,starter,NA,2025,26,lukestip
3,New England Patriots,NE,DST,7,19,14.184313725490195,starter,NA,2025,29,lukestip
5,Trevor Lawrence,7523,QB,7,17.64,7.937696078431374,starter,NA,2025,15,ngernenz
5,Kyren Williams,8150,RB,7,8.5,2.4975686274509803,starter,NA,2025,16.3,ngernenz
5,Travis Etienne,7543,RB,7,6.5,0.4975686274509803,starter,NA,2025,13.2,ngernenz
5,Ladd McConkey,11635,WR,7,15.7,8.118450980392156,starter,NA,2025,14.4,ngernenz
5,Courtland Sutton,5045,WR,7,16.7,9.118450980392156,starter,NA,2025,14.5,ngernenz
5,Zach Ertz,1339,TE,7,12.7,3.661470588235293,starter,NA,2025,11.9,ngernenz
5,Marvin Harrison Jr.,11628,WR,7,7.8,0.2184509803921566,starter,NA,2025,13.5,ngernenz
5,Geno Smith,1373,QB,7,2.78,-6.922303921568627,starter,NA,2025,13.4,ngernenz
5,Wil Lutz,3678,K,7,5,0.1769607843137253,starter,NA,2025,20,ngernenz
5,Chicago Bears,CHI,DST,7,14,9.184313725490195,starter,NA,2025,9,ngernenz
8,Jalen Hurts,6904,QB,7,24.04,14.337696078431373,starter,NA,2025,22.8,obiwanginobiIi
8,Rachaad White,8136,RB,7,8.4,0.8184509803921571,starter,NA,2025,16.3,obiwanginobiIi
8,Zach Charbonnet,9753,RB,7,19.5,11.918450980392157,starter,NA,2025,7.5,obiwanginobiIi
8,Jordan Addison,9756,WR,7,21.8,13.601245098039216,starter,NA,2025,10.7,obiwanginobiIi
8,Xavier Legette,11626,WR,7,24.2,16.001245098039213,starter,NA,2025,7.4,obiwanginobiIi
8,T.J. Hockenson,5844,TE,7,10.3,1.2614705882352943,starter,NA,2025,9.2,obiwanginobiIi
8,Chuba Hubbard,7594,RB,7,7.5,-0.08154901960784322,starter,NA,2025,9.2,obiwanginobiIi
8,Bo Nix,11563,QB,7,39.96,30.257696078431373,starter,NA,2025,16.5,obiwanginobiIi
8,Jake Bates,11539,K,7,7,2.1769607843137253,starter,NA,2025,28,obiwanginobiIi
8,Denver Broncos,DEN,DST,7,5,0.18431372549019545,starter,NA,2025,32,obiwanginobiIi
9,Braelon Allen,11576,RB,7,0,0,bench,2,2025,0,Arvs
9,Theo Johnson,11597,TE,7,15.6,0,bench,2,2025,7.5,Arvs
9,Malik Nabers,11632,WR,7,0,0,bench,2,2025,0,Arvs
9,Dylan Sampson,12469,RB,7,2.7,0,bench,1,2025,2.5,Arvs
9,Dillon Gabriel,12486,QB,7,5.84,0,bench,1,2025,12,Arvs
9,Cameron Ward,12522,QB,7,11.2,0,bench,1,2025,10.6,Arvs
9,Kyle Monangai,12534,RB,7,17.400000000000002,0,bench,1,2025,3.6,Arvs
9,Darren Waller,2505,TE,7,0,0,bench,11,2025,11.6,Arvs
9,Chris Godwin,4037,WR,7,0,0,bench,9,2025,0,Arvs
9,Brandon Aiyuk,6803,WR,7,0,0,bench,6,2025,0,Arvs
9,Najee Harris,7528,RB,7,0,0,bench,5,2025,0,Arvs
9,Khalil Shakir,8134,WR,7,0,0,bench,4,2025,0,Arvs
9,Zay Flowers,9997,WR,7,0,0,bench,3,2025,0,Arvs
7,Jalen McMillan,11618,WR,7,0,0,bench,2,2025,0,ElatedBroncosFan
7,Keon Coleman,11637,WR,7,0,0,bench,2,2025,0,ElatedBroncosFan
7,Jalen Coker,11646,WR,7,0,0,bench,2,2025,5.2,ElatedBroncosFan
7,Kimani Vidal,11647,RB,7,7.5,0,bench,2,2025,11.7,ElatedBroncosFan
7,Jaydon Blue,12457,RB,7,4.4,0,bench,1,2025,1,ElatedBroncosFan
7,Woody Marks,12474,RB,7,12.5,0,bench,1,2025,11.6,ElatedBroncosFan
7,Pat Bryant,12492,WR,7,1.6,0,bench,1,2025,3.2,ElatedBroncosFan
7,Oronde Gadsden,12493,TE,7,0,0,bench,1,2025,0,ElatedBroncosFan
7,Mason Taylor,12498,TE,7,6.1,0,bench,1,2025,9.8,ElatedBroncosFan
7,A.J. Brown,5859,WR,7,28.1,0,bench,7,2025,14.2,ElatedBroncosFan
7,Garrett Wilson,8146,WR,7,0,0,bench,4,2025,0,ElatedBroncosFan
7,Chigoziem Okonkwo,8210,TE,7,0,0,bench,4,2025,10.8,ElatedBroncosFan
7,Puka Nacua,9493,WR,7,0,0,bench,3,2025,0,ElatedBroncosFan
7,Kendre Miller,9757,RB,7,0.7000000000000001,0,bench,3,2025,5.3,ElatedBroncosFan
10,Elic Ayomanor,12499,WR,7,4.9,0,bench,1,2025,10.4,Gretsch0401
10,DeAndre Hopkins,1426,WR,7,0,0,bench,13,2025,0,Gretsch0401
10,Marcus Mariota,2307,QB,7,4.92,0,bench,11,2025,0,Gretsch0401
10,Tyreek Hill,3321,WR,7,0,0,bench,10,2025,0,Gretsch0401
10,Evan Engram,4066,TE,7,9.2,0,bench,9,2025,7.2,Gretsch0401
10,Jakobi Meyers,5947,WR,7,0,0,bench,7,2025,0,Gretsch0401
10,Rashod Bateman,7571,WR,7,0,0,bench,5,2025,0,Gretsch0401
10,Brian Robinson Jr.,8154,RB,7,3.6,0,bench,4,2025,2,Gretsch0401
10,Christian Watson,8167,WR,7,0,0,bench,4,2025,0,Gretsch0401
10,Isiah Pacheco,8205,RB,7,12.4,0,bench,4,2025,7.9,Gretsch0401
10,C.J. Stroud,9758,QB,7,14.66,0,bench,3,2025,16,Gretsch0401
10,Philadelphia Eagles,PHI,DST,7,12,0,bench,NA,2025,16,Gretsch0401
2,Adrian Martinez,11065,QB,7,0,0,bench,3,2025,0,SFOControl
2,Kade Warner,11419,WR,7,0,0,bench,1,2025,0,SFOControl
2,Austin Ekeler,4663,RB,7,0,0,bench,9,2025,0,SFOControl
2,Will Dissly,5010,TE,7,0,0,bench,8,2025,0,SFOControl
2,Daniel Carlson,5095,K,7,0,0,bench,8,2025,8,SFOControl
2,Hollywood Brown,5848,WR,7,8.4,0,bench,7,2025,7.4,SFOControl
2,Deebo Samuel Sr.,5872,WR,7,0,0,bench,7,2025,0,SFOControl
2,Darius Slayton,6149,WR,7,0,0,bench,7,2025,0,SFOControl
2,Tyler Bass,7042,K,7,0,0,bench,6,2025,0,SFOControl
2,Isaiah Likely,8131,TE,7,0,0,bench,4,2025,0,SFOControl
2,Brock Purdy,8183,QB,7,0,0,bench,4,2025,0,SFOControl
2,Buffalo Bills,BUF,DST,7,0,0,bench,NA,2025,21,SFOControl
12,Jonathon Brooks,11583,RB,7,0,0,bench,2,2025,0,TheJandyStock
12,Russell Wilson,1234,QB,7,0,0,bench,14,2025,0,TheJandyStock
12,Brashard Smith,12455,RB,7,13.1,0,bench,1,2025,4.6,TheJandyStock
12,Harold Fannin,12506,TE,7,7.6,0,bench,1,2025,11.7,TheJandyStock
12,TreVeyon Henderson,12529,RB,7,0.5,0,bench,1,2025,8.8,TheJandyStock
12,Jaylin Noel,12536,WR,7,11.7,0,bench,1,2025,0,TheJandyStock
12,Tyler Shough,12545,QB,7,0,0,bench,1,2025,0,TheJandyStock
12,Adam Thielen,1689,WR,7,2,0,bench,13,2025,0,TheJandyStock
12,Chris Boswell,1945,K,7,8,0,bench,12,2025,29,TheJandyStock
12,Derrick Henry,3198,RB,7,0,0,bench,10,2025,0,TheJandyStock
12,Calvin Ridley,4981,WR,7,0,0,bench,8,2025,0,TheJandyStock
12,Kenny Gainwell,7567,RB,7,3.5000000000000004,0,bench,5,2025,0,TheJandyStock
12,Wan'Dale Robinson,8126,WR,7,15.5,0,bench,4,2025,11.8,TheJandyStock
12,Cleveland Browns,CLE,DST,7,25,0,bench,NA,2025,17,TheJandyStock
11,Tre Tucker,10213,WR,7,8.3,0,bench,3,2025,11.3,akondratieff
11,Bhayshul Tuten,12490,RB,7,2.2,0,bench,1,2025,5.1,akondratieff
11,Travis Hunter,12530,WR,7,24.1,0,bench,1,2025,8,akondratieff
11,Joe Flacco,19,QB,7,25.98,0,bench,18,2025,12.4,akondratieff
11,Hunter Henry,3214,TE,7,7.300000000000001,0,bench,10,2025,11.8,akondratieff
11,James Conner,4137,RB,7,0,0,bench,9,2025,0,akondratieff
11,Kendrick Bourne,4454,WR,7,3.4000000000000004,0,bench,9,2025,15.2,akondratieff
11,Lamar Jackson,4881,QB,7,0,0,bench,8,2025,0,akondratieff
11,Jauan Jennings,7049,WR,7,7.1,0,bench,6,2025,8.5,akondratieff
11,DeMario Douglas,9501,WR,7,4.7,0,bench,3,2025,4.3,akondratieff
11,Los Angeles Rams,LAR,DST,7,12,0,bench,NA,2025,22,akondratieff
4,MarShawn Lloyd,11581,RB,7,0,0,bench,2,2025,0,caskinner
4,Trey Benson,11589,RB,7,0,0,bench,2,2025,0,caskinner
4,Ricky Pearsall,11638,WR,7,0,0,bench,2,2025,0,caskinner
4,DJ Giddens,12471,RB,7,0,0,bench,1,2025,0.6,caskinner
4,Tez Johnson,12485,WR,7,15.8,0,bench,1,2025,7.9,caskinner
4,Ollie Gordon,12495,RB,7,2.3000000000000003,0,bench,1,2025,2.6,caskinner
4,Kaleb Johnson,12504,RB,7,0,0,bench,1,2025,0.9,caskinner
4,Trevor Etienne,12531,RB,7,0,0,bench,1,2025,0,caskinner
4,Cooper Kupp,4039,WR,7,3.2,0,bench,9,2025,8,caskinner
4,Dalton Schultz,5001,TE,7,18.8,0,bench,8,2025,6.3,caskinner
4,Terry McLaurin,5927,WR,7,0,0,bench,7,2025,0,caskinner
4,Joe Burrow,6770,QB,7,0,0,bench,6,2025,0,caskinner
4,James Cook,8138,RB,7,0,0,bench,4,2025,0,caskinner
4,Bryce Young,9228,QB,7,10.52,0,bench,3,2025,13.7,caskinner
4,Tyjae Spears,9508,RB,7,7,0,bench,3,2025,9.4,caskinner
1,Jayden Reed,10222,WR,7,0,0,bench,3,2025,0,joeburrowmvp
1,Quinn Ewers,12500,QB,7,0.1200000000000001,0,bench,1,2025,0,joeburrowmvp
1,Shedeur Sanders,12524,QB,7,0,0,bench,1,2025,0,joeburrowmvp
1,Tahj Brooks,12543,RB,7,0,0,bench,1,2025,0,joeburrowmvp
1,Kareem Hunt,4098,RB,7,1.8,0,bench,9,2025,6.4,joeburrowmvp
1,Taysom Hill,4381,TE,7,2.8000000000000003,0,bench,9,2025,2.9,joeburrowmvp
1,Nick Chubb,4988,RB,7,2.1,0,bench,8,2025,8.3,joeburrowmvp
1,Mark Andrews,5012,TE,7,0,0,bench,8,2025,0,joeburrowmvp
1,Kyler Murray,5849,QB,7,0,0,bench,7,2025,0,joeburrowmvp
1,Jerry Jeudy,6783,WR,7,3.7,0,bench,6,2025,8.2,joeburrowmvp
1,Kyle Pitts,7553,TE,7,13.2,0,bench,5,2025,10.8,joeburrowmvp
1,Joshua Palmer,7670,WR,7,0,0,bench,5,2025,0,joeburrowmvp
1,Sean Tucker,9506,RB,7,1.6,0,bench,3,2025,4,joeburrowmvp
1,Houston Texans,HOU,DST,7,14,0,bench,NA,2025,23,joeburrowmvp
6,Dalton Kincaid,10236,TE,7,0,0,bench,3,2025,0,jzeigboi
6,Blake Corum,11586,RB,7,5.300000000000001,0,bench,2,2025,4.1,jzeigboi
6,Troy Franklin,11627,WR,7,10.9,0,bench,2,2025,10,jzeigboi
6,Kameron Johnson,11994,WR,7,0,0,bench,2,2025,5.7,jzeigboi
6,Jalen Royals,12505,WR,7,0,0,bench,1,2025,0,jzeigboi
6,Colston Loveland,12517,TE,7,5.4,0,bench,1,2025,4.4,jzeigboi
6,Isaac TeSlaa,12535,WR,7,0,0,bench,1,2025,2.9,jzeigboi
6,Josh Allen,4984,QB,7,0,0,bench,8,2025,0,jzeigboi
6,Tony Pollard,5967,RB,7,12.1,0,bench,7,2025,10.8,jzeigboi
6,Tee Higgins,6801,WR,7,21.6,0,bench,6,2025,11.1,jzeigboi
6,Darnell Mooney,7090,WR,7,9.8,0,bench,6,2025,7.7,jzeigboi
6,Rashid Shaheed,8676,WR,7,8,0,bench,4,2025,11.5,jzeigboi
6,Brenton Strange,9480,TE,7,0,0,bench,3,2025,0,jzeigboi
6,Tank Dell,9502,WR,7,0,0,bench,3,2025,0,jzeigboi
3,Ray Davis,11575,RB,7,0,0,bench,2,2025,0,lukestip
3,Brock Bowers,11604,TE,7,0,0,bench,2,2025,0,lukestip
3,Adonai Mitchell,11625,WR,7,1.8,0,bench,2,2025,4.8,lukestip
3,Tyrone Tracy Jr.,11655,RB,7,10.6,0,bench,2,2025,4.7,lukestip
3,Devin Neal,12476,RB,7,0.1,0,bench,1,2025,0,lukestip
3,Jack Bech,12483,WR,7,3.3,0,bench,1,2025,5.2,lukestip
3,Joe Mixon,4018,RB,7,0,0,bench,9,2025,0,lukestip
3,Hunter Renfrow,5955,WR,7,0,0,bench,7,2025,0,lukestip
3,Justice Hill,5995,RB,7,0,0,bench,7,2025,0,lukestip
3,Tua Tagovailoa,6768,QB,7,-0.3999999999999999,0,bench,6,2025,14.2,lukestip
3,Dyami Brown,7587,WR,7,7,0,bench,5,2025,5.8,lukestip
3,Jalen Tolbert,8117,WR,7,2.6,0,bench,4,2025,3.3,lukestip
3,Marvin Mims Jr.,9494,WR,7,15.8,0,bench,3,2025,5.9,lukestip
3,Will Levis,9999,QB,7,0,0,bench,3,2025,0,lukestip
3,San Francisco 49ers,SF,DST,7,9,0,bench,NA,2025,15,lukestip
5,J.J. McCarthy,11565,QB,7,0,0,bench,2,2025,0,ngernenz
5,Bucky Irving,11584,RB,7,0,0,bench,2,2025,0,ngernenz
5,AJ Barner,11603,TE,7,1.9,0,bench,2,2025,9.3,ngernenz
5,Jayden Higgins,12484,WR,7,0,0,bench,1,2025,8.1,ngernenz
5,Tory Horton,12497,WR,7,0,0,bench,1,2025,5.6,ngernenz
5,Jalen Milroe,12510,QB,7,0,0,bench,1,2025,0,ngernenz
5,Emeka Egbuka,12514,WR,7,9.8,0,bench,1,2025,0,ngernenz
5,Elijah Arroyo,12521,TE,7,6.199999999999999,0,bench,1,2025,3.1,ngernenz
5,Sterling Shepard,3200,WR,7,7.5,0,bench,10,2025,8.1,ngernenz
5,David Njoku,4033,TE,7,0,0,bench,9,2025,2,ngernenz
5,Aaron Jones,4199,RB,7,0,0,bench,9,2025,0,ngernenz
5,Noah Gray,7828,TE,7,3.8,0,bench,5,2025,0,ngernenz
5,Tyquan Thornton,8188,WR,7,4.9,0,bench,4,2025,3.2,ngernenz
5,Josh Downs,9500,WR,7,0,0,bench,3,2025,0,ngernenz
8,Cedric Tillman,10444,WR,7,0,0,bench,3,2025,0,obiwanginobiIi
8,Savion Williams,12482,WR,7,0,0,bench,1,2025,0,obiwanginobiIi
8,RJ Harvey,12489,RB,7,7.2,0,bench,1,2025,7.9,obiwanginobiIi
8,Isaiah Bond,12503,WR,7,0,0,bench,1,2025,7.5,obiwanginobiIi
8,Omarion Hampton,12507,RB,7,0,0,bench,1,2025,0,obiwanginobiIi
8,Jaxson Dart,12508,QB,7,29.42,0,bench,1,2025,16.7,obiwanginobiIi
8,Luther Burden,12519,WR,7,3.1,0,bench,1,2025,5.9,obiwanginobiIi
8,Dont'e Thornton,12541,WR,7,0,0,bench,1,2025,0,obiwanginobiIi
8,Kyle Williams,12547,WR,7,0,0,bench,1,2025,0,obiwanginobiIi
8,Christian Kirk,4950,WR,7,0,0,bench,8,2025,0,obiwanginobiIi
8,Michael Carter,7607,RB,7,5.6,0,bench,5,2025,6.8,obiwanginobiIi
8,Calvin Austin III,8125,WR,7,0,0,bench,4,2025,0,obiwanginobiIi
8,Tyler Allgeier,8132,RB,7,1.6,0,bench,4,2025,4.6,obiwanginobiIi
8,Jake Tonges,8698,TE,7,0,0,bench,4,2025,4.9,obiwanginobiIi
8,Anthony Richardson,9229,QB,7,0,0,bench,3,2025,0,obiwanginobiIi
9,Caleb Williams,11560,QB,8,12.8,8.626460784313727,starter,NA,2025,17.4,Arvs
9,Jaylen Warren,8228,RB,8,9.3,1.1376960784313734,starter,NA,2025,14.6,Arvs
9,Cam Skattebo,12481,RB,8,10,1.8376960784313727,starter,NA,2025,16.4,Arvs
9,Kayshon Boutte,9504,WR,8,16.5,8.337696078431373,starter,NA,2025,9.6,Arvs
9,Zay Flowers,9997,WR,8,14.1,5.937696078431372,starter,NA,2025,13.4,Arvs
9,Jake Ferguson,8110,TE,8,0,-7.73186274509804,starter,NA,2025,11.8,Arvs
9,Keenan Allen,1479,WR,8,8.4,0.23769607843137308,starter,NA,2025,13.7,Arvs
9,Jordan Mason,8408,RB,8,1.6,-6.562303921568628,starter,NA,2025,10.4,Arvs
9,Ka'imi Fairbairn,3451,K,8,14,9.06029411764706,starter,NA,2025,19,Arvs
9,Minnesota Vikings,MIN,DST,8,0,-1.9573529411764707,starter,NA,2025,10,Arvs
7,Drake Maye,11564,QB,8,27.28,19.117696078431372,starter,NA,2025,20,ElatedBroncosFan
7,Christian McCaffrey,4034,RB,8,9.8,-0.16154901960784152,starter,NA,2025,21.8,ElatedBroncosFan
7,Bijan Robinson,9509,RB,8,5.8,-4.161549019607842,starter,NA,2025,24.5,ElatedBroncosFan
7,Keon Coleman,11637,WR,8,6,-1.6445882352941172,starter,NA,2025,8.6,ElatedBroncosFan
7,DK Metcalf,5846,WR,8,16.5,8.855411764705883,starter,NA,2025,15,ElatedBroncosFan
7,Oronde Gadsden,12493,TE,8,18.7,10.96813725490196,starter,NA,2025,0,ElatedBroncosFan
7,Woody Marks,12474,RB,8,15.1,5.138450980392157,starter,NA,2025,11.6,ElatedBroncosFan
7,Justin Herbert,6797,QB,8,26.28,18.117696078431372,starter,NA,2025,20.5,ElatedBroncosFan
7,Evan McPherson,7839,K,8,8,3.060294117647059,starter,NA,2025,22,ElatedBroncosFan
7,Atlanta Falcons,ATL,DST,8,0,-1.9573529411764707,starter,NA,2025,11,ElatedBroncosFan
10,Marcus Mariota,2307,QB,8,13.32,5.157696078431373,starter,NA,2025,17.3,Gretsch0401
10,Quinshon Judkins,12512,RB,8,4.7,-4.74993137254902,starter,NA,2025,12,Gretsch0401
10,Alvin Kamara,4035,RB,8,6.5,-2.9499313725490204,starter,NA,2025,11.6,Gretsch0401
10,Chris Olave,8144,WR,8,14,4.038450980392158,starter,NA,2025,15.8,Gretsch0401
10,Elic Ayomanor,12499,WR,8,9.2,-0.7615490196078429,starter,NA,2025,11,Gretsch0401
10,George Kittle,4217,TE,8,14.3,6.568137254901961,starter,NA,2025,12,Gretsch0401
10,Romeo Doubs,8121,WR,8,9.4,-0.5615490196078419,starter,NA,2025,13.2,Gretsch0401
10,C.J. Stroud,9758,QB,8,22.72,14.557696078431372,starter,NA,2025,15.8,Gretsch0401
10,Brandon Aubrey,11533,K,8,6,1.060294117647059,starter,NA,2025,32,Gretsch0401
10,Kansas City Chiefs,KC,DST,8,11,9.04264705882353,starter,NA,2025,3,Gretsch0401
2,Mac Jones,7527,QB,8,19.02,10.857696078431372,starter,NA,2025,15.1,SFOControl
2,J.K. Dobbins,6806,RB,8,14.1,4.650068627450979,starter,NA,2025,12.2,SFOControl
2,De'Von Achane,9226,RB,8,20.1,10.65006862745098,starter,NA,2025,18.8,SFOControl
2,CeeDee Lamb,6786,WR,8,14.6,4.638450980392157,starter,NA,2025,18.1,SFOControl
2,Deebo Samuel Sr.,5872,WR,8,4.2,-5.761549019607842,starter,NA,2025,12,SFOControl
2,Juwan Johnson,7002,TE,8,10.3,2.568137254901961,starter,NA,2025,8.3,SFOControl
2,Darius Slayton,6149,WR,8,4.6,-5.361549019607843,starter,NA,2025,5.7,SFOControl
2,Patrick Mahomes,4046,QB,8,24.96,16.797696078431372,starter,NA,2025,21.8,SFOControl
2,Eddy Pineiro,5189,K,8,1,-3.939705882352941,starter,NA,2025,27,SFOControl
2,Buffalo Bills,BUF,DST,8,19,17.04264705882353,starter,NA,2025,21,SFOControl
12,Baker Mayfield,4892,QB,8,4.08,-4.082303921568627,starter,NA,2025,18.6,TheJandyStock
12,Saquon Barkley,4866,RB,8,33.4,23.950068627450975,starter,NA,2025,15.9,TheJandyStock
12,Josh Jacobs,5850,RB,8,13.5,4.05006862745098,starter,NA,2025,18.7,TheJandyStock
12,Rashee Rice,10229,WR,8,25.5,15.538450980392158,starter,NA,2025,16.7,TheJandyStock
12,George Pickens,8137,WR,8,14.8,4.8384509803921585,starter,NA,2025,14.4,TheJandyStock
12,Pat Freiermuth,7600,TE,8,4.3,-3.43186274509804,starter,NA,2025,7.2,TheJandyStock
12,Stefon Diggs,2449,WR,8,10.4,0.4384509803921582,starter,NA,2025,13.1,TheJandyStock
12,Jordan Love,6804,QB,8,28.3,20.137696078431375,starter,NA,2025,16.6,TheJandyStock
12,Harrison Butker,4227,K,8,4,-0.939705882352941,starter,NA,2025,9,TheJandyStock
12,Pittsburgh Steelers,PIT,DST,8,-3,-4.95735294117647,starter,NA,2025,30,TheJandyStock
11,Joe Flacco,19,QB,8,24.32,16.15769607843137,starter,NA,2025,15.4,akondratieff
11,Breece Hall,8155,RB,8,32.86,23.41006862745098,starter,NA,2025,14.2,akondratieff
11,Rhamondre Stevenson,7611,RB,8,5.9,-3.54993137254902,starter,NA,2025,13.2,akondratieff
11,Jaylen Waddle,7526,WR,8,20.9,13.25541176470588,starter,NA,2025,14.4,akondratieff
11,Michael Pittman Jr.,6819,WR,8,23.5,15.855411764705885,starter,NA,2025,15.5,akondratieff
11,Tucker Kraft,9484,TE,8,33.3,23.338450980392153,starter,NA,2025,12.2,akondratieff
11,Hunter Henry,3214,TE,8,7.7,-2.261549019607842,starter,NA,2025,9.2,akondratieff
11,Spencer Rattler,11562,QB,8,3.64,-4.522303921568627,starter,NA,2025,15.4,akondratieff
11,Green Bay Packers,GB,DST,8,6,4.04264705882353,starter,NA,2025,20,akondratieff
4,Daniel Jones,5870,QB,8,23.18,19.006460784313724,starter,NA,2025,17,caskinner
4,Jonathan Taylor,6813,RB,8,37.4,29.23769607843137,starter,NA,2025,22.7,caskinner
4,James Cook,8138,RB,8,33.6,25.437696078431372,starter,NA,2025,14.4,caskinner
4,Quentin Johnston,9754,WR,8,0,-8.162303921568627,starter,NA,2025,13,caskinner
4,Tetairoa McMillan,12526,WR,8,16.9,8.737696078431371,starter,NA,2025,11.5,caskinner
4,Dalton Schultz,5001,TE,8,4.4,-3.3318627450980394,starter,NA,2025,11.2,caskinner
4,Chase Brown,9224,RB,8,25.5,17.33769607843137,starter,NA,2025,10.7,caskinner
4,Terry McLaurin,5927,WR,8,14.4,6.237696078431373,starter,NA,2025,10.6,caskinner
4,Cameron Dicker,8259,K,8,14,9.06029411764706,starter,NA,2025,25,caskinner
4,Cincinnati Bengals,CIN,DST,8,-4,-5.95735294117647,starter,NA,2025,12,caskinner
1,Aaron Rodgers,96,QB,8,16.76,12.586460784313728,starter,NA,2025,15.5,joeburrowmvp
1,Kareem Hunt,4098,RB,8,17.2,7.750068627450979,starter,NA,2025,5.4,joeburrowmvp
1,Nick Chubb,4988,RB,8,8.9,-0.54993137254902,starter,NA,2025,7,joeburrowmvp
1,Ja'Marr Chase,7564,WR,8,21.1,12.937696078431374,starter,NA,2025,21.5,joeburrowmvp
1,DeVonta Smith,7525,WR,8,14.4,6.237696078431373,starter,NA,2025,16.4,joeburrowmvp
1,Tyler Warren,12518,TE,8,9.3,1.1376960784313734,starter,NA,2025,14.6,joeburrowmvp
1,Kyle Pitts,7553,TE,8,14.9,6.737696078431373,starter,NA,2025,10.7,joeburrowmvp
1,Jerry Jeudy,6783,WR,8,0,-8.162303921568627,starter,NA,2025,7.3,joeburrowmvp
1,Michael Badgley,5230,K,8,9,4.060294117647059,starter,NA,2025,0,joeburrowmvp
1,Indianapolis Colts,IND,DST,8,7,5.04264705882353,starter,NA,2025,4,joeburrowmvp
6,Josh Allen,4984,QB,8,23.22,15.057696078431372,starter,NA,2025,23.6,jzeigboi
6,Jacory Croskey-Merritt,12533,RB,8,2.5,-6.94993137254902,starter,NA,2025,9.9,jzeigboi
6,D'Andre Swift,6790,RB,8,15.1,5.650068627450979,starter,NA,2025,14.5,jzeigboi
6,Rome Odunze,11620,WR,8,18.4,8.438450980392156,starter,NA,2025,15.2,jzeigboi
6,Tee Higgins,6801,WR,8,11.4,1.438450980392158,starter,NA,2025,13.8,jzeigboi
6,Cade Otton,8111,TE,8,8,0.2681372549019603,starter,NA,2025,11.4,jzeigboi
6,Xavier Worthy,11624,WR,8,10.3,0.3384509803921585,starter,NA,2025,12,jzeigboi
6,Kirk Cousins,1166,QB,8,7.12,-1.0423039215686272,starter,NA,2025,14.6,jzeigboi
6,Chase McLaughlin,6650,K,8,17,12.06029411764706,starter,NA,2025,30,jzeigboi
6,Los Angeles Chargers,LAC,DST,8,12,10.04264705882353,starter,NA,2025,24,jzeigboi
3,Dak Prescott,3294,QB,8,8.62,0.45769607843137194,starter,NA,2025,19,lukestip
3,Tyrone Tracy Jr.,11655,RB,8,7.3,-2.149931372549021,starter,NA,2025,4.4,lukestip
3,Javonte Williams,7588,RB,8,17.9,8.450068627450978,starter,NA,2025,15.1,lukestip
3,Justin Jefferson,6794,WR,8,14.4,4.438450980392158,starter,NA,2025,17.6,lukestip
3,Matthew Golden,12501,WR,8,3.4,-6.561549019607842,starter,NA,2025,9.5,lukestip
3,Noah Fant,5857,TE,8,7.1,-0.6318627450980401,starter,NA,2025,8.9,lukestip
3,D.J. Moore,4983,WR,8,11.6,1.6384509803921574,starter,NA,2025,8.2,lukestip
3,Tua Tagovailoa,6768,QB,8,24.2,16.037696078431374,starter,NA,2025,12.8,lukestip
3,Jake Elliott,4195,K,8,8,3.060294117647059,starter,NA,2025,26,lukestip
3,New England Patriots,NE,DST,8,11,9.04264705882353,starter,NA,2025,29,lukestip
5,Carson Wentz,3161,QB,8,8.76,0.5976960784313725,starter,NA,2025,15.2,ngernenz
5,Kimani Vidal,11647,RB,8,19.7,10.25006862745098,starter,NA,2025,10.5,ngernenz
5,Aaron Jones,4199,RB,8,5,-4.44993137254902,starter,NA,2025,8.3,ngernenz
5,Ladd McConkey,11635,WR,8,20.8,10.838450980392158,starter,NA,2025,14.3,ngernenz
5,Courtland Sutton,5045,WR,8,10.7,0.7384509803921571,starter,NA,2025,16.3,ngernenz
5,Emeka Egbuka,12514,WR,8,6.5,-3.4615490196078422,starter,NA,2025,16.3,ngernenz
5,Andy Dalton,829,QB,8,2.1,-6.062303921568628,starter,NA,2025,13.4,ngernenz
5,Wil Lutz,3678,K,8,9,4.060294117647059,starter,NA,2025,20,ngernenz
5,Tampa Bay Buccaneers,TB,DST,8,28,26.04264705882353,starter,NA,2025,26,ngernenz
8,Jalen Hurts,6904,QB,8,25.36,17.19769607843137,starter,NA,2025,22.3,obiwanginobiIi
8,Rachaad White,8136,RB,8,8.1,-1.3499313725490207,starter,NA,2025,15.9,obiwanginobiIi
8,Chuba Hubbard,7594,RB,8,9.4,-0.04993137254902002,starter,NA,2025,11.8,obiwanginobiIi
8,Jordan Addison,9756,WR,8,11.6,1.6384509803921574,starter,NA,2025,13.9,obiwanginobiIi
8,Xavier Legette,11626,WR,8,3.7,-6.261549019607842,starter,NA,2025,10,obiwanginobiIi
8,T.J. Hockenson,5844,TE,8,4.6,-3.13186274509804,starter,NA,2025,8.6,obiwanginobiIi
8,Calvin Austin III,8125,WR,8,6.8,-3.1615490196078424,starter,NA,2025,7.2,obiwanginobiIi
8,Bo Nix,11563,QB,8,24.78,16.617696078431372,starter,NA,2025,18.8,obiwanginobiIi
8,Will Reichard,11792,K,8,5,0.06029411764705905,starter,NA,2025,10,obiwanginobiIi
8,Denver Broncos,DEN,DST,8,7,5.04264705882353,starter,NA,2025,32,obiwanginobiIi
9,Theo Johnson,11597,TE,8,5,0,bench,2,2025,9,Arvs
9,Malik Nabers,11632,WR,8,0,0,bench,2,2025,0,Arvs
9,Dylan Sampson,12469,RB,8,7.9,0,bench,1,2025,2.6,Arvs
9,Dillon Gabriel,12486,QB,8,13.54,0,bench,1,2025,11.3,Arvs
9,Cameron Ward,12522,QB,8,13.76,0,bench,1,2025,12,Arvs
9,Kyle Monangai,12534,RB,8,2.4000000000000004,0,bench,1,2025,4.9,Arvs
9,Chimere Dike,12540,WR,8,16.4,0,bench,1,2025,0,Arvs
9,Chris Godwin,4037,WR,8,0,0,bench,9,2025,0,Arvs
9,Jonnu Smith,4144,TE,8,3.7,0,bench,9,2025,6.8,Arvs
9,Dallas Goedert,5022,TE,8,17.8,0,bench,8,2025,12.9,Arvs
9,Brandon Aiyuk,6803,WR,8,0,0,bench,6,2025,0,Arvs
9,Najee Harris,7528,RB,8,0,0,bench,5,2025,0,Arvs
9,Khalil Shakir,8134,WR,8,20.8,0,bench,4,2025,12.3,Arvs
7,Jalen McMillan,11618,WR,8,0,0,bench,2,2025,0,ElatedBroncosFan
7,Jaydon Blue,12457,RB,8,1.9000000000000004,0,bench,1,2025,1.2,ElatedBroncosFan
7,Pat Bryant,12492,WR,8,12,0,bench,1,2025,2.5,ElatedBroncosFan
7,Mason Taylor,12498,TE,8,14.4,0,bench,1,2025,9.2,ElatedBroncosFan
7,Gunnar Helm,12502,TE,8,10.3,0,bench,1,2025,3.7,ElatedBroncosFan
7,Travis Kelce,1466,TE,8,21.9,0,bench,13,2025,11.8,ElatedBroncosFan
7,A.J. Brown,5859,WR,8,0,0,bench,7,2025,0,ElatedBroncosFan
7,Rico Dowdle,7021,RB,8,5.4,0,bench,6,2025,13.3,ElatedBroncosFan
7,Bam Knight,8122,RB,8,0,0,bench,4,2025,0,ElatedBroncosFan
7,Garrett Wilson,8146,WR,8,0,0,bench,4,2025,0,ElatedBroncosFan
7,Chigoziem Okonkwo,8210,TE,8,9.3,0,bench,4,2025,8.2,ElatedBroncosFan
7,Tyrod Taylor,827,QB,8,0,0,bench,15,2025,0,ElatedBroncosFan
7,Jaxon Smith-Njigba,9488,WR,8,0,0,bench,3,2025,0,ElatedBroncosFan
7,Puka Nacua,9493,WR,8,0,0,bench,3,2025,0,ElatedBroncosFan
7,Kendre Miller,9757,RB,8,0,0,bench,3,2025,0,ElatedBroncosFan
7,New Orleans Saints,NO,DST,8,8,0,bench,NA,2025,27,ElatedBroncosFan
10,Jayden Daniels,11566,QB,8,0,0,bench,2,2025,0,Gretsch0401
10,DeAndre Hopkins,1426,WR,8,2.4000000000000004,0,bench,13,2025,5.1,Gretsch0401
10,Davante Adams,2133,WR,8,0,0,bench,12,2025,0,Gretsch0401
10,Tyreek Hill,3321,WR,8,0,0,bench,10,2025,0,Gretsch0401
10,Evan Engram,4066,TE,8,7.6,0,bench,9,2025,8.9,Gretsch0401
10,Jakobi Meyers,5947,WR,8,0,0,bench,7,2025,0,Gretsch0401
10,Rashod Bateman,7571,WR,8,7.1000000000000005,0,bench,5,2025,5.9,Gretsch0401
10,Justin Fields,7591,QB,8,20.86,0,bench,5,2025,15.3,Gretsch0401
10,Brian Robinson Jr.,8154,RB,8,0,0,bench,4,2025,1.5,Gretsch0401
10,Christian Watson,8167,WR,8,12.5,0,bench,4,2025,5.2,Gretsch0401
10,Isiah Pacheco,8205,RB,8,5.800000000000001,0,bench,4,2025,8.5,Gretsch0401
10,Philadelphia Eagles,PHI,DST,8,6,0,bench,NA,2025,16,Gretsch0401
2,Adrian Martinez,11065,QB,8,0,0,bench,3,2025,0,SFOControl
2,Kade Warner,11419,WR,8,0,0,bench,1,2025,0,SFOControl
2,Mike Evans,2216,WR,8,0,0,bench,12,2025,0,SFOControl
2,Austin Ekeler,4663,RB,8,0,0,bench,9,2025,0,SFOControl
2,Will Dissly,5010,TE,8,0,0,bench,8,2025,0,SFOControl
2,Daniel Carlson,5095,K,8,0,0,bench,8,2025,8,SFOControl
2,Hollywood Brown,5848,WR,8,0,0,bench,7,2025,7.4,SFOControl
2,Tyler Bass,7042,K,8,0,0,bench,6,2025,0,SFOControl
2,Drake London,8112,WR,8,0,0,bench,4,2025,0,SFOControl
2,Isaiah Likely,8131,TE,8,2.8,0,bench,4,2025,5.3,SFOControl
2,Brock Purdy,8183,QB,8,0,0,bench,4,2025,0,SFOControl
2,Jake Tonges,8698,TE,8,7.2,0,bench,4,2025,3.9,SFOControl
2,Detroit Lions,DET,DST,8,0,0,bench,NA,2025,31,SFOControl
12,Sam LaPorta,10859,TE,8,0,0,bench,3,2025,0,TheJandyStock
12,Jonathon Brooks,11583,RB,8,0,0,bench,2,2025,0,TheJandyStock
12,Russell Wilson,1234,QB,8,0,0,bench,14,2025,0,TheJandyStock
12,Brashard Smith,12455,RB,8,-0.19999999999999996,0,bench,1,2025,6.3,TheJandyStock
12,Harold Fannin,12506,TE,8,18.4,0,bench,1,2025,9.2,TheJandyStock
12,TreVeyon Henderson,12529,RB,8,5.5,0,bench,1,2025,4.3,TheJandyStock
12,Jaylin Noel,12536,WR,8,11.3,0,bench,1,2025,10,TheJandyStock
12,Tyler Shough,12545,QB,8,5.32,0,bench,1,2025,0,TheJandyStock
12,Adam Thielen,1689,WR,8,0,0,bench,13,2025,0,TheJandyStock
12,Chris Boswell,1945,K,8,20,0,bench,12,2025,29,TheJandyStock
12,Derrick Henry,3198,RB,8,19.1,0,bench,10,2025,15,TheJandyStock
12,Calvin Ridley,4981,WR,8,0,0,bench,8,2025,0,TheJandyStock
12,Wan'Dale Robinson,8126,WR,8,7.800000000000001,0,bench,4,2025,13.4,TheJandyStock
12,Cleveland Browns,CLE,DST,8,11,0,bench,NA,2025,17,TheJandyStock
11,Tre Tucker,10213,WR,8,0,0,bench,3,2025,0,akondratieff
11,Jake Moody,10937,K,8,0,0,bench,3,2025,1,akondratieff
11,Brian Thomas Jr.,11631,WR,8,0,0,bench,2,2025,0,akondratieff
11,Bhayshul Tuten,12490,RB,8,0,0,bench,1,2025,0,akondratieff
11,Travis Hunter,12530,WR,8,0,0,bench,1,2025,0,akondratieff
11,James Conner,4137,RB,8,0,0,bench,9,2025,0,akondratieff
11,Kendrick Bourne,4454,WR,8,7.4,0,bench,9,2025,13,akondratieff
11,Lamar Jackson,4881,QB,8,0,0,bench,8,2025,0,akondratieff
11,Jauan Jennings,7049,WR,8,8.5,0,bench,6,2025,9.1,akondratieff
11,Jameson Williams,8148,WR,8,0,0,bench,4,2025,0,akondratieff
11,DeMario Douglas,9501,WR,8,5.7,0,bench,3,2025,4.4,akondratieff
11,Los Angeles Rams,LAR,DST,8,0,0,bench,NA,2025,22,akondratieff
4,Isaiah Davis,11571,RB,8,15.9,0,bench,2,2025,4.7,caskinner
4,MarShawn Lloyd,11581,RB,8,0,0,bench,2,2025,0,caskinner
4,Trey Benson,11589,RB,8,0,0,bench,2,2025,0,caskinner
4,Ricky Pearsall,11638,WR,8,0,0,bench,2,2025,0,caskinner
4,DJ Giddens,12471,RB,8,0,0,bench,1,2025,0.6,caskinner
4,Tez Johnson,12485,WR,8,9.3,0,bench,1,2025,10.5,caskinner
4,Ollie Gordon,12495,RB,8,13.6,0,bench,1,2025,2.4,caskinner
4,Kaleb Johnson,12504,RB,8,0,0,bench,1,2025,0.7,caskinner
4,Cooper Kupp,4039,WR,8,0,0,bench,9,2025,0,caskinner
4,Matthew Stafford,421,QB,8,0,0,bench,17,2025,0,caskinner
4,Joe Burrow,6770,QB,8,0,0,bench,6,2025,0,caskinner
4,Amon-Ra St. Brown,7547,WR,8,0,0,bench,5,2025,0,caskinner
4,Trey McBride,8130,TE,8,0,0,bench,4,2025,0,caskinner
4,Bryce Young,9228,QB,8,0,0,bench,3,2025,0,caskinner
4,Tyjae Spears,9508,RB,8,17.2,0,bench,3,2025,8.4,caskinner
4,Jacksonville Jaguars,JAX,DST,8,0,0,bench,NA,2025,19,caskinner
1,Jayden Reed,10222,WR,8,0,0,bench,3,2025,0,joeburrowmvp
1,Quinn Ewers,12500,QB,8,0,0,bench,1,2025,0,joeburrowmvp
1,Shedeur Sanders,12524,QB,8,0,0,bench,1,2025,0,joeburrowmvp
1,Ashton Jeanty,12527,RB,8,0,0,bench,1,2025,0,joeburrowmvp
1,Tahj Brooks,12543,RB,8,0,0,bench,1,2025,0,joeburrowmvp
1,Jared Goff,3163,QB,8,0,0,bench,10,2025,0,joeburrowmvp
1,Taysom Hill,4381,TE,8,2.2,0,bench,9,2025,2.8,joeburrowmvp
1,Mark Andrews,5012,TE,8,5.4,0,bench,8,2025,8.2,joeburrowmvp
1,Kyler Murray,5849,QB,8,0,0,bench,7,2025,0,joeburrowmvp
1,David Montgomery,5892,RB,8,0,0,bench,7,2025,0,joeburrowmvp
1,Nico Collins,7569,WR,8,0,0,bench,5,2025,0,joeburrowmvp
1,Joshua Palmer,7670,WR,8,0,0,bench,5,2025,2,joeburrowmvp
1,Sean Tucker,9506,RB,8,9.2,0,bench,3,2025,3.9,joeburrowmvp
1,Houston Texans,HOU,DST,8,6,0,bench,NA,2025,23,joeburrowmvp
6,Xavier Hutchinson,10218,WR,8,17.9,0,bench,3,2025,6.2,jzeigboi
6,Dalton Kincaid,10236,TE,8,3.3000000000000003,0,bench,3,2025,9.7,jzeigboi
6,Michael Penix Jr.,11559,QB,8,0,0,bench,2,2025,0,jzeigboi
6,Blake Corum,11586,RB,8,0,0,bench,2,2025,0,jzeigboi
6,Troy Franklin,11627,WR,8,26.9,0,bench,2,2025,10.6,jzeigboi
6,Jalen Royals,12505,WR,8,0,0,bench,1,2025,0,jzeigboi
6,Colston Loveland,12517,TE,8,6.800000000000001,0,bench,1,2025,6.8,jzeigboi
6,Isaac TeSlaa,12535,WR,8,0,0,bench,1,2025,0,jzeigboi
6,Tony Pollard,5967,RB,8,6.300000000000001,0,bench,7,2025,11.8,jzeigboi
6,Darnell Mooney,7090,WR,8,2.1,0,bench,6,2025,13.9,jzeigboi
6,Rashid Shaheed,8676,WR,8,14.5,0,bench,4,2025,9.6,jzeigboi
6,Jahmyr Gibbs,9221,RB,8,0,0,bench,3,2025,0,jzeigboi
6,Brenton Strange,9480,TE,8,0,0,bench,3,2025,0,jzeigboi
6,Tank Dell,9502,WR,8,0,0,bench,3,2025,0,jzeigboi
3,Ray Davis,11575,RB,8,1.6,0,bench,2,2025,3.1,lukestip
3,Brock Bowers,11604,TE,8,0,0,bench,2,2025,0,lukestip
3,Adonai Mitchell,11625,WR,8,0,0,bench,2,2025,0,lukestip
3,Devin Neal,12476,RB,8,4.1,0,bench,1,2025,3.7,lukestip
3,Jack Bech,12483,WR,8,0,0,bench,1,2025,0,lukestip
3,Joe Mixon,4018,RB,8,0,0,bench,9,2025,0,lukestip
3,Sam Darnold,4943,QB,8,0,0,bench,8,2025,0,lukestip
3,Hunter Renfrow,5955,WR,8,0,0,bench,7,2025,0,lukestip
3,Justice Hill,5995,RB,8,0.2,0,bench,7,2025,5.6,lukestip
3,Dyami Brown,7587,WR,8,0,0,bench,5,2025,0,lukestip
3,Alec Pierce,8142,WR,8,8.9,0,bench,4,2025,5.6,lukestip
3,Kenneth Walker III,8151,RB,8,0,0,bench,4,2025,0,lukestip
3,Marvin Mims Jr.,9494,WR,8,1.8,0,bench,3,2025,7.7,lukestip
3,Will Levis,9999,QB,8,0,0,bench,3,2025,0,lukestip
3,San Francisco 49ers,SF,DST,8,2,0,bench,NA,2025,15,lukestip
5,J.J. McCarthy,11565,QB,8,0,0,bench,2,2025,0,ngernenz
5,Bucky Irving,11584,RB,8,0,0,bench,2,2025,0,ngernenz
5,Marvin Harrison Jr.,11628,WR,8,0,0,bench,2,2025,0,ngernenz
5,Jayden Higgins,12484,WR,8,13.4,0,bench,1,2025,8.1,ngernenz
5,Tory Horton,12497,WR,8,0,0,bench,1,2025,0,ngernenz
5,Jalen Milroe,12510,QB,8,0,0,bench,1,2025,0,ngernenz
5,Elijah Arroyo,12521,TE,8,0,0,bench,1,2025,0,ngernenz
5,Zach Ertz,1339,TE,8,5.6,0,bench,13,2025,9.2,ngernenz
5,Geno Smith,1373,QB,8,0,0,bench,13,2025,0,ngernenz
5,David Njoku,4033,TE,8,13.7,0,bench,9,2025,2,ngernenz
5,Trevor Lawrence,7523,QB,8,0,0,bench,5,2025,0,ngernenz
5,Travis Etienne,7543,RB,8,0,0,bench,5,2025,0,ngernenz
5,Kyren Williams,8150,RB,8,0,0,bench,4,2025,0,ngernenz
5,Josh Downs,9500,WR,8,12.9,0,bench,3,2025,9.3,ngernenz
8,Cedric Tillman,10444,WR,8,0,0,bench,3,2025,0,obiwanginobiIi
8,Jake Bates,11539,K,8,0,0,bench,3,2025,28,obiwanginobiIi
8,Malik Washington,11610,WR,8,13.6,0,bench,2,2025,4.8,obiwanginobiIi
8,Savion Williams,12482,WR,8,7.9,0,bench,1,2025,0,obiwanginobiIi
8,RJ Harvey,12489,RB,8,24.1,0,bench,1,2025,5.9,obiwanginobiIi
8,Isaiah Bond,12503,WR,8,0,0,bench,1,2025,5.6,obiwanginobiIi
8,Omarion Hampton,12507,RB,8,0,0,bench,1,2025,0,obiwanginobiIi
8,Jaxson Dart,12508,QB,8,19.42,0,bench,1,2025,19.5,obiwanginobiIi
8,Luther Burden,12519,WR,8,0.9,0,bench,1,2025,5.8,obiwanginobiIi
8,Dont'e Thornton,12541,WR,8,0,0,bench,1,2025,0,obiwanginobiIi
8,Kyle Williams,12547,WR,8,0,0,bench,1,2025,0,obiwanginobiIi
8,Christian Kirk,4950,WR,8,0,0,bench,8,2025,0,obiwanginobiIi
8,Michael Carter,7607,RB,8,0,0,bench,5,2025,0,obiwanginobiIi
8,Tyler Allgeier,8132,RB,8,9.4,0,bench,4,2025,5.7,obiwanginobiIi
8,Anthony Richardson,9229,QB,8,0,0,bench,3,2025,0,obiwanginobiIi
8,Zach Charbonnet,9753,RB,8,0,0,bench,3,2025,0,obiwanginobiIi
9,Caleb Williams,11560,QB,9,38.7,32.07646078431373,starter,NA,2025,18.4,Arvs
9,Jaylen Warren,8228,RB,9,16.9,8.826735294117647,starter,NA,2025,13.8,Arvs
9,Kyle Monangai,12534,RB,9,22.8,14.726735294117647,starter,NA,2025,13.8,Arvs
9,Kayshon Boutte,9504,WR,9,0,-10.35563725490196,starter,NA,2025,11.9,Arvs
9,Zay Flowers,9997,WR,9,11.4,1.0443627450980395,starter,NA,2025,15.6,Arvs
9,Jake Ferguson,8110,TE,9,8,0.5306372549019596,starter,NA,2025,13.2,Arvs
9,Khalil Shakir,8134,WR,9,11.3,0.94436274509804,starter,NA,2025,13.7,Arvs
9,Chimere Dike,12540,WR,9,7.5,-2.8556372549019606,starter,NA,2025,8.9,Arvs
9,Ka'imi Fairbairn,3451,K,9,17,11.243627450980393,starter,NA,2025,19,Arvs
9,Seattle Seahawks,SEA,DST,9,9,2.8426470588235295,starter,NA,2025,28,Arvs
7,Drake Maye,11564,QB,9,17.36,7.004362745098039,starter,NA,2025,21.5,ElatedBroncosFan
7,Christian McCaffrey,4034,RB,9,34.3,26.226735294117645,starter,NA,2025,20,ElatedBroncosFan
7,Bijan Robinson,9509,RB,9,17.6,9.52673529411765,starter,NA,2025,22.6,ElatedBroncosFan
7,Jaxon Smith-Njigba,9488,WR,9,22,12.720950980392155,starter,NA,2025,21.4,ElatedBroncosFan
7,Puka Nacua,9493,WR,9,22.8,13.520950980392158,starter,NA,2025,19.1,ElatedBroncosFan
7,Oronde Gadsden,12493,TE,9,11.8,4.33063725490196,starter,NA,2025,0,ElatedBroncosFan
7,DK Metcalf,5846,WR,9,2.6,-6.679049019607843,starter,NA,2025,15.2,ElatedBroncosFan
7,Justin Herbert,6797,QB,9,28.7,18.34436274509804,starter,NA,2025,20.3,ElatedBroncosFan
7,Evan McPherson,7839,K,9,10,4.243627450980393,starter,NA,2025,22,ElatedBroncosFan
7,Baltimore Ravens,BAL,DST,9,17,10.84264705882353,starter,NA,2025,7,ElatedBroncosFan
10,Jayden Daniels,11566,QB,9,16.22,5.864362745098038,starter,NA,2025,20.5,Gretsch0401
10,Kenny Gainwell,7567,RB,9,7.4,-0.6732647058823513,starter,NA,2025,0,Gretsch0401
10,Alvin Kamara,4035,RB,9,0.7,-7.373264705882352,starter,NA,2025,10.4,Gretsch0401
10,Chris Olave,8144,WR,9,8.7,-0.5790490196078437,starter,NA,2025,15.6,Gretsch0401
10,Davante Adams,2133,WR,9,23,13.720950980392155,starter,NA,2025,17.2,Gretsch0401
10,George Kittle,4217,TE,9,6.9,-0.5693627450980401,starter,NA,2025,12.5,Gretsch0401
10,Romeo Doubs,8121,WR,9,16.1,6.820950980392158,starter,NA,2025,11.9,Gretsch0401
10,C.J. Stroud,9758,QB,9,4.36,-5.99563725490196,starter,NA,2025,15.9,Gretsch0401
10,Brandon Aubrey,11533,K,9,4,-1.7563725490196074,starter,NA,2025,32,Gretsch0401
10,Kansas City Chiefs,KC,DST,9,2,-4.1573529411764705,starter,NA,2025,3,Gretsch0401
2,Mac Jones,7527,QB,9,15.8,5.44436274509804,starter,NA,2025,14.6,SFOControl
2,De'Von Achane,9226,RB,9,16.6,8.52673529411765,starter,NA,2025,18.4,SFOControl
2,J.K. Dobbins,6806,RB,9,6.9,-1.173264705882351,starter,NA,2025,11.3,SFOControl
2,CeeDee Lamb,6786,WR,9,15.5,6.220950980392157,starter,NA,2025,19.2,SFOControl
2,Drake London,8112,WR,9,38.8,29.52095098039215,starter,NA,2025,15.4,SFOControl
2,Juwan Johnson,7002,TE,9,12.1,4.630637254901959,starter,NA,2025,10.1,SFOControl
2,Deebo Samuel Sr.,5872,WR,9,9.4,0.12095098039215736,starter,NA,2025,12.2,SFOControl
2,Patrick Mahomes,4046,QB,9,11.5,1.1443627450980394,starter,NA,2025,23.3,SFOControl
2,Eddy Pineiro,5189,K,9,12,6.243627450980393,starter,NA,2025,27,SFOControl
2,Detroit Lions,DET,DST,9,7,0.8426470588235295,starter,NA,2025,31,SFOControl
12,Baker Mayfield,4892,QB,9,0,-10.35563725490196,starter,NA,2025,0,TheJandyStock
12,Saquon Barkley,4866,RB,9,0,-8.073264705882352,starter,NA,2025,0,TheJandyStock
12,Josh Jacobs,5850,RB,9,20,11.926735294117648,starter,NA,2025,17.5,TheJandyStock
12,Rashee Rice,10229,WR,9,18.6,9.320950980392158,starter,NA,2025,18,TheJandyStock
12,George Pickens,8137,WR,9,13.9,4.620950980392157,starter,NA,2025,14.7,TheJandyStock
12,Pat Freiermuth,7600,TE,9,11.7,4.230637254901959,starter,NA,2025,5.5,TheJandyStock
12,Stefon Diggs,2449,WR,9,12.8,3.5209509803921577,starter,NA,2025,13.7,TheJandyStock
12,Jordan Love,6804,QB,9,10.02,-0.33563725490196106,starter,NA,2025,18.2,TheJandyStock
12,Harrison Butker,4227,K,9,8,2.2436274509803926,starter,NA,2025,9,TheJandyStock
12,Pittsburgh Steelers,PIT,DST,9,20,13.84264705882353,starter,NA,2025,30,TheJandyStock
11,Joe Flacco,19,QB,9,32.7,22.34436274509804,starter,NA,2025,16.4,akondratieff
11,Rhamondre Stevenson,7611,RB,9,0,-8.073264705882352,starter,NA,2025,0,akondratieff
11,Bhayshul Tuten,12490,RB,9,9.6,1.526735294117648,starter,NA,2025,4.5,akondratieff
11,Jaylen Waddle,7526,WR,9,14.2,5.0387450980392146,starter,NA,2025,15.9,akondratieff
11,Michael Pittman Jr.,6819,WR,9,20.5,11.338745098039215,starter,NA,2025,16.7,akondratieff
11,Tucker Kraft,9484,TE,9,4,-5.279049019607843,starter,NA,2025,13.6,akondratieff
11,Hunter Henry,3214,TE,9,9.1,-0.17904901960784336,starter,NA,2025,9.7,akondratieff
11,Lamar Jackson,4881,QB,9,25.56,15.204362745098038,starter,NA,2025,22.2,akondratieff
11,Jake Moody,10937,K,9,0,-5.756372549019607,starter,NA,2025,1,akondratieff
11,Green Bay Packers,GB,DST,9,5,-1.1573529411764705,starter,NA,2025,20,akondratieff
4,Daniel Jones,5870,QB,9,17.08,6.724362745098038,starter,NA,2025,18.5,caskinner
4,Jonathan Taylor,6813,RB,9,7.7,-1.5790490196078428,starter,NA,2025,22.8,caskinner
4,James Cook,8138,RB,9,13.5,4.220950980392157,starter,NA,2025,14.9,caskinner
4,Amon-Ra St. Brown,7547,WR,9,18.7,9.538745098039216,starter,NA,2025,19.5,caskinner
4,Tetairoa McMillan,12526,WR,9,8.6,-0.5612549019607851,starter,NA,2025,13.2,caskinner
4,Trey McBride,8130,TE,9,16.5,9.03063725490196,starter,NA,2025,17.2,caskinner
4,Chase Brown,9224,RB,9,19.2,9.920950980392156,starter,NA,2025,12.4,caskinner
4,Matthew Stafford,421,QB,9,26.84,16.48436274509804,starter,NA,2025,18.6,caskinner
4,Cameron Dicker,8259,K,9,11,5.243627450980393,starter,NA,2025,25,caskinner
4,Jacksonville Jaguars,JAX,DST,9,3,-3.1573529411764705,starter,NA,2025,19,caskinner
1,Aaron Rodgers,96,QB,9,12.12,1.7643627450980386,starter,NA,2025,15.7,joeburrowmvp
1,Kareem Hunt,4098,RB,9,12.5,3.220950980392157,starter,NA,2025,9.9,joeburrowmvp
1,Ashton Jeanty,12527,RB,9,19.9,10.620950980392156,starter,NA,2025,13.5,joeburrowmvp
1,Ja'Marr Chase,7564,WR,9,17.1,7.938745098039217,starter,NA,2025,22.4,joeburrowmvp
1,Nico Collins,7569,WR,9,14.5,5.338745098039215,starter,NA,2025,13.5,joeburrowmvp
1,Tyler Warren,12518,TE,9,7.6,0.1306372549019592,starter,NA,2025,14.9,joeburrowmvp
1,David Montgomery,5892,RB,9,11,1.720950980392157,starter,NA,2025,8.3,joeburrowmvp
1,Jared Goff,3163,QB,9,19.36,9.004362745098039,starter,NA,2025,18.7,joeburrowmvp
1,Michael Badgley,5230,K,9,12,6.243627450980393,starter,NA,2025,0,joeburrowmvp
1,Indianapolis Colts,IND,DST,9,6,-0.15735294117647047,starter,NA,2025,4,joeburrowmvp
6,Josh Allen,4984,QB,9,28.82,18.46436274509804,starter,NA,2025,23.5,jzeigboi
6,Jahmyr Gibbs,9221,RB,9,5.8,-2.273264705882352,starter,NA,2025,20.3,jzeigboi
6,Jacory Croskey-Merritt,12533,RB,9,5.1,-2.973264705882352,starter,NA,2025,10,jzeigboi
6,Rome Odunze,11620,WR,9,0,-9.279049019607845,starter,NA,2025,16.1,jzeigboi
6,Tee Higgins,6801,WR,9,33.1,23.82095098039216,starter,NA,2025,11.9,jzeigboi
6,Dalton Kincaid,10236,TE,9,22.1,14.63063725490196,starter,NA,2025,10.6,jzeigboi
6,Troy Franklin,11627,WR,9,8.3,-0.9790490196078424,starter,NA,2025,12.1,jzeigboi
6,Michael Penix Jr.,11559,QB,9,22.74,12.384362745098038,starter,NA,2025,14.2,jzeigboi
6,Tyler Loop,12711,K,9,4,-1.7563725490196074,starter,NA,2025,17,jzeigboi
6,Los Angeles Chargers,LAC,DST,9,6,-0.15735294117647047,starter,NA,2025,24,jzeigboi
3,Dak Prescott,3294,QB,9,16.4,6.044362745098038,starter,NA,2025,19.6,lukestip
3,Tyrone Tracy Jr.,11655,RB,9,6.7,-2.579049019607843,starter,NA,2025,11.9,lukestip
3,Javonte Williams,7588,RB,9,7.3,-1.9790490196078432,starter,NA,2025,16,lukestip
3,Justin Jefferson,6794,WR,9,16.7,7.5387450980392146,starter,NA,2025,15.7,lukestip
3,D.J. Moore,4983,WR,9,22.98,13.818745098039216,starter,NA,2025,11.3,lukestip
3,Brock Bowers,11604,TE,9,43.3,35.83063725490196,starter,NA,2025,12,lukestip
3,Kenneth Walker III,8151,RB,9,8.1,-1.1790490196078434,starter,NA,2025,11.1,lukestip
3,Sam Darnold,4943,QB,9,28.2,17.84436274509804,starter,NA,2025,16.8,lukestip
3,Chad Ryland,10955,K,9,10,4.243627450980393,starter,NA,2025,3,lukestip
3,New England Patriots,NE,DST,9,2,-4.1573529411764705,starter,NA,2025,29,lukestip
5,Trevor Lawrence,7523,QB,9,22.2,11.84436274509804,starter,NA,2025,16.4,ngernenz
5,Kimani Vidal,11647,RB,9,3,-5.073264705882352,starter,NA,2025,12.9,ngernenz
5,Kyren Williams,8150,RB,9,17.4,9.326735294117649,starter,NA,2025,12.7,ngernenz
5,Ladd McConkey,11635,WR,9,9.6,0.32095098039215664,starter,NA,2025,16.6,ngernenz
5,Marvin Harrison Jr.,11628,WR,9,22.6,13.320950980392158,starter,NA,2025,14.2,ngernenz
5,Zach Ertz,1339,TE,9,8.6,1.1306372549019592,starter,NA,2025,10.4,ngernenz
5,Courtland Sutton,5045,WR,9,10,0.720950980392157,starter,NA,2025,14.8,ngernenz
5,J.J. McCarthy,11565,QB,9,19.92,9.56436274509804,starter,NA,2025,16.2,ngernenz
5,Matt Prater,17,K,9,3,-2.7563725490196074,starter,NA,2025,0,ngernenz
5,Chicago Bears,CHI,DST,9,6,-0.15735294117647047,starter,NA,2025,9,ngernenz
8,Jaxson Dart,12508,QB,9,27.24,16.884362745098038,starter,NA,2025,18.9,obiwanginobiIi
8,Zach Charbonnet,9753,RB,9,5.6,-2.473264705882352,starter,NA,2025,9.6,obiwanginobiIi
8,RJ Harvey,12489,RB,9,16.6,8.52673529411765,starter,NA,2025,7.1,obiwanginobiIi
8,Jordan Addison,9756,WR,9,8.4,-0.8790490196078427,starter,NA,2025,14.2,obiwanginobiIi
8,Malik Washington,11610,WR,9,7.1,-2.1790490196078434,starter,NA,2025,6.8,obiwanginobiIi
8,T.J. Hockenson,5844,TE,9,9.1,1.6306372549019592,starter,NA,2025,6.8,obiwanginobiIi
8,Calvin Austin III,8125,WR,9,10.6,1.3209509803921566,starter,NA,2025,7.3,obiwanginobiIi
8,Bo Nix,11563,QB,9,19.52,9.16436274509804,starter,NA,2025,17.1,obiwanginobiIi
8,Jake Bates,11539,K,9,6,0.24362745098039265,starter,NA,2025,28,obiwanginobiIi
8,Denver Broncos,DEN,DST,9,5,-1.1573529411764705,starter,NA,2025,32,obiwanginobiIi
9,Theo Johnson,11597,TE,9,11.7,0,bench,2,2025,7.8,Arvs
9,Malik Nabers,11632,WR,9,0,0,bench,2,2025,0,Arvs
9,Dylan Sampson,12469,RB,9,0,0,bench,1,2025,0,Arvs
9,Cam Skattebo,12481,RB,9,0,0,bench,1,2025,0,Arvs
9,Dillon Gabriel,12486,QB,9,0,0,bench,1,2025,0,Arvs
9,Cameron Ward,12522,QB,9,4.4,0,bench,1,2025,12.6,Arvs
9,Keenan Allen,1479,WR,9,6.1000000000000005,0,bench,13,2025,12.6,Arvs
9,Chris Godwin,4037,WR,9,0,0,bench,9,2025,0,Arvs
9,Dallas Goedert,5022,TE,9,0,0,bench,8,2025,0,Arvs
9,Brandon Aiyuk,6803,WR,9,0,0,bench,6,2025,0,Arvs
9,Najee Harris,7528,RB,9,0,0,bench,5,2025,0,Arvs
9,Jordan Mason,8408,RB,9,4.699999999999999,0,bench,4,2025,7,Arvs
7,Jalen McMillan,11618,WR,9,0,0,bench,2,2025,0,ElatedBroncosFan
7,Keon Coleman,11637,WR,9,3.7,0,bench,2,2025,8,ElatedBroncosFan
7,Jaydon Blue,12457,RB,9,0,0,bench,1,2025,3.7,ElatedBroncosFan
7,Woody Marks,12474,RB,9,2.7,0,bench,1,2025,11.3,ElatedBroncosFan
7,Pat Bryant,12492,WR,9,4,0,bench,1,2025,6.4,ElatedBroncosFan
7,Mason Taylor,12498,TE,9,0,0,bench,1,2025,0,ElatedBroncosFan
7,Gunnar Helm,12502,TE,9,2.5,0,bench,1,2025,3.8,ElatedBroncosFan
7,Travis Kelce,1466,TE,9,10.6,0,bench,13,2025,13.2,ElatedBroncosFan
7,A.J. Brown,5859,WR,9,0,0,bench,7,2025,0,ElatedBroncosFan
7,Rico Dowdle,7021,RB,9,28.1,0,bench,6,2025,12.3,ElatedBroncosFan
7,Bam Knight,8122,RB,9,6.7,0,bench,4,2025,10.6,ElatedBroncosFan
7,Garrett Wilson,8146,WR,9,0,0,bench,4,2025,0,ElatedBroncosFan
7,Parker Washington,9487,WR,9,17,0,bench,3,2025,9.7,ElatedBroncosFan
7,Kendre Miller,9757,RB,9,0,0,bench,3,2025,0,ElatedBroncosFan
7,New Orleans Saints,NO,DST,9,1,0,bench,NA,2025,27,ElatedBroncosFan
10,Elic Ayomanor,12499,WR,9,7.6,0,bench,1,2025,10.8,Gretsch0401
10,Quinshon Judkins,12512,RB,9,0,0,bench,1,2025,0,Gretsch0401
10,DeAndre Hopkins,1426,WR,9,0,0,bench,13,2025,5.2,Gretsch0401
10,Marcus Mariota,2307,QB,9,0,0,bench,11,2025,0,Gretsch0401
10,Tyreek Hill,3321,WR,9,0,0,bench,10,2025,0,Gretsch0401
10,Jakobi Meyers,5947,WR,9,6.300000000000001,0,bench,7,2025,10.1,Gretsch0401
10,Rashod Bateman,7571,WR,9,9.3,0,bench,5,2025,6.6,Gretsch0401
10,Justin Fields,7591,QB,9,0,0,bench,5,2025,0,Gretsch0401
10,Christian Watson,8167,WR,9,7.800000000000001,0,bench,4,2025,10.5,Gretsch0401
10,Isiah Pacheco,8205,RB,9,0,0,bench,4,2025,0,Gretsch0401
10,Philadelphia Eagles,PHI,DST,9,0,0,bench,NA,2025,16,Gretsch0401
2,Adrian Martinez,11065,QB,9,-0.1,0,bench,3,2025,0,SFOControl
2,Kade Warner,11419,WR,9,0,0,bench,1,2025,0,SFOControl
2,Mike Evans,2216,WR,9,0,0,bench,12,2025,0,SFOControl
2,Austin Ekeler,4663,RB,9,0,0,bench,9,2025,0,SFOControl
2,Daniel Carlson,5095,K,9,4,0,bench,8,2025,8,SFOControl
2,Hollywood Brown,5848,WR,9,9.3,0,bench,7,2025,6.2,SFOControl
2,Darius Slayton,6149,WR,9,11.2,0,bench,7,2025,8.7,SFOControl
2,Tyler Bass,7042,K,9,0,0,bench,6,2025,0,SFOControl
2,Isaiah Likely,8131,TE,9,9,0,bench,4,2025,7.1,SFOControl
2,Brock Purdy,8183,QB,9,0,0,bench,4,2025,0,SFOControl
2,Jake Tonges,8698,TE,9,0,0,bench,4,2025,3.9,SFOControl
2,Buffalo Bills,BUF,DST,9,5,0,bench,NA,2025,21,SFOControl
12,Sam LaPorta,10859,TE,9,21.700000000000003,0,bench,3,2025,9.5,TheJandyStock
12,Jonathon Brooks,11583,RB,9,0,0,bench,2,2025,0,TheJandyStock
12,Russell Wilson,1234,QB,9,0,0,bench,14,2025,0,TheJandyStock
12,Brashard Smith,12455,RB,9,0.7000000000000001,0,bench,1,2025,8.4,TheJandyStock
12,Harold Fannin,12506,TE,9,0,0,bench,1,2025,0,TheJandyStock
12,TreVeyon Henderson,12529,RB,9,12.7,0,bench,1,2025,10.3,TheJandyStock
12,Jaylin Noel,12536,WR,9,-0.30000000000000004,0,bench,1,2025,5.3,TheJandyStock
12,Tyler Shough,12545,QB,9,10.239999999999998,0,bench,1,2025,12.5,TheJandyStock
12,Adam Thielen,1689,WR,9,0,0,bench,13,2025,0,TheJandyStock
12,Chris Boswell,1945,K,9,10,0,bench,12,2025,29,TheJandyStock
12,Derrick Henry,3198,RB,9,13.1,0,bench,10,2025,15.8,TheJandyStock
12,Calvin Ridley,4981,WR,9,0,0,bench,8,2025,0,TheJandyStock
12,Wan'Dale Robinson,8126,WR,9,13.6,0,bench,4,2025,13,TheJandyStock
12,Cleveland Browns,CLE,DST,9,0,0,bench,NA,2025,17,TheJandyStock
11,Tre Tucker,10213,WR,9,6.800000000000001,0,bench,3,2025,8.2,akondratieff
11,Spencer Rattler,11562,QB,9,0,0,bench,2,2025,0,akondratieff
11,Brian Thomas Jr.,11631,WR,9,8.5,0,bench,2,2025,14.4,akondratieff
11,Travis Hunter,12530,WR,9,0,0,bench,1,2025,0,akondratieff
11,James Conner,4137,RB,9,0,0,bench,9,2025,0,akondratieff
11,Kendrick Bourne,4454,WR,9,5.4,0,bench,9,2025,10.4,akondratieff
11,Jauan Jennings,7049,WR,9,14.1,0,bench,6,2025,8.6,akondratieff
11,Jameson Williams,8148,WR,9,16.6,0,bench,4,2025,7.9,akondratieff
11,Breece Hall,8155,RB,9,0,0,bench,4,2025,0,akondratieff
11,DeMario Douglas,9501,WR,9,20,0,bench,3,2025,2.1,akondratieff
11,Los Angeles Rams,LAR,DST,9,10,0,bench,NA,2025,22,akondratieff
4,Isaiah Davis,11571,RB,9,0,0,bench,2,2025,0,caskinner
4,MarShawn Lloyd,11581,RB,9,0,0,bench,2,2025,0,caskinner
4,Trey Benson,11589,RB,9,0,0,bench,2,2025,0,caskinner
4,Ricky Pearsall,11638,WR,9,0,0,bench,2,2025,0,caskinner
4,DJ Giddens,12471,RB,9,0,0,bench,1,2025,0,caskinner
4,Tez Johnson,12485,WR,9,0,0,bench,1,2025,0,caskinner
4,Ollie Gordon,12495,RB,9,1.9,0,bench,1,2025,1.7,caskinner
4,Kaleb Johnson,12504,RB,9,2.3,0,bench,1,2025,0.6,caskinner
4,Cooper Kupp,4039,WR,9,0,0,bench,9,2025,2,caskinner
4,Dalton Schultz,5001,TE,9,13.7,0,bench,8,2025,7.7,caskinner
4,Terry McLaurin,5927,WR,9,0,0,bench,7,2025,0,caskinner
4,Joe Burrow,6770,QB,9,0,0,bench,6,2025,0,caskinner
4,Bryce Young,9228,QB,9,2.98,0,bench,3,2025,13.8,caskinner
4,Tyjae Spears,9508,RB,9,9.2,0,bench,3,2025,10.4,caskinner
4,Quentin Johnston,9754,WR,9,15.3,0,bench,3,2025,8.5,caskinner
1,Jayden Reed,10222,WR,9,0,0,bench,3,2025,0,joeburrowmvp
1,Quinn Ewers,12500,QB,9,0,0,bench,1,2025,0,joeburrowmvp
1,Shedeur Sanders,12524,QB,9,0,0,bench,1,2025,0,joeburrowmvp
1,Tahj Brooks,12543,RB,9,0.1,0,bench,1,2025,0,joeburrowmvp
1,Taysom Hill,4381,TE,9,3,0,bench,9,2025,2.5,joeburrowmvp
1,Nick Chubb,4988,RB,9,3.4000000000000004,0,bench,8,2025,7.2,joeburrowmvp
1,Mark Andrews,5012,TE,9,16.6,0,bench,8,2025,8.4,joeburrowmvp
1,Kyler Murray,5849,QB,9,0,0,bench,7,2025,0,joeburrowmvp
1,Jerry Jeudy,6783,WR,9,0,0,bench,6,2025,0,joeburrowmvp
1,DeVonta Smith,7525,WR,9,0,0,bench,5,2025,0,joeburrowmvp
1,Kyle Pitts,7553,TE,9,7.800000000000001,0,bench,5,2025,12.1,joeburrowmvp
1,Brian Robinson Jr.,8154,RB,9,11.3,0,bench,4,2025,1.4,joeburrowmvp
1,Sean Tucker,9506,RB,9,0,0,bench,3,2025,0,joeburrowmvp
1,Houston Texans,HOU,DST,9,6,0,bench,NA,2025,23,joeburrowmvp
6,Xavier Hutchinson,10218,WR,9,6,0,bench,3,2025,4.5,jzeigboi
6,Blake Corum,11586,RB,9,5.800000000000001,0,bench,2,2025,3.6,jzeigboi
6,Xavier Worthy,11624,WR,9,6,0,bench,2,2025,13.3,jzeigboi
6,Jalen Royals,12505,WR,9,0,0,bench,1,2025,0,jzeigboi
6,Colston Loveland,12517,TE,9,29.8,0,bench,1,2025,4.9,jzeigboi
6,Isaac TeSlaa,12535,WR,9,0,0,bench,1,2025,0,jzeigboi
6,Tony Pollard,5967,RB,9,7.800000000000001,0,bench,7,2025,11.3,jzeigboi
6,Devin Singletary,6130,RB,9,7.1,0,bench,7,2025,5.9,jzeigboi
6,Chase McLaughlin,6650,K,9,0,0,bench,7,2025,30,jzeigboi
6,D'Andre Swift,6790,RB,9,0,0,bench,6,2025,0,jzeigboi
6,Darnell Mooney,7090,WR,9,2.5,0,bench,6,2025,8,jzeigboi
6,Cade Otton,8111,TE,9,0,0,bench,4,2025,0,jzeigboi
6,Rashid Shaheed,8676,WR,9,11.8,0,bench,4,2025,9.3,jzeigboi
6,Brenton Strange,9480,TE,9,0,0,bench,3,2025,0,jzeigboi
6,Tank Dell,9502,WR,9,0,0,bench,3,2025,0,jzeigboi
3,Emanuel Wilson,11435,RB,9,2.7,0,bench,3,2025,3.2,lukestip
3,Ray Davis,11575,RB,9,0,0,bench,2,2025,1.4,lukestip
3,Jalen Coker,11646,WR,9,1.9,0,bench,2,2025,3.6,lukestip
3,Devin Neal,12476,RB,9,2.2,0,bench,1,2025,1.7,lukestip
3,Jack Bech,12483,WR,9,0,0,bench,1,2025,3.9,lukestip
3,Matthew Golden,12501,WR,9,2.9,0,bench,1,2025,8.5,lukestip
3,Joe Mixon,4018,RB,9,0,0,bench,9,2025,0,lukestip
3,Jake Elliott,4195,K,9,0,0,bench,9,2025,26,lukestip
3,Justice Hill,5995,RB,9,3.5,0,bench,7,2025,4.5,lukestip
3,Tua Tagovailoa,6768,QB,9,9.54,0,bench,6,2025,14.5,lukestip
3,Alec Pierce,8142,WR,9,17.5,0,bench,4,2025,6.3,lukestip
3,Marvin Mims Jr.,9494,WR,9,0,0,bench,3,2025,0,lukestip
3,Will Levis,9999,QB,9,0,0,bench,3,2025,0,lukestip
3,San Francisco 49ers,SF,DST,9,2,0,bench,NA,2025,15,lukestip
5,Bucky Irving,11584,RB,9,0,0,bench,2,2025,0,ngernenz
5,Jayden Higgins,12484,WR,9,1.4,0,bench,1,2025,3.3,ngernenz
5,Tory Horton,12497,WR,9,20.8,0,bench,1,2025,7.5,ngernenz
5,Jalen Milroe,12510,QB,9,0,0,bench,1,2025,0,ngernenz
5,Emeka Egbuka,12514,WR,9,0,0,bench,1,2025,0,ngernenz
5,Elijah Arroyo,12521,TE,9,10.9,0,bench,1,2025,5.5,ngernenz
5,Geno Smith,1373,QB,9,27.26,0,bench,13,2025,12.5,ngernenz
5,Carson Wentz,3161,QB,9,0,0,bench,10,2025,0,ngernenz
5,David Njoku,4033,TE,9,0,0,bench,9,2025,0,ngernenz
5,Aaron Jones,4199,RB,9,11.8,0,bench,9,2025,9.1,ngernenz
5,Travis Etienne,7543,RB,9,16.5,0,bench,5,2025,13.2,ngernenz
5,Andy Dalton,829,QB,9,0,0,bench,15,2025,0,ngernenz
5,Tank Bigsby,9225,RB,9,0,0,bench,3,2025,0,ngernenz
5,Josh Downs,9500,WR,9,17.7,0,bench,3,2025,9.6,ngernenz
8,Cedric Tillman,10444,WR,9,0,0,bench,3,2025,0,obiwanginobiIi
8,Xavier Legette,11626,WR,9,3.2,0,bench,2,2025,9.3,obiwanginobiIi
8,Savion Williams,12482,WR,9,1.2000000000000002,0,bench,1,2025,0,obiwanginobiIi
8,Isaiah Bond,12503,WR,9,0,0,bench,1,2025,0,obiwanginobiIi
8,Omarion Hampton,12507,RB,9,0,0,bench,1,2025,0,obiwanginobiIi
8,Luther Burden,12519,WR,9,0,0,bench,1,2025,0,obiwanginobiIi
8,Kyle Williams,12547,WR,9,0,0,bench,1,2025,0,obiwanginobiIi
8,Jacoby Brissett,3257,QB,9,23.839999999999996,0,bench,10,2025,18.5,obiwanginobiIi
8,Christian Kirk,4950,WR,9,6.6,0,bench,8,2025,5.7,obiwanginobiIi
8,Jalen Hurts,6904,QB,9,0,0,bench,6,2025,0,obiwanginobiIi
8,Chuba Hubbard,7594,RB,9,1.7000000000000002,0,bench,5,2025,8.5,obiwanginobiIi
8,Michael Carter,7607,RB,9,0,0,bench,5,2025,6.3,obiwanginobiIi
8,Tyler Allgeier,8132,RB,9,0.6000000000000001,0,bench,4,2025,4.9,obiwanginobiIi
8,Rachaad White,8136,RB,9,0,0,bench,4,2025,0,obiwanginobiIi
8,Anthony Richardson,9229,QB,9,0,0,bench,3,2025,0,obiwanginobiIi
9,Caleb Williams,11560,QB,10,25.1,20.719960784313727,starter,NA,2025,19.5,Arvs
9,Jaylen Warren,8228,RB,10,11.1,3.17256862745098,starter,NA,2025,14.5,Arvs
9,Kyle Monangai,12534,RB,10,8.8,0.8725686274509812,starter,NA,2025,10.7,Arvs
9,Khalil Shakir,8134,WR,10,12.8,5.977911764705883,starter,NA,2025,13.1,Arvs
9,Zay Flowers,9997,WR,10,12.1,5.277911764705882,starter,NA,2025,13.6,Arvs
9,Dallas Goedert,5022,TE,10,8.3,-0.08630392156862676,starter,NA,2025,12.6,Arvs
9,Mark Andrews,5012,TE,10,10.4,2.013696078431373,starter,NA,2025,9.4,Arvs
9,Theo Johnson,11597,TE,10,14.5,6.1136960784313725,starter,NA,2025,7.9,Arvs
9,Brandon McManus,1433,K,10,0,-4.7063725490196084,starter,NA,2025,6,Arvs
9,Seattle Seahawks,SEA,DST,10,23,16.66764705882353,starter,NA,2025,28,Arvs
7,Drake Maye,11564,QB,10,19.1,10.713696078431374,starter,NA,2025,21.3,ElatedBroncosFan
7,Christian McCaffrey,4034,RB,10,17.6,10.21095098039216,starter,NA,2025,22.4,ElatedBroncosFan
7,Bijan Robinson,9509,RB,10,10.8,3.4109509803921583,starter,NA,2025,19.8,ElatedBroncosFan
7,Jaxon Smith-Njigba,9488,WR,10,20.3,13.477911764705883,starter,NA,2025,20.5,ElatedBroncosFan
7,Puka Nacua,9493,WR,10,17.4,10.57791176470588,starter,NA,2025,20.9,ElatedBroncosFan
7,Oronde Gadsden,12493,TE,10,4.3,-2.4518627450980395,starter,NA,2025,0,ElatedBroncosFan
7,Rico Dowdle,7021,RB,10,15.3,7.910950980392158,starter,NA,2025,16.6,ElatedBroncosFan
7,Justin Herbert,6797,QB,10,14.7,6.313696078431372,starter,NA,2025,21.6,ElatedBroncosFan
7,Will Reichard,11792,K,10,9,4.293627450980392,starter,NA,2025,10,ElatedBroncosFan
7,Baltimore Ravens,BAL,DST,10,9,2.6676470588235297,starter,NA,2025,7,ElatedBroncosFan
10,Marcus Mariota,2307,QB,10,18.72,10.333696078431371,starter,NA,2025,16.5,Gretsch0401
10,Quinshon Judkins,12512,RB,10,10.5,2.5725686274509805,starter,NA,2025,13,Gretsch0401
10,Alvin Kamara,4035,RB,10,14.5,6.5725686274509805,starter,NA,2025,8.5,Gretsch0401
10,Chris Olave,8144,WR,10,21.4,14.010950980392156,starter,NA,2025,13.6,Gretsch0401
10,Davante Adams,2133,WR,10,19.7,12.310950980392157,starter,NA,2025,16.2,Gretsch0401
10,George Kittle,4217,TE,10,23.4,16.64813725490196,starter,NA,2025,12.6,Gretsch0401
10,Romeo Doubs,8121,WR,10,1.5,-5.889049019607842,starter,NA,2025,13.9,Gretsch0401
10,Justin Fields,7591,QB,10,7.96,-0.4263039215686275,starter,NA,2025,15.5,Gretsch0401
10,Jason Myers,2747,K,10,15,10.293627450980392,starter,NA,2025,31,Gretsch0401
10,Philadelphia Eagles,PHI,DST,10,13,6.66764705882353,starter,NA,2025,16,Gretsch0401
2,Mac Jones,7527,QB,10,24.06,19.679960784313725,starter,NA,2025,14.1,SFOControl
2,De'Von Achane,9226,RB,10,40.5,32.57256862745098,starter,NA,2025,19.8,SFOControl
2,J.K. Dobbins,6806,RB,10,9.4,1.4725686274509808,starter,NA,2025,12.4,SFOControl
2,Drake London,8112,WR,10,24.4,16.013696078431373,starter,NA,2025,16,SFOControl
2,Deebo Samuel Sr.,5872,WR,10,12.9,4.513696078431373,starter,NA,2025,12,SFOControl
2,Juwan Johnson,7002,TE,10,19.2,10.813696078431372,starter,NA,2025,9.2,SFOControl
2,Isaiah Likely,8131,TE,10,3.7,-4.686303921568627,starter,NA,2025,7.1,SFOControl
2,Darius Slayton,6149,WR,10,12.9,4.513696078431373,starter,NA,2025,8.7,SFOControl
2,Eddy Pineiro,5189,K,10,1,-3.706372549019608,starter,NA,2025,27,SFOControl
2,Detroit Lions,DET,DST,10,2,-4.33235294117647,starter,NA,2025,31,SFOControl
12,Baker Mayfield,4892,QB,10,22.92,14.533696078431374,starter,NA,2025,17.1,TheJandyStock
12,Saquon Barkley,4866,RB,10,13.1,5.710950980392157,starter,NA,2025,16,TheJandyStock
12,Josh Jacobs,5850,RB,10,19.7,12.310950980392157,starter,NA,2025,18.8,TheJandyStock
12,Wan'Dale Robinson,8126,WR,10,12.2,5.377911764705882,starter,NA,2025,12.8,TheJandyStock
12,Stefon Diggs,2449,WR,10,15.6,8.777911764705882,starter,NA,2025,13.7,TheJandyStock
12,Sam LaPorta,10859,TE,10,10.3,3.5481372549019614,starter,NA,2025,10.4,TheJandyStock
12,Derrick Henry,3198,RB,10,11.4,4.010950980392158,starter,NA,2025,14,TheJandyStock
12,Jordan Love,6804,QB,10,7.84,-0.5463039215686276,starter,NA,2025,16.9,TheJandyStock
12,Chris Boswell,1945,K,10,5,0.29362745098039245,starter,NA,2025,29,TheJandyStock
12,Cleveland Browns,CLE,DST,10,5,-1.3323529411764703,starter,NA,2025,17,TheJandyStock
11,Lamar Jackson,4881,QB,10,16.64,12.259960784313726,starter,NA,2025,22,akondratieff
11,Bhayshul Tuten,12490,RB,10,2,-5.9274313725490195,starter,NA,2025,5.9,akondratieff
11,Breece Hall,8155,RB,10,19.5,11.57256862745098,starter,NA,2025,13.7,akondratieff
11,Jaylen Waddle,7526,WR,10,19.4,11.013696078431373,starter,NA,2025,16.1,akondratieff
11,Michael Pittman Jr.,6819,WR,10,3.9,-4.486303921568627,starter,NA,2025,16.4,akondratieff
11,Hunter Henry,3214,TE,10,1.9,-4.851862745098039,starter,NA,2025,10,akondratieff
11,Jauan Jennings,7049,WR,10,17.1,8.713696078431374,starter,NA,2025,9.2,akondratieff
11,Jameson Williams,8148,WR,10,23.9,15.513696078431373,starter,NA,2025,9.7,akondratieff
11,Cairo Santos,2020,K,10,6,1.2936274509803924,starter,NA,2025,14,akondratieff
11,Los Angeles Rams,LAR,DST,10,7,0.6676470588235297,starter,NA,2025,22,akondratieff
4,Daniel Jones,5870,QB,10,16.5,8.113696078431373,starter,NA,2025,18.3,caskinner
4,Jonathan Taylor,6813,RB,10,49.6,41.672568627450985,starter,NA,2025,21.5,caskinner
4,James Cook,8138,RB,10,10.7,2.77256862745098,starter,NA,2025,16.8,caskinner
4,Amon-Ra St. Brown,7547,WR,10,16.8,9.410950980392158,starter,NA,2025,20.2,caskinner
4,Tetairoa McMillan,12526,WR,10,11,3.6109509803921576,starter,NA,2025,11.3,caskinner
4,Trey McBride,8130,TE,10,27.7,20.948137254901962,starter,NA,2025,17.1,caskinner
4,Quentin Johnston,9754,WR,10,9.2,1.8109509803921569,starter,NA,2025,10.9,caskinner
4,Matthew Stafford,421,QB,10,26.9,18.513696078431373,starter,NA,2025,19.2,caskinner
4,Cameron Dicker,8259,K,10,13,8.293627450980392,starter,NA,2025,25,caskinner
4,Jacksonville Jaguars,JAX,DST,10,11,4.66764705882353,starter,NA,2025,19,caskinner
1,Aaron Rodgers,96,QB,10,8.44,0.05369607843137203,starter,NA,2025,15.6,joeburrowmvp
1,David Montgomery,5892,RB,10,10.1,2.17256862745098,starter,NA,2025,8.2,joeburrowmvp
1,Ashton Jeanty,12527,RB,10,15.3,7.372568627450981,starter,NA,2025,15.1,joeburrowmvp
1,DeVonta Smith,7525,WR,10,16.9,10.07791176470588,starter,NA,2025,13.7,joeburrowmvp
1,Nico Collins,7569,WR,10,22.6,15.777911764705884,starter,NA,2025,13.9,joeburrowmvp
1,Tyler Warren,12518,TE,10,17.9,10.510950980392156,starter,NA,2025,12.3,joeburrowmvp
1,Kyle Pitts,7553,TE,10,5.8,-1.5890490196078426,starter,NA,2025,10.7,joeburrowmvp
1,Jared Goff,3163,QB,10,24.8,16.41369607843137,starter,NA,2025,18.5,joeburrowmvp
1,Michael Badgley,5230,K,10,6,1.2936274509803924,starter,NA,2025,0,joeburrowmvp
1,Indianapolis Colts,IND,DST,10,6,-0.3323529411764703,starter,NA,2025,4,joeburrowmvp
6,Josh Allen,4984,QB,10,20.34,11.953696078431372,starter,NA,2025,23.9,jzeigboi
6,Jahmyr Gibbs,9221,RB,10,38.2,30.272568627450983,starter,NA,2025,19.1,jzeigboi
6,D'Andre Swift,6790,RB,10,14.8,6.872568627450981,starter,NA,2025,9.1,jzeigboi
6,Troy Franklin,11627,WR,10,15,8.177911764705883,starter,NA,2025,12,jzeigboi
6,Rome Odunze,11620,WR,10,20.6,13.777911764705884,starter,NA,2025,16,jzeigboi
6,Dalton Kincaid,10236,TE,10,5.7,-1.6890490196078425,starter,NA,2025,12.6,jzeigboi
6,Colston Loveland,12517,TE,10,9.5,2.1109509803921576,starter,NA,2025,7.2,jzeigboi
6,Michael Penix Jr.,11559,QB,10,10.98,2.593696078431373,starter,NA,2025,14.1,jzeigboi
6,Chase McLaughlin,6650,K,10,5,0.29362745098039245,starter,NA,2025,30,jzeigboi
6,Tampa Bay Buccaneers,TB,DST,10,2,-4.33235294117647,starter,NA,2025,26,jzeigboi
3,Sam Darnold,4943,QB,10,5.92,-2.4663039215686275,starter,NA,2025,16.9,lukestip
3,Tyrone Tracy Jr.,11655,RB,10,8.1,0.17256862745098012,starter,NA,2025,10.3,lukestip
3,Kenneth Walker III,8151,RB,10,8,0.07256862745098047,starter,NA,2025,11.7,lukestip
3,Justin Jefferson,6794,WR,10,7.7,0.31095098039215774,starter,NA,2025,14.7,lukestip
3,D.J. Moore,4983,WR,10,0,-7.389049019607842,starter,NA,2025,11.5,lukestip
3,Brock Bowers,11604,TE,10,3.7,-3.051862745098039,starter,NA,2025,15.7,lukestip
3,Alec Pierce,8142,WR,10,18.4,11.010950980392156,starter,NA,2025,7.9,lukestip
3,Tua Tagovailoa,6768,QB,10,12.82,4.433696078431373,starter,NA,2025,13.6,lukestip
3,Chad Ryland,10955,K,10,2,-2.7063725490196076,starter,NA,2025,3,lukestip
3,New England Patriots,NE,DST,10,2,-4.33235294117647,starter,NA,2025,29,lukestip
5,Trevor Lawrence,7523,QB,10,10.82,2.433696078431373,starter,NA,2025,15.7,ngernenz
5,Kyren Williams,8150,RB,10,22.4,14.47256862745098,starter,NA,2025,14.6,ngernenz
5,Aaron Jones,4199,RB,10,15.9,7.972568627450981,starter,NA,2025,9.2,ngernenz
5,Ladd McConkey,11635,WR,10,20.7,13.310950980392157,starter,NA,2025,15.2,ngernenz
5,Emeka Egbuka,12514,WR,10,23.5,16.110950980392158,starter,NA,2025,16.1,ngernenz
5,Zach Ertz,1339,TE,10,9.4,2.648137254901961,starter,NA,2025,9.2,ngernenz
5,Courtland Sutton,5045,WR,10,5.4,-1.989049019607842,starter,NA,2025,14.8,ngernenz
5,J.J. McCarthy,11565,QB,10,16.72,8.333696078431371,starter,NA,2025,16.3,ngernenz
5,Tyler Loop,12711,K,10,13,8.293627450980392,starter,NA,2025,17,ngernenz
5,Carolina Panthers,CAR,DST,10,4,-2.3323529411764703,starter,NA,2025,8,ngernenz
8,Bo Nix,11563,QB,10,7.8,-0.5863039215686277,starter,NA,2025,19.5,obiwanginobiIi
8,Rachaad White,8136,RB,10,10.4,3.010950980392158,starter,NA,2025,10,obiwanginobiIi
8,Zach Charbonnet,9753,RB,10,14.3,6.910950980392158,starter,NA,2025,9.5,obiwanginobiIi
8,Jordan Addison,9756,WR,10,6.5,-0.32208823529411745,starter,NA,2025,11.5,obiwanginobiIi
8,Olamide Zaccheaus,6271,WR,10,1.5,-5.3220882352941175,starter,NA,2025,6.9,obiwanginobiIi
8,T.J. Hockenson,5844,TE,10,2.8,-3.951862745098039,starter,NA,2025,6.6,obiwanginobiIi
8,RJ Harvey,12489,RB,10,3.8,-3.5890490196078426,starter,NA,2025,8.5,obiwanginobiIi
8,Jaxson Dart,12508,QB,10,26.28,17.893696078431375,starter,NA,2025,22.5,obiwanginobiIi
8,Jake Bates,11539,K,10,12,7.293627450980392,starter,NA,2025,28,obiwanginobiIi
8,Denver Broncos,DEN,DST,10,15,8.66764705882353,starter,NA,2025,32,obiwanginobiIi
9,Malik Nabers,11632,WR,10,0,0,bench,2,2025,0,Arvs
9,Dylan Sampson,12469,RB,10,0.9,0,bench,1,2025,5.2,Arvs
9,Cam Skattebo,12481,RB,10,0,0,bench,1,2025,0,Arvs
9,Dillon Gabriel,12486,QB,10,20.08,0,bench,1,2025,11.8,Arvs
9,Cameron Ward,12522,QB,10,0,0,bench,1,2025,0,Arvs
9,Chimere Dike,12540,WR,10,0,0,bench,1,2025,0,Arvs
9,Keenan Allen,1479,WR,10,3.9,0,bench,13,2025,12.4,Arvs
9,Ka'imi Fairbairn,3451,K,10,0,0,bench,10,2025,19,Arvs
9,Chris Godwin,4037,WR,10,0,0,bench,9,2025,0,Arvs
9,Najee Harris,7528,RB,10,0,0,bench,5,2025,0,Arvs
9,Jake Ferguson,8110,TE,10,0,0,bench,4,2025,0,Arvs
9,Jordan Mason,8408,RB,10,4.1,0,bench,4,2025,6.6,Arvs
9,Kayshon Boutte,9504,WR,10,0,0,bench,3,2025,0,Arvs
7,Jalen McMillan,11618,WR,10,0,0,bench,2,2025,0,ElatedBroncosFan
7,Keon Coleman,11637,WR,10,13.6,0,bench,2,2025,6.3,ElatedBroncosFan
7,Jaydon Blue,12457,RB,10,0,0,bench,1,2025,0,ElatedBroncosFan
7,Woody Marks,12474,RB,10,16.1,0,bench,1,2025,11,ElatedBroncosFan
7,Pat Bryant,12492,WR,10,5.3,0,bench,1,2025,6.2,ElatedBroncosFan
7,Mason Taylor,12498,TE,10,1.4,0,bench,1,2025,7.5,ElatedBroncosFan
7,Gunnar Helm,12502,TE,10,0,0,bench,1,2025,0,ElatedBroncosFan
7,Travis Kelce,1466,TE,10,0,0,bench,13,2025,0,ElatedBroncosFan
7,DK Metcalf,5846,WR,10,6.5,0,bench,7,2025,14.9,ElatedBroncosFan
7,A.J. Brown,5859,WR,10,3.3,0,bench,7,2025,12.8,ElatedBroncosFan
7,Cade Otton,8111,TE,10,17.200000000000003,0,bench,4,2025,10.8,ElatedBroncosFan
7,Garrett Wilson,8146,WR,10,0,0,bench,4,2025,13,ElatedBroncosFan
7,Parker Washington,9487,WR,10,17.9,0,bench,3,2025,14.3,ElatedBroncosFan
7,Kendre Miller,9757,RB,10,0,0,bench,3,2025,0,ElatedBroncosFan
7,New Orleans Saints,NO,DST,10,12,0,bench,NA,2025,27,ElatedBroncosFan
10,Brandon Aubrey,11533,K,10,0,0,bench,3,2025,32,Gretsch0401
10,Jayden Daniels,11566,QB,10,0,0,bench,2,2025,0,Gretsch0401
10,Elic Ayomanor,12499,WR,10,0,0,bench,1,2025,0,Gretsch0401
10,Tyreek Hill,3321,WR,10,0,0,bench,10,2025,0,Gretsch0401
10,Jakobi Meyers,5947,WR,10,7.1000000000000005,0,bench,7,2025,7.2,Gretsch0401
10,Kenny Gainwell,7567,RB,10,2.4,0,bench,5,2025,0,Gretsch0401
10,Rashod Bateman,7571,WR,10,2,0,bench,5,2025,6.6,Gretsch0401
10,Christian Watson,8167,WR,10,6.5,0,bench,4,2025,10.3,Gretsch0401
10,Isiah Pacheco,8205,RB,10,0,0,bench,4,2025,0,Gretsch0401
10,C.J. Stroud,9758,QB,10,0,0,bench,3,2025,0,Gretsch0401
10,Kansas City Chiefs,KC,DST,10,0,0,bench,NA,2025,3,Gretsch0401
2,Adrian Martinez,11065,QB,10,0,0,bench,3,2025,0,SFOControl
2,Kade Warner,11419,WR,10,0,0,bench,1,2025,0,SFOControl
2,Mike Evans,2216,WR,10,0,0,bench,12,2025,0,SFOControl
2,Patrick Mahomes,4046,QB,10,0,0,bench,9,2025,0,SFOControl
2,Austin Ekeler,4663,RB,10,0,0,bench,9,2025,0,SFOControl
2,Daniel Carlson,5095,K,10,0,0,bench,8,2025,8,SFOControl
2,Hollywood Brown,5848,WR,10,0,0,bench,7,2025,0,SFOControl
2,CeeDee Lamb,6786,WR,10,0,0,bench,6,2025,0,SFOControl
2,Tyler Bass,7042,K,10,0,0,bench,6,2025,0,SFOControl
2,Brock Purdy,8183,QB,10,0,0,bench,4,2025,0,SFOControl
2,Jake Tonges,8698,TE,10,0,0,bench,4,2025,2.2,SFOControl
2,Buffalo Bills,BUF,DST,10,3,0,bench,NA,2025,21,SFOControl
12,Rashee Rice,10229,WR,10,0,0,bench,3,2025,0,TheJandyStock
12,Jonathon Brooks,11583,RB,10,0,0,bench,2,2025,0,TheJandyStock
12,Russell Wilson,1234,QB,10,3,0,bench,14,2025,0,TheJandyStock
12,Brashard Smith,12455,RB,10,0,0,bench,1,2025,0,TheJandyStock
12,Harold Fannin,12506,TE,10,8.4,0,bench,1,2025,11.8,TheJandyStock
12,TreVeyon Henderson,12529,RB,10,28.000000000000004,0,bench,1,2025,11.6,TheJandyStock
12,Jaylin Noel,12536,WR,10,7.5,0,bench,1,2025,0,TheJandyStock
12,Tyler Shough,12545,QB,10,18.98,0,bench,1,2025,10.2,TheJandyStock
12,Adam Thielen,1689,WR,10,3.6,0,bench,13,2025,0,TheJandyStock
12,Harrison Butker,4227,K,10,0,0,bench,9,2025,9,TheJandyStock
12,Calvin Ridley,4981,WR,10,0,0,bench,8,2025,0,TheJandyStock
12,Pat Freiermuth,7600,TE,10,6.300000000000001,0,bench,5,2025,5.5,TheJandyStock
12,George Pickens,8137,WR,10,0,0,bench,4,2025,0,TheJandyStock
12,Pittsburgh Steelers,PIT,DST,10,5,0,bench,NA,2025,30,TheJandyStock
11,Tre Tucker,10213,WR,10,5.5,0,bench,3,2025,8.5,akondratieff
11,Spencer Rattler,11562,QB,10,0,0,bench,2,2025,0,akondratieff
11,Brian Thomas Jr.,11631,WR,10,0,0,bench,2,2025,0,akondratieff
11,Travis Hunter,12530,WR,10,0,0,bench,1,2025,0,akondratieff
11,Joe Flacco,19,QB,10,0,0,bench,18,2025,0,akondratieff
11,James Conner,4137,RB,10,0,0,bench,9,2025,0,akondratieff
11,Kendrick Bourne,4454,WR,10,2.9000000000000004,0,bench,9,2025,8.4,akondratieff
11,Ty Johnson,6039,RB,10,4.6000000000000005,0,bench,7,2025,2.5,akondratieff
11,Rhamondre Stevenson,7611,RB,10,0,0,bench,5,2025,0,akondratieff
11,Tucker Kraft,9484,TE,10,0,0,bench,3,2025,0,akondratieff
11,DeMario Douglas,9501,WR,10,5.4,0,bench,3,2025,4.9,akondratieff
11,Green Bay Packers,GB,DST,10,7,0,bench,NA,2025,20,akondratieff
4,Isaiah Davis,11571,RB,10,2.1,0,bench,2,2025,7.1,caskinner
4,MarShawn Lloyd,11581,RB,10,0,0,bench,2,2025,0,caskinner
4,Trey Benson,11589,RB,10,0,0,bench,2,2025,0,caskinner
4,Ricky Pearsall,11638,WR,10,0,0,bench,2,2025,0,caskinner
4,DJ Giddens,12471,RB,10,0,0,bench,1,2025,0,caskinner
4,Tez Johnson,12485,WR,10,20.2,0,bench,1,2025,10.1,caskinner
4,Ollie Gordon,12495,RB,10,-0.30000000000000004,0,bench,1,2025,1.4,caskinner
4,Kaleb Johnson,12504,RB,10,0.30000000000000004,0,bench,1,2025,0.6,caskinner
4,Jaylin Lane,12641,WR,10,5.1000000000000005,0,bench,1,2025,0,caskinner
4,Dalton Schultz,5001,TE,10,18.3,0,bench,8,2025,8.8,caskinner
4,Terry McLaurin,5927,WR,10,0,0,bench,7,2025,0,caskinner
4,Joe Burrow,6770,QB,10,0,0,bench,6,2025,0,caskinner
4,Chase Brown,9224,RB,10,0,0,bench,3,2025,0,caskinner
4,Bryce Young,9228,QB,10,2.5600000000000005,0,bench,3,2025,12.2,caskinner
4,Tyjae Spears,9508,RB,10,0,0,bench,3,2025,0,caskinner
1,Jayden Reed,10222,WR,10,0,0,bench,3,2025,0,joeburrowmvp
1,Emari Demercado,11199,RB,10,13.4,0,bench,3,2025,6,joeburrowmvp
1,Quinn Ewers,12500,QB,10,0,0,bench,1,2025,0,joeburrowmvp
1,Shedeur Sanders,12524,QB,10,0,0,bench,1,2025,0,joeburrowmvp
1,Tahj Brooks,12543,RB,10,0,0,bench,1,2025,0,joeburrowmvp
1,Phil Mafah,12738,RB,10,0,0,bench,1,2025,0,joeburrowmvp
1,Kareem Hunt,4098,RB,10,0,0,bench,9,2025,0,joeburrowmvp
1,Taysom Hill,4381,TE,10,2,0,bench,9,2025,2.8,joeburrowmvp
1,Nick Chubb,4988,RB,10,6.2,0,bench,8,2025,6.8,joeburrowmvp
1,Kyler Murray,5849,QB,10,0,0,bench,7,2025,0,joeburrowmvp
1,Jerry Jeudy,6783,WR,10,19.8,0,bench,6,2025,5,joeburrowmvp
1,Brandon Aiyuk,6803,WR,10,0,0,bench,6,2025,0,joeburrowmvp
1,Ja'Marr Chase,7564,WR,10,0,0,bench,5,2025,0,joeburrowmvp
1,Brian Robinson Jr.,8154,RB,10,11.500000000000002,0,bench,4,2025,1.8,joeburrowmvp
1,Houston Texans,HOU,DST,10,10,0,bench,NA,2025,23,joeburrowmvp
6,Xavier Hutchinson,10218,WR,10,0,0,bench,3,2025,5,jzeigboi
6,Chris Rodriguez Jr.,10219,RB,10,7.6,0,bench,3,2025,1.4,jzeigboi
6,Blake Corum,11586,RB,10,5.6000000000000005,0,bench,2,2025,3.3,jzeigboi
6,Xavier Worthy,11624,WR,10,0,0,bench,2,2025,0,jzeigboi
6,Adonai Mitchell,11625,WR,10,0,0,bench,2,2025,0,jzeigboi
6,Jalen Royals,12505,WR,10,0,0,bench,1,2025,0,jzeigboi
6,Jacory Croskey-Merritt,12533,RB,10,3,0,bench,1,2025,8,jzeigboi
6,Isaac TeSlaa,12535,WR,10,2.1,0,bench,1,2025,0,jzeigboi
6,Tony Pollard,5967,RB,10,0,0,bench,7,2025,0,jzeigboi
6,Tee Higgins,6801,WR,10,0,0,bench,6,2025,0,jzeigboi
6,Darnell Mooney,7090,WR,10,2.7,0,bench,6,2025,5.4,jzeigboi
6,Rashid Shaheed,8676,WR,10,3.3,0,bench,4,2025,9,jzeigboi
6,Brenton Strange,9480,TE,10,0,0,bench,3,2025,0,jzeigboi
6,Tank Dell,9502,WR,10,0,0,bench,3,2025,0,jzeigboi
3,Emanuel Wilson,11435,RB,10,1.4,0,bench,3,2025,3.4,lukestip
3,Ray Davis,11575,RB,10,0.8,0,bench,2,2025,1.1,lukestip
3,Jalen Coker,11646,WR,10,5.1,0,bench,2,2025,5.4,lukestip
3,Devin Neal,12476,RB,10,6.1000000000000005,0,bench,1,2025,1.6,lukestip
3,Jack Bech,12483,WR,10,0,0,bench,1,2025,4.1,lukestip
3,Matthew Golden,12501,WR,10,0,0,bench,1,2025,2.7,lukestip
3,Dak Prescott,3294,QB,10,0,0,bench,10,2025,0,lukestip
3,Joe Mixon,4018,RB,10,0,0,bench,9,2025,0,lukestip
3,Jake Elliott,4195,K,10,4,0,bench,9,2025,26,lukestip
3,Justice Hill,5995,RB,10,8.3,0,bench,7,2025,4.4,lukestip
3,Javonte Williams,7588,RB,10,0,0,bench,5,2025,0,lukestip
3,Marvin Mims Jr.,9494,WR,10,0,0,bench,3,2025,0,lukestip
3,Will Levis,9999,QB,10,0,0,bench,3,2025,0,lukestip
3,San Francisco 49ers,SF,DST,10,-3,0,bench,NA,2025,15,lukestip
5,Bucky Irving,11584,RB,10,0,0,bench,2,2025,0,ngernenz
5,Marvin Harrison Jr.,11628,WR,10,12.3,0,bench,2,2025,15.1,ngernenz
5,Kimani Vidal,11647,RB,10,17.8,0,bench,2,2025,12.4,ngernenz
5,Jayden Higgins,12484,WR,10,15.2,0,bench,1,2025,3,ngernenz
5,Tory Horton,12497,WR,10,0,0,bench,1,2025,0,ngernenz
5,Jalen Milroe,12510,QB,10,0,0,bench,1,2025,0,ngernenz
5,Elijah Arroyo,12521,TE,10,1.5,0,bench,1,2025,5.6,ngernenz
5,Geno Smith,1373,QB,10,5.42,0,bench,13,2025,12.8,ngernenz
5,Carson Wentz,3161,QB,10,0,0,bench,10,2025,0,ngernenz
5,David Njoku,4033,TE,10,10.1,0,bench,9,2025,9.2,ngernenz
5,Travis Etienne,7543,RB,10,15.7,0,bench,5,2025,13.4,ngernenz
5,Andy Dalton,829,QB,10,0,0,bench,15,2025,0,ngernenz
5,Tank Bigsby,9225,RB,10,0.7000000000000001,0,bench,3,2025,1.7,ngernenz
5,Josh Downs,9500,WR,10,1.3,0,bench,3,2025,9.7,ngernenz
8,Cedric Tillman,10444,WR,10,3.1,0,bench,3,2025,8.3,obiwanginobiIi
8,Malik Washington,11610,WR,10,9.3,0,bench,2,2025,8.6,obiwanginobiIi
8,Xavier Legette,11626,WR,10,0,0,bench,2,2025,7.5,obiwanginobiIi
8,Savion Williams,12482,WR,10,2.2,0,bench,1,2025,0,obiwanginobiIi
8,Isaiah Bond,12503,WR,10,0,0,bench,1,2025,0,obiwanginobiIi
8,Omarion Hampton,12507,RB,10,0,0,bench,1,2025,0,obiwanginobiIi
8,Luther Burden,12519,WR,10,8.100000000000001,0,bench,1,2025,0,obiwanginobiIi
8,Kyle Williams,12547,WR,10,14.2,0,bench,1,2025,4.7,obiwanginobiIi
8,Jacoby Brissett,3257,QB,10,19.42,0,bench,10,2025,17.2,obiwanginobiIi
8,Jalen Hurts,6904,QB,10,12.02,0,bench,6,2025,22,obiwanginobiIi
8,Chuba Hubbard,7594,RB,10,2.5000000000000004,0,bench,5,2025,5.9,obiwanginobiIi
8,Calvin Austin III,8125,WR,10,3.4000000000000004,0,bench,4,2025,9,obiwanginobiIi
8,Tyler Allgeier,8132,RB,10,17.7,0,bench,4,2025,4.5,obiwanginobiIi
8,Anthony Richardson,9229,QB,10,0,0,bench,3,2025,0,obiwanginobiIi
8,Luke Musgrave,9481,TE,10,5.300000000000001,0,bench,3,2025,8.9,obiwanginobiIi
9,Caleb Williams,11560,QB,11,10.32,1.1765294117647065,starter,NA,2025,18.8,Arvs
9,Jaylen Warren,8228,RB,11,8.7,-0.08321568627451015,starter,NA,2025,15.8,Arvs
9,Woody Marks,12474,RB,11,6.1,-2.68321568627451,starter,NA,2025,9.8,Arvs
9,Khalil Shakir,8134,WR,11,0.7,-7.399588235294117,starter,NA,2025,13.6,Arvs
9,Rashid Shaheed,8676,WR,11,4.9,-3.199588235294117,starter,NA,2025,8.8,Arvs
9,Theo Johnson,11597,TE,11,6.6,-0.8868627450980409,starter,NA,2025,11.4,Arvs
9,Aaron Jones,4199,RB,11,11.1,2.31678431372549,starter,NA,2025,10.9,Arvs
9,Michael Penix Jr.,11559,QB,11,7.9,-1.2434705882352937,starter,NA,2025,13.1,Arvs
9,Evan McPherson,7839,K,11,8,0.6102941176470589,starter,NA,2025,22,Arvs
9,Seattle Seahawks,SEA,DST,11,3,-1.4073529411764705,starter,NA,2025,28,Arvs
7,Drake Maye,11564,QB,11,15.44,6.2965294117647055,starter,NA,2025,21,ElatedBroncosFan
7,Christian McCaffrey,4034,RB,11,35.1,26.316784313725492,starter,NA,2025,23,ElatedBroncosFan
7,Rico Dowdle,7021,RB,11,15,6.216784313725491,starter,NA,2025,15.7,ElatedBroncosFan
7,Jaxon Smith-Njigba,9488,WR,11,20.6,12.500411764705884,starter,NA,2025,20.3,ElatedBroncosFan
7,Puka Nacua,9493,WR,11,14.3,6.200411764705883,starter,NA,2025,19,ElatedBroncosFan
7,Oronde Gadsden,12493,TE,11,6.1,-1.3868627450980409,starter,NA,2025,0,ElatedBroncosFan
7,Bijan Robinson,9509,RB,11,30.3,21.51678431372549,starter,NA,2025,19.6,ElatedBroncosFan
7,Justin Herbert,6797,QB,11,4.34,-4.803470588235294,starter,NA,2025,21,ElatedBroncosFan
7,Will Reichard,11792,K,11,5,-2.389705882352941,starter,NA,2025,10,ElatedBroncosFan
7,Baltimore Ravens,BAL,DST,11,10,5.5926470588235295,starter,NA,2025,7,ElatedBroncosFan
10,Marcus Mariota,2307,QB,11,16.42,7.276529411764708,starter,NA,2025,17.4,Gretsch0401
10,Quinshon Judkins,12512,RB,11,5.9,-3.4799313725490197,starter,NA,2025,12,Gretsch0401
10,Kenny Gainwell,7567,RB,11,29.5,20.12006862745098,starter,NA,2025,0,Gretsch0401
10,Christian Watson,8167,WR,11,20.6,11.816784313725492,starter,NA,2025,11.8,Gretsch0401
10,Davante Adams,2133,WR,11,7.1,-1.6832156862745098,starter,NA,2025,16.1,Gretsch0401
10,George Kittle,4217,TE,11,24.7,17.21313725490196,starter,NA,2025,14,Gretsch0401
10,Romeo Doubs,8121,WR,11,9.3,0.5167843137254913,starter,NA,2025,13.1,Gretsch0401
10,Justin Fields,7591,QB,11,19.34,10.196529411764706,starter,NA,2025,13.6,Gretsch0401
10,Brandon Aubrey,11533,K,11,9,1.6102941176470589,starter,NA,2025,32,Gretsch0401
10,Kansas City Chiefs,KC,DST,11,2,-2.4073529411764705,starter,NA,2025,3,Gretsch0401
2,Brock Purdy,8183,QB,11,19.3,10.156529411764708,starter,NA,2025,16.8,SFOControl
2,De'Von Achane,9226,RB,11,21.5,12.12006862745098,starter,NA,2025,21.6,SFOControl
2,Jeremy McNichols,4219,RB,11,4.9,-4.47993137254902,starter,NA,2025,5.3,SFOControl
2,CeeDee Lamb,6786,WR,11,17.6,8.816784313725492,starter,NA,2025,19,SFOControl
2,Deebo Samuel Sr.,5872,WR,11,20.7,11.91678431372549,starter,NA,2025,12.7,SFOControl
2,Isaiah Likely,8131,TE,11,3.5,-3.986862745098041,starter,NA,2025,5.5,SFOControl
2,Drake London,8112,WR,11,18.9,10.11678431372549,starter,NA,2025,17.3,SFOControl
2,Patrick Mahomes,4046,QB,11,14.34,5.196529411764706,starter,NA,2025,20.7,SFOControl
2,Eddy Pineiro,5189,K,11,12,4.610294117647059,starter,NA,2025,27,SFOControl
2,Buffalo Bills,BUF,DST,11,5,0.5926470588235295,starter,NA,2025,21,SFOControl
12,Baker Mayfield,4892,QB,11,17.82,8.676529411764706,starter,NA,2025,17,TheJandyStock
12,Saquon Barkley,4866,RB,11,10,1.2167843137254906,starter,NA,2025,16,TheJandyStock
12,Josh Jacobs,5850,RB,11,4,-4.783215686274509,starter,NA,2025,20,TheJandyStock
12,Rashee Rice,10229,WR,11,9.8,1.7004117647058834,starter,NA,2025,18,TheJandyStock
12,George Pickens,8137,WR,11,29.4,21.30041176470588,starter,NA,2025,17.8,TheJandyStock
12,Pat Freiermuth,7600,TE,11,2.9,-4.58686274509804,starter,NA,2025,7.3,TheJandyStock
12,TreVeyon Henderson,12529,RB,11,32.3,23.516784313725488,starter,NA,2025,14.1,TheJandyStock
12,Jordan Love,6804,QB,11,17.66,8.516529411764706,starter,NA,2025,16.7,TheJandyStock
12,Chris Boswell,1945,K,11,10,2.610294117647059,starter,NA,2025,29,TheJandyStock
12,Pittsburgh Steelers,PIT,DST,11,22,17.59264705882353,starter,NA,2025,30,TheJandyStock
11,Lamar Jackson,4881,QB,11,6.72,-2.4234705882352943,starter,NA,2025,20.8,akondratieff
11,Ty Johnson,6039,RB,11,15,5.62006862745098,starter,NA,2025,4.2,akondratieff
11,Breece Hall,8155,RB,11,8.4,-0.9799313725490196,starter,NA,2025,13.7,akondratieff
11,Jauan Jennings,7049,WR,11,9.4,0.6167843137254909,starter,NA,2025,11.6,akondratieff
11,Jaylen Waddle,7526,WR,11,8.2,-0.5832156862745101,starter,NA,2025,16.4,akondratieff
11,Hunter Henry,3214,TE,11,8.5,1.0131372549019595,starter,NA,2025,10.5,akondratieff
11,Jameson Williams,8148,WR,11,19.7,10.91678431372549,starter,NA,2025,12.7,akondratieff
11,Joe Flacco,19,QB,11,10.86,1.7165294117647054,starter,NA,2025,19.3,akondratieff
11,Cairo Santos,2020,K,11,15,7.610294117647059,starter,NA,2025,14,akondratieff
11,Los Angeles Rams,LAR,DST,11,10,5.5926470588235295,starter,NA,2025,22,akondratieff
4,Matthew Stafford,421,QB,11,13.2,4.056529411764705,starter,NA,2025,19.7,caskinner
4,Chase Brown,9224,RB,11,18.7,9.32006862745098,starter,NA,2025,14.4,caskinner
4,James Cook,8138,RB,11,20.4,11.020068627450978,starter,NA,2025,15.5,caskinner
4,Amon-Ra St. Brown,7547,WR,11,6.2,-2.5832156862745093,starter,NA,2025,17.7,caskinner
4,Tetairoa McMillan,12526,WR,11,33,24.21678431372549,starter,NA,2025,10.9,caskinner
4,Trey McBride,8130,TE,11,27.5,20.01313725490196,starter,NA,2025,18.7,caskinner
4,Courtland Sutton,5045,WR,11,9.9,1.116784313725491,starter,NA,2025,12.8,caskinner
4,Bryce Young,9228,QB,11,31.82,22.676529411764704,starter,NA,2025,11.2,caskinner
4,Cameron Dicker,8259,K,11,8,0.6102941176470589,starter,NA,2025,25,caskinner
4,Atlanta Falcons,ATL,DST,11,4,-0.4073529411764705,starter,NA,2025,11,caskinner
1,Aaron Rodgers,96,QB,11,9.44,0.2965294117647055,starter,NA,2025,16.1,joeburrowmvp
1,Emari Demercado,11199,RB,11,4,-5.37993137254902,starter,NA,2025,10,joeburrowmvp
1,Ashton Jeanty,12527,RB,11,9.4,0.02006862745098026,starter,NA,2025,15.5,joeburrowmvp
1,DeVonta Smith,7525,WR,11,1.8,-6.98321568627451,starter,NA,2025,14.3,joeburrowmvp
1,Nico Collins,7569,WR,11,24.2,15.41678431372549,starter,NA,2025,14.5,joeburrowmvp
1,Kyle Pitts,7553,TE,11,3.4,-4.08686274509804,starter,NA,2025,10.3,joeburrowmvp
1,Ja'Marr Chase,7564,WR,11,6,-2.7832156862745094,starter,NA,2025,23.1,joeburrowmvp
1,Jared Goff,3163,QB,11,13.1,3.9565294117647056,starter,NA,2025,16.9,joeburrowmvp
1,Matt Prater,17,K,11,8,0.6102941176470589,starter,NA,2025,0,joeburrowmvp
1,Houston Texans,HOU,DST,11,10,5.5926470588235295,starter,NA,2025,23,joeburrowmvp
6,Josh Allen,4984,QB,11,44.68,35.536529411764704,starter,NA,2025,24.1,jzeigboi
6,Jahmyr Gibbs,9221,RB,11,19.6,10.22006862745098,starter,NA,2025,16.6,jzeigboi
6,D'Andre Swift,6790,RB,11,9,-0.3799313725490201,starter,NA,2025,11.5,jzeigboi
6,Rome Odunze,11620,WR,11,6.1,-2.68321568627451,starter,NA,2025,15.1,jzeigboi
6,Zay Flowers,9997,WR,11,11.3,2.5167843137254913,starter,NA,2025,13.1,jzeigboi
6,Colston Loveland,12517,TE,11,7,-0.4868627450980405,starter,NA,2025,7.8,jzeigboi
6,Tee Higgins,6801,WR,11,15.3,6.516784313725491,starter,NA,2025,15.4,jzeigboi
6,Jalen Hurts,6904,QB,11,14.5,5.356529411764706,starter,NA,2025,21.3,jzeigboi
6,Chase McLaughlin,6650,K,11,8,0.6102941176470589,starter,NA,2025,30,jzeigboi
6,Los Angeles Chargers,LAC,DST,11,-2,-6.4073529411764705,starter,NA,2025,24,jzeigboi
3,Dak Prescott,3294,QB,11,24.32,15.176529411764706,starter,NA,2025,18.9,lukestip
3,Javonte Williams,7588,RB,11,10.3,1.5167843137254913,starter,NA,2025,16.2,lukestip
3,Kenneth Walker III,8151,RB,11,20.1,11.316784313725492,starter,NA,2025,10.2,lukestip
3,Justin Jefferson,6794,WR,11,11.1,3.0004117647058823,starter,NA,2025,15.9,lukestip
3,Marvin Mims Jr.,9494,WR,11,0.2,-7.899588235294117,starter,NA,2025,4.7,lukestip
3,Brock Bowers,11604,TE,11,14.2,6.713137254901959,starter,NA,2025,16.2,lukestip
3,Tyrone Tracy Jr.,11655,RB,11,17.9,9.11678431372549,starter,NA,2025,9.2,lukestip
3,Tua Tagovailoa,6768,QB,11,6.84,-2.303470588235294,starter,NA,2025,14.3,lukestip
3,Chad Ryland,10955,K,11,3,-4.389705882352941,starter,NA,2025,3,lukestip
3,New England Patriots,NE,DST,11,5,0.5926470588235295,starter,NA,2025,29,lukestip
5,Trevor Lawrence,7523,QB,11,16.02,6.876529411764706,starter,NA,2025,15,ngernenz
5,Kimani Vidal,11647,RB,11,3.2,-6.17993137254902,starter,NA,2025,12.7,ngernenz
5,Travis Etienne,7543,RB,11,19.3,9.92006862745098,starter,NA,2025,12.9,ngernenz
5,Ladd McConkey,11635,WR,11,4.3,-4.48321568627451,starter,NA,2025,16.8,ngernenz
5,Emeka Egbuka,12514,WR,11,9,0.21678431372549056,starter,NA,2025,16.4,ngernenz
5,Zach Ertz,1339,TE,11,8.2,0.7131372549019588,starter,NA,2025,11.1,ngernenz
5,Tez Johnson,12485,WR,11,1.6,-7.18321568627451,starter,NA,2025,10.5,ngernenz
5,J.J. McCarthy,11565,QB,11,8,-1.143470588235294,starter,NA,2025,16.4,ngernenz
5,Tyler Loop,12711,K,11,12,4.610294117647059,starter,NA,2025,17,ngernenz
5,Chicago Bears,CHI,DST,11,6,1.5926470588235295,starter,NA,2025,9,ngernenz
8,Bo Nix,11563,QB,11,12.6,7.958627450980392,starter,NA,2025,16.8,obiwanginobiIi
8,Rachaad White,8136,RB,11,8.2,-0.9434705882352948,starter,NA,2025,9.7,obiwanginobiIi
8,Tyler Allgeier,8132,RB,11,9.6,0.4565294117647056,starter,NA,2025,5.7,obiwanginobiIi
8,Jordan Addison,9756,WR,11,10,0.856529411764706,starter,NA,2025,10.6,obiwanginobiIi
8,Malik Washington,11610,WR,11,7.2,-1.9434705882352936,starter,NA,2025,8.2,obiwanginobiIi
8,T.J. Hockenson,5844,TE,11,6.9,-0.5868627450980402,starter,NA,2025,5,obiwanginobiIi
8,Cedric Tillman,10444,WR,11,8.2,-0.9434705882352948,starter,NA,2025,6.2,obiwanginobiIi
8,RJ Harvey,12489,RB,11,8,-1.143470588235294,starter,NA,2025,12.6,obiwanginobiIi
8,Jake Bates,11539,K,11,4,-3.389705882352941,starter,NA,2025,28,obiwanginobiIi
8,Denver Broncos,DEN,DST,11,8,3.5926470588235295,starter,NA,2025,32,obiwanginobiIi
9,Xavier Worthy,11624,WR,11,5.5,0,bench,2,2025,8.6,Arvs
9,Malik Nabers,11632,WR,11,0,0,bench,2,2025,0,Arvs
9,Cam Skattebo,12481,RB,11,0,0,bench,1,2025,0,Arvs
9,Dillon Gabriel,12486,QB,11,2.9200000000000004,0,bench,1,2025,12.3,Arvs
9,Cameron Ward,12522,QB,11,13.06,0,bench,1,2025,9.8,Arvs
9,Kyle Monangai,12534,RB,11,10.7,0,bench,1,2025,7.4,Arvs
9,Chris Godwin,4037,WR,11,0,0,bench,9,2025,0,Arvs
9,Mark Andrews,5012,TE,11,15.7,0,bench,8,2025,9,Arvs
9,Dallas Goedert,5022,TE,11,4.4,0,bench,8,2025,13.2,Arvs
9,Najee Harris,7528,RB,11,0,0,bench,5,2025,0,Arvs
9,Jake Ferguson,8110,TE,11,11.6,0,bench,4,2025,12.5,Arvs
9,Jordan Mason,8408,RB,11,10.5,0,bench,4,2025,6.3,Arvs
9,Kayshon Boutte,9504,WR,11,0,0,bench,3,2025,0,Arvs
7,Jalen McMillan,11618,WR,11,0,0,bench,2,2025,0,ElatedBroncosFan
7,Keon Coleman,11637,WR,11,0,0,bench,2,2025,0,ElatedBroncosFan
7,Jaydon Blue,12457,RB,11,0,0,bench,1,2025,0,ElatedBroncosFan
7,Pat Bryant,12492,WR,11,13.2,0,bench,1,2025,3.3,ElatedBroncosFan
7,Mason Taylor,12498,TE,11,7,0,bench,1,2025,7.2,ElatedBroncosFan
7,Gunnar Helm,12502,TE,11,6.9,0,bench,1,2025,4.3,ElatedBroncosFan
7,Travis Kelce,1466,TE,11,24.1,0,bench,13,2025,12.3,ElatedBroncosFan
7,DK Metcalf,5846,WR,11,9.9,0,bench,7,2025,15.4,ElatedBroncosFan
7,A.J. Brown,5859,WR,11,11.9,0,bench,7,2025,12.2,ElatedBroncosFan
7,Cade Otton,8111,TE,11,4.800000000000001,0,bench,4,2025,11.4,ElatedBroncosFan
7,Garrett Wilson,8146,WR,11,0,0,bench,4,2025,0,ElatedBroncosFan
7,Kyren Williams,8150,RB,11,16.6,0,bench,4,2025,13.1,ElatedBroncosFan
7,Parker Washington,9487,WR,11,4,0,bench,3,2025,14.2,ElatedBroncosFan
7,Kendre Miller,9757,RB,11,0,0,bench,3,2025,0,ElatedBroncosFan
7,New Orleans Saints,NO,DST,11,0,0,bench,NA,2025,27,ElatedBroncosFan
10,Jayden Daniels,11566,QB,11,0,0,bench,2,2025,0,Gretsch0401
10,Elic Ayomanor,12499,WR,11,3.1,0,bench,1,2025,8.2,Gretsch0401
10,Jason Myers,2747,K,11,14,0,bench,11,2025,31,Gretsch0401
10,Tyreek Hill,3321,WR,11,0,0,bench,10,2025,0,Gretsch0401
10,Alvin Kamara,4035,RB,11,0,0,bench,9,2025,0,Gretsch0401
10,Jakobi Meyers,5947,WR,11,11.4,0,bench,7,2025,7.6,Gretsch0401
10,Rashod Bateman,7571,WR,11,0,0,bench,5,2025,0,Gretsch0401
10,Chris Olave,8144,WR,11,0,0,bench,4,2025,0,Gretsch0401
10,Isiah Pacheco,8205,RB,11,0,0,bench,4,2025,0,Gretsch0401
10,C.J. Stroud,9758,QB,11,0,0,bench,3,2025,0,Gretsch0401
10,Philadelphia Eagles,PHI,DST,11,8,0,bench,NA,2025,16,Gretsch0401
2,Adrian Martinez,11065,QB,11,0,0,bench,3,2025,0,SFOControl
2,Mike Evans,2216,WR,11,0,0,bench,12,2025,0,SFOControl
2,Austin Ekeler,4663,RB,11,0,0,bench,9,2025,0,SFOControl
2,Daniel Carlson,5095,K,11,11,0,bench,8,2025,8,SFOControl
2,Hollywood Brown,5848,WR,11,8,0,bench,7,2025,7.8,SFOControl
2,Darius Slayton,6149,WR,11,0,0,bench,7,2025,0,SFOControl
2,J.K. Dobbins,6806,RB,11,0,0,bench,6,2025,0,SFOControl
2,Juwan Johnson,7002,TE,11,0,0,bench,6,2025,0,SFOControl
2,Tyler Bass,7042,K,11,0,0,bench,6,2025,0,SFOControl
2,Mac Jones,7527,QB,11,-0.30000000000000004,0,bench,5,2025,0,SFOControl
2,Jake Tonges,8698,TE,11,0,0,bench,4,2025,2.2,SFOControl
2,Detroit Lions,DET,DST,11,2,0,bench,NA,2025,31,SFOControl
12,Sam LaPorta,10859,TE,11,0,0,bench,3,2025,0,TheJandyStock
12,Jonathon Brooks,11583,RB,11,0,0,bench,2,2025,0,TheJandyStock
12,Russell Wilson,1234,QB,11,0,0,bench,14,2025,0,TheJandyStock
12,Brashard Smith,12455,RB,11,2.8,0,bench,1,2025,5,TheJandyStock
12,Harold Fannin,12506,TE,11,4.6,0,bench,1,2025,11.7,TheJandyStock
12,Jaylin Noel,12536,WR,11,2.2,0,bench,1,2025,3.2,TheJandyStock
12,Tyler Shough,12545,QB,11,0,0,bench,1,2025,0,TheJandyStock
12,Adam Thielen,1689,WR,11,1.6,0,bench,13,2025,0,TheJandyStock
12,Stefon Diggs,2449,WR,11,19.5,0,bench,11,2025,13.4,TheJandyStock
12,Derrick Henry,3198,RB,11,20.2,0,bench,10,2025,11.7,TheJandyStock
12,Harrison Butker,4227,K,11,7,0,bench,9,2025,9,TheJandyStock
12,Calvin Ridley,4981,WR,11,2.3,0,bench,8,2025,5.8,TheJandyStock
12,Wan'Dale Robinson,8126,WR,11,7.6,0,bench,4,2025,13.4,TheJandyStock
12,Cleveland Browns,CLE,DST,11,15,0,bench,NA,2025,17,TheJandyStock
11,Tre Tucker,10213,WR,11,14.7,0,bench,3,2025,8.4,akondratieff
11,Brian Thomas Jr.,11631,WR,11,0,0,bench,2,2025,0,akondratieff
11,Bhayshul Tuten,12490,RB,11,13.4,0,bench,1,2025,3.7,akondratieff
11,Travis Hunter,12530,WR,11,0,0,bench,1,2025,0,akondratieff
11,Tyler Lockett,2374,WR,11,6.300000000000001,0,bench,11,2025,7.4,akondratieff
11,James Conner,4137,RB,11,0,0,bench,9,2025,0,akondratieff
11,Kendrick Bourne,4454,WR,11,0,0,bench,9,2025,3.4,akondratieff
11,Michael Pittman Jr.,6819,WR,11,0,0,bench,6,2025,0,akondratieff
11,Rhamondre Stevenson,7611,RB,11,0,0,bench,5,2025,0,akondratieff
11,Tucker Kraft,9484,TE,11,0,0,bench,3,2025,0,akondratieff
11,DeMario Douglas,9501,WR,11,6.1,0,bench,3,2025,4.9,akondratieff
11,Green Bay Packers,GB,DST,11,8,0,bench,NA,2025,20,akondratieff
4,Isaiah Davis,11571,RB,11,1.1,0,bench,2,2025,7.1,caskinner
4,MarShawn Lloyd,11581,RB,11,0,0,bench,2,2025,0,caskinner
4,Trey Benson,11589,RB,11,0,0,bench,2,2025,0,caskinner
4,Ricky Pearsall,11638,WR,11,1,0,bench,2,2025,9.5,caskinner
4,DJ Giddens,12471,RB,11,0,0,bench,1,2025,0,caskinner
4,Ollie Gordon,12495,RB,11,10.5,0,bench,1,2025,1.3,caskinner
4,Kaleb Johnson,12504,RB,11,1.5,0,bench,1,2025,0.6,caskinner
4,Jaylin Lane,12641,WR,11,2.3,0,bench,1,2025,0,caskinner
4,Dalton Schultz,5001,TE,11,11.1,0,bench,8,2025,9.8,caskinner
4,Daniel Jones,5870,QB,11,0,0,bench,7,2025,0,caskinner
4,Terry McLaurin,5927,WR,11,0,0,bench,7,2025,0,caskinner
4,Joe Burrow,6770,QB,11,0,0,bench,6,2025,0,caskinner
4,Jonathan Taylor,6813,RB,11,0,0,bench,6,2025,0,caskinner
4,Tyjae Spears,9508,RB,11,8.4,0,bench,3,2025,11.1,caskinner
4,Quentin Johnston,9754,WR,11,0,0,bench,3,2025,12.8,caskinner
1,Jayden Reed,10222,WR,11,0,0,bench,3,2025,0,joeburrowmvp
1,Quinn Ewers,12500,QB,11,0,0,bench,1,2025,0,joeburrowmvp
1,Tyler Warren,12518,TE,11,0,0,bench,1,2025,0,joeburrowmvp
1,Shedeur Sanders,12524,QB,11,1.4800000000000002,0,bench,1,2025,0,joeburrowmvp
1,Tahj Brooks,12543,RB,11,0.5,0,bench,1,2025,0,joeburrowmvp
1,Phil Mafah,12738,RB,11,0,0,bench,1,2025,0,joeburrowmvp
1,Kareem Hunt,4098,RB,11,13.2,0,bench,9,2025,8.2,joeburrowmvp
1,Taysom Hill,4381,TE,11,0,0,bench,9,2025,0,joeburrowmvp
1,Nick Chubb,4988,RB,11,1.7000000000000002,0,bench,8,2025,7,joeburrowmvp
1,Kyler Murray,5849,QB,11,0,0,bench,7,2025,0,joeburrowmvp
1,David Montgomery,5892,RB,11,4.7,0,bench,7,2025,8,joeburrowmvp
1,Jerry Jeudy,6783,WR,11,5.1,0,bench,6,2025,8.3,joeburrowmvp
1,Brandon Aiyuk,6803,WR,11,0,0,bench,6,2025,0,joeburrowmvp
1,Brian Robinson Jr.,8154,RB,11,2.4000000000000004,0,bench,4,2025,2.8,joeburrowmvp
1,Indianapolis Colts,IND,DST,11,0,0,bench,NA,2025,4,joeburrowmvp
6,Xavier Hutchinson,10218,WR,11,7.2,0,bench,3,2025,4.6,jzeigboi
6,Chris Rodriguez Jr.,10219,RB,11,9.5,0,bench,3,2025,1.4,jzeigboi
6,Blake Corum,11586,RB,11,1.5,0,bench,2,2025,3.8,jzeigboi
6,Adonai Mitchell,11625,WR,11,2,0,bench,2,2025,0,jzeigboi
6,Troy Franklin,11627,WR,11,12.4,0,bench,2,2025,12.2,jzeigboi
6,Jalen Royals,12505,WR,11,0,0,bench,1,2025,0,jzeigboi
6,Isaac TeSlaa,12535,WR,11,0,0,bench,1,2025,0,jzeigboi
6,Chimere Dike,12540,WR,11,3.4000000000000004,0,bench,1,2025,4.9,jzeigboi
6,Tony Pollard,5967,RB,11,5.6000000000000005,0,bench,7,2025,11,jzeigboi
6,Brock Wright,7891,TE,11,2.8,0,bench,5,2025,4.4,jzeigboi
6,Brenton Strange,9480,TE,11,0,0,bench,3,2025,0,jzeigboi
6,Tank Dell,9502,WR,11,0,0,bench,3,2025,0,jzeigboi
6,Keaton Mitchell,9511,RB,11,7.4,0,bench,3,2025,5.1,jzeigboi
3,Emanuel Wilson,11435,RB,11,11.9,0,bench,3,2025,3.1,lukestip
3,Jalen Coker,11646,WR,11,9.2,0,bench,2,2025,5.1,lukestip
3,Devin Neal,12476,RB,11,0,0,bench,1,2025,0,lukestip
3,Jack Bech,12483,WR,11,2.9000000000000004,0,bench,1,2025,2.1,lukestip
3,Matthew Golden,12501,WR,11,3.4000000000000004,0,bench,1,2025,5.8,lukestip
3,Joe Mixon,4018,RB,11,0,0,bench,9,2025,0,lukestip
3,Jake Elliott,4195,K,11,11,0,bench,9,2025,26,lukestip
3,Sam Darnold,4943,QB,11,8.26,0,bench,8,2025,17.1,lukestip
3,D.J. Moore,4983,WR,11,3.1,0,bench,8,2025,11,lukestip
3,Justice Hill,5995,RB,11,0,0,bench,7,2025,0,lukestip
3,Alec Pierce,8142,WR,11,0,0,bench,4,2025,0,lukestip
3,Sean Tucker,9506,RB,11,34,0,bench,3,2025,6.4,lukestip
3,Will Levis,9999,QB,11,0,0,bench,3,2025,0,lukestip
3,San Francisco 49ers,SF,DST,11,7,0,bench,NA,2025,15,lukestip
5,Bucky Irving,11584,RB,11,0,0,bench,2,2025,0,ngernenz
5,Marvin Harrison Jr.,11628,WR,11,0,0,bench,2,2025,0,ngernenz
5,Jayden Higgins,12484,WR,11,9.5,0,bench,1,2025,5,ngernenz
5,Tory Horton,12497,WR,11,0,0,bench,1,2025,0,ngernenz
5,Jalen Milroe,12510,QB,11,0,0,bench,1,2025,0,ngernenz
5,Elijah Arroyo,12521,TE,11,0,0,bench,1,2025,5.6,ngernenz
5,Geno Smith,1373,QB,11,13.92,0,bench,13,2025,13.3,ngernenz
5,Carson Wentz,3161,QB,11,0,0,bench,10,2025,0,ngernenz
5,David Njoku,4033,TE,11,1.7000000000000002,0,bench,9,2025,8.1,ngernenz
5,Davis Mills,7585,QB,11,16.36,0,bench,5,2025,14.3,ngernenz
5,Jalen Nailor,8180,WR,11,2.6,0,bench,4,2025,3.9,ngernenz
5,Tank Bigsby,9225,RB,11,3.4000000000000004,0,bench,3,2025,1.4,ngernenz
5,Josh Downs,9500,WR,11,0,0,bench,3,2025,0,ngernenz
8,Michael Wilson,10232,WR,11,33.5,0,bench,3,2025,9.7,obiwanginobiIi
8,Dalton Kincaid,10236,TE,11,0,0,bench,3,2025,0,obiwanginobiIi
8,Xavier Legette,11626,WR,11,18.3,0,bench,2,2025,5.3,obiwanginobiIi
8,Savion Williams,12482,WR,11,4.300000000000001,0,bench,1,2025,0,obiwanginobiIi
8,Isaiah Bond,12503,WR,11,0.8,0,bench,1,2025,0,obiwanginobiIi
8,Omarion Hampton,12507,RB,11,0,0,bench,1,2025,0,obiwanginobiIi
8,Jaxson Dart,12508,QB,11,0,0,bench,1,2025,0,obiwanginobiIi
8,Luther Burden,12519,WR,11,5.7,0,bench,1,2025,4.8,obiwanginobiIi
8,Jacory Croskey-Merritt,12533,RB,11,4.300000000000001,0,bench,1,2025,6.7,obiwanginobiIi
8,Kyle Williams,12547,WR,11,0,0,bench,1,2025,5.4,obiwanginobiIi
8,Jacoby Brissett,3257,QB,11,23.880000000000003,0,bench,10,2025,16.7,obiwanginobiIi
8,Chuba Hubbard,7594,RB,11,3.8,0,bench,5,2025,4.7,obiwanginobiIi
8,Calvin Austin III,8125,WR,11,1.5,0,bench,4,2025,7.5,obiwanginobiIi
8,Anthony Richardson,9229,QB,11,0,0,bench,3,2025,0,obiwanginobiIi
8,Luke Musgrave,9481,TE,11,-0.09999999999999998,0,bench,3,2025,8.3,obiwanginobiIi
8,Zach Charbonnet,9753,RB,11,6.7,0,bench,3,2025,9.7,obiwanginobiIi
9,Caleb Williams,11560,QB,12,21.66,19.097627450980394,starter,NA,2025,17.8,Arvs
9,Aaron Jones,4199,RB,12,8.7,1.588862745098039,starter,NA,2025,11.4,Arvs
9,Woody Marks,12474,RB,12,7.9,0.7888627450980401,starter,NA,2025,12.8,Arvs
9,Andrei Iosivas,10226,WR,12,10.6,-1.880421568627451,starter,NA,2025,8.1,Arvs
9,Rashid Shaheed,8676,WR,12,0.5,-11.98042156862745,starter,NA,2025,9.9,Arvs
9,Jake Ferguson,8110,TE,12,11.1,3.9888627450980394,starter,NA,2025,12.4,Arvs
9,Jaylen Warren,8228,RB,12,12.8,5.6888627450980405,starter,NA,2025,13.2,Arvs
9,Mark Andrews,5012,TE,12,2.1,-5.011137254901961,starter,NA,2025,9.1,Arvs
9,Ka'imi Fairbairn,3451,K,12,12,5.776960784313725,starter,NA,2025,19,Arvs
9,Seattle Seahawks,SEA,DST,12,4,-1.2823529411764705,starter,NA,2025,28,Arvs
7,Drake Maye,11564,QB,12,16.96,14.397627450980393,starter,NA,2025,21.1,ElatedBroncosFan
7,Christian McCaffrey,4034,RB,12,27.2,20.08886274509804,starter,NA,2025,22.8,ElatedBroncosFan
7,Bijan Robinson,9509,RB,12,14.7,7.588862745098039,starter,NA,2025,21.7,ElatedBroncosFan
7,Jaxon Smith-Njigba,9488,WR,12,37.1,24.619578431372553,starter,NA,2025,20.5,ElatedBroncosFan
7,Puka Nacua,9493,WR,12,16.7,4.219578431372549,starter,NA,2025,19.4,ElatedBroncosFan
7,Travis Kelce,1466,TE,12,8.4,3.4914705882352948,starter,NA,2025,14.2,ElatedBroncosFan
7,Rico Dowdle,7021,RB,12,11.4,4.28886274509804,starter,NA,2025,16,ElatedBroncosFan
7,Kyren Williams,8150,RB,12,5.8,-1.3111372549019604,starter,NA,2025,14.2,ElatedBroncosFan
7,Evan McPherson,7839,K,12,12,5.776960784313725,starter,NA,2025,22,ElatedBroncosFan
7,Baltimore Ravens,BAL,DST,12,12,6.7176470588235295,starter,NA,2025,7,ElatedBroncosFan
10,Kirk Cousins,1166,QB,12,15.46,12.897627450980393,starter,NA,2025,11.9,Gretsch0401
10,Quinshon Judkins,12512,RB,12,16.7,9.58886274509804,starter,NA,2025,11.7,Gretsch0401
10,Kenny Gainwell,7567,RB,12,18.2,11.08886274509804,starter,NA,2025,0,Gretsch0401
10,Chris Olave,8144,WR,12,16,8.88886274509804,starter,NA,2025,16.4,Gretsch0401
10,Davante Adams,2133,WR,12,23.2,16.08886274509804,starter,NA,2025,16.4,Gretsch0401
10,George Kittle,4217,TE,12,13.8,8.891470588235295,starter,NA,2025,14.9,Gretsch0401
10,Romeo Doubs,8121,WR,12,4.3,-2.8111372549019604,starter,NA,2025,13.6,Gretsch0401
10,Alvin Kamara,4035,RB,12,3.5,-3.61113725490196,starter,NA,2025,10.8,Gretsch0401
10,Brandon Aubrey,11533,K,12,6,-0.22303921568627505,starter,NA,2025,32,Gretsch0401
10,Philadelphia Eagles,PHI,DST,12,7,1.7176470588235295,starter,NA,2025,16,Gretsch0401
2,Brock Purdy,8183,QB,12,10.32,3.20886274509804,starter,NA,2025,17.4,SFOControl
2,Bam Knight,8122,RB,12,13.2,4.257568627450979,starter,NA,2025,8.8,SFOControl
2,Devin Singletary,6130,RB,12,4.7,-4.24243137254902,starter,NA,2025,5.7,SFOControl
2,Hollywood Brown,5848,WR,12,2,-10.48042156862745,starter,NA,2025,7.7,SFOControl
2,CeeDee Lamb,6786,WR,12,11.5,-0.9804215686274508,starter,NA,2025,16.6,SFOControl
2,Juwan Johnson,7002,TE,12,10.6,-0.6273823529411757,starter,NA,2025,10,SFOControl
2,Isaiah Likely,8131,TE,12,2,-9.227382352941175,starter,NA,2025,5,SFOControl
2,Patrick Mahomes,4046,QB,12,18.08,10.968862745098038,starter,NA,2025,20.5,SFOControl
2,Daniel Carlson,5095,K,12,4,-2.223039215686275,starter,NA,2025,8,SFOControl
2,Buffalo Bills,BUF,DST,12,6,0.7176470588235295,starter,NA,2025,21,SFOControl
12,Baker Mayfield,4892,QB,12,5.54,2.977627450980392,starter,NA,2025,16.8,TheJandyStock
12,Saquon Barkley,4866,RB,12,12.4,5.28886274509804,starter,NA,2025,15.7,TheJandyStock
12,Derrick Henry,3198,RB,12,22.8,15.68886274509804,starter,NA,2025,13.5,TheJandyStock
12,Rashee Rice,10229,WR,12,24.1,16.98886274509804,starter,NA,2025,18.3,TheJandyStock
12,George Pickens,8137,WR,12,29.6,22.48886274509804,starter,NA,2025,16.8,TheJandyStock
12,Harold Fannin,12506,TE,12,8.4,3.4914705882352948,starter,NA,2025,10.9,TheJandyStock
12,TreVeyon Henderson,12529,RB,12,11.1,3.9888627450980394,starter,NA,2025,14.4,TheJandyStock
12,Stefon Diggs,2449,WR,12,4,-3.11113725490196,starter,NA,2025,15.2,TheJandyStock
12,Harrison Butker,4227,K,12,16,9.776960784313726,starter,NA,2025,9,TheJandyStock
12,Cleveland Browns,CLE,DST,12,18,12.71764705882353,starter,NA,2025,17,TheJandyStock
11,Lamar Jackson,4881,QB,12,7.22,0.1088627450980395,starter,NA,2025,20.3,akondratieff
11,Ty Johnson,6039,RB,12,8.2,-0.7424313725490208,starter,NA,2025,4.6,akondratieff
11,Breece Hall,8155,RB,12,13.9,4.95756862745098,starter,NA,2025,14.6,akondratieff
11,Jauan Jennings,7049,WR,12,15.1,3.872617647058824,starter,NA,2025,11.6,akondratieff
11,Michael Pittman Jr.,6819,WR,12,13.7,2.472617647058824,starter,NA,2025,12.9,akondratieff
11,Hunter Henry,3214,TE,12,24.5,19.591470588235296,starter,NA,2025,10.3,akondratieff
11,Jameson Williams,8148,WR,12,0,-11.227382352941175,starter,NA,2025,13.7,akondratieff
11,Joe Flacco,19,QB,12,10.62,3.508862745098039,starter,NA,2025,15.1,akondratieff
11,Cairo Santos,2020,K,12,8,1.776960784313725,starter,NA,2025,14,akondratieff
11,Los Angeles Rams,LAR,DST,12,18,12.71764705882353,starter,NA,2025,22,akondratieff
4,Matthew Stafford,421,QB,12,22.92,15.80886274509804,starter,NA,2025,20.1,caskinner
4,Chase Brown,9224,RB,12,15,3.7726176470588246,starter,NA,2025,15.7,caskinner
4,James Cook,8138,RB,12,21.9,10.672617647058823,starter,NA,2025,17.4,caskinner
4,Amon-Ra St. Brown,7547,WR,12,29.9,17.41957843137255,starter,NA,2025,19.3,caskinner
4,Tetairoa McMillan,12526,WR,12,11.5,-0.9804215686274508,starter,NA,2025,13.5,caskinner
4,Trey McBride,8130,TE,12,16.9,11.991470588235291,starter,NA,2025,19.5,caskinner
4,Jonathan Taylor,6813,RB,12,8.6,-2.6273823529411757,starter,NA,2025,23.5,caskinner
4,Daniel Jones,5870,QB,12,16.84,9.72886274509804,starter,NA,2025,19.1,caskinner
4,Cam Little,11786,K,12,13,6.776960784313725,starter,NA,2025,21,caskinner
4,Atlanta Falcons,ATL,DST,12,16,10.71764705882353,starter,NA,2025,11,caskinner
1,Jared Goff,3163,QB,12,18.16,11.04886274509804,starter,NA,2025,17.7,joeburrowmvp
1,David Montgomery,5892,RB,12,6.7,-2.24243137254902,starter,NA,2025,9.1,joeburrowmvp
1,Ashton Jeanty,12527,RB,12,24.8,15.85756862745098,starter,NA,2025,14.3,joeburrowmvp
1,DeVonta Smith,7525,WR,12,14.9,2.4195784313725497,starter,NA,2025,14.1,joeburrowmvp
1,Nico Collins,7569,WR,12,8.5,-3.9804215686274502,starter,NA,2025,16.6,joeburrowmvp
1,Kyle Pitts,7553,TE,12,4.5,-6.727382352941175,starter,NA,2025,12,joeburrowmvp
1,Tyler Warren,12518,TE,12,9.5,-1.7273823529411754,starter,NA,2025,12.6,joeburrowmvp
1,Tyrod Taylor,827,QB,12,13.78,6.668862745098039,starter,NA,2025,14.4,joeburrowmvp
1,Matt Prater,17,K,12,7,0.776960784313725,starter,NA,2025,0,joeburrowmvp
1,Houston Texans,HOU,DST,12,16,10.71764705882353,starter,NA,2025,23,joeburrowmvp
6,Josh Allen,4984,QB,12,10.12,3.008862745098039,starter,NA,2025,22.6,jzeigboi
6,Jahmyr Gibbs,9221,RB,12,55.4,46.45756862745098,starter,NA,2025,19.6,jzeigboi
6,D'Andre Swift,6790,RB,12,1.9,-7.04243137254902,starter,NA,2025,13.4,jzeigboi
6,Rome Odunze,11620,WR,12,8.3,-2.9273823529411747,starter,NA,2025,14.9,jzeigboi
6,Zay Flowers,9997,WR,12,11.9,0.672617647058825,starter,NA,2025,12.8,jzeigboi
6,Brenton Strange,9480,TE,12,14.3,9.391470588235295,starter,NA,2025,9.1,jzeigboi
6,Tee Higgins,6801,WR,12,8.1,-3.1273823529411757,starter,NA,2025,16,jzeigboi
6,Jalen Hurts,6904,QB,12,30.86,23.748862745098037,starter,NA,2025,20.7,jzeigboi
6,Chase McLaughlin,6650,K,12,1,-5.223039215686275,starter,NA,2025,30,jzeigboi
6,Las Vegas Raiders,LV,DST,12,6,0.7176470588235295,starter,NA,2025,14,jzeigboi
3,Dak Prescott,3294,QB,12,28.06,20.94886274509804,starter,NA,2025,17.1,lukestip
3,Javonte Williams,7588,RB,12,12.1,0.8726176470588243,starter,NA,2025,14.4,lukestip
3,Kenneth Walker III,8151,RB,12,13.1,1.8726176470588245,starter,NA,2025,13.2,lukestip
3,Justin Jefferson,6794,WR,12,8.8,-3.68042156862745,starter,NA,2025,14.4,lukestip
3,Alec Pierce,8142,WR,12,3.6,-8.880421568627451,starter,NA,2025,10.2,lukestip
3,Brock Bowers,11604,TE,12,11.5,6.591470588235294,starter,NA,2025,16,lukestip
3,Tyrone Tracy Jr.,11655,RB,12,16,4.772617647058825,starter,NA,2025,11.9,lukestip
3,Sam Darnold,4943,QB,12,17.66,10.54886274509804,starter,NA,2025,17,lukestip
3,Chad Ryland,10955,K,12,5,-1.223039215686275,starter,NA,2025,3,lukestip
3,New England Patriots,NE,DST,12,10,4.7176470588235295,starter,NA,2025,29,lukestip
5,Trevor Lawrence,7523,QB,12,20.14,13.02886274509804,starter,NA,2025,15.9,ngernenz
5,Travis Etienne,7543,RB,12,20.6,11.65756862745098,starter,NA,2025,13.1,ngernenz
5,Michael Carter,7607,RB,12,8.8,-0.1424313725490194,starter,NA,2025,3.6,ngernenz
5,Emeka Egbuka,12514,WR,12,6.2,-5.027382352941175,starter,NA,2025,16,ngernenz
5,Jayden Higgins,12484,WR,12,13.8,2.5726176470588253,starter,NA,2025,7.1,ngernenz
5,David Njoku,4033,TE,12,0,-4.908529411764706,starter,NA,2025,7.2,ngernenz
5,Josh Downs,9500,WR,12,3,-8.227382352941175,starter,NA,2025,8,ngernenz
5,J.J. McCarthy,11565,QB,12,2.48,-4.63113725490196,starter,NA,2025,15,ngernenz
5,Tyler Loop,12711,K,12,11,4.776960784313725,starter,NA,2025,17,ngernenz
5,Jacksonville Jaguars,JAX,DST,12,8,2.7176470588235295,starter,NA,2025,19,ngernenz
8,Jacoby Brissett,3257,QB,12,18.68,11.56886274509804,starter,NA,2025,18.6,obiwanginobiIi
8,Zach Charbonnet,9753,RB,12,9.5,0.5575686274509799,starter,NA,2025,7.5,obiwanginobiIi
8,Tyler Allgeier,8132,RB,12,5.9,-3.0424313725490197,starter,NA,2025,6.7,obiwanginobiIi
8,Michael Wilson,10232,WR,12,21.8,10.572617647058824,starter,NA,2025,13,obiwanginobiIi
8,Darnell Mooney,7090,WR,12,16.4,5.172617647058823,starter,NA,2025,7.8,obiwanginobiIi
8,T.J. Hockenson,5844,TE,12,5.9,0.9914705882352948,starter,NA,2025,4.9,obiwanginobiIi
8,Jordan Addison,9756,WR,12,0,-11.227382352941175,starter,NA,2025,9.4,obiwanginobiIi
8,Jameis Winston,2306,QB,12,33.24,26.12886274509804,starter,NA,2025,15.5,obiwanginobiIi
8,Jake Bates,11539,K,12,12,5.776960784313725,starter,NA,2025,28,obiwanginobiIi
9,Michael Penix Jr.,11559,QB,12,0,0,bench,2,2025,0,Arvs
9,Theo Johnson,11597,TE,12,10.7,0,bench,2,2025,9.8,Arvs
9,Xavier Worthy,11624,WR,12,9.9,0,bench,2,2025,8.6,Arvs
9,Malik Nabers,11632,WR,12,0,0,bench,2,2025,0,Arvs
9,Cam Skattebo,12481,RB,12,0,0,bench,1,2025,0,Arvs
9,Dillon Gabriel,12486,QB,12,0,0,bench,1,2025,0,Arvs
9,Cameron Ward,12522,QB,12,23.94,0,bench,1,2025,10.5,Arvs
9,Kyle Monangai,12534,RB,12,10.8,0,bench,1,2025,7.1,Arvs
9,Chris Godwin,4037,WR,12,0,0,bench,9,2025,6,Arvs
9,Dallas Goedert,5022,TE,12,4,0,bench,8,2025,12.5,Arvs
9,Garrett Wilson,8146,WR,12,0,0,bench,4,2025,0,Arvs
9,Jordan Mason,8408,RB,12,4.2,0,bench,4,2025,6,Arvs
7,AJ Barner,11603,TE,12,3.8,0,bench,2,2025,10,ElatedBroncosFan
7,Jalen McMillan,11618,WR,12,0,0,bench,2,2025,0,ElatedBroncosFan
7,Keon Coleman,11637,WR,12,0,0,bench,2,2025,3.4,ElatedBroncosFan
7,Jaydon Blue,12457,RB,12,0,0,bench,1,2025,0,ElatedBroncosFan
7,Pat Bryant,12492,WR,12,0,0,bench,1,2025,0,ElatedBroncosFan
7,Oronde Gadsden,12493,TE,12,0,0,bench,1,2025,0,ElatedBroncosFan
7,Mason Taylor,12498,TE,12,5.1,0,bench,1,2025,7.5,ElatedBroncosFan
7,Geno Smith,1373,QB,12,13.2,0,bench,13,2025,13.5,ElatedBroncosFan
7,DK Metcalf,5846,WR,12,14.4,0,bench,7,2025,14.2,ElatedBroncosFan
7,A.J. Brown,5859,WR,12,25,0,bench,7,2025,12.7,ElatedBroncosFan
7,Justin Herbert,6797,QB,12,0,0,bench,6,2025,0,ElatedBroncosFan
7,Parker Washington,9487,WR,12,18.1,0,bench,3,2025,12.3,ElatedBroncosFan
7,Kayshon Boutte,9504,WR,12,3.5,0,bench,3,2025,0,ElatedBroncosFan
7,Kendre Miller,9757,RB,12,0,0,bench,3,2025,0,ElatedBroncosFan
7,New Orleans Saints,NO,DST,12,12,0,bench,NA,2025,27,ElatedBroncosFan
10,Jayden Daniels,11566,QB,12,0,0,bench,2,2025,0,Gretsch0401
10,Elic Ayomanor,12499,WR,12,0,0,bench,1,2025,0,Gretsch0401
10,Marcus Mariota,2307,QB,12,0,0,bench,11,2025,0,Gretsch0401
10,Jason Myers,2747,K,12,13,0,bench,11,2025,31,Gretsch0401
10,Tyreek Hill,3321,WR,12,0,0,bench,10,2025,0,Gretsch0401
10,Jakobi Meyers,5947,WR,12,15,0,bench,7,2025,12.6,Gretsch0401
10,Justin Fields,7591,QB,12,0,0,bench,5,2025,0,Gretsch0401
10,Christian Watson,8167,WR,12,9.9,0,bench,4,2025,12.4,Gretsch0401
10,Isiah Pacheco,8205,RB,12,0,0,bench,4,2025,0,Gretsch0401
10,C.J. Stroud,9758,QB,12,0,0,bench,3,2025,0,Gretsch0401
10,Kansas City Chiefs,KC,DST,12,1,0,bench,NA,2025,3,Gretsch0401
2,Mike Evans,2216,WR,12,0,0,bench,12,2025,0,SFOControl
2,Jeremy McNichols,4219,RB,12,0,0,bench,9,2025,0,SFOControl
2,Austin Ekeler,4663,RB,12,0,0,bench,9,2025,0,SFOControl
2,Eddy Pineiro,5189,K,12,0,0,bench,8,2025,27,SFOControl
2,Deebo Samuel Sr.,5872,WR,12,0,0,bench,7,2025,0,SFOControl
2,Darius Slayton,6149,WR,12,3.3000000000000003,0,bench,7,2025,0,SFOControl
2,J.K. Dobbins,6806,RB,12,0,0,bench,6,2025,0,SFOControl
2,Tyler Bass,7042,K,12,0,0,bench,6,2025,0,SFOControl
2,Drake London,8112,WR,12,0,0,bench,4,2025,0,SFOControl
2,Jake Tonges,8698,TE,12,0,0,bench,4,2025,2.2,SFOControl
2,De'Von Achane,9226,RB,12,0,0,bench,3,2025,0,SFOControl
2,Detroit Lions,DET,DST,12,4,0,bench,NA,2025,31,SFOControl
12,Sam LaPorta,10859,TE,12,0,0,bench,3,2025,0,TheJandyStock
12,Jonathon Brooks,11583,RB,12,0,0,bench,2,2025,0,TheJandyStock
12,Russell Wilson,1234,QB,12,0,0,bench,14,2025,0,TheJandyStock
12,Brashard Smith,12455,RB,12,6.6,0,bench,1,2025,4.6,TheJandyStock
12,Jaylin Noel,12536,WR,12,1.9,0,bench,1,2025,2.8,TheJandyStock
12,Tyler Shough,12545,QB,12,8.920000000000002,0,bench,1,2025,13.5,TheJandyStock
12,Adam Thielen,1689,WR,12,0,0,bench,13,2025,0,TheJandyStock
12,Chris Boswell,1945,K,12,4,0,bench,12,2025,29,TheJandyStock
12,Calvin Ridley,4981,WR,12,0,0,bench,8,2025,0,TheJandyStock
12,Josh Jacobs,5850,RB,12,0,0,bench,7,2025,0,TheJandyStock
12,Jordan Love,6804,QB,12,7.0600000000000005,0,bench,6,2025,15.8,TheJandyStock
12,Pat Freiermuth,7600,TE,12,10.9,0,bench,5,2025,5.6,TheJandyStock
12,Wan'Dale Robinson,8126,WR,12,29.6,0,bench,4,2025,12.4,TheJandyStock
12,Pittsburgh Steelers,PIT,DST,12,6,0,bench,NA,2025,30,TheJandyStock
11,Tre Tucker,10213,WR,12,5.800000000000001,0,bench,3,2025,8.6,akondratieff
11,Brian Thomas Jr.,11631,WR,12,0,0,bench,2,2025,0,akondratieff
11,Bhayshul Tuten,12490,RB,12,1.7000000000000002,0,bench,1,2025,6.8,akondratieff
11,Travis Hunter,12530,WR,12,0,0,bench,1,2025,0,akondratieff
11,Tyler Lockett,2374,WR,12,10.2,0,bench,11,2025,7.4,akondratieff
11,James Conner,4137,RB,12,0,0,bench,9,2025,0,akondratieff
11,Jaylen Waddle,7526,WR,12,0,0,bench,5,2025,0,akondratieff
11,Rhamondre Stevenson,7611,RB,12,2,0,bench,5,2025,8.3,akondratieff
11,Tucker Kraft,9484,TE,12,0,0,bench,3,2025,0,akondratieff
11,DeMario Douglas,9501,WR,12,6.1000000000000005,0,bench,3,2025,4.8,akondratieff
11,Green Bay Packers,GB,DST,12,16,0,bench,NA,2025,20,akondratieff
4,Isaiah Davis,11571,RB,12,0.7000000000000001,0,bench,2,2025,5.8,caskinner
4,MarShawn Lloyd,11581,RB,12,0,0,bench,2,2025,0,caskinner
4,Trey Benson,11589,RB,12,0,0,bench,2,2025,0,caskinner
4,Ricky Pearsall,11638,WR,12,2.8000000000000003,0,bench,2,2025,8.2,caskinner
4,DJ Giddens,12471,RB,12,0,0,bench,1,2025,0,caskinner
4,Ollie Gordon,12495,RB,12,0,0,bench,1,2025,0,caskinner
4,Kaleb Johnson,12504,RB,12,0,0,bench,1,2025,0.6,caskinner
4,Dalton Schultz,5001,TE,12,1.8,0,bench,8,2025,9.8,caskinner
4,Courtland Sutton,5045,WR,12,0,0,bench,8,2025,0,caskinner
4,Terry McLaurin,5927,WR,12,0,0,bench,7,2025,0,caskinner
4,Joe Burrow,6770,QB,12,0,0,bench,6,2025,0,caskinner
4,Mac Jones,7527,QB,12,0,0,bench,5,2025,0,caskinner
4,Bryce Young,9228,QB,12,10.26,0,bench,3,2025,13.5,caskinner
4,Tyjae Spears,9508,RB,12,6.5,0,bench,3,2025,11,caskinner
4,Quentin Johnston,9754,WR,12,0,0,bench,3,2025,0,caskinner
1,Jayden Reed,10222,WR,12,0,0,bench,3,2025,0,joeburrowmvp
1,Quinn Ewers,12500,QB,12,0,0,bench,1,2025,0,joeburrowmvp
1,Shedeur Sanders,12524,QB,12,11.26,0,bench,1,2025,11.4,joeburrowmvp
1,Tahj Brooks,12543,RB,12,0.5,0,bench,1,2025,0,joeburrowmvp
1,Cooper Kupp,4039,WR,12,4.4,0,bench,9,2025,4.9,joeburrowmvp
1,Kareem Hunt,4098,RB,12,20,0,bench,9,2025,8.9,joeburrowmvp
1,Mack Hollins,4177,WR,12,5,0,bench,9,2025,8.4,joeburrowmvp
1,Nick Chubb,4988,RB,12,2.5,0,bench,8,2025,2.4,joeburrowmvp
1,Kyler Murray,5849,QB,12,0,0,bench,7,2025,0,joeburrowmvp
1,Jerry Jeudy,6783,WR,12,2.9000000000000004,0,bench,6,2025,8.2,joeburrowmvp
1,Brandon Aiyuk,6803,WR,12,0,0,bench,6,2025,0,joeburrowmvp
1,Ja'Marr Chase,7564,WR,12,0,0,bench,5,2025,0,joeburrowmvp
1,Brian Robinson Jr.,8154,RB,12,5.4,0,bench,4,2025,3,joeburrowmvp
1,Aaron Rodgers,96,QB,12,0,0,bench,21,2025,0,joeburrowmvp
1,Indianapolis Colts,IND,DST,12,9,0,bench,NA,2025,4,joeburrowmvp
6,Xavier Hutchinson,10218,WR,12,0.9,0,bench,3,2025,4.8,jzeigboi
6,Chris Rodriguez Jr.,10219,RB,12,0,0,bench,3,2025,0,jzeigboi
6,Blake Corum,11586,RB,12,2.4000000000000004,0,bench,2,2025,3.4,jzeigboi
6,Adonai Mitchell,11625,WR,12,6.2,0,bench,2,2025,7.5,jzeigboi
6,Troy Franklin,11627,WR,12,0,0,bench,2,2025,0,jzeigboi
6,Jalen Royals,12505,WR,12,0,0,bench,1,2025,0,jzeigboi
6,Colston Loveland,12517,TE,12,14.9,0,bench,1,2025,6.6,jzeigboi
6,Isaac TeSlaa,12535,WR,12,0,0,bench,1,2025,0,jzeigboi
6,Chimere Dike,12540,WR,12,21.4,0,bench,1,2025,8.6,jzeigboi
6,Keenan Allen,1479,WR,12,0,0,bench,13,2025,0,jzeigboi
6,Tony Pollard,5967,RB,12,8.1,0,bench,7,2025,9.2,jzeigboi
6,Najee Harris,7528,RB,12,0,0,bench,5,2025,0,jzeigboi
6,Khalil Shakir,8134,WR,12,17,0,bench,4,2025,12.6,jzeigboi
6,Cameron Dicker,8259,K,12,0,0,bench,4,2025,25,jzeigboi
6,Tank Dell,9502,WR,12,0,0,bench,3,2025,0,jzeigboi
6,Los Angeles Chargers,LAC,DST,12,0,0,bench,NA,2025,24,jzeigboi
3,Emanuel Wilson,11435,RB,12,26.500000000000004,0,bench,3,2025,12,lukestip
3,Jalen Coker,11646,WR,12,6.2,0,bench,2,2025,5.5,lukestip
3,Devin Neal,12476,RB,12,11.1,0,bench,1,2025,3.5,lukestip
3,Jack Bech,12483,WR,12,0,0,bench,1,2025,2.4,lukestip
3,Matthew Golden,12501,WR,12,0,0,bench,1,2025,3.8,lukestip
3,Joe Mixon,4018,RB,12,0,0,bench,9,2025,0,lukestip
3,Jake Elliott,4195,K,12,2,0,bench,9,2025,26,lukestip
3,D.J. Moore,4983,WR,12,23.4,0,bench,8,2025,10.3,lukestip
3,Justice Hill,5995,RB,12,0,0,bench,7,2025,0,lukestip
3,Tua Tagovailoa,6768,QB,12,0,0,bench,6,2025,0,lukestip
3,Sean Tucker,9506,RB,12,5.6000000000000005,0,bench,3,2025,9.3,lukestip
3,Will Levis,9999,QB,12,0,0,bench,3,2025,0,lukestip
3,San Francisco 49ers,SF,DST,12,10,0,bench,NA,2025,15,lukestip
5,Jaleel McLaughlin,11439,RB,12,0,0,bench,3,2025,0,ngernenz
5,Bucky Irving,11584,RB,12,0,0,bench,2,2025,0,ngernenz
5,Marvin Harrison Jr.,11628,WR,12,0,0,bench,2,2025,0,ngernenz
5,Ladd McConkey,11635,WR,12,0,0,bench,2,2025,0,ngernenz
5,Kimani Vidal,11647,RB,12,0,0,bench,2,2025,0,ngernenz
5,Tez Johnson,12485,WR,12,12.3,0,bench,1,2025,10.2,ngernenz
5,Tory Horton,12497,WR,12,0,0,bench,1,2025,0,ngernenz
5,Gunnar Helm,12502,TE,12,11.1,0,bench,1,2025,4.4,ngernenz
5,Jalen Milroe,12510,QB,12,0,0,bench,1,2025,0,ngernenz
5,Elijah Arroyo,12521,TE,12,1.5,0,bench,1,2025,3,ngernenz
5,Zach Ertz,1339,TE,12,0,0,bench,13,2025,0,ngernenz
5,Carson Wentz,3161,QB,12,0,0,bench,10,2025,0,ngernenz
5,Noah Fant,5857,TE,12,1.9,0,bench,7,2025,6.6,ngernenz
5,Davis Mills,7585,QB,12,14.52,0,bench,5,2025,15.7,ngernenz
8,Dalton Kincaid,10236,TE,12,0,0,bench,3,2025,0,obiwanginobiIi
8,Cedric Tillman,10444,WR,12,1.5,0,bench,3,2025,7.8,obiwanginobiIi
8,Bo Nix,11563,QB,12,0,0,bench,2,2025,0,obiwanginobiIi
8,Malik Washington,11610,WR,12,0,0,bench,2,2025,0,obiwanginobiIi
8,Xavier Legette,11626,WR,12,5.2,0,bench,2,2025,7,obiwanginobiIi
8,Savion Williams,12482,WR,12,0,0,bench,1,2025,0,obiwanginobiIi
8,RJ Harvey,12489,RB,12,0,0,bench,1,2025,0,obiwanginobiIi
8,Isaiah Bond,12503,WR,12,7.800000000000001,0,bench,1,2025,0,obiwanginobiIi
8,Omarion Hampton,12507,RB,12,0,0,bench,1,2025,0,obiwanginobiIi
8,Jaxson Dart,12508,QB,12,0,0,bench,1,2025,0,obiwanginobiIi
8,Luther Burden,12519,WR,12,9.1,0,bench,1,2025,5.1,obiwanginobiIi
8,Jacory Croskey-Merritt,12533,RB,12,0,0,bench,1,2025,0,obiwanginobiIi
8,Chuba Hubbard,7594,RB,12,8.3,0,bench,5,2025,4.1,obiwanginobiIi
8,Rachaad White,8136,RB,12,5.200000000000001,0,bench,4,2025,9.2,obiwanginobiIi
8,Anthony Richardson,9229,QB,12,0,0,bench,3,2025,0,obiwanginobiIi
8,Denver Broncos,DEN,DST,12,0,0,bench,NA,2025,32,obiwanginobiIi
9,Caleb Williams,11560,QB,13,10.46,0.7845294117647068,starter,NA,2025,17.7,Arvs
9,Woody Marks,12474,RB,13,7.7,-0.2607156862745095,starter,NA,2025,12.5,Arvs
9,Jaylen Warren,8228,RB,13,12.4,4.439284313725491,starter,NA,2025,13.6,Arvs
9,Xavier Worthy,11624,WR,13,11.4,3.0029117647058836,starter,NA,2025,8.5,Arvs
9,Andrei Iosivas,10226,WR,13,9.9,1.5029117647058836,starter,NA,2025,9.7,Arvs
9,Mark Andrews,5012,TE,13,8.7,3.20813725490196,starter,NA,2025,10,Arvs
9,Kyle Monangai,12534,RB,13,19,11.03928431372549,starter,NA,2025,9.1,Arvs
9,Cameron Ward,12522,QB,13,6.34,-3.335470588235294,starter,NA,2025,13.1,Arvs
9,Ka'imi Fairbairn,3451,K,13,9,2.0769607843137257,starter,NA,2025,19,Arvs
9,Seattle Seahawks,SEA,DST,13,32,25.550980392156863,starter,NA,2025,28,Arvs
7,Drake Maye,11564,QB,13,20.48,10.804529411764706,starter,NA,2025,21.3,ElatedBroncosFan
7,Christian McCaffrey,4034,RB,13,17.4,7.378401960784313,starter,NA,2025,20.5,ElatedBroncosFan
7,Bijan Robinson,9509,RB,13,30.3,20.278401960784315,starter,NA,2025,21,ElatedBroncosFan
7,Jaxon Smith-Njigba,9488,WR,13,4.3,-3.66071568627451,starter,NA,2025,21.3,ElatedBroncosFan
7,Puka Nacua,9493,WR,13,13.2,5.23928431372549,starter,NA,2025,18.8,ElatedBroncosFan
7,Travis Kelce,1466,TE,13,15.5,10.00813725490196,starter,NA,2025,14.3,ElatedBroncosFan
7,A.J. Brown,5859,WR,13,35.2,27.23928431372549,starter,NA,2025,14.1,ElatedBroncosFan
7,Justin Herbert,6797,QB,13,13.84,4.164529411764706,starter,NA,2025,19.9,ElatedBroncosFan
7,Evan McPherson,7839,K,13,24,17.076960784313727,starter,NA,2025,22,ElatedBroncosFan
7,Baltimore Ravens,BAL,DST,13,3,-3.4490196078431374,starter,NA,2025,7,ElatedBroncosFan
10,Marcus Mariota,2307,QB,13,24.26,14.584529411764708,starter,NA,2025,15.3,Gretsch0401
10,Quinshon Judkins,12512,RB,13,15.9,5.8784019607843145,starter,NA,2025,12,Gretsch0401
10,Kenny Gainwell,7567,RB,13,6.5,-3.521598039215686,starter,NA,2025,0,Gretsch0401
10,Chris Olave,8144,WR,13,14.7,6.73928431372549,starter,NA,2025,16.5,Gretsch0401
10,Davante Adams,2133,WR,13,21.8,13.839284313725493,starter,NA,2025,17.7,Gretsch0401
10,George Kittle,4217,TE,13,10.7,5.20813725490196,starter,NA,2025,14.8,Gretsch0401
10,Christian Watson,8167,WR,13,18.3,10.339284313725493,starter,NA,2025,12.3,Gretsch0401
10,C.J. Stroud,9758,QB,13,10.04,0.3645294117647051,starter,NA,2025,15.5,Gretsch0401
10,Brandon Aubrey,11533,K,13,12,5.076960784313726,starter,NA,2025,32,Gretsch0401
10,Philadelphia Eagles,PHI,DST,13,4,-2.4490196078431374,starter,NA,2025,16,Gretsch0401
2,Brock Purdy,8183,QB,13,17.12,7.444529411764707,starter,NA,2025,14.5,SFOControl
2,De'Von Achane,9226,RB,13,19.4,9.378401960784313,starter,NA,2025,22.4,SFOControl
2,Bam Knight,8122,RB,13,16.8,6.778401960784315,starter,NA,2025,10.1,SFOControl
2,CeeDee Lamb,6786,WR,13,24.2,15.802911764705884,starter,NA,2025,17.3,SFOControl
2,Deebo Samuel Sr.,5872,WR,13,11.1,2.702911764705883,starter,NA,2025,12.5,SFOControl
2,Juwan Johnson,7002,TE,13,8.9,0.9392843137254908,starter,NA,2025,9.8,SFOControl
2,Isaiah Likely,8131,TE,13,12.5,4.53928431372549,starter,NA,2025,6.5,SFOControl
2,Patrick Mahomes,4046,QB,13,29.44,19.764529411764705,starter,NA,2025,20.9,SFOControl
2,Daniel Carlson,5095,K,13,2,-4.923039215686274,starter,NA,2025,8,SFOControl
2,Buffalo Bills,BUF,DST,13,16,9.550980392156864,starter,NA,2025,21,SFOControl
12,Baker Mayfield,4892,QB,13,14.46,7.1971274509803935,starter,NA,2025,16.1,TheJandyStock
12,Saquon Barkley,4866,RB,13,5.6,-4.075470588235294,starter,NA,2025,15.2,TheJandyStock
12,Derrick Henry,3198,RB,13,17.4,7.724529411764704,starter,NA,2025,16.7,TheJandyStock
12,Rashee Rice,10229,WR,13,29.4,19.724529411764703,starter,NA,2025,19.9,TheJandyStock
12,George Pickens,8137,WR,13,16.8,7.124529411764707,starter,NA,2025,16.3,TheJandyStock
12,Harold Fannin,12506,TE,13,11.3,5.808137254901961,starter,NA,2025,10.8,TheJandyStock
12,TreVeyon Henderson,12529,RB,13,11.6,1.9245294117647056,starter,NA,2025,13.5,TheJandyStock
12,Stefon Diggs,2449,WR,13,5.6,-4.075470588235294,starter,NA,2025,13.4,TheJandyStock
12,Harrison Butker,4227,K,13,4,-2.9230392156862743,starter,NA,2025,9,TheJandyStock
12,Pittsburgh Steelers,PIT,DST,13,7,0.5509803921568626,starter,NA,2025,30,TheJandyStock
11,Lamar Jackson,4881,QB,13,7.54,0.2771274509803927,starter,NA,2025,18,akondratieff
11,Rhamondre Stevenson,7611,RB,13,11,0.9784019607843142,starter,NA,2025,9.6,akondratieff
11,Breece Hall,8155,RB,13,15.6,5.578401960784314,starter,NA,2025,15.2,akondratieff
11,Jauan Jennings,7049,WR,13,13.9,4.224529411764706,starter,NA,2025,10.8,akondratieff
11,Michael Pittman Jr.,6819,WR,13,2.3,-7.375470588235294,starter,NA,2025,14.3,akondratieff
11,Hunter Henry,3214,TE,13,11.3,5.808137254901961,starter,NA,2025,10.5,akondratieff
11,Jameson Williams,8148,WR,13,26.9,17.224529411764706,starter,NA,2025,12.6,akondratieff
11,Jaylen Waddle,7526,WR,13,7,-2.675470588235294,starter,NA,2025,13.7,akondratieff
11,Cairo Santos,2020,K,13,6,-0.9230392156862745,starter,NA,2025,14,akondratieff
11,Los Angeles Rams,LAR,DST,13,2,-4.449019607843137,starter,NA,2025,22,akondratieff
4,Joe Burrow,6770,QB,13,19.24,9.564529411764704,starter,NA,2025,18.6,caskinner
4,Chase Brown,9224,RB,13,18.3,10.339284313725493,starter,NA,2025,16.7,caskinner
4,James Cook,8138,RB,13,18.7,10.73928431372549,starter,NA,2025,17.8,caskinner
4,Amon-Ra St. Brown,7547,WR,13,0,-8.397088235294117,starter,NA,2025,21,caskinner
4,Tetairoa McMillan,12526,WR,13,11.3,2.902911764705884,starter,NA,2025,13.4,caskinner
4,Trey McBride,8130,TE,13,22.2,16.70813725490196,starter,NA,2025,19.4,caskinner
4,Jonathan Taylor,6813,RB,13,15.1,7.13928431372549,starter,NA,2025,20.4,caskinner
4,Matthew Stafford,421,QB,13,13.62,3.944529411764705,starter,NA,2025,20.4,caskinner
4,Cam Little,11786,K,13,6,-0.9230392156862745,starter,NA,2025,21,caskinner
4,Atlanta Falcons,ATL,DST,13,2,-4.449019607843137,starter,NA,2025,11,caskinner
1,Jared Goff,3163,QB,13,20.64,10.964529411764708,starter,NA,2025,17.6,joeburrowmvp
1,Kareem Hunt,4098,RB,13,9,-1.0215980392156858,starter,NA,2025,8.5,joeburrowmvp
1,Ashton Jeanty,12527,RB,13,12.1,2.078401960784314,starter,NA,2025,16.4,joeburrowmvp
1,DeVonta Smith,7525,WR,13,9.8,1.839284313725491,starter,NA,2025,13.9,joeburrowmvp
1,Nico Collins,7569,WR,13,21.5,13.53928431372549,starter,NA,2025,16.5,joeburrowmvp
1,Tyler Warren,12518,TE,13,11.2,5.70813725490196,starter,NA,2025,12.3,joeburrowmvp
1,Ja'Marr Chase,7564,WR,13,18,10.03928431372549,starter,NA,2025,20.7,joeburrowmvp
1,Tyrod Taylor,827,QB,13,21.28,11.604529411764709,starter,NA,2025,14,joeburrowmvp
1,Matt Prater,17,K,13,7,0.07696078431372566,starter,NA,2025,0,joeburrowmvp
1,Houston Texans,HOU,DST,13,2,-4.449019607843137,starter,NA,2025,23,joeburrowmvp
6,Josh Allen,4984,QB,13,17.72,8.044529411764705,starter,NA,2025,22.8,jzeigboi
6,Jahmyr Gibbs,9221,RB,13,11.6,1.5784019607843138,starter,NA,2025,21.2,jzeigboi
6,D'Andre Swift,6790,RB,13,20.8,10.778401960784317,starter,NA,2025,11.7,jzeigboi
6,Khalil Shakir,8134,WR,13,1.5,-6.46071568627451,starter,NA,2025,14.2,jzeigboi
6,Zay Flowers,9997,WR,13,0.6,-7.36071568627451,starter,NA,2025,12.7,jzeigboi
6,Brenton Strange,9480,TE,13,13.5,8.00813725490196,starter,NA,2025,11.5,jzeigboi
6,Troy Franklin,11627,WR,13,4.1,-3.86071568627451,starter,NA,2025,14.8,jzeigboi
6,Jalen Hurts,6904,QB,13,17.3,7.624529411764707,starter,NA,2025,20.7,jzeigboi
6,Cameron Dicker,8259,K,13,9,2.0769607843137257,starter,NA,2025,25,jzeigboi
6,Los Angeles Chargers,LAC,DST,13,9,2.5509803921568626,starter,NA,2025,24,jzeigboi
3,Dak Prescott,3294,QB,13,21.6,11.924529411764707,starter,NA,2025,18.2,lukestip
3,Javonte Williams,7588,RB,13,17,9.03928431372549,starter,NA,2025,12.2,lukestip
3,Kenneth Walker III,8151,RB,13,10.4,2.4392843137254907,starter,NA,2025,13.8,lukestip
3,Justin Jefferson,6794,WR,13,2.4,-5.997088235294116,starter,NA,2025,14,lukestip
3,D.J. Moore,4983,WR,13,4.7,-3.697088235294117,starter,NA,2025,10.6,lukestip
3,Brock Bowers,11604,TE,13,22.3,16.80813725490196,starter,NA,2025,15.9,lukestip
3,Tyrone Tracy Jr.,11655,RB,13,4.3,-3.66071568627451,starter,NA,2025,14.2,lukestip
3,Sam Darnold,4943,QB,13,3.12,-6.555470588235294,starter,NA,2025,17.2,lukestip
3,Chad Ryland,10955,K,13,6,-0.9230392156862745,starter,NA,2025,3,lukestip
3,New England Patriots,NE,DST,13,11,4.550980392156863,starter,NA,2025,29,lukestip
5,Trevor Lawrence,7523,QB,13,21.66,14.397127450980392,starter,NA,2025,16.7,ngernenz
5,Travis Etienne,7543,RB,13,5.1,-4.921598039215686,starter,NA,2025,15.2,ngernenz
5,Bucky Irving,11584,RB,13,16.1,6.078401960784316,starter,NA,2025,7.1,ngernenz
5,Emeka Egbuka,12514,WR,13,8.2,-1.4754705882352948,starter,NA,2025,13.8,ngernenz
5,Ladd McConkey,11635,WR,13,13.9,4.224529411764706,starter,NA,2025,15.4,ngernenz
5,Zach Ertz,1339,TE,13,20.6,10.924529411764707,starter,NA,2025,10.5,ngernenz
5,Jayden Higgins,12484,WR,13,11.5,1.824529411764706,starter,NA,2025,8.1,ngernenz
5,Gunnar Helm,12502,TE,13,8.3,-1.3754705882352931,starter,NA,2025,6.2,ngernenz
5,Tyler Loop,12711,K,13,2,-4.923039215686274,starter,NA,2025,17,ngernenz
5,Jacksonville Jaguars,JAX,DST,13,16,9.550980392156864,starter,NA,2025,19,ngernenz
8,Jacoby Brissett,3257,QB,13,20.64,10.964529411764708,starter,NA,2025,19,obiwanginobiIi
8,RJ Harvey,12489,RB,13,21.2,11.178401960784312,starter,NA,2025,15.7,obiwanginobiIi
8,Tyler Allgeier,8132,RB,13,13.5,3.478401960784314,starter,NA,2025,6.5,obiwanginobiIi
8,Michael Wilson,10232,WR,13,6.6,-1.36071568627451,starter,NA,2025,13.6,obiwanginobiIi
8,Darnell Mooney,7090,WR,13,4.5,-3.4607156862745097,starter,NA,2025,8.2,obiwanginobiIi
8,Dalton Kincaid,10236,TE,13,0,-5.4918627450980395,starter,NA,2025,0,obiwanginobiIi
8,Jordan Addison,9756,WR,13,8.6,0.63928431372549,starter,NA,2025,9.2,obiwanginobiIi
8,Bo Nix,11563,QB,13,17.44,7.764529411764707,starter,NA,2025,17.8,obiwanginobiIi
8,Jake Bates,11539,K,13,6,-0.9230392156862745,starter,NA,2025,28,obiwanginobiIi
8,Denver Broncos,DEN,DST,13,6,-0.44901960784313744,starter,NA,2025,32,obiwanginobiIi
9,Michael Penix Jr.,11559,QB,13,0,0,bench,2,2025,0,Arvs
9,Theo Johnson,11597,TE,13,5.9,0,bench,2,2025,9.4,Arvs
9,Malik Nabers,11632,WR,13,0,0,bench,2,2025,0,Arvs
9,Cam Skattebo,12481,RB,13,0,0,bench,1,2025,0,Arvs
9,Dillon Gabriel,12486,QB,13,0,0,bench,1,2025,0,Arvs
9,Max Brosmer,12775,QB,13,0.94,0,bench,1,2025,12.6,Arvs
9,Chris Godwin,4037,WR,13,0,0,bench,9,2025,5.7,Arvs
9,Aaron Jones,4199,RB,13,4.5,0,bench,9,2025,10.9,Arvs
9,Jake Ferguson,8110,TE,13,8.6,0,bench,4,2025,11,Arvs
9,Garrett Wilson,8146,WR,13,0,0,bench,4,2025,0,Arvs
9,Jordan Mason,8408,RB,13,4.8,0,bench,4,2025,5.5,Arvs
9,Rashid Shaheed,8676,WR,13,2.6,0,bench,4,2025,7.4,Arvs
7,AJ Barner,11603,TE,13,7.7,0,bench,2,2025,10.1,ElatedBroncosFan
7,Jalen McMillan,11618,WR,13,0,0,bench,2,2025,0,ElatedBroncosFan
7,Keon Coleman,11637,WR,13,8.9,0,bench,2,2025,2,ElatedBroncosFan
7,Jaydon Blue,12457,RB,13,0,0,bench,1,2025,0,ElatedBroncosFan
7,Pat Bryant,12492,WR,13,7.2,0,bench,1,2025,7.5,ElatedBroncosFan
7,Oronde Gadsden,12493,TE,13,0,0,bench,1,2025,0,ElatedBroncosFan
7,Mason Taylor,12498,TE,13,4.1,0,bench,1,2025,5.8,ElatedBroncosFan
7,Geno Smith,1373,QB,13,12.000000000000002,0,bench,13,2025,13.8,ElatedBroncosFan
7,DK Metcalf,5846,WR,13,6.2,0,bench,7,2025,13,ElatedBroncosFan
7,Rico Dowdle,7021,RB,13,9.9,0,bench,6,2025,13.7,ElatedBroncosFan
7,Kyren Williams,8150,RB,13,13.2,0,bench,4,2025,13.8,ElatedBroncosFan
7,Parker Washington,9487,WR,13,3.6,0,bench,3,2025,9.6,ElatedBroncosFan
7,Kayshon Boutte,9504,WR,13,13.5,0,bench,3,2025,9,ElatedBroncosFan
7,Kendre Miller,9757,RB,13,0,0,bench,3,2025,0,ElatedBroncosFan
7,New Orleans Saints,NO,DST,13,7,0,bench,NA,2025,27,ElatedBroncosFan
10,Jayden Daniels,11566,QB,13,0,0,bench,2,2025,0,Gretsch0401
10,Kirk Cousins,1166,QB,13,13.36,0,bench,14,2025,12.8,Gretsch0401
10,Elic Ayomanor,12499,WR,13,1.5,0,bench,1,2025,0,Gretsch0401
10,Jason Myers,2747,K,13,19,0,bench,11,2025,31,Gretsch0401
10,Tyreek Hill,3321,WR,13,0,0,bench,10,2025,0,Gretsch0401
10,Alvin Kamara,4035,RB,13,0,0,bench,9,2025,0,Gretsch0401
10,Jakobi Meyers,5947,WR,13,21.3,0,bench,7,2025,12.5,Gretsch0401
10,Justin Fields,7591,QB,13,0,0,bench,5,2025,0,Gretsch0401
10,Romeo Doubs,8121,WR,13,11,0,bench,4,2025,13.4,Gretsch0401
10,Isiah Pacheco,8205,RB,13,5.300000000000001,0,bench,4,2025,8.2,Gretsch0401
10,Kansas City Chiefs,KC,DST,13,2,0,bench,NA,2025,3,Gretsch0401
2,Mike Evans,2216,WR,13,0,0,bench,12,2025,0,SFOControl
2,Jeremy McNichols,4219,RB,13,5,0,bench,9,2025,4.8,SFOControl
2,Austin Ekeler,4663,RB,13,0,0,bench,9,2025,0,SFOControl
2,Eddy Pineiro,5189,K,13,0,0,bench,8,2025,27,SFOControl
2,Hollywood Brown,5848,WR,13,10,0,bench,7,2025,6.2,SFOControl
2,Devin Singletary,6130,RB,13,19.200000000000003,0,bench,7,2025,5.2,SFOControl
2,Darius Slayton,6149,WR,13,12.1,0,bench,7,2025,8,SFOControl
2,J.K. Dobbins,6806,RB,13,0,0,bench,6,2025,0,SFOControl
2,Tyler Bass,7042,K,13,0,0,bench,6,2025,0,SFOControl
2,Drake London,8112,WR,13,0,0,bench,4,2025,0,SFOControl
2,Jake Tonges,8698,TE,13,0,0,bench,4,2025,2.2,SFOControl
2,Detroit Lions,DET,DST,13,0,0,bench,NA,2025,31,SFOControl
12,Sam LaPorta,10859,TE,13,0,0,bench,3,2025,0,TheJandyStock
12,Jonathon Brooks,11583,RB,13,0,0,bench,2,2025,0,TheJandyStock
12,Russell Wilson,1234,QB,13,0,0,bench,14,2025,0,TheJandyStock
12,Brashard Smith,12455,RB,13,0,0,bench,1,2025,2,TheJandyStock
12,Jaylin Noel,12536,WR,13,0,0,bench,1,2025,2.2,TheJandyStock
12,Tyler Shough,12545,QB,13,18.360000000000003,0,bench,1,2025,11.8,TheJandyStock
12,Adam Thielen,1689,WR,13,0,0,bench,13,2025,0,TheJandyStock
12,Chris Boswell,1945,K,13,1,0,bench,12,2025,29,TheJandyStock
12,Calvin Ridley,4981,WR,13,0,0,bench,8,2025,0,TheJandyStock
12,Josh Jacobs,5850,RB,13,10.1,0,bench,7,2025,17.7,TheJandyStock
12,Jordan Love,6804,QB,13,25.76,0,bench,6,2025,15.4,TheJandyStock
12,Pat Freiermuth,7600,TE,13,0,0,bench,5,2025,5.6,TheJandyStock
12,Wan'Dale Robinson,8126,WR,13,10.4,0,bench,4,2025,12.8,TheJandyStock
12,Cleveland Browns,CLE,DST,13,1,0,bench,NA,2025,17,TheJandyStock
11,Tre Tucker,10213,WR,13,5,0,bench,3,2025,8.5,akondratieff
11,Brian Thomas Jr.,11631,WR,13,4.800000000000001,0,bench,2,2025,8.8,akondratieff
11,Dylan Sampson,12469,RB,13,2.3000000000000003,0,bench,1,2025,4.5,akondratieff
11,Bhayshul Tuten,12490,RB,13,8.899999999999999,0,bench,1,2025,6.7,akondratieff
11,Travis Hunter,12530,WR,13,0,0,bench,1,2025,0,akondratieff
11,Joe Flacco,19,QB,13,0,0,bench,18,2025,0,akondratieff
11,Tyler Lockett,2374,WR,13,2.1,0,bench,11,2025,7.7,akondratieff
11,James Conner,4137,RB,13,0,0,bench,9,2025,0,akondratieff
11,Greg Dortch,5970,WR,13,3.4000000000000004,0,bench,7,2025,7.4,akondratieff
11,John Metchie III,8147,WR,13,5.7,0,bench,4,2025,9.7,akondratieff
11,Tucker Kraft,9484,TE,13,0,0,bench,3,2025,0,akondratieff
11,Green Bay Packers,GB,DST,13,3,0,bench,NA,2025,20,akondratieff
4,Isaiah Davis,11571,RB,13,0,0,bench,2,2025,5.2,caskinner
4,MarShawn Lloyd,11581,RB,13,0,0,bench,2,2025,0,caskinner
4,Trey Benson,11589,RB,13,0,0,bench,2,2025,0,caskinner
4,Ricky Pearsall,11638,WR,13,3.4000000000000004,0,bench,2,2025,7.5,caskinner
4,DJ Giddens,12471,RB,13,0,0,bench,1,2025,0,caskinner
4,Ollie Gordon,12495,RB,13,1,0,bench,1,2025,3.3,caskinner
4,Kaleb Johnson,12504,RB,13,0.30000000000000004,0,bench,1,2025,0.6,caskinner
4,Dalton Schultz,5001,TE,13,12.5,0,bench,8,2025,11,caskinner
4,Courtland Sutton,5045,WR,13,17.2,0,bench,8,2025,11.9,caskinner
4,Daniel Jones,5870,QB,13,15.14,0,bench,7,2025,16.5,caskinner
4,Terry McLaurin,5927,WR,13,22.6,0,bench,7,2025,10.8,caskinner
4,Mac Jones,7527,QB,13,0.2,0,bench,5,2025,0,caskinner
4,Bryce Young,9228,QB,13,22.540000000000003,0,bench,3,2025,13.5,caskinner
4,Tyjae Spears,9508,RB,13,8.4,0,bench,3,2025,9.9,caskinner
4,Quentin Johnston,9754,WR,13,11.3,0,bench,3,2025,10.4,caskinner
1,Jayden Reed,10222,WR,13,0,0,bench,3,2025,0,joeburrowmvp
1,Quinn Ewers,12500,QB,13,0,0,bench,1,2025,0,joeburrowmvp
1,Shedeur Sanders,12524,QB,13,10.56,0,bench,1,2025,11.7,joeburrowmvp
1,Tahj Brooks,12543,RB,13,0,0,bench,1,2025,0,joeburrowmvp
1,Cooper Kupp,4039,WR,13,5.4,0,bench,9,2025,6.2,joeburrowmvp
1,Mack Hollins,4177,WR,13,5.300000000000001,0,bench,9,2025,6.6,joeburrowmvp
1,Nick Chubb,4988,RB,13,9.4,0,bench,8,2025,2.5,joeburrowmvp
1,Kyler Murray,5849,QB,13,0,0,bench,7,2025,0,joeburrowmvp
1,David Montgomery,5892,RB,13,11.8,0,bench,7,2025,8.2,joeburrowmvp
1,Jerry Jeudy,6783,WR,13,5.6,0,bench,6,2025,8,joeburrowmvp
1,Brandon Aiyuk,6803,WR,13,0,0,bench,6,2025,0,joeburrowmvp
1,Kyle Pitts,7553,TE,13,15.2,0,bench,5,2025,10.8,joeburrowmvp
1,Brian Robinson Jr.,8154,RB,13,2.6,0,bench,4,2025,2.8,joeburrowmvp
1,Aaron Rodgers,96,QB,13,2.6799999999999997,0,bench,21,2025,15.5,joeburrowmvp
1,Indianapolis Colts,IND,DST,13,6,0,bench,NA,2025,4,joeburrowmvp
6,Chris Rodriguez Jr.,10219,RB,13,10.1,0,bench,3,2025,6.7,jzeigboi
6,Blake Corum,11586,RB,13,14.1,0,bench,2,2025,3.3,jzeigboi
6,Rome Odunze,11620,WR,13,2.8,0,bench,2,2025,14.5,jzeigboi
6,Jalen Royals,12505,WR,13,0,0,bench,1,2025,0,jzeigboi
6,Colston Loveland,12517,TE,13,5.800000000000001,0,bench,1,2025,6.6,jzeigboi
6,Isaac TeSlaa,12535,WR,13,11.5,0,bench,1,2025,0,jzeigboi
6,Chimere Dike,12540,WR,13,1.9,0,bench,1,2025,9.1,jzeigboi
6,Keenan Allen,1479,WR,13,7,0,bench,13,2025,9,jzeigboi
6,Samaje Perine,4147,RB,13,5.4,0,bench,9,2025,4.9,jzeigboi
6,Tony Pollard,5967,RB,13,5.3,0,bench,7,2025,8.8,jzeigboi
6,Tee Higgins,6801,WR,13,0,0,bench,6,2025,0,jzeigboi
6,Najee Harris,7528,RB,13,0,0,bench,5,2025,0,jzeigboi
6,Cade Otton,8111,TE,13,2.9,0,bench,4,2025,9,jzeigboi
6,Tank Dell,9502,WR,13,0,0,bench,3,2025,0,jzeigboi
3,Emanuel Wilson,11435,RB,13,1.4,0,bench,3,2025,5.1,lukestip
3,Adonai Mitchell,11625,WR,13,24.200000000000003,0,bench,2,2025,8,lukestip
3,Jalen Coker,11646,WR,13,17.4,0,bench,2,2025,5.7,lukestip
3,Devin Neal,12476,RB,13,9.9,0,bench,1,2025,10,lukestip
3,Jack Bech,12483,WR,13,4.2,0,bench,1,2025,2.4,lukestip
3,Matthew Golden,12501,WR,13,0,0,bench,1,2025,0,lukestip
3,Joe Mixon,4018,RB,13,0,0,bench,9,2025,0,lukestip
3,Jake Elliott,4195,K,13,2,0,bench,9,2025,26,lukestip
3,Justice Hill,5995,RB,13,0,0,bench,7,2025,0,lukestip
3,Tua Tagovailoa,6768,QB,13,5.680000000000001,0,bench,6,2025,13.8,lukestip
3,Alec Pierce,8142,WR,13,17.8,0,bench,4,2025,10,lukestip
3,Sean Tucker,9506,RB,13,0,0,bench,3,2025,9.6,lukestip
3,Will Levis,9999,QB,13,0,0,bench,3,2025,0,lukestip
3,San Francisco 49ers,SF,DST,13,10,0,bench,NA,2025,15,lukestip
5,Jaleel McLaughlin,11439,RB,13,4,0,bench,3,2025,2.8,ngernenz
5,J.J. McCarthy,11565,QB,13,0,0,bench,2,2025,0,ngernenz
5,Marvin Harrison Jr.,11628,WR,13,12.9,0,bench,2,2025,10.5,ngernenz
5,Kimani Vidal,11647,RB,13,20.700000000000003,0,bench,2,2025,12.3,ngernenz
5,Tez Johnson,12485,WR,13,1.5,0,bench,1,2025,10.2,ngernenz
5,Tory Horton,12497,WR,13,0,0,bench,1,2025,0,ngernenz
5,Jalen Milroe,12510,QB,13,0,0,bench,1,2025,0,ngernenz
5,Elijah Arroyo,12521,TE,13,0,0,bench,1,2025,2.9,ngernenz
5,Carson Wentz,3161,QB,13,0,0,bench,10,2025,0,ngernenz
5,David Njoku,4033,TE,13,2.4,0,bench,9,2025,7,ngernenz
5,Colby Parkinson,6865,TE,13,6.7,0,bench,6,2025,5.7,ngernenz
5,Davis Mills,7585,QB,13,0,0,bench,5,2025,0,ngernenz
5,Michael Carter,7607,RB,13,11.4,0,bench,5,2025,7.6,ngernenz
5,Josh Downs,9500,WR,13,6.4,0,bench,3,2025,7.5,ngernenz
8,Cedric Tillman,10444,WR,13,0,0,bench,3,2025,7.8,obiwanginobiIi
8,Malik Washington,11610,WR,13,7,0,bench,2,2025,8.1,obiwanginobiIi
8,Xavier Legette,11626,WR,13,1.1,0,bench,2,2025,6.9,obiwanginobiIi
8,Savion Williams,12482,WR,13,0,0,bench,1,2025,0,obiwanginobiIi
8,Isaiah Bond,12503,WR,13,3.7,0,bench,1,2025,0,obiwanginobiIi
8,Omarion Hampton,12507,RB,13,0,0,bench,1,2025,0,obiwanginobiIi
8,Jaxson Dart,12508,QB,13,13.56,0,bench,1,2025,18.4,obiwanginobiIi
8,Luther Burden,12519,WR,13,7.6,0,bench,1,2025,6.9,obiwanginobiIi
8,Jacory Croskey-Merritt,12533,RB,13,2,0,bench,1,2025,2.7,obiwanginobiIi
8,Jameis Winston,2306,QB,13,0,0,bench,11,2025,0,obiwanginobiIi
8,T.J. Hockenson,5844,TE,13,11.9,0,bench,7,2025,5.1,obiwanginobiIi
8,Chuba Hubbard,7594,RB,13,20.4,0,bench,5,2025,4.6,obiwanginobiIi
8,Rachaad White,8136,RB,13,5.9,0,bench,4,2025,6,obiwanginobiIi
8,Anthony Richardson,9229,QB,13,0,0,bench,3,2025,0,obiwanginobiIi
8,Zach Charbonnet,9753,RB,13,11.2,0,bench,3,2025,8.3,obiwanginobiIi
9,Caleb Williams,11560,QB,14,15.94,3.9218627450980392,starter,NA,2025,16.8,Arvs
9,Jaylen Warren,8228,RB,14,15.2,6.881735294117647,starter,NA,2025,13.2,Arvs
9,Kyle Monangai,12534,RB,14,8.7,0.3817352941176466,starter,NA,2025,8.5,Arvs
9,Devaughn Vele,11834,WR,14,7,-3.5973823529411764,starter,NA,2025,7.5,Arvs
9,Chris Godwin,4037,WR,14,10.5,-0.09738235294117636,starter,NA,2025,10.3,Arvs
9,Jake Ferguson,8110,TE,14,10.8,3.0798039215686277,starter,NA,2025,12.3,Arvs
9,Xavier Worthy,11624,WR,14,8.5,-2.0973823529411764,starter,NA,2025,8.7,Arvs
9,Kirk Cousins,1166,QB,14,4.48,-7.53813725490196,starter,NA,2025,12.7,Arvs
9,Ka'imi Fairbairn,3451,K,14,8,-0.9647058823529412,starter,NA,2025,19,Arvs
9,Seattle Seahawks,SEA,DST,14,20,15.825980392156865,starter,NA,2025,28,Arvs
7,Justin Herbert,6797,QB,14,13.16,5.375627450980392,starter,NA,2025,15.6,ElatedBroncosFan
7,Kyren Williams,8150,RB,14,17.7,9.381735294117648,starter,NA,2025,13.8,ElatedBroncosFan
7,Bijan Robinson,9509,RB,14,9.4,1.0817352941176477,starter,NA,2025,19.4,ElatedBroncosFan
7,Jaxon Smith-Njigba,9488,WR,14,28.1,16.081862745098043,starter,NA,2025,20.8,ElatedBroncosFan
7,Puka Nacua,9493,WR,14,35.7,23.681862745098044,starter,NA,2025,18.1,ElatedBroncosFan
7,Travis Kelce,1466,TE,14,1.8,-10.21813725490196,starter,NA,2025,14.2,ElatedBroncosFan
7,A.J. Brown,5859,WR,14,16,3.98186274509804,starter,NA,2025,15.7,ElatedBroncosFan
7,Oronde Gadsden,12493,TE,14,1.7,-10.31813725490196,starter,NA,2025,0,ElatedBroncosFan
7,Evan McPherson,7839,K,14,4,-4.964705882352941,starter,NA,2025,22,ElatedBroncosFan
7,Baltimore Ravens,BAL,DST,14,0,-4.174019607843137,starter,NA,2025,7,ElatedBroncosFan
10,Jayden Daniels,11566,QB,14,3.72,-8.29813725490196,starter,NA,2025,17,Gretsch0401
10,Quinshon Judkins,12512,RB,14,9.4,1.0817352941176477,starter,NA,2025,12.8,Gretsch0401
10,Kenny Gainwell,7567,RB,14,16.2,7.881735294117647,starter,NA,2025,0,Gretsch0401
10,Chris Olave,8144,WR,14,6,-4.597382352941176,starter,NA,2025,16.1,Gretsch0401
10,Davante Adams,2133,WR,14,6.9,-3.697382352941176,starter,NA,2025,18.2,Gretsch0401
10,Darren Waller,2505,TE,14,2.7,-5.020196078431373,starter,NA,2025,7.6,Gretsch0401
10,Jakobi Meyers,5947,WR,14,14.8,4.202617647058824,starter,NA,2025,13,Gretsch0401
10,C.J. Stroud,9758,QB,14,12.62,0.6018627450980389,starter,NA,2025,15.3,Gretsch0401
10,Jason Myers,2747,K,14,14,5.035294117647059,starter,NA,2025,31,Gretsch0401
10,Philadelphia Eagles,PHI,DST,14,15,10.825980392156865,starter,NA,2025,16,Gretsch0401
2,Patrick Mahomes,4046,QB,14,9.3,1.5156274509803929,starter,NA,2025,20.9,SFOControl
2,De'Von Achane,9226,RB,14,17.5,5.48186274509804,starter,NA,2025,21.7,SFOControl
2,Bam Knight,8122,RB,14,6.4,-5.61813725490196,starter,NA,2025,10.9,SFOControl
2,CeeDee Lamb,6786,WR,14,18.1,8.512911764705885,starter,NA,2025,17.6,SFOControl
2,Deebo Samuel Sr.,5872,WR,14,6.7,-2.887088235294116,starter,NA,2025,13.1,SFOControl
2,Juwan Johnson,7002,TE,14,7.8,-4.2181372549019605,starter,NA,2025,11.3,SFOControl
2,Isaiah Likely,8131,TE,14,12.5,0.4818627450980397,starter,NA,2025,5.7,SFOControl
2,Jeremy McNichols,4219,RB,14,1.2,-10.81813725490196,starter,NA,2025,6.2,SFOControl
2,Daniel Carlson,5095,K,14,6,-2.9647058823529413,starter,NA,2025,8,SFOControl
2,Buffalo Bills,BUF,DST,14,10,5.825980392156863,starter,NA,2025,21,SFOControl
12,Baker Mayfield,4892,QB,14,12.08,4.295627450980392,starter,NA,2025,15.6,TheJandyStock
12,Saquon Barkley,4866,RB,14,18.2,6.181862745098039,starter,NA,2025,15.3,TheJandyStock
12,Derrick Henry,3198,RB,14,11.2,-0.818137254901961,starter,NA,2025,15.4,TheJandyStock
12,Rashee Rice,10229,WR,14,7.4,-4.61813725490196,starter,NA,2025,18.4,TheJandyStock
12,George Pickens,8137,WR,14,8.7,-3.318137254901961,starter,NA,2025,18.4,TheJandyStock
12,Harold Fannin,12506,TE,14,25.4,17.679803921568627,starter,NA,2025,11,TheJandyStock
12,TreVeyon Henderson,12529,RB,14,0,-12.01813725490196,starter,NA,2025,0,TheJandyStock
12,Stefon Diggs,2449,WR,14,0,-12.01813725490196,starter,NA,2025,0,TheJandyStock
12,Harrison Butker,4227,K,14,3,-5.964705882352941,starter,NA,2025,9,TheJandyStock
12,Pittsburgh Steelers,PIT,DST,14,4,-0.17401960784313708,starter,NA,2025,30,TheJandyStock
11,Lamar Jackson,4881,QB,14,22.06,14.27562745098039,starter,NA,2025,16.9,akondratieff
11,Bhayshul Tuten,12490,RB,14,-1.5,-9.818264705882353,starter,NA,2025,6.4,akondratieff
11,Breece Hall,8155,RB,14,4.3,-4.018264705882353,starter,NA,2025,16.1,akondratieff
11,John Metchie III,8147,WR,14,7.4,-4.61813725490196,starter,NA,2025,10.3,akondratieff
11,Michael Pittman Jr.,6819,WR,14,16.9,4.881862745098038,starter,NA,2025,12.9,akondratieff
11,Evan Engram,4066,TE,14,2.8,-4.920196078431373,starter,NA,2025,9.1,akondratieff
11,Jameson Williams,8148,WR,14,17.3,5.28186274509804,starter,NA,2025,17.3,akondratieff
11,Jaylen Waddle,7526,WR,14,18.1,6.081862745098041,starter,NA,2025,13.9,akondratieff
11,Cairo Santos,2020,K,14,8,-0.9647058823529412,starter,NA,2025,14,akondratieff
11,Los Angeles Rams,LAR,DST,14,6,1.825980392156863,starter,NA,2025,22,akondratieff
4,Joe Burrow,6770,QB,14,25.36,13.34186274509804,starter,NA,2025,19.2,caskinner
4,Chase Brown,9224,RB,14,18.5,7.902617647058824,starter,NA,2025,16.5,caskinner
4,James Cook,8138,RB,14,11.1,0.5026176470588233,starter,NA,2025,19.2,caskinner
4,Terry McLaurin,5927,WR,14,7.1,-2.4870882352941166,starter,NA,2025,13.4,caskinner
4,Amon-Ra St. Brown,7547,WR,14,15.2,5.612911764705883,starter,NA,2025,16.3,caskinner
4,Trey McBride,8130,TE,14,10.8,3.0798039215686277,starter,NA,2025,18.6,caskinner
4,Jonathan Taylor,6813,RB,14,11.4,0.802617647058824,starter,NA,2025,21.9,caskinner
4,Matthew Stafford,421,QB,14,23.24,11.221862745098038,starter,NA,2025,20.2,caskinner
4,Chase McLaughlin,6650,K,14,9,0.0352941176470587,starter,NA,2025,30,caskinner
4,Tampa Bay Buccaneers,TB,DST,14,5,0.8259803921568629,starter,NA,2025,26,caskinner
1,Jared Goff,3163,QB,14,16.16,4.14186274509804,starter,NA,2025,18.1,joeburrowmvp
1,David Montgomery,5892,RB,14,14.3,5.981735294117648,starter,NA,2025,7.9,joeburrowmvp
1,Ashton Jeanty,12527,RB,14,5.8,-2.518264705882353,starter,NA,2025,14.3,joeburrowmvp
1,DeVonta Smith,7525,WR,14,7.7,-2.897382352941176,starter,NA,2025,13.6,joeburrowmvp
1,Nico Collins,7569,WR,14,16.1,5.502617647058825,starter,NA,2025,15.8,joeburrowmvp
1,Tyler Warren,12518,TE,14,3.7,-4.020196078431373,starter,NA,2025,13.6,joeburrowmvp
1,Ja'Marr Chase,7564,WR,14,10.2,-0.3973823529411771,starter,NA,2025,21.7,joeburrowmvp
1,Tyrod Taylor,827,QB,14,-0.76,-12.77813725490196,starter,NA,2025,14.5,joeburrowmvp
1,Matt Prater,17,K,14,7,-1.9647058823529413,starter,NA,2025,0,joeburrowmvp
1,Houston Texans,HOU,DST,14,12,7.825980392156863,starter,NA,2025,23,joeburrowmvp
6,Josh Allen,4984,QB,14,37.84,30.055627450980396,starter,NA,2025,24.7,jzeigboi
6,Jahmyr Gibbs,9221,RB,14,37,28.681735294117647,starter,NA,2025,21.1,jzeigboi
6,D'Andre Swift,6790,RB,14,11.2,2.8817352941176466,starter,NA,2025,12.9,jzeigboi
6,Khalil Shakir,8134,WR,14,9.6,-2.4181372549019606,starter,NA,2025,13.1,jzeigboi
6,Zay Flowers,9997,WR,14,20.6,8.581862745098041,starter,NA,2025,12.4,jzeigboi
6,Brenton Strange,9480,TE,14,5.7,-2.020196078431373,starter,NA,2025,11.7,jzeigboi
6,Tee Higgins,6801,WR,14,27.2,15.18186274509804,starter,NA,2025,14.5,jzeigboi
3,Dak Prescott,3294,QB,14,20.44,8.421862745098041,starter,NA,2025,19.5,lukestip
3,Javonte Williams,7588,RB,14,14.7,6.381735294117647,starter,NA,2025,13.3,lukestip
3,Kenneth Walker III,8151,RB,14,3.8,-4.518264705882353,starter,NA,2025,14,lukestip
3,Justin Jefferson,6794,WR,14,3.1,-7.497382352941177,starter,NA,2025,13.9,lukestip
3,Alec Pierce,8142,WR,14,13,2.4026176470588236,starter,NA,2025,10.6,lukestip
3,Brock Bowers,11604,TE,14,14.6,6.879803921568627,starter,NA,2025,14.1,lukestip
3,Adonai Mitchell,11625,WR,14,3.4,-7.197382352941176,starter,NA,2025,11.3,lukestip
3,Sam Darnold,4943,QB,14,23.26,11.24186274509804,starter,NA,2025,16,lukestip
3,Wil Lutz,3678,K,14,6,-2.9647058823529413,starter,NA,2025,20,lukestip
3,Minnesota Vikings,MIN,DST,14,19,14.825980392156865,starter,NA,2025,10,lukestip
5,Trevor Lawrence,7523,QB,14,19.36,7.341862745098039,starter,NA,2025,16.8,ngernenz
5,Bucky Irving,11584,RB,14,16.1,7.781735294117649,starter,NA,2025,16.4,ngernenz
5,Travis Etienne,7543,RB,14,21.2,12.881735294117648,starter,NA,2025,13.6,ngernenz
5,Emeka Egbuka,12514,WR,14,3.5,-7.097382352941176,starter,NA,2025,13.9,ngernenz
5,Ladd McConkey,11635,WR,14,2.2,-8.397382352941175,starter,NA,2025,13.4,ngernenz
5,Zach Ertz,1339,TE,14,2.1,-5.620196078431373,starter,NA,2025,10.6,ngernenz
5,Jayden Higgins,12484,WR,14,6.4,-4.197382352941176,starter,NA,2025,9.8,ngernenz
5,J.J. McCarthy,11565,QB,14,20.42,8.401862745098041,starter,NA,2025,10.9,ngernenz
5,Cam Little,11786,K,14,11,2.0352941176470587,starter,NA,2025,21,ngernenz
5,Miami Dolphins,MIA,DST,14,17,12.825980392156865,starter,NA,2025,6,ngernenz
8,Bo Nix,11563,QB,14,15.98,8.195627450980393,starter,NA,2025,18.2,obiwanginobiIi
8,RJ Harvey,12489,RB,14,22,13.681735294117647,starter,NA,2025,15.4,obiwanginobiIi
8,Omarion Hampton,12507,RB,14,14.7,6.381735294117647,starter,NA,2025,13,obiwanginobiIi
8,Cedric Tillman,10444,WR,14,3.3,-8.718137254901961,starter,NA,2025,5.4,obiwanginobiIi
8,Malik Washington,11610,WR,14,4,-8.01813725490196,starter,NA,2025,7.7,obiwanginobiIi
8,T.J. Hockenson,5844,TE,14,9.2,-2.818137254901961,starter,NA,2025,6.8,obiwanginobiIi
8,Dalton Kincaid,10236,TE,14,14.1,2.0818627450980394,starter,NA,2025,2,obiwanginobiIi
8,Michael Wilson,10232,WR,14,37.2,25.181862745098044,starter,NA,2025,15.2,obiwanginobiIi
8,Jake Bates,11539,K,14,15,6.035294117647059,starter,NA,2025,28,obiwanginobiIi
8,Denver Broncos,DEN,DST,14,11,6.825980392156863,starter,NA,2025,32,obiwanginobiIi
9,Michael Penix Jr.,11559,QB,14,0,0,bench,2,2025,0,Arvs
9,Theo Johnson,11597,TE,14,0,0,bench,2,2025,0,Arvs
9,Malik Nabers,11632,WR,14,0,0,bench,2,2025,0,Arvs
9,Woody Marks,12474,RB,14,15.6,0,bench,1,2025,11.9,Arvs
9,Cam Skattebo,12481,RB,14,0,0,bench,1,2025,0,Arvs
9,Dillon Gabriel,12486,QB,14,0,0,bench,1,2025,0,Arvs
9,Cameron Ward,12522,QB,14,12.08,0,bench,1,2025,12.2,Arvs
9,Aaron Jones,4199,RB,14,7.6,0,bench,9,2025,10.1,Arvs
9,Mark Andrews,5012,TE,14,1.9,0,bench,8,2025,8.8,Arvs
9,Garrett Wilson,8146,WR,14,0,0,bench,4,2025,0,Arvs
9,Jordan Mason,8408,RB,14,11.2,0,bench,4,2025,6.8,Arvs
9,Rashid Shaheed,8676,WR,14,16.7,0,bench,4,2025,7.4,Arvs
7,Drake Maye,11564,QB,14,0,0,bench,2,2025,0,ElatedBroncosFan
7,AJ Barner,11603,TE,14,5.7,0,bench,2,2025,9.3,ElatedBroncosFan
7,Jalen McMillan,11618,WR,14,0,0,bench,2,2025,0,ElatedBroncosFan
7,Keon Coleman,11637,WR,14,3.6,0,bench,2,2025,4.4,ElatedBroncosFan
7,Jaydon Blue,12457,RB,14,0,0,bench,1,2025,0,ElatedBroncosFan
7,Pat Bryant,12492,WR,14,7.2,0,bench,1,2025,8.3,ElatedBroncosFan
7,Mason Taylor,12498,TE,14,10.1,0,bench,1,2025,5.7,ElatedBroncosFan
7,Geno Smith,1373,QB,14,9.04,0,bench,13,2025,11.1,ElatedBroncosFan
7,Christian McCaffrey,4034,RB,14,0,0,bench,9,2025,0,ElatedBroncosFan
7,DK Metcalf,5846,WR,14,21.8,0,bench,7,2025,12,ElatedBroncosFan
7,Rico Dowdle,7021,RB,14,0,0,bench,6,2025,0,ElatedBroncosFan
7,Parker Washington,9487,WR,14,0,0,bench,3,2025,0,ElatedBroncosFan
7,Kayshon Boutte,9504,WR,14,0,0,bench,3,2025,0,ElatedBroncosFan
7,Kendre Miller,9757,RB,14,0,0,bench,3,2025,0,ElatedBroncosFan
7,New Orleans Saints,NO,DST,14,3,0,bench,NA,2025,27,ElatedBroncosFan
10,Brandon Aubrey,11533,K,14,23,0,bench,3,2025,32,Gretsch0401
10,Elic Ayomanor,12499,WR,14,8.4,0,bench,1,2025,5.3,Gretsch0401
10,Marcus Mariota,2307,QB,14,-1.1,0,bench,11,2025,0,Gretsch0401
10,Tyreek Hill,3321,WR,14,0,0,bench,10,2025,0,Gretsch0401
10,Alvin Kamara,4035,RB,14,0,0,bench,9,2025,0,Gretsch0401
10,George Kittle,4217,TE,14,0,0,bench,9,2025,0,Gretsch0401
10,Justin Fields,7591,QB,14,0,0,bench,5,2025,0,Gretsch0401
10,Romeo Doubs,8121,WR,14,0,0,bench,4,2025,10.9,Gretsch0401
10,Christian Watson,8167,WR,14,24.9,0,bench,4,2025,12.8,Gretsch0401
10,Isiah Pacheco,8205,RB,14,3,0,bench,4,2025,5.1,Gretsch0401
10,Kansas City Chiefs,KC,DST,14,4,0,bench,NA,2025,3,Gretsch0401
2,Mike Evans,2216,WR,14,0,0,bench,12,2025,0,SFOControl
2,Austin Ekeler,4663,RB,14,0,0,bench,9,2025,0,SFOControl
2,Eddy Pineiro,5189,K,14,0,0,bench,8,2025,27,SFOControl
2,Hollywood Brown,5848,WR,14,4.5,0,bench,7,2025,5.8,SFOControl
2,Devin Singletary,6130,RB,14,0,0,bench,7,2025,0,SFOControl
2,Darius Slayton,6149,WR,14,0,0,bench,7,2025,0,SFOControl
2,J.K. Dobbins,6806,RB,14,0,0,bench,6,2025,0,SFOControl
2,Tyler Bass,7042,K,14,0,0,bench,6,2025,0,SFOControl
2,Drake London,8112,WR,14,0,0,bench,4,2025,0,SFOControl
2,Brock Purdy,8183,QB,14,0,0,bench,4,2025,0,SFOControl
2,Jake Tonges,8698,TE,14,0,0,bench,4,2025,0,SFOControl
2,Detroit Lions,DET,DST,14,13,0,bench,NA,2025,31,SFOControl
12,Sam LaPorta,10859,TE,14,0,0,bench,3,2025,0,TheJandyStock
12,Jonathon Brooks,11583,RB,14,0,0,bench,2,2025,0,TheJandyStock
12,Russell Wilson,1234,QB,14,0,0,bench,14,2025,0,TheJandyStock
12,Brashard Smith,12455,RB,14,0.7000000000000001,0,bench,1,2025,0,TheJandyStock
12,Jaylin Noel,12536,WR,14,3.3000000000000003,0,bench,1,2025,0,TheJandyStock
12,Tyler Shough,12545,QB,14,22.26,0,bench,1,2025,13.7,TheJandyStock
12,Adam Thielen,1689,WR,14,1.4,0,bench,13,2025,0,TheJandyStock
12,Chris Boswell,1945,K,14,9,0,bench,12,2025,29,TheJandyStock
12,Calvin Ridley,4981,WR,14,0,0,bench,8,2025,0,TheJandyStock
12,Josh Jacobs,5850,RB,14,17.200000000000003,0,bench,7,2025,17.8,TheJandyStock
12,Jordan Love,6804,QB,14,20.26,0,bench,6,2025,16.1,TheJandyStock
12,Pat Freiermuth,7600,TE,14,2.9,0,bench,5,2025,5.2,TheJandyStock
12,Wan'Dale Robinson,8126,WR,14,0,0,bench,4,2025,0,TheJandyStock
12,Cleveland Browns,CLE,DST,14,2,0,bench,NA,2025,17,TheJandyStock
11,Tre Tucker,10213,WR,14,4.4,0,bench,3,2025,8,akondratieff
11,Brian Thomas Jr.,11631,WR,14,11.7,0,bench,2,2025,11.3,akondratieff
11,Dylan Sampson,12469,RB,14,9.8,0,bench,1,2025,3.5,akondratieff
11,Travis Hunter,12530,WR,14,0,0,bench,1,2025,0,akondratieff
11,Tyler Lockett,2374,WR,14,7.1000000000000005,0,bench,11,2025,7.1,akondratieff
11,Hunter Henry,3214,TE,14,0,0,bench,10,2025,0,akondratieff
11,James Conner,4137,RB,14,0,0,bench,9,2025,0,akondratieff
11,Greg Dortch,5970,WR,14,0,0,bench,7,2025,0,akondratieff
11,Jauan Jennings,7049,WR,14,0,0,bench,6,2025,0,akondratieff
11,Rhamondre Stevenson,7611,RB,14,0,0,bench,5,2025,0,akondratieff
11,Tucker Kraft,9484,TE,14,0,0,bench,3,2025,0,akondratieff
11,Green Bay Packers,GB,DST,14,4,0,bench,NA,2025,20,akondratieff
4,MarShawn Lloyd,11581,RB,14,0,0,bench,2,2025,0,caskinner
4,Trey Benson,11589,RB,14,0,0,bench,2,2025,0,caskinner
4,Ricky Pearsall,11638,WR,14,0,0,bench,2,2025,0,caskinner
4,DJ Giddens,12471,RB,14,0,0,bench,1,2025,0,caskinner
4,Ollie Gordon,12495,RB,14,7.7,0,bench,1,2025,2,caskinner
4,Kaleb Johnson,12504,RB,14,0.4,0,bench,1,2025,0.6,caskinner
4,Tetairoa McMillan,12526,WR,14,0,0,bench,1,2025,0,caskinner
4,Dalton Schultz,5001,TE,14,5.2,0,bench,8,2025,11.3,caskinner
4,Dallas Goedert,5022,TE,14,15.8,0,bench,8,2025,9.9,caskinner
4,Courtland Sutton,5045,WR,14,12.2,0,bench,8,2025,13.4,caskinner
4,Daniel Jones,5870,QB,14,1.7999999999999998,0,bench,7,2025,16.3,caskinner
4,Mac Jones,7527,QB,14,0,0,bench,5,2025,0,caskinner
4,Bryce Young,9228,QB,14,0,0,bench,3,2025,0,caskinner
4,Tyjae Spears,9508,RB,14,6.700000000000001,0,bench,3,2025,8.8,caskinner
4,Quentin Johnston,9754,WR,14,2.8,0,bench,3,2025,10,caskinner
1,Jayden Reed,10222,WR,14,9.3,0,bench,3,2025,9.5,joeburrowmvp
1,Quinn Ewers,12500,QB,14,0,0,bench,1,2025,0,joeburrowmvp
1,Shedeur Sanders,12524,QB,14,34.46,0,bench,1,2025,11,joeburrowmvp
1,Tahj Brooks,12543,RB,14,0,0,bench,1,2025,0,joeburrowmvp
1,Cooper Kupp,4039,WR,14,11.5,0,bench,9,2025,7.4,joeburrowmvp
1,Kareem Hunt,4098,RB,14,9,0,bench,9,2025,12.3,joeburrowmvp
1,Mack Hollins,4177,WR,14,0,0,bench,9,2025,0,joeburrowmvp
1,Nick Chubb,4988,RB,14,0.30000000000000004,0,bench,8,2025,2.7,joeburrowmvp
1,Kyler Murray,5849,QB,14,0,0,bench,7,2025,0,joeburrowmvp
1,Jerry Jeudy,6783,WR,14,16.6,0,bench,6,2025,7.2,joeburrowmvp
1,Brandon Aiyuk,6803,WR,14,0,0,bench,6,2025,0,joeburrowmvp
1,Kyle Pitts,7553,TE,14,15,0,bench,5,2025,12.1,joeburrowmvp
1,Brian Robinson Jr.,8154,RB,14,0,0,bench,4,2025,0,joeburrowmvp
1,Aaron Rodgers,96,QB,14,21.46,0,bench,21,2025,13.7,joeburrowmvp
1,Indianapolis Colts,IND,DST,14,3,0,bench,NA,2025,4,joeburrowmvp
6,Chris Rodriguez Jr.,10219,RB,14,5.2,0,bench,3,2025,6.2,jzeigboi
6,Blake Corum,11586,RB,14,26.1,0,bench,2,2025,4.5,jzeigboi
6,Rome Odunze,11620,WR,14,0,0,bench,2,2025,0,jzeigboi
6,Troy Franklin,11627,WR,14,4.1,0,bench,2,2025,12.3,jzeigboi
6,Jalen Royals,12505,WR,14,0,0,bench,1,2025,0,jzeigboi
6,Colston Loveland,12517,TE,14,12.9,0,bench,1,2025,9,jzeigboi
6,Isaac TeSlaa,12535,WR,14,10,0,bench,1,2025,8.8,jzeigboi
6,Chimere Dike,12540,WR,14,13.4,0,bench,1,2025,7.2,jzeigboi
6,Keenan Allen,1479,WR,14,5.2,0,bench,13,2025,9.3,jzeigboi
6,Samaje Perine,4147,RB,14,4.8,0,bench,9,2025,9.1,jzeigboi
6,Tony Pollard,5967,RB,14,28.1,0,bench,7,2025,8.9,jzeigboi
6,Jalen Hurts,6904,QB,14,6.3999999999999995,0,bench,6,2025,21.9,jzeigboi
6,Najee Harris,7528,RB,14,0,0,bench,5,2025,0,jzeigboi
6,Cade Otton,8111,TE,14,4.9,0,bench,4,2025,4.8,jzeigboi
6,Cameron Dicker,8259,K,14,20,0,bench,4,2025,25,jzeigboi
6,Tank Dell,9502,WR,14,0,0,bench,3,2025,0,jzeigboi
6,Los Angeles Chargers,LAC,DST,14,12,0,bench,NA,2025,24,jzeigboi
3,Emanuel Wilson,11435,RB,14,1,0,bench,3,2025,5,lukestip
3,Jalen Coker,11646,WR,14,0,0,bench,2,2025,0,lukestip
3,Tyrone Tracy Jr.,11655,RB,14,0,0,bench,2,2025,0,lukestip
3,Devin Neal,12476,RB,14,15.4,0,bench,1,2025,10.7,lukestip
3,Jack Bech,12483,WR,14,11,0,bench,1,2025,2.6,lukestip
3,Matthew Golden,12501,WR,14,0,0,bench,1,2025,0,lukestip
3,Joe Mixon,4018,RB,14,0,0,bench,9,2025,0,lukestip
3,Jake Elliott,4195,K,14,16,0,bench,9,2025,26,lukestip
3,D.J. Moore,4983,WR,14,0.6,0,bench,8,2025,11.7,lukestip
3,Tua Tagovailoa,6768,QB,14,8.08,0,bench,6,2025,12.2,lukestip
3,Sean Tucker,9506,RB,14,8.9,0,bench,3,2025,2.9,lukestip
3,Will Levis,9999,QB,14,0,0,bench,3,2025,0,lukestip
3,New England Patriots,NE,DST,14,0,0,bench,NA,2025,29,lukestip
5,Jaleel McLaughlin,11439,RB,14,4.1000000000000005,0,bench,3,2025,2.5,ngernenz
5,Marvin Harrison Jr.,11628,WR,14,0,0,bench,2,2025,0,ngernenz
5,Kimani Vidal,11647,RB,14,11.4,0,bench,2,2025,7.3,ngernenz
5,Tez Johnson,12485,WR,14,0,0,bench,1,2025,8.8,ngernenz
5,Tory Horton,12497,WR,14,0,0,bench,1,2025,0,ngernenz
5,Gunnar Helm,12502,TE,14,1.8,0,bench,1,2025,6.4,ngernenz
5,Jalen Milroe,12510,QB,14,0,0,bench,1,2025,0,ngernenz
5,Elijah Arroyo,12521,TE,14,0,0,bench,1,2025,2.9,ngernenz
5,Tyler Loop,12711,K,14,9,0,bench,1,2025,17,ngernenz
5,Carson Wentz,3161,QB,14,0,0,bench,10,2025,0,ngernenz
5,David Njoku,4033,TE,14,7.1,0,bench,9,2025,7.2,ngernenz
5,Colby Parkinson,6865,TE,14,12.2,0,bench,6,2025,7,ngernenz
5,Davis Mills,7585,QB,14,0,0,bench,5,2025,0,ngernenz
5,Josh Downs,9500,WR,14,6.300000000000001,0,bench,3,2025,7.5,ngernenz
8,Xavier Legette,11626,WR,14,0,0,bench,2,2025,0,obiwanginobiIi
8,Savion Williams,12482,WR,14,0,0,bench,1,2025,0,obiwanginobiIi
8,Isaiah Bond,12503,WR,14,0,0,bench,1,2025,0,obiwanginobiIi
8,Jaxson Dart,12508,QB,14,0,0,bench,1,2025,0,obiwanginobiIi
8,Luther Burden,12519,WR,14,11,0,bench,1,2025,9.9,obiwanginobiIi
8,Jacory Croskey-Merritt,12533,RB,14,3.2,0,bench,1,2025,1.1,obiwanginobiIi
8,Jacoby Brissett,3257,QB,14,20.04,0,bench,10,2025,17.3,obiwanginobiIi
8,Darnell Mooney,7090,WR,14,1.6,0,bench,6,2025,8.3,obiwanginobiIi
8,Chuba Hubbard,7594,RB,14,0,0,bench,5,2025,0,obiwanginobiIi
8,Tyler Allgeier,8132,RB,14,8.700000000000001,0,bench,4,2025,7.1,obiwanginobiIi
8,Rachaad White,8136,RB,14,6.500000000000001,0,bench,4,2025,5.8,obiwanginobiIi
8,Anthony Richardson,9229,QB,14,0,0,bench,3,2025,0,obiwanginobiIi
8,Zach Charbonnet,9753,RB,14,8.600000000000001,0,bench,3,2025,8.7,obiwanginobiIi
8,Jordan Addison,9756,WR,14,10.2,0,bench,3,2025,9.5,obiwanginobiIi
9,Caleb Williams,11560,QB,15,18.98,6.810196078431373,starter,NA,2025,17.3,Arvs
9,Jaylen Warren,8228,RB,15,7.8,-2.219882352941176,starter,NA,2025,13.8,Arvs
9,Woody Marks,12474,RB,15,10.8,0.7801176470588249,starter,NA,2025,14.7,Arvs
9,Rashid Shaheed,8676,WR,15,12.1,2.7054117647058824,starter,NA,2025,8.1,Arvs
9,Chris Godwin,4037,WR,15,14,4.605411764705883,starter,NA,2025,11.2,Arvs
9,Theo Johnson,11597,TE,15,10.2,2.4798039215686263,starter,NA,2025,10.2,Arvs
9,Kyle Monangai,12534,RB,15,3.3,-6.719882352941176,starter,NA,2025,8.9,Arvs
9,Kenny Pickett,8160,QB,15,2.26,-9.909803921568628,starter,NA,2025,12.7,Arvs
9,Ka'imi Fairbairn,3451,K,15,17,8.501960784313725,starter,NA,2025,19,Arvs
9,Seattle Seahawks,SEA,DST,15,4,-0.465686274509804,starter,NA,2025,28,Arvs
7,Drake Maye,11564,QB,15,21.5,9.330196078431372,starter,NA,2025,19.3,ElatedBroncosFan
7,Christian McCaffrey,4034,RB,15,15.7,6.296735294117646,starter,NA,2025,24.2,ElatedBroncosFan
7,Bijan Robinson,9509,RB,15,29.5,20.096735294117646,starter,NA,2025,19.3,ElatedBroncosFan
7,Jaxon Smith-Njigba,9488,WR,15,18.3,8.280117647058825,starter,NA,2025,21.7,ElatedBroncosFan
7,Puka Nacua,9493,WR,15,27.9,17.880117647058825,starter,NA,2025,21.5,ElatedBroncosFan
7,Travis Kelce,1466,TE,15,14,6.279803921568627,starter,NA,2025,13.8,ElatedBroncosFan
7,A.J. Brown,5859,WR,15,12.1,2.080117647058824,starter,NA,2025,16.7,ElatedBroncosFan
7,Justin Herbert,6797,QB,15,11.4,-0.7698039215686272,starter,NA,2025,18.2,ElatedBroncosFan
7,Evan McPherson,7839,K,15,0,-8.498039215686275,starter,NA,2025,22,ElatedBroncosFan
7,Baltimore Ravens,BAL,DST,15,24,19.534313725490197,starter,NA,2025,7,ElatedBroncosFan
10,Marcus Mariota,2307,QB,15,14.74,2.5701960784313727,starter,NA,2025,17.1,Gretsch0401
10,Quinshon Judkins,12512,RB,15,4.7,-4.703264705882353,starter,NA,2025,13.4,Gretsch0401
10,Kenny Gainwell,7567,RB,15,19.6,10.196735294117648,starter,NA,2025,0,Gretsch0401
10,Chris Olave,8144,WR,15,20.5,10.480117647058824,starter,NA,2025,15.7,Gretsch0401
10,Davante Adams,2133,WR,15,11.1,1.0801176470588238,starter,NA,2025,17.8,Gretsch0401
10,George Kittle,4217,TE,15,22.8,15.079803921568628,starter,NA,2025,14.5,Gretsch0401
10,Jakobi Meyers,5947,WR,15,12.1,2.080117647058824,starter,NA,2025,14.3,Gretsch0401
10,C.J. Stroud,9758,QB,15,23.4,11.230196078431373,starter,NA,2025,15.9,Gretsch0401
10,Brandon Aubrey,11533,K,15,14.6,6.101960784313725,starter,NA,2025,32,Gretsch0401
10,Philadelphia Eagles,PHI,DST,15,16,11.534313725490197,starter,NA,2025,16,Gretsch0401
2,Brock Purdy,8183,QB,15,26.2,14.030196078431372,starter,NA,2025,17,SFOControl
2,De'Von Achane,9226,RB,15,18.7,9.296735294117646,starter,NA,2025,21.2,SFOControl
2,Devin Singletary,6130,RB,15,2.4,-7.003264705882353,starter,NA,2025,8,SFOControl
2,CeeDee Lamb,6786,WR,15,17.1,7.080117647058826,starter,NA,2025,17.2,SFOControl
2,Deebo Samuel Sr.,5872,WR,15,7.3,-2.719882352941176,starter,NA,2025,12.8,SFOControl
2,Juwan Johnson,7002,TE,15,7,-0.720196078431373,starter,NA,2025,11.2,SFOControl
2,Mike Evans,2216,WR,15,19.2,9.180117647058823,starter,NA,2025,9.6,SFOControl
2,Patrick Mahomes,4046,QB,15,14.06,1.890196078431373,starter,NA,2025,18.5,SFOControl
2,Eddy Pineiro,5189,K,15,14,5.5019607843137255,starter,NA,2025,27,SFOControl
2,Buffalo Bills,BUF,DST,15,5,0.534313725490196,starter,NA,2025,21,SFOControl
12,Baker Mayfield,4892,QB,15,20.18,12.681460784313725,starter,NA,2025,15.9,TheJandyStock
12,Saquon Barkley,4866,RB,15,17.2,5.030196078431372,starter,NA,2025,16.7,TheJandyStock
12,Derrick Henry,3198,RB,15,10,-2.1698039215686276,starter,NA,2025,15.3,TheJandyStock
12,Rashee Rice,10229,WR,15,12.1,-0.06980392156862791,starter,NA,2025,17.9,TheJandyStock
12,George Pickens,8137,WR,15,6.3,-5.869803921568628,starter,NA,2025,16.7,TheJandyStock
12,Harold Fannin,12506,TE,15,12,4.279803921568627,starter,NA,2025,13.3,TheJandyStock
12,TreVeyon Henderson,12529,RB,15,30.1,17.930196078431372,starter,NA,2025,14.3,TheJandyStock
12,Stefon Diggs,2449,WR,15,5.6,-6.569803921568628,starter,NA,2025,13.3,TheJandyStock
12,Harrison Butker,4227,K,15,8,-0.4980392156862745,starter,NA,2025,9,TheJandyStock
12,Pittsburgh Steelers,PIT,DST,15,7,2.534313725490196,starter,NA,2025,30,TheJandyStock
11,Lamar Jackson,4881,QB,15,15.6,8.101460784313726,starter,NA,2025,17.9,akondratieff
11,Rhamondre Stevenson,7611,RB,15,10.7,1.2967352941176458,starter,NA,2025,9.1,akondratieff
11,Breece Hall,8155,RB,15,5.7,-3.703264705882354,starter,NA,2025,14.6,akondratieff
11,Jauan Jennings,7049,WR,15,18.7,6.530196078431372,starter,NA,2025,13,akondratieff
11,Michael Pittman Jr.,6819,WR,15,5.6,-6.569803921568628,starter,NA,2025,12.4,akondratieff
11,Hunter Henry,3214,TE,15,2.8,-4.920196078431373,starter,NA,2025,10.6,akondratieff
11,Jameson Williams,8148,WR,15,26.4,14.230196078431373,starter,NA,2025,16.8,akondratieff
11,Jaylen Waddle,7526,WR,15,4.6,-7.569803921568628,starter,NA,2025,13.5,akondratieff
11,Cairo Santos,2020,K,15,7,-1.4980392156862743,starter,NA,2025,14,akondratieff
11,Los Angeles Rams,LAR,DST,15,0,-4.465686274509804,starter,NA,2025,22,akondratieff
4,Joe Burrow,6770,QB,15,7.5,-4.669803921568628,starter,NA,2025,19.4,caskinner
4,Chase Brown,9224,RB,15,16,5.980117647058824,starter,NA,2025,16.4,caskinner
4,James Cook,8138,RB,15,31.1,21.080117647058827,starter,NA,2025,16.9,caskinner
4,Tetairoa McMillan,12526,WR,15,4.5,-4.894588235294117,starter,NA,2025,14.5,caskinner
4,Amon-Ra St. Brown,7547,WR,15,41.4,32.00541176470588,starter,NA,2025,18.8,caskinner
4,Trey McBride,8130,TE,15,37.4,29.679803921568627,starter,NA,2025,17.4,caskinner
4,Jonathan Taylor,6813,RB,15,13.1,3.080117647058824,starter,NA,2025,20.1,caskinner
4,Matthew Stafford,421,QB,15,21.92,9.750196078431374,starter,NA,2025,20.1,caskinner
4,Chase McLaughlin,6650,K,15,11,2.5019607843137255,starter,NA,2025,30,caskinner
4,Tampa Bay Buccaneers,TB,DST,15,5,0.534313725490196,starter,NA,2025,26,caskinner
1,Aaron Rodgers,96,QB,15,16.96,4.790196078431373,starter,NA,2025,15.3,joeburrowmvp
1,Kareem Hunt,4098,RB,15,3,-6.4032647058823535,starter,NA,2025,11.7,joeburrowmvp
1,Ashton Jeanty,12527,RB,15,8.2,-1.2032647058823542,starter,NA,2025,13.3,joeburrowmvp
1,DeVonta Smith,7525,WR,15,7,-3.019882352941176,starter,NA,2025,13.4,joeburrowmvp
1,Nico Collins,7569,WR,15,23.5,13.480117647058824,starter,NA,2025,17,joeburrowmvp
1,Kyle Pitts,7553,TE,15,45.6,37.87980392156863,starter,NA,2025,12.7,joeburrowmvp
1,Ja'Marr Chase,7564,WR,15,23.2,13.180117647058823,starter,NA,2025,21,joeburrowmvp
1,Jared Goff,3163,QB,15,25.52,13.350196078431372,starter,NA,2025,18.5,joeburrowmvp
1,Andy Borregales,12713,K,15,7,-1.4980392156862743,starter,NA,2025,23,joeburrowmvp
1,San Francisco 49ers,SF,DST,15,0,-4.465686274509804,starter,NA,2025,15,joeburrowmvp
6,Josh Allen,4984,QB,15,24.52,12.350196078431372,starter,NA,2025,24.1,jzeigboi
6,Jahmyr Gibbs,9221,RB,15,9.8,0.3967352941176472,starter,NA,2025,22.1,jzeigboi
6,D'Andre Swift,6790,RB,15,22.6,13.196735294117648,starter,NA,2025,13.2,jzeigboi
6,Khalil Shakir,8134,WR,15,11.5,1.4801176470588242,starter,NA,2025,12.3,jzeigboi
6,Zay Flowers,9997,WR,15,15.8,5.780117647058825,starter,NA,2025,13.5,jzeigboi
6,Mike Gesicki,4993,TE,15,2.1,-5.620196078431373,starter,NA,2025,10.3,jzeigboi
6,Troy Franklin,11627,WR,15,20.8,10.780117647058823,starter,NA,2025,10.5,jzeigboi
6,Jalen Hurts,6904,QB,15,22.9,10.730196078431373,starter,NA,2025,20.1,jzeigboi
6,Cameron Dicker,8259,K,15,12,3.5019607843137255,starter,NA,2025,25,jzeigboi
6,Jacksonville Jaguars,JAX,DST,15,10,5.534313725490196,starter,NA,2025,19,jzeigboi
3,Dak Prescott,3294,QB,15,11.96,-0.2098039215686267,starter,NA,2025,19,lukestip
3,Javonte Williams,7588,RB,15,15.1,5.696735294117646,starter,NA,2025,13.2,lukestip
3,Kenneth Walker III,8151,RB,15,2.9,-6.503264705882353,starter,NA,2025,12.5,lukestip
3,Justin Jefferson,6794,WR,15,4.2,-5.819882352941176,starter,NA,2025,12.4,lukestip
3,Alec Pierce,8142,WR,15,2.6,-7.419882352941176,starter,NA,2025,7.3,lukestip
3,Brock Bowers,11604,TE,15,8.8,1.0798039215686277,starter,NA,2025,15.3,lukestip
3,Adonai Mitchell,11625,WR,15,17.4,7.380117647058823,starter,NA,2025,8.4,lukestip
3,Sam Darnold,4943,QB,15,11.34,-0.8298039215686277,starter,NA,2025,15.7,lukestip
3,Wil Lutz,3678,K,15,4,-4.4980392156862745,starter,NA,2025,20,lukestip
3,Minnesota Vikings,MIN,DST,15,2,-2.465686274509804,starter,NA,2025,10,lukestip
5,Trevor Lawrence,7523,QB,15,44.3,32.13019607843137,starter,NA,2025,17.2,ngernenz
5,Bucky Irving,11584,RB,15,8.1,-1.303264705882354,starter,NA,2025,16,ngernenz
5,Travis Etienne,7543,RB,15,31.5,22.096735294117646,starter,NA,2025,13.8,ngernenz
5,Ladd McConkey,11635,WR,15,4,-6.019882352941176,starter,NA,2025,15.2,ngernenz
5,Emeka Egbuka,12514,WR,15,10.4,0.38011764705882456,starter,NA,2025,12.8,ngernenz
5,Colby Parkinson,6865,TE,15,24.5,16.77980392156863,starter,NA,2025,7.2,ngernenz
5,Jayden Higgins,12484,WR,15,1.4,-8.619882352941175,starter,NA,2025,9.6,ngernenz
5,J.J. McCarthy,11565,QB,15,24.5,12.330196078431372,starter,NA,2025,15.6,ngernenz
5,Tyler Loop,12711,K,15,6,-2.4980392156862745,starter,NA,2025,17,ngernenz
5,Chicago Bears,CHI,DST,15,18,13.534313725490197,starter,NA,2025,9,ngernenz
8,Jaxson Dart,12508,QB,15,23.14,10.970196078431371,starter,NA,2025,17.7,obiwanginobiIi
8,Omarion Hampton,12507,RB,15,7.5,-1.9032647058823535,starter,NA,2025,13,obiwanginobiIi
8,RJ Harvey,12489,RB,15,10.5,1.0967352941176465,starter,NA,2025,14.2,obiwanginobiIi
8,Michael Wilson,10232,WR,15,16.4,6.380117647058823,starter,NA,2025,16.1,obiwanginobiIi
8,Jordan Addison,9756,WR,15,8.6,-1.4198823529411762,starter,NA,2025,10.8,obiwanginobiIi
8,Dalton Kincaid,10236,TE,15,6.4,-1.3201960784313729,starter,NA,2025,12.5,obiwanginobiIi
8,Darnell Mooney,7090,WR,15,6.5,-3.519882352941176,starter,NA,2025,7.7,obiwanginobiIi
8,Brady Cook,12538,QB,15,11.94,-0.22980392156862808,starter,NA,2025,11.6,obiwanginobiIi
8,Jake Bates,11539,K,15,10,1.5019607843137257,starter,NA,2025,28,obiwanginobiIi
8,Denver Broncos,DEN,DST,15,7,2.534313725490196,starter,NA,2025,32,obiwanginobiIi
9,Michael Penix Jr.,11559,QB,15,0,0,bench,2,2025,0,Arvs
9,Xavier Worthy,11624,WR,15,5.5,0,bench,2,2025,10.1,Arvs
9,Malik Nabers,11632,WR,15,0,0,bench,2,2025,0,Arvs
9,Kirk Cousins,1166,QB,15,25.92,0,bench,14,2025,12.6,Arvs
9,Devaughn Vele,11834,WR,15,11.9,0,bench,2,2025,8.1,Arvs
9,Cam Skattebo,12481,RB,15,0,0,bench,1,2025,0,Arvs
9,Cameron Ward,12522,QB,15,15,0,bench,1,2025,11.7,Arvs
9,Aaron Jones,4199,RB,15,9.5,0,bench,9,2025,10.2,Arvs
9,Mark Andrews,5012,TE,15,3.8,0,bench,8,2025,11.8,Arvs
9,Jake Ferguson,8110,TE,15,3.6,0,bench,4,2025,12.6,Arvs
9,Garrett Wilson,8146,WR,15,0,0,bench,4,2025,0,Arvs
9,Jordan Mason,8408,RB,15,2.9000000000000004,0,bench,4,2025,6.5,Arvs
7,AJ Barner,11603,TE,15,5.7,0,bench,2,2025,9.1,ElatedBroncosFan
7,Jalen McMillan,11618,WR,15,5.800000000000001,0,bench,2,2025,0,ElatedBroncosFan
7,Keon Coleman,11637,WR,15,0,0,bench,2,2025,4.2,ElatedBroncosFan
7,Jaydon Blue,12457,RB,15,0,0,bench,1,2025,0,ElatedBroncosFan
7,Pat Bryant,12492,WR,15,0,0,bench,1,2025,0,ElatedBroncosFan
7,Oronde Gadsden,12493,TE,15,0,0,bench,1,2025,0,ElatedBroncosFan
7,Mason Taylor,12498,TE,15,0,0,bench,1,2025,0,ElatedBroncosFan
7,Geno Smith,1373,QB,15,0,0,bench,13,2025,0,ElatedBroncosFan
7,DK Metcalf,5846,WR,15,14.5,0,bench,7,2025,14.6,ElatedBroncosFan
7,Rico Dowdle,7021,RB,15,12.4,0,bench,6,2025,13.2,ElatedBroncosFan
7,Kyren Williams,8150,RB,15,21.8,0,bench,4,2025,13.1,ElatedBroncosFan
7,Parker Washington,9487,WR,15,8.3,0,bench,3,2025,8.5,ElatedBroncosFan
7,Kayshon Boutte,9504,WR,15,4,0,bench,3,2025,9.2,ElatedBroncosFan
7,Kendre Miller,9757,RB,15,0,0,bench,3,2025,0,ElatedBroncosFan
7,New Orleans Saints,NO,DST,15,4,0,bench,NA,2025,27,ElatedBroncosFan
10,Jayden Daniels,11566,QB,15,0,0,bench,2,2025,0,Gretsch0401
10,Elic Ayomanor,12499,WR,15,2.7,0,bench,1,2025,5.1,Gretsch0401
10,Darren Waller,2505,TE,15,25.6,0,bench,11,2025,7.7,Gretsch0401
10,Jason Myers,2747,K,15,24,0,bench,11,2025,31,Gretsch0401
10,Tyreek Hill,3321,WR,15,0,0,bench,10,2025,0,Gretsch0401
10,Alvin Kamara,4035,RB,15,0,0,bench,9,2025,0,Gretsch0401
10,Justin Fields,7591,QB,15,0,0,bench,5,2025,0,Gretsch0401
10,Romeo Doubs,8121,WR,15,5.6,0,bench,4,2025,8.6,Gretsch0401
10,Christian Watson,8167,WR,15,5.9,0,bench,4,2025,12.4,Gretsch0401
10,Isiah Pacheco,8205,RB,15,2.1,0,bench,4,2025,4.6,Gretsch0401
10,Kansas City Chiefs,KC,DST,15,7,0,bench,NA,2025,3,Gretsch0401
2,Austin Ekeler,4663,RB,15,0,0,bench,9,2025,0,SFOControl
2,Daniel Carlson,5095,K,15,0,0,bench,8,2025,8,SFOControl
2,Hollywood Brown,5848,WR,15,0,0,bench,7,2025,0,SFOControl
2,Darius Slayton,6149,WR,15,9.3,0,bench,7,2025,9.4,SFOControl
2,J.K. Dobbins,6806,RB,15,0,0,bench,6,2025,0,SFOControl
2,Tyler Bass,7042,K,15,0,0,bench,6,2025,0,SFOControl
2,Drake London,8112,WR,15,0,0,bench,4,2025,0,SFOControl
2,Bam Knight,8122,RB,15,-0.2,0,bench,4,2025,10.2,SFOControl
2,Isaiah Likely,8131,TE,15,0,0,bench,4,2025,10,SFOControl
2,Jake Tonges,8698,TE,15,0,0,bench,4,2025,0,SFOControl
2,Detroit Lions,DET,DST,15,0,0,bench,NA,2025,31,SFOControl
12,Sam LaPorta,10859,TE,15,0,0,bench,3,2025,0,TheJandyStock
12,Jonathon Brooks,11583,RB,15,0,0,bench,2,2025,0,TheJandyStock
12,Russell Wilson,1234,QB,15,0,0,bench,14,2025,0,TheJandyStock
12,Brashard Smith,12455,RB,15,0.1,0,bench,1,2025,0,TheJandyStock
12,Jaylin Noel,12536,WR,15,0,0,bench,1,2025,0,TheJandyStock
12,Tyler Shough,12545,QB,15,18.08,0,bench,1,2025,15.6,TheJandyStock
12,Adam Thielen,1689,WR,15,1.7000000000000002,0,bench,13,2025,3.3,TheJandyStock
12,Chris Boswell,1945,K,15,4,0,bench,12,2025,29,TheJandyStock
12,Calvin Ridley,4981,WR,15,0,0,bench,8,2025,0,TheJandyStock
12,Josh Jacobs,5850,RB,15,23.2,0,bench,7,2025,16,TheJandyStock
12,Jordan Love,6804,QB,15,15.94,0,bench,6,2025,16.1,TheJandyStock
12,Pat Freiermuth,7600,TE,15,7.5,0,bench,5,2025,5.4,TheJandyStock
12,Wan'Dale Robinson,8126,WR,15,16.4,0,bench,4,2025,12.9,TheJandyStock
12,Cleveland Browns,CLE,DST,15,2,0,bench,NA,2025,17,TheJandyStock
11,Tre Tucker,10213,WR,15,0,0,bench,3,2025,7.4,akondratieff
11,Brian Thomas Jr.,11631,WR,15,17.1,0,bench,2,2025,12,akondratieff
11,Dylan Sampson,12469,RB,15,0,0,bench,1,2025,0,akondratieff
11,Bhayshul Tuten,12490,RB,15,9.3,0,bench,1,2025,6.3,akondratieff
11,Travis Hunter,12530,WR,15,0,0,bench,1,2025,0,akondratieff
11,Tyler Lockett,2374,WR,15,3,0,bench,11,2025,6.7,akondratieff
11,Evan Engram,4066,TE,15,2.2,0,bench,9,2025,9.1,akondratieff
11,James Conner,4137,RB,15,0,0,bench,9,2025,0,akondratieff
11,Greg Dortch,5970,WR,15,0,0,bench,7,2025,0,akondratieff
11,John Metchie III,8147,WR,15,6.9,0,bench,4,2025,10.5,akondratieff
11,Tucker Kraft,9484,TE,15,0,0,bench,3,2025,0,akondratieff
11,Green Bay Packers,GB,DST,15,2,0,bench,NA,2025,20,akondratieff
4,Trey Benson,11589,RB,15,0,0,bench,2,2025,0,caskinner
4,Ricky Pearsall,11638,WR,15,15.6,0,bench,2,2025,7.5,caskinner
4,DJ Giddens,12471,RB,15,0,0,bench,1,2025,0,caskinner
4,Ollie Gordon,12495,RB,15,0,0,bench,1,2025,1.9,caskinner
4,Kaleb Johnson,12504,RB,15,0.4,0,bench,1,2025,0.6,caskinner
4,Dalton Schultz,5001,TE,15,21.6,0,bench,8,2025,11.2,caskinner
4,Dallas Goedert,5022,TE,15,25,0,bench,8,2025,10.1,caskinner
4,Courtland Sutton,5045,WR,15,24.3,0,bench,8,2025,13.5,caskinner
4,Daniel Jones,5870,QB,15,0,0,bench,7,2025,0,caskinner
4,Terry McLaurin,5927,WR,15,15.9,0,bench,7,2025,13.3,caskinner
4,Mac Jones,7527,QB,15,0,0,bench,5,2025,0,caskinner
4,Tank Bigsby,9225,RB,15,5.7,0,bench,3,2025,0.9,caskinner
4,Bryce Young,9228,QB,15,15.42,0,bench,3,2025,14.9,caskinner
4,Tyjae Spears,9508,RB,15,5.6000000000000005,0,bench,3,2025,9.6,caskinner
4,Quentin Johnston,9754,WR,15,0,0,bench,3,2025,0,caskinner
1,Jayden Reed,10222,WR,15,10.5,0,bench,3,2025,12.2,joeburrowmvp
1,Ryan Flournoy,11783,WR,15,8,0,bench,2,2025,7.7,joeburrowmvp
1,Quinn Ewers,12500,QB,15,0,0,bench,1,2025,0,joeburrowmvp
1,Tyler Warren,12518,TE,15,4.9,0,bench,1,2025,10.5,joeburrowmvp
1,Shedeur Sanders,12524,QB,15,6.48,0,bench,1,2025,11.4,joeburrowmvp
1,Tahj Brooks,12543,RB,15,0,0,bench,1,2025,0,joeburrowmvp
1,Nick Chubb,4988,RB,15,0,0,bench,8,2025,1,joeburrowmvp
1,Kyler Murray,5849,QB,15,0,0,bench,7,2025,0,joeburrowmvp
1,David Montgomery,5892,RB,15,9.2,0,bench,7,2025,7.7,joeburrowmvp
1,Jerry Jeudy,6783,WR,15,4.2,0,bench,6,2025,7.6,joeburrowmvp
1,Brandon Aiyuk,6803,WR,15,0,0,bench,6,2025,0,joeburrowmvp
1,Brian Robinson Jr.,8154,RB,15,2.1,0,bench,4,2025,3.2,joeburrowmvp
1,Tyrod Taylor,827,QB,15,0,0,bench,15,2025,0,joeburrowmvp
1,Houston Texans,HOU,DST,15,6,0,bench,NA,2025,23,joeburrowmvp
6,Chris Rodriguez Jr.,10219,RB,15,0,0,bench,3,2025,0,jzeigboi
6,Blake Corum,11586,RB,15,13.1,0,bench,2,2025,4.7,jzeigboi
6,Rome Odunze,11620,WR,15,0,0,bench,2,2025,11,jzeigboi
6,Jalen Royals,12505,WR,15,0,0,bench,1,2025,0,jzeigboi
6,Colston Loveland,12517,TE,15,10.1,0,bench,1,2025,7,jzeigboi
6,Isaac TeSlaa,12535,WR,15,0,0,bench,1,2025,8.5,jzeigboi
6,Chimere Dike,12540,WR,15,5,0,bench,1,2025,7.2,jzeigboi
6,Keenan Allen,1479,WR,15,7.6,0,bench,13,2025,9.8,jzeigboi
6,Samaje Perine,4147,RB,15,4.3,0,bench,9,2025,7.1,jzeigboi
6,Tony Pollard,5967,RB,15,18.2,0,bench,7,2025,9.6,jzeigboi
6,Tee Higgins,6801,WR,15,0,0,bench,6,2025,0,jzeigboi
6,Najee Harris,7528,RB,15,0,0,bench,5,2025,0,jzeigboi
6,Cade Otton,8111,TE,15,0,0,bench,4,2025,0,jzeigboi
6,Brenton Strange,9480,TE,15,3.6,0,bench,3,2025,11.5,jzeigboi
6,Tank Dell,9502,WR,15,0,0,bench,3,2025,0,jzeigboi
3,Emanuel Wilson,11435,RB,15,0.30000000000000004,0,bench,3,2025,3.5,lukestip
3,Jalen Coker,11646,WR,15,14,0,bench,2,2025,6.9,lukestip
3,Tyrone Tracy Jr.,11655,RB,15,24.7,0,bench,2,2025,10.2,lukestip
3,Devin Neal,12476,RB,15,10.2,0,bench,1,2025,11.3,lukestip
3,Jack Bech,12483,WR,15,3.7,0,bench,1,2025,4.8,lukestip
3,Matthew Golden,12501,WR,15,8.5,0,bench,1,2025,0,lukestip
3,Joe Mixon,4018,RB,15,0,0,bench,9,2025,0,lukestip
3,Jake Elliott,4195,K,15,7,0,bench,9,2025,26,lukestip
3,D.J. Moore,4983,WR,15,22.9,0,bench,8,2025,8.3,lukestip
3,Tua Tagovailoa,6768,QB,15,17.220000000000002,0,bench,6,2025,11.9,lukestip
3,Sean Tucker,9506,RB,15,6.7,0,bench,3,2025,1.1,lukestip
3,Will Levis,9999,QB,15,0,0,bench,3,2025,0,lukestip
3,New England Patriots,NE,DST,15,-2,0,bench,NA,2025,29,lukestip
5,Ben Sinnott,11596,TE,15,4.6,0,bench,2,2025,2.8,ngernenz
5,Marvin Harrison Jr.,11628,WR,15,0,0,bench,2,2025,0,ngernenz
5,Jaylen Wright,11643,RB,15,2.1,0,bench,2,2025,1,ngernenz
5,Kimani Vidal,11647,RB,15,5.800000000000001,0,bench,2,2025,10.1,ngernenz
5,Riley Leonard,12470,QB,15,0,0,bench,1,2025,0,ngernenz
5,Tez Johnson,12485,WR,15,0,0,bench,1,2025,2.9,ngernenz
5,Tory Horton,12497,WR,15,0,0,bench,1,2025,0,ngernenz
5,Gunnar Helm,12502,TE,15,14.9,0,bench,1,2025,6.4,ngernenz
5,Jalen Milroe,12510,QB,15,0,0,bench,1,2025,0,ngernenz
5,Elijah Arroyo,12521,TE,15,0,0,bench,1,2025,0,ngernenz
5,Carson Wentz,3161,QB,15,0,0,bench,10,2025,0,ngernenz
5,David Njoku,4033,TE,15,0,0,bench,9,2025,0,ngernenz
5,Davis Mills,7585,QB,15,0,0,bench,5,2025,0,ngernenz
5,Josh Downs,9500,WR,15,10.3,0,bench,3,2025,5.9,ngernenz
8,Bo Nix,11563,QB,15,29.08,0,bench,2,2025,16,obiwanginobiIi
8,Malik Washington,11610,WR,15,2,0,bench,2,2025,7.7,obiwanginobiIi
8,Xavier Legette,11626,WR,15,5.9,0,bench,2,2025,6.6,obiwanginobiIi
8,Savion Williams,12482,WR,15,0,0,bench,1,2025,0,obiwanginobiIi
8,Isaiah Bond,12503,WR,15,10.9,0,bench,1,2025,0,obiwanginobiIi
8,Luther Burden,12519,WR,15,14.4,0,bench,1,2025,8,obiwanginobiIi
8,Jacory Croskey-Merritt,12533,RB,15,14.6,0,bench,1,2025,7.5,obiwanginobiIi
8,Jacoby Brissett,3257,QB,15,21.56,0,bench,10,2025,15.7,obiwanginobiIi
8,T.J. Hockenson,5844,TE,15,10.6,0,bench,7,2025,7.4,obiwanginobiIi
8,Chuba Hubbard,7594,RB,15,4.800000000000001,0,bench,5,2025,11.4,obiwanginobiIi
8,Tyler Allgeier,8132,RB,15,1.8,0,bench,4,2025,8.3,obiwanginobiIi
8,Rachaad White,8136,RB,15,3.6,0,bench,4,2025,6.7,obiwanginobiIi
8,Anthony Richardson,9229,QB,15,0,0,bench,3,2025,0,obiwanginobiIi
8,Zach Charbonnet,9753,RB,15,3.1,0,bench,3,2025,8.8,obiwanginobiIi
9,Caleb Williams,11560,QB,16,21,11.286029411764703,starter,NA,2025,16.5,Arvs
9,Jaylen Warren,8228,RB,16,29.1,19.85595098039216,starter,NA,2025,13,Arvs
9,Aaron Jones,4199,RB,16,11.3,2.055950980392158,starter,NA,2025,11,Arvs
9,Xavier Worthy,11624,WR,16,6.1,-2.717088235294117,starter,NA,2025,11.7,Arvs
9,Chris Godwin,4037,WR,16,8,-0.8170882352941167,starter,NA,2025,10.4,Arvs
9,Theo Johnson,11597,TE,16,0,-7.113529411764706,starter,NA,2025,11.7,Arvs
9,Michael Carter,7607,RB,16,6.5,-2.744049019607843,starter,NA,2025,9.5,Arvs
9,Kirk Cousins,1166,QB,16,18.58,8.866029411764703,starter,NA,2025,13.6,Arvs
9,Ka'imi Fairbairn,3451,K,16,16,7.968627450980394,starter,NA,2025,19,Arvs
9,Seattle Seahawks,SEA,DST,16,2,-3.049019607843137,starter,NA,2025,28,Arvs
7,Drake Maye,11564,QB,16,24.7,14.986029411764704,starter,NA,2025,19.1,ElatedBroncosFan
7,Christian McCaffrey,4034,RB,16,32.6,24.509235294117648,starter,NA,2025,20.3,ElatedBroncosFan
7,Bijan Robinson,9509,RB,16,29.8,21.709235294117647,starter,NA,2025,21.7,ElatedBroncosFan
7,Jaxon Smith-Njigba,9488,WR,16,23.6,14.35595098039216,starter,NA,2025,20.7,ElatedBroncosFan
7,Puka Nacua,9493,WR,16,46.5,37.25595098039216,starter,NA,2025,21.8,ElatedBroncosFan
7,Travis Kelce,1466,TE,16,1.6,-5.513529411764706,starter,NA,2025,14.7,ElatedBroncosFan
7,A.J. Brown,5859,WR,16,18.5,9.255950980392155,starter,NA,2025,16.1,ElatedBroncosFan
7,Justin Herbert,6797,QB,16,30.2,20.486029411764704,starter,NA,2025,17.5,ElatedBroncosFan
7,Evan McPherson,7839,K,16,10,1.968627450980394,starter,NA,2025,22,ElatedBroncosFan
7,New Orleans Saints,NO,DST,16,20,14.950980392156865,starter,NA,2025,27,ElatedBroncosFan
10,Marcus Mariota,2307,QB,16,3.7,-6.013970588235295,starter,NA,2025,17.4,Gretsch0401
10,Quinshon Judkins,12512,RB,16,10.1,2.009235294117646,starter,NA,2025,12.1,Gretsch0401
10,Kenny Gainwell,7567,RB,16,23.8,15.709235294117647,starter,NA,2025,0,Gretsch0401
10,Chris Olave,8144,WR,16,36.8,27.55595098039215,starter,NA,2025,16.4,Gretsch0401
10,Romeo Doubs,8121,WR,16,19.4,10.155950980392156,starter,NA,2025,8.3,Gretsch0401
10,George Kittle,4217,TE,16,24.5,17.386470588235294,starter,NA,2025,14.3,Gretsch0401
10,Jakobi Meyers,5947,WR,16,8.6,-0.6440490196078432,starter,NA,2025,13.2,Gretsch0401
10,C.J. Stroud,9758,QB,16,11.48,1.7660294117647055,starter,NA,2025,16.4,Gretsch0401
10,Brandon Aubrey,11533,K,16,5,-3.031372549019606,starter,NA,2025,32,Gretsch0401
10,Kansas City Chiefs,KC,DST,16,3,-2.049019607843137,starter,NA,2025,3,Gretsch0401
2,Brock Purdy,8183,QB,16,31.9,25.27412745098039,starter,NA,2025,17.8,SFOControl
2,De'Von Achane,9226,RB,16,18,9.909235294117646,starter,NA,2025,22.5,SFOControl
2,Devin Singletary,6130,RB,16,5.6,-2.490764705882354,starter,NA,2025,5.9,SFOControl
2,CeeDee Lamb,6786,WR,16,11.1,1.3860294117647047,starter,NA,2025,17.9,SFOControl
2,Deebo Samuel Sr.,5872,WR,16,6.5,-3.213970588235295,starter,NA,2025,12,SFOControl
2,Juwan Johnson,7002,TE,16,16.9,9.786470588235291,starter,NA,2025,11.6,SFOControl
2,Mike Evans,2216,WR,16,14.1,4.386029411764705,starter,NA,2025,14.7,SFOControl
2,Drake London,8112,WR,16,5.7,-4.013970588235295,starter,NA,2025,15.6,SFOControl
2,Eddy Pineiro,5189,K,16,11,2.968627450980394,starter,NA,2025,27,SFOControl
2,Buffalo Bills,BUF,DST,16,8,2.950980392156863,starter,NA,2025,21,SFOControl
12,Baker Mayfield,4892,QB,16,13.7,7.0741274509803915,starter,NA,2025,17,TheJandyStock
12,Saquon Barkley,4866,RB,16,21.2,11.486029411764704,starter,NA,2025,17.8,TheJandyStock
12,Derrick Henry,3198,RB,16,22.8,13.086029411764706,starter,NA,2025,13.7,TheJandyStock
12,Rashee Rice,10229,WR,16,0,-9.713970588235297,starter,NA,2025,0,TheJandyStock
12,George Pickens,8137,WR,16,26,16.286029411764705,starter,NA,2025,15.4,TheJandyStock
12,Harold Fannin,12506,TE,16,19.5,12.386470588235294,starter,NA,2025,13.5,TheJandyStock
12,TreVeyon Henderson,12529,RB,16,2.2,-7.513970588235295,starter,NA,2025,14.6,TheJandyStock
12,Stefon Diggs,2449,WR,16,22.8,13.086029411764706,starter,NA,2025,11.5,TheJandyStock
12,Harrison Butker,4227,K,16,11,2.968627450980394,starter,NA,2025,9,TheJandyStock
12,Pittsburgh Steelers,PIT,DST,16,6,0.9509803921568628,starter,NA,2025,30,TheJandyStock
11,Lamar Jackson,4881,QB,16,4.74,-1.8858725490196075,starter,NA,2025,17.8,akondratieff
11,Rhamondre Stevenson,7611,RB,16,17.8,9.709235294117647,starter,NA,2025,9.5,akondratieff
11,Breece Hall,8155,RB,16,8.3,0.2092352941176472,starter,NA,2025,11.8,akondratieff
11,Jauan Jennings,7049,WR,16,18.1,8.386029411764707,starter,NA,2025,13.4,akondratieff
11,Michael Pittman Jr.,6819,WR,16,7.2,-2.5139705882352947,starter,NA,2025,10.5,akondratieff
11,Hunter Henry,3214,TE,16,15.5,8.386470588235294,starter,NA,2025,10.3,akondratieff
11,Jameson Williams,8148,WR,16,12,2.286029411764705,starter,NA,2025,16.9,akondratieff
11,Jaylen Waddle,7526,WR,16,12.2,2.4860294117647044,starter,NA,2025,13.4,akondratieff
11,Cairo Santos,2020,K,16,14,5.968627450980394,starter,NA,2025,14,akondratieff
11,Los Angeles Rams,LAR,DST,16,7,1.950980392156863,starter,NA,2025,22,akondratieff
4,Matthew Stafford,421,QB,16,30.88,21.166029411764704,starter,NA,2025,17.6,caskinner
4,Chase Brown,9224,RB,16,32.9,23.655950980392156,starter,NA,2025,16.1,caskinner
4,James Cook,8138,RB,16,26.4,17.155950980392156,starter,NA,2025,17.1,caskinner
4,Courtland Sutton,5045,WR,16,20.6,11.782911764705885,starter,NA,2025,14.5,caskinner
4,Amon-Ra St. Brown,7547,WR,16,9.4,0.5829117647058837,starter,NA,2025,20.6,caskinner
4,Trey McBride,8130,TE,16,6.7,-0.4135294117647055,starter,NA,2025,17.2,caskinner
4,Jonathan Taylor,6813,RB,16,16.9,7.655950980392156,starter,NA,2025,17.1,caskinner
4,Joe Burrow,6770,QB,16,28.96,19.246029411764702,starter,NA,2025,18.5,caskinner
4,Chase McLaughlin,6650,K,16,10,1.968627450980394,starter,NA,2025,30,caskinner
4,Tampa Bay Buccaneers,TB,DST,16,2,-3.049019607843137,starter,NA,2025,26,caskinner
1,Aaron Rodgers,96,QB,16,15.54,5.826029411764704,starter,NA,2025,15.7,joeburrowmvp
1,Kareem Hunt,4098,RB,16,0.2,-7.890764705882353,starter,NA,2025,10.9,joeburrowmvp
1,David Montgomery,5892,RB,16,1.4,-6.690764705882353,starter,NA,2025,7.4,joeburrowmvp
1,DeVonta Smith,7525,WR,16,16.2,6.955950980392156,starter,NA,2025,10.8,joeburrowmvp
1,Nico Collins,7569,WR,16,9.9,0.6559509803921575,starter,NA,2025,15.8,joeburrowmvp
1,Kyle Pitts,7553,TE,16,18.7,11.586470588235294,starter,NA,2025,12.5,joeburrowmvp
1,Ja'Marr Chase,7564,WR,16,19.9,10.655950980392156,starter,NA,2025,22.4,joeburrowmvp
1,Jared Goff,3163,QB,16,26.46,16.746029411764706,starter,NA,2025,19,joeburrowmvp
1,Andy Borregales,12713,K,16,10,1.968627450980394,starter,NA,2025,23,joeburrowmvp
1,Houston Texans,HOU,DST,16,12,6.950980392156863,starter,NA,2025,23,joeburrowmvp
6,Josh Allen,4984,QB,16,6.9,-2.8139705882352946,starter,NA,2025,25.7,jzeigboi
6,Jahmyr Gibbs,9221,RB,16,22.8,14.709235294117647,starter,NA,2025,21.4,jzeigboi
6,D'Andre Swift,6790,RB,16,9,0.9092352941176464,starter,NA,2025,13.2,jzeigboi
6,Khalil Shakir,8134,WR,16,7.4,-1.8440490196078425,starter,NA,2025,12.6,jzeigboi
6,Zay Flowers,9997,WR,16,21.2,11.955950980392156,starter,NA,2025,13.3,jzeigboi
6,Brenton Strange,9480,TE,16,14.9,7.786470588235295,starter,NA,2025,10,jzeigboi
6,Tee Higgins,6801,WR,16,14.3,5.055950980392158,starter,NA,2025,14.8,jzeigboi
6,Jalen Hurts,6904,QB,16,19.4,9.686029411764704,starter,NA,2025,21.5,jzeigboi
6,Cameron Dicker,8259,K,16,10,1.968627450980394,starter,NA,2025,25,jzeigboi
6,Jacksonville Jaguars,JAX,DST,16,6,0.9509803921568628,starter,NA,2025,19,jzeigboi
3,Dak Prescott,3294,QB,16,19.16,9.446029411764703,starter,NA,2025,18.8,lukestip
3,Javonte Williams,7588,RB,16,6.3,-2.944049019607843,starter,NA,2025,12.1,lukestip
3,Tyrone Tracy Jr.,11655,RB,16,9.8,0.5559509803921578,starter,NA,2025,11,lukestip
3,Justin Jefferson,6794,WR,16,14.5,5.682911764705883,starter,NA,2025,11.9,lukestip
3,Jalen Coker,11646,WR,16,7.7,-1.1170882352941165,starter,NA,2025,7.1,lukestip
3,Brock Bowers,11604,TE,16,14.3,7.186470588235295,starter,NA,2025,13.9,lukestip
3,Kenneth Walker III,8151,RB,16,25.4,16.155950980392156,starter,NA,2025,11,lukestip
3,Sam Darnold,4943,QB,16,21.5,11.786029411764703,starter,NA,2025,15.6,lukestip
3,Wil Lutz,3678,K,16,9,0.968627450980394,starter,NA,2025,20,lukestip
3,Minnesota Vikings,MIN,DST,16,11,5.950980392156863,starter,NA,2025,10,lukestip
5,Trevor Lawrence,7523,QB,16,31.16,21.446029411764705,starter,NA,2025,16.9,ngernenz
5,Bucky Irving,11584,RB,16,7.1,-0.990764705882354,starter,NA,2025,15.2,ngernenz
5,Travis Etienne,7543,RB,16,16.6,8.509235294117648,starter,NA,2025,15.7,ngernenz
5,Ladd McConkey,11635,WR,16,14.3,5.055950980392158,starter,NA,2025,14.1,ngernenz
5,Marvin Harrison Jr.,11628,WR,16,2.4,-6.8440490196078425,starter,NA,2025,11.7,ngernenz
5,Colby Parkinson,6865,TE,16,4.1,-3.013529411764706,starter,NA,2025,9.1,ngernenz
5,Emeka Egbuka,12514,WR,16,5,-4.244049019607843,starter,NA,2025,10.3,ngernenz
5,J.J. McCarthy,11565,QB,16,9.32,-0.3939705882352946,starter,NA,2025,16.9,ngernenz
5,Tyler Loop,12711,K,16,5,-3.031372549019606,starter,NA,2025,17,ngernenz
5,Tennessee Titans,TEN,DST,16,11,5.950980392156863,starter,NA,2025,18,ngernenz
8,Bo Nix,11563,QB,16,16.18,6.466029411764705,starter,NA,2025,17.3,obiwanginobiIi
8,RJ Harvey,12489,RB,16,22.1,14.009235294117648,starter,NA,2025,14.6,obiwanginobiIi
8,Omarion Hampton,12507,RB,16,16.5,8.409235294117646,starter,NA,2025,12.6,obiwanginobiIi
8,Michael Wilson,10232,WR,16,13.2,4.382911764705883,starter,NA,2025,15.3,obiwanginobiIi
8,Jordan Addison,9756,WR,16,4.6,-4.217088235294117,starter,NA,2025,11,obiwanginobiIi
8,Dalton Kincaid,10236,TE,16,0,-9.244049019607845,starter,NA,2025,10.9,obiwanginobiIi
8,T.J. Hockenson,5844,TE,16,1.2,-8.044049019607844,starter,NA,2025,9.3,obiwanginobiIi
8,Jacoby Brissett,3257,QB,16,11.62,1.9060294117647043,starter,NA,2025,18.3,obiwanginobiIi
8,Jake Bates,11539,K,16,6,-2.031372549019606,starter,NA,2025,28,obiwanginobiIi
8,Denver Broncos,DEN,DST,16,4,-1.049019607843137,starter,NA,2025,32,obiwanginobiIi
9,Michael Penix Jr.,11559,QB,16,0,0,bench,2,2025,0,Arvs
9,Malik Nabers,11632,WR,16,0,0,bench,2,2025,0,Arvs
9,Woody Marks,12474,RB,16,0,0,bench,1,2025,12.4,Arvs
9,Cam Skattebo,12481,RB,16,0,0,bench,1,2025,0,Arvs
9,Cameron Ward,12522,QB,16,18.02,0,bench,1,2025,11.7,Arvs
9,Kyle Monangai,12534,RB,16,12.3,0,bench,1,2025,7,Arvs
9,Mark Andrews,5012,TE,16,4.4,0,bench,8,2025,7.8,Arvs
9,Gardner Minshew,6011,QB,16,1.4,0,bench,7,2025,14,Arvs
9,Jake Ferguson,8110,TE,16,4.9,0,bench,4,2025,12.4,Arvs
9,Garrett Wilson,8146,WR,16,0,0,bench,4,2025,0,Arvs
9,Jordan Mason,8408,RB,16,2.1,0,bench,4,2025,4.9,Arvs
9,Rashid Shaheed,8676,WR,16,9.1,0,bench,4,2025,9.6,Arvs
7,AJ Barner,11603,TE,16,15,0,bench,2,2025,7.9,ElatedBroncosFan
7,Jalen McMillan,11618,WR,16,3.6,0,bench,2,2025,4.9,ElatedBroncosFan
7,Keon Coleman,11637,WR,16,0,0,bench,2,2025,4.1,ElatedBroncosFan
7,Jaydon Blue,12457,RB,16,0,0,bench,1,2025,0,ElatedBroncosFan
7,Pat Bryant,12492,WR,16,9.2,0,bench,1,2025,8.8,ElatedBroncosFan
7,Oronde Gadsden,12493,TE,16,0,0,bench,1,2025,0,ElatedBroncosFan
7,Mason Taylor,12498,TE,16,0,0,bench,1,2025,0,ElatedBroncosFan
7,Geno Smith,1373,QB,16,15.04,0,bench,13,2025,11.9,ElatedBroncosFan
7,DK Metcalf,5846,WR,16,8.2,0,bench,7,2025,14.7,ElatedBroncosFan
7,Rico Dowdle,7021,RB,16,8.3,0,bench,6,2025,11.4,ElatedBroncosFan
7,Kyren Williams,8150,RB,16,11.5,0,bench,4,2025,14.2,ElatedBroncosFan
7,Parker Washington,9487,WR,16,26.5,0,bench,3,2025,8.4,ElatedBroncosFan
7,Kayshon Boutte,9504,WR,16,2.6,0,bench,3,2025,9.2,ElatedBroncosFan
7,Kendre Miller,9757,RB,16,0,0,bench,3,2025,0,ElatedBroncosFan
10,Jayden Daniels,11566,QB,16,0,0,bench,2,2025,0,Gretsch0401
10,Elic Ayomanor,12499,WR,16,8.8,0,bench,1,2025,4.8,Gretsch0401
10,Davante Adams,2133,WR,16,0,0,bench,12,2025,0,Gretsch0401
10,Darren Waller,2505,TE,16,7,0,bench,11,2025,10.8,Gretsch0401
10,Jason Myers,2747,K,16,2,0,bench,11,2025,31,Gretsch0401
10,Tyreek Hill,3321,WR,16,0,0,bench,10,2025,0,Gretsch0401
10,Alvin Kamara,4035,RB,16,0,0,bench,9,2025,0,Gretsch0401
10,Justin Fields,7591,QB,16,0,0,bench,5,2025,0,Gretsch0401
10,Christian Watson,8167,WR,16,3.7,0,bench,4,2025,13.1,Gretsch0401
10,Isiah Pacheco,8205,RB,16,13.5,0,bench,4,2025,5.3,Gretsch0401
10,Philadelphia Eagles,PHI,DST,16,5,0,bench,NA,2025,16,Gretsch0401
2,Philip Rivers,331,QB,16,17.08,0,bench,22,2025,10.5,SFOControl
2,Patrick Mahomes,4046,QB,16,0,0,bench,9,2025,0,SFOControl
2,Austin Ekeler,4663,RB,16,0,0,bench,9,2025,0,SFOControl
2,Daniel Carlson,5095,K,16,3,0,bench,8,2025,8,SFOControl
2,Hollywood Brown,5848,WR,16,5.2,0,bench,7,2025,8.4,SFOControl
2,Darius Slayton,6149,WR,16,1.8,0,bench,7,2025,9.5,SFOControl
2,J.K. Dobbins,6806,RB,16,0,0,bench,6,2025,0,SFOControl
2,Tyler Bass,7042,K,16,0,0,bench,6,2025,0,SFOControl
2,Bam Knight,8122,RB,16,0,0,bench,4,2025,0,SFOControl
2,Isaiah Likely,8131,TE,16,0,0,bench,4,2025,6.5,SFOControl
2,Jake Tonges,8698,TE,16,1.7000000000000002,0,bench,4,2025,0,SFOControl
2,Detroit Lions,DET,DST,16,5,0,bench,NA,2025,31,SFOControl
12,Sam LaPorta,10859,TE,16,0,0,bench,3,2025,0,TheJandyStock
12,Jonathon Brooks,11583,RB,16,0,0,bench,2,2025,0,TheJandyStock
12,Russell Wilson,1234,QB,16,0,0,bench,14,2025,0,TheJandyStock
12,Brashard Smith,12455,RB,16,1.4,0,bench,1,2025,0,TheJandyStock
12,Jaylin Noel,12536,WR,16,0,0,bench,1,2025,0,TheJandyStock
12,Tyler Shough,12545,QB,16,17.12,0,bench,1,2025,16.8,TheJandyStock
12,Adam Thielen,1689,WR,16,8.9,0,bench,13,2025,3.5,TheJandyStock
12,Chris Boswell,1945,K,16,10,0,bench,12,2025,29,TheJandyStock
12,Calvin Ridley,4981,WR,16,0,0,bench,8,2025,0,TheJandyStock
12,Josh Jacobs,5850,RB,16,4.800000000000001,0,bench,7,2025,16.7,TheJandyStock
12,Jordan Love,6804,QB,16,2.78,0,bench,6,2025,16.4,TheJandyStock
12,Pat Freiermuth,7600,TE,16,6,0,bench,5,2025,5.4,TheJandyStock
12,Wan'Dale Robinson,8126,WR,16,5.2,0,bench,4,2025,12.9,TheJandyStock
12,Cleveland Browns,CLE,DST,16,2,0,bench,NA,2025,17,TheJandyStock
11,Tre Tucker,10213,WR,16,9.4,0,bench,3,2025,7.1,akondratieff
11,Brian Thomas Jr.,11631,WR,16,3.8,0,bench,2,2025,11.5,akondratieff
11,Dylan Sampson,12469,RB,16,0,0,bench,1,2025,0,akondratieff
11,Bhayshul Tuten,12490,RB,16,0,0,bench,1,2025,0,akondratieff
11,Travis Hunter,12530,WR,16,0,0,bench,1,2025,0,akondratieff
11,Tyler Lockett,2374,WR,16,1.6,0,bench,11,2025,4.6,akondratieff
11,Evan Engram,4066,TE,16,5.6,0,bench,9,2025,7.4,akondratieff
11,James Conner,4137,RB,16,0,0,bench,9,2025,0,akondratieff
11,Greg Dortch,5970,WR,16,0,0,bench,7,2025,0,akondratieff
11,John Metchie III,8147,WR,16,1.4,0,bench,4,2025,10.6,akondratieff
11,Tucker Kraft,9484,TE,16,0,0,bench,3,2025,0,akondratieff
11,Green Bay Packers,GB,DST,16,0,0,bench,NA,2025,20,akondratieff
4,Trey Benson,11589,RB,16,0,0,bench,2,2025,0,caskinner
4,Ricky Pearsall,11638,WR,16,0,0,bench,2,2025,8.8,caskinner
4,DJ Giddens,12471,RB,16,0,0,bench,1,2025,0,caskinner
4,Ollie Gordon,12495,RB,16,-0.1,0,bench,1,2025,0,caskinner
4,Kaleb Johnson,12504,RB,16,0,0,bench,1,2025,0.6,caskinner
4,Tetairoa McMillan,12526,WR,16,19.3,0,bench,1,2025,14.4,caskinner
4,Dalton Schultz,5001,TE,16,14.5,0,bench,8,2025,11.3,caskinner
4,Dallas Goedert,5022,TE,16,12.2,0,bench,8,2025,12.1,caskinner
4,Daniel Jones,5870,QB,16,0,0,bench,7,2025,0,caskinner
4,Terry McLaurin,5927,WR,16,8.3,0,bench,7,2025,13.6,caskinner
4,Mac Jones,7527,QB,16,-0.30000000000000004,0,bench,5,2025,0,caskinner
4,Tank Bigsby,9225,RB,16,9.7,0,bench,3,2025,0.8,caskinner
4,Bryce Young,9228,QB,16,17.64,0,bench,3,2025,15.7,caskinner
4,Tyjae Spears,9508,RB,16,21.5,0,bench,3,2025,9,caskinner
4,Quentin Johnston,9754,WR,16,20.4,0,bench,3,2025,2,caskinner
1,Jayden Reed,10222,WR,16,7.1,0,bench,3,2025,12.5,joeburrowmvp
1,Quinn Ewers,12500,QB,16,8.9,0,bench,1,2025,13.4,joeburrowmvp
1,Tyler Warren,12518,TE,16,6,0,bench,1,2025,10.3,joeburrowmvp
1,Shedeur Sanders,12524,QB,16,13.18,0,bench,1,2025,12.4,joeburrowmvp
1,Ashton Jeanty,12527,RB,16,31.8,0,bench,1,2025,13.1,joeburrowmvp
1,Tahj Brooks,12543,RB,16,0.7000000000000001,0,bench,1,2025,0,joeburrowmvp
1,Nick Chubb,4988,RB,16,5.200000000000001,0,bench,8,2025,5.1,joeburrowmvp
1,Kyler Murray,5849,QB,16,0,0,bench,7,2025,0,joeburrowmvp
1,Jerry Jeudy,6783,WR,16,4.2,0,bench,6,2025,9,joeburrowmvp
1,Brandon Aiyuk,6803,WR,16,0,0,bench,6,2025,0,joeburrowmvp
1,Brian Robinson Jr.,8154,RB,16,2,0,bench,4,2025,3.5,joeburrowmvp
1,Jalen Nailor,8180,WR,16,0,0,bench,4,2025,3.9,joeburrowmvp
1,Tyrod Taylor,827,QB,16,0,0,bench,15,2025,0,joeburrowmvp
1,San Francisco 49ers,SF,DST,16,12,0,bench,NA,2025,15,joeburrowmvp
6,Chris Rodriguez Jr.,10219,RB,16,13.9,0,bench,3,2025,5.8,jzeigboi
6,Blake Corum,11586,RB,16,13.1,0,bench,2,2025,6,jzeigboi
6,Rome Odunze,11620,WR,16,0,0,bench,2,2025,0,jzeigboi
6,Troy Franklin,11627,WR,16,10.6,0,bench,2,2025,10,jzeigboi
6,Jalen Royals,12505,WR,16,0,0,bench,1,2025,0,jzeigboi
6,Colston Loveland,12517,TE,16,6,0,bench,1,2025,10,jzeigboi
6,Isaac TeSlaa,12535,WR,16,15.2,0,bench,1,2025,8.5,jzeigboi
6,Chimere Dike,12540,WR,16,13,0,bench,1,2025,7,jzeigboi
6,Keenan Allen,1479,WR,16,9.4,0,bench,13,2025,9.4,jzeigboi
6,Samaje Perine,4147,RB,16,12.1,0,bench,9,2025,6.4,jzeigboi
6,Mike Gesicki,4993,TE,16,12.5,0,bench,8,2025,5.6,jzeigboi
6,Tony Pollard,5967,RB,16,9.2,0,bench,7,2025,11.5,jzeigboi
6,Najee Harris,7528,RB,16,0,0,bench,5,2025,0,jzeigboi
6,Tank Dell,9502,WR,16,0,0,bench,3,2025,0,jzeigboi
3,Emanuel Wilson,11435,RB,16,8.200000000000001,0,bench,3,2025,3.4,lukestip
3,Adonai Mitchell,11625,WR,16,7.3,0,bench,2,2025,11.3,lukestip
3,Devin Neal,12476,RB,16,0,0,bench,1,2025,0,lukestip
3,Jack Bech,12483,WR,16,6.3,0,bench,1,2025,4.6,lukestip
3,Matthew Golden,12501,WR,16,0.4,0,bench,1,2025,0,lukestip
3,Joe Mixon,4018,RB,16,0,0,bench,9,2025,0,lukestip
3,Jake Elliott,4195,K,16,1,0,bench,9,2025,26,lukestip
3,D.J. Moore,4983,WR,16,21.9,0,bench,8,2025,11.9,lukestip
3,Tua Tagovailoa,6768,QB,16,0,0,bench,6,2025,0,lukestip
3,Alec Pierce,8142,WR,16,24.6,0,bench,4,2025,3.4,lukestip
3,Sean Tucker,9506,RB,16,6.3,0,bench,3,2025,2.4,lukestip
3,Will Levis,9999,QB,16,0,0,bench,3,2025,0,lukestip
3,New England Patriots,NE,DST,16,7,0,bench,NA,2025,29,lukestip
5,Ben Sinnott,11596,TE,16,1.5,0,bench,2,2025,4.1,ngernenz
5,Jaylen Wright,11643,RB,16,12.3,0,bench,2,2025,2.2,ngernenz
5,Kimani Vidal,11647,RB,16,1.1,0,bench,2,2025,9.9,ngernenz
5,Riley Leonard,12470,QB,16,0,0,bench,1,2025,0,ngernenz
5,Jayden Higgins,12484,WR,16,2.7,0,bench,1,2025,9.8,ngernenz
5,Tez Johnson,12485,WR,16,0.9,0,bench,1,2025,0,ngernenz
5,Tory Horton,12497,WR,16,0,0,bench,1,2025,0,ngernenz
5,Gunnar Helm,12502,TE,16,2.9,0,bench,1,2025,6.4,ngernenz
5,Jalen Milroe,12510,QB,16,0,0,bench,1,2025,0,ngernenz
5,Elijah Arroyo,12521,TE,16,0,0,bench,1,2025,0,ngernenz
5,Carson Wentz,3161,QB,16,0,0,bench,10,2025,0,ngernenz
5,David Njoku,4033,TE,16,0,0,bench,9,2025,0,ngernenz
5,Davis Mills,7585,QB,16,0,0,bench,5,2025,0,ngernenz
5,Josh Downs,9500,WR,16,11.8,0,bench,3,2025,5.7,ngernenz
8,Malik Washington,11610,WR,16,10.2,0,bench,2,2025,4.3,obiwanginobiIi
8,Xavier Legette,11626,WR,16,2.2,0,bench,2,2025,6.3,obiwanginobiIi
8,Savion Williams,12482,WR,16,0.9,0,bench,1,2025,0,obiwanginobiIi
8,Isaiah Bond,12503,WR,16,2,0,bench,1,2025,5.6,obiwanginobiIi
8,Jaxson Dart,12508,QB,16,1.02,0,bench,1,2025,19.2,obiwanginobiIi
8,Luther Burden,12519,WR,16,0,0,bench,1,2025,0,obiwanginobiIi
8,Jacory Croskey-Merritt,12533,RB,16,8.5,0,bench,1,2025,4.7,obiwanginobiIi
8,Brady Cook,12538,QB,16,4.720000000000001,0,bench,1,2025,12.7,obiwanginobiIi
8,Darnell Mooney,7090,WR,16,4.4,0,bench,6,2025,5.3,obiwanginobiIi
8,Chuba Hubbard,7594,RB,16,4.4,0,bench,5,2025,10.9,obiwanginobiIi
8,Tyler Allgeier,8132,RB,16,8.3,0,bench,4,2025,7.4,obiwanginobiIi
8,Rachaad White,8136,RB,16,8,0,bench,4,2025,5.9,obiwanginobiIi
8,Anthony Richardson,9229,QB,16,0,0,bench,3,2025,0,obiwanginobiIi
8,Zach Charbonnet,9753,RB,16,17.4,0,bench,3,2025,8.7,obiwanginobiIi
9,Caleb Williams,11560,QB,17,23,14.52736274509804,starter,NA,2025,17.9,Arvs
9,Aaron Jones,4199,RB,17,15.3,9.117284313725492,starter,NA,2025,13.6,Arvs
9,Jaylen Warren,8228,RB,17,6.4,0.21728431372549117,starter,NA,2025,13.4,Arvs
9,Rashid Shaheed,8676,WR,17,1.8,-3.1799215686274502,starter,NA,2025,9.3,Arvs
9,Chris Godwin,4037,WR,17,23.8,18.82007843137255,starter,NA,2025,10.9,Arvs
9,Jake Ferguson,8110,TE,17,7.6,0.3639705882352935,starter,NA,2025,9.9,Arvs
9,Kyle Monangai,12534,RB,17,7.7,1.517284313725491,starter,NA,2025,7.7,Arvs
9,Kirk Cousins,1166,QB,17,9.14,0.6673627450980408,starter,NA,2025,14.9,Arvs
9,Ka'imi Fairbairn,3451,K,17,10,0.5686274509803937,starter,NA,2025,19,Arvs
9,Seattle Seahawks,SEA,DST,17,11,4.025980392156863,starter,NA,2025,28,Arvs
7,Drake Maye,11564,QB,17,32.44,23.967362745098036,starter,NA,2025,20.2,ElatedBroncosFan
7,Christian McCaffrey,4034,RB,17,28.1,21.917284313725492,starter,NA,2025,19.8,ElatedBroncosFan
7,Bijan Robinson,9509,RB,17,39.9,33.717284313725486,starter,NA,2025,20.3,ElatedBroncosFan
7,Jaxon Smith-Njigba,9488,WR,17,16.2,11.22007843137255,starter,NA,2025,20.6,ElatedBroncosFan
7,Puka Nacua,9493,WR,17,15.7,10.72007843137255,starter,NA,2025,22.3,ElatedBroncosFan
7,AJ Barner,11603,TE,17,13.3,6.0639705882352946,starter,NA,2025,9.1,ElatedBroncosFan
7,Kyren Williams,8150,RB,17,16,9.81728431372549,starter,NA,2025,14.1,ElatedBroncosFan
7,Justin Herbert,6797,QB,17,16.14,7.667362745098041,starter,NA,2025,18.6,ElatedBroncosFan
7,Evan McPherson,7839,K,17,8,-1.4313725490196063,starter,NA,2025,22,ElatedBroncosFan
7,New Orleans Saints,NO,DST,17,14,7.025980392156863,starter,NA,2025,27,ElatedBroncosFan
10,C.J. Stroud,9758,QB,17,15.76,7.28736274509804,starter,NA,2025,15.4,Gretsch0401
10,Isiah Pacheco,8205,RB,17,3.2,-2.126931372549019,starter,NA,2025,14.4,Gretsch0401
10,Kenny Gainwell,7567,RB,17,6.8,1.4730686274509806,starter,NA,2025,0,Gretsch0401
10,Chris Olave,8144,WR,17,25.9,19.71728431372549,starter,NA,2025,18,Gretsch0401
10,Romeo Doubs,8121,WR,17,9.2,3.01728431372549,starter,NA,2025,8.5,Gretsch0401
10,Daniel Bellinger,8225,TE,17,3.1,-4.1360294117647065,starter,NA,2025,0,Gretsch0401
10,Jakobi Meyers,5947,WR,17,7.9,1.7172843137254912,starter,NA,2025,13.1,Gretsch0401
10,Chris Oladokun,8413,QB,17,7.74,-0.7326372549019595,starter,NA,2025,13.9,Gretsch0401
10,Brandon Aubrey,11533,K,17,16,6.568627450980394,starter,NA,2025,32,Gretsch0401
10,Philadelphia Eagles,PHI,DST,17,14,7.025980392156863,starter,NA,2025,16,Gretsch0401
2,Brock Purdy,8183,QB,17,37.92,32.50979411764706,starter,NA,2025,18.5,SFOControl
2,De'Von Achane,9226,RB,17,14.2,8.87306862745098,starter,NA,2025,22,SFOControl
2,Devin Singletary,6130,RB,17,17,11.67306862745098,starter,NA,2025,6.1,SFOControl
2,CeeDee Lamb,6786,WR,17,9.6,1.12736274509804,starter,NA,2025,17.5,SFOControl
2,Deebo Samuel Sr.,5872,WR,17,11.3,2.827362745098041,starter,NA,2025,10.5,SFOControl
2,Juwan Johnson,7002,TE,17,13.5,6.263970588235294,starter,NA,2025,13.3,SFOControl
2,Mike Evans,2216,WR,17,12.1,3.62736274509804,starter,NA,2025,16.6,SFOControl
2,Drake London,8112,WR,17,1.4,-7.072637254901959,starter,NA,2025,15,SFOControl
2,Eddy Pineiro,5189,K,17,6,-3.4313725490196063,starter,NA,2025,27,SFOControl
2,Buffalo Bills,BUF,DST,17,5,-1.974019607843137,starter,NA,2025,21,SFOControl
12,Baker Mayfield,4892,QB,17,19.44,14.02979411764706,starter,NA,2025,17.7,TheJandyStock
12,Saquon Barkley,4866,RB,17,6.8,-1.67263725490196,starter,NA,2025,16.6,TheJandyStock
12,Derrick Henry,3198,RB,17,45.6,37.12736274509804,starter,NA,2025,13.9,TheJandyStock
12,Rashee Rice,10229,WR,17,0,-8.47263725490196,starter,NA,2025,0,TheJandyStock
12,George Pickens,8137,WR,17,11.8,3.327362745098041,starter,NA,2025,15.7,TheJandyStock
12,Harold Fannin,12506,TE,17,11,3.763970588235294,starter,NA,2025,13.2,TheJandyStock
12,TreVeyon Henderson,12529,RB,17,8.2,-0.27263725490196045,starter,NA,2025,13.6,TheJandyStock
12,Stefon Diggs,2449,WR,17,22.1,13.627362745098042,starter,NA,2025,15.1,TheJandyStock
12,Harrison Butker,4227,K,17,10,0.5686274509803937,starter,NA,2025,9,TheJandyStock
12,Pittsburgh Steelers,PIT,DST,17,10,3.025980392156863,starter,NA,2025,30,TheJandyStock
11,Lamar Jackson,4881,QB,17,0,-5.41020588235294,starter,NA,2025,0,akondratieff
11,Rhamondre Stevenson,7611,RB,17,27.2,21.87306862745098,starter,NA,2025,8.4,akondratieff
11,Breece Hall,8155,RB,17,20.9,15.57306862745098,starter,NA,2025,14.5,akondratieff
11,Jauan Jennings,7049,WR,17,12.2,3.72736274509804,starter,NA,2025,15.6,akondratieff
11,Michael Pittman Jr.,6819,WR,17,3.6,-4.87263725490196,starter,NA,2025,10.7,akondratieff
11,Hunter Henry,3214,TE,17,13.9,6.663970588235294,starter,NA,2025,10.5,akondratieff
11,Jameson Williams,8148,WR,17,5.7,-2.7726372549019596,starter,NA,2025,15.4,akondratieff
11,Jaylen Waddle,7526,WR,17,0.7,-7.77263725490196,starter,NA,2025,13.8,akondratieff
11,Cairo Santos,2020,K,17,8,-1.4313725490196063,starter,NA,2025,14,akondratieff
11,Los Angeles Rams,LAR,DST,17,8,1.025980392156863,starter,NA,2025,22,akondratieff
4,Matthew Stafford,421,QB,17,15.76,7.28736274509804,starter,NA,2025,18.5,caskinner
4,Chase Brown,9224,RB,17,29.1,22.917284313725492,starter,NA,2025,17.1,caskinner
4,Jonathan Taylor,6813,RB,17,17.4,11.21728431372549,starter,NA,2025,16.8,caskinner
4,Courtland Sutton,5045,WR,17,8,3.02007843137255,starter,NA,2025,14.9,caskinner
4,Amon-Ra St. Brown,7547,WR,17,14.8,9.82007843137255,starter,NA,2025,18.6,caskinner
4,Trey McBride,8130,TE,17,23.6,16.363970588235297,starter,NA,2025,18.6,caskinner
4,James Cook,8138,RB,17,8.7,2.51728431372549,starter,NA,2025,17.9,caskinner
4,Joe Burrow,6770,QB,17,20.4,11.92736274509804,starter,NA,2025,19.2,caskinner
4,Chase McLaughlin,6650,K,17,4,-5.431372549019606,starter,NA,2025,30,caskinner
4,Tampa Bay Buccaneers,TB,DST,17,3,-3.974019607843137,starter,NA,2025,26,caskinner
1,Aaron Rodgers,96,QB,17,7.32,-1.1526372549019597,starter,NA,2025,14.2,joeburrowmvp
1,Ashton Jeanty,12527,RB,17,9.3,3.9730686274509814,starter,NA,2025,14.6,joeburrowmvp
1,David Montgomery,5892,RB,17,6,0.6730686274509807,starter,NA,2025,8.2,joeburrowmvp
1,DeVonta Smith,7525,WR,17,4.5,-1.6827156862745092,starter,NA,2025,11.1,joeburrowmvp
1,Nico Collins,7569,WR,17,8.7,2.51728431372549,starter,NA,2025,15.3,joeburrowmvp
1,Kyle Pitts,7553,TE,17,3.6,-3.636029411764706,starter,NA,2025,10.7,joeburrowmvp
1,Ja'Marr Chase,7564,WR,17,25,18.81728431372549,starter,NA,2025,22.5,joeburrowmvp
1,Jared Goff,3163,QB,17,4.08,-4.39263725490196,starter,NA,2025,18.1,joeburrowmvp
1,Andy Borregales,12713,K,17,5,-4.431372549019606,starter,NA,2025,23,joeburrowmvp
1,Houston Texans,HOU,DST,17,9,2.025980392156863,starter,NA,2025,23,joeburrowmvp
6,Josh Allen,4984,QB,17,23.18,14.70736274509804,starter,NA,2025,24.3,jzeigboi
6,Jahmyr Gibbs,9221,RB,17,6.4,1.073068627450981,starter,NA,2025,21,jzeigboi
6,D'Andre Swift,6790,RB,17,21.9,16.57306862745098,starter,NA,2025,13.3,jzeigboi
6,Khalil Shakir,8134,WR,17,9.5,3.317284313725491,starter,NA,2025,12.4,jzeigboi
6,Zay Flowers,9997,WR,17,13,6.817284313725491,starter,NA,2025,13.3,jzeigboi
6,Brenton Strange,9480,TE,17,8.4,1.1639705882352942,starter,NA,2025,10.3,jzeigboi
6,Tee Higgins,6801,WR,17,9.9,3.717284313725491,starter,NA,2025,14.4,jzeigboi
6,Jalen Hurts,6904,QB,17,8.9,0.4273627450980406,starter,NA,2025,21.1,jzeigboi
6,Cameron Dicker,8259,K,17,2,-7.431372549019606,starter,NA,2025,25,jzeigboi
6,Jacksonville Jaguars,JAX,DST,17,7,0.02598039215686309,starter,NA,2025,19,jzeigboi
3,Dak Prescott,3294,QB,17,22.68,14.20736274509804,starter,NA,2025,18.4,lukestip
3,Javonte Williams,7588,RB,17,11.4,5.217284313725491,starter,NA,2025,12.5,lukestip
3,Tyrone Tracy Jr.,11655,RB,17,6.7,0.517284313725491,starter,NA,2025,11.4,lukestip
3,Justin Jefferson,6794,WR,17,7,2.02007843137255,starter,NA,2025,11.1,lukestip
3,Jalen Coker,11646,WR,17,3.6,-1.37992156862745,starter,NA,2025,8.7,lukestip
3,Kenneth Walker III,8151,RB,17,7.7,1.517284313725491,starter,NA,2025,11.7,lukestip
3,Sam Darnold,4943,QB,17,7.08,-1.3926372549019597,starter,NA,2025,16.1,lukestip
3,Wil Lutz,3678,K,17,8,-1.4313725490196063,starter,NA,2025,20,lukestip
3,Minnesota Vikings,MIN,DST,17,23,16.025980392156864,starter,NA,2025,10,lukestip
5,Trevor Lawrence,7523,QB,17,24.12,18.70979411764706,starter,NA,2025,18.9,ngernenz
5,Bucky Irving,11584,RB,17,8.3,2.9730686274509814,starter,NA,2025,14.5,ngernenz
5,Travis Etienne,7543,RB,17,11.2,5.87306862745098,starter,NA,2025,15,ngernenz
5,Ladd McConkey,11635,WR,17,4.1,-4.37263725490196,starter,NA,2025,14.2,ngernenz
5,Marvin Harrison Jr.,11628,WR,17,0,-8.47263725490196,starter,NA,2025,10.9,ngernenz
5,Colby Parkinson,6865,TE,17,11.3,4.0639705882352946,starter,NA,2025,8.9,ngernenz
5,Emeka Egbuka,12514,WR,17,5,-3.4726372549019597,starter,NA,2025,10.3,ngernenz
5,Jayden Higgins,12484,WR,17,16.8,8.327362745098041,starter,NA,2025,7.9,ngernenz
5,Tyler Loop,12711,K,17,11,1.5686274509803937,starter,NA,2025,17,ngernenz
5,Tennessee Titans,TEN,DST,17,5,-1.974019607843137,starter,NA,2025,18,ngernenz
8,Bo Nix,11563,QB,17,20.48,12.00736274509804,starter,NA,2025,18.7,obiwanginobiIi
8,RJ Harvey,12489,RB,17,18.6,13.273068627450982,starter,NA,2025,16.3,obiwanginobiIi
8,Omarion Hampton,12507,RB,17,20,14.67306862745098,starter,NA,2025,15.7,obiwanginobiIi
8,Michael Wilson,10232,WR,17,19.9,13.71728431372549,starter,NA,2025,14.2,obiwanginobiIi
8,Jordan Addison,9756,WR,17,12.5,6.317284313725491,starter,NA,2025,6.5,obiwanginobiIi
8,Dalton Kincaid,10236,TE,17,0,-7.236029411764706,starter,NA,2025,10.6,obiwanginobiIi
8,Darnell Mooney,7090,WR,17,5.5,-0.6827156862745092,starter,NA,2025,5.7,obiwanginobiIi
8,Brady Cook,12538,QB,17,5.18,-3.29263725490196,starter,NA,2025,11.5,obiwanginobiIi
8,Jake Bates,11539,K,17,5,-4.431372549019606,starter,NA,2025,28,obiwanginobiIi
8,Denver Broncos,DEN,DST,17,5,-1.974019607843137,starter,NA,2025,32,obiwanginobiIi
9,Michael Penix Jr.,11559,QB,17,0,0,bench,2,2025,0,Arvs
9,Theo Johnson,11597,TE,17,0,0,bench,2,2025,10.5,Arvs
9,Xavier Worthy,11624,WR,17,0.1,0,bench,2,2025,11.5,Arvs
9,Malik Nabers,11632,WR,17,0,0,bench,2,2025,0,Arvs
9,Woody Marks,12474,RB,17,8.500000000000002,0,bench,1,2025,11.2,Arvs
9,Cam Skattebo,12481,RB,17,0,0,bench,1,2025,0,Arvs
9,Terrance Ferguson,12487,TE,17,13.4,0,bench,1,2025,1.8,Arvs
9,Cameron Ward,12522,QB,17,17.04,0,bench,1,2025,13.9,Arvs
9,Mark Andrews,5012,TE,17,6.800000000000001,0,bench,8,2025,7.3,Arvs
9,Michael Carter,7607,RB,17,6.300000000000001,0,bench,5,2025,9.7,Arvs
9,Garrett Wilson,8146,WR,17,0,0,bench,4,2025,0,Arvs
9,Jordan Mason,8408,RB,17,0,0,bench,4,2025,0,Arvs
9,Michael Mayer,9482,TE,17,17.9,0,bench,3,2025,7.8,Arvs
7,Jalen McMillan,11618,WR,17,18.4,0,bench,2,2025,5.2,ElatedBroncosFan
7,Keon Coleman,11637,WR,17,0,0,bench,2,2025,0,ElatedBroncosFan
7,Jaydon Blue,12457,RB,17,0,0,bench,1,2025,0,ElatedBroncosFan
7,Pat Bryant,12492,WR,17,0,0,bench,1,2025,0,ElatedBroncosFan
7,Oronde Gadsden,12493,TE,17,0,0,bench,1,2025,0,ElatedBroncosFan
7,Mason Taylor,12498,TE,17,0,0,bench,1,2025,0,ElatedBroncosFan
7,Kyle Williams,12547,WR,17,5,0,bench,1,2025,3.3,ElatedBroncosFan
7,Geno Smith,1373,QB,17,9.14,0,bench,13,2025,12.6,ElatedBroncosFan
7,DK Metcalf,5846,WR,17,0,0,bench,7,2025,0,ElatedBroncosFan
7,A.J. Brown,5859,WR,17,11.8,0,bench,7,2025,16.6,ElatedBroncosFan
7,Rico Dowdle,7021,RB,17,9.3,0,bench,6,2025,10.9,ElatedBroncosFan
7,Parker Washington,9487,WR,17,19,0,bench,3,2025,10.1,ElatedBroncosFan
7,Kayshon Boutte,9504,WR,17,0,0,bench,3,2025,0,ElatedBroncosFan
7,Kendre Miller,9757,RB,17,0,0,bench,3,2025,0,ElatedBroncosFan
10,Jayden Daniels,11566,QB,17,0,0,bench,2,2025,0,Gretsch0401
10,Elic Ayomanor,12499,WR,17,13.7,0,bench,1,2025,7.2,Gretsch0401
10,Quinshon Judkins,12512,RB,17,0,0,bench,1,2025,0,Gretsch0401
10,Davante Adams,2133,WR,17,0,0,bench,12,2025,0,Gretsch0401
10,Marcus Mariota,2307,QB,17,0,0,bench,11,2025,0,Gretsch0401
10,Darren Waller,2505,TE,17,1,0,bench,11,2025,10.7,Gretsch0401
10,Jason Myers,2747,K,17,10,0,bench,11,2025,31,Gretsch0401
10,Tyreek Hill,3321,WR,17,0,0,bench,10,2025,0,Gretsch0401
10,Alvin Kamara,4035,RB,17,0,0,bench,9,2025,0,Gretsch0401
10,George Kittle,4217,TE,17,0,0,bench,9,2025,0,Gretsch0401
10,Justin Fields,7591,QB,17,0,0,bench,5,2025,0,Gretsch0401
10,Christian Watson,8167,WR,17,22.3,0,bench,4,2025,12.9,Gretsch0401
10,Kansas City Chiefs,KC,DST,17,4,0,bench,NA,2025,3,Gretsch0401
2,Philip Rivers,331,QB,17,8.78,0,bench,22,2025,13.3,SFOControl
2,Patrick Mahomes,4046,QB,17,0,0,bench,9,2025,0,SFOControl
2,Austin Ekeler,4663,RB,17,0,0,bench,9,2025,0,SFOControl
2,Daniel Carlson,5095,K,17,5,0,bench,8,2025,8,SFOControl
2,Hollywood Brown,5848,WR,17,1.7000000000000002,0,bench,7,2025,9.1,SFOControl
2,Darius Slayton,6149,WR,17,5.6,0,bench,7,2025,9,SFOControl
2,J.K. Dobbins,6806,RB,17,0,0,bench,6,2025,0,SFOControl
2,Tyler Bass,7042,K,17,0,0,bench,6,2025,0,SFOControl
2,Bam Knight,8122,RB,17,0,0,bench,4,2025,0,SFOControl
2,Isaiah Likely,8131,TE,17,5.7,0,bench,4,2025,5.5,SFOControl
2,Jake Tonges,8698,TE,17,19,0,bench,4,2025,10.2,SFOControl
2,Detroit Lions,DET,DST,17,6,0,bench,NA,2025,31,SFOControl
12,Sam LaPorta,10859,TE,17,0,0,bench,3,2025,0,TheJandyStock
12,Jonathon Brooks,11583,RB,17,0,0,bench,2,2025,0,TheJandyStock
12,Russell Wilson,1234,QB,17,0,0,bench,14,2025,0,TheJandyStock
12,Brashard Smith,12455,RB,17,9.5,0,bench,1,2025,5.4,TheJandyStock
12,Jaylin Noel,12536,WR,17,14.6,0,bench,1,2025,0,TheJandyStock
12,Tyler Shough,12545,QB,17,20.92,0,bench,1,2025,17,TheJandyStock
12,Adam Thielen,1689,WR,17,3.4000000000000004,0,bench,13,2025,7.6,TheJandyStock
12,Chris Boswell,1945,K,17,7,0,bench,12,2025,29,TheJandyStock
12,Calvin Ridley,4981,WR,17,0,0,bench,8,2025,0,TheJandyStock
12,Josh Jacobs,5850,RB,17,1.3,0,bench,7,2025,15.6,TheJandyStock
12,Jordan Love,6804,QB,17,0,0,bench,6,2025,0,TheJandyStock
12,Pat Freiermuth,7600,TE,17,9.3,0,bench,5,2025,6.7,TheJandyStock
12,Wan'Dale Robinson,8126,WR,17,22.3,0,bench,4,2025,13.1,TheJandyStock
12,Cleveland Browns,CLE,DST,17,12,0,bench,NA,2025,17,TheJandyStock
11,Tre Tucker,10213,WR,17,9.9,0,bench,3,2025,7.4,akondratieff
11,Brian Thomas Jr.,11631,WR,17,7.9,0,bench,2,2025,11.3,akondratieff
11,Dylan Sampson,12469,RB,17,5.7,0,bench,1,2025,11.5,akondratieff
11,Bhayshul Tuten,12490,RB,17,0,0,bench,1,2025,0,akondratieff
11,Travis Hunter,12530,WR,17,0,0,bench,1,2025,0,akondratieff
11,Tyler Lockett,2374,WR,17,8.9,0,bench,11,2025,4.8,akondratieff
11,Evan Engram,4066,TE,17,6.1,0,bench,9,2025,7.5,akondratieff
11,James Conner,4137,RB,17,0,0,bench,9,2025,0,akondratieff
11,Greg Dortch,5970,WR,17,0,0,bench,7,2025,0,akondratieff
11,John Metchie III,8147,WR,17,7.1000000000000005,0,bench,4,2025,10.2,akondratieff
11,Tucker Kraft,9484,TE,17,0,0,bench,3,2025,0,akondratieff
11,Green Bay Packers,GB,DST,17,-3,0,bench,NA,2025,20,akondratieff
4,Trey Benson,11589,RB,17,0,0,bench,2,2025,0,caskinner
4,Ricky Pearsall,11638,WR,17,13.5,0,bench,2,2025,10.6,caskinner
4,DJ Giddens,12471,RB,17,0,0,bench,1,2025,0,caskinner
4,Ollie Gordon,12495,RB,17,0,0,bench,1,2025,0,caskinner
4,Kaleb Johnson,12504,RB,17,0,0,bench,1,2025,0.6,caskinner
4,Tetairoa McMillan,12526,WR,17,1.5,0,bench,1,2025,14.5,caskinner
4,Dalton Schultz,5001,TE,17,3.9,0,bench,8,2025,11.5,caskinner
4,Dallas Goedert,5022,TE,17,9.8,0,bench,8,2025,11.9,caskinner
4,Daniel Jones,5870,QB,17,0,0,bench,7,2025,0,caskinner
4,Terry McLaurin,5927,WR,17,11.3,0,bench,7,2025,13.4,caskinner
4,Mac Jones,7527,QB,17,0,0,bench,5,2025,0,caskinner
4,Tank Bigsby,9225,RB,17,1.9,0,bench,3,2025,0.8,caskinner
4,Bryce Young,9228,QB,17,9.86,0,bench,3,2025,16.2,caskinner
4,Tyjae Spears,9508,RB,17,1.1,0,bench,3,2025,9.6,caskinner
4,Quentin Johnston,9754,WR,17,14.8,0,bench,3,2025,9.2,caskinner
1,Jayden Reed,10222,WR,17,8.100000000000001,0,bench,3,2025,12.3,joeburrowmvp
1,Quinn Ewers,12500,QB,17,14.78,0,bench,1,2025,13.7,joeburrowmvp
1,Tyler Warren,12518,TE,17,9.3,0,bench,1,2025,10.6,joeburrowmvp
1,Shedeur Sanders,12524,QB,17,11.44,0,bench,1,2025,13.2,joeburrowmvp
1,Tahj Brooks,12543,RB,17,2.9,0,bench,1,2025,0,joeburrowmvp
1,Kareem Hunt,4098,RB,17,3.8,0,bench,9,2025,1.7,joeburrowmvp
1,Nick Chubb,4988,RB,17,0.1,0,bench,8,2025,3,joeburrowmvp
1,Kyler Murray,5849,QB,17,0,0,bench,7,2025,0,joeburrowmvp
1,Jerry Jeudy,6783,WR,17,10.4,0,bench,6,2025,7.6,joeburrowmvp
1,Brandon Aiyuk,6803,WR,17,0,0,bench,6,2025,0,joeburrowmvp
1,Brian Robinson Jr.,8154,RB,17,3.8,0,bench,4,2025,3,joeburrowmvp
1,Jalen Nailor,8180,WR,17,0,0,bench,4,2025,2.6,joeburrowmvp
1,Tyrod Taylor,827,QB,17,0,0,bench,15,2025,0,joeburrowmvp
1,San Francisco 49ers,SF,DST,17,-1,0,bench,NA,2025,15,joeburrowmvp
6,Chris Rodriguez Jr.,10219,RB,17,0,0,bench,3,2025,0,jzeigboi
6,Blake Corum,11586,RB,17,1.8,0,bench,2,2025,6.8,jzeigboi
6,Rome Odunze,11620,WR,17,0,0,bench,2,2025,0,jzeigboi
6,Troy Franklin,11627,WR,17,5.7,0,bench,2,2025,12.3,jzeigboi
6,Jalen Royals,12505,WR,17,0,0,bench,1,2025,0,jzeigboi
6,Colston Loveland,12517,TE,17,21.4,0,bench,1,2025,9.8,jzeigboi
6,Isaac TeSlaa,12535,WR,17,13.9,0,bench,1,2025,3.7,jzeigboi
6,Chimere Dike,12540,WR,17,10.2,0,bench,1,2025,7.1,jzeigboi
6,Keenan Allen,1479,WR,17,2.7,0,bench,13,2025,9.2,jzeigboi
6,Samaje Perine,4147,RB,17,8.3,0,bench,9,2025,5.9,jzeigboi
6,Mike Gesicki,4993,TE,17,6.7,0,bench,8,2025,7.1,jzeigboi
6,Tony Pollard,5967,RB,17,11.5,0,bench,7,2025,11.2,jzeigboi
6,Najee Harris,7528,RB,17,0,0,bench,5,2025,0,jzeigboi
6,Tank Dell,9502,WR,17,0,0,bench,3,2025,0,jzeigboi
3,Emanuel Wilson,11435,RB,17,3.4000000000000004,0,bench,3,2025,9.3,lukestip
3,Brock Bowers,11604,TE,17,0,0,bench,2,2025,0,lukestip
3,Adonai Mitchell,11625,WR,17,5.2,0,bench,2,2025,11.1,lukestip
3,Devin Neal,12476,RB,17,0,0,bench,1,2025,0,lukestip
3,Jack Bech,12483,WR,17,0,0,bench,1,2025,3.3,lukestip
3,Matthew Golden,12501,WR,17,2.2,0,bench,1,2025,0,lukestip
3,Joe Mixon,4018,RB,17,0,0,bench,9,2025,0,lukestip
3,Jake Elliott,4195,K,17,8,0,bench,9,2025,26,lukestip
3,D.J. Moore,4983,WR,17,1.7000000000000002,0,bench,8,2025,14.9,lukestip
3,Tua Tagovailoa,6768,QB,17,0,0,bench,6,2025,0,lukestip
3,Alec Pierce,8142,WR,17,0,0,bench,4,2025,7,lukestip
3,Sean Tucker,9506,RB,17,0.8,0,bench,3,2025,2.4,lukestip
3,Will Levis,9999,QB,17,0,0,bench,3,2025,0,lukestip
3,New England Patriots,NE,DST,17,7,0,bench,NA,2025,29,lukestip
5,J.J. McCarthy,11565,QB,17,0,0,bench,2,2025,0,ngernenz
5,Ben Sinnott,11596,TE,17,5.9,0,bench,2,2025,2.9,ngernenz
5,Jaylen Wright,11643,RB,17,5.6000000000000005,0,bench,2,2025,2.8,ngernenz
5,Kimani Vidal,11647,RB,17,0,0,bench,2,2025,1,ngernenz
5,Riley Leonard,12470,QB,17,-1,0,bench,1,2025,0,ngernenz
5,Tez Johnson,12485,WR,17,3.9,0,bench,1,2025,0,ngernenz
5,Tory Horton,12497,WR,17,0,0,bench,1,2025,0,ngernenz
5,Gunnar Helm,12502,TE,17,1.1,0,bench,1,2025,6.4,ngernenz
5,Jalen Milroe,12510,QB,17,0,0,bench,1,2025,0,ngernenz
5,Elijah Arroyo,12521,TE,17,0,0,bench,1,2025,0,ngernenz
5,Carson Wentz,3161,QB,17,0,0,bench,10,2025,0,ngernenz
5,David Njoku,4033,TE,17,0,0,bench,9,2025,0,ngernenz
5,Davis Mills,7585,QB,17,0,0,bench,5,2025,0,ngernenz
5,Josh Downs,9500,WR,17,5.4,0,bench,3,2025,9.6,ngernenz
8,Xavier Legette,11626,WR,17,1.3,0,bench,2,2025,6.2,obiwanginobiIi
8,Savion Williams,12482,WR,17,0,0,bench,1,2025,0,obiwanginobiIi
8,Isaiah Bond,12503,WR,17,2.6,0,bench,1,2025,6.9,obiwanginobiIi
8,Jaxson Dart,12508,QB,17,25.08,0,bench,1,2025,17.6,obiwanginobiIi
8,Luther Burden,12519,WR,17,27.8,0,bench,1,2025,10.5,obiwanginobiIi
8,Jacory Croskey-Merritt,12533,RB,17,22.5,0,bench,1,2025,7.1,obiwanginobiIi
8,Jacoby Brissett,3257,QB,17,16.48,0,bench,10,2025,18.2,obiwanginobiIi
8,Mack Hollins,4177,WR,17,0,0,bench,9,2025,0,obiwanginobiIi
8,T.J. Hockenson,5844,TE,17,0,0,bench,7,2025,0,obiwanginobiIi
8,Chuba Hubbard,7594,RB,17,2.8000000000000003,0,bench,5,2025,10.4,obiwanginobiIi
8,Tyler Allgeier,8132,RB,17,2.3000000000000003,0,bench,4,2025,6.5,obiwanginobiIi
8,Rachaad White,8136,RB,17,3.7,0,bench,4,2025,6,obiwanginobiIi
8,Anthony Richardson,9229,QB,17,0,0,bench,3,2025,0,obiwanginobiIi
8,Zach Charbonnet,9753,RB,17,26.2,0,bench,3,2025,8.6,obiwanginobiIi
