season,type,total_value_added
2024,add,41.402979641870274
2024,drop,-37.44172335149287
2025,add,58.99430965870935
2025,drop,-31.592216973625266
