season,type,total_value_added
2024,add,42.27712990508992
2024,drop,-38.42874216016092
2025,add,53.70226721992413
2025,drop,-31.262895064391248
