season,type,total_value_added
2024,add,42.60634810357313
2024,drop,-38.783530976780234
2025,add,57.180359954434635
2025,drop,-32.781110729678204
