season,type,total_value_added
2024,add,42.27712990508992
2024,drop,-38.268257866443435
2025,add,54.43459686985897
2025,drop,-32.677341139153974
