season,type,total_value_added
2024,add,37.27308098834836
2024,drop,-34.35924183180771
2025,add,48.409793473896556
2025,drop,-29.316759491199356
