season,type,total_value_added
2024,add,45.260030696997916
2024,drop,-40.061599555078395
2025,add,60.78845370972719
2025,drop,-31.178818720179184
