season,type,total_value_added
2024,add,40.16196576456066
2024,drop,-37.02426907354364
2025,add,51.04175894960961
2025,drop,-32.62893352731054
