season,type,total_value_added
2024,add,39.465848392590914
2024,drop,-35.95581894141685
2025,add,53.5827955146209
2025,drop,-30.1872682510447
