season,type,total_value_added
2024,add,51.347141320112385
2024,drop,-41.02001154914406
