pick_no,metric,proj_tva_2.5,proj_tva_5,proj_tva_7.5,proj_tva_10,proj_tva_12.5,proj_tva_15,proj_tva_17.5,proj_tva_20,proj_tva_22.5,proj_tva_25,proj_tva_27.5,proj_tva_30,proj_tva_32.5,proj_tva_35,proj_tva_37.5,proj_tva_40,proj_tva_42.5,proj_tva_45,proj_tva_47.5,proj_tva_50,proj_tva_52.5,proj_tva_55,proj_tva_57.5,proj_tva_60,proj_tva_62.5,proj_tva_65,proj_tva_67.5,proj_tva_70,proj_tva_72.5,proj_tva_75,proj_tva_77.5,proj_tva_80,proj_tva_82.5,proj_tva_85,proj_tva_87.5,proj_tva_90,proj_tva_92.5,proj_tva_95,proj_tva_97.5
1,total value,-11.185550702613194,101.95324331130239,179.64456493471306,234.68821240778266,274.5982561787054,309.4373792250565,337.3382517045798,364.25227466185606,388.22124035686295,411.51231082838444,431.1233892827314,448.8061146967459,464.2402517849815,483.2237319826729,498.27555016430006,515.5934527678661,530.74524894567,546.5259714788056,562.0743597020141,576.2221300256697,590.8632755790911,606.7982795989349,621.6739767250353,637.5701118705877,652.903660472779,670.0125026043168,686.7982009228444,704.605147155183,721.6345847700516,740.2463841033209,761.2417182829586,784.3543996501705,812.712006808892,840.6992596367306,873.4554719148042,913.7156028100044,965.1712616366665,1036.0547370353404,1162.529125485291
2,total value,2.7118960684186995,96.30229747745268,157.6518092703415,205.62443719084698,242.0585877672306,270.03689563114983,298.1340428119476,319.4616696256709,342.36017461957243,362.25936237100825,379.152277664139,395.19277204726296,410.6601478703736,426.73380457421604,443.0103936922091,457.14609322905136,469.5374076843594,483.7524591350609,498.59587444505615,512.9718197393673,527.6270703183357,542.1798815656226,557.4308617786617,571.6059081709744,586.787143163362,603.1679351492323,619.8913423225883,636.980392413627,655.8959289219414,673.3512499715376,693.0029739301048,715.1032217273209,737.6701782505043,763.1098573521803,793.8116543425754,828.4382797993214,870.7353910978378,931.6167294116601,1028.173424319549
3,total value,-16.05870079101273,71.21432966897954,122.58281329497392,166.0915632278307,199.21524925678503,229.31439131011783,250.24102854125874,273.65593868074416,294.3878970898234,314.2606576900766,330.94924233050756,350.31420113518726,365.99672444176406,381.0971346179616,394.58821900947373,410.1927192409371,426.0786221507393,440.59161376989306,455.9796642596235,470.1806826529736,483.84713924128346,499.0798580550585,512.3699239759604,526.9929237103743,542.4319471470576,557.6660197929402,574.474839786883,590.8778197655437,607.3598599465076,625.1882339535453,642.9335363778969,661.1345401447039,682.1751502121028,705.448923632885,731.281107234651,760.5917350055663,798.1550727412682,855.9404564526047,940.8069214976533
4,total value,-27.369856114043237,57.155351176241524,113.09733125261464,146.0360928935431,176.83148489982435,201.4861081193054,224.77825004215254,246.52122185851832,263.75038519357776,281.4804265208527,300.5957438217964,317.8274939609779,332.22629558947017,348.50572603892226,362.80546174151465,376.4439394673277,388.3862479394568,401.65334177639284,417.1935411309173,432.5814259335259,445.53162248035324,458.35620404426265,471.50793150800484,485.1696496989448,500.86658157022805,514.1522384838077,529.1449573649179,545.9215896144772,561.4643534057566,578.9544871498589,596.2594732956187,616.7383739832223,639.8794654034683,662.0926949286869,689.7947673455241,724.3911572343663,758.2416875993542,811.1345746624754,889.6782610453507
5,total value,-40.66213510228735,32.17196295358397,82.74367744490499,117.2890139998243,146.7325751478085,172.8490401357024,196.714149983903,216.83184429884673,239.53297483461125,257.3349626850729,275.11263165926243,289.92210624913247,303.873537196858,317.9119775097604,332.3368228444316,345.65451105424404,360.5064182032242,373.1077184679687,386.42525967271047,398.04421846507387,410.8987216653834,424.696207823613,439.5112541048819,453.54210741691725,467.910605557522,482.64829876300803,497.2991587727629,511.84727659510656,527.9709539755174,544.876007679098,562.6999080498272,583.4720418839506,603.4451427946058,626.8613385492121,652.1005706549859,681.6900144595272,715.7871557120221,763.6193766208993,830.7959243496439
6,total value,-50.35366040820813,16.977931735731506,58.47388606411327,97.32582904800952,124.99254825283114,151.56456886731476,171.55175106503648,193.1304188469853,211.01548224493527,228.30306666948346,246.09389765603956,260.5202196911599,274.9703643964815,289.2945934853542,304.3376376446108,316.8028846297418,330.78295569116733,346.93306488680605,358.7305511625583,370.70672849556695,385.0193970324432,398.03186277681584,410.4666127204864,424.92627188204995,437.57470871823057,452.0799388326414,467.60683751198457,482.9928620294662,497.3498542214023,514.0845371611416,530.7318398742732,550.1475134311196,571.7965878206944,593.7582548036737,616.4973362321931,642.7405965067578,676.4162167882324,721.2268156654462,793.4249195340939
7,total value,-67.00530909438748,7.81116776987989,52.444980047617015,82.65619574580774,108.83356415102764,130.26392292820964,150.8781736566777,172.10810970561462,189.43684165438742,207.46135159994702,224.98182355199944,240.7200404089052,255.615421065034,270.1930017755071,284.1384444801526,298.2904882374024,311.9081462589521,326.12622914593805,337.6783892025219,348.91946002866837,360.9780834350082,373.1068815898007,384.99600278283674,399.14030605815014,412.0235136841941,425.9761500628532,439.8391591773372,454.3545579793678,469.0682088065631,484.28858608614524,500.7310473340688,520.4479831226164,540.3938163564702,562.0400596688793,587.9699292416047,615.7380349047879,649.2719717830616,696.0118088865445,767.6836040434541
8,total value,-73.10691073934927,-10.269651755382665,37.08154413383017,66.83693393145482,94.23998718690324,119.80815045587931,141.17803709583188,157.17106992107176,177.11478457814476,193.63148990536737,209.01252532478586,222.9229547026154,236.51416230588794,248.56261147312125,260.88397510428507,274.5834695362715,288.6790674418086,300.52109951141796,312.7415530466493,325.81393453815923,336.66525051863493,347.6782491207373,360.0476522648264,374.03743587894166,386.9465123531198,401.1081879768491,415.75505598887435,430.6213824630778,445.1702508199395,460.8032483019931,477.70622568295585,492.90455476332073,511.4050167756159,531.1631260293043,556.6873693173769,582.5677064820516,616.7005516374032,659.2396645981337,724.2732334439588
9,total value,-85.04634312415344,-14.779236606150548,29.08206592827385,59.35061411699912,87.08859589488472,109.39530076467315,129.86830718036154,148.93059597954428,165.49978318773273,182.03251940585068,195.74441233152447,209.4358784726758,222.59458874714903,235.01031420514124,247.63435710563175,261.22779665537644,274.59529123430934,286.0238724088635,298.1069316747171,308.25312079879484,321.27150165017304,333.63698336815366,344.518987956333,356.6955844289792,370.87505758324784,383.1020787707707,396.5087526253767,410.78115189247336,425.31014886303484,441.0915060303594,456.21382780584736,473.2144935786498,491.7114666304807,511.9818777189794,532.595818216326,559.9100167247132,592.0834571167866,630.5831978997717,697.891733515177
10,total value,-96.07333309486164,-26.18518573090889,11.096849610250782,43.09271411902756,67.60210778850207,90.125398341406,108.46393014626497,128.71290519423954,145.6641517792096,162.89308050156208,177.5199911858665,191.90783710060188,204.93895043664583,218.26541048144924,229.94153438935732,241.42295571574772,251.75318912531822,264.1195211266295,277.05204734604183,289.45017894775276,300.87825794784453,313.45159989880733,325.6200752647601,336.94545346664836,350.3873873312247,361.7342788386461,374.8038124489675,389.72902496715585,402.2887310122772,417.7739600754037,431.7142645962938,447.8921629898017,466.2193851657779,486.4107110829222,507.52802021020324,531.3484357725567,563.860687161198,605.6476542660082,665.403872782416
11,total value,-100.34143890949915,-43.808884749613114,1.1036373227707308,33.22293577151328,56.843652837130946,79.14217145503733,96.95128108661757,114.68716550934371,131.34666857166636,145.83774949901468,160.09393710959557,173.94761412857093,187.58911644987478,200.40190793937404,214.22939990203525,225.78343769320324,238.30787602657054,249.76783902782864,263.13172592549734,273.651831471527,284.4035142429949,296.05571951995466,308.83957884168797,320.6310874008766,330.94678098458814,342.2354904070652,354.7032240631435,367.9370924948071,381.1628322045598,394.4975436217569,409.5579221791399,426.00587588021216,443.46230176966515,463.0854376904998,484.60867779153205,510.2275187281844,543.2933691490734,581.2700247952915,640.4491948853421
12,total value,-105.48075290421382,-42.325838181347734,-4.735745471130404,24.79477446148401,48.96266323110011,68.91634850098423,87.51430746825217,104.82097060322243,118.92232322921367,134.4019043467455,147.9045752323604,161.98342799085162,174.5302505951187,187.76228181566813,199.2625826483582,210.30060440738475,221.6668778565537,234.15151190646543,245.67673465650796,256.5693856848303,267.35378846168607,279.033111501118,291.3623044993685,303.67693368554126,315.075977121796,326.69999192045935,339.8343280456777,353.6234093319512,365.9361287587402,379.31400951144747,394.42005110204974,411.2332835913979,428.53913157657973,448.29251825506765,469.66343759487273,493.87979882994284,524.5241102158197,559.969288090769,622.3595340667739
13,total value,-106.71353042467327,-48.87082878930211,-9.88015713292275,16.576589930327668,39.10177069167865,60.67410750966086,78.16514945830329,93.67465623180553,108.23288412525874,119.34155842607993,132.25102218718698,145.79117652814887,157.13833898525814,169.9611939882892,181.52679073095408,194.13461785511709,205.72946129145592,217.03615500780302,228.29280115982692,239.4527687828858,250.3951237908081,261.97311004984965,273.11477012110873,283.54583827280686,295.21313674218334,305.85613397803183,318.3689827561438,330.5868188911147,343.8913881546726,358.6755545819589,371.1345435349688,386.0304585489615,403.219371918358,422.29348229886506,443.65707601081243,467.38503861819845,497.5441555105592,533.2642785087316,591.5426685448483
14,total value,-119.36387065557919,-60.363897680135864,-24.010641475416403,6.3181640560229315,30.644682383894533,48.82262650959956,68.37985810676885,84.92191802870722,99.0254231628082,112.6022292561553,126.8910982177519,138.96178006985272,152.571794623216,164.34638763551197,175.3816813151031,185.7131743520022,196.49416997709676,207.1878518950601,217.40584573833752,227.83539755305108,237.81491707327396,248.30958741955646,258.8438420888283,270.2778160824306,282.00389689892484,293.8516074116804,305.19825960662956,316.52200107271346,328.2581615596786,341.7860968962491,354.94901468159765,371.04744465896226,388.076053882536,407.14812231312186,425.3135165891712,449.15514561826495,476.9642750213507,513.810518979991,573.2206180957102
15,total value,-116.97552236572207,-59.914998675019895,-24.649117120528285,0.5232980291731136,23.09491102621068,39.85197130659475,55.84027084003268,71.94453453804802,87.22183915022434,100.42133720397511,112.39598258024205,124.97753440180716,135.69942222767125,147.56174143055006,158.6785171511769,170.40335866038205,180.36342135210666,191.27450276143156,202.48777529124146,214.16494275140104,224.70062805496445,235.6238980229353,245.66300186868165,257.7083352657132,269.64117639288975,280.10049985076085,291.05455527962033,303.4707215135627,317.78998249371364,329.9995777437077,344.5298075018868,358.27087613931,373.7082948831839,390.0635175362998,409.58907698454664,433.71272996898426,455.3989229912952,490.6452758222989,547.1447231897922
16,total value,-128.06244235828004,-71.93872676720292,-34.08310885014643,-8.559868342370129,14.240089090844162,34.325375802443844,52.76202475832031,67.70241613902232,83.13464849258577,96.85196591973346,109.60140439939748,121.4923209675096,133.07626065819642,143.3724953263146,153.92070857686716,165.47037393780903,175.7173151225776,185.84814638009004,196.42170752982776,206.33839550330498,215.7348751767064,225.72207188363,235.79772587781832,245.85686023290458,257.84683828313223,268.17710954440827,279.0216289404333,290.91568052550485,302.63407072918704,315.3172394286646,327.969147126444,340.6988206251592,356.96928641337973,373.5817493237836,391.73628878886774,412.45734234168737,439.4395454808841,472.7954220293428,528.7733258409756
17,total value,-134.14784793519962,-75.29168404679673,-37.624667588719014,-13.619560204634729,8.776368137073373,26.75416907915705,43.339095767398305,58.71595243761604,73.08859997316294,86.21729325430458,99.27763360218684,111.99338877617905,123.71525115365613,134.16244297164147,144.81299588457833,156.1400511290787,166.9317205666876,177.69740790871174,188.03258285535688,197.82011140492637,207.02429522227578,217.11014911713556,226.47434062739688,235.51327797982668,246.431550866539,257.01135461307143,267.5867486051891,280.06059666918077,291.192497809523,303.6395958195465,317.1490002445638,330.8686214407392,346.77001853749084,363.3702227360028,382.89248864984484,403.95543659599457,430.3749712061903,465.1641011800217,517.0323105155885
18,total value,-141.52599126807775,-81.58109939837705,-46.17339389594281,-17.156236161902612,3.3103920108167912,24.13223931464429,38.49839410778426,51.58142694572888,64.17782922202474,75.86354218426975,88.24711789422241,100.63104055596615,112.39011908286524,123.19249799701319,133.84012902817466,144.54008395758126,154.72245200987598,164.6625147028306,174.48074208384827,183.55729583290477,193.51761888080927,203.065535583388,213.3286390436877,224.5622464232929,234.34823983325816,245.50373933084092,255.15876686087347,265.677985347707,277.94911406550244,289.0948704768596,302.479372545097,317.5147788065651,331.73209587912027,347.6990386369797,366.9299924519167,386.7632602337021,410.7867399063946,443.17851907172104,494.3914924435935
19,total value,-145.40161560606623,-92.3542913302365,-58.29461543644249,-32.64745314092825,-9.513363737800482,9.5880475561613,24.9190548687101,39.84228129044392,51.931851494524224,65.31191726583612,76.70889365979346,88.03456452521282,98.38093701534868,109.12184106769129,118.75866187186904,129.26917493795852,139.27373451258538,148.44138406565554,156.80197959293068,166.4852352164026,176.61246525945822,186.99653549283045,197.13613705599113,207.6700896143181,218.12471639855326,227.10151709675318,238.14979892612735,248.96242267721362,259.9068486056942,272.1439937953132,285.96798699165294,299.6954571888839,313.4438957603607,327.08583932950836,346.6278344148892,368.20890399682065,392.6897168184194,426.36249372328155,476.47232193458456
20,total value,-137.96445547921738,-88.20500274269129,-54.79693347178799,-31.63594503028123,-13.08885469511424,4.627898832157287,20.816516643953204,34.45506785612713,47.93610785428479,60.41529574636094,72.4796135320045,84.42424946526849,95.03928072918009,104.6984905960935,113.84313515002937,124.4610423771257,134.44258613601042,143.9345249180192,152.7258729606868,162.21579602496806,171.37283093586444,180.21020487307658,190.61004310648894,201.16514872012436,210.20501798538083,220.2084532944255,230.90492117548263,240.93580205051677,251.3711362569585,264.0591405910565,277.8740380739352,290.3093847848874,305.42049040452457,322.1672734940255,338.6065840826215,358.13151127209755,384.1308186361562,414.90442080070625,462.7365946837478
21,total value,-144.47077370781847,-92.98718521083778,-61.12268170854803,-36.83047650741059,-16.436399936341285,0.715366334457553,16.54120354789197,29.168655544601226,40.898341075796935,52.52420106016035,63.89890980362395,75.52020210001777,85.90176927120845,96.1439492755504,105.22163943300069,114.99405169638457,124.68993712749968,134.01695227142676,143.05701187188654,151.05277577127302,159.7625051136776,169.131588775689,178.6504892629439,188.14460559396127,197.63750624107672,208.0499162101339,218.49270230138526,228.5430533607958,239.91460295882888,251.1839145368949,264.379391639295,277.3001176021432,291.73501491556,307.43311702068917,322.7319707464126,342.12839975450504,364.35405807111187,400.32346509072204,449.19260492515747
22,total value,-147.09830886580045,-96.12953092385743,-65.21672523029464,-42.22041802796493,-21.394857987303755,-5.510047514437968,9.110990353751047,23.661758718152996,35.719670414772146,46.684246282355105,56.638914312560395,66.81336350178918,76.3704438471668,86.41847507530522,95.85571609565801,105.32027826960766,114.89325364483958,123.65226023397733,131.78538202222754,141.14550071495916,150.36598979335673,161.03191637365123,169.913369964627,180.22361765544468,189.56700078515914,200.02408099127135,209.2863621602034,219.09404125445428,229.38890148740506,240.42696839337304,251.7451486109872,265.00900371111595,278.43204163399776,294.19672797318873,309.2521429208275,330.9040445485773,352.2966848301049,382.19747741475635,425.627797255318
23,total value,-144.91810117678688,-102.38742323112974,-67.75727774936509,-45.41853927485167,-26.41872981083424,-11.088047943836196,2.328282650824106,14.997696351428997,27.410136059571407,38.39851460510235,49.28846339229437,59.239458404503225,68.56433898079436,78.16165403010815,88.01707563931576,98.06771024611385,107.24932705213939,115.90666805620401,124.37122488826711,133.5883014495002,141.95064716838846,150.43755612155476,159.47238355241495,169.72583026742706,178.54257559254305,187.3766160792128,196.93529239600161,206.63384616321073,217.01843125918356,228.66851150623847,239.68855437854728,253.39679970834356,266.3451130622498,280.8410896238726,297.07382288465976,314.69950813912556,338.7379401644082,369.003593092875,419.04475551494056
24,total value,-149.72247715171358,-104.79886712780396,-76.73511753886186,-53.60947405202165,-34.5730483946749,-18.214331114069324,-3.8896195995310974,8.753574373708219,20.732897844260265,31.57344316297683,43.265254256301546,52.50051361013141,63.426839356657965,73.38704591132358,81.72714664929559,91.96306017469084,101.31842785324926,109.71925405677348,118.57916537156308,126.82579320184482,135.39643569932247,143.8768806727738,152.45195481929105,162.0795373240387,171.34146378918103,181.36543061303286,190.6825581353955,200.93075129654747,211.47366743388426,223.12915050953094,234.93182997804914,246.53644949090412,259.8264139988191,274.27980061429,291.72416450539964,311.7755171507127,333.1878070240583,360.4277447903297,405.6931450249682
25,total value,-148.51151934121756,-103.6749253206741,-72.95145658282055,-52.9813929925716,-34.979370107122534,-19.837615504850962,-6.280811285658711,5.372507802526719,16.580757734262896,27.782062423999257,38.949757266856096,49.10227544580063,59.326461998756294,68.62431894857409,78.26091883838322,86.86962122606002,96.29627764024376,104.66690783118237,113.51442315484525,122.36378689211337,130.44502146411705,139.5355158148616,147.12091787901406,156.5183428917784,165.31469678561928,174.1096872957334,183.12069808626362,192.93662355390651,202.8786106602393,213.6795661406279,224.0264402316297,236.30319926426466,249.5906611843628,263.87727500487506,280.4555334436416,299.7587088506037,323.04109508131955,351.09253919271237,397.54991495585455
26,total value,-153.61005630938752,-112.1941180113722,-81.83025688792054,-58.80256507080605,-41.958019728202,-26.943139737701767,-13.018394593618272,0.9149765365544487,11.83890025342135,22.237782896294327,32.607911031041205,43.2251002408315,52.41093762757174,61.06860832578589,69.42168156397237,78.31404109357621,86.38858850067905,94.54027891339277,103.44363442337307,111.61864802099385,120.13441165803776,128.56286616503155,137.83035702888975,145.67033730180918,154.83508750222416,163.88655589632347,173.38795058385298,183.41677983509828,193.05859670118056,203.21548595445012,213.36434283306815,226.6748637113939,238.65864979829934,254.51527476057174,268.8143991618716,285.42890222070935,309.22159266707723,339.0752801649794,388.7967937878144
27,total value,-156.2690721667154,-110.23455233890044,-82.15601149828426,-60.833519238696724,-43.62480094098405,-29.574099337809933,-17.232964535500805,-6.36240844903746,6.011957871582464,16.145609138403472,26.103783929157004,35.54512674769773,45.81805364069246,55.389237724374226,64.577624159325,73.38011441613922,82.08806302041668,90.1494524604554,98.81953166112265,106.66036156875737,114.0991374021765,123.213361498938,130.2680680844441,138.29751937365512,146.72461091746615,156.90092165922513,166.07175615203545,174.7363214456579,184.4276798736807,195.212430822322,204.09479159645042,214.38775286813114,226.0743589150413,240.7757174233738,257.03734830049046,275.58048291349854,295.9514709190609,322.18065085863515,369.4013785949247
28,total value,-161.2589366756792,-115.03260707685982,-88.3012744703661,-67.34267354263402,-50.270116422048105,-35.74765487274915,-20.35654244102016,-9.487258653855317,0.49968650271918225,11.92162675798485,23.043005070987853,31.654857017246325,40.37689472232606,48.99935062394425,56.842857871695486,65.08735359411556,73.51319133043752,81.48300444573294,90.10778143993272,97.85460716053404,105.34436191748895,112.9230402269645,120.93355718714685,129.66573083333657,138.22102161041363,146.98684761454066,156.21682620822568,165.3408722646794,173.85895692176558,183.94336848185546,194.14611293004168,206.43162543580564,218.34986615058043,231.59981937663406,245.98419156281798,263.20084810808095,283.0010335275453,312.85461634895637,355.0734619424601
29,total value,-162.25293155348643,-118.56030121576799,-90.6786587099815,-68.68995973336261,-50.81875123226994,-37.79316677645893,-25.70794674525979,-13.985978595805317,-2.8921965763666195,7.919008344804762,17.774446688571523,26.426016637917698,35.31731947639351,44.466797348436195,53.037232281014724,61.050056175309756,69.40542981883985,77.6327759698973,85.24838709113229,93.00178522556102,101.0098854035929,109.31421981662456,118.59468400266668,127.1665872872681,135.11660221331354,143.82290980343825,152.57979166380824,160.50934334041384,169.13029044312927,178.5742767190787,189.56592170474107,200.17551038733524,212.593764033998,224.66779546285562,240.98715622389972,259.66982566121607,283.6281872981284,308.8717761165978,349.774932870774
30,total value,-159.4645879981851,-115.2886730747548,-91.78939083870526,-73.27852484148148,-54.68714446331792,-40.25606279420206,-26.72756291972378,-16.70438805237669,-4.061146336870217,5.566836675387233,15.534285055411203,24.01073127048621,32.663444498195645,40.086147935826126,48.187459202882565,56.381525245137816,64.45136519014282,72.11701354390772,79.76188281974964,87.73593495828995,95.14603477685576,102.95513682980561,110.40663604250213,117.75563973485826,125.3848460227214,133.78526195777684,141.76340958475112,151.5738159483512,160.82589570918398,170.05809462174486,180.38767776944547,191.28296002618936,203.91582592755228,217.24619830443442,232.64277786992298,249.25971068641041,268.6252349689317,297.13058066498644,337.24164472291193
31,total value,-162.19155934170843,-119.04076853416771,-94.10970126707466,-74.3793863492312,-58.06071476051567,-42.18791000929631,-30.462986122274366,-19.1363869510959,-7.155978395513994,2.722333082331275,12.202867513931745,20.782544151561748,28.610720800669622,37.35514040171087,45.67291452903011,52.293114646331915,60.158175298870354,68.39456578779357,76.01410947668774,83.02571322308629,90.1186219735272,98.17628543950212,105.8295154395029,114.51752855202197,121.88016958728555,129.48350391186165,138.03455384102037,146.26189808931653,156.1753686143004,164.54562755576924,174.3126599318582,184.84373429629403,196.40684443811523,208.09629606563792,222.881585278624,240.07130423727997,265.13344099725515,292.15009397580616,331.95876509903417
32,total value,-157.51086927185563,-121.9390915439509,-95.81995109357511,-77.06895452147354,-61.15123583494933,-47.466279243603424,-35.19096856159176,-23.818065992151816,-14.06266851896609,-4.447752608108988,5.082604280889291,14.719902821224919,23.14353811887857,30.509037990674713,38.536320761647794,46.13414468039568,53.47679800707543,60.6229903900911,68.97382822247471,76.65310401550906,84.1154779005837,91.82069182721057,98.82870282712416,106.9754764300111,114.3334885209252,121.99498435050725,130.46152882385306,138.73728614265508,148.03308832349222,156.92326225249292,166.76334485495474,178.0866485802485,189.91904340324015,202.61006047848358,215.5140758343999,233.85997573083148,252.90581950162405,280.467077515804,323.77315484232724
33,total value,-166.51965366099978,-125.64643622081998,-98.50859066510249,-79.3882114296603,-64.88713986449372,-50.500002381332,-39.45737352118334,-27.367143353668414,-16.393550411732694,-5.565096981084707,3.39928678080594,11.293706724896913,18.731435522480737,26.803744579782155,34.88733592441891,41.77452441816645,49.34856647461176,56.63509249349432,64.57763078450856,72.19669233305129,80.1167319462764,87.88621041234555,95.7751751202265,103.63018292928032,111.56702866983436,119.36669209115789,126.64737161408954,134.27060479530988,142.82537645616662,153.1800685153181,162.86895676508095,173.44842851820601,184.17175774543398,196.6011907619135,209.74217807523434,225.25264410108488,246.28421915409226,270.7540214313327,312.97333912469054
34,total value,-172.3338074852392,-133.28191809046788,-105.97162570482016,-83.99619487714519,-67.03872169194989,-54.66058228067999,-42.26790182323041,-32.80507539906717,-21.331051794962335,-11.495699348125896,-2.655652521814786,5.983816382956315,13.757773755779397,21.919922937974825,30.324489608273723,38.0486492716166,45.005678411583304,52.31473755664014,59.4784803498209,65.97292354302945,72.87272518297685,81.03655094446552,88.06713866676826,95.32052625775964,103.09536393497328,110.52249184701837,118.57336812266453,127.48916438116251,136.55568747531612,145.4036438580444,153.4470796916586,163.03512472065512,174.89033153539668,187.27610073596642,200.68590911471975,216.6915782023313,235.55855381890672,262.8925806006692,299.80885986584894
35,total value,-170.0181699244201,-130.65702404396134,-104.7447085862617,-85.8524217821661,-70.46871159569815,-57.43363312258945,-45.469923626826116,-34.24209531444332,-24.337073475029392,-13.281764171378978,-5.571074400363881,2.3482353173376156,10.668873364470047,17.46145783831913,25.30169123332886,32.48677479781664,39.123035294535725,46.04548145149485,53.6243316157284,60.11260809316788,67.50996207866935,74.53663088708115,82.05635318704078,90.10142429097439,97.77424143500762,104.71681819525568,112.55845307413948,120.54680697305787,129.54571517555792,138.85216461352047,148.03665087822,158.48848515613915,168.9975914821075,180.64375282975615,194.38500220662382,210.49182358569135,228.876703201873,255.02509443802754,292.19446636212786
36,total value,-167.84714296662386,-126.68916052874988,-101.98636486633755,-83.51101533748304,-67.81898332943052,-55.78129331443769,-43.906191668532315,-33.32199819750168,-23.557803477587242,-13.541576117536199,-5.177838106524716,2.1165449864052204,9.455402969212203,16.48626054833131,23.96763254584318,31.953608247070306,38.847150424775776,46.36240029828011,53.54460450041661,60.26985125947527,67.65602232807431,74.70475323612519,81.63208703834852,89.1068502842325,96.82698482211788,103.36431521801434,110.86009287111045,118.89250617653444,126.11502594770336,133.4801479433224,141.90514106536935,150.78473889711026,161.09214360876777,171.42267637450664,184.42397265648526,199.23367030451618,218.22288165715946,244.09865946702664,288.0780943523459
1,first year,-76.47178313513727,-51.67982838025458,-36.12890516266299,-26.27353977770538,-17.229530411751682,-9.221395601158049,-1.4438315045907437,4.689017391387582,11.804061425754423,17.47082853536989,22.17282534666537,27.550412971856225,32.917571483290104,37.750134812448024,42.443585718299474,46.54847627303937,51.26855397261132,55.85053939172437,60.076292408275656,64.85101477331384,69.15527058239428,73.16253184638163,77.50710776626048,81.85420547968215,85.8868259275093,90.81411511349803,95.11673110775294,100.79465917241585,105.58367022030879,110.36949011404296,116.60867501497985,122.94610401568669,129.7447401420145,137.2783367929071,145.530838493949,154.0226498410695,167.28280111496215,182.0246688151861,206.56722839698793
2,first year,-65.29346479538532,-45.65599217528477,-33.29366878061393,-23.031855305652552,-14.000035278075984,-7.119585782282191,-0.7085096720607227,4.163828788363413,8.879094682281181,13.379847611098363,17.904141070791695,22.69145974726385,27.042294212436403,31.58047590884877,35.71902623756652,39.910143569537674,43.89832069076182,47.79750478553215,51.63746524387031,55.19661728555799,58.50646286286083,62.53642688988705,66.12022115687586,69.60334190316735,73.5032149348175,77.36032947414137,81.7754548986293,85.94457074634381,90.204661078231,95.11377901906431,99.92527039567105,105.19592711041776,110.0140653631054,116.35837947494736,123.34972888243979,132.73583045707264,142.53346541921047,154.34103018339056,172.57745539450957
3,first year,-57.825741178908764,-42.06434466054126,-31.424692368734004,-22.5507464833925,-15.11997377900092,-9.72240426555023,-3.8505637949289335,0.8712189554009658,5.607063983107519,10.15364640905044,14.700590751701537,18.60216913878254,22.44268483641524,26.08028891690863,29.65877758989714,33.137847433822145,36.5135379201736,39.98344589571373,43.22191076243769,46.2521291398519,49.83814065376983,53.53551037231833,57.07580571673131,60.78743986062611,64.34414322676449,68.09133839306358,71.26302332550222,74.97558539408877,78.83170358936866,83.10111365811154,87.14121796506342,91.66298070237976,97.04178278633363,102.75836970488085,108.61643238915319,115.22830078736601,122.74195618592636,133.40468648723567,150.95465424520393
4,first year,-54.255865379832905,-38.14819308024822,-27.77663976411979,-20.31989444606706,-13.941084056452437,-8.3096751919811,-4.036106892957542,0.2458204534120445,4.221134001742068,7.9955618346511,12.039689672315415,16.11208747165131,19.812573793636105,22.84052345030819,25.8011476385148,28.973039678343497,31.61780870864476,34.421803689414396,37.58752739690423,40.81554425263562,44.02782976118972,47.16875384886369,49.82475228724431,53.04425018282337,55.97030863989388,59.307488009526146,63.034692639823305,66.36418601130964,69.889350621341407,74.14115113971788,77.93226542701528,82.20018596043498,87.24415634233323,92.04857494550227,97.52918717124506,103.6202469788535,111.02627841144509,120.91757772773724,135.80016487945352
5,first year,-50.83805793638041,-36.402396463096906,-27.49119634893528,-20.064492030590493,-14.160800945057861,-9.126624789575551,-4.93293705879413,-0.5196731213767273,3.475848852791611,7.099908032650686,10.72113181485631,14.29705059855856,17.675286452886873,20.727216342425905,23.49712470855084,26.278915660660942,29.019021941244386,32.177309716301245,35.09329720838063,37.81614046253471,40.78532300585308,43.82407528034403,46.47392686011553,49.12161781018938,52.2536109762704,54.99007615386556,57.5590049535402,60.79880506116549,64.05706479104025,67.0525190511513,70.41584637477229,73.72033884609151,77.78305125865805,82.04741763383868,86.78087563767613,92.88200122047432,99.7248693500849,109.41347265862565,123.91391673630984
6,first year,-51.328902345454814,-37.40261854173273,-27.609350672414447,-21.198221802980047,-15.235395236196915,-10.287551683692914,-5.713483039931913,-1.9298602969148113,1.5216880829486763,4.786680021526366,7.803567243876317,10.79038707538231,13.874512952845496,16.61531327933023,19.36568192689929,21.962850081526398,24.50921299788174,27.248883421840564,29.90736515706857,32.54017202944418,35.24835004347433,37.59165344754529,40.13256417944049,42.884605141359,45.74413658027304,48.765310228389936,51.8420341260595,54.8435267348166,57.71305343521224,60.900954704290434,64.22977913863909,67.88901458899159,71.86221559010254,75.61810553436945,79.86237029955572,85.35723396167,91.14027406952951,100.0820062027982,112.45809108742202
7,first year,-47.58262641989908,-34.933726070169634,-26.672144031784512,-20.661585078925285,-15.55321681480169,-11.133711350811016,-7.3322144675359775,-3.759572698585697,-0.2919464328093046,2.824705163909444,5.975443223769031,8.983072023913858,11.772643116613313,14.270128969757714,16.885334298284363,19.508504225043378,22.160551303929385,24.398079547780885,26.66076373650584,28.775892575227033,31.066007986778807,33.627947526710784,36.02182085077705,38.42683497911146,40.94962324555267,43.61927678975391,46.194293263938896,48.88567055402727,51.888148743739755,55.185093395187806,58.319201557505465,61.44047843925117,65.14384209739808,69.32405333503189,73.54805114396669,78.80339172618034,85.67735474310797,93.47417159173739,106.15661772748193
8,first year,-45.05043620273129,-33.17331650254505,-25.640085414050706,-20.173065422005514,-15.298747221189245,-11.36144253759593,-7.42046394195182,-3.8987259387321753,-0.9818508161936126,2.107462291209208,5.053319009236315,7.661394535436955,10.28477489262523,12.742325076524022,14.988188431394148,17.342804730340045,19.696741194728176,21.94026591936246,24.31481853747316,26.88612674871719,29.057769504110215,31.42940136827677,33.792851358977856,35.92076772683906,38.534996611175146,40.89784472576202,43.17818361527705,45.76482206598401,48.63421977293811,51.52709450979719,54.516740217932984,57.53491087184223,60.7054270377327,64.3668626250981,67.94830935926538,72.19876837233869,77.70961432788287,85.07814265895311,98.18875363325257
9,first year,-42.525248672457565,-31.84990674737837,-25.657205737654408,-20.88231557765467,-16.76409602366832,-12.43652195329518,-8.754128902715903,-5.783898531481682,-2.590918735633399,0.14246927079753746,2.791899343118251,5.3432545088307855,7.425977661049122,9.714632706305252,11.807890576265741,14.1782345992318,16.4713385681977,18.67491513319622,20.685738694378507,22.83199833931954,24.9639689285088,27.01109444505944,29.257895511270366,31.414334351951155,33.976822181552485,36.24134609631399,38.60374089833188,41.1442988724334,43.66585691652911,46.04839655904067,49.13492531050689,52.420910049522966,55.66894588464165,59.717413410239786,63.486802148059745,67.62628742958987,72.80991174908868,79.32429327868734,89.35494679711256
10,first year,-43.23318009573156,-32.54677804795798,-26.24455028371973,-21.498410196382515,-17.214660964375174,-13.263171431666724,-9.974752358744256,-6.963446857372528,-4.077248985391639,-1.2596621650277964,1.1518496851908975,3.5967822111178958,5.845956937354736,8.196322873035502,10.554857896800485,12.971974955508092,14.996921155560447,16.990363121902767,18.906442487922984,20.969146600129847,23.20135537532021,25.19281865022678,27.180615921227314,29.238387387613464,31.41837201638542,33.527198885056684,35.74908334662946,37.86751122360582,40.10844931082693,42.7095719555481,45.155173415261984,48.19882768242664,51.23222080527013,54.49605357241724,58.36803461453988,62.643398690788324,67.46648077339482,73.75396702547712,83.97009918754873
11,first year,-41.39409627873024,-31.31108687664221,-24.996581924368908,-19.879543826932654,-15.83928431606062,-12.133025250970476,-9.074833787217324,-6.002025790724896,-3.210758809728671,-0.7860844486805272,1.2737643177229083,3.434418557592352,5.815749143078601,7.5786202747468625,9.552781245436794,11.370844791529787,13.343058253563907,15.232122373907426,17.423940437546715,19.306290100782718,21.367752017561962,23.456500909092732,25.35279290554595,27.212758639463605,29.035282962347978,31.05609465507151,33.291371527930245,35.3261299831307,37.39057053932566,39.652723157312174,41.92539538350529,44.75159182609449,47.50933604531448,50.538094669192496,54.469791980402945,58.47485424028247,63.5776122864134,69.73886395386857,79.3079765130303
12,first year,-40.63315965346073,-31.9485196925666,-25.679521153593715,-20.744001780759785,-16.919010211051848,-12.95052302380163,-9.98941287157527,-7.106509362488689,-4.558886500221556,-2.4433232352273997,-0.18205415322102553,2.1216569850764175,4.189599432330265,6.04518531570916,7.946478925927416,9.96224733974624,11.696257133661565,13.806091039581641,15.693004827743366,17.39390214183649,19.259237811816615,20.981631958460596,22.78288226412751,24.593843259883794,26.415489747004216,28.16669181263191,30.02657198462575,32.13205403947428,34.3004627592915,36.62831604859562,39.070694910172506,41.52086634935998,44.34369599202304,47.27232408197018,51.105455489250446,54.75876321406378,59.75859147667856,65.54884668625894,74.31554889702332
13,first year,-39.80385187199314,-31.807868073082044,-26.142011702979456,-21.097749359799195,-17.623865253707624,-14.312075219291472,-11.485713215477869,-8.684401948783433,-6.312927533986788,-4.145884730111097,-1.7618155570542195,0.29718223369184166,2.3076227410884167,4.186917443546525,6.238012162943086,7.9629616473540565,9.910392746978244,11.742460627487503,13.347318303702028,15.148280584337062,16.795359991603974,18.65243264961919,20.49386979572383,22.437517978344843,24.233442447145777,26.17605117277222,28.155475644166174,29.985437829927584,32.276625264329276,34.34502610614992,36.49849255292389,39.344052948663766,41.89394201878706,44.79642122393477,47.99619126284058,52.01687539185561,56.08444752670408,62.102416031798924,71.8247476217154
14,first year,-40.84320879874253,-32.21272183446156,-26.10862347779145,-21.86146576405597,-18.586584519498956,-15.334841955423702,-12.668829780298449,-10.119132473781344,-7.797685046684887,-5.569078453149621,-3.3700792519184075,-1.252830779322493,0.6534568044658604,2.4807925233582253,4.368818619586766,6.207551267677742,7.949049969940033,9.878493416230617,11.687881310499277,13.599068200579405,15.424540941460947,16.958931799896288,18.466847555338905,20.270484091037115,22.09566817205362,23.884367942319656,25.768546485454447,27.632009858443933,29.823054776290807,31.700086736523346,33.7648082360966,36.1371126192134,39.11585792331713,42.110323762654374,44.99061032565285,48.217538638526996,52.39239148386649,57.57242796985657,67.30202443320978
15,first year,-37.87514313111572,-30.24693881084174,-24.91695933401883,-20.777690029406763,-16.94635791339078,-14.30130405053961,-11.730260603527187,-9.140557843604693,-6.794392999925934,-4.825093840758143,-2.6229318516329276,-0.8766357086064207,0.9188015271540696,2.7439075049136314,4.250517795564949,5.932132694079247,7.483722361721217,9.08808329358492,10.802690102707082,12.331190601042794,13.832733688201854,15.4722675695718,17.057268764188514,18.894016952489235,20.704853257316035,22.575495744835482,24.43988226657027,26.28613414126163,28.41334911102178,30.249397723854628,32.49830786786701,34.66704638631718,37.10643067876054,39.75732513093122,42.953151168464366,46.46534850908661,50.789124745391206,56.00104417460148,65.46437579052423
16,first year,-39.737833667574286,-31.461585011581448,-25.661169581338434,-21.9289211614233,-18.31524882418905,-15.35815362548535,-12.795392151492369,-10.234974963580008,-7.877227645838712,-5.842892074340227,-3.9205727527153345,-2.0558573084514453,-0.3374507085827223,1.4746477844976484,3.1996800779410273,4.861076785296494,6.5265874774277925,7.9865400179888475,9.609098961901267,11.071420318586927,12.661302545351933,14.074356985077639,15.718608637816487,17.245188288834562,19.031479661567662,20.900613806009197,22.690319844781513,24.480147504334862,26.437749343309015,28.301789089185753,30.284808686682474,32.613582943575736,35.02985033472346,37.76625265625856,40.67475180312434,43.70492442412706,48.07504228087328,53.42887195756564,61.24983753975891
17,first year,-38.25437183877532,-29.808403082238193,-25.044519091822487,-21.112553869559743,-18.073861653600673,-15.344734568670297,-12.833397777258682,-10.412149443595526,-8.16421620445314,-6.2828364043755975,-4.371873022639344,-2.6090644689071816,-0.8865818017895879,0.8320095586230314,2.4295857452645016,3.9341398307677253,5.395292215306057,6.873683067874731,8.325354711033853,9.80830412421022,11.282399089929363,12.79420138960402,14.397105262557368,16.072487021602313,17.69582536089823,19.461341304514313,21.271097546435097,22.67732841614646,24.55590524428631,26.36195426710347,28.153382636758703,30.342483536958664,32.63086965388992,35.14866736806945,37.82544977258432,41.067244176286714,44.90013683543492,49.64128298922818,57.402830862912104
18,first year,-37.449323709004304,-29.628388851257466,-24.746654846254835,-21.40751890431275,-18.534880480504036,-15.45278546352508,-13.1869793794141,-11.153673424805966,-9.138385782301654,-7.320018803048059,-5.776097447580534,-3.9351472447135913,-2.340161075839488,-0.78230872478751,0.6482309275766885,2.3088942704275075,3.7993540680279323,5.348755084475681,6.948006148876721,8.568859006313133,10.171352695052605,11.679453626517494,13.247275871155672,14.905002981020177,16.47403742288217,17.95144146496464,19.3365358106499,21.114331302849088,22.916408293433843,24.646603033310463,26.505279699049183,28.558186190662152,30.691864592785578,33.06086513059691,35.61242957396646,39.22542721234995,43.10500760032147,48.00471533642345,55.145184032415116
19,first year,-36.92325366127742,-28.98019687522518,-24.25376228882278,-20.69667563770281,-17.872442831294688,-15.11399598589117,-12.951258769504435,-10.890679779908643,-8.953472576041985,-7.12934170415663,-5.441880698637333,-3.7746976380971216,-2.012999988522489,-0.42155430874980904,1.1353595788060766,2.624742579194946,4.064093345798573,5.507790934611377,7.029225820278192,8.44198358710846,9.86317197655151,11.366212103810852,12.900971578460801,14.276747289835583,15.755909150446435,17.25437164996837,18.904003265223327,20.296363432898517,21.838087965626404,23.449250376335748,25.249504241918086,27.06782240156021,29.136635057098346,31.762800933647362,34.40298965656274,37.29294022000642,40.45857267448335,45.77976975916726,53.15701094921979
20,first year,-36.21038678659421,-28.907732057215963,-24.63545250965486,-20.95985237365047,-17.946354269347573,-15.537292230014803,-13.381869228030665,-11.417560212342956,-9.418052286138249,-7.681345653652658,-5.787556833348941,-4.275067055458136,-2.7860957374817246,-1.2280284711499108,0.27442952339064985,1.776639860656637,3.268261851664282,4.828949996012661,6.133335884955697,7.373820334045927,8.80072813077634,10.163327202542446,11.598443725044113,12.992816960664001,14.432931867437865,15.943925742373132,17.609545072879193,19.12272412744887,20.823817514811324,22.430212344870167,24.142016200119826,26.058538028769807,28.121994515955954,30.22124825995554,32.8441093709502,36.173116226084794,40.12844072891379,44.39900114952599,51.32836186885173
21,first year,-34.19234467307718,-28.048742436861836,-23.736211797205875,-20.796160021543507,-18.072445568240855,-15.871656814141403,-13.629084155336141,-11.759648986536423,-9.920682423186436,-8.238471709998578,-6.646466160301821,-5.107126787140821,-3.4656146021327507,-1.9995522675351127,-0.49288059211238866,0.8617163724976468,2.248421296264179,3.652089301803076,5.11819772536216,6.502931244592249,7.796205147447715,9.240093628580784,10.663285322702315,11.996083422581542,13.346183169644027,14.769059310425714,16.2510396986604,17.75681199924294,19.29966864205003,20.727163921737503,22.48821522137766,24.26729104743082,26.291902895509814,28.563805740720813,30.800738709301,33.43819591198394,36.6947816707675,40.916302915412764,47.44942713051316
22,first year,-36.2900915393341,-28.426985328988884,-24.34156281254605,-21.136091171741267,-18.491013985736974,-16.07596738826192,-14.00293251240222,-12.047896650289903,-10.264048819994017,-8.708099695399884,-7.069707499158027,-5.441336165861112,-3.9276785127361586,-2.511062149383325,-1.136254133244437,0.25719139679635494,1.5524585087565757,2.8366206338664286,4.251170927563985,5.572903304226948,6.987790919886068,8.236875577102477,9.612509081938581,10.942537631972534,12.210218421026987,13.56191286840754,15.011024309639858,16.47941188719961,17.920417567074598,19.467599597714056,21.210474087684602,22.997382347783205,24.883706478172698,27.315689965260837,29.79952199419135,32.61198800282231,35.77523402634689,40.31870814711353,46.62223729399313
23,first year,-34.46092050527874,-27.649415834652807,-23.655315013332974,-20.33865275134719,-17.689542727852217,-15.196179557437885,-13.190599895950138,-11.301496330085262,-9.538834875053603,-8.01172412391682,-6.5499010834411315,-5.160097688737686,-3.855994243369521,-2.6116563775679476,-1.2260670479465918,0.13290181033631804,1.521862824831991,2.8336845796764543,4.110145266487574,5.366412369332435,6.69774324467039,7.835402717301738,9.119312274968301,10.322163282770173,11.503399679771457,12.806034703140005,14.112236017773153,15.545636042356842,17.005170041492015,18.55925234375293,20.253464798456122,21.9496204866635,23.811304299747853,25.747741150477918,28.043762049065485,30.93535808748351,34.17753369175898,38.511027790878195,44.451273732087934
24,first year,-34.80853226137556,-28.33571597101112,-23.995531220454247,-21.01389242746047,-18.54788641176355,-16.138456499656385,-13.959595758867,-12.073891128651585,-10.422985575085285,-8.757402533003734,-7.281689085680081,-5.820225555675562,-4.326693708534837,-2.853185515979207,-1.5319777901115414,-0.26825800545103473,0.9802566977489131,2.1600190793316814,3.4672564603078975,4.778177513921541,6.10770988614569,7.319674666887002,8.55384960765948,9.851592755268582,11.092559926446715,12.37689262481545,13.779171577321002,15.307490030519684,16.80565760026925,18.3823135577611,19.958682821130772,21.625958180096145,23.4447126030216,25.560628934166658,27.69972660002354,30.543258245098276,33.59914228283715,37.257870478241266,43.13108098447414
25,first year,-33.869445225582915,-27.41877771264488,-23.71539005523838,-20.73806015608321,-18.18857840281735,-15.899278471211183,-14.027651070096157,-12.184667086889354,-10.476246988449963,-8.785586127750825,-7.413263402644686,-6.08953405998351,-4.855991556714962,-3.657708603417434,-2.3501683528486486,-1.2090976976657302,-0.016105404982244054,1.160647604726845,2.2982922774545913,3.6144711068989746,4.808585282473042,5.866103823096339,6.953798131955848,8.20871736139175,9.385800896270009,10.616634316060006,11.929954422685611,13.354970549759411,14.827244976644288,16.310505408990675,17.966679336399164,19.74940709253256,21.353186100409182,23.464369623094644,25.552495715151885,28.054344731916522,31.215741426494038,35.15465130342267,41.057344916912825
26,first year,-32.92629431444567,-27.07880686314833,-23.30667164726978,-20.433247620583206,-17.955008829798896,-15.891339525658688,-14.059742461790476,-12.202126665477198,-10.518967040951349,-9.029271338410089,-7.539181732878239,-6.08445397809488,-4.765486167973181,-3.51280129788272,-2.3022244516990242,-1.180147578854849,0.12525067717927707,1.3184393309912061,2.5164272843942372,3.7368851970880095,4.830356088131888,6.070799722602622,7.211935554331652,8.394207661292775,9.703666384914804,11.04970692641519,12.215792900711683,13.625358095121632,14.980160350560423,16.50763377563407,17.82057077646469,19.332556227845107,21.26953864381545,23.141311680649885,25.237965737558895,27.74549939897761,30.923263377455033,34.25517649374344,39.84091559115508
27,first year,-33.11383584192363,-27.048723686689648,-23.667329173780054,-20.671254227878947,-17.786052414307292,-15.670868282545161,-13.92332338575042,-12.139021564139487,-10.6836253734804,-9.07943755106519,-7.631832542682153,-6.274452844453548,-4.904027174786968,-3.679529649188196,-2.3663497112078122,-1.2290102908544067,0.10310488716766378,1.2032953996318763,2.3340607539005935,3.508520420929424,4.537625543912807,5.780015610498518,7.000981215694956,8.102710583460963,9.296407858378132,10.454466700873608,11.80622197669193,13.02538708812037,14.213978253000544,15.571899884575052,16.97091209718216,18.56796438084222,20.184580282511376,22.0331120442135,24.10965796321704,26.353156257821656,29.07777918150164,32.351715975697374,38.65645122019805
28,first year,-32.34445645454338,-26.842268484457136,-22.92687460148625,-20.231030084868994,-18.02820083342398,-15.962251187119321,-14.034614011149504,-12.363504207821752,-10.95919600157737,-9.385406217950164,-7.9162386809867495,-6.58364035309346,-5.273450032955653,-4.042420364095309,-2.91148274353187,-1.7466922525975248,-0.4886078946315632,0.780393024365552,1.9317356304194953,3.1394740942334476,4.209702815847186,5.241445354734781,6.307502463625214,7.449037541792935,8.811432298373417,10.100610687669828,11.373081258053787,12.630854888542897,13.943892467366023,15.295249219245598,16.75409857330435,18.12075234600483,19.716493056559536,21.62171460325795,23.560528079943072,25.771275656455774,28.398124795635436,31.986710367956395,37.298170469855066
29,first year,-31.35121463853208,-26.431118756632458,-22.34213455704617,-19.471338265632344,-17.137541817579223,-15.001067960444619,-13.216218535027158,-11.666919974440386,-10.158674015607506,-8.8619203519041,-7.504494766820731,-6.340830064356794,-5.228072736444932,-4.156949189342937,-3.0187021258069655,-1.8674556951265124,-0.798252127802494,0.2922565950675715,1.3664425129992486,2.3818795014124055,3.372328417494699,4.590583946997218,5.808070523724146,6.870761924643755,7.915850332468779,9.030337156414967,10.177969596734991,11.42845824757711,12.824331305268005,14.176483302536017,15.604461116950382,17.17582727423435,18.757276720586134,20.497642746262358,22.411651704230337,24.74834077282586,27.368333132488797,30.69041451643957,36.11754646157682
30,first year,-30.760595728426384,-25.502422707307925,-22.133154184983397,-19.58635265056387,-17.391907210561993,-15.55778740515364,-13.745440455152359,-12.085759664969007,-10.689655770009306,-9.21908485744141,-7.98091690700318,-6.651396508779686,-5.404473343768313,-4.267739002868458,-3.0698098225630246,-2.012764686414533,-0.8738174465323877,0.10807141439524742,1.1736645266176227,2.3684798200495765,3.3621910852964385,4.411326438194356,5.653415421636236,6.702034488568238,7.764367217856998,9.01979836298798,10.146635884132692,11.491496231973429,12.667979539795883,14.052402851196131,15.419928105272469,16.802152734541565,18.351459648188754,20.104056532655235,22.11946025727483,24.228739478421907,26.853279324390996,30.197924149940203,36.06766426553556
31,first year,-30.07956572030717,-25.10173034983671,-21.69252862809615,-19.198930109697912,-17.042581811603984,-15.228041987838187,-13.470571497783245,-12.06004548022364,-10.67373031238867,-9.27845613886213,-7.897291319763211,-6.664766700596092,-5.503234519628561,-4.371111987069581,-3.181964685739919,-2.124315233475647,-0.9872865625411043,0.011430483649487972,1.1171454884813947,2.1101606591786704,3.087996683069835,4.184836284168209,5.246618828456126,6.278224454545269,7.350260461815127,8.418285821803448,9.541876259343235,10.800022138582682,12.034352565594311,13.344345447228541,14.778610127493527,16.185255189448664,17.795334962811932,19.5467885111769,21.161888822680044,23.288229853839773,25.919812447380075,29.330549403048852,34.29237655292835
32,first year,-30.359609727931698,-24.57436720971957,-20.98949475125732,-18.629507734629268,-16.469776578008563,-14.68216616841514,-13.035475814780654,-11.474026621784013,-10.095482674254384,-8.818161524704719,-7.517128752353933,-6.309046591345511,-5.040642225715606,-4.012348243945509,-2.875992126247826,-1.844439823063202,-0.8757890696853918,0.07842728094615703,1.1614630031002653,2.1854616714516735,3.1788061100041674,4.258230578516843,5.284984158916193,6.360845477527196,7.447389418616529,8.565979565353885,9.674622073099563,10.770994015357019,12.001249199435936,13.419379900174764,14.872392529164571,16.39146347539719,18.01352983853674,19.8384518454939,21.867038396918073,23.934995484111944,26.52047864351517,29.59432689670658,34.72818967294304
33,first year,-28.614499385872637,-23.856793475278334,-21.043566126548853,-18.683618270885134,-16.628449874101655,-14.884114588580239,-13.122574235233635,-11.462188369652587,-10.115167014790671,-8.740127059243427,-7.462876868513898,-6.2478224673607015,-5.079087467699703,-3.9820179715231436,-2.7589645228873954,-1.6787356159011217,-0.6681204906858761,0.32835611341690474,1.3333915997957102,2.286418011899201,3.2006569228297908,4.180937946003402,5.253962766366406,6.284918307297895,7.343705965918554,8.45879776937511,9.586821816726715,10.750373767035896,11.862874567904946,13.094968037367682,14.41547010298818,15.980341445728843,17.503615882756574,19.232783810707705,21.179579666421873,23.10991512138554,25.854267549195598,29.2350606748541,34.460908238535644
34,first year,-29.124669848503125,-24.363652608513856,-20.975392100362498,-18.24259435482438,-16.195749593282606,-14.39295296768518,-12.894538897163601,-11.406439990454224,-10.022877653365565,-8.577646077717928,-7.500839293437419,-6.308982661109681,-5.1121931001511065,-3.959437628146561,-2.8333245668277884,-1.8320811391829306,-0.8384692480190814,0.0505677961265123,1.1335404862293263,2.1954649135311826,3.22461922750031,4.1814971088106425,5.188011575730117,6.118799977054352,7.003222098943786,8.262529561098061,9.26820124624792,10.54181148872166,11.686274129525803,12.888927661444436,14.114139646441455,15.554495438258158,17.172923707907106,18.68147424341758,20.722368707591855,22.820516478565157,25.480466686340367,28.60278373594844,33.32137505361457
35,first year,-27.997592461432223,-23.02124621569886,-20.047994377614767,-17.63816122271432,-15.487902595422579,-13.512081569317843,-12.081005380092822,-10.666127293179011,-9.406534547296264,-8.148096115121362,-7.034349296188374,-5.9471313936724295,-4.925638335433805,-3.8764125542033434,-2.8665301047943883,-1.8203861338609637,-0.7212638062770407,0.21865974992189566,1.097099439970192,2.051481885783135,2.994674867878505,4.028942987323588,5.133274120759267,6.176096451238416,7.183672170372635,8.085086372315612,9.17240540105149,10.296495659103115,11.354321023494775,12.5456318522938,13.658205389750421,14.94559713177291,16.372845114430906,17.967376648985713,19.63219754472475,21.72263732442302,24.095072384750264,27.278260599684,32.01771737411555
36,first year,-27.99810187052254,-22.90987158670495,-19.556199360628046,-17.22891606400637,-15.142109547316416,-13.565743401007694,-12.084798244292864,-10.619389425110835,-9.302716385173145,-7.973084474839018,-6.9046658042594276,-5.9370367370341155,-4.925090836048499,-3.822163662658312,-2.7617009809207564,-1.7506800061186967,-0.8004668671432565,0.19414868361408216,1.129340085457704,2.0792534086640555,2.9906999529096634,3.9417444498458627,4.978976692269887,5.87008469616627,6.877666710169462,7.866904609322794,8.872457062378675,9.949736019605279,10.985576518423613,12.201887356059306,13.498760896646914,14.757869708329611,16.135723313106798,17.690698299051988,19.589383772841998,21.56409835986168,24.079924062504247,27.435573308152712,31.891245223906353
1,second year,-46.79119220057362,-26.217858674973492,-11.727358368430489,-0.6531279124435767,7.837395444712129,14.643191497679275,20.838944012205264,26.817204829997518,32.69690472156921,38.26488528854501,43.3008397328109,48.051206943100325,52.69022829130171,57.55489066946842,61.9368293212725,66.49555376519885,70.43274565933356,74.64961624198415,79.21075175688233,83.30998487481114,87.45615434637634,91.48985775376161,95.8602513590935,100.16687431947472,104.4470758729565,108.56261607869367,113.32722005606844,117.65128278038637,122.15191060918265,127.38000271938654,133.1441327869071,139.34151408966792,145.58840717240076,152.30335288766156,159.95524709573573,169.1584312038835,180.35610101833822,193.02312819799516,216.51698020878786
2,second year,-60.98439373495886,-36.74818593391475,-23.612819149577113,-12.440491751888231,-4.0459830898646025,3.282951770030211,9.636851465836523,15.991397378225876,22.224966196630916,28.165285256537654,33.25227157514796,37.891054292173166,42.620404837069174,47.492844011317104,51.79117670759574,55.93508044012029,60.705894797026204,65.26180764244003,69.62523689627496,73.5061088117113,77.55724490791039,81.78670278304864,86.22296434834894,90.68448130731589,95.71693108546083,99.80500866931274,104.60689073461825,108.66213161978087,113.81708567919821,119.53229840186962,124.74136328040832,129.89594548884486,136.37415039886233,143.15854628730432,150.89378891010603,160.7164869533519,171.12145614329188,184.3355989683392,208.20607804335347
3,second year,-64.59780440900056,-43.05169734129196,-29.28818240124808,-19.661626910657045,-10.896398772983046,-4.312621877018113,2.528773752498303,9.189862311394734,15.14652306420571,20.522672008376343,25.812714320954278,30.888891968334175,36.51418507259875,40.70795976182831,45.1001945293766,49.281998728164574,53.41995992272882,57.29888642326105,61.71409077474502,66.17784205454089,69.8108539986348,74.00246065948494,78.58704238838874,83.02663758022537,87.13796702395024,91.63386938373213,96.44564385888344,100.62127576523825,105.1095258963484,109.97139308571589,114.85357586167672,120.65279866881366,127.55212754434238,134.6718374062777,143.12371527823697,151.38400602215435,161.50029619982078,174.11024424627055,195.49243192385046
4,second year,-68.27476200734236,-46.89502315029923,-32.69055449504925,-22.867461414345925,-15.046965140637113,-8.216225759993499,-1.3167699406663904,4.942252335965178,10.547706996535267,16.26931691130753,21.34704609296686,26.07230172275905,30.725097209073134,34.92917110107004,38.900850157428415,42.499864175729186,46.16249556381926,50.3406924420902,54.124154305432306,58.124594675674985,62.7305440358455,66.79818527050875,70.60360172531259,74.45849111155191,78.34042004487952,82.87684086438918,88.03192352431435,92.82991449579282,97.301567102359,101.52859065760228,106.472024333932,112.56705561940484,118.26797958049013,125.09153037776389,132.8183271576254,141.54138944688995,150.94637895082516,166.30603112707652,187.07226239625996
5,second year,-69.29007924343912,-49.08365551443778,-35.89539625665404,-26.55882848689634,-18.911360807803348,-11.767842643110384,-4.676517287414345,1.5705853197125372,6.460937199019462,11.69637413388809,16.630545064551978,21.201467556754007,25.69962252770679,29.968188773404833,34.226592002267125,38.49337114287942,42.60501296661208,46.732406282823746,50.3802607555521,54.535289381948246,58.41859740855688,62.50558991640861,66.42309549900034,70.35935814464382,74.28331349898085,78.41370927547621,83.07645359034801,87.44068908153452,91.44636128463168,96.04532006919767,101.6531570218299,106.67716361317878,112.50293442369502,119.09719688702816,126.20027639413243,133.8605866574094,144.82168073726655,157.10374283298012,174.727249309025
6,second year,-70.85167046084898,-51.77695496832934,-38.759636234534035,-27.961703652553464,-19.59549051726607,-12.34187189436359,-6.480938943343883,-0.5229236040822751,4.289092710308186,9.241437429225025,14.101522100516872,19.100866747822014,23.54311945179542,27.53959918358052,31.46554030466375,35.97829521077033,40.15771200793143,43.86479260068586,47.69547363957756,51.35269003891641,55.12460389462623,59.15527363258977,63.43686801102153,67.20649961021314,70.83525183133978,74.36618343073928,78.25802399620129,82.172492605442,86.456797371719,90.91652437339341,95.99291921819315,101.91842070518635,107.88861634389588,113.75230464070972,120.79647068760039,129.04771836762097,137.81642508710092,151.112336670071,171.91641619767415
7,second year,-70.00228157346879,-50.416145933234496,-38.207259231507145,-29.175537086312602,-21.78004766938082,-14.500016303283198,-9.046575974927656,-3.272902780337011,1.7217285263004043,6.770903444570042,10.957164035427088,15.25707813828826,19.230331203552005,23.749277825552447,27.623126550530685,31.563985281694634,34.974620362361776,38.632144054082964,41.960097897815594,45.737793055171934,49.37309492234073,53.10665540997019,56.867760565161234,60.635683600002054,64.26734991024068,68.09826663980834,72.05558614901528,76.23034176622863,80.43179891672777,85.00251608029657,90.03323639212181,95.15573474486013,100.02582709444125,106.95967061265148,113.80828842626532,121.78421615615335,130.62046233700192,144.45478163576803,162.2203981581358
8,second year,-67.61247010482867,-51.388319093807155,-40.235855111153825,-30.824994432617558,-23.297761520942604,-16.629685946102864,-10.198162019747599,-4.850678084422097,-0.09190315725715112,4.568879651485151,9.181251475047665,12.953999161601086,17.305205502557357,21.092011616483546,24.83131014928548,28.803364909631068,32.342049967826114,35.94480528566618,39.59873622646539,42.9545832427021,46.5106574265203,49.95355353641319,53.11866267986207,56.534052209145486,60.20462187065516,63.60788029800209,67.45208936406601,71.59992506466985,75.97480987858748,80.51199281610928,85.15404840433109,90.27392798637925,95.77423871418618,101.39056686418417,107.98528690312152,115.60948992700814,124.26771854501081,135.86953108415457,153.02234002863563
9,second year,-65.38861316228922,-49.300078100846754,-38.586361704866604,-30.057301730892966,-22.830036558146546,-16.34483184296506,-10.448838462266597,-5.471448409892112,-0.653435069622729,4.115948608983178,8.317305202406828,12.518720077403374,16.040607238707743,19.83178547730919,23.424138335090035,27.04225808854676,30.769607041567248,34.259367815877354,37.80857239109467,41.21291328419517,44.223556371011284,47.365510917145016,50.872604456476054,54.3977635397584,57.61406282547772,61.279755307007044,64.67488670951806,68.726212027448625,72.38874475186603,76.47558548283837,80.88056664183969,85.16095308129998,89.99565079450677,95.86019963848065,102.05260139909386,109.2990361609992,117.8238413938591,128.6444592155679,145.17195647572103
10,second year,-66.6312530114926,-48.51906519081085,-38.14815826310708,-29.828579469312487,-23.18618052851678,-17.056658637582608,-11.387566398490593,-5.935668696917432,-1.5928126845758872,2.187566892863247,5.8792229861804675,9.847561362586559,13.631651367175191,17.234466233396077,20.48843022226808,23.160039692999394,26.45469811127665,30.06912530058102,33.024446533820466,36.49101304197511,39.45362502992272,42.360113522550364,45.49069891066425,48.76059319212318,51.79762073068201,55.06323616363963,58.36032178989687,62.13899833389278,65.99517808807794,70.07743306197303,74.55888784366485,78.72012701109115,83.65713536517478,89.0689526519925,94.85046038444625,102.67722175633794,111.11719366603663,121.76624798868262,138.16385615056706
11,second year,-61.989085240465165,-46.59010032097858,-35.36096031852128,-27.65834156641181,-21.96243903544011,-16.910467234209133,-12.153953899382754,-7.591072587828305,-3.4695020073972938,0.6617014995554422,4.926708702106186,8.384285784643062,11.567209716649888,14.882963033589103,18.191014332032374,21.60181873137755,24.653716816383955,27.56101597162798,30.720553328854017,33.876677158071274,37.058313397791274,40.39321666085999,43.480379862867956,46.71084357176705,49.69429548802937,52.91810580917567,56.21350076421922,59.960519997637974,63.31529536481298,66.84364604446601,71.05411771796565,74.84506824882862,79.57235278511853,84.584629764754,90.29004003884646,96.56256376152993,104.3825312237968,113.17741884412276,128.24980122376522
12,second year,-58.7340921379169,-44.482523759422854,-35.420227840917136,-27.608414097328346,-21.283033432751285,-16.73713296323751,-12.126880548135599,-7.23653989469363,-2.975218889400236,0.8441795134027945,4.427799838412446,7.848520612689592,10.827390870860826,14.226466700244158,17.737192372161168,21.055974781468638,24.236197906693974,27.171403367346272,30.177120809667038,33.45188496805363,36.457244914311275,39.440070879119524,42.30621037753768,44.79596422251924,47.7797508141187,50.980978189933225,54.166381798059284,57.633198405762386,60.90056606018149,64.56908353284014,68.04394522427248,72.11684329888497,76.14294508222432,80.58619521656867,85.59260775678601,92.11956305123408,99.27721616864304,108.72175080397098,123.57111636745108
13,second year,-59.16133271781529,-44.19457684021258,-34.76445285344506,-27.162442488958163,-21.223951462668037,-16.03128706605712,-11.873785688657055,-7.949850161006474,-4.242380920644431,-0.6816217522282226,2.4823191642730933,5.784006092496414,8.766361949682326,11.775013889255137,14.75604217452447,17.475389339585572,20.336940567367584,23.36894947065192,26.19149252394414,29.23727313570557,31.897589487962577,34.397797119297906,37.397036984461366,40.233242792781965,43.17572063458812,46.68490741456701,49.579607901519324,52.63030562891773,56.094003565311574,59.20978801427607,63.012869887120225,67.3218335920736,71.41881418843022,75.79756799501367,80.41690206272956,86.6453540611214,93.6372112941085,102.55102947499186,116.81450251514002
14,second year,-55.67775030778063,-42.9540468122603,-32.7257222582826,-26.167192261342734,-20.85511618377253,-16.27193714168007,-11.50503826686025,-8.045906337900227,-5.085545205092403,-1.5812417483965486,1.6385141998462194,5.047016691521219,7.979903996532547,10.811106822321062,13.653583577942857,16.505380968141903,19.226951478829484,21.804209907169618,24.455434755318905,27.00932882801259,29.605043432860676,32.57804194894531,35.346348876897366,37.765832953393826,40.51736480615931,43.497318323119444,46.009797560613656,48.95001755067798,52.098816537196576,55.25458061092914,58.64096141252731,62.772225113165554,66.51344755154365,70.81528887066892,75.32005304851245,80.89651715087348,87.29753936270414,95.81713608548213,110.36594318779738
15,second year,-53.3440720876355,-40.612395377331374,-32.22667082072683,-25.78198530979676,-20.290132462160145,-15.866051945987214,-11.541304858073358,-7.752826697800266,-4.496922457901686,-1.3025337332263263,1.5982433022179319,4.636643553955258,7.301235965634525,10.219563995803533,13.05131610359786,15.351090866062846,17.822173622829318,20.343751397138632,22.975957058180448,25.556433504948746,28.07952599260591,30.786670201324206,33.250643646138826,35.9817432221091,38.8332390034991,41.54881992348587,44.21661419020743,46.63838480858921,49.66071875705991,52.79949435201017,56.29808468737144,59.86865392376161,63.31619630778155,67.27076432664234,72.43891123829036,77.13832575565905,83.2354492963114,91.76691057175701,104.62708497610933
16,second year,-51.389010571552994,-40.449378103082616,-32.56034065755203,-26.518092505599522,-21.44735438241936,-16.23635439500004,-12.317150165968584,-8.632520515344574,-5.264448008729617,-2.1334577342254475,0.6023050941880281,3.4498454967987846,6.2444404693668485,8.894142858370016,11.39185952014952,14.123393177331096,16.83938548891343,19.314599934031662,21.43922610214858,23.801139095706034,26.34657876868448,28.859040757928287,31.28261370634307,33.73200104674879,36.21406825314365,38.65486219952979,41.20957243723369,43.93245407830388,46.71163594683317,49.39076129899868,52.30276901426235,55.7215341670426,59.300370289866024,63.30214812056566,67.68260504617993,72.52496058131278,79.0198209656903,86.88409643243023,99.2171078016615
17,second year,-48.28311465687108,-36.70768837603872,-29.14018708855246,-24.218755817004425,-19.785522438707957,-16.141061134314008,-12.215549377684704,-8.764669731510024,-5.585843065925571,-2.8016280642057527,-0.10511021535969485,2.6829528417101773,5.508625202340028,8.22814598288873,10.660910253424545,13.08688716590309,15.426321633337382,17.951855538157034,20.304175045448424,22.80690965181952,24.933186776101884,27.302142891072158,29.579800858830534,32.00061476051451,34.62994269947622,36.99334000623765,39.66785066666519,41.99314123817692,44.485644510086786,47.20583042671781,50.25928855311628,53.44185984878342,56.5585239205274,60.08390999872748,64.73405755746394,69.587297412,74.75208082903613,81.92820194647103,94.67857631844086
18,second year,-47.027222248015846,-35.25458184084401,-28.123782837864695,-22.775101439983356,-18.23776461615421,-14.903296991297411,-11.162647956124802,-7.937095530439398,-4.955306818358233,-2.110055942777218,0.36738442548577327,2.9108596479423214,5.2358065580997275,7.368703659827128,9.546417623983265,11.849062960687492,13.90463171364522,16.136804047667017,18.160563753793433,20.285717633068252,22.412182709657138,24.506665445458545,26.594381527690583,28.93726230315454,31.102399127425297,33.37322924022849,35.87967915819361,38.118114640017694,40.72235677848366,43.45228332150019,46.07008000773464,49.0434016818864,52.395856589102806,55.87796235515669,60.16328759765436,64.83719603265178,70.6072568736609,77.21682273587393,89.16200709161208
19,second year,-45.18641872603614,-35.35248312783633,-28.88033274732411,-23.057132068408396,-18.72068303506549,-15.265882957841251,-11.828538602173474,-8.529306412736517,-5.352772244854517,-3.0096508291902087,-0.6486158881362925,1.5710205625442168,3.894556886688017,5.95509467841643,7.961039267285637,10.325357458598063,12.477647594509897,14.298285128334419,16.189595620408,18.4638643734565,20.684990402223896,22.724306173904516,24.840533374785394,26.941528870334665,29.119724359873103,31.249942581998678,33.4391862542028,35.68386263878535,38.13143199988054,40.66287171463787,43.30457657462937,46.054443094236085,49.54009003217788,52.78729796007246,56.4370263174508,60.417139731385504,66.12075582818449,72.24120200014222,82.20311811178439
20,second year,-42.764256281325835,-33.00718039581056,-27.01062592109063,-22.386178068785586,-18.175987483828244,-14.049672206971618,-11.086080958141878,-8.267252057483537,-5.543745778869155,-3.1936858044913583,-0.5864508807765391,1.6920057150606251,4.104873139118954,6.313116489871383,8.426614298663079,10.489503550718348,12.524463980800615,14.371792683708499,16.15663741747985,18.16309337059241,19.8088074151908,21.779774267028976,23.622293397428713,25.569562074302908,27.67568888455579,29.833466286768648,32.236176662045736,34.32402221125149,36.54159867813934,38.96655567792614,41.542028317859916,44.377546241149126,47.17168621615966,50.4605362799725,53.746516930788246,58.04948994840728,62.83839087411029,69.65254105849397,78.8378294497571
21,second year,-40.252369275546435,-30.78815023555663,-24.844933994159152,-19.95637760406804,-16.46385916183625,-13.23597351073063,-10.520054354730863,-7.690547496259058,-5.0274510080730055,-2.6453458209894656,-0.31163663453472223,1.8422125519591146,3.9654198932278946,5.924172108840439,7.936942122917589,9.671132351198283,11.556939550837505,13.493806714345187,15.26886259197978,17.122078542415288,18.864454899972813,20.705589067906033,22.585313643624964,24.57081899064978,26.133651484219303,27.940292270681205,30.005066650164345,32.0042154296075,34.091877561539356,36.26775885995136,38.59959310430251,41.194770506009526,44.0756915153793,46.929689235550384,50.19535509656007,53.87329036549978,58.24685993462749,64.28575469066556,72.41540578515547
22,second year,-38.91096581050501,-29.83802729122404,-25.202163907806522,-20.37338525697817,-16.527613005835118,-13.009891877052416,-10.360688998303292,-7.561349927325504,-5.375526383253019,-3.11405113135337,-0.8712585656308541,1.364483720026548,3.389549270988955,5.261979798787053,7.19887556867552,8.872065527837503,10.575615052103947,12.364098546681955,14.003272971198122,15.709635128261189,17.36385750891948,19.054942781475773,20.757354910642135,22.384475077378408,24.242893076487213,25.994598650834895,27.63769045912753,29.574109577275436,31.46703039486263,33.52447548596766,35.969818955673496,38.294722197882386,40.807734745029876,43.34421617090429,46.19108941871827,49.92722006574312,54.126312844840534,60.27487650502809,69.30949039371666
23,second year,-36.707332875897194,-28.938551563342948,-23.244747366955508,-19.078810996031997,-15.631052659467914,-12.70011526484652,-9.890664558855386,-7.373608941653549,-4.946497498320759,-2.843710254634819,-1.0154444729375482,0.7941041542000293,2.4695010016744083,4.398840045145146,6.125101907265428,7.877489233186875,9.660977489483319,11.203149694050106,13.063833074298135,14.76038481259608,16.335775498605216,17.979989005409436,19.560903363943133,21.253152690455444,22.857334577479392,24.508559736678748,26.322337589616808,28.090383112636772,29.89429590655369,31.911954306748697,33.905793942590286,36.05540850016766,38.53915181756952,41.236732196075,43.81996777192146,47.08697822719963,50.907688735176436,56.0906281799917,64.58136807583504
24,second year,-34.758416239469085,-27.19459892447433,-22.04487864150096,-18.34649147973562,-14.902153403411068,-12.3707676319655,-9.775858443674846,-7.375625325661442,-5.406916074057772,-3.345805849044719,-1.4930027384980753,0.16712174817249115,1.948643057007577,3.616016790835924,5.14686546878461,6.592997944549226,8.146307807733496,9.786344339562653,11.20461020687317,12.67128727161047,14.12733299486733,15.631500964717652,17.28642006849506,19.023196022426333,20.572622568184016,22.2935998434086,24.105247769581208,25.637763728219753,27.533093155170334,29.518767725947846,31.428661163259168,33.601893071490444,35.62785137074708,37.948407701168755,40.71353857421087,44.17341483804311,47.64142801239828,52.64217163887992,60.40683711531924
25,second year,-33.61968851313693,-25.879965063848275,-21.408055078560047,-18.02941492828187,-14.877177003714628,-11.882607939461076,-9.503309448298781,-7.2377057740466855,-5.3702669275539465,-3.70264065025715,-1.9150459944995841,-0.20646029275328653,1.4500638353648292,3.0017734657235247,4.599249258013742,6.22156088152791,7.842004248437338,9.17538903408966,10.623034303770687,12.02725002912894,13.538427276118846,14.950799371062715,16.31912019508372,17.905803390731293,19.324852571689856,20.86503231658198,22.621583891483603,24.29567259324177,26.097612925311275,27.822730441311023,29.854271986667403,31.93846916206071,33.97369241171744,36.37844012485107,38.99892824940823,42.11425839781635,45.822319926610334,50.542819568721605,58.62934875228189
26,second year,-30.769900422085367,-24.513993932742803,-20.19647778849641,-16.592165439597274,-13.711455628456799,-11.393996627319684,-9.198147681478167,-7.054702327834909,-5.186400385590039,-3.377234837837447,-1.6542704504383345,0.03173629634409454,1.5512806240077812,3.08151615776445,4.549957576812762,5.8641531739471535,7.181615648856269,8.63237846457486,10.086027218353877,11.552305963862274,12.86367202727615,14.146577267502042,15.572925085161728,17.027451158291274,18.468345031057932,19.953041019101523,21.361127258305533,22.937189807055695,24.698394706361697,26.37162846961346,28.133379736532724,29.93486833335647,31.84872002856234,33.77994385793893,36.54375292981469,39.28313777137151,42.829347259132525,47.44688280436161,54.34079822699199
27,second year,-29.929082662350698,-23.302121492574656,-18.870230394050385,-15.608957580473998,-13.010375388228157,-10.73283955567972,-8.659243436073822,-6.909274020238351,-5.0157447154134704,-3.449552545327272,-1.9513079717905777,-0.3459912688422382,1.115354771515404,2.468530159732406,3.81107083491106,5.306222362317095,6.765435640066752,8.124774201937441,9.395511345435441,10.697162617705665,11.908875870258868,13.287941873434587,14.552335416304517,15.83633263263837,17.156313860069663,18.363218054116945,19.707795886610405,21.24253039204367,22.83931027867193,24.428955088411218,26.030632623453705,27.82271575311544,29.800750801542783,32.070645374145656,34.613765750273714,37.0835539373317,40.56272409633446,44.93952556268906,52.14879891465613
28,second year,-28.426668929543382,-22.47739541532036,-18.19034632892574,-14.917188256034581,-12.701961495428431,-10.559839544619848,-8.71823199484367,-6.955730426252982,-5.1258545212212585,-3.384959131704934,-2.091121321010858,-0.6865021558922844,0.6169153531176469,2.145658823757629,3.432387270371971,4.767046409832711,6.054243635176027,7.29825531230565,8.658193944247941,9.948015151021028,11.180861121656225,12.39312809561262,13.59424308861989,14.939756110873166,16.25408274241432,17.553744999806987,18.908349273083545,20.137470337647912,21.469087376581612,23.058336384196366,24.464486231303717,26.107255562429433,27.88722576673512,29.9196695621111,32.219211188379525,34.64166765725906,38.07686871865176,41.67596397169294,47.45952649712417
29,second year,-27.396385769334337,-21.137143465437028,-17.26997620143974,-14.71769148772975,-12.35774635083488,-10.13220542027359,-8.153228374019694,-6.444527823421377,-4.961231334158987,-3.4256724018980864,-2.021896417660837,-0.6790998883816514,0.5853285006843802,1.7278782841089622,2.971238416169226,4.212643641625727,5.340722394151388,6.6908511497859715,7.862875579465716,8.896398056707985,10.176230236697473,11.32793164555886,12.445332711035505,13.561680161728138,14.65485679913627,15.895899337720842,17.167513463093776,18.535142715267,19.894701799816367,21.18451069710136,22.696863524015555,24.34203013328702,26.072279367015003,27.87449187510333,29.944689137389105,32.36268776106435,35.56575369516065,39.135962263928775,45.07723307385336
30,second year,-24.951272389846224,-19.796556852497307,-16.546579117264077,-13.998280320682316,-11.543066280802407,-9.56473021962915,-7.860550646497243,-6.136315759747397,-4.781324164678679,-3.3817920367441823,-2.147064573795105,-0.819649199835181,0.45698829410240477,1.7747375499779023,2.9545849457966087,3.9899852699436127,5.065769333839169,6.21516122185026,7.3333693800841075,8.451435660965334,9.500473052118366,10.642467173530434,11.73609666126306,12.882349951125098,14.13720165078975,15.1660083301058,16.395625567444576,17.57117458354735,18.751477296335928,20.038458576293916,21.34594602640247,22.871313041163067,24.436808647096964,26.18653980905517,28.20544959308668,30.494215465122334,33.43799405572266,36.29966965393008,42.53697585009991
31,second year,-23.612888745908098,-18.456445363492975,-15.289761024516322,-12.764807955287768,-10.659199888238769,-8.709026360529132,-7.125937448217191,-5.653271767006357,-4.272947212485471,-2.928783669544179,-1.6049351663808125,-0.42744442041023567,0.7790264150020806,1.8454376230999945,2.9755695144394183,4.018592265519069,5.055271436020046,6.048250299912301,7.098569258951296,8.148793946811901,9.045232951521395,10.072686900341989,11.12981487752831,12.161124493636848,13.19969703356924,14.178981392398804,15.313655783608079,16.433022975558195,17.63059195891233,18.83046168633312,20.095121677316172,21.413500547148434,22.931708337644196,24.468728339104473,26.122578571101712,28.244224056945697,30.733043345177492,34.12077826558327,38.96088176773079
32,second year,-23.02014273776096,-18.298579369903283,-15.031310595039486,-12.275168492349959,-10.248108577249155,-8.48367957490445,-6.98709721130462,-5.4852731726381325,-4.213404324140739,-2.9812412933482704,-1.8784261533425197,-0.7853662647683969,0.26633893611290044,1.3609124478457766,2.2575283913593736,3.285679906914951,4.313858111987303,5.276475706367173,6.29173655333447,7.29282816006504,8.24315460449841,9.176252418831368,9.996050157651656,10.924570007245324,11.81871080589432,12.83773412935801,13.903172324060138,15.013775166720606,16.09601538276125,17.26931318455445,18.51773167746618,19.826319903937218,21.31379720112487,22.782651295952117,24.391045836665366,26.422995213415742,28.846906073214242,32.169797144695785,37.429419913058226
33,second year,-22.06133913132709,-16.998639742685828,-13.947239027136078,-11.383108903236492,-9.441205927726724,-7.980989384668911,-6.72368877772534,-5.340319784340006,-4.026697984718326,-2.9669722450602034,-1.8093250816978064,-0.7128993707985478,0.2638275054221947,1.2804430192878147,2.2561641062955906,3.1392695748335857,4.012002370037626,4.869941609186875,5.7628154464309205,6.6528976954316015,7.56249074827538,8.509775502254916,9.368214638180888,10.288334749376272,11.17345350719202,12.151905948867718,13.089763147685364,14.089906142353701,15.184076381133174,16.277864719795943,17.49292067825689,18.779929148116786,20.066043756083232,21.626215380209317,23.063529330233763,24.932546114337228,26.9469471470356,30.189072138647543,34.63899639062405
34,second year,-20.148066793157945,-16.049500553392924,-13.347540149687593,-11.07317931940335,-9.130086085967367,-7.511944972106084,-6.28414468464714,-5.09585585355864,-3.8801410385930746,-2.789463749922449,-1.7980965522167973,-0.8788489689053232,0.025887852200539827,0.900515446712543,1.7639325955085288,2.6558548309141026,3.409195802672226,4.276476178565508,5.108208655157352,5.834469128767959,6.608020473977321,7.423368522791098,8.274874461839394,9.045234624836082,9.847723022170378,10.764829760738666,11.683118207677424,12.638575498397046,13.56404719147293,14.703148807218126,15.793635861161246,17.002587300484503,18.293747547648135,19.657899858358206,21.36038768196204,23.155066518290305,25.405199692932516,28.020042659887004,32.37163261597104
35,second year,-19.91412430461548,-15.636386246549852,-12.675411445877621,-10.716431305132016,-9.060626130816567,-7.590172600754047,-6.3112432777255485,-5.171600909940186,-4.1018853691011925,-3.129928990772396,-2.0917420383345986,-1.2195776305933212,-0.2792346283453888,0.5693968998346894,1.4179443376437204,2.3097386335393018,3.117913478180321,3.892376013599803,4.669506397319192,5.380856766893757,6.181709456462938,6.997355561793629,7.842939950111568,8.736252482822263,9.634916741311608,10.51005110244656,11.315795905750836,12.308397019835764,13.231340293454885,14.298093917778344,15.403753027671046,16.60448347265022,17.767323135071287,18.875776978811707,20.212717587423555,21.76040314421647,23.87655337366272,26.51293121763171,30.63662098933851
36,second year,-18.490762810798806,-15.076464714872795,-12.57619943978048,-10.524567963843685,-9.049449136402254,-7.677069438458314,-6.492384090702441,-5.426611388001166,-4.4035029954431195,-3.3416784042661085,-2.4215007872862384,-1.4248204564891713,-0.5261505032681548,0.2634209722482097,1.1040511297489746,1.8483845361588045,2.5758606701090656,3.3947032436828875,4.113350217313612,4.928694622103526,5.608926951529039,6.330453240420901,7.1334046020758555,7.849865352461536,8.461370224675438,9.295953992984211,10.14098129775297,10.894953877818608,11.854815719829084,12.731653121424712,13.752432151270877,14.724082190898454,15.925488114372946,17.05769140972555,18.50887863418452,20.095290492012648,21.980397462002276,24.1983195156357,28.11164139509974
1,third_year,-44.377756719392195,-24.797543714836788,-13.043174586080275,-2.2141623565523716,7.18525894990238,15.101713380391962,21.424613356069685,27.678513846033105,33.034960398409794,38.660078708641294,43.66849426221796,48.91318068060433,53.61270011810751,58.24805564900853,62.34674348104915,66.79760658390455,71.17629450505491,75.13981415546583,79.43336890113608,83.69817227822482,88.27854457089762,92.80300835535597,96.50336762922828,101.22534783288046,105.81709674153532,111.0281560943269,115.65221589674636,120.24058132976467,125.01801089375846,130.51819099446607,135.93272927994545,141.66206327299585,147.3946512212977,154.70153854805065,161.8246935283579,170.29298624484923,181.5188214015372,195.85642345031883,217.60890810005003
2,third_year,-60.068831444248566,-37.52601382090657,-24.407585844591612,-13.355249802126716,-3.6828350098877145,3.3448025000477317,10.151200653535149,16.613775607743765,22.245907924476207,28.08788872226713,33.72695149135345,38.588997868492505,42.92822784384375,47.469069739472374,51.81531867168427,55.92098205428435,60.22774690102045,64.23682470538017,68.179964007898,72.64757409690006,76.45552487197239,80.8767971272178,85.16062887351276,89.083403141053,93.43508260167624,98.11155672473036,103.327654025198,108.0029633844241,112.83049843217736,117.84795330814671,123.76583481462384,129.55607981586832,135.69560562516003,142.04468011019136,149.37668028287464,158.14809025362837,168.58186328054276,181.10534444648601,203.87949838601156
3,third_year,-64.40385545772554,-45.45916739757863,-30.50946085761323,-19.685466631029193,-10.661380464529802,-2.589700272041829,3.7098688493378638,10.474233962492976,16.197845518873994,21.970851782471655,26.520264839541063,31.3269215522311,36.11854375546655,40.437052069396884,44.55752044370173,49.03695679225281,53.332983360155424,57.624471898679,61.90916711518145,65.89253792804232,70.23588453507077,74.01704511689861,78.04299417655469,82.274023668749,86.18277139543889,90.39507090544943,95.17853509014037,99.80472932868317,104.43795750649524,109.67404312834567,115.06928004365888,120.55679547312016,126.68456531008013,133.665027152281,141.91124833656102,150.8538830678626,161.34952273962912,176.02562135184215,196.39706869653065
4,third_year,-70.28917592896164,-49.09311857055987,-34.349946573573604,-23.929218544357585,-15.99102668863929,-8.43414007399241,-2.212150750230289,3.960892201118772,9.480765368454998,14.295660323003803,19.59870782014152,24.722403609339874,29.62314167022717,33.95571757844162,38.685585358253306,43.11680769633219,46.949182921550445,50.940780074892615,55.326285392762614,59.63780776007175,64.17848369252012,68.23672811452944,72.24492726390315,76.32557979619773,80.58447791926034,84.8956822780894,89.61069484502016,94.22534632942266,99.23426392196978,104.11561277599299,109.33565461987195,114.90830936832576,120.95852461824481,127.1846511641661,135.16447270368633,143.41335962926428,153.57099678640952,167.9226158690678,187.8322787661007
5,third_year,-72.29904773846464,-51.039061939909786,-38.57273543515304,-28.800545627751283,-20.085540427307627,-13.04073507565445,-5.752212616167012,-0.21118843497875264,5.571770284598083,10.471760792081978,15.505523827573143,20.219437025848155,24.51084920128046,29.06295321385953,33.651520019135006,38.120607329328834,42.61751695374339,46.432219500776625,50.6200312958274,54.913134258269224,58.88304995017866,63.30305958935866,67.04350849231949,70.56307689007863,74.87291980561244,78.83366460322102,83.16200036226795,87.28458900355592,92.1713056216889,96.816438926972893,101.7287834636582,107.25042847786044,112.91494251660492,120.03463414399005,126.16150202357704,135.97893321884513,146.3890558079026,158.7299962715357,179.61310272282728
6,third_year,-70.76111979410348,-50.570429999367924,-38.59002050571452,-28.157669031959838,-20.080344635509842,-13.10500776941728,-7.3346453351503085,-1.2313367647612505,4.257920871372068,9.114239384438275,14.244199699615963,18.69875211091044,22.755091316145553,27.115192740652795,31.47983041035861,35.2445238936454,39.38930172865139,42.72446172330412,46.841864066413805,50.50122265081994,54.44998434981661,58.31051466536943,62.36158088976221,66.31837783279141,69.92024672536837,74.03351925757607,78.22983559030156,82.26780641005698,86.43046584376495,91.5945386348551,96.3505687104477,102.00422804855599,107.58476777369202,113.9990217021741,120.38059938235247,127.64835250280146,137.4393055285849,150.24338761871775,169.09125630393538
7,third_year,-69.31654714709416,-48.11044348939281,-37.59910974605598,-27.342080119599114,-20.46778133950027,-13.592878817663252,-8.17114991447836,-2.1723640026543105,3.3455525356811098,7.5963975410627125,11.851242383191313,16.126014655328476,19.92982118961731,23.885489150548427,27.83489726578466,31.615911555391506,35.408752608646076,39.401288350457676,42.904342528445696,46.08316189162472,49.936510966876796,53.88906039101343,57.71705717717778,61.341102267774815,65.28940132010504,68.87375723460943,72.53941056798595,76.56901224522906,81.17512680982807,85.34165316788435,90.78419428297218,95.8874611793542,101.23016782079313,107.6407374669723,114.31099614408096,122.31522043639768,131.7723468746534,144.31679196375512,163.66714102847288
8,third_year,-67.83340552262626,-49.442611462851,-37.14706691819687,-28.000321531866373,-21.092331602312395,-14.84327341314485,-9.607593219923832,-4.224490556216118,1.010711047858462,5.248146603162549,9.604573698599946,13.648862267935225,17.64975414797356,21.451676835909577,25.275610442476946,29.341816789721843,32.61341822878285,36.31661152100838,39.56221137009537,42.67668844294459,46.276546315532656,49.7731578693651,53.44807897722812,57.358684216283606,61.42447938640704,65.04271983951216,68.77953588658355,72.7287896944008,76.7272358825397,81.64502527731749,86.07051156524429,90.7677149032285,96.84677604352835,102.4962912284419,108.51945604201256,115.74502696869477,124.41948610886975,137.2363653988808,153.45742947141653
9,third_year,-66.02857435609484,-49.214560348736526,-38.027950348237184,-29.57637513686294,-21.85796418091586,-14.871896487858097,-9.354537186949312,-4.1695314007833115,0.18547436192379965,4.100623090709384,8.097764222218672,11.911116559846732,15.554112280751848,19.293164366863152,22.558521222497518,26.2486011351379,29.74521677095455,33.08316066424449,36.32808743510914,39.334505715392,42.69992145063664,46.00990504376688,49.83139629476817,53.03378938403798,56.89132358225366,60.046577259045606,63.86209074945043,67.46990039746487,71.0543870153491,74.86772563934994,79.28887341105434,83.60586033802068,89.00245904135068,94.38681810048439,101.81014399491045,109.5729879140977,118.00509361568452,129.16580603441886,146.11418347815638
10,third_year,-65.16874482465279,-48.98348641158824,-39.071762629832506,-31.034143368928653,-24.56940896215248,-18.570600530296137,-13.179397199402025,-8.017170475855234,-2.87564236107599,1.5025931428883634,5.724613302272468,9.393334633168172,12.416521399737348,15.854337017403306,19.38018789282511,23.240925755623593,26.693476977025426,30.091568070215985,33.21681462394803,36.570262649677034,39.63138278168171,42.65872695778586,45.82887110210286,49.1660101294882,53.07899912230623,56.341625420164064,59.82914451779753,63.3996808161171,66.88543838339487,70.67072650492771,75.35621460000816,80.01757657707171,84.4579010749387,89.67145948230964,95.38954789734176,101.96764937688734,109.69751721811818,120.34162495037145,137.03201063379186
11,third_year,-62.84263300237038,-47.22619996706617,-37.844126070035045,-29.378271666778797,-21.95926685104379,-16.45901096206736,-11.732765510592012,-7.3192959035091825,-2.6523641620005725,1.1766711257720974,5.457947740728389,9.067235721296395,12.864033870748862,16.42277858055865,19.596591469338218,22.797390160223774,25.836568840583578,28.67135689600355,31.86176576973768,34.78978857562769,37.908692595824334,41.08107155767188,44.0261812198577,46.897330332808096,49.896757925505526,53.154020938654256,56.70306522626892,59.731439147641396,63.40696389432716,67.15582986430799,70.93906940064542,75.27809351466831,79.33844156663636,84.62189192455051,90.07938386135505,96.62998301091964,104.46810989963485,114.59136253952963,130.83519984287776
12,third_year,-59.20550573550779,-45.789317619889324,-34.629619506439596,-27.74485812252057,-21.769235120447345,-16.743371504974697,-12.179920688800884,-7.703097670470846,-3.634522526714271,-0.26252646880040853,3.5207399680222906,6.831395578285197,10.10749088527395,13.122941109092519,16.111720722012237,19.029526079727496,22.081916110733573,25.247749385670183,28.40060079233784,30.992525029706492,34.51956921427447,37.29564367173192,40.14591557248916,43.262175356193595,46.51936928700409,49.41065285652543,52.34156745956085,55.540771387234386,58.81144546767698,62.909936083015786,66.50923740016043,70.5046160439722,75.40023415758652,79.8452868770285,85.44833731363155,91.56004534307633,99.09093298352246,108.7593616188365,124.16740076824001
13,third_year,-58.35382572301258,-44.29811880377547,-34.48645740646673,-27.3841226463306,-21.663231321515646,-16.39091917009503,-12.161768376256987,-8.01211142228294,-4.20489502583882,-0.5902884013465801,2.495517900301543,5.725434977799303,8.831122997418836,11.659124532691196,14.67146866731341,17.536977573129818,20.50525372889146,23.613993483482133,26.412761989710777,28.974105968561908,31.908367007919914,35.06151054863834,37.75893304249034,40.42530617256351,43.23325776343677,46.52856266642253,50.01975056943364,53.19341472757522,56.69240986932404,60.132965898906164,63.643093871409974,67.27065557576113,71.24903832705284,75.53063609118657,80.94834931146254,86.66213708121705,93.07303433479231,103.11626385882964,116.03306298436684
14,third_year,-58.11676908200844,-44.13655839278859,-35.30257844582476,-27.97472177699527,-22.52113224399788,-18.093946509477647,-13.372108014646829,-9.161930498102137,-5.385143145007757,-2.0403937218453123,1.182660005948668,4.3632625598011074,7.245987749328993,10.309003871012349,13.442334629796775,16.620268755368347,19.036883919455693,21.885965297443985,24.33219214977469,26.68858089623781,29.545771474623095,31.803378535453334,34.720723527768264,37.57877868254254,40.328863997210206,43.11092144727295,45.979386800354426,48.59922823398326,51.9671086042607,55.4623241366919,59.040468010259545,62.801492052575774,66.991335272112,70.94371325357598,75.97899246729536,81.30296664377678,88.07059425121729,96.92131579122574,110.85790765538178
15,third_year,-52.9713019167182,-40.43256368408339,-31.74494537729584,-25.649524485950373,-20.44187928249512,-15.980209867894034,-11.993241017813737,-8.358623375305562,-4.893063801140653,-1.6459153107221303,1.228142919234219,3.9410862266350657,6.837969560826967,9.730039243833227,12.542136926899396,15.163298101757452,17.52253897330685,19.826509084654703,22.470369079907535,24.98294605753102,27.487487492147622,29.93809327066024,32.827932165973905,35.522896452916456,38.065087526319466,40.6023779210384,43.2760875502911,46.07539664298831,48.95037554466931,52.20417143861025,54.963092811326675,58.81650743611182,62.41363910468928,66.11719048343562,70.88701253151275,76.64057676440332,83.24227247675847,91.9229370857014,104.40909726647858
16,third_year,-52.27494405296796,-39.59071778816929,-31.531371313854716,-25.994692330889123,-20.783218086920826,-16.709290294279484,-12.507035203711458,-8.392616341293792,-5.410015965369201,-2.3093802287560727,0.6421653394926101,3.599667813031779,6.222312577697843,9.135615383666984,11.824341933251793,14.475329364529184,16.772025923373533,18.858779195247074,21.336081545483815,23.673380640691853,26.103369613752818,28.69350149084891,30.89785686360366,33.51453886454458,36.05913538693025,38.730670676386474,41.40359856105028,43.90217701036443,47.17348567506274,49.8348494444484,52.776571593410154,56.2880305654824,60.23661937921357,63.90303058029545,67.57315235878721,72.59356863054077,79.30482241421025,86.75367956311722,98.65988658456862
17,third_year,-48.010338866278936,-36.711249784730256,-29.451581315958354,-23.64878666989333,-19.131853194329132,-14.925202145746539,-11.252670036940676,-8.309495617994443,-5.072080589183587,-2.037261802073888,0.9522489396113598,3.3568813128127117,5.978644121940315,8.163174086120558,10.435196383865263,12.727619050658454,15.011494253396929,17.3348957626362,19.635508087861297,21.805485764540997,23.978866524251302,26.405469542549163,28.93420398567566,31.075329975722724,33.60458202486247,36.025072311987074,38.51307570340503,41.22387916728937,44.07263674349079,47.0928803227551,49.87665066328824,52.80312287636663,56.33021681119187,60.38222819326795,64.26937700090787,68.91509178026098,75.28712173000291,82.43074806322596,92.67276948190694
18,third_year,-46.77021110210039,-35.660766024883976,-28.10224506952574,-22.528024493889706,-18.210674673184158,-14.320708152315678,-10.967180037029284,-7.772937989549895,-4.928711886591214,-1.8255661492799122,0.7462057315615718,3.420453412054897,5.819428074438267,7.971449562614426,10.084293116904286,12.301636473924578,14.428480404488257,16.554575245189046,18.700538266377364,20.73465300122463,22.645035492362318,24.816611296081426,26.72968383375906,28.98442425804707,31.121927024413203,33.42567015027434,36.05646159125476,38.45080204005234,41.11030029588568,43.79373909474649,46.581629778866834,49.12287855246451,52.34536967505379,55.93517694699307,60.00017232935179,64.0932534722128,69.44782095728625,76.24818743815452,87.93389045829508
19,third_year,-43.518601434943655,-34.234206909490126,-27.141407830124454,-22.06922847553351,-18.36146166040442,-14.854878337299597,-11.524854557168368,-8.654065625937116,-6.008763166215963,-3.4434231314803245,-1.0212740004761927,1.6510669598180479,3.7390682933990123,5.998870643058787,8.19375014987311,10.316615746201776,12.463178174124012,14.572105101892811,16.498347635886226,18.64823622574567,20.73173358343968,22.665612346240938,24.659511277410644,26.732395003021892,29.019913728996475,31.170913849787706,33.52290278577458,36.06040978368869,38.428744613293645,41.0646436321575,43.35766937556346,46.49718163902057,49.57137409334108,52.984013339456986,56.55123768106018,61.025056190602406,65.94733138095073,72.68369992799235,84.19192405316308
20,third_year,-43.883469032295714,-34.7591975589156,-27.869446343418534,-22.46507873810041,-18.348773807901416,-14.644229980036926,-11.643665617582467,-9.161286070376484,-6.649457355357006,-3.846046151193904,-1.4524277726107215,0.790303806394581,3.0719316868172197,5.283938249518218,7.135814309528241,9.198111910708203,11.115479078342904,13.420113302415569,15.171071927330487,16.86201665631713,18.78829547053541,20.71931566998844,22.83487145348409,24.844584617347618,27.11617794962668,29.21294075231716,31.205492732438035,33.60832496442414,36.00745379123158,38.282784420537055,40.94009349857012,43.66954217730378,46.55778457400908,49.719849755251865,53.45035297306197,57.26568246726106,62.38291405688664,68.76110719248962,78.15900092836668
21,third_year,-39.939560178214734,-30.613479054180512,-24.599890901066193,-20.17703787605109,-16.23526973620415,-13.19017351087229,-10.166179683358642,-7.95003170780213,-5.505772961794273,-3.3601700404523225,-1.1037413703113235,1.0445761535050198,3.146324612936949,5.160595985374402,7.0852426326457465,9.32136389649694,11.097805951961579,13.067704003696402,14.581138391454349,16.43379488855515,18.190961200554728,19.99401682564946,21.75076498743071,23.40956243808089,25.40800958030796,27.327334069167236,29.462009197823093,31.376759152360435,33.78667198773823,35.81973994926926,38.1135680112647,40.69023687283265,43.13588270267041,45.88700035152057,49.361381971522654,52.94356074226623,58.093304106775506,63.53773752550729,72.36662246511096
22,third_year,-39.17851791219869,-29.430007473263863,-24.120502374436946,-19.54668213847296,-15.886176892197392,-12.68187272571394,-9.921556696361963,-7.264565278697295,-5.07079298210546,-2.8695398551919706,-0.8197837661345124,1.0392490036261544,3.1624579920505553,4.716201822004686,6.648396877463231,8.341300628574842,10.13790544470428,11.8386366703137,13.480381728696528,15.168537837674322,16.92716138936909,18.757593429562665,20.767720749332415,22.414813855737584,24.13372983957402,25.993202387308212,27.856739907690702,29.85113692685659,31.949619437322973,33.85963695561733,36.36458613872705,38.95281140511902,41.44583720741316,44.50628208588666,47.8845436079637,51.67896535544304,55.842389514217516,61.596529215685315,70.65692472511556
23,third_year,-34.829264001050525,-27.42178488997815,-21.860093963732865,-18.03954538069607,-14.743213979749447,-11.844787070092892,-9.164112643804467,-6.6165814570278565,-4.414418489202431,-2.52205838006112,-0.7880077058486714,0.8931975700727524,2.6990293891044064,4.473391925924628,6.166853422545904,7.82178203515496,9.420497582954013,11.06520802264174,12.692480601980897,14.331534245237338,16.169662761737655,17.833101858126373,19.414661963923074,21.148476362252723,22.76868701949018,24.402186645561645,26.03207134946982,27.81535399051192,29.64663966310208,31.672237203545542,33.67414255779238,35.68445254352748,38.16003558866268,40.81305679768682,43.33224949080735,46.76914596069217,50.80418947057815,55.75462506823786,63.58907896575456
24,third_year,-35.77824435008001,-28.41656223172198,-23.561921542164317,-19.262223877434565,-15.678190705641528,-12.612752330232544,-10.121969215256833,-7.8305092150123015,-5.726929029760441,-3.3539026751870042,-1.5457054825921834,0.14938123370083087,2.0244099252890178,3.645518784606442,5.331970926918547,7.062738049065509,8.669141759117021,10.285630844584244,11.983505157461162,13.573133844622022,15.067580834519054,16.52680678729692,18.132877381263466,19.849309631559386,21.4529411124552,23.229224305318695,24.81340840676763,26.559852614967316,28.30166896612043,30.196456206488435,32.23835594775721,34.39350380911373,36.63594832509578,39.13022856699435,41.86106574562988,45.11594257159803,48.62512850160262,53.61907996402476,61.689436274823976
25,third_year,-34.46644965604164,-26.008734391806044,-21.61440190754437,-17.447267117891386,-14.521011817147851,-11.922630150889507,-9.598995123485569,-7.67395107111096,-5.545006755594776,-3.675132001800099,-1.9551349339646524,-0.16356367612478984,1.3964275028753654,2.830971491095161,4.456031472430253,6.060425932994165,7.523131798112386,9.113936000647637,10.62206759026405,12.08816461196485,13.530416696967563,15.091501991943314,16.52255550531876,17.973721259381115,19.631319593844697,21.02056264874996,22.690461140315243,24.213137408714108,26.102362557706236,28.03516747698486,29.747330166031936,31.77258701060115,33.89946004814771,36.46768427669608,38.94740422792801,42.145151106532346,46.12246745675624,50.48068842446339,57.49793050365884
26,third_year,-30.883415781708095,-24.698311420509373,-20.44137288775332,-17.068737740630954,-14.096626381071884,-11.428473706692515,-9.36443440610794,-7.2842516572058225,-5.310803166741123,-3.6429252253860653,-1.7836927425972808,-0.27246565956154195,1.5185846742932105,2.9996177574462908,4.486522395785889,5.849644852613018,7.284574263858401,8.67853442327062,10.036201802552922,11.498640621656985,12.940332621834798,14.300701212752454,15.568010430734493,17.14608681730751,18.758558299446886,20.09369317552648,21.64313636901803,23.2963800775224,24.919078067108387,26.68484246957723,28.537660676259936,30.222837752045248,32.26440769702874,34.612749341018585,37.122334288396544,40.118610312408855,43.422758566935826,47.995050168252874,55.27135281151476
27,third_year,-28.76614220242142,-22.072045059117123,-18.23577227913624,-15.301885342493865,-12.418718815496964,-10.58495577122218,-8.426041440253215,-6.624989939041255,-4.745897702833702,-3.0711904584856975,-1.6305992645252254,-0.07696399514276438,1.3737556575027066,2.800722295231082,4.139419819328688,5.503357213593573,6.710870792431972,7.932864224643203,9.2254599792657,10.30501432535854,11.649815059742952,12.976746314237605,14.179595412825746,15.562001048761987,17.107533093283326,18.482000028421098,19.800232468473023,21.271542240527054,22.751940752279328,24.37680691611323,25.78346912291882,27.639613969609297,29.686367407302413,31.887817636266973,34.143889801791765,36.97789972112106,39.81804849064233,43.7438418811442,50.33003787101458
28,third_year,-27.484222777844668,-21.563305572637166,-17.708781738293272,-14.682388249568529,-12.244623913270601,-10.011325777718428,-8.166031655137248,-6.308605989099238,-4.616768725256741,-3.0258319661285986,-1.5927797271996398,-0.17197422052782066,1.2766798384913272,2.4192196558308185,3.615141172458077,4.862337009701684,6.075024242404193,7.249459547502166,8.551021800523953,9.832722005802612,10.982319265652485,12.29635844129987,13.48035992007574,14.69109379773058,16.046250671021323,17.319693504242466,18.69493134526895,20.070715999720992,21.49236205645806,23.034549252718037,24.604327861831624,26.211067807203886,27.969413050649404,30.24245150510621,32.3959901181669,34.922167558112676,37.83564018413001,41.65545103137844,48.3506959525586
29,third_year,-26.53939201005013,-20.581320323734065,-17.040235644421333,-14.240709157322662,-11.552734613375698,-9.70926453942145,-8.08619519693283,-6.667225873230753,-5.061211416383878,-3.66382234536024,-2.2885468311349406,-0.925641023518293,0.4129251096683372,1.7358642376138762,2.9449423697287673,4.178391038754553,5.369159406517397,6.461676773904788,7.637646352822875,8.797083285136434,9.871495839739861,11.119566325629608,12.311349829970688,13.531257112069856,14.66251382040926,15.782266552063145,17.052549153688325,18.317832493694755,19.805736390441588,21.206870997130984,22.73532430465005,24.425565185683748,26.055836402132787,27.950889159858807,30.28646489726544,32.562484997860125,35.38271167526308,39.1661443862036,44.45365570661601
30,third_year,-26.42667298934446,-20.799848752763943,-17.234519604422026,-14.414110691709395,-11.975651056733161,-10.004160082449856,-8.207433093473968,-6.59761392096898,-5.0612648251569405,-3.808467620206312,-2.5154432315240793,-1.1726636203324405,0.004729466385067581,1.3002300638141548,2.5506524328740325,3.7707899586680327,4.888756310479673,6.1602064289081895,7.218593338979373,8.289748382484444,9.436248049449233,10.514536248556219,11.615460085307152,12.697950147657952,13.785704903969828,14.967458917263077,16.04466637645117,17.245816434975797,18.712506694110015,20.09916720487216,21.400731695034825,23.08071772918636,24.65914766364817,26.36863740221255,28.34256460205735,30.938408690167226,33.62099292045337,37.02245801827773,42.32738976994053
31,third_year,-24.455170173343063,-19.811018577370913,-15.75111470594232,-13.133746825262065,-11.055677104778185,-9.159730944159685,-7.435800682498558,-5.968770329909379,-4.55265443279117,-3.2807558957690017,-1.9532002920110667,-0.7585475118914753,0.3718175410780287,1.4201273572567923,2.45640969822873,3.430963272410774,4.439042157219674,5.534843152746797,6.53112229937047,7.489708089065057,8.581807459056634,9.614571061571578,10.661204263245978,11.637192892609619,12.728302007820796,13.84034707218503,14.89194159780259,16.02784910301064,17.29377233793958,18.59057508901373,19.919321199134995,21.225670694494653,22.646360673454296,24.31831398671456,26.23057400882019,28.210768142199072,30.663799773082467,34.298275137873226,39.31005562295056
32,third_year,-23.51916306338379,-18.31055792445095,-15.041699867627242,-12.806201094208356,-10.816527637926026,-9.036119794850212,-7.423026097519312,-6.046863334169865,-4.6156977515580095,-3.3032479952788183,-2.2197635020506734,-1.1213272203497546,-0.005451916112680245,1.02252297500906,2.086535421386344,3.0702153101767857,4.172706089705834,5.17600950169631,6.160736946324619,7.089817816067762,7.997061537715317,8.902013044803937,9.665135929759533,10.626083456660645,11.688952311504682,12.790890735159085,13.867743863519166,15.01301944363334,16.079440443487766,17.333502894298952,18.605282647720536,19.83156888008109,21.394043233655164,22.99466340686628,24.642043930116415,26.578816287729186,29.02617985767692,32.65538285040276,37.05627869551704
33,third_year,-21.93216359100959,-17.516827013644143,-14.057938620396198,-12.029457585599783,-10.132525661598335,-8.527409713120784,-7.16509884465138,-5.83869151831551,-4.585132901652527,-3.4169725347837607,-2.362007681558939,-1.2399035433240113,-0.14716447446776998,0.9405237780456935,1.8598392390965799,2.743855026132704,3.728287776355547,4.594003003087546,5.534974795473092,6.514742918622214,7.476776364117162,8.368657735365483,9.302065374952651,10.153858438060347,10.932969568217793,11.952324003500383,13.033715120836451,14.10809712955543,15.16414245617908,16.172106454679536,17.44009809334694,18.561688708403924,19.981876816278678,21.438440003176858,23.081134331517788,25.16528821043611,27.49716310511055,30.54203865089043,35.11929248294515
34,third_year,-20.011660664104696,-16.183564578735066,-13.410787961301352,-11.096285315673613,-9.506293405484055,-8.048092711624486,-6.6011108237760645,-5.408430959987381,-4.085993229945732,-3.0280616415499,-2.039685130934035,-1.1070019712211667,-0.15453087652188902,0.7353800448332071,1.6910588889542129,2.477636625197203,3.2909084880160195,4.123669730864448,4.939143727010949,5.890793564869657,6.776536357523986,7.709069059913514,8.55174102586711,9.425318463206427,10.328320982523742,11.246246019472757,12.12005431852741,13.097349824655835,14.193364012728651,15.185055214876698,16.19703149226754,17.350083739298213,18.37660100007566,19.756046496969052,21.242793797038754,22.925417259240874,25.03629541683189,28.10900511315513,32.04942967328803
35,third_year,-19.959057310183777,-15.554595135746135,-12.83068948334885,-10.7994328757821,-8.964280282605479,-7.619965673973724,-6.268688155868241,-5.0522041367425645,-4.026459540609361,-2.983767548740367,-1.9912819417787895,-1.139857966200064,-0.27820351510335284,0.5621828431388233,1.3561511110740043,2.1305911475826385,2.9587758356225407,3.8159158643672964,4.749239116715485,5.535420183151382,6.375660320587695,7.204757435076216,8.071197570900374,8.791083893934047,9.633768953927747,10.449480985776379,11.288534945085182,12.245832802074007,13.168558224428729,14.089421279847086,15.125099240899255,16.17036289972264,17.312279111210522,18.650558953519667,20.10437265463652,21.690396995221267,24.014087222509055,26.642892709224718,31.20634596228913
36,third_year,-18.39504280280232,-14.789386123619897,-12.240099881982966,-10.318763138014807,-8.798906030693828,-7.487638379341863,-6.221445084977173,-4.978666265322561,-4.040126459422945,-3.0273154897308263,-2.1248042872634305,-1.2127222156768616,-0.4169598458833925,0.40480226193173985,1.187423596995432,1.9617436400296768,2.6790553125974297,3.5276772615918657,4.291849175195659,5.050113388012788,5.797244557850075,6.518011107019893,7.246043471502642,8.085105729168955,8.889147961094482,9.789622232593802,10.551186388641295,11.38686680222365,12.3427071366246,13.196604263632334,14.040223804309992,15.099613590961413,16.18368500321204,17.43823511604568,18.596972033389243,20.07731604144208,22.16898425887806,24.89604948284598,28.826507794420113
