name,season,week,sleeper_points
Arizona Cardinals,2024,1,10
Atlanta Falcons,2024,1,3
Baltimore Ravens,2024,1,4
Buffalo Bills,2024,1,6
Carolina Panthers,2024,1,-3
Chicago Bears,2024,1,23
Cincinnati Bengals,2024,1,3
Cleveland Browns,2024,1,3
Dallas Cowboys,2024,1,18
Denver Broncos,2024,1,8
Detroit Lions,2024,1,5
Green Bay Packers,2024,1,7
Houston Texans,2024,1,4
Indianapolis Colts,2024,1,3
Jacksonville Jaguars,2024,1,4
Kansas City Chiefs,2024,1,5
Los Angeles Rams,2024,1,4
Los Angeles Chargers,2024,1,14
Las Vegas Raiders,2024,1,1
Miami Dolphins,2024,1,8
Minnesota Vikings,2024,1,22
New England Patriots,2024,1,12
New Orleans Saints,2024,1,15
New York Giants,2024,1,6
New York Jets,2024,1,2
Philadelphia Eagles,2024,1,4
Pittsburgh Steelers,2024,1,10
Seattle Seahawks,2024,1,11
San Francisco 49ers,2024,1,7
Tampa Bay Buccaneers,2024,1,5
Tennessee Titans,2024,1,4
Washington Commanders,2024,1,-3
Arizona Cardinals,2024,2,12
Atlanta Falcons,2024,2,3
Baltimore Ravens,2024,2,8
Buffalo Bills,2024,2,18
Carolina Panthers,2024,2,6
Chicago Bears,2024,2,7
Cincinnati Bengals,2024,2,9
Cleveland Browns,2024,2,11
Dallas Cowboys,2024,2,1
Denver Broncos,2024,2,6
Detroit Lions,2024,2,10
Green Bay Packers,2024,2,12
Houston Texans,2024,2,15
Indianapolis Colts,2024,2,4
Jacksonville Jaguars,2024,2,4
Kansas City Chiefs,2024,2,7
Los Angeles Rams,2024,2,0
Los Angeles Chargers,2024,2,11
Las Vegas Raiders,2024,2,4
Miami Dolphins,2024,2,0
Minnesota Vikings,2024,2,11
New England Patriots,2024,2,3
New Orleans Saints,2024,2,9
New York Giants,2024,2,5
New York Jets,2024,2,10
Philadelphia Eagles,2024,2,1
Pittsburgh Steelers,2024,2,13
Seattle Seahawks,2024,2,7
San Francisco 49ers,2024,2,10
Tampa Bay Buccaneers,2024,2,5
Tennessee Titans,2024,2,2
Washington Commanders,2024,2,5
Arizona Cardinals,2024,3,5
Atlanta Falcons,2024,3,2
Baltimore Ravens,2024,3,5
Buffalo Bills,2024,3,14
Carolina Panthers,2024,3,5
Chicago Bears,2024,3,5
Cincinnati Bengals,2024,3,-1
Cleveland Browns,2024,3,6
Dallas Cowboys,2024,3,-1
Denver Broncos,2024,3,16
Detroit Lions,2024,3,7
Green Bay Packers,2024,3,22
Houston Texans,2024,3,4
Indianapolis Colts,2024,3,12
Jacksonville Jaguars,2024,3,-2
Kansas City Chiefs,2024,3,6
Los Angeles Rams,2024,3,5
Los Angeles Chargers,2024,3,5
Las Vegas Raiders,2024,3,-2
Miami Dolphins,2024,3,7
Minnesota Vikings,2024,3,13
New England Patriots,2024,3,3
New Orleans Saints,2024,3,11
New York Giants,2024,3,14
New York Jets,2024,3,17
Philadelphia Eagles,2024,3,7
Pittsburgh Steelers,2024,3,10
Seattle Seahawks,2024,3,15
San Francisco 49ers,2024,3,3
Tampa Bay Buccaneers,2024,3,3
Tennessee Titans,2024,3,3
Washington Commanders,2024,3,1
Arizona Cardinals,2024,4,-2
Atlanta Falcons,2024,4,9
Baltimore Ravens,2024,4,10
Buffalo Bills,2024,4,1
Carolina Panthers,2024,4,1
Chicago Bears,2024,4,9
Cincinnati Bengals,2024,4,2
Cleveland Browns,2024,4,6
Dallas Cowboys,2024,4,5
Denver Broncos,2024,4,12
Detroit Lions,2024,4,8
Green Bay Packers,2024,4,6
Houston Texans,2024,4,2
Indianapolis Colts,2024,4,10
Jacksonville Jaguars,2024,4,2
Kansas City Chiefs,2024,4,7
Los Angeles Rams,2024,4,4
Los Angeles Chargers,2024,4,9
Las Vegas Raiders,2024,4,6
Miami Dolphins,2024,4,2
Minnesota Vikings,2024,4,9
New England Patriots,2024,4,4
New Orleans Saints,2024,4,5
New York Giants,2024,4,3
New York Jets,2024,4,7
Philadelphia Eagles,2024,4,3
Pittsburgh Steelers,2024,4,3
Seattle Seahawks,2024,4,1
San Francisco 49ers,2024,4,26
Tampa Bay Buccaneers,2024,4,11
Tennessee Titans,2024,4,10
Washington Commanders,2024,4,10
Arizona Cardinals,2024,5,9
Atlanta Falcons,2024,5,4
Baltimore Ravens,2024,5,1
Buffalo Bills,2024,5,6
Carolina Panthers,2024,5,-3
Chicago Bears,2024,5,16
Cincinnati Bengals,2024,5,1
Cleveland Browns,2024,5,8
Dallas Cowboys,2024,5,6
Denver Broncos,2024,5,16
Green Bay Packers,2024,5,14
Houston Texans,2024,5,2
Indianapolis Colts,2024,5,2
Jacksonville Jaguars,2024,5,6
Kansas City Chiefs,2024,5,7
Los Angeles Rams,2024,5,11
Las Vegas Raiders,2024,5,2
Miami Dolphins,2024,5,6
Minnesota Vikings,2024,5,17
New England Patriots,2024,5,7
New Orleans Saints,2024,5,5
New York Giants,2024,5,19
New York Jets,2024,5,9
Pittsburgh Steelers,2024,5,13
Seattle Seahawks,2024,5,6
San Francisco 49ers,2024,5,12
Tampa Bay Buccaneers,2024,5,5
Washington Commanders,2024,5,14
Arizona Cardinals,2024,6,1
Atlanta Falcons,2024,6,7
Baltimore Ravens,2024,6,5
Buffalo Bills,2024,6,7
Carolina Panthers,2024,6,-1
Chicago Bears,2024,6,11
Cincinnati Bengals,2024,6,8
Cleveland Browns,2024,6,10
Dallas Cowboys,2024,6,0
Denver Broncos,2024,6,4
Detroit Lions,2024,6,20
Green Bay Packers,2024,6,12
Houston Texans,2024,6,15
Indianapolis Colts,2024,6,4
Jacksonville Jaguars,2024,6,4
Los Angeles Chargers,2024,6,8
Las Vegas Raiders,2024,6,2
New England Patriots,2024,6,0
New Orleans Saints,2024,6,10
New York Giants,2024,6,9
New York Jets,2024,6,3
Philadelphia Eagles,2024,6,6
Pittsburgh Steelers,2024,6,13
Seattle Seahawks,2024,6,2
San Francisco 49ers,2024,6,7
Tampa Bay Buccaneers,2024,6,13
Tennessee Titans,2024,6,3
Washington Commanders,2024,6,3
Arizona Cardinals,2024,7,9
Atlanta Falcons,2024,7,0
Baltimore Ravens,2024,7,7
Buffalo Bills,2024,7,13
Carolina Panthers,2024,7,0
Cincinnati Bengals,2024,7,16
Cleveland Browns,2024,7,3
Denver Broncos,2024,7,16
Detroit Lions,2024,7,5
Green Bay Packers,2024,7,4
Houston Texans,2024,7,7
Indianapolis Colts,2024,7,12
Jacksonville Jaguars,2024,7,9
Kansas City Chiefs,2024,7,9
Los Angeles Rams,2024,7,12
Los Angeles Chargers,2024,7,4
Las Vegas Raiders,2024,7,4
Miami Dolphins,2024,7,3
Minnesota Vikings,2024,7,8
New England Patriots,2024,7,-1
New Orleans Saints,2024,7,2
New York Giants,2024,7,4
New York Jets,2024,7,-3
Philadelphia Eagles,2024,7,16
Pittsburgh Steelers,2024,7,9
Seattle Seahawks,2024,7,11
San Francisco 49ers,2024,7,5
Tampa Bay Buccaneers,2024,7,0
Tennessee Titans,2024,7,1
Washington Commanders,2024,7,17
Arizona Cardinals,2024,8,5
Atlanta Falcons,2024,8,8
Baltimore Ravens,2024,8,4
Buffalo Bills,2024,8,7
Carolina Panthers,2024,8,7
Chicago Bears,2024,8,4
Cincinnati Bengals,2024,8,-4
Cleveland Browns,2024,8,3
Dallas Cowboys,2024,8,0
Denver Broncos,2024,8,7
Detroit Lions,2024,8,19
Green Bay Packers,2024,8,6
Houston Texans,2024,8,11
Indianapolis Colts,2024,8,5
Jacksonville Jaguars,2024,8,2
Kansas City Chiefs,2024,8,9
Los Angeles Rams,2024,8,6
Los Angeles Chargers,2024,8,12
Las Vegas Raiders,2024,8,3
Miami Dolphins,2024,8,1
Minnesota Vikings,2024,8,1
New England Patriots,2024,8,2
New Orleans Saints,2024,8,6
New York Giants,2024,8,7
New York Jets,2024,8,3
Philadelphia Eagles,2024,8,9
Pittsburgh Steelers,2024,8,16
Seattle Seahawks,2024,8,1
San Francisco 49ers,2024,8,8
Tampa Bay Buccaneers,2024,8,3
Tennessee Titans,2024,8,2
Washington Commanders,2024,8,6
Arizona Cardinals,2024,9,13
Atlanta Falcons,2024,9,3
Baltimore Ravens,2024,9,10
Buffalo Bills,2024,9,4
Carolina Panthers,2024,9,1
Chicago Bears,2024,9,8
Cincinnati Bengals,2024,9,11
Cleveland Browns,2024,9,6
Dallas Cowboys,2024,9,6
Denver Broncos,2024,9,-2
Detroit Lions,2024,9,9
Green Bay Packers,2024,9,2
Houston Texans,2024,9,5
Indianapolis Colts,2024,9,11
Jacksonville Jaguars,2024,9,4
Kansas City Chiefs,2024,9,2
Los Angeles Rams,2024,9,22
Los Angeles Chargers,2024,9,19
Las Vegas Raiders,2024,9,5
Miami Dolphins,2024,9,2
Minnesota Vikings,2024,9,11
New England Patriots,2024,9,6
New Orleans Saints,2024,9,3
New York Giants,2024,9,0
New York Jets,2024,9,15
Philadelphia Eagles,2024,9,7
Seattle Seahawks,2024,9,4
Tampa Bay Buccaneers,2024,9,6
Tennessee Titans,2024,9,12
Washington Commanders,2024,9,5
Arizona Cardinals,2024,10,13
Atlanta Falcons,2024,10,1
Baltimore Ravens,2024,10,6
Buffalo Bills,2024,10,21
Carolina Panthers,2024,10,11
Chicago Bears,2024,10,4
Cincinnati Bengals,2024,10,-4
Dallas Cowboys,2024,10,9
Denver Broncos,2024,10,5
Detroit Lions,2024,10,8
Houston Texans,2024,10,11
Indianapolis Colts,2024,10,7
Jacksonville Jaguars,2024,10,11
Kansas City Chiefs,2024,10,5
Los Angeles Rams,2024,10,8
Los Angeles Chargers,2024,10,9
Miami Dolphins,2024,10,11
Minnesota Vikings,2024,10,13
New England Patriots,2024,10,16
New Orleans Saints,2024,10,10
New York Giants,2024,10,5
New York Jets,2024,10,1
Philadelphia Eagles,2024,10,23
Pittsburgh Steelers,2024,10,3
San Francisco 49ers,2024,10,3
Tampa Bay Buccaneers,2024,10,4
Tennessee Titans,2024,10,0
Washington Commanders,2024,10,7
Atlanta Falcons,2024,11,-2
Baltimore Ravens,2024,11,7
Buffalo Bills,2024,11,6
Chicago Bears,2024,11,4
Cincinnati Bengals,2024,11,4
Cleveland Browns,2024,11,3
Dallas Cowboys,2024,11,2
Denver Broncos,2024,11,13
Detroit Lions,2024,11,10
Green Bay Packers,2024,11,6
Houston Texans,2024,11,13
Indianapolis Colts,2024,11,4
Jacksonville Jaguars,2024,11,-4
Kansas City Chiefs,2024,11,1
Los Angeles Rams,2024,11,11
Los Angeles Chargers,2024,11,3
Las Vegas Raiders,2024,11,2
Miami Dolphins,2024,11,6
Minnesota Vikings,2024,11,11
New England Patriots,2024,11,-1
New Orleans Saints,2024,11,4
New York Jets,2024,11,4
Philadelphia Eagles,2024,11,7
Pittsburgh Steelers,2024,11,11
Seattle Seahawks,2024,11,5
San Francisco 49ers,2024,11,7
Tennessee Titans,2024,11,5
Washington Commanders,2024,11,3
Arizona Cardinals,2024,12,12
Baltimore Ravens,2024,12,5
Carolina Panthers,2024,12,5
Chicago Bears,2024,12,5
Cleveland Browns,2024,12,8
Dallas Cowboys,2024,12,24
Denver Broncos,2024,12,11
Detroit Lions,2024,12,8
Green Bay Packers,2024,12,17
Houston Texans,2024,12,17
Indianapolis Colts,2024,12,4
Kansas City Chiefs,2024,12,3
Los Angeles Rams,2024,12,-3
Los Angeles Chargers,2024,12,0
Las Vegas Raiders,2024,12,0
Miami Dolphins,2024,12,10
Minnesota Vikings,2024,12,6
New England Patriots,2024,12,4
New York Giants,2024,12,4
Philadelphia Eagles,2024,12,12
Pittsburgh Steelers,2024,12,10
Seattle Seahawks,2024,12,20
San Francisco 49ers,2024,12,-2
Tampa Bay Buccaneers,2024,12,12
Tennessee Titans,2024,12,10
Washington Commanders,2024,12,5
Arizona Cardinals,2024,13,9
Atlanta Falcons,2024,13,13
Baltimore Ravens,2024,13,3
Buffalo Bills,2024,13,11
Carolina Panthers,2024,13,8
Chicago Bears,2024,13,5
Cincinnati Bengals,2024,13,9
Cleveland Browns,2024,13,3
Dallas Cowboys,2024,13,19
Denver Broncos,2024,13,20
Detroit Lions,2024,13,6
Green Bay Packers,2024,13,7
Houston Texans,2024,13,3
Indianapolis Colts,2024,13,8
Jacksonville Jaguars,2024,13,2
Kansas City Chiefs,2024,13,7
Los Angeles Rams,2024,13,1
Los Angeles Chargers,2024,13,20
Las Vegas Raiders,2024,13,5
Miami Dolphins,2024,13,-1
Minnesota Vikings,2024,13,6
New England Patriots,2024,13,5
New Orleans Saints,2024,13,2
New York Giants,2024,13,1
New York Jets,2024,13,14
Philadelphia Eagles,2024,13,6
Pittsburgh Steelers,2024,13,11
Seattle Seahawks,2024,13,16
San Francisco 49ers,2024,13,-4
Tampa Bay Buccaneers,2024,13,4
Tennessee Titans,2024,13,1
Washington Commanders,2024,13,7
Arizona Cardinals,2024,14,-1
Atlanta Falcons,2024,14,0
Buffalo Bills,2024,14,-4
Carolina Panthers,2024,14,5
Chicago Bears,2024,14,-1
Cincinnati Bengals,2024,14,6
Cleveland Browns,2024,14,4
Dallas Cowboys,2024,14,5
Detroit Lions,2024,14,3
Green Bay Packers,2024,14,2
Jacksonville Jaguars,2024,14,10
Kansas City Chiefs,2024,14,4
Los Angeles Rams,2024,14,2
Los Angeles Chargers,2024,14,4
Las Vegas Raiders,2024,14,10
Miami Dolphins,2024,14,3
Minnesota Vikings,2024,14,6
New Orleans Saints,2024,14,10
New York Giants,2024,14,9
New York Jets,2024,14,-1
Philadelphia Eagles,2024,14,4
Pittsburgh Steelers,2024,14,8
Seattle Seahawks,2024,14,8
San Francisco 49ers,2024,14,12
Tampa Bay Buccaneers,2024,14,10
Tennessee Titans,2024,14,9
Arizona Cardinals,2024,15,6
Atlanta Falcons,2024,15,19
Baltimore Ravens,2024,15,6
Buffalo Bills,2024,15,3
Carolina Panthers,2024,15,2
Chicago Bears,2024,15,3
Cincinnati Bengals,2024,15,21
Cleveland Browns,2024,15,0
Dallas Cowboys,2024,15,17
Denver Broncos,2024,15,18
Detroit Lions,2024,15,-4
Green Bay Packers,2024,15,15
Houston Texans,2024,15,17
Indianapolis Colts,2024,15,6
Jacksonville Jaguars,2024,15,0
Kansas City Chiefs,2024,15,22
Los Angeles Rams,2024,15,12
Los Angeles Chargers,2024,15,2
Las Vegas Raiders,2024,15,9
Miami Dolphins,2024,15,8
Minnesota Vikings,2024,15,9
New England Patriots,2024,15,0
New Orleans Saints,2024,15,10
New York Giants,2024,15,2
New York Jets,2024,15,7
Philadelphia Eagles,2024,15,9
Pittsburgh Steelers,2024,15,7
Seattle Seahawks,2024,15,2
San Francisco 49ers,2024,15,4
Tampa Bay Buccaneers,2024,15,10
Tennessee Titans,2024,15,7
Washington Commanders,2024,15,6
Arizona Cardinals,2024,16,-1
Atlanta Falcons,2024,16,26
Baltimore Ravens,2024,16,16
Buffalo Bills,2024,16,9
Carolina Panthers,2024,16,6
Chicago Bears,2024,16,0
Cincinnati Bengals,2024,16,20
Cleveland Browns,2024,16,7
Dallas Cowboys,2024,16,11
Denver Broncos,2024,16,4
Detroit Lions,2024,16,8
Green Bay Packers,2024,16,19
Houston Texans,2024,16,1
Indianapolis Colts,2024,16,6
Jacksonville Jaguars,2024,16,3
Kansas City Chiefs,2024,16,8
Los Angeles Rams,2024,16,8
Los Angeles Chargers,2024,16,2
Las Vegas Raiders,2024,16,8
Miami Dolphins,2024,16,6
Minnesota Vikings,2024,16,6
New England Patriots,2024,16,5
New Orleans Saints,2024,16,-1
New York Giants,2024,16,2
New York Jets,2024,16,3
Philadelphia Eagles,2024,16,10
Pittsburgh Steelers,2024,16,4
Seattle Seahawks,2024,16,4
San Francisco 49ers,2024,16,-1
Tampa Bay Buccaneers,2024,16,1
Tennessee Titans,2024,16,-1
Washington Commanders,2024,16,7
Arizona Cardinals,2024,17,4
Atlanta Falcons,2024,17,6
Baltimore Ravens,2024,17,18
Buffalo Bills,2024,17,14
Carolina Panthers,2024,17,-2
Chicago Bears,2024,17,15
Cincinnati Bengals,2024,17,6
Cleveland Browns,2024,17,5
Dallas Cowboys,2024,17,-4
Denver Broncos,2024,17,9
Detroit Lions,2024,17,7
Green Bay Packers,2024,17,3
Houston Texans,2024,17,2
Indianapolis Colts,2024,17,-3
Jacksonville Jaguars,2024,17,10
Kansas City Chiefs,2024,17,15
Los Angeles Rams,2024,17,14
Los Angeles Chargers,2024,17,10
Las Vegas Raiders,2024,17,14
Miami Dolphins,2024,17,13
Minnesota Vikings,2024,17,7
New England Patriots,2024,17,-4
New Orleans Saints,2024,17,3
New York Giants,2024,17,14
New York Jets,2024,17,-4
Philadelphia Eagles,2024,17,21
Pittsburgh Steelers,2024,17,0
Seattle Seahawks,2024,17,16
San Francisco 49ers,2024,17,0
Tampa Bay Buccaneers,2024,17,13
Tennessee Titans,2024,17,3
Washington Commanders,2024,17,6
Baltimore Ravens,2024,19,5
Buffalo Bills,2024,19,6
Denver Broncos,2024,19,1
Green Bay Packers,2024,19,2
Houston Texans,2024,19,25
Los Angeles Rams,2024,19,18
Los Angeles Chargers,2024,19,11
Minnesota Vikings,2024,19,2
Philadelphia Eagles,2024,19,14
Pittsburgh Steelers,2024,19,0
Tampa Bay Buccaneers,2024,19,1
Washington Commanders,2024,19,4
Baltimore Ravens,2024,20,1
Buffalo Bills,2024,20,11
Detroit Lions,2024,20,-3
Houston Texans,2024,20,6
Kansas City Chiefs,2024,20,15
Los Angeles Rams,2024,20,9
Philadelphia Eagles,2024,20,12
Washington Commanders,2024,20,18
Buffalo Bills,2024,21,3
Kansas City Chiefs,2024,21,4
Philadelphia Eagles,2024,21,12
Washington Commanders,2024,21,-2
Kansas City Chiefs,2024,22,3
Philadelphia Eagles,2024,22,19
Arizona Cardinals,2025,1,5
Atlanta Falcons,2025,1,1
Baltimore Ravens,2025,1,-2
Buffalo Bills,2025,1,2
Carolina Panthers,2025,1,2
Chicago Bears,2025,1,11
Cincinnati Bengals,2025,1,7
Cleveland Browns,2025,1,4
Dallas Cowboys,2025,1,1
Denver Broncos,2025,1,16
Detroit Lions,2025,1,0
Green Bay Packers,2025,1,10
Houston Texans,2025,1,7
Indianapolis Colts,2025,1,14
Jacksonville Jaguars,2025,1,12
Kansas City Chiefs,2025,1,4
Los Angeles Rams,2025,1,12
Los Angeles Chargers,2025,1,2
Las Vegas Raiders,2025,1,11
Miami Dolphins,2025,1,0
Minnesota Vikings,2025,1,4
New England Patriots,2025,1,7
New Orleans Saints,2025,1,8
New York Giants,2025,1,3
New York Jets,2025,1,5
Philadelphia Eagles,2025,1,4
Pittsburgh Steelers,2025,1,1
Seattle Seahawks,2025,1,8
San Francisco 49ers,2025,1,11
Tampa Bay Buccaneers,2025,1,2
Tennessee Titans,2025,1,9
Washington Commanders,2025,1,10
Arizona Cardinals,2025,2,8
Atlanta Falcons,2025,2,20
Baltimore Ravens,2025,2,8
Buffalo Bills,2025,2,13
Carolina Panthers,2025,2,3
Chicago Bears,2025,2,-4
Cincinnati Bengals,2025,2,5
Cleveland Browns,2025,2,0
Dallas Cowboys,2025,2,0
Denver Broncos,2025,2,0
Detroit Lions,2025,2,9
Green Bay Packers,2025,2,5
Houston Texans,2025,2,6
Indianapolis Colts,2025,2,1
Jacksonville Jaguars,2025,2,8
Kansas City Chiefs,2025,2,2
Los Angeles Rams,2025,2,9
Los Angeles Chargers,2025,2,13
Las Vegas Raiders,2025,2,5
Miami Dolphins,2025,2,8
Minnesota Vikings,2025,2,6
New England Patriots,2025,2,13
New Orleans Saints,2025,2,6
New York Giants,2025,2,1
New York Jets,2025,2,1
Philadelphia Eagles,2025,2,6
Pittsburgh Steelers,2025,2,5
Seattle Seahawks,2025,2,14
San Francisco 49ers,2025,2,7
Tampa Bay Buccaneers,2025,2,4
Tennessee Titans,2025,2,4
Washington Commanders,2025,2,2
Arizona Cardinals,2025,3,6
Atlanta Falcons,2025,3,1
Baltimore Ravens,2025,3,-4
Buffalo Bills,2025,3,2
Carolina Panthers,2025,3,23
Chicago Bears,2025,3,12
Cincinnati Bengals,2025,3,0
Cleveland Browns,2025,3,14
Dallas Cowboys,2025,3,-1
Denver Broncos,2025,3,9
Detroit Lions,2025,3,10
Green Bay Packers,2025,3,8
Houston Texans,2025,3,5
Indianapolis Colts,2025,3,15
Jacksonville Jaguars,2025,3,13
Kansas City Chiefs,2025,3,12
Los Angeles Rams,2025,3,6
Los Angeles Chargers,2025,3,3
Las Vegas Raiders,2025,3,0
Miami Dolphins,2025,3,1
Minnesota Vikings,2025,3,29
New England Patriots,2025,3,3
New Orleans Saints,2025,3,-1
New York Giants,2025,3,2
New York Jets,2025,3,10
Philadelphia Eagles,2025,3,13
Pittsburgh Steelers,2025,3,20
Seattle Seahawks,2025,3,14
San Francisco 49ers,2025,3,6
Tampa Bay Buccaneers,2025,3,15
Tennessee Titans,2025,3,-4
Washington Commanders,2025,3,11
Arizona Cardinals,2025,4,5
Atlanta Falcons,2025,4,6
Baltimore Ravens,2025,4,-3
Buffalo Bills,2025,4,7
Carolina Panthers,2025,4,-3
Chicago Bears,2025,4,11
Cincinnati Bengals,2025,4,1
Cleveland Browns,2025,4,1
Dallas Cowboys,2025,4,2
Denver Broncos,2025,4,10
Detroit Lions,2025,4,20
Green Bay Packers,2025,4,-3
Houston Texans,2025,4,14
Indianapolis Colts,2025,4,6
Jacksonville Jaguars,2025,4,18
Kansas City Chiefs,2025,4,7
Los Angeles Rams,2025,4,10
Los Angeles Chargers,2025,4,7
Las Vegas Raiders,2025,4,4
Miami Dolphins,2025,4,9
Minnesota Vikings,2025,4,5
New England Patriots,2025,4,12
New Orleans Saints,2025,4,4
New York Giants,2025,4,7
New York Jets,2025,4,1
Philadelphia Eagles,2025,4,14
Pittsburgh Steelers,2025,4,12
Seattle Seahawks,2025,4,11
San Francisco 49ers,2025,4,1
Tampa Bay Buccaneers,2025,4,4
Tennessee Titans,2025,4,2
Washington Commanders,2025,4,4
Arizona Cardinals,2025,5,7
Baltimore Ravens,2025,5,-2
Buffalo Bills,2025,5,8
Carolina Panthers,2025,5,3
Cincinnati Bengals,2025,5,3
Cleveland Browns,2025,5,9
Dallas Cowboys,2025,5,8
Denver Broncos,2025,5,7
Detroit Lions,2025,5,12
Houston Texans,2025,5,11
Indianapolis Colts,2025,5,15
Jacksonville Jaguars,2025,5,7
Kansas City Chiefs,2025,5,8
Los Angeles Rams,2025,5,1
Los Angeles Chargers,2025,5,4
Las Vegas Raiders,2025,5,-4
Miami Dolphins,2025,5,8
Minnesota Vikings,2025,5,3
New England Patriots,2025,5,9
New Orleans Saints,2025,5,13
New York Giants,2025,5,0
New York Jets,2025,5,-3
Philadelphia Eagles,2025,5,2
Seattle Seahawks,2025,5,-3
San Francisco 49ers,2025,5,8
Tampa Bay Buccaneers,2025,5,0
Tennessee Titans,2025,5,7
Washington Commanders,2025,5,14
Arizona Cardinals,2025,6,2
Atlanta Falcons,2025,6,10
Baltimore Ravens,2025,6,6
Buffalo Bills,2025,6,4
Carolina Panthers,2025,6,0
Chicago Bears,2025,6,10
Cincinnati Bengals,2025,6,3
Cleveland Browns,2025,6,1
Dallas Cowboys,2025,6,4
Denver Broncos,2025,6,13
Detroit Lions,2025,6,3
Green Bay Packers,2025,6,2
Indianapolis Colts,2025,6,4
Jacksonville Jaguars,2025,6,2
Kansas City Chiefs,2025,6,3
Los Angeles Rams,2025,6,19
Los Angeles Chargers,2025,6,8
Las Vegas Raiders,2025,6,16
Miami Dolphins,2025,6,4
New England Patriots,2025,6,6
New Orleans Saints,2025,6,2
New York Giants,2025,6,9
New York Jets,2025,6,11
Philadelphia Eagles,2025,6,1
Pittsburgh Steelers,2025,6,10
Seattle Seahawks,2025,6,11
San Francisco 49ers,2025,6,0
Tampa Bay Buccaneers,2025,6,12
Tennessee Titans,2025,6,5
Washington Commanders,2025,6,5
Arizona Cardinals,2025,7,2
Atlanta Falcons,2025,7,4
Carolina Panthers,2025,7,17
Chicago Bears,2025,7,14
Cincinnati Bengals,2025,7,3
Cleveland Browns,2025,7,25
Dallas Cowboys,2025,7,16
Denver Broncos,2025,7,5
Detroit Lions,2025,7,14
Green Bay Packers,2025,7,9
Houston Texans,2025,7,14
Indianapolis Colts,2025,7,7
Jacksonville Jaguars,2025,7,-4
Kansas City Chiefs,2025,7,13
Los Angeles Rams,2025,7,12
Los Angeles Chargers,2025,7,-3
Las Vegas Raiders,2025,7,1
Miami Dolphins,2025,7,2
Minnesota Vikings,2025,7,3
New England Patriots,2025,7,12
New Orleans Saints,2025,7,3
New York Giants,2025,7,1
New York Jets,2025,7,6
Philadelphia Eagles,2025,7,12
Pittsburgh Steelers,2025,7,1
Seattle Seahawks,2025,7,6
San Francisco 49ers,2025,7,9
Tampa Bay Buccaneers,2025,7,9
Tennessee Titans,2025,7,3
Washington Commanders,2025,7,-1
Aaron Rodgers,2024,1,9.58
Matt Prater,2024,1,8
Nick Folk,2024,1,6
Calais Campbell,2024,1,0
Matthew Stafford,2024,1,15.68
Graham Gano,2024,1,8
Thomas Morstead,2024,1,0
Brandon Graham,2024,1,0
Von Miller,2024,1,0
Cameron Jordan,2024,1,0
Cameron Heyward,2024,1,0
Andy Dalton,2024,1,0
Tyrod Taylor,2024,1,6.14
Johnny Hekker,2024,1,0
Charley Hughlett,2024,1,0
Bobby Wagner,2024,1,0
Stephon Gilmore,2024,1,0
Lavonte David,2024,1,0
Justin Tucker,2024,1,7
Kirk Cousins,2024,1,8.2
Harrison Smith,2024,1,0
Demario Davis,2024,1,0
Greg Zuerlein,2024,1,1
Greg Van Roten,2024,1,0
Bryan Anger,2024,1,0
Kyle Juszczyk,2024,1,6
Adam Thielen,2024,1,7.9
Zach Ertz,2024,1,5.800000000000001
Darius Slay,2024,1,0
Johnathan Hankins,2024,1,0
John Jenkins,2024,1,0
Sam Martin,2024,1,0
Dustin Hopkins,2024,1,7
Jordan Poyer,2024,1,0
Tress Way,2024,1,0
Keenan Allen,2024,1,6.9
William Gholston,2024,1,0
Tyrann Mathieu,2024,1,0
Travis Kelce,2024,1,6.4
Lane Johnson,2024,1,0
DeAndre Hopkins,2024,1,1.8
Geno Smith,2024,1,18.84
Cordarrelle Patterson,2024,1,1.3
Mike Pennel,2024,1,0
Khalil Mack,2024,1,0
DaQuan Jones,2024,1,0
Chris Boswell,2024,1,26
Cairo Santos,2024,1,13
Brandin Cooks,2024,1,14.5
Shelby Harris,2024,1,0
Jake Matthews,2024,1,0
Derek Carr,2024,1,21.3
C.J. Mosley,2024,1,0
Jimmie Ward,2024,1,0
Jordan Matthews,2024,1,0
C.J. Goodwin,2024,1,0
Kyle Van Noy,2024,1,0
Jadeveon Clowney,2024,1,0
Davante Adams,2024,1,10.9
Mike Evans,2024,1,23.1
DeMarcus Lawrence,2024,1,0
Joel Bitonio,2024,1,0
Jason Myers,2024,1,10
Amari Cooper,2024,1,3.6
Nelson Agholor,2024,1,1.6
Shaq Thompson,2024,1,0
Eddie Goldman,2024,1,0
Eric Kendricks,2024,1,0
Jordan Phillips,2024,1,0
Danielle Hunter,2024,1,0
Za'Darius Smith,2024,1,0
Grady Jarrett,2024,1,0
MyCole Pruitt,2024,1,1.9
Stefon Diggs,2024,1,21.9
Michael Burton,2024,1,1.3
Quandre Diggs,2024,1,0
Raheem Mostert,2024,1,3.9
Eric Tomlinson,2024,1,0
DeAndre Carter,2024,1,1.6
Troy Hill,2024,1,0
Alex Singleton,2024,1,0
Leonard Williams,2024,1,0
Preston Smith,2024,1,0
Jamison Crowder,2024,1,1.5
Rakeem Nunez-Roches,2024,1,0
Dante Fowler Jr.,2024,1,0
Bradley Pinion,2024,1,0
Denzel Perryman,2024,1,0
Ameer Abdullah,2024,1,0
Jordan Hicks,2024,1,0
Bud Dupree,2024,1,0
Arik Armstead,2024,1,0
Ronald Darby,2024,1,0
Tyler Lockett,2024,1,13.7
Joe Cardona,2024,1,0
Mario Edwards,2024,1,0
Tyler Matakevich,2024,1,0
DeForest Buckner,2024,1,0
Laremy Tunsil,2024,1,0
Austin Hooper,2024,1,5.1
Nick Vannett,2024,1,3.1
Graham Glasgow,2024,1,0
Miles Killebrew,2024,1,0
De'Vondre Campbell,2024,1,0
Matthew Judon,2024,1,0
Quinton Jefferson,2024,1,0
Brandon Allen,2024,1,-0.1
Kyle Peko,2024,1,0
Kalif Raymond,2024,1,1.2000000000000002
Mike Hilton,2024,1,0
Wil Lutz,2024,1,11
Michael Pierce,2024,1,0
Jonathan Jones,2024,1,0
Roy Robertson-Harris,2024,1,0
Morgan Fox,2024,1,0
Ka'imi Fairbairn,2024,1,17
Sheldon Rankins,2024,1,0
Chris Jones,2024,1,0
Austin Johnson,2024,1,0
Derrick Henry,2024,1,10.600000000000001
Demarcus Robinson,2024,1,8.2
A'Shawn Robinson,2024,1,0
Nick Vigil,2024,1,0
C.J. Ham,2024,1,1.1
Vonn Bell,2024,1,0
Riley Dixon,2024,1,0
Ronnie Stanley,2024,1,0
Justin Simmons,2024,1,0
Tyler Boyd,2024,1,4.8
Sheldon Day,2024,1,0
Tyreek Hill,2024,1,26
Ezekiel Elliott,2024,1,12.9
Jihad Ward,2024,1,0
David Onyemata,2024,1,0
Jalen Ramsey,2024,1,0
Andrew Billings,2024,1,0
Leonard Floyd,2024,1,0
Emmanuel Ogbah,2024,1,0
Dak Prescott,2024,1,10.46
Kendall Fuller,2024,1,0
Hunter Henry,2024,1,3.8
Jonathan Bullard,2024,1,0
Jared Goff,2024,1,12.379999999999999
Javon Hargrave,2024,1,0
Jacoby Brissett,2024,1,8.04
Kenny Clark,2024,1,0
Maliek Collins,2024,1,0
Kevin Byard,2024,1,0
Joey Bosa,2024,1,0
Mo Alie-Cox,2024,1,0
Johnny Mundt,2024,1,3.5
Rigoberto Sanchez,2024,1,0
Marlon Humphrey,2024,1,0
Curtis Samuel,2024,1,3.5
George Kittle,2024,1,8
Jermaine Eluemunor,2024,1,0
Aaron Jones,2024,1,18.9
Chuck Clark,2024,1,0
D.J. Jones,2024,1,0
Harrison Butker,2024,1,9
Eric Wilson,2024,1,0
Taysom Hill,2024,1,4.6
Adam Butler,2024,1,0
Kenny Moore II,2024,1,0
Damontae Kazee,2024,1,0
Jonathan Allen,2024,1,0
Kevin King,2024,1,0
Samaje Perine,2024,1,2
Deshaun Watson,2024,1,11.66
Dalvin Tomlinson,2024,1,0
Chidobe Awuzie,2024,1,0
Rasul Douglas,2024,1,0
James Conner,2024,1,19.3
Mack Hollins,2024,1,10.5
Jalen Reeves-Maybin,2024,1,0
Anthony Walker,2024,1,0
Eric Saubert,2024,1,0
Xavier Woods,2024,1,0
David Moore,2024,1,2.4000000000000004
Cooper Rush,2024,1,-0.1
Austin Ekeler,2024,1,10.2
Younghoe Koo,2024,1,4
Cameron Johnston,2024,1,0
DeMarcus Walker,2024,1,0
Eddie Jackson,2024,1,0
Jake Elliott,2024,1,10
Dare Ogunbowale,2024,1,1.3
JuJu Smith-Schuster,2024,1,0
Jonnu Smith,2024,1,1.7000000000000002
Davon Godchaux,2024,1,0
Myles Garrett,2024,1,0
Solomon Thomas,2024,1,0
Patrick Mahomes,2024,1,16.14
Marshon Lattimore,2024,1,0
Derek Barnett,2024,1,0
Malik Hooker,2024,1,0
Adoree' Jackson,2024,1,0
Evan Engram,2024,1,1.5
Jabrill Peppers,2024,1,0
Tre'Davious White,2024,1,0
David Njoku,2024,1,8.4
T.J. Watt,2024,1,0
Cam Robinson,2024,1,0
Budda Baker,2024,1,0
Marcus Williams,2024,1,0
Gerald Everett,2024,1,0.9
Joe Mixon,2024,1,26.799999999999997
Dion Dawkins,2024,1,0
Larry Ogunjobi,2024,1,0
Alvin Kamara,2024,1,22
Cooper Kupp,2024,1,32
Alex Anzalone,2024,1,0
Chris Godwin Jr.,2024,1,22.3
Shaquill Griffin,2024,1,0
John Johnson,2024,1,0
Jourdan Lewis,2024,1,0
Montravius Adams,2024,1,0
Trey Hendrickson,2024,1,0
Rayshawn Jenkins,2024,1,0
Josh Reynolds,2024,1,9.5
Jamaal Williams,2024,1,12.100000000000001
Grover Stewart,2024,1,0
Jeremy McNichols,2024,1,0
Scott Daly,2024,1,0
George Odum,2024,1,0
Coleman Shelton,2024,1,0
Jeff Wilson Jr.,2024,1,2.6
J.T. Gray,2024,1,0
Kendal Vickers,2024,1,0
Will Dissly,2024,1,2.3
Michael Dickson,2024,1,0
Daniel Carlson,2024,1,3
J.K. Scott,2024,1,0
Eddy Pineiro,2024,1,5
Gus Edwards,2024,1,3.8000000000000003
Trent Sieg,2024,1,0
Mike Boone,2024,1,0.7000000000000001
Poona Ford,2024,1,0
Elijah Campbell,2024,1,0
Daniel Ekuale,2024,1,0
Jalyn Holmes,2024,1,0
Tyler Conklin,2024,1,1.6
Marquez Valdes-Scantling,2024,1,2.9000000000000004
Foley Fatukasi,2024,1,0
DeShon Elliott,2024,1,0
Zach Sieler,2024,1,0
Frankie Luvu,2024,1,0
Kentavius Street,2024,1,0
Daron Payne,2024,1,0
Marcus Davenport,2024,1,0
Frank Ragnow,2024,1,0
Courtland Sutton,2024,1,7.800000000000001
Dallas Goedert,2024,1,7.1
Donte Jackson,2024,1,0
Tyquan Lewis,2024,1,0
Lorenzo Carter,2024,1,0
Justin Reid,2024,1,0
Jordan Akins,2024,1,5.7
Josey Jewell,2024,1,0
Da'Shawn Hand,2024,1,0
Dorance Armstrong,2024,1,0
Jordan Whitehead,2024,1,0
Kyzir White,2024,1,0
Taron Johnson,2024,1,0
Avonte Maddox,2024,1,0
Josh Sweat,2024,1,0
Dalton Schultz,2024,1,4.6
D.J. Reed,2024,1,0
Ja'Whaun Bentley,2024,1,0
Justin Watson,2024,1,3.5
Ray-Ray McCloud,2024,1,9.2
Foye Oluokun,2024,1,0
Cedrick Wilson Jr.,2024,1,0
Braxton Berrios,2024,1,0
Jordan Mailata,2024,1,0
Zaire Franklin,2024,1,0
Logan Cooke,2024,1,0
Jonathan Owens,2024,1,6
Allen Lazard,2024,1,26.9
Charvarius Ward,2024,1,0
Tanner Hudson,2024,1,1.7999999999999998
Brandon Powell,2024,1,0
Tremaine Edmunds,2024,1,0
Jessie Bates,2024,1,0
Justin Jones,2024,1,0
Robert Spillane,2024,1,0
Corey Bojorquez,2024,1,0
Nick Thurman,2024,1,0
Jaire Alexander,2024,1,0
Maurice Hurst,2024,1,0
Mark Andrews,2024,1,3.4000000000000004
Kolton Miller,2024,1,0
Nathan Shepherd,2024,1,0
Vita Vea,2024,1,0
Christian Kirk,2024,1,4
Carlton Davis III,2024,1,0
Isaac Yiadom,2024,1,0
Harrison Phillips,2024,1,0
Chris Board,2024,1,0
Minkah Fitzpatrick,2024,1,0
Derwin James,2024,1,0
Jason Sanders,2024,1,9
Lamar Jackson,2024,1,25.12
Jerome Baker,2024,1,0
Durham Smythe,2024,1,0
B.J. Hill,2024,1,0
John Franklin-Myers,2024,1,0
Sebastian Joseph-Day,2024,1,0
Fred Warner,2024,1,0
Arden Key,2024,1,0
D.J. Moore,2024,1,10
Harold Landry III,2024,1,0
Mike Gesicki,2024,1,4.8
Hayden Hurst,2024,1,5.300000000000001
Sam Hubbard,2024,1,0
Calvin Ridley,2024,1,8
Mike Hughes,2024,1,0
Saquon Barkley,2024,1,33.2
KhaDarel Hodge,2024,1,0
Baker Mayfield,2024,1,29.660000000000004
Denzel Ward,2024,1,0
Josh Allen,2024,1,31.18
Sam Darnold,2024,1,15.620000000000001
Roquan Smith,2024,1,0
Steven Sims,2024,1,0
Mitch Wishnowsky,2024,1,0
Jakobi Meyers,2024,1,9.4
Rashan Gary,2024,1,0
Darnell Savage,2024,1,0
Alexander Mattison,2024,1,16.2
Maxx Crosby,2024,1,0
Julian Love,2024,1,0
Justice Hill,2024,1,11.5
Foster Moreau,2024,1,14.3
E.J. Speed,2024,1,0
Ka'dar Hollman,2024,1,0
Marcus Epps,2024,1,0
Ty Summers,2024,1,0
Quinton Bell,2024,1,0
Demetrius Flannigan-Fowles,2024,1,0
Ashton Dulin,2024,1,12.4
Jamie Gillan,2024,1,0
Khari Blasingame,2024,1,0
Alec Ingold,2024,1,0.8
Keisean Nixon,2024,1,0
Marquise Blair,2024,1,0
Mecole Hardman,2024,1,0
Mack Wilson,2024,1,0
Kris Boyd,2024,1,0
Jack Fox,2024,1,0
Azeez Al-Shaair,2024,1,0
AJ Cole,2024,1,0
Joey Slye,2024,1,10
Del'Shawn Phillips,2024,1,0
Olamide Zaccheaus,2024,1,2.5
Deonte Harty,2024,1,0
Diontae Johnson,2024,1,3.9000000000000004
P.J. Locke,2024,1,0
Kyler Murray,2024,1,14.18
Christian Wilkins,2024,1,0
Byron Murphy,2024,1,0
Jawaan Taylor,2024,1,0
Sean Murphy-Bunting,2024,1,0
Jahlani Tavai,2024,1,0
Erik McCoy,2024,1,0
Miles Sanders,2024,1,2.2
Zach Allen,2024,1,0
Josh Oliver,2024,1,4.7
Devin Singletary,2024,1,9.2
C.J. Gardner-Johnson,2024,1,0
Anthony Nelson,2024,1,0
Tony Pollard,2024,1,18.400000000000002
Drue Tranquill,2024,1,0
Andrew Van Ginkel,2024,1,0
Blake Cashman,2024,1,0
Mike Jackson,2024,1,0
Byron Cowart,2024,1,0
Jake Bailey,2024,1,0
Gardner Minshew,2024,1,11.78
David Long Jr.,2024,1,0
Scott Miller,2024,1,0
Donovan Wilson,2024,1,0
Myles Gaskin,2024,1,-0.30000000000000004
Kaden Elliss,2024,1,0
Trenton Irwin,2024,1,1.6
Tyrel Dodson,2024,1,0
Cam Lewis,2024,1,0
Chase McLaughlin,2024,1,15
T.J. Edwards,2024,1,0
Carl Granderson,2024,1,0
Lil'Jordan Humphrey,2024,1,0
Shy Tuttle,2024,1,0
Greg Dortch,2024,1,11.100000000000001
Devin Bush,2024,1,0
Darius Slayton,2024,1,5.6
Ty Johnson,2024,1,0.7000000000000001
Garrett Bradbury,2024,1,0
Travis Homer,2024,1,1
Troy Reeder,2024,1,0
Juan Thornhill,2024,1,0
Chris Lindstrom,2024,1,0
Amani Hooker,2024,1,0
DK Metcalf,2024,1,5.9
Josh Hines-Allen,2024,1,0
Jeffery Simmons,2024,1,0
Noah Fant,2024,1,3.1
Montez Sweat,2024,1,0
Will Harris,2024,1,0
Terry McLaurin,2024,1,3.7
Taylor Rapp,2024,1,0
Greg Gaines,2024,1,0
Nick Scott,2024,1,0
Cody Barton,2024,1,0
Jerry Tillery,2024,1,0
A.J. Brown,2024,1,22.9
Dre'Mont Jones,2024,1,0
Quincy Williams,2024,1,0
Dexter Lawrence,2024,1,0
David Montgomery,2024,1,16.3
Bobby Okereke,2024,1,0
Dawson Knox,2024,1,3.3000000000000003
Clelin Ferrell,2024,1,0
Germaine Pratt,2024,1,0
Jamel Dean,2024,1,0
Josh Jacobs,2024,1,11.4
Jalen Thompson,2024,1,0
Oshane Ximines,2024,1,0
Daniel Jones,2024,1,6.94
Brian Burns,2024,1,0
Nick Bosa,2024,1,0
Quinnen Williams,2024,1,0
Deebo Samuel Sr.,2024,1,18.700000000000003
Malcolm Roach,2024,1,0
JaMycal Hasty,2024,1,0
Chris Williams,2024,1,0
Blake Gillikin,2024,1,0
Tommy Townsend,2024,1,0
Tershawn Wharton,2024,1,0
Michael Hoecht,2024,1,0
Christian Rozeboom,2024,1,0
Krys Barnes,2024,1,0
Juwan Johnson,2024,1,10.6
Broderick Washington,2024,1,0
Myles Bryant,2024,1,0
Khalil Dorsey,2024,1,0
Nnamdi Madubuike,2024,1,0
Rico Dowdle,2024,1,4.2
Bryce Huff,2024,1,0
Kristian Welch,2024,1,0
J.K. Dobbins,2024,1,22.9
Joshua Uche,2024,1,0
Tyler Bass,2024,1,10
Nick Westbrook-Ikhine,2024,1,0
A.J. Epenesa,2024,1,0
Anfernee Jennings,2024,1,0
Gabe Davis,2024,1,9.2
Geno Stone,2024,1,0
Tua Tagovailoa,2024,1,18.62
Raekwon Davis,2024,1,0
Derrick Brown,2024,1,0
Brandon Jones,2024,1,0
Jonathan Taylor,2024,1,10.8
Jonathan Greenard,2024,1,0
Kyle Dugger,2024,1,0
Colby Parkinson,2024,1,8.7
Zack Moss,2024,1,14.100000000000001
Michael Pittman Jr.,2024,1,7.1
Julian Blackmon,2024,1,0
Colton McKivitz,2024,1,0
Jauan Jennings,2024,1,11.4
Javon Kinlaw,2024,1,0
Brandon Aiyuk,2024,1,4.800000000000001
DaVon Hamilton,2024,1,0
Jordan Love,2024,1,17.4
Jordan Elliott,2024,1,0
Laviska Shenault Jr.,2024,1,1.1
D'Andre Swift,2024,1,3
Malik Harrison,2024,1,0
Grant Delpit,2024,1,0
A.J. Terrell,2024,1,0
Noah Igbinoghene,2024,1,0
Cole Kmet,2024,1,1.4
Jaylon Johnson,2024,1,0
Jeremy Chinn,2024,1,0
Logan Wilson,2024,1,0
Akeem Davis-Gaither,2024,1,0
Mykal Walker,2024,1,0
Jaylinn Hawkins,2024,1,0
Darnell Mooney,2024,1,2.5
Braden Mann,2024,1,0
Chase Young,2024,1,0
Justin Jefferson,2024,1,15.9
Patrick Queen,2024,1,0
Robert Hunt,2024,1,0
Antonio Gibson,2024,1,1.8
Ashtyn Davis,2024,1,0
Devin Duvernay,2024,1,0.30000000000000004
Alex Highsmith,2024,1,0
Troy Dye,2024,1,0
K.J. Osborn,2024,1,5.1
Blake Brandel,2024,1,0
Josh Metellus,2024,1,0
Kam Curl,2024,1,0
James Smith-Williams,2024,1,0
Justin Herbert,2024,1,10.36
CeeDee Lamb,2024,1,13.600000000000001
Trevon Diggs,2024,1,0
Willie Gay Jr.,2024,1,0
Neville Gallimore,2024,1,0
L'Jarius Sneed,2024,1,0
Amik Robertson,2024,1,0
Tyler Biadasz,2024,1,0
Michael Danna,2024,1,0
Alohi Gilman,2024,1,0
Xavier McKinney,2024,1,0
Jalen Hurts,2024,1,17.42
K'Von Wallace,2024,1,0
Casey Toohill,2024,1,0
Jerry Jeudy,2024,1,11.5
Jordyn Brooks,2024,1,0
Antoine Winfield Jr.,2024,1,0
Darrell Taylor,2024,1,0
Van Jefferson,2024,1,1.1
Kristian Fulton,2024,1,0
Zack Baun,2024,1,0
Adam Trautman,2024,1,0
DeeJay Dallas,2024,1,6
Tyler Johnson,2024,1,12.9
Justin Strnad,2024,1,0
Charlie Woerner,2024,1,1.4
Khalil Davis,2024,1,0
Jordan Fuller,2024,1,0
"Kenneth Murray, Jr.",2024,1,0
Joe Burrow,2024,1,7.0600000000000005
Kwity Paye,2024,1,0
Dayo Odeyingbo,2024,1,0
Tim Jones,2024,1,0
Jamien Sherwood,2024,1,0
Michael Carter II,2024,1,0
Jason Pinnock,2024,1,0
DJ Turner,2024,1,1.9
Rashod Bateman,2024,1,7.300000000000001
Azeez Ojulari,2024,1,0
Nico Collins,2024,1,17.700000000000003
Chuba Hubbard,2024,1,1.4000000000000001
Brevin Jordan,2024,1,1.3
Deommodore Lenoir,2024,1,0
Roy Lopez,2024,1,0
Ar'Darius Washington,2024,1,0
Nick McCloud,2024,1,0
Quintin Morris,2024,1,0
Robert Jones,2024,1,0
Jaylen Waddle,2024,1,16.2
Jamin Davis,2024,1,0
Christian Darrisaw,2024,1,0
Asante Samuel Jr.,2024,1,0
Nick Bolton,2024,1,0
Alim McNeill,2024,1,0
Benjamin St-Juste,2024,1,0
John Bates,2024,1,0
Camryn Bynum,2024,1,0
Tony Fields II,2024,1,0
Noah Gray,2024,1,6.7
Tedarrell Slaton,2024,1,0
K.J. Britt,2024,1,0
Stone Forsythe,2024,1,0
Isaiah McDuffie,2024,1,0
Israel Mukuamu,2024,1,0
Zayne Anderson,2024,1,0
Charles Snowden,2024,1,0
Amen Ogbongbemiga,2024,1,0
Curtis Robinson,2024,1,0
Brock Wright,2024,1,1.2
Jon Rhattigan,2024,1,0
Feleipe Franks,2024,1,0
Evan McPherson,2024,1,6
James Hudson,2024,1,0
Nate Hobbs,2024,1,0
Pat Surtain II,2024,1,0
Rhamondre Stevenson,2024,1,20.6
Kylen Granson,2024,1,0
Jaelon Darden,2024,1,0
Jay Tufele,2024,1,0
Marco Wilson,2024,1,0
Tre Brown,2024,1,0
Luke Farrell,2024,1,0
Damar Hamlin,2024,1,0
Najee Harris,2024,1,8.9
Pat Freiermuth,2024,1,6.7
Ja'Marr Chase,2024,1,12.2
Eric Stokes,2024,1,0
Joseph Ossai,2024,1,0
Bobby Brown III,2024,1,0
Khalil Herbert,2024,1,0.4
Khyiris Tonga,2024,1,0
DeVonta Smith,2024,1,15.4
Greg Rousseau,2024,1,0
Jeremiah Owusu-Koramoah,2024,1,0
Milton Williams,2024,1,0
Kenneth Gainwell,2024,1,2.2
Payton Turner,2024,1,0
Pete Werner,2024,1,0
Kyle Trask,2024,1,-0.2
Micah Parsons,2024,1,0
Zaven Collins,2024,1,0
Jaelan Phillips,2024,1,0
Paulson Adebo,2024,1,0
Odafe Oweh,2024,1,0
Andre Cisco,2024,1,0
Osa Odighizuwa,2024,1,0
Jaycee Horn,2024,1,0
Justin Fields,2024,1,10.940000000000001
Ta'Quon Graham,2024,1,0
Avery Williams,2024,1,0
Jonathon Cooper,2024,1,0
Teven Jenkins,2024,1,0
Levi Onwuzurike,2024,1,0
Drew Dalman,2024,1,0
Tre'von Moehrig,2024,1,0
Amon-Ra St. Brown,2024,1,4.3
Derrick Barnes,2024,1,0
Joe Tryon-Shoyinka,2024,1,0
Kyle Pitts,2024,1,11.6
Trevor Lawrence,2024,1,11.280000000000001
Travis Etienne,2024,1,11.9
Tyson Campbell,2024,1,0
Spencer Brown,2024,1,0
Elijah Moore,2024,1,3.9
Chauncey Golston,2024,1,0
Brandon Stephens,2024,1,0
Joshua Palmer,2024,1,3.5
Divine Deablo,2024,1,0
Elijah Molden,2024,1,0
Ernest Jones,2024,1,0
Baron Browning,2024,1,0
Greg Newsome II,2024,1,0
Javonte Williams,2024,1,3.3000000000000003
Jevon Holland,2024,1,0
Chazz Surratt,2024,1,0
Patrick Jones II,2024,1,0
Dee Alford,2024,1,0
Quay Walker,2024,1,0
Devonte Wyatt,2024,1,0
Riq Woolen,2024,1,0
Braxton Jones,2024,1,0
Grant Calcaterra,2024,1,2.1
Bo Melton,2024,1,0
Dareke Young,2024,1,0
Elijah Hicks,2024,1,0
Jaylon Jones,2024,1,0
Josh Blackwell,2024,1,0
Reed Blankenship,2024,1,0
Britain Covey,2024,1,0
Tony Adams,2024,1,0
Josh Ross,2024,1,0
Sauce Gardner,2024,1,0
Trent McDuffie,2024,1,0
George Karlaftis,2024,1,0
Bryan Cook,2024,1,0
Jaylen Watson,2024,1,0
Rasheed Walker,2024,1,0
Isiah Pacheco,2024,1,15.8
Nazeeh Johnson,2024,1,0
Brenden Schooler,2024,1,0
Jack Cochrane,2024,1,0
Cameron Dicker,2024,1,12
Jaylen Warren,2024,1,4
Ikem Ekwonu,2024,1,0
Travon Walker,2024,1,0
Aidan Hutchinson,2024,1,0
Derek Stingley Jr.,2024,1,0
Drake London,2024,1,3.5
Chris Olave,2024,1,3.1
Jameson Williams,2024,1,24.400000000000002
Trevor Penning,2024,1,0
Devin Lloyd,2024,1,0
Jalen Pitre,2024,1,0
George Pickens,2024,1,13.5
James Cook,2024,1,13.3
Nik Bonitto,2024,1,0
Martin Emerson,2024,1,0
Alex Wright,2024,1,0
Greg Dulcich,2024,1,3.2
Marcus Jones,2024,1,0
Terrel Bernard,2024,1,0
Dylan Parham,2024,1,0
Rachaad White,2024,1,16.6
Dameon Pierce,2024,1,1.6
Khalil Shakir,2024,1,13.2
Thomas Booker,2024,1,0
Tyler Allgeier,2024,1,2.1
Jerome Ford,2024,1,18.9
Zyon McCollum,2024,1,0
Otito Ogbonnia,2024,1,0
Ty Chandler,2024,1,7.2
Damone Clark,2024,1,0
Matt Araiza,2024,1,0
Vederian Lowe,2024,1,0
Christian Benford,2024,1,0
Malcolm Rodriguez,2024,1,0
Jalen Nailor,2024,1,9.1
Theo Jackson,2024,1,0
Ja'Sir Taylor,2024,1,0
Montaric Brown,2024,1,0
Mark Robinson,2024,1,0
Deane Leonard,2024,1,0
D'Anthony Bell,2024,1,0
Tanner Conner,2024,1,0
Kader Kohou,2024,1,0
Ben Stille,2024,1,0
Ja'Quan McMillian,2024,1,0
Trevor Denbow,2024,1,0
Cal Adomitis,2024,1,0
Raheem Blackshear,2024,1,0
Tyreik McAllister,2024,1,0
Jake Hansen,2024,1,0
J.J. Russell,2024,1,0
Mike Brown,2024,1,0
Ryan Wright,2024,1,0
Luke Masterson,2024,1,0
Jordan Mason,2024,1,22.200000000000003
Segun Olubi,2024,1,0
Rashid Shaheed,2024,1,16.3
Daniel Whelan,2024,1,0
Darrell Baker Jr.,2024,1,0
Ronnie Rivers,2024,1,1.6
Markquese Bell,2024,1,0
Juanyeh Thomas,2024,1,0
Nate Landman,2024,1,0
Julius Chestnut,2024,1,0
Jack Gibbens,2024,1,0
Sam Okuayinonu,2024,1,0
Jayden Peevy,2024,1,0
Ryan Stonehouse,2024,1,0
Kayvon Thibodeaux,2024,1,0
Kenyon Green,2024,1,0
Nakobe Dean,2024,1,0
Nick Cross,2024,1,0
Mike Greene,2024,1,0
Ja'Marcus Ingram,2024,1,0
C.J. Brewer,2024,1,0
Jermaine Johnson II,2024,1,0
Alec Pierce,2024,1,21.5
Jalen Tolbert,2024,1,2.2
Kerby Joseph,2024,1,0
Brandon Aubrey,2024,1,21
Jeremiah Pharms Jr.,2024,1,0
Garrett Wilson,2024,1,12
Jahan Dotson,2024,1,0
Treylon Burks,2024,1,1.3
Daxton Hill,2024,1,0
Trey McBride,2024,1,8
Velus Jones Jr.,2024,1,2.9000000000000004
Brian Robinson Jr.,2024,1,17.9
Cam Taylor-Britt,2024,1,0
Nicholas Petit-Frere,2024,1,0
Travis Jones,2024,1,0
Cordale Flott,2024,1,0
DeMarvin Leal,2024,1,0
KaVontae Turpin,2024,1,6
Zachary Carter,2024,1,0
DeAngelo Malone,2024,1,0
Chigoziem Okonkwo,2024,1,9.5
Troy Andersen,2024,1,0
Chad Muma,2024,1,0
Romeo Doubs,2024,1,9
Zach Tom,2024,1,0
Leo Chenal,2024,1,0
Tyler Linderbaum,2024,1,0
Brock Purdy,2024,1,10.34
Luke Goedeke,2024,1,0
Calvin Austin III,2024,1,1.7000000000000002
Isaiah Likely,2024,1,26.1
Cobie Durant,2024,1,0
Kyren Williams,2024,1,14.4
Quentin Lake,2024,1,0
Daniel Hardy,2024,1,0
A.J. Arcuri,2024,1,0
Kyle Hamilton,2024,1,0
Jack Jones,2024,1,0
Zamir White,2024,1,4.6000000000000005
Jake Ferguson,2024,1,4.5
Jake Camarda,2024,1,0
Joshua Williams,2024,1,0
Jordan Stout,2024,1,0
Cade York,2024,1,0
Pierre Strong Jr.,2024,1,5
Phidarian Mathis,2024,1,0
Percy Butler,2024,1,0
Tyquan Thornton,2024,1,4.7
Micheal Clemons,2024,1,0
Kyler Gordon,2024,1,0
Daniel Bellinger,2024,1,1.3
Arnold Ebiketie,2024,1,0
Wan'Dale Robinson,2024,1,11.8
Jalyn Armour-Davis,2024,1,0
Breece Hall,2024,1,18.299999999999997
Alontae Taylor,2024,1,0
Dane Belton,2024,1,0
Christian Watson,2024,1,10.3
Roger McCreary,2024,1,0
Malik Willis,2024,1,0
Cade Otton,2024,1,1.5
Boye Mafe,2024,1,0
Kenneth Walker III,2024,1,18.900000000000002
Jaquan Brisker,2024,1,0
Coby Bryant,2024,1,0
David Ojabo,2024,1,0
Jalen Carter,2024,1,0
Dontayvion Wicks,2024,1,0
Eric Gray,2024,1,2.5
Karl Brooks,2024,1,0
Jaylon Jones,2024,1,0
Moro Ojomo,2024,1,0
Brady Russell,2024,1,0
Claudin Cherelus,2024,1,0
Xavier Gipson,2024,1,0
Trenton Simpson,2024,1,0
Jordon Riley,2024,1,0
DJ Johnson,2024,1,0
Bijan Robinson,2024,1,16.1
Jaxon Smith-Njigba,2024,1,3.9000000000000004
Quentin Johnston,2024,1,6.800000000000001
O'Cyrus Torrence,2024,1,0
DJ Turner II,2024,1,0
Riley Moss,2024,1,0
Daiyan Henley,2024,1,0
Ji'Ayir Brown,2024,1,0
Tank Bigsby,2024,1,7.300000000000001
DeMarvion Overshown,2024,1,0
Dorian Williams,2024,1,0
Darnell Washington,2024,1,1.5
Michael Wilson,2024,1,7.5
Jake Moody,2024,1,26
Tre Tucker,2024,1,4.2
Clark Phillips III,2024,1,0
Ventrell Miller,2024,1,0
Derius Davis,2024,1,0.9
Charlie Jones,2024,1,1.5
Nick Herbig,2024,1,0
Jay Ward,2024,1,0
Yasir Abdullah,2024,1,0
Jordan Howden,2024,1,0
Mike Morris,2024,1,0
Antonio Johnson,2024,1,0
Chase Brown,2024,1,5.3
Henry To'oTo'o,2024,1,0
Owen Pappoe,2024,1,0
Robert Beal Jr.,2024,1,0
JL Skinner,2024,1,0
Parker Washington,2024,1,1.3
Bryce Baringer,2024,1,0
Scott Matlock,2024,1,0
Amari Burney,2024,1,0
Xavier Hutchinson,2024,1,1.3
Andrei Iosivas,2024,1,5.6
DeMario Douglas,2024,1,3.2
Deuce Vaughn,2024,1,0.4
Jalen Brooks,2024,1,2.8
Spencer Anderson,2024,1,0
Chris Smith,2024,1,0
Starling Thomas V,2024,1,0
Jordan Mims,2024,1,1.1
Emari Demercado,2024,1,4.6
Mohamoud Diabate,2024,1,0
Julian Hill,2024,1,1.6
Hunter Luepke,2024,1,3.8
Tyrus Wheat,2024,1,0
Eku Leota,2024,1,0
Jaleel McLaughlin,2024,1,5.8
Emanuel Wilson,2024,1,6.800000000000001
Ivan Pace Jr.,2024,1,0
Christian Izien,2024,1,0
Caleb Murphy,2024,1,0
Blake Grupe,2024,1,22
Anfernee Orji,2024,1,0
Drake Thomas,2024,1,0
Dalton Kincaid,2024,1,2.1
Anton Harrison,2024,1,0
Jalin Hyatt,2024,1,0
Sean Tucker,2024,1,0
Marvin Mims Jr.,2024,1,0
Tank Dell,2024,1,8.9
Cedric Tillman,2024,1,1.3
Zach Harrison,2024,1,0
Chamarri Conner,2024,1,0
Kei'Trel Clark,2024,1,0
Keondre Coburn,2024,1,0
Jordan Addison,2024,1,6.5
Tucker Kraft,2024,1,5.7
Jake Haener,2024,1,0
Deonte Banks,2024,1,0
Felix Anudike-Uzomah,2024,1,0
Garrett Williams,2024,1,0
Nolan Smith,2024,1,0
Dawand Jones,2024,1,0
Jack Campbell,2024,1,0
Anthony Bradford,2024,1,0
Tyjae Spears,2024,1,7.199999999999999
Peter Skoronski,2024,1,0
De'Von Achane,2024,1,23
Elijah Higgins,2024,1,3.2
Derick Hall,2024,1,0
SirVocea Dennis,2024,1,0
Trey Palmer,2024,1,2.9000000000000004
Ethan Evans,2024,1,0
Jonathan Mingo,2024,1,4.3
Zay Flowers,2024,1,11.100000000000001
Sam LaPorta,2024,1,8.5
Michael Mayer,2024,1,2.3
Rashee Rice,2024,1,17.3
Gervon Dexter Sr.,2024,1,0
Tyrique Stevenson,2024,1,0
Jakorian Bennett,2024,1,0
Davis Allen,2024,1,0
Puka Nacua,2024,1,8.2
Nick Hampton,2024,1,0
Warren McClendon Jr.,2024,1,0
Will Anderson Jr.,2024,1,0
Keeanu Benton,2024,1,0
Lukas Van Ness,2024,1,0
Byron Young,2024,1,0
Kobie Turner,2024,1,0
Jahmyr Gibbs,2024,1,17.4
Kelee Ringo,2024,1,0
Brian Branch,2024,1,0
Will McDonald IV,2024,1,0
Isaiah Foskey,2024,1,0
Luke Musgrave,2024,1,0
Jayden Reed,2024,1,33.1
Christian Gonzalez,2024,1,0
Keion White,2024,1,0
Quan Martin,2024,1,0
Bryce Young,2024,1,11.64
Emmanuel Forbes,2024,1,0
Will Levis,2024,1,8.68
Julius Brents,2024,1,0
C.J. Stroud,2024,1,18.66
Anthony Richardson,2024,1,27.080000000000002
Zach Charbonnet,2024,1,12.100000000000001
Joey Porter Jr.,2024,1,0
Devon Witherspoon,2024,1,0
Jake Bates,2024,1,8
Nate Wiggins,2024,1,0
Johnny Wilson,2024,1,0
Braiden McGregor,2024,1,0
Dee Williams,2024,1,0
Byron Murphy II,2024,1,0
Ryan Rehkow,2024,1,0
Carson Steele,2024,1,0.30000000000000004
Brandon Codrington,2024,1,0
Malik Nabers,2024,1,11.600000000000001
Brock Bowers,2024,1,11.8
Taliese Fuaga,2024,1,0
Tyler Guyton,2024,1,0
Xavier Legette,2024,1,7.5
Kamari Lassiter,2024,1,0
Renardo Green,2024,1,0
Junior Colson,2024,1,0
Trevin Wallace,2024,1,0
Marist Liufau,2024,1,0
Jarrian Jones,2024,1,0
Luke McCaffrey,2024,1,4.8
Ja'Tavion Sanders,2024,1,1.4
Malik Mustapha,2024,1,0
Bucky Irving,2024,1,9.6
Isaac Guerendo,2024,1,0
Jacob Cowing,2024,1,0
JD Bertrand,2024,1,0
Jarvis Brownlee Jr.,2024,1,0
Audric Estimé,2024,1,0.40000000000000013
Chau Smith-Wade,2024,1,0
Tyrone Tracy Jr.,2024,1,1.7
Bub Means,2024,1,0
Caelen Carson,2024,1,0
Jha'Quan Jackson,2024,1,0
Mekhi Wingo,2024,1,0
Khristian Boyd,2024,1,0
Will Reichard,2024,1,4
Cam Little,2024,1,7
Javontae Jean-Baptiste,2024,1,0
Devaughn Vele,2024,1,11.9
Jaylen Harrell,2024,1,0
Beanie Bishop Jr.,2024,1,0
Storm Duck,2024,1,0
Spencer Shrader,2024,1,3
Kameron Johnson,2024,1,0
British Brooks,2024,1,0
Matthew Hayball,2024,1,0
Rico Payton,2024,1,0
Mason Tipton,2024,1,1.6
Brayden Narveson,2024,1,10
Dell Pettus,2024,1,0
JC Latham,2024,1,0
Bo Nix,2024,1,13.02
Braden Fiske,2024,1,0
Blake Corum,2024,1,0
Payton Wilson,2024,1,0
Tory Taylor,2024,1,0
Will Shipley,2024,1,0
Tyler Davis,2024,1,0
Joshua Karty,2024,1,9
Jordan Whittington,2024,1,0
Elijah Chatman,2024,1,0
Braelon Allen,2024,1,2.7
Max Melton,2024,1,0
Anthony Gould,2024,1,0
Andru Phillips,2024,1,0
Darius Muasau,2024,1,0
Kamren Kinchens,2024,1,0
Calen Bullock,2024,1,0
Kingsley Suamataia,2024,1,0
Tykee Smith,2024,1,0
Theo Johnson,2024,1,2.8
Marvin Harrison Jr.,2024,1,1.4
Edgerrin Cooper,2024,1,0
Jared Verse,2024,1,0
Jalen McMillan,2024,1,10.2
Kool-Aid McKinstry,2024,1,0
Tyler Nubin,2024,1,0
Ennis Rakestraw Jr.,2024,1,0
Javon Bullard,2024,1,0
Ray Davis,2024,1,3.7
Quinyon Mitchell,2024,1,0
Adonai Mitchell,2024,1,1.2
Brian Thomas Jr.,2024,1,14.7
Xavier Worthy,2024,1,20.8
Mike Sainristil,2024,1,0
Marshawn Kneeland,2024,1,0
Keon Coleman,2024,1,9.100000000000001
Chris Braswell,2024,1,0
Terrion Arnold,2024,1,0
Ja'Lynn Polk,2024,1,1.6
Jayden Daniels,2024,1,25.16
Chop Robinson,2024,1,0
Ladd McConkey,2024,1,14.9
Caleb Williams,2024,1,7.220000000000001
Rome Odunze,2024,1,1.1
Trey Benson,2024,1,2.8
Dallas Turner,2024,1,0
NA,2024,1,0
Aaron Rodgers,2024,2,15.139999999999999
Matt Prater,2024,2,14
Marcedes Lewis,2024,2,0
Nick Folk,2024,2,6
Calais Campbell,2024,2,0
Matthew Stafford,2024,2,6.640000000000001
Graham Gano,2024,2,0
Thomas Morstead,2024,2,0
Trent Williams,2024,2,0
Brandon Graham,2024,2,0
Linval Joseph,2024,2,0
Von Miller,2024,2,0
Cameron Jordan,2024,2,0
Cameron Heyward,2024,2,0
Nick Bellore,2024,2,0
Johnny Hekker,2024,2,0
Rodney McLeod Jr.,2024,2,0
Bobby Wagner,2024,2,0
Kelvin Beachum,2024,2,0
Stephon Gilmore,2024,2,0
Lavonte David,2024,2,0
Justin Tucker,2024,2,12
Kirk Cousins,2024,2,16.54
Harrison Smith,2024,2,0
Demario Davis,2024,2,0
Greg Zuerlein,2024,2,6
Bryan Anger,2024,2,0
Kyle Juszczyk,2024,2,4.9
Adam Thielen,2024,2,4
Zach Ertz,2024,2,10.2
Darius Slay,2024,2,0
Johnathan Hankins,2024,2,0
Terron Armstead,2024,2,0
John Jenkins,2024,2,0
Sam Martin,2024,2,0
Dustin Hopkins,2024,2,13
Jordan Poyer,2024,2,0
William Gholston,2024,2,0
Robert Woods,2024,2,0
Tyrann Mathieu,2024,2,0
Travis Kelce,2024,2,1.6
Lane Johnson,2024,2,0
DeAndre Hopkins,2024,2,1.9
Geno Smith,2024,2,17.88
Cordarrelle Patterson,2024,2,0.30000000000000004
Cornelius Lucas,2024,2,0
Khalil Mack,2024,2,0
DaQuan Jones,2024,2,0
Chris Boswell,2024,2,9
Brent Urban,2024,2,0
Cairo Santos,2024,2,11
Brandin Cooks,2024,2,3.6
Shelby Harris,2024,2,0
Derek Carr,2024,2,22.82
C.J. Mosley,2024,2,0
Jimmie Ward,2024,2,0
Kyle Van Noy,2024,2,0
Jadeveon Clowney,2024,2,0
Davante Adams,2024,2,26
Mike Evans,2024,2,7.2
DeMarcus Lawrence,2024,2,0
Joel Bitonio,2024,2,0
Chris Manhertz,2024,2,0
Jason Myers,2024,2,12
Jameis Winston,2024,2,0.4
Amari Cooper,2024,2,4.1
Nelson Agholor,2024,2,2.3
Shaq Thompson,2024,2,0
Eddie Goldman,2024,2,0
Eric Kendricks,2024,2,0
Danielle Hunter,2024,2,0
Grady Jarrett,2024,2,0
MyCole Pruitt,2024,2,0
Stefon Diggs,2024,2,7.7
Michael Burton,2024,2,1.1
Quandre Diggs,2024,2,0
Eric Tomlinson,2024,2,0
Neville Hewitt,2024,2,0
DeAndre Carter,2024,2,6.2
Troy Hill,2024,2,0
Alex Singleton,2024,2,0
Leonard Williams,2024,2,0
Preston Smith,2024,2,0
Rakeem Nunez-Roches,2024,2,0
Dante Fowler Jr.,2024,2,0
Bradley Pinion,2024,2,0
Trent Brown,2024,2,0
Denzel Perryman,2024,2,0
Ameer Abdullah,2024,2,2.2
Chris Conley,2024,2,1.4
Jordan Hicks,2024,2,0
Bud Dupree,2024,2,0
Arik Armstead,2024,2,0
Ronald Darby,2024,2,0
Tyler Lockett,2024,2,3.5
Joe Cardona,2024,2,0
Mario Edwards,2024,2,0
Tyler Matakevich,2024,2,0
DeForest Buckner,2024,2,0
Laremy Tunsil,2024,2,0
Jarran Reed,2024,2,0
Austin Hooper,2024,2,1.5
De'Vondre Campbell,2024,2,0
Matthew Judon,2024,2,0
Quinton Jefferson,2024,2,0
DJ Reader,2024,2,0
Elandon Roberts,2024,2,0
Kalif Raymond,2024,2,5.7
Mike Hilton,2024,2,0
Wil Lutz,2024,2,6
Michael Pierce,2024,2,0
Jonathan Jones,2024,2,0
Roy Robertson-Harris,2024,2,0
Robbie Chosen,2024,2,1.5
Ka'imi Fairbairn,2024,2,20
Sheldon Rankins,2024,2,0
Chris Jones,2024,2,0
Austin Johnson,2024,2,0
Derrick Henry,2024,2,16.6
Demarcus Robinson,2024,2,7
A'Shawn Robinson,2024,2,0
C.J. Ham,2024,2,0
Vonn Bell,2024,2,0
Riley Dixon,2024,2,0
Ronnie Stanley,2024,2,0
Justin Simmons,2024,2,0
Tyler Boyd,2024,2,4.6
Eric Murray,2024,2,0
Tyreek Hill,2024,2,6.6000000000000005
Ezekiel Elliott,2024,2,5.2
Jihad Ward,2024,2,0
David Onyemata,2024,2,0
Jalen Ramsey,2024,2,0
Andrew Billings,2024,2,0
Emmanuel Ogbah,2024,2,0
Dak Prescott,2024,2,13.920000000000002
Kendall Fuller,2024,2,0
Hunter Henry,2024,2,18.9
Jonathan Bullard,2024,2,0
Jared Goff,2024,2,10.780000000000001
Javon Hargrave,2024,2,0
Jacoby Brissett,2024,2,10.56
Kenny Clark,2024,2,0
Maliek Collins,2024,2,0
Kevin Byard,2024,2,0
Joey Bosa,2024,2,0
Mo Alie-Cox,2024,2,3.2
Johnny Mundt,2024,2,3.2
Rigoberto Sanchez,2024,2,0
Marlon Humphrey,2024,2,0
Curtis Samuel,2024,2,1.3
George Kittle,2024,2,20.6
Aaron Jones,2024,2,9.799999999999999
Chuck Clark,2024,2,0
D.J. Jones,2024,2,0
Harrison Butker,2024,2,10
Eric Wilson,2024,2,0
Taysom Hill,2024,2,2.9
Tim Patrick,2024,2,3.2
Patrick Ricard,2024,2,0
Adam Butler,2024,2,0
Kenny Moore II,2024,2,0
Raekwon McMillan,2024,2,0
Damontae Kazee,2024,2,0
Jonathan Allen,2024,2,0
Kevin King,2024,2,0
Samaje Perine,2024,2,1.3
Mike Williams,2024,2,2.9000000000000004
Deshaun Watson,2024,2,15.440000000000001
Garett Bolles,2024,2,0
Takk McKinley,2024,2,0
Dalvin Tomlinson,2024,2,0
Chidobe Awuzie,2024,2,0
Rasul Douglas,2024,2,0
James Conner,2024,2,18.400000000000002
Mack Hollins,2024,2,0
Anthony Walker,2024,2,0
Eric Saubert,2024,2,4.6
Xavier Woods,2024,2,0
Jeremiah Ledbetter,2024,2,0
David Moore,2024,2,0
Noah Brown,2024,2,8.600000000000001
Cooper Rush,2024,2,0.24
Michael Davis,2024,2,0
Austin Ekeler,2024,2,11.5
Younghoe Koo,2024,2,10
DeMarcus Walker,2024,2,0
Eddie Jackson,2024,2,0
Jake Elliott,2024,2,7
Dare Ogunbowale,2024,2,4.3
Jonnu Smith,2024,2,11.3
Davon Godchaux,2024,2,0
Myles Garrett,2024,2,0
Mitchell Trubisky,2024,2,-0.2
Solomon Thomas,2024,2,0
Jamal Adams,2024,2,0
Patrick Mahomes,2024,2,14.94
Derek Barnett,2024,2,0
Malik Hooker,2024,2,0
Adoree' Jackson,2024,2,0
Jabrill Peppers,2024,2,0
Tre'Davious White,2024,2,0
T.J. Watt,2024,2,0
Budda Baker,2024,2,0
Marcus Maye,2024,2,0
Marcus Williams,2024,2,0
Gerald Everett,2024,2,2.1
Joe Mixon,2024,2,8
Ethan Pocic,2024,2,0
Larry Ogunjobi,2024,2,0
Alvin Kamara,2024,2,44
Cooper Kupp,2024,2,7.7
Alex Anzalone,2024,2,0
Chris Godwin Jr.,2024,2,24.700000000000003
D'Onta Foreman,2024,2,5.1000000000000005
John Johnson,2024,2,0
Jourdan Lewis,2024,2,0
Montravius Adams,2024,2,0
Trey Hendrickson,2024,2,0
Rayshawn Jenkins,2024,2,0
Josh Reynolds,2024,2,13.3
Deatrich Wise,2024,2,0
Jamaal Williams,2024,2,3.9000000000000004
Grover Stewart,2024,2,0
Scott Daly,2024,2,0
George Odum,2024,2,0
Jeff Wilson Jr.,2024,2,3.2
J.T. Gray,2024,2,0
Will Dissly,2024,2,5.9
Michael Dickson,2024,2,0
Daniel Carlson,2024,2,18
J.K. Scott,2024,2,0
Eddy Pineiro,2024,2,3
Gus Edwards,2024,2,5.9
Poona Ford,2024,2,0
Elijah Campbell,2024,2,0
Daniel Ekuale,2024,2,0
Jalyn Holmes,2024,2,0
Tyler Conklin,2024,2,2
Marquez Valdes-Scantling,2024,2,0
Foley Fatukasi,2024,2,0
DeShon Elliott,2024,2,0
Zach Sieler,2024,2,0
Frankie Luvu,2024,2,0
Quenton Nelson,2024,2,0
Frank Ragnow,2024,2,0
Will Hernandez,2024,2,0
Courtland Sutton,2024,2,3.6
Dallas Goedert,2024,2,6.800000000000001
Donte Jackson,2024,2,0
Isaiah Oliver,2024,2,0
Tyquan Lewis,2024,2,0
Justin Reid,2024,2,0
Jordan Akins,2024,2,2
Josey Jewell,2024,2,0
Da'Shawn Hand,2024,2,0
Dorance Armstrong,2024,2,0
Jordan Whitehead,2024,2,0
Kyzir White,2024,2,0
Avonte Maddox,2024,2,0
Josh Sweat,2024,2,0
Dalton Schultz,2024,2,4.1
Justin Watson,2024,2,4.2
Bilal Nichols,2024,2,0
Wyatt Teller,2024,2,0
Ray-Ray McCloud,2024,2,7.5
Foye Oluokun,2024,2,0
Cedrick Wilson Jr.,2024,2,0
Braxton Berrios,2024,2,0
Zaire Franklin,2024,2,0
Logan Cooke,2024,2,0
Dennis Gardeck,2024,2,0
Jonathan Owens,2024,2,0
Trent Sherfield,2024,2,2.7
Tavierre Thomas,2024,2,0
Levi Wallace,2024,2,0
Allen Lazard,2024,2,3.1
Charvarius Ward,2024,2,0
Mike Ford,2024,2,0
Brandon Powell,2024,2,3.6
Tremaine Edmunds,2024,2,0
Jessie Bates,2024,2,0
Justin Jones,2024,2,0
Robert Spillane,2024,2,0
Corey Bojorquez,2024,2,0
Nick Thurman,2024,2,0
Jaire Alexander,2024,2,0
Orlando Brown,2024,2,0
Mark Andrews,2024,2,9.100000000000001
Tre Flowers,2024,2,0
Kolton Miller,2024,2,0
Nathan Shepherd,2024,2,0
Vita Vea,2024,2,0
Christian Kirk,2024,2,0.9
Carlton Davis III,2024,2,0
Isaac Yiadom,2024,2,0
Harrison Phillips,2024,2,0
Chris Board,2024,2,0
Minkah Fitzpatrick,2024,2,0
Derwin James,2024,2,0
Jason Sanders,2024,2,4
Lamar Jackson,2024,2,17.380000000000003
Jerome Baker,2024,2,0
Durham Smythe,2024,2,1.8
B.J. Hill,2024,2,0
John Franklin-Myers,2024,2,0
Ogbo Okoronkwo,2024,2,0
John Kelly,2024,2,0
Sebastian Joseph-Day,2024,2,0
Fred Warner,2024,2,0
Derrick Nnadi,2024,2,0
Arden Key,2024,2,0
D.J. Moore,2024,2,11.3
Harold Landry III,2024,2,0
Mike Gesicki,2024,2,16.1
Hayden Hurst,2024,2,1.5
Sam Hubbard,2024,2,0
Calvin Ridley,2024,2,24.7
Taven Bryan,2024,2,0
Mike Hughes,2024,2,0
Saquon Barkley,2024,2,17.6
KhaDarel Hodge,2024,2,0
Baker Mayfield,2024,2,17.8
Denzel Ward,2024,2,0
Josh Allen,2024,2,9.76
Sam Darnold,2024,2,18.919999999999998
Roquan Smith,2024,2,0
Steven Sims,2024,2,0
Mitch Wishnowsky,2024,2,0
Jakobi Meyers,2024,2,6.9
Alexander Mattison,2024,2,6.1
Maxx Crosby,2024,2,0
Julian Love,2024,2,0
Justice Hill,2024,2,5.2
Foster Moreau,2024,2,0
E.J. Speed,2024,2,0
Justin Skule,2024,2,0
Ka'dar Hollman,2024,2,0
Marcus Epps,2024,2,0
Quinton Bell,2024,2,0
Jackson Barton,2024,2,0
Demetrius Flannigan-Fowles,2024,2,0
Ashton Dulin,2024,2,2.3
Kevin Givens,2024,2,0
Jamie Gillan,2024,2,-1
Alec Ingold,2024,2,0.2
Keisean Nixon,2024,2,0
Mecole Hardman,2024,2,0
Ugo Amadi,2024,2,0
Mack Wilson,2024,2,0
Austin Seibert,2024,2,22
Nick Allegretti,2024,2,0
Kris Boyd,2024,2,0
Jack Fox,2024,2,0.68
Azeez Al-Shaair,2024,2,0
AJ Cole,2024,2,0
Joey Slye,2024,2,8
Olamide Zaccheaus,2024,2,4.4
Deonte Harty,2024,2,0
Diontae Johnson,2024,2,4.5
P.J. Locke,2024,2,0
Kyler Murray,2024,2,28.54
Ed Oliver,2024,2,0
Christian Wilkins,2024,2,0
Tytus Howard,2024,2,0
Byron Murphy,2024,2,0
Sean Murphy-Bunting,2024,2,0
Jahlani Tavai,2024,2,0
Miles Sanders,2024,2,5.5
Lonnie Johnson,2024,2,0
Zach Allen,2024,2,0
Devin Singletary,2024,2,14.5
C.J. Gardner-Johnson,2024,2,0
Anthony Nelson,2024,2,0
Hjalte Froholdt,2024,2,0
Tony Pollard,2024,2,15.2
Drue Tranquill,2024,2,0
Mike Jordan,2024,2,0
Matt Gay,2024,2,3
Andrew Van Ginkel,2024,2,0
Blake Cashman,2024,2,0
Mike Jackson,2024,2,0
Jake Bailey,2024,2,0
Gardner Minshew,2024,2,12.940000000000001
Trayveon Williams,2024,2,0
David Long Jr.,2024,2,0
Donovan Wilson,2024,2,0
Kaden Elliss,2024,2,0
Trenton Irwin,2024,2,1.5
Tyrel Dodson,2024,2,0
Cam Lewis,2024,2,0
Chase McLaughlin,2024,2,10
T.J. Edwards,2024,2,0
Carl Granderson,2024,2,0
Lil'Jordan Humphrey,2024,2,9
Shy Tuttle,2024,2,0
Luke Gifford,2024,2,0
Greg Dortch,2024,2,3.1
Darius Slayton,2024,2,6.300000000000001
Ty Johnson,2024,2,4.2
Tom Kennedy,2024,2,0
Travis Homer,2024,2,0.6000000000000001
Troy Reeder,2024,2,0
D'Ernest Johnson,2024,2,2.6
Drew Sample,2024,2,4.800000000000001
Amani Hooker,2024,2,0
L.J. Collier,2024,2,0
DK Metcalf,2024,2,28.9
Josh Hines-Allen,2024,2,0
Jeffery Simmons,2024,2,0
Noah Fant,2024,2,2.4000000000000004
Montez Sweat,2024,2,0
Nate Davis,2024,2,0
Will Harris,2024,2,0
Terry McLaurin,2024,2,8.2
Taylor Rapp,2024,2,0
Greg Gaines,2024,2,0
Nick Scott,2024,2,0
Cody Barton,2024,2,0
Jerry Tillery,2024,2,0
Dre'Mont Jones,2024,2,0
Quincy Williams,2024,2,0
Dexter Lawrence,2024,2,0
David Montgomery,2024,2,17
Bobby Okereke,2024,2,0
Clelin Ferrell,2024,2,0
Germaine Pratt,2024,2,0
Jamel Dean,2024,2,0
Josh Jacobs,2024,2,13.100000000000001
Jalen Thompson,2024,2,0
Daniel Jones,2024,2,18.32
Brian Burns,2024,2,0
Nick Bosa,2024,2,0
Quinnen Williams,2024,2,0
Deebo Samuel Sr.,2024,2,18
Malcolm Roach,2024,2,0
JaMycal Hasty,2024,2,0.2
Corliss Waitman,2024,2,0
Blake Gillikin,2024,2,0
Tommy Townsend,2024,2,0
Tershawn Wharton,2024,2,0
Michael Hoecht,2024,2,0
Christian Rozeboom,2024,2,0
Jonah Williams,2024,2,0
Krys Barnes,2024,2,0
Broderick Washington,2024,2,0
Nnamdi Madubuike,2024,2,0
James Proche,2024,2,0
Rico Dowdle,2024,2,9.9
Kristian Welch,2024,2,0
J.K. Dobbins,2024,2,20.1
Joshua Uche,2024,2,0
Tyler Bass,2024,2,7
Teair Tart,2024,2,0
A.J. Epenesa,2024,2,0
Anfernee Jennings,2024,2,0
Gabe Davis,2024,2,7.3
Geno Stone,2024,2,0
Tua Tagovailoa,2024,2,8.5
Raekwon Davis,2024,2,0
Brandon Jones,2024,2,0
Jonathan Taylor,2024,2,14.5
Jonathan Greenard,2024,2,0
Kyle Dugger,2024,2,0
Harrison Bryant,2024,2,0
Shaquille Quarterman,2024,2,0
Colby Parkinson,2024,2,2.2
Austin Jackson,2024,2,0
Julian Okwara,2024,2,0
Zack Moss,2024,2,5.7
Michael Pittman Jr.,2024,2,5.1
Colton McKivitz,2024,2,0
Jauan Jennings,2024,2,5.7
Javon Kinlaw,2024,2,0
Brandon Aiyuk,2024,2,8.3
DaVon Hamilton,2024,2,0
Jordan Elliott,2024,2,0
Laviska Shenault Jr.,2024,2,1.6
D'Andre Swift,2024,2,8.2
Malik Harrison,2024,2,0
Grant Delpit,2024,2,0
A.J. Terrell,2024,2,0
Noah Igbinoghene,2024,2,0
Yetur Gross-Matos,2024,2,0
Cole Kmet,2024,2,6.7
Jaylon Johnson,2024,2,0
Jeremy Chinn,2024,2,0
Logan Wilson,2024,2,0
Akeem Davis-Gaither,2024,2,0
Mykal Walker,2024,2,0
Jaylinn Hawkins,2024,2,0
Daniel Thomas,2024,2,0
Darnell Mooney,2024,2,17.8
Braden Mann,2024,2,0
Chase Young,2024,2,0
Justin Jefferson,2024,2,23.3
Patrick Queen,2024,2,0
Antonio Gibson,2024,2,11.3
Devin Duvernay,2024,2,0.4
Alex Highsmith,2024,2,0
Khaleke Hudson,2024,2,0
K.J. Osborn,2024,2,1.7000000000000002
Blake Brandel,2024,2,0
Josh Metellus,2024,2,0
Kam Curl,2024,2,0
James Smith-Williams,2024,2,0
Justin Herbert,2024,2,12
Isaiah Simmons,2024,2,0
CeeDee Lamb,2024,2,19
Trevon Diggs,2024,2,0
Willie Gay Jr.,2024,2,0
Neville Gallimore,2024,2,0
L'Jarius Sneed,2024,2,0
Amik Robertson,2024,2,0
Michael Danna,2024,2,0
Xavier McKinney,2024,2,0
Jalen Hurts,2024,2,24.82
Lloyd Cushenberry III,2024,2,0
K'Von Wallace,2024,2,0
Casey Toohill,2024,2,0
Jerry Jeudy,2024,2,12.3
Cesar Ruiz,2024,2,0
Jordyn Brooks,2024,2,0
Darrell Taylor,2024,2,0
Cam Akers,2024,2,2.5
Van Jefferson,2024,2,3.4000000000000004
Kristian Fulton,2024,2,0
Zack Baun,2024,2,0
DeeJay Dallas,2024,2,0
Tyler Johnson,2024,2,4
Justin Strnad,2024,2,0
Jordan Fuller,2024,2,0
"Kenneth Murray, Jr.",2024,2,0
Joe Burrow,2024,2,16.22
Kwity Paye,2024,2,0
Dayo Odeyingbo,2024,2,0
Jamien Sherwood,2024,2,0
Michael Carter II,2024,2,0
Jason Pinnock,2024,2,0
Brandin Echols,2024,2,0
DJ Turner,2024,2,0.2
Rashod Bateman,2024,2,7
Aaron Banks,2024,2,0
Azeez Ojulari,2024,2,0
Nico Collins,2024,2,27.5
Chuba Hubbard,2024,2,11.600000000000001
Brevin Jordan,2024,2,1.4
Deommodore Lenoir,2024,2,0
Roy Lopez,2024,2,0
Ar'Darius Washington,2024,2,0
Jaylen Waddle,2024,2,8.5
Christian Darrisaw,2024,2,0
Asante Samuel Jr.,2024,2,0
Sam Cosmi,2024,2,0
Dillon Radunz,2024,2,0
Nick Bolton,2024,2,0
Josh Myers,2024,2,0
Alim McNeill,2024,2,0
Benjamin St-Juste,2024,2,0
Dyami Brown,2024,2,3.7
John Bates,2024,2,1.5
Camryn Bynum,2024,2,0
Tedarrell Slaton,2024,2,0
K.J. Britt,2024,2,0
Isaiah McDuffie,2024,2,0
Trey Smith,2024,2,0
Devon Key,2024,2,0
Caleb Johnson,2024,2,0
Sam Kamara,2024,2,0
Charles Snowden,2024,2,0
Amen Ogbongbemiga,2024,2,0
Adam Prentice,2024,2,0
Christian Elliss,2024,2,0
Feleipe Franks,2024,2,0
Isaiahh Loudermilk,2024,2,0
Tutu Atwell,2024,2,7.800000000000001
Evan McPherson,2024,2,15
Ben Skowronek,2024,2,0
James Hudson,2024,2,0
Dan Moore Jr.,2024,2,0
Nate Hobbs,2024,2,0
Pat Surtain II,2024,2,0
Rhamondre Stevenson,2024,2,16
Kylen Granson,2024,2,1.9
Janarius Robinson,2024,2,0
Jay Tufele,2024,2,0
Marco Wilson,2024,2,0
Tre Brown,2024,2,0
Luke Farrell,2024,2,3.3
Damar Hamlin,2024,2,0
Najee Harris,2024,2,8.4
Pat Freiermuth,2024,2,7.9
Victor Dimukeje,2024,2,0
Ja'Marr Chase,2024,2,7.5
Eric Stokes,2024,2,0
Joseph Ossai,2024,2,0
Bobby Brown III,2024,2,0
Khalil Herbert,2024,2,8.700000000000001
DeVonta Smith,2024,2,20.6
Greg Rousseau,2024,2,0
Jeremiah Owusu-Koramoah,2024,2,0
Milton Williams,2024,2,0
Kenneth Gainwell,2024,2,0.6000000000000001
Pete Werner,2024,2,0
Micah Parsons,2024,2,0
Zaven Collins,2024,2,0
Paulson Adebo,2024,2,0
Odafe Oweh,2024,2,0
Andre Cisco,2024,2,0
Osa Odighizuwa,2024,2,0
Jaycee Horn,2024,2,0
Justin Fields,2024,2,10.379999999999999
Ta'Quon Graham,2024,2,0
Avery Williams,2024,2,0
Jonathon Cooper,2024,2,0
Levi Onwuzurike,2024,2,0
Richie Grant,2024,2,0
Tre'von Moehrig,2024,2,0
Amon-Ra St. Brown,2024,2,22.9
Derrick Barnes,2024,2,0
Joe Tryon-Shoyinka,2024,2,0
Kyle Pitts,2024,2,5
Trevor Lawrence,2024,2,12.3
Travis Etienne,2024,2,14.799999999999999
Spencer Brown,2024,2,0
Elijah Moore,2024,2,10.4
Chauncey Golston,2024,2,0
Trey Sermon,2024,2,1.7000000000000002
Brandon Stephens,2024,2,0
Joshua Palmer,2024,2,3.9000000000000004
Divine Deablo,2024,2,0
Elijah Molden,2024,2,0
Ernest Jones,2024,2,0
Greg Newsome II,2024,2,0
Javonte Williams,2024,2,11.5
Jevon Holland,2024,2,0
Landon Dickerson,2024,2,0
Chazz Surratt,2024,2,0
Hunter Long,2024,2,0
Tommy Tremble,2024,2,5.300000000000001
Patrick Jones II,2024,2,0
Liam Eichenberg,2024,2,0
Dee Alford,2024,2,0
Jordan Davis,2024,2,0
Quay Walker,2024,2,0
Devonte Wyatt,2024,2,0
Riq Woolen,2024,2,0
Kingsley Enagbare,2024,2,0
Tyler Badie,2024,2,2.8000000000000003
Grant Calcaterra,2024,2,3.9000000000000004
Bo Melton,2024,2,0.8
Elijah Hicks,2024,2,0
Jaylon Jones,2024,2,0
Jack Sanborn,2024,2,0
Jake Tonges,2024,2,0
Tyler Goodson,2024,2,1.2
Josh Blackwell,2024,2,0
Reed Blankenship,2024,2,0
Britain Covey,2024,2,8.3
Tony Adams,2024,2,0
Irvin Charles,2024,2,0
Josh Ross,2024,2,0
Sauce Gardner,2024,2,0
Trent McDuffie,2024,2,0
George Karlaftis,2024,2,0
Bryan Cook,2024,2,0
Jaylen Watson,2024,2,0
Rasheed Walker,2024,2,0
Isiah Pacheco,2024,2,16.1
LaBryan Ray,2024,2,0
Cameron Dicker,2024,2,9
Jaylen Warren,2024,2,8.1
Ikem Ekwonu,2024,2,0
Travon Walker,2024,2,0
Aidan Hutchinson,2024,2,0
Derek Stingley Jr.,2024,2,0
Drake London,2024,2,17.4
Chris Olave,2024,2,12.8
Jameson Williams,2024,2,14.4
Trevor Penning,2024,2,0
Devin Lloyd,2024,2,0
Jalen Pitre,2024,2,0
George Pickens,2024,2,4.9
James Cook,2024,2,28.5
Nik Bonitto,2024,2,0
Martin Emerson,2024,2,0
Alex Wright,2024,2,0
Greg Dulcich,2024,2,4.6
Marcus Jones,2024,2,0
Terrel Bernard,2024,2,0
Rachaad White,2024,2,3.3
David Bell,2024,2,5.7
Micah McFadden,2024,2,0
Khalil Shakir,2024,2,10.600000000000001
Thomas Booker,2024,2,0
Tyler Allgeier,2024,2,7.500000000000001
Jerome Ford,2024,2,7.4
Zyon McCollum,2024,2,0
Otito Ogbonnia,2024,2,0
Esezi Otomewo,2024,2,0
Ty Chandler,2024,2,8.200000000000001
Damone Clark,2024,2,0
Matt Araiza,2024,2,0
Vederian Lowe,2024,2,0
Christian Benford,2024,2,0
Malcolm Rodriguez,2024,2,0
Jalen Nailor,2024,2,14.4
Drew Ogletree,2024,2,2.2
Jordan Jackson,2024,2,0
Theo Jackson,2024,2,0
Connor Heyward,2024,2,0
Ja'Sir Taylor,2024,2,0
Ko Kieft,2024,2,0
Montaric Brown,2024,2,0
Baylon Spector,2024,2,0
Deane Leonard,2024,2,0
Rodney Thomas,2024,2,0
Skylar Thompson,2024,2,3.6
Kader Kohou,2024,2,0
Ja'Quan McMillian,2024,2,0
Dallis Flowers,2024,2,0
Cal Adomitis,2024,2,0
Raheem Blackshear,2024,2,0
Kingsley Jonathan,2024,2,0
Jake Hansen,2024,2,0
J.J. Russell,2024,2,0
Mike Brown,2024,2,0
Ryan Wright,2024,2,0
Isaiah Pola-Mao,2024,2,0
Luke Masterson,2024,2,0
Jordan Mason,2024,2,16.4
Rashid Shaheed,2024,2,20.900000000000002
Daniel Whelan,2024,2,0
Darrell Baker Jr.,2024,2,0
Ronnie Rivers,2024,2,1
Peyton Hendershot,2024,2,0
Juanyeh Thomas,2024,2,0
Jack Gibbens,2024,2,0
Jayden Peevy,2024,2,0
Ryan Stonehouse,2024,2,0
Kayvon Thibodeaux,2024,2,0
Kenyon Green,2024,2,0
Nakobe Dean,2024,2,0
Nick Cross,2024,2,0
Hassan Haskins,2024,2,1.1
Mike Greene,2024,2,0
Jacob Hummel,2024,2,0
Ja'Marcus Ingram,2024,2,0
C.J. Brewer,2024,2,0
Jermaine Johnson II,2024,2,0
Alec Pierce,2024,2,16.6
Jalen Tolbert,2024,2,14.200000000000001
Kerby Joseph,2024,2,0
Brandon Aubrey,2024,2,17
Jeremiah Pharms Jr.,2024,2,0
Garrett Wilson,2024,2,10.2
Jahan Dotson,2024,2,1.6
Treylon Burks,2024,2,0
Daxton Hill,2024,2,0
Trey McBride,2024,2,12.7
Brian Robinson Jr.,2024,2,14.600000000000001
Tycen Anderson,2024,2,0
Cam Taylor-Britt,2024,2,0
Travis Jones,2024,2,0
Cordale Flott,2024,2,0
DeMarvin Leal,2024,2,0
KaVontae Turpin,2024,2,2.6
Zachary Carter,2024,2,0
Jeremy Ruckert,2024,2,0
Chigoziem Okonkwo,2024,2,4.6
Troy Andersen,2024,2,0
Chad Muma,2024,2,0
Romeo Doubs,2024,2,9.2
Leo Chenal,2024,2,0
Samuel Womack,2024,2,0
Brock Purdy,2024,2,14.959999999999997
Calvin Austin III,2024,2,1.6
Isaiah Likely,2024,2,4.6
Cobie Durant,2024,2,0
Kyren Williams,2024,2,15.2
Quentin Lake,2024,2,0
Daniel Hardy,2024,2,0
Kyle Hamilton,2024,2,0
Jack Jones,2024,2,0
Zamir White,2024,2,6.800000000000001
Jake Camarda,2024,2,0
Joshua Williams,2024,2,0
Charlie Kolar,2024,2,1.4
Jordan Stout,2024,2,0
Joshua Paschal,2024,2,0
Pierre Strong Jr.,2024,2,1.5
Phidarian Mathis,2024,2,0
Percy Butler,2024,2,0
Akayleb Evans,2024,2,0
Micheal Clemons,2024,2,0
Kyler Gordon,2024,2,0
Cam Jurgens,2024,2,0
Arnold Ebiketie,2024,2,0
Wan'Dale Robinson,2024,2,9.8
Jalyn Armour-Davis,2024,2,0
Breece Hall,2024,2,24.4
Alontae Taylor,2024,2,0
Roger McCreary,2024,2,0
Logan Hall,2024,2,0
Malik Willis,2024,2,12.98
Cade Otton,2024,2,-0.4
Boye Mafe,2024,2,0
Jaquan Brisker,2024,2,0
David Ojabo,2024,2,0
Andrew Vorhees,2024,2,0
Jalen Carter,2024,2,0
Dontayvion Wicks,2024,2,11.6
Eric Gray,2024,2,0
Jarrick Bernard-Converse,2024,2,0
Jaylon Jones,2024,2,0
Carrington Valentine,2024,2,0
Moro Ojomo,2024,2,0
Xavier Gipson,2024,2,0
Trenton Simpson,2024,2,0
Tavius Robinson,2024,2,0
Jordon Riley,2024,2,0
Grant DuBose,2024,2,2.3
DJ Johnson,2024,2,0
Bijan Robinson,2024,2,16.200000000000003
Jaxon Smith-Njigba,2024,2,23.700000000000003
Quentin Johnston,2024,2,22.1
Luke Schoonmaker,2024,2,10.3
Riley Moss,2024,2,0
Daiyan Henley,2024,2,0
Ji'Ayir Brown,2024,2,0
Tank Bigsby,2024,2,0
DeMarvion Overshown,2024,2,0
Dorian Williams,2024,2,0
Darnell Washington,2024,2,7.5
Michael Wilson,2024,2,5.1
Jake Moody,2024,2,5
Tre Tucker,2024,2,3.3
Clark Phillips III,2024,2,0
Ventrell Miller,2024,2,0
Derius Davis,2024,2,0
Charlie Jones,2024,2,0
Nick Herbig,2024,2,0
Jay Ward,2024,2,0
Yasir Abdullah,2024,2,0
Clayton Tune,2024,2,-2.6
Cameron Mitchell,2024,2,0
Jordan Howden,2024,2,0
Josh Whyle,2024,2,3.3
Antonio Johnson,2024,2,0
Chase Brown,2024,2,3.1
Henry To'oTo'o,2024,2,0
Owen Pappoe,2024,2,0
Chris Smith II,2024,2,0
JL Skinner,2024,2,0
Parker Washington,2024,2,0
Bryce Baringer,2024,2,0
Scott Matlock,2024,2,0
Xavier Hutchinson,2024,2,0
Andrei Iosivas,2024,2,14.7
Deuce Vaughn,2024,2,2.7
Nesta Jade Silvera,2024,2,0
Cory Trice Jr.,2024,2,0
Jalen Brooks,2024,2,2
Starling Thomas V,2024,2,0
Keidron Smith,2024,2,0
Emari Demercado,2024,2,4.6000000000000005
Ronnie Hickman Jr.,2024,2,0
Julian Hill,2024,2,0
Isaiah Land,2024,2,0
Tyrus Wheat,2024,2,0
Jake Bobo,2024,2,3.5
Nate Adkins,2024,2,0
Jaleel McLaughlin,2024,2,0.6000000000000001
Emanuel Wilson,2024,2,0.9
Ivan Pace Jr.,2024,2,0
Christian Izien,2024,2,0
AJ Finley,2024,2,0
Blake Grupe,2024,2,8
Anfernee Orji,2024,2,0
Darnell Wright,2024,2,0
Dalton Kincaid,2024,2,7.300000000000001
Brenton Strange,2024,2,9.5
Sean Tucker,2024,2,0
Marvin Mims Jr.,2024,2,2
Tank Dell,2024,2,2.3
Cedric Tillman,2024,2,1.2
Wanya Morris,2024,2,7.1
Chamarri Conner,2024,2,0
Kei'Trel Clark,2024,2,0
Bryan Bresee,2024,2,0
Tucker Kraft,2024,2,3.6
Jake Haener,2024,2,-0.30000000000000004
Deonte Banks,2024,2,0
Felix Anudike-Uzomah,2024,2,0
Garrett Williams,2024,2,0
Nolan Smith,2024,2,0
Jack Campbell,2024,2,0
Anthony Bradford,2024,2,0
Adetomiwa Adebawore,2024,2,0
Tyjae Spears,2024,2,5.1
De'Von Achane,2024,2,29.5
Elijah Higgins,2024,2,8.8
Derick Hall,2024,2,0
SirVocea Dennis,2024,2,0
Trey Palmer,2024,2,0
Ethan Evans,2024,2,0
Desjuan Johnson,2024,2,0
Jonathan Mingo,2024,2,1.1
Zay Flowers,2024,2,22.1
Sam LaPorta,2024,2,3.3
Michael Mayer,2024,2,2.1
Rashee Rice,2024,2,18.5
Yaya Diaby,2024,2,0
Gervon Dexter Sr.,2024,2,0
Tyrique Stevenson,2024,2,0
Jakorian Bennett,2024,2,0
Will Anderson Jr.,2024,2,0
Broderick Jones,2024,2,0
Keeanu Benton,2024,2,0
Tuli Tuipulotu,2024,2,0
Lukas Van Ness,2024,2,0
Byron Young,2024,2,0
Kobie Turner,2024,2,0
Jahmyr Gibbs,2024,2,17.6
Brian Branch,2024,2,0
Will McDonald IV,2024,2,0
Isaiah Foskey,2024,2,0
Luke Musgrave,2024,2,1.6
Jayden Reed,2024,2,6.6000000000000005
Christian Gonzalez,2024,2,0
Keion White,2024,2,0
Quan Martin,2024,2,0
Bryce Young,2024,2,2.96
Will Levis,2024,2,12.48
Cody Mauch,2024,2,0
C.J. Stroud,2024,2,14.3
Anthony Richardson,2024,2,11.86
Zach Charbonnet,2024,2,17.900000000000002
Joey Porter Jr.,2024,2,0
Devon Witherspoon,2024,2,0
Jake Bates,2024,2,10
Johnny Wilson,2024,2,0
Braiden McGregor,2024,2,0
Dee Williams,2024,2,0
Byron Murphy II,2024,2,0
Ryan Rehkow,2024,2,0
Carson Steele,2024,2,0.40000000000000036
Brandon Codrington,2024,2,0
Malik Nabers,2024,2,28.700000000000003
Brock Bowers,2024,2,18.8
Laiatu Latu,2024,2,0
Tyler Guyton,2024,2,0
Kamari Lassiter,2024,2,0
Renardo Green,2024,2,0
Junior Colson,2024,2,0
Cooper Beebe,2024,2,0
Dominick Puni,2024,2,0
Marist Liufau,2024,2,0
Jarrian Jones,2024,2,0
Ja'Tavion Sanders,2024,2,2.8
Cade Stover,2024,2,2.8
Malik Mustapha,2024,2,0
Bucky Irving,2024,2,2.2
Isaac Guerendo,2024,2,0
Sione Vaki,2024,2,2.7
Jacob Cowing,2024,2,0
Xavier Thomas,2024,2,0
Cam Hart,2024,2,0
JD Bertrand,2024,2,0
Jarvis Brownlee Jr.,2024,2,0
Jaylon Carlies,2024,2,0
Deantre Prince,2024,2,0
Tyrone Tracy Jr.,2024,2,0.2
Caelen Carson,2024,2,0
Jha'Quan Jackson,2024,2,0
Will Reichard,2024,2,11
Cam Little,2024,2,6
Javontae Jean-Baptiste,2024,2,0
Daijahn Anthony,2024,2,0
Myles Cole,2024,2,0
Jaylen Harrell,2024,2,0
Beanie Bishop Jr.,2024,2,0
Brevyn Spann-Ford,2024,2,0
Matthew Hayball,2024,2,0
Isaiah Stalbird,2024,2,0
Brayden Narveson,2024,2,11
Tyler Owens,2024,2,0
Colson Yankoff,2024,2,0
Taki Taimani,2024,2,0
Bo Nix,2024,2,10.34
Braden Fiske,2024,2,0
Blake Corum,2024,2,2.8000000000000003
Tory Taylor,2024,2,0
Will Shipley,2024,2,0
Joshua Karty,2024,2,4
Jordan Whittington,2024,2,4.2
Beaux Limmer,2024,2,0
Elijah Chatman,2024,2,0
Charles Woods,2024,2,0
Jaylen McCollough,2024,2,0
AJ Barner,2024,2,0
Braelon Allen,2024,2,19.6
Max Melton,2024,2,0
Jonah Elliss,2024,2,0
Jermaine Burton,2024,2,5.7
MarShawn Lloyd,2024,2,2.8
Evan Williams,2024,2,0
Erick All Jr.,2024,2,7.2
Tyrice Knight,2024,2,0
Anthony Gould,2024,2,0
Andru Phillips,2024,2,0
Jared Wiley,2024,2,1.7000000000000002
Jaden Hicks,2024,2,0
Jeremiah Trotter Jr.,2024,2,0
Kamren Kinchens,2024,2,0
Calen Bullock,2024,2,0
Austin Booker,2024,2,0
Kingsley Suamataia,2024,2,0
Tykee Smith,2024,2,0
Marvin Harrison Jr.,2024,2,29
Edgerrin Cooper,2024,2,0
Jared Verse,2024,2,0
Jalen McMillan,2024,2,3.1
Kool-Aid McKinstry,2024,2,0
Tyler Nubin,2024,2,0
Javon Bullard,2024,2,0
Troy Franklin,2024,2,0
Cole Bishop,2024,2,0
Jaylen Wright,2024,2,0.4
Ray Davis,2024,2,3.8000000000000003
Quinyon Mitchell,2024,2,0
Adonai Mitchell,2024,2,4
Brian Thomas Jr.,2024,2,11.4
Xavier Worthy,2024,2,4.2
Mike Sainristil,2024,2,0
Keon Coleman,2024,2,0
Chris Braswell,2024,2,0
Terrion Arnold,2024,2,0
Ja'Lynn Polk,2024,2,9.2
Jayden Daniels,2024,2,13.440000000000001
Chop Robinson,2024,2,0
Ben Sinnott,2024,2,0
Ladd McConkey,2024,2,4.6
Caleb Williams,2024,2,9.36
Rome Odunze,2024,2,5.300000000000001
Malachi Corley,2024,2,1.4
Trey Benson,2024,2,2.7
Dallas Turner,2024,2,0
NA,2024,2,0
Aaron Rodgers,2024,3,21.040000000000003
Matt Prater,2024,3,9
Marcedes Lewis,2024,3,0
Nick Folk,2024,3,2
Calais Campbell,2024,3,0
Matthew Stafford,2024,3,12.84
Thomas Morstead,2024,3,0
Trent Williams,2024,3,0
Brandon Graham,2024,3,0
Jerry Hughes,2024,3,0
Von Miller,2024,3,0
Cameron Heyward,2024,3,0
Andy Dalton,2024,3,24.56
Lawrence Guy,2024,3,0
Nick Bellore,2024,3,0
Johnny Hekker,2024,3,0
Rodney McLeod Jr.,2024,3,0
Bobby Wagner,2024,3,0
Stephon Gilmore,2024,3,0
Lavonte David,2024,3,0
Justin Tucker,2024,3,3
Kirk Cousins,2024,3,11.100000000000001
Harrison Smith,2024,3,0
Demario Davis,2024,3,0
Greg Zuerlein,2024,3,5
Greg Van Roten,2024,3,0
Bryan Anger,2024,3,0
Kyle Juszczyk,2024,3,1.6
Adam Thielen,2024,3,13
Zach Ertz,2024,3,7.800000000000001
Darius Slay,2024,3,0
Johnathan Hankins,2024,3,0
Terron Armstead,2024,3,0
John Jenkins,2024,3,0
Sam Martin,2024,3,0
Dustin Hopkins,2024,3,0
Jordan Poyer,2024,3,0
Robert Woods,2024,3,3.8
Tyrann Mathieu,2024,3,0
Travis Kelce,2024,3,7
DeAndre Hopkins,2024,3,19.3
Geno Smith,2024,3,13.360000000000001
Cordarrelle Patterson,2024,3,7.800000000000001
James Winchester,2024,3,0
Mike Pennel,2024,3,0
Casey Kreiter,2024,3,0
Khalil Mack,2024,3,0
DaQuan Jones,2024,3,0
Chris Boswell,2024,3,7
Cairo Santos,2024,3,5
Brandin Cooks,2024,3,3.6
Shelby Harris,2024,3,0
Derek Carr,2024,3,8.98
Jimmie Ward,2024,3,0
Morgan Moses,2024,3,0
C.J. Goodwin,2024,3,0
Kyle Van Noy,2024,3,0
Jadeveon Clowney,2024,3,0
Davante Adams,2024,3,8
Mike Evans,2024,3,3.7
DeMarcus Lawrence,2024,3,0
Joel Bitonio,2024,3,0
Chris Manhertz,2024,3,0
Jason Myers,2024,3,7
Jameis Winston,2024,3,0.1
Amari Cooper,2024,3,27.6
Nelson Agholor,2024,3,6.6000000000000005
Shaq Thompson,2024,3,0
Eddie Goldman,2024,3,0
Eric Kendricks,2024,3,0
Danielle Hunter,2024,3,0
Za'Darius Smith,2024,3,0
Grady Jarrett,2024,3,0
Stefon Diggs,2024,3,19.92
Quandre Diggs,2024,3,0
DeAndre Carter,2024,3,5.2
Troy Hill,2024,3,0
DeShawn Williams,2024,3,0
Taylor Heinicke,2024,3,0.96
Alex Singleton,2024,3,0
Preston Smith,2024,3,0
Rakeem Nunez-Roches,2024,3,0
Dante Fowler Jr.,2024,3,0
Brandon Scherff,2024,3,0
Bradley Pinion,2024,3,0
Denzel Perryman,2024,3,0
Ameer Abdullah,2024,3,3.3
Chris Conley,2024,3,0
Jordan Hicks,2024,3,0
Bud Dupree,2024,3,0
Arik Armstead,2024,3,0
Ronald Darby,2024,3,0
Tyler Lockett,2024,3,9.600000000000001
Joe Cardona,2024,3,0
Laken Tomlinson,2024,3,0
Mario Edwards,2024,3,0
Laremy Tunsil,2024,3,0
Taylor Decker,2024,3,0
Jarran Reed,2024,3,0
Austin Hooper,2024,3,2.9000000000000004
Nick Vannett,2024,3,8.9
Graham Glasgow,2024,3,0
Miles Killebrew,2024,3,0
De'Vondre Campbell,2024,3,0
Dean Lowry,2024,3,0
Matthew Judon,2024,3,0
Quinton Jefferson,2024,3,0
DJ Reader,2024,3,0
Kamu Grugier-Hill,2024,3,0
Elandon Roberts,2024,3,0
Kalif Raymond,2024,3,0
Mike Hilton,2024,3,0
Wil Lutz,2024,3,16
Michael Pierce,2024,3,0
Jonathan Jones,2024,3,0
Roy Robertson-Harris,2024,3,0
Morgan Fox,2024,3,0
Jake Brendel,2024,3,0.2
Ka'imi Fairbairn,2024,3,0
Chris Jones,2024,3,0
Austin Johnson,2024,3,0
Derrick Henry,2024,3,30.400000000000002
Demarcus Robinson,2024,3,4.2
A'Shawn Robinson,2024,3,0
Nick Vigil,2024,3,0
C.J. Ham,2024,3,0
Antonio Hamilton,2024,3,0
Vonn Bell,2024,3,0
Riley Dixon,2024,3,0
Justin Simmons,2024,3,0
Tyler Boyd,2024,3,6.300000000000001
Eric Murray,2024,3,0
Tyreek Hill,2024,3,7
Ezekiel Elliott,2024,3,2.2
David Onyemata,2024,3,0
Jalen Ramsey,2024,3,0
Andrew Billings,2024,3,0
Leonard Floyd,2024,3,0
Emmanuel Ogbah,2024,3,0
Dak Prescott,2024,3,28.86
Kendall Fuller,2024,3,0
Hunter Henry,2024,3,2.9
Jonathan Bullard,2024,3,0
Jared Goff,2024,3,15.56
Javon Hargrave,2024,3,0
Jacoby Brissett,2024,3,3.92
Kenny Clark,2024,3,0
Maliek Collins,2024,3,0
Kevin Byard,2024,3,0
Mo Alie-Cox,2024,3,0
Johnny Mundt,2024,3,7.2
Thomas Hennessy,2024,3,0
Rigoberto Sanchez,2024,3,0
Marlon Humphrey,2024,3,0
Curtis Samuel,2024,3,5.2
Jermaine Eluemunor,2024,3,0
Aaron Jones,2024,3,25.8
Chuck Clark,2024,3,0
D.J. Jones,2024,3,0
Harrison Butker,2024,3,12
Nick Mullens,2024,3,0
Eric Wilson,2024,3,0
Tim Patrick,2024,3,1.8
Adam Butler,2024,3,0
Kenny Moore II,2024,3,0
Pharaoh Brown,2024,3,1.9
Raekwon McMillan,2024,3,0
Jonathan Allen,2024,3,0
Samaje Perine,2024,3,7
Mike Williams,2024,3,6.4
Deshaun Watson,2024,3,16.44
Garett Bolles,2024,3,0
Takk McKinley,2024,3,0
Dalvin Tomlinson,2024,3,0
Chidobe Awuzie,2024,3,0
Duke Riley,2024,3,0
Rasul Douglas,2024,3,0
James Conner,2024,3,3.5
Mack Hollins,2024,3,2.6
Jalen Reeves-Maybin,2024,3,0
Anthony Walker,2024,3,0
Eric Saubert,2024,3,6.1000000000000005
Xavier Woods,2024,3,0
Jeremiah Ledbetter,2024,3,0
Noah Brown,2024,3,5.9
Austin Ekeler,2024,3,13.7
Younghoe Koo,2024,3,7
Storm Norton,2024,3,0
DeMarcus Walker,2024,3,0
Eddie Jackson,2024,3,0
Jake Elliott,2024,3,0
Dare Ogunbowale,2024,3,4.800000000000001
JuJu Smith-Schuster,2024,3,9.7
Jonnu Smith,2024,3,3.8
Davon Godchaux,2024,3,0
Myles Garrett,2024,3,0
Mitchell Trubisky,2024,3,0.01999999999999999
Solomon Thomas,2024,3,0
Jamal Adams,2024,3,0
Patrick Mahomes,2024,3,17.38
Marshon Lattimore,2024,3,0
Derek Barnett,2024,3,0
Malik Hooker,2024,3,0
Charles Harris,2024,3,0
Jabrill Peppers,2024,3,0
Tre'Davious White,2024,3,0
T.J. Watt,2024,3,0
Cam Robinson,2024,3,0
Budda Baker,2024,3,0
Marcus Maye,2024,3,0
Marcus Williams,2024,3,0
Gerald Everett,2024,3,0
Ethan Pocic,2024,3,0
Dion Dawkins,2024,3,0
Larry Ogunjobi,2024,3,0
Alvin Kamara,2024,3,15.700000000000001
Chris Godwin Jr.,2024,3,17.3
D'Onta Foreman,2024,3,0.5
Shaquill Griffin,2024,3,0
Jourdan Lewis,2024,3,0
Trey Hendrickson,2024,3,0
Rayshawn Jenkins,2024,3,0
Josh Reynolds,2024,3,5.6
Deatrich Wise,2024,3,0
Jamaal Williams,2024,3,0.9
Grover Stewart,2024,3,0
Jeremy McNichols,2024,3,0.1
Christian Kuntz,2024,3,0
Ross Dwelley,2024,3,0
Jeff Wilson Jr.,2024,3,1.4000000000000001
J.T. Gray,2024,3,0
Chris Lammons,2024,3,0
Will Dissly,2024,3,4.9
Michael Dickson,2024,3,0
Daniel Carlson,2024,3,1
J.K. Scott,2024,3,0
Eddy Pineiro,2024,3,13
Tim Boyle,2024,3,3.7600000000000002
Gus Edwards,2024,3,0.9
Poona Ford,2024,3,0
Elijah Campbell,2024,3,0
Daniel Ekuale,2024,3,0
Austin Corbett,2024,3,0
Jalyn Holmes,2024,3,0
Tyler Conklin,2024,3,14.3
Marquez Valdes-Scantling,2024,3,1.7000000000000002
Foley Fatukasi,2024,3,0
DeShon Elliott,2024,3,0
Bradley Bozeman,2024,3,0
Zach Sieler,2024,3,0
Ben Niemann,2024,3,0
Frankie Luvu,2024,3,0
Kentavius Street,2024,3,0
Daron Payne,2024,3,0
Quenton Nelson,2024,3,0
Marcus Davenport,2024,3,0
Will Hernandez,2024,3,0
Courtland Sutton,2024,3,13.8
Dallas Goedert,2024,3,26
Connor Williams,2024,3,0
Donte Jackson,2024,3,0
Isaiah Oliver,2024,3,0
Tyquan Lewis,2024,3,0
Lorenzo Carter,2024,3,0
Justin Reid,2024,3,0
Jordan Akins,2024,3,6.9
Josey Jewell,2024,3,0
Da'Shawn Hand,2024,3,0
Dorance Armstrong,2024,3,0
Jordan Whitehead,2024,3,0
Kyzir White,2024,3,0
Avonte Maddox,2024,3,0
Josh Sweat,2024,3,0
Dalton Schultz,2024,3,3.1
D.J. Reed,2024,3,0
Justin Watson,2024,3,2.3
Bilal Nichols,2024,3,0
Siran Neal,2024,3,0
Tim Settle,2024,3,0
Ray-Ray McCloud,2024,3,5.7
Foye Oluokun,2024,3,0
Cedrick Wilson Jr.,2024,3,1.3
Braxton Berrios,2024,3,0
Jordan Mailata,2024,3,0
Zaire Franklin,2024,3,0
Logan Cooke,2024,3,0
Greg Joseph,2024,3,2
Jeremy Reaves,2024,3,0
Dennis Gardeck,2024,3,0
Trent Sherfield,2024,3,1.8
Allen Lazard,2024,3,13.8
Tony Brown,2024,3,0
Trent Scott,2024,3,7.1
Charvarius Ward,2024,3,0
Brandon Powell,2024,3,2.3
Tremaine Edmunds,2024,3,0
Jessie Bates,2024,3,0
Justin Jones,2024,3,0
Robert Spillane,2024,3,0
Corey Bojorquez,2024,3,0
Jaire Alexander,2024,3,0
Mark Andrews,2024,3,0
Nathan Shepherd,2024,3,0
Christian Kirk,2024,3,15.9
Carlton Davis III,2024,3,0
Isaac Yiadom,2024,3,0
Harrison Phillips,2024,3,0
Chris Board,2024,3,0
Minkah Fitzpatrick,2024,3,0
Derwin James,2024,3,0
Jason Sanders,2024,3,2
Lamar Jackson,2024,3,25.980000000000004
Durham Smythe,2024,3,1.3
John Franklin-Myers,2024,3,0
Ogbo Okoronkwo,2024,3,0
Sebastian Joseph-Day,2024,3,0
Fred Warner,2024,3,0
Arden Key,2024,3,0
D.J. Moore,2024,3,15.200000000000001
Harold Landry III,2024,3,0
Mike Gesicki,2024,3,8.7
Hayden Hurst,2024,3,3.5
Sam Hubbard,2024,3,0
Calvin Ridley,2024,3,1.9
Taven Bryan,2024,3,0
Mike Hughes,2024,3,0
Saquon Barkley,2024,3,33.6
Baker Mayfield,2024,3,9.52
Denzel Ward,2024,3,0
Josh Allen,2024,3,30.92
Sam Darnold,2024,3,22.240000000000002
Roquan Smith,2024,3,0
Sam Eguavoen,2024,3,0
Steven Sims,2024,3,0
Mitch Wishnowsky,2024,3,0
Fred Johnson,2024,3,0
Jakobi Meyers,2024,3,19.2
D'Angelo Ross,2024,3,0
Rashan Gary,2024,3,0
Alexander Mattison,2024,3,13.399999999999999
Maxx Crosby,2024,3,0
Julian Love,2024,3,0
Justice Hill,2024,3,7.4
Ben Powers,2024,3,0
Foster Moreau,2024,3,1.2
E.J. Speed,2024,3,0
Marcus Epps,2024,3,0
Ashton Dulin,2024,3,0
Kevin Givens,2024,3,0
Jamie Gillan,2024,3,0
Alec Ingold,2024,3,3.4000000000000004
Keisean Nixon,2024,3,0
Mecole Hardman,2024,3,0
Mack Wilson,2024,3,0
Austin Seibert,2024,3,9
Nick Allegretti,2024,3,0
Jack Fox,2024,3,0
Azeez Al-Shaair,2024,3,0
AJ Cole,2024,3,0
Joey Slye,2024,3,4
Deonte Harty,2024,3,0
Diontae Johnson,2024,3,26.200000000000003
P.J. Locke,2024,3,0
Kyler Murray,2024,3,15.78
Ed Oliver,2024,3,0
Christian Wilkins,2024,3,0
Tytus Howard,2024,3,0
Byron Murphy,2024,3,0
Sean Murphy-Bunting,2024,3,0
Jahlani Tavai,2024,3,0
Miles Sanders,2024,3,11
Zach Allen,2024,3,0
Josh Oliver,2024,3,0
Devin Singletary,2024,3,18.8
C.J. Gardner-Johnson,2024,3,0
Anthony Nelson,2024,3,0
Tony Pollard,2024,3,5.9
Drue Tranquill,2024,3,0
Matt Gay,2024,3,3
Andrew Van Ginkel,2024,3,0
Blake Cashman,2024,3,0
Mike Jackson,2024,3,0
Jake Bailey,2024,3,0
Gardner Minshew,2024,3,14.96
Trayveon Williams,2024,3,0
David Long Jr.,2024,3,0
Scott Miller,2024,3,5.1
Donovan Wilson,2024,3,0
Myles Gaskin,2024,3,0
Kaden Elliss,2024,3,0
Tyrel Dodson,2024,3,0
Cam Lewis,2024,3,0
Chase McLaughlin,2024,3,1
Joe Giles-Harris,2024,3,0
T.J. Edwards,2024,3,0
Carl Granderson,2024,3,0
Lil'Jordan Humphrey,2024,3,9.7
Nick Moore,2024,3,0
Greg Dortch,2024,3,6.5
Devin Bush,2024,3,0
Elgton Jenkins,2024,3,0
Darius Slayton,2024,3,1.7000000000000002
Ty Johnson,2024,3,13.6
Garrett Bradbury,2024,3,0
Troy Reeder,2024,3,0
D'Ernest Johnson,2024,3,1.2000000000000002
Chris Lindstrom,2024,3,0
Amani Hooker,2024,3,0
L.J. Collier,2024,3,0
Parris Campbell,2024,3,3.3
DK Metcalf,2024,3,20.4
Josh Hines-Allen,2024,3,0
Jeffery Simmons,2024,3,0
Noah Fant,2024,3,12
Montez Sweat,2024,3,0
Will Harris,2024,3,0
Terry McLaurin,2024,3,20
Taylor Rapp,2024,3,0
Greg Gaines,2024,3,0
Nick Scott,2024,3,0
Cody Barton,2024,3,0
Jerry Tillery,2024,3,0
Dre'Mont Jones,2024,3,0
Quincy Williams,2024,3,0
Dexter Lawrence,2024,3,0
David Montgomery,2024,3,21.2
Bobby Okereke,2024,3,0
Dawson Knox,2024,3,1.7000000000000002
Germaine Pratt,2024,3,0
Jamel Dean,2024,3,0
Josh Jacobs,2024,3,5.8
Jalen Thompson,2024,3,0
Daniel Jones,2024,3,19.439999999999998
Brian Burns,2024,3,0
Nick Bosa,2024,3,0
Quinnen Williams,2024,3,0
Jakob Johnson,2024,3,0
Jacob Bobenmoyer,2024,3,0
JaMycal Hasty,2024,3,0.5
Corliss Waitman,2024,3,0
Chris Williams,2024,3,0
Blake Gillikin,2024,3,0
Tommy Townsend,2024,3,0
Tershawn Wharton,2024,3,0
Michael Hoecht,2024,3,0
Christian Rozeboom,2024,3,0
Krys Barnes,2024,3,0
Bobby Price,2024,3,0
J.J. Taylor,2024,3,2.3
Nnamdi Madubuike,2024,3,0
James Proche,2024,3,0
Rico Dowdle,2024,3,8.600000000000001
J.K. Dobbins,2024,3,8.4
Joshua Uche,2024,3,0
Tyler Bass,2024,3,12
Teair Tart,2024,3,0
Reggie Gilliam,2024,3,0
A.J. Epenesa,2024,3,0
Anfernee Jennings,2024,3,0
Gabe Davis,2024,3,3.8
Geno Stone,2024,3,0
Raekwon Davis,2024,3,0
Brandon Jones,2024,3,0
Jonathan Taylor,2024,3,26.5
Jonathan Greenard,2024,3,0
Kyle Dugger,2024,3,0
Colby Parkinson,2024,3,5.1
Julian Okwara,2024,3,0
Zack Moss,2024,3,20.700000000000003
Michael Pittman Jr.,2024,3,7.6
Julian Blackmon,2024,3,0
Collin Johnson,2024,3,0
Jauan Jennings,2024,3,46.5
Javon Kinlaw,2024,3,0
Brandon Aiyuk,2024,3,9.8
Jordan Elliott,2024,3,0
Laviska Shenault Jr.,2024,3,1.2
D'Andre Swift,2024,3,6.2
Malik Harrison,2024,3,0
Grant Delpit,2024,3,0
A.J. Terrell,2024,3,0
Noah Igbinoghene,2024,3,0
Cole Kmet,2024,3,25.700000000000003
Jaylon Johnson,2024,3,0
Jeremy Chinn,2024,3,0
Logan Wilson,2024,3,0
Akeem Davis-Gaither,2024,3,0
Mykal Walker,2024,3,0
Jaylinn Hawkins,2024,3,0
Daniel Thomas,2024,3,0
Darnell Mooney,2024,3,14.600000000000001
Braden Mann,2024,3,0
Chase Young,2024,3,0
Justin Jefferson,2024,3,20.1
Patrick Queen,2024,3,0
Antonio Gibson,2024,3,6.7
Devin Duvernay,2024,3,0.9
Josiah Deguara,2024,3,1.8
Alex Highsmith,2024,3,0
Troy Dye,2024,3,0
Josh Metellus,2024,3,0
Kam Curl,2024,3,0
James Smith-Williams,2024,3,0
Justin Herbert,2024,3,8
Isaiah Simmons,2024,3,0
CeeDee Lamb,2024,3,8.7
Trevon Diggs,2024,3,0
Willie Gay Jr.,2024,3,0
Neville Gallimore,2024,3,0
John Simpson,2024,3,0
L'Jarius Sneed,2024,3,0
Amik Robertson,2024,3,0
Michael Danna,2024,3,0
Alohi Gilman,2024,3,0
Andrew Thomas,2024,3,0
Xavier McKinney,2024,3,0
Jalen Hurts,2024,3,11.94
K'Von Wallace,2024,3,0
Casey Toohill,2024,3,0
Tristan Wirfs,2024,3,0
Jerry Jeudy,2024,3,6.7
Jordyn Brooks,2024,3,0
Tee Higgins,2024,3,6.9
Darrell Taylor,2024,3,0
Cam Akers,2024,3,9.9
Kristian Fulton,2024,3,0
Zack Baun,2024,3,0
Adam Trautman,2024,3,2.3
DeeJay Dallas,2024,3,0
Tyler Johnson,2024,3,5
Khalil Davis,2024,3,0
Jordan Fuller,2024,3,0
"Kenneth Murray, Jr.",2024,3,0
Joe Burrow,2024,3,25.36
Kwity Paye,2024,3,0
Dayo Odeyingbo,2024,3,0
Jamien Sherwood,2024,3,0
Michael Carter II,2024,3,0
Jason Pinnock,2024,3,0
Brandin Echols,2024,3,0
DJ Turner,2024,3,0
Rashod Bateman,2024,3,11.8
Azeez Ojulari,2024,3,0
Nico Collins,2024,3,12.6
Chuba Hubbard,2024,3,27.9
Deommodore Lenoir,2024,3,0
Talanoa Hufanga,2024,3,0
Roy Lopez,2024,3,0
Ar'Darius Washington,2024,3,0
Alaric Jackson,2024,3,0
Jaylen Waddle,2024,3,6.6
Jamin Davis,2024,3,0
Asante Samuel Jr.,2024,3,0
Dee Eskridge,2024,3,4
Nick Bolton,2024,3,0
Benjamin St-Juste,2024,3,0
Dyami Brown,2024,3,3.6
Camryn Bynum,2024,3,0
Ihmir Smith-Marsette,2024,3,0
Noah Gray,2024,3,2.3
K.J. Britt,2024,3,0
Simi Fehoko,2024,3,2.7
Isaiah McDuffie,2024,3,0
Malik Herring,2024,3,0
Devon Key,2024,3,0
Caleb Johnson,2024,3,0
Sam Kamara,2024,3,0
Charles Snowden,2024,3,0
Jack Stoll,2024,3,0
Brock Wright,2024,3,7.4
Jon Rhattigan,2024,3,0
Isaiahh Loudermilk,2024,3,0
Tutu Atwell,2024,3,13.3
Evan McPherson,2024,3,8
Nate Hobbs,2024,3,0
Pat Surtain II,2024,3,0
Rhamondre Stevenson,2024,3,0.30000000000000027
Kylen Granson,2024,3,5
Janarius Robinson,2024,3,0
Penei Sewell,2024,3,0
Jay Tufele,2024,3,0
Tre Brown,2024,3,0
Luke Farrell,2024,3,1.1
Damar Hamlin,2024,3,0
Najee Harris,2024,3,13.6
Pat Freiermuth,2024,3,7.300000000000001
Davis Mills,2024,3,3.16
Ja'Marr Chase,2024,3,29.8
Eric Stokes,2024,3,0
Joseph Ossai,2024,3,0
Bobby Brown III,2024,3,0
Robert Rochell,2024,3,0
Khalil Herbert,2024,3,0.9
Khyiris Tonga,2024,3,0
DeVonta Smith,2024,3,14.9
Greg Rousseau,2024,3,0
Jeremiah Owusu-Koramoah,2024,3,0
Milton Williams,2024,3,0
Kenneth Gainwell,2024,3,3.2
Payton Turner,2024,3,0
Pete Werner,2024,3,0
Micah Parsons,2024,3,0
Zaven Collins,2024,3,0
Jaelan Phillips,2024,3,0
Paulson Adebo,2024,3,0
Odafe Oweh,2024,3,0
Andre Cisco,2024,3,0
Osa Odighizuwa,2024,3,0
Jaycee Horn,2024,3,0
Justin Fields,2024,3,19.4
Ta'Quon Graham,2024,3,0
Avery Williams,2024,3,0
Jonathon Cooper,2024,3,0
Levi Onwuzurike,2024,3,0
Tre'von Moehrig,2024,3,0
Amon-Ra St. Brown,2024,3,20.5
Derrick Barnes,2024,3,0
Joe Tryon-Shoyinka,2024,3,0
Kyle Pitts,2024,3,7.9
Trevor Lawrence,2024,3,10.420000000000002
Mac Jones,2024,3,-1.12
Travis Etienne,2024,3,12.5
Walker Little,2024,3,0
Elijah Moore,2024,3,3.7
Chauncey Golston,2024,3,0
Trey Sermon,2024,3,7.6
Brandon Stephens,2024,3,0
Elijah Molden,2024,3,0
Ernest Jones,2024,3,0
Greg Newsome II,2024,3,0
Javonte Williams,2024,3,6.1000000000000005
Jevon Holland,2024,3,0
Chazz Surratt,2024,3,0
Hunter Long,2024,3,0
Tommy Tremble,2024,3,5.9
Patrick Jones II,2024,3,0
Rashawn Slater,2024,3,0
Liam Eichenberg,2024,3,0
Dee Alford,2024,3,0
Jordan Davis,2024,3,0
Quay Walker,2024,3,0
Devonte Wyatt,2024,3,0
Riq Woolen,2024,3,0
Braxton Jones,2024,3,0
Kingsley Enagbare,2024,3,0
Tyler Badie,2024,3,7
Grant Calcaterra,2024,3,0
Bo Melton,2024,3,0
Jack Sanborn,2024,3,0
Tyler Goodson,2024,3,0
Reed Blankenship,2024,3,0
Britain Covey,2024,3,2.1
Joey Blount,2024,3,0
Tony Adams,2024,3,0
Irvin Charles,2024,3,0
Josh Ross,2024,3,0
Sauce Gardner,2024,3,0
Trent McDuffie,2024,3,0
George Karlaftis,2024,3,0
Bryan Cook,2024,3,0
Jaylen Watson,2024,3,0
Rasheed Walker,2024,3,0
Nazeeh Johnson,2024,3,0
LaBryan Ray,2024,3,0
Brenden Schooler,2024,3,0
Jack Cochrane,2024,3,0
Cameron Dicker,2024,3,4
Jaylen Warren,2024,3,1.1
Ikem Ekwonu,2024,3,0
Travon Walker,2024,3,0
Aidan Hutchinson,2024,3,0
Derek Stingley Jr.,2024,3,0
Drake London,2024,3,18.7
Chris Olave,2024,3,20.6
Jameson Williams,2024,3,1.2
Trevor Penning,2024,3,0
Kaiir Elam,2024,3,0
Tyler Smith,2024,3,1
Devin Lloyd,2024,3,0
Jalen Pitre,2024,3,0
George Pickens,2024,3,10.7
James Cook,2024,3,18.700000000000003
Nik Bonitto,2024,3,0
Martin Emerson,2024,3,0
Alex Wright,2024,3,0
Marcus Jones,2024,3,0
Rachaad White,2024,3,8.5
Micah McFadden,2024,3,0
DJ Davidson,2024,3,0
Khalil Shakir,2024,3,19.2
Thomas Booker,2024,3,0
Tyler Allgeier,2024,3,3.2
Jerome Ford,2024,3,10
Zyon McCollum,2024,3,0
Eric Johnson,2024,3,0
Otito Ogbonnia,2024,3,0
Ty Chandler,2024,3,1.3
Damone Clark,2024,3,0
John Ridgeway,2024,3,0
Matt Araiza,2024,3,0
Christian Benford,2024,3,0
Malcolm Rodriguez,2024,3,0
Jalen Nailor,2024,3,12.4
Drew Ogletree,2024,3,0
Jordan Jackson,2024,3,0
Keaontay Ingram,2024,3,0
Theo Jackson,2024,3,0
Connor Heyward,2024,3,1.2
Ja'Sir Taylor,2024,3,0
Montaric Brown,2024,3,0
Baylon Spector,2024,3,0
Deane Leonard,2024,3,0
Skylar Thompson,2024,3,2.2800000000000002
D'Anthony Bell,2024,3,0
Tanner Conner,2024,3,1.1
Kader Kohou,2024,3,0
Arron Mosby,2024,3,0
Kana'i Mauga,2024,3,0
Ja'Quan McMillian,2024,3,0
Trevor Denbow,2024,3,0
Dallis Flowers,2024,3,0
Raheem Blackshear,2024,3,0
Rod Williams,2024,3,0
Jake Hansen,2024,3,0
Stone Smartt,2024,3,0
Ryan Wright,2024,3,0
Isaiah Pola-Mao,2024,3,0
Sam Webb,2024,3,0
Luke Masterson,2024,3,0
Jordan Mason,2024,3,10.799999999999999
Rashid Shaheed,2024,3,0
Daniel Whelan,2024,3,0
Ronnie Rivers,2024,3,0.9
Juanyeh Thomas,2024,3,0
Jack Gibbens,2024,3,0
Sam Okuayinonu,2024,3,0
Jayden Peevy,2024,3,0
Ryan Stonehouse,2024,3,0
Kayvon Thibodeaux,2024,3,0
Nakobe Dean,2024,3,0
Nick Cross,2024,3,0
Ja'Marcus Ingram,2024,3,0
C.J. Brewer,2024,3,0
Alec Pierce,2024,3,5.4
Jalen Tolbert,2024,3,13.2
Kerby Joseph,2024,3,0
Brandon Aubrey,2024,3,11
Jeremiah Pharms Jr.,2024,3,0
Garrett Wilson,2024,3,14.3
Jahan Dotson,2024,3,2.8
Treylon Burks,2024,3,1.9
Daxton Hill,2024,3,0
Trey McBride,2024,3,5.5
Brian Robinson Jr.,2024,3,10.700000000000001
Cam Taylor-Britt,2024,3,0
Travis Jones,2024,3,0
Cordale Flott,2024,3,0
DeMarvin Leal,2024,3,0
Dondrea Tillman,2024,3,0
KaVontae Turpin,2024,3,14.200000000000001
Zachary Carter,2024,3,0
Jeremy Ruckert,2024,3,3.5
DeAngelo Malone,2024,3,0
Chigoziem Okonkwo,2024,3,3.5
Troy Andersen,2024,3,0
Chad Muma,2024,3,0
Romeo Doubs,2024,3,2.8
Leo Chenal,2024,3,0
Brian Asamoah II,2024,3,0
Samuel Womack,2024,3,0
Brock Purdy,2024,3,25.78
Calvin Austin III,2024,3,19.5
Isaiah Likely,2024,3,1.4
Cobie Durant,2024,3,0
Kyren Williams,2024,3,31.599999999999998
Quentin Lake,2024,3,0
Daniel Hardy,2024,3,0
Kyle Hamilton,2024,3,0
Jack Jones,2024,3,0
Zamir White,2024,3,3.4000000000000004
Jake Ferguson,2024,3,15.5
Jake Camarda,2024,3,0
Charlie Kolar,2024,3,4
Erik Ezukanma,2024,3,0
Jordan Stout,2024,3,0
Joshua Paschal,2024,3,0
Percy Butler,2024,3,0
Tyquan Thornton,2024,3,0
Micheal Clemons,2024,3,0
Kyler Gordon,2024,3,0
Daniel Bellinger,2024,3,2.7
Arnold Ebiketie,2024,3,0
Wan'Dale Robinson,2024,3,13.100000000000001
Daniel Faalele,2024,3,0
Breece Hall,2024,3,17.3
Alontae Taylor,2024,3,0
Dane Belton,2024,3,0
Christian Watson,2024,3,8.7
Roger McCreary,2024,3,0
Logan Hall,2024,3,0
Malik Willis,2024,3,25.380000000000003
Cade Otton,2024,3,9.7
Boye Mafe,2024,3,0
Jaquan Brisker,2024,3,0
Coby Bryant,2024,3,0
David Ojabo,2024,3,0
Xavier Smith,2024,3,0
Andrew Vorhees,2024,3,0
Jalen Carter,2024,3,0
Dontayvion Wicks,2024,3,0
Eric Gray,2024,3,0
Karl Brooks,2024,3,0
Jaylon Jones,2024,3,0
Bryce Ford-Wheaton,2024,3,0
Xavier Gipson,2024,3,3.6
Trenton Simpson,2024,3,0
Tavius Robinson,2024,3,0
Cam Jones,2024,3,0
DJ Johnson,2024,3,0
Chandler Zavala,2024,3,0
Tyree Wilson,2024,3,0
Bijan Robinson,2024,3,13.2
Jaxon Smith-Njigba,2024,3,6.9
Quentin Johnston,2024,3,12.4
Mazi Smith,2024,3,0
Luke Schoonmaker,2024,3,1.5
DJ Turner II,2024,3,0
Riley Moss,2024,3,0
Daiyan Henley,2024,3,0
Ji'Ayir Brown,2024,3,0
Tank Bigsby,2024,3,0.9
DeMarvion Overshown,2024,3,0
Dorian Williams,2024,3,0
Michael Wilson,2024,3,14.4
Jake Moody,2024,3,5
Tre Tucker,2024,3,22.6
Clark Phillips III,2024,3,0
Ventrell Miller,2024,3,0
Derius Davis,2024,3,0.8
Nick Herbig,2024,3,0
Jay Ward,2024,3,0
Aidan O'Connell,2024,3,7.28
Yasir Abdullah,2024,3,0
Jammie Robinson,2024,3,0
Jordan Howden,2024,3,0
Josh Whyle,2024,3,8.3
Mike Morris,2024,3,0
Antonio Johnson,2024,3,0
Chase Brown,2024,3,8.899999999999999
Henry To'oTo'o,2024,3,0
Owen Pappoe,2024,3,0
Robert Beal Jr.,2024,3,0
Parker Washington,2024,3,3.8
Kayshon Boutte,2024,3,1.2
Bryce Baringer,2024,3,0
Scott Matlock,2024,3,0
Christian Braswell,2024,3,0
Xavier Hutchinson,2024,3,0
Andrei Iosivas,2024,3,16.2
DeMario Douglas,2024,3,14.8
Deuce Vaughn,2024,3,2.3
Dante Stills,2024,3,0
Nesta Jade Silvera,2024,3,0
Andre Jones Jr.,2024,3,0
Kenny McIntosh,2024,3,1.1
Jalen Brooks,2024,3,3.4000000000000004
Ronnie Bell,2024,3,2.2
Starling Thomas V,2024,3,0
Jordan Mims,2024,3,0
Chris Brooks,2024,3,0.30000000000000004
Keidron Smith,2024,3,0
Emari Demercado,2024,3,0.7000000000000001
Ronnie Hickman Jr.,2024,3,0
Tanner McCalister,2024,3,0
Julian Hill,2024,3,4.4
Ali Gaye,2024,3,0
Hunter Luepke,2024,3,6.1000000000000005
Jalen Redmond,2024,3,0
Nate Adkins,2024,3,1.6
Art Green,2024,3,0
Jaleel McLaughlin,2024,3,8.4
Emanuel Wilson,2024,3,16.5
Christian Izien,2024,3,0
Otis Reese,2024,3,0
AJ Finley,2024,3,0
Blake Grupe,2024,3,6
Drake Thomas,2024,3,0
Dalton Kincaid,2024,3,13.100000000000001
Brenton Strange,2024,3,9.2
Juice Scruggs,2024,3,0
Jalin Hyatt,2024,3,0
Tyler Lacy,2024,3,0
Sean Tucker,2024,3,0.4
Marvin Mims Jr.,2024,3,1.9
Tank Dell,2024,3,11.2
Cedric Tillman,2024,3,1.4
Chamarri Conner,2024,3,0
Kei'Trel Clark,2024,3,0
Keondre Coburn,2024,3,0
Bryan Bresee,2024,3,0
Tucker Kraft,2024,3,4.4
Josh Downs,2024,3,5.2
Deonte Banks,2024,3,0
Felix Anudike-Uzomah,2024,3,0
Garrett Williams,2024,3,0
Nolan Smith,2024,3,0
Jack Campbell,2024,3,0
Anthony Bradford,2024,3,0
Roschon Johnson,2024,3,10.2
Adetomiwa Adebawore,2024,3,0
Tyjae Spears,2024,3,10.100000000000001
De'Von Achane,2024,3,8.8
Elijah Higgins,2024,3,2.1
Derick Hall,2024,3,0
SirVocea Dennis,2024,3,0
Payne Durham,2024,3,1.8
Trey Palmer,2024,3,0
Ethan Evans,2024,3,0
Desjuan Johnson,2024,3,0
Jonathan Mingo,2024,3,5
Zay Flowers,2024,3,5.3
Sam LaPorta,2024,3,5.6
Michael Mayer,2024,3,1.7000000000000002
Rashee Rice,2024,3,29.1
Yaya Diaby,2024,3,0
Gervon Dexter Sr.,2024,3,0
Tyrique Stevenson,2024,3,0
Jakorian Bennett,2024,3,0
Nick Hampton,2024,3,0
Will Anderson Jr.,2024,3,0
Keeanu Benton,2024,3,0
Tuli Tuipulotu,2024,3,0
Lukas Van Ness,2024,3,0
Byron Young,2024,3,0
Kobie Turner,2024,3,0
Jahmyr Gibbs,2024,3,16.3
Kelee Ringo,2024,3,0
Brian Branch,2024,3,0
Will McDonald IV,2024,3,0
Isaiah Foskey,2024,3,0
Luke Musgrave,2024,3,1.3
Jayden Reed,2024,3,10.9
Christian Gonzalez,2024,3,0
Keion White,2024,3,0
Quan Martin,2024,3,0
Will Levis,2024,3,15.599999999999998
C.J. Stroud,2024,3,11.8
Anthony Richardson,2024,3,7.08
Zach Charbonnet,2024,3,25.700000000000003
Joey Porter Jr.,2024,3,0
Devon Witherspoon,2024,3,0
Jake Bates,2024,3,1
Nate Wiggins,2024,3,0
Johnny Wilson,2024,3,1.9
Braiden McGregor,2024,3,0
Leonard Taylor III,2024,3,0
Dee Williams,2024,3,0
Carson Steele,2024,3,8.399999999999999
Brandon Codrington,2024,3,0
Malik Nabers,2024,3,28.200000000000003
Brock Bowers,2024,3,7.1000000000000005
Laiatu Latu,2024,3,0
Xavier Legette,2024,3,6.2
Kamari Lassiter,2024,3,0
Renardo Green,2024,3,0
Trevin Wallace,2024,3,0
Dominick Puni,2024,3,-0.30000000000000004
Marist Liufau,2024,3,0
Jarrian Jones,2024,3,0
Luke McCaffrey,2024,3,7.4
Ja'Tavion Sanders,2024,3,0
Mason McCormick,2024,3,0
Cade Stover,2024,3,0
Bucky Irving,2024,3,11.4
Isaac Guerendo,2024,3,1.9000000000000001
Jacob Cowing,2024,3,0
Xavier Thomas,2024,3,0
Jarvis Brownlee Jr.,2024,3,0
Tommy Eichenberg,2024,3,0
Josh Newton,2024,3,0
Jaylon Carlies,2024,3,0
Tyrone Tracy Jr.,2024,3,6.000000000000001
Caelen Carson,2024,3,0
Marcellas Dial Jr.,2024,3,0
Jha'Quan Jackson,2024,3,0
Mekhi Wingo,2024,3,0
Will Reichard,2024,3,12
Cam Little,2024,3,5
Javontae Jean-Baptiste,2024,3,0
Jonah Laulu,2024,3,0
Jaylen Harrell,2024,3,0
Beanie Bishop Jr.,2024,3,0
Storm Duck,2024,3,0
Winston Reid,2024,3,0
Brevyn Spann-Ford,2024,3,0
British Brooks,2024,3,0.2
Matthew Hayball,2024,3,0
Rico Payton,2024,3,0
Isaiah Stalbird,2024,3,0
Mason Tipton,2024,3,3.1
Maema Njongmeta,2024,3,0
Brayden Narveson,2024,3,13
Thomas Harper,2024,3,0
Bo Richter,2024,3,0
Bo Nix,2024,3,19.34
Braden Fiske,2024,3,0
Tip Reiman,2024,3,0
Payton Wilson,2024,3,0
Tory Taylor,2024,3,0
Will Shipley,2024,3,0
Tyler Davis,2024,3,0
Joshua Karty,2024,3,9
Jordan Whittington,2024,3,5.800000000000001
Cedric Johnson,2024,3,0
Joe Andreessen,2024,3,0
Elijah Chatman,2024,3,0
Jaylen McCollough,2024,3,0
AJ Barner,2024,3,4.3
Braelon Allen,2024,3,9.8
Isaiah Davis,2024,3,0.6000000000000001
Max Melton,2024,3,0
Jonah Elliss,2024,3,0
Evan Williams,2024,3,0
Erick All Jr.,2024,3,6.2
Tyrice Knight,2024,3,0
Anthony Gould,2024,3,0
Andru Phillips,2024,3,0
Jaden Hicks,2024,3,0
Kamren Kinchens,2024,3,0
Calen Bullock,2024,3,0
Austin Booker,2024,3,0
Cooper DeJean,2024,3,0
Tykee Smith,2024,3,0
Theo Johnson,2024,3,2.3
Marvin Harrison Jr.,2024,3,17.4
Edgerrin Cooper,2024,3,0
Drake Maye,2024,3,2.08
Jared Verse,2024,3,0
Jalen McMillan,2024,3,1.6
Tyler Nubin,2024,3,0
Caedan Wallace,2024,3,0
Dadrion Taylor-Demerson,2024,3,0
Troy Franklin,2024,3,3.1
Cole Bishop,2024,3,0
Jaylen Wright,2024,3,1.7000000000000002
Ray Davis,2024,3,9.299999999999999
Javon Solomon,2024,3,0
T'Vondre Sweat,2024,3,0
Quinyon Mitchell,2024,3,0
Maason Smith,2024,3,0
Adonai Mitchell,2024,3,0
Brian Thomas Jr.,2024,3,9.8
Xavier Worthy,2024,3,5
Joe Alt,2024,3,0
Mike Sainristil,2024,3,0
Marshawn Kneeland,2024,3,0
Keon Coleman,2024,3,9.4
Chris Braswell,2024,3,0
Terrion Arnold,2024,3,0
Graham Barton,2024,3,0
Jer'Zhan Newton,2024,3,0
Ja'Lynn Polk,2024,3,3.3
Kris Jenkins,2024,3,0
Jayden Daniels,2024,3,28.060000000000002
Chop Robinson,2024,3,0
Ladd McConkey,2024,3,7.4
Caleb Williams,2024,3,19.32
Rome Odunze,2024,3,23.400000000000002
Trey Benson,2024,3,0.8
Amarius Mims,2024,3,0
NA,2024,3,0
Aaron Rodgers,2024,4,11.6
Matt Prater,2024,4,2
Nick Folk,2024,4,24
Joe Flacco,2024,4,15.02
Calais Campbell,2024,4,0
Josh Johnson,2024,4,0.04
Matthew Stafford,2024,4,5.860000000000001
Thomas Morstead,2024,4,0
Morgan Cox,2024,4,0
Brandon Graham,2024,4,0
Tyron Smith,2024,4,0
Cameron Jordan,2024,4,0
Cameron Heyward,2024,4,0
Andy Dalton,2024,4,16.7
Lawrence Guy,2024,4,0
Johnny Hekker,2024,4,0
Rodney McLeod Jr.,2024,4,0
Bobby Wagner,2024,4,0
Stephon Gilmore,2024,4,0
Lavonte David,2024,4,0
Justin Tucker,2024,4,5
Kirk Cousins,2024,4,7.52
Harrison Smith,2024,4,0
Greg Zuerlein,2024,4,9
Bryan Anger,2024,4,0
Kyle Juszczyk,2024,4,2.2
Zach Ertz,2024,4,5.2
Darius Slay,2024,4,0
Johnathan Hankins,2024,4,0
John Jenkins,2024,4,0
Sam Martin,2024,4,0
Dustin Hopkins,2024,4,5
Tress Way,2024,4,0
Keenan Allen,2024,4,4.9
William Gholston,2024,4,0
Robert Woods,2024,4,2
Tyrann Mathieu,2024,4,0
Travis Kelce,2024,4,15.9
DeAndre Hopkins,2024,4,5.1
Geno Smith,2024,4,22.6
Cordarrelle Patterson,2024,4,8.2
Mike Pennel,2024,4,0
Khalil Mack,2024,4,0
Chris Boswell,2024,4,8
Brent Urban,2024,4,0
Cairo Santos,2024,4,7
Brandin Cooks,2024,4,2.6
Shelby Harris,2024,4,0
Jake Matthews,2024,4,0
Derek Carr,2024,4,9.06
Kyle Van Noy,2024,4,0
Mike Evans,2024,4,23.4
DeMarcus Lawrence,2024,4,0
Chris Manhertz,2024,4,0
Jason Myers,2024,4,2
Amari Cooper,2024,4,7.5
Nelson Agholor,2024,4,3
Shaq Thompson,2024,4,0
Eric Kendricks,2024,4,0
Danielle Hunter,2024,4,0
Za'Darius Smith,2024,4,0
Shaq Mason,2024,4,0
Grady Jarrett,2024,4,0
Stefon Diggs,2024,4,18.5
Michael Burton,2024,4,1.3
Quandre Diggs,2024,4,0
Neville Hewitt,2024,4,0
DeAndre Carter,2024,4,0
Troy Hill,2024,4,0
DeShawn Williams,2024,4,0
Preston Smith,2024,4,0
Rakeem Nunez-Roches,2024,4,0
Dante Fowler Jr.,2024,4,0
Bradley Pinion,2024,4,0
Denzel Perryman,2024,4,0
Ameer Abdullah,2024,4,0
Angelo Blackson,2024,4,0
Chris Conley,2024,4,0
Jordan Hicks,2024,4,0
Bud Dupree,2024,4,0
Arik Armstead,2024,4,0
Ronald Darby,2024,4,0
Tyler Lockett,2024,4,11.100000000000001
Joe Cardona,2024,4,0
Mario Edwards,2024,4,0
Laremy Tunsil,2024,4,0
Sterling Shepard,2024,4,8.100000000000001
Jarran Reed,2024,4,0
Austin Hooper,2024,4,9.3
De'Vondre Campbell,2024,4,0
Matthew Judon,2024,4,0
Quinton Jefferson,2024,4,0
DJ Reader,2024,4,0
Kamu Grugier-Hill,2024,4,0
Elandon Roberts,2024,4,0
Kalif Raymond,2024,4,1.9
Mike Hilton,2024,4,0
Wil Lutz,2024,4,4
Jonathan Jones,2024,4,0
Roy Robertson-Harris,2024,4,0
Morgan Fox,2024,4,0
Ka'imi Fairbairn,2024,4,6
Chris Jones,2024,4,0
Derrick Henry,2024,4,34.900000000000006
Demarcus Robinson,2024,4,5.7
A'Shawn Robinson,2024,4,0
Vonn Bell,2024,4,0
Riley Dixon,2024,4,0
Ronnie Stanley,2024,4,0
Justin Simmons,2024,4,0
Tyler Boyd,2024,4,5.1
Eric Murray,2024,4,0
Tyreek Hill,2024,4,8.200000000000001
Ezekiel Elliott,2024,4,3.4000000000000004
Jihad Ward,2024,4,0
David Onyemata,2024,4,0
Jalen Ramsey,2024,4,0
Adam Gotsis,2024,4,0
Andrew Billings,2024,4,0
Leonard Floyd,2024,4,0
Emmanuel Ogbah,2024,4,0
Dak Prescott,2024,4,16.74
Hunter Henry,2024,4,3.2
Jonathan Bullard,2024,4,0
Jared Goff,2024,4,27.18
Jacoby Brissett,2024,4,6.019999999999999
Kenny Clark,2024,4,0
Maliek Collins,2024,4,0
Kevin Byard,2024,4,0
Johnny Mundt,2024,4,3.5
Zach Pascal,2024,4,0
Rigoberto Sanchez,2024,4,0
Marlon Humphrey,2024,4,0
Curtis Samuel,2024,4,3.5
Tyus Bowser,2024,4,0
George Kittle,2024,4,14.5
Jermaine Eluemunor,2024,4,0
Aaron Jones,2024,4,17.900000000000002
Chuck Clark,2024,4,0
D.J. Jones,2024,4,0
Harrison Butker,2024,4,4
Eric Wilson,2024,4,0
Taysom Hill,2024,4,14.4
Tim Patrick,2024,4,7.2
Patrick Ricard,2024,4,0
Adam Butler,2024,4,0
Pharaoh Brown,2024,4,1.3
Nicholas Morrow,2024,4,0
John Ross,2024,4,1.6
Raekwon McMillan,2024,4,0
Carl Lawson,2024,4,0
Jonathan Allen,2024,4,0
Samaje Perine,2024,4,7.4
Mike Williams,2024,4,10.7
Deshaun Watson,2024,4,12.239999999999998
Garett Bolles,2024,4,0
Takk McKinley,2024,4,0
Dalvin Tomlinson,2024,4,0
Duke Riley,2024,4,0
Rasul Douglas,2024,4,0
James Conner,2024,4,18.299999999999997
Mack Hollins,2024,4,1.5
Jalen Reeves-Maybin,2024,4,0
Anthony Walker,2024,4,0
Xavier Woods,2024,4,0
Jeremiah Ledbetter,2024,4,0
Noah Brown,2024,4,5.6
Michael Davis,2024,4,0
Younghoe Koo,2024,4,20
DeMarcus Walker,2024,4,0
Ahkello Witherspoon,2024,4,0
Eddie Jackson,2024,4,0
Jake Elliott,2024,4,2
Dare Ogunbowale,2024,4,15.4
Jonnu Smith,2024,4,0
Davon Godchaux,2024,4,0
Myles Garrett,2024,4,0
Mitchell Trubisky,2024,4,0.08
Solomon Thomas,2024,4,0
Patrick Mahomes,2024,4,14
Marshon Lattimore,2024,4,0
Derek Barnett,2024,4,0
Malik Hooker,2024,4,0
Charles Harris,2024,4,0
Jabrill Peppers,2024,4,0
Tre'Davious White,2024,4,0
T.J. Watt,2024,4,0
Budda Baker,2024,4,0
Marcus Maye,2024,4,0
Marcus Williams,2024,4,0
Larry Ogunjobi,2024,4,0
Alvin Kamara,2024,4,24.9
Dawuane Smoot,2024,4,0
Alex Anzalone,2024,4,0
Chris Godwin Jr.,2024,4,12.9
Kareem Hunt,2024,4,10.5
D'Onta Foreman,2024,4,1.7
Shaquill Griffin,2024,4,0
Jourdan Lewis,2024,4,0
Trey Hendrickson,2024,4,0
Rayshawn Jenkins,2024,4,0
Josh Reynolds,2024,4,0
Deatrich Wise,2024,4,0
Jamaal Williams,2024,4,3.9000000000000004
Grover Stewart,2024,4,0
Jeremy McNichols,2024,4,20.400000000000002
Coleman Shelton,2024,4,0
J.T. Gray,2024,4,0
Chris Lammons,2024,4,0
Brian O'Neill,2024,4,0
Will Dissly,2024,4,4.4
Michael Dickson,2024,4,0
Daniel Carlson,2024,4,10
J.K. Scott,2024,4,0
Eddy Pineiro,2024,4,7
Gus Edwards,2024,4,1.9000000000000001
Poona Ford,2024,4,0
Elijah Campbell,2024,4,0
Daniel Ekuale,2024,4,0
Tarvarius Moore,2024,4,0
Tyler Conklin,2024,4,5.7
Marquez Valdes-Scantling,2024,4,0
Foley Fatukasi,2024,4,0
DeShon Elliott,2024,4,0
Tremon Smith,2024,4,0
Zach Sieler,2024,4,0
Ben Niemann,2024,4,0
Frankie Luvu,2024,4,0
Kentavius Street,2024,4,0
Daron Payne,2024,4,0
Quenton Nelson,2024,4,0
Courtland Sutton,2024,4,15
Dallas Goedert,2024,4,13.2
Donte Jackson,2024,4,0
Tyquan Lewis,2024,4,0
Lorenzo Carter,2024,4,0
Justin Reid,2024,4,0
Jordan Akins,2024,4,2
Josey Jewell,2024,4,0
Da'Shawn Hand,2024,4,0
Dorance Armstrong,2024,4,0
Jordan Whitehead,2024,4,0
Kyzir White,2024,4,0
Avonte Maddox,2024,4,0
Josh Sweat,2024,4,0
Dalton Schultz,2024,4,6.4
D.J. Reed,2024,4,0
Justin Watson,2024,4,4.7
Bilal Nichols,2024,4,0
Siran Neal,2024,4,0
Tim Settle,2024,4,0
Ray-Ray McCloud,2024,4,11.2
Matt Pryor,2024,4,0
Braxton Berrios,2024,4,0
Zaire Franklin,2024,4,0
Logan Cooke,2024,4,0
Greg Joseph,2024,4,19
Bruce Hector,2024,4,0
Dennis Gardeck,2024,4,0
Trent Sherfield,2024,4,1.8
Levi Wallace,2024,4,0
Allen Lazard,2024,4,10.8
Charvarius Ward,2024,4,0
Brandon Powell,2024,4,0
Tremaine Edmunds,2024,4,0
Jessie Bates,2024,4,0
Robert Spillane,2024,4,0
Corey Bojorquez,2024,4,0
Nick Thurman,2024,4,0
Orlando Brown,2024,4,0
Mark Andrews,2024,4,0
Nathan Shepherd,2024,4,0
Mason Rudolph,2024,4,3.4
Vita Vea,2024,4,0
Christian Kirk,2024,4,19.1
Carlton Davis III,2024,4,0
Isaac Yiadom,2024,4,0
Harrison Phillips,2024,4,0
Minkah Fitzpatrick,2024,4,0
Jason Sanders,2024,4,9
Lamar Jackson,2024,4,23.64
John Franklin-Myers,2024,4,0
Ogbo Okoronkwo,2024,4,0
Sebastian Joseph-Day,2024,4,0
Fred Warner,2024,4,0
Arden Key,2024,4,0
D.J. Moore,2024,4,11.2
Harold Landry III,2024,4,0
Mike Gesicki,2024,4,0.09999999999999998
Hayden Hurst,2024,4,1.6
Sam Hubbard,2024,4,0
Calvin Ridley,2024,4,2.5
Taven Bryan,2024,4,0
Mike Hughes,2024,4,0
Saquon Barkley,2024,4,13.600000000000001
KhaDarel Hodge,2024,4,0
Baker Mayfield,2024,4,27.880000000000003
Denzel Ward,2024,4,0
Josh Allen,2024,4,7.300000000000001
Terrell Edmunds,2024,4,0
Sam Darnold,2024,4,21.5
Roquan Smith,2024,4,0
Steven Sims,2024,4,0
Mitch Wishnowsky,2024,4,0
Fred Johnson,2024,4,0
Jakobi Meyers,2024,4,9.9
D'Angelo Ross,2024,4,0
Rashan Gary,2024,4,0
Alexander Mattison,2024,4,6
Julian Love,2024,4,0
Justice Hill,2024,4,21.6
E.J. Speed,2024,4,0
Quinton Bell,2024,4,0
Demetrius Flannigan-Fowles,2024,4,0
Kevin Givens,2024,4,0
Jamie Gillan,2024,4,0
Sam Mustipher,2024,4,0
Micah Abernathy,2024,4,0
Patrick Mekari,2024,4,0
Keisean Nixon,2024,4,0
Mecole Hardman,2024,4,0
Mack Wilson,2024,4,0
Austin Seibert,2024,4,11
Jack Fox,2024,4,0
Azeez Al-Shaair,2024,4,0
AJ Cole,2024,4,0
Joey Slye,2024,4,11
Del'Shawn Phillips,2024,4,0
Olamide Zaccheaus,2024,4,14.5
Deonte Harty,2024,4,0
Diontae Johnson,2024,4,21.3
P.J. Locke,2024,4,0
Kyler Murray,2024,4,9.98
Christian Wilkins,2024,4,0
Byron Murphy,2024,4,0
Jawaan Taylor,2024,4,0
Sean Murphy-Bunting,2024,4,0
Jahlani Tavai,2024,4,0
Miles Sanders,2024,4,7.6000000000000005
Zach Allen,2024,4,0
Josh Oliver,2024,4,9
Devin Singletary,2024,4,4.800000000000001
C.J. Gardner-Johnson,2024,4,0
Anthony Nelson,2024,4,0
Hjalte Froholdt,2024,4,0
Tony Pollard,2024,4,18.8
Drue Tranquill,2024,4,0
Matt Gay,2024,4,8
Amani Oruwariye,2024,4,0
Andrew Van Ginkel,2024,4,0
Blake Cashman,2024,4,0
Mike Jackson,2024,4,0
Jake Bailey,2024,4,0
Gardner Minshew,2024,4,5
Trayveon Williams,2024,4,0
Donovan Wilson,2024,4,0
Myles Gaskin,2024,4,0
Kaden Elliss,2024,4,0
Tyrel Dodson,2024,4,0
Cam Lewis,2024,4,0
Chase McLaughlin,2024,4,11
T.J. Edwards,2024,4,0
Carl Granderson,2024,4,0
Lil'Jordan Humphrey,2024,4,0
Greg Dortch,2024,4,7.800000000000001
Devin Bush,2024,4,0
Elgton Jenkins,2024,4,0
Darius Slayton,2024,4,8.600000000000001
Ty Johnson,2024,4,6.3
Alex Bachman,2024,4,0
Troy Reeder,2024,4,0
D'Ernest Johnson,2024,4,0
Drew Sample,2024,4,1
Amani Hooker,2024,4,0
Corey Ballentine,2024,4,0
L.J. Collier,2024,4,0
Parris Campbell,2024,4,11.7
DK Metcalf,2024,4,15.399999999999999
Josh Hines-Allen,2024,4,0
Noah Fant,2024,4,4.6
Montez Sweat,2024,4,0
Will Harris,2024,4,0
Khalen Saunders,2024,4,0
Terry McLaurin,2024,4,18.2
Taylor Rapp,2024,4,0
Greg Gaines,2024,4,0
David Edwards,2024,4,0
Nick Scott,2024,4,0
Cody Barton,2024,4,0
Jerry Tillery,2024,4,0
Dre'Mont Jones,2024,4,0
Quincy Williams,2024,4,0
Dexter Lawrence,2024,4,0
David Montgomery,2024,4,15
Bobby Okereke,2024,4,0
Trey Pipkins,2024,4,0
Dawson Knox,2024,4,1
Duke Shelley,2024,4,0
Germaine Pratt,2024,4,0
Jamel Dean,2024,4,0
Josh Jacobs,2024,4,11.8
Jalen Thompson,2024,4,0
Daniel Jones,2024,4,10.540000000000001
Brian Burns,2024,4,0
Nick Bosa,2024,4,0
Quinnen Williams,2024,4,0
Deebo Samuel Sr.,2024,4,10.200000000000001
Malcolm Roach,2024,4,0
JaMycal Hasty,2024,4,1.5
Corliss Waitman,2024,4,0
Benito Jones,2024,4,0
Chris Williams,2024,4,0
Blake Gillikin,2024,4,0
Tommy Townsend,2024,4,0
Tershawn Wharton,2024,4,0
Michael Hoecht,2024,4,0
Christian Rozeboom,2024,4,0
Myles Adams,2024,4,0
Krys Barnes,2024,4,0
Patrick Taylor,2024,4,0
Tyler Huntley,2024,4,11.84
Jalen Elliott,2024,4,0
Juwan Johnson,2024,4,3.3
Broderick Washington,2024,4,0
J.J. Taylor,2024,4,1.8
Nick Leverett,2024,4,0
Khalil Dorsey,2024,4,0
Nnamdi Madubuike,2024,4,0
Ben Bredeson,2024,4,0
James Proche,2024,4,1.3
Rico Dowdle,2024,4,13.100000000000001
Bryce Huff,2024,4,0
Kristian Welch,2024,4,0
J.K. Dobbins,2024,4,9.2
Joshua Uche,2024,4,0
Tyler Bass,2024,4,5
Teair Tart,2024,4,0
Reggie Gilliam,2024,4,0
A.J. Epenesa,2024,4,0
Gabe Davis,2024,4,0.8
Geno Stone,2024,4,0
Raekwon Davis,2024,4,0
Blake Ferguson,2024,4,0
Brandon Jones,2024,4,0
Isaiah Rodgers,2024,4,0
Jonathan Taylor,2024,4,19.8
Jonathan Greenard,2024,4,0
Kyle Dugger,2024,4,0
Harrison Bryant,2024,4,4.1
Nick Harris,2024,4,0
Colby Parkinson,2024,4,7.300000000000001
Julian Okwara,2024,4,0
Zack Moss,2024,4,17.8
Michael Pittman Jr.,2024,4,17.3
Julian Blackmon,2024,4,0
Jauan Jennings,2024,4,11.8
Javon Kinlaw,2024,4,0
Brandon Aiyuk,2024,4,6.800000000000001
DaVon Hamilton,2024,4,0
Jordan Love,2024,4,31.160000000000004
Laviska Shenault Jr.,2024,4,2.8
D'Andre Swift,2024,4,29.5
Malik Harrison,2024,4,0
Grant Delpit,2024,4,0
A.J. Terrell,2024,4,0
K'Lavon Chaisson,2024,4,0
Noah Igbinoghene,2024,4,0
Yetur Gross-Matos,2024,4,0
Cole Kmet,2024,4,6.4
Jaylon Johnson,2024,4,0
Jeremy Chinn,2024,4,0
Logan Wilson,2024,4,0
Akeem Davis-Gaither,2024,4,0
Mykal Walker,2024,4,0
Jaylinn Hawkins,2024,4,0
Trevis Gipson,2024,4,0
Daniel Thomas,2024,4,0
Darnell Mooney,2024,4,8.600000000000001
Braden Mann,2024,4,0
Chase Young,2024,4,0
Justin Jefferson,2024,4,20.5
Patrick Queen,2024,4,0
Robert Hunt,2024,4,0
Ezra Cleveland,2024,4,0
Antonio Gibson,2024,4,10.9
Ashtyn Davis,2024,4,0
Devin Duvernay,2024,4,0
James Lynch,2024,4,0
Troy Dye,2024,4,0
Khaleke Hudson,2024,4,0
K.J. Osborn,2024,4,1.3
Blake Brandel,2024,4,0
Josh Metellus,2024,4,0
Kam Curl,2024,4,0
James Smith-Williams,2024,4,0
Justin Herbert,2024,4,10.16
Isaiah Simmons,2024,4,0
CeeDee Lamb,2024,4,23.6
Trevon Diggs,2024,4,0
Willie Gay Jr.,2024,4,0
Neville Gallimore,2024,4,0
John Simpson,2024,4,0
L'Jarius Sneed,2024,4,0
Amik Robertson,2024,4,0
Alohi Gilman,2024,4,0
Xavier McKinney,2024,4,0
Jalen Hurts,2024,4,15.32
Lloyd Cushenberry III,2024,4,0
Darnay Holmes,2024,4,0
K'Von Wallace,2024,4,0
Casey Toohill,2024,4,0
Jerry Jeudy,2024,4,13.2
Jordyn Brooks,2024,4,0
Tee Higgins,2024,4,12
Darrell Taylor,2024,4,0
Cam Akers,2024,4,5.300000000000001
Van Jefferson,2024,4,4.1
Kristian Fulton,2024,4,0
Zack Baun,2024,4,0
DeeJay Dallas,2024,4,0
Tyler Johnson,2024,4,0
Justin Strnad,2024,4,0
Khalil Davis,2024,4,0
"Kenneth Murray, Jr.",2024,4,0
Joe Burrow,2024,4,17.28
Dayo Odeyingbo,2024,4,0
Jamien Sherwood,2024,4,0
Michael Carter II,2024,4,0
Jason Pinnock,2024,4,0
DJ Turner,2024,4,7.8
Rashod Bateman,2024,4,3.3000000000000003
Aaron Banks,2024,4,0
Azeez Ojulari,2024,4,0
Nico Collins,2024,4,33.1
Chuba Hubbard,2024,4,22.099999999999998
Deommodore Lenoir,2024,4,0
Roy Lopez,2024,4,0
Gary Brightwell,2024,4,0
Ar'Darius Washington,2024,4,0
Nick McCloud,2024,4,0
Alaric Jackson,2024,4,0
Jaylen Waddle,2024,4,7.6
Jamin Davis,2024,4,0
Asante Samuel Jr.,2024,4,0
Sam Cosmi,2024,4,0
Nick Bolton,2024,4,0
Josh Myers,2024,4,0
Alim McNeill,2024,4,0
Benjamin St-Juste,2024,4,0
Dyami Brown,2024,4,1.4
John Bates,2024,4,1.9
Camryn Bynum,2024,4,0
Tylan Wallace,2024,4,0
Ihmir Smith-Marsette,2024,4,0
Noah Gray,2024,4,8
Tedarrell Slaton,2024,4,0
K.J. Britt,2024,4,0
Simi Fehoko,2024,4,0
Isaiah McDuffie,2024,4,0
Trey Smith,2024,4,0
Israel Mukuamu,2024,4,0
Zayne Anderson,2024,4,0
Malik Herring,2024,4,0
Devon Key,2024,4,0
Sam Kamara,2024,4,0
Charles Snowden,2024,4,0
Adam Prentice,2024,4,0
Jack Stoll,2024,4,1.4
Brock Wright,2024,4,3.3
Christian Elliss,2024,4,0
Feleipe Franks,2024,4,0
Ryan Neuzil,2024,4,0
Isaiahh Loudermilk,2024,4,0
Tutu Atwell,2024,4,12.200000000000001
Evan McPherson,2024,4,13
Nate Hobbs,2024,4,0
Pat Surtain II,2024,4,0
Rhamondre Stevenson,2024,4,8.2
Kylen Granson,2024,4,0
Janarius Robinson,2024,4,0
Penei Sewell,2024,4,0
Jay Tufele,2024,4,0
Marco Wilson,2024,4,0
Tre Brown,2024,4,0
Luke Farrell,2024,4,0
Damar Hamlin,2024,4,0
Najee Harris,2024,4,10.3
Pat Freiermuth,2024,4,16.7
Victor Dimukeje,2024,4,0
Ja'Marr Chase,2024,4,17.5
Eric Stokes,2024,4,0
Joseph Ossai,2024,4,0
Bobby Brown III,2024,4,0
Greg Rousseau,2024,4,0
Jeremiah Owusu-Koramoah,2024,4,0
Milton Williams,2024,4,0
Kenneth Gainwell,2024,4,0.9
Payton Turner,2024,4,0
Pete Werner,2024,4,0
Micah Parsons,2024,4,0
Zaven Collins,2024,4,0
Jaelan Phillips,2024,4,0
Paulson Adebo,2024,4,0
Odafe Oweh,2024,4,0
Andre Cisco,2024,4,0
Osa Odighizuwa,2024,4,0
Mitchell Fraboni,2024,4,0
Jaycee Horn,2024,4,0
Justin Fields,2024,4,30.98
Ta'Quon Graham,2024,4,0
Avery Williams,2024,4,0
Jonathon Cooper,2024,4,0
Levi Onwuzurike,2024,4,0
Richie Grant,2024,4,0
Tre'von Moehrig,2024,4,0
Amon-Ra St. Brown,2024,4,20.78
Joe Tryon-Shoyinka,2024,4,0
Kyle Pitts,2024,4,0
Trevor Lawrence,2024,4,14.76
Travis Etienne,2024,4,7
Spencer Brown,2024,4,0
Elijah Moore,2024,4,2.1
Chauncey Golston,2024,4,0
Trey Sermon,2024,4,0.8
Brandon Stephens,2024,4,0
Joshua Palmer,2024,4,6.6
Elijah Molden,2024,4,0
Ernest Jones,2024,4,0
Javonte Williams,2024,4,10
Jevon Holland,2024,4,0
Chazz Surratt,2024,4,0
Patrick Jones II,2024,4,0
Dee Alford,2024,4,0
Jordan Davis,2024,4,0
Quay Walker,2024,4,0
Devonte Wyatt,2024,4,0
Riq Woolen,2024,4,0
Braxton Jones,2024,4,0
Tyler Badie,2024,4,-0.3999999999999999
Grant Calcaterra,2024,4,3.6
Bo Melton,2024,4,3.8000000000000003
Dareke Young,2024,4,0
Trenton Gill,2024,4,0
Jack Sanborn,2024,4,0
Reed Blankenship,2024,4,0
Tony Adams,2024,4,0
Irvin Charles,2024,4,0
Josh Ross,2024,4,0
Sauce Gardner,2024,4,0
Trent McDuffie,2024,4,0
George Karlaftis,2024,4,0
Bryan Cook,2024,4,0
Jaylen Watson,2024,4,0
Nazeeh Johnson,2024,4,0
LaBryan Ray,2024,4,0
Brenden Schooler,2024,4,0
Cameron Dicker,2024,4,5
Ikem Ekwonu,2024,4,0
Travon Walker,2024,4,0
Aidan Hutchinson,2024,4,0
Derek Stingley Jr.,2024,4,0
Drake London,2024,4,12.4
Chris Olave,2024,4,16.700000000000003
Jameson Williams,2024,4,16
Trevor Penning,2024,4,0
Kaiir Elam,2024,4,0
Jalen Pitre,2024,4,0
George Pickens,2024,4,16.3
James Cook,2024,4,5.800000000000001
Nik Bonitto,2024,4,0
Martin Emerson,2024,4,0
Alex Wright,2024,4,0
Greg Dulcich,2024,4,0
Marcus Jones,2024,4,0
Rachaad White,2024,4,10.4
Micah McFadden,2024,4,0
DJ Davidson,2024,4,0
Khalil Shakir,2024,4,10.2
Thomas Booker,2024,4,0
Tyler Allgeier,2024,4,10
Jerome Ford,2024,4,15.5
Zyon McCollum,2024,4,0
Eric Johnson,2024,4,0
Otito Ogbonnia,2024,4,0
D'Marco Jackson,2024,4,0
Ty Chandler,2024,4,2.3
Luke Wattenberg,2024,4,0
Matt Araiza,2024,4,0
Christian Benford,2024,4,0
Malcolm Rodriguez,2024,4,0
Jalen Nailor,2024,4,4.1
Drew Ogletree,2024,4,8.5
Jamaree Salyer,2024,4,0
Connor Heyward,2024,4,0
James Houston,2024,4,0
Montaric Brown,2024,4,0
Baylon Spector,2024,4,0
D'Anthony Bell,2024,4,0
Tanner Conner,2024,4,3.5
Kader Kohou,2024,4,0
Ben Stille,2024,4,0
Ja'Quan McMillian,2024,4,0
Dallis Flowers,2024,4,0
Raheem Blackshear,2024,4,0
Tyreik McAllister,2024,4,1.1
Jake Hansen,2024,4,0
Tristin McCollum,2024,4,0
J.J. Russell,2024,4,0
Ryan Wright,2024,4,0
Isaiah Pola-Mao,2024,4,0
Luke Masterson,2024,4,0
Jordan Mason,2024,4,24
Marcelino McCrary-Ball,2024,4,0
Rashid Shaheed,2024,4,17.700000000000003
Daniel Whelan,2024,4,0
Darrell Baker Jr.,2024,4,0
Ronnie Rivers,2024,4,2.6
Juanyeh Thomas,2024,4,0
Tre Avery,2024,4,0
Sam Okuayinonu,2024,4,0
Jayden Peevy,2024,4,0
Ryan Stonehouse,2024,4,0
Aaron Shampklin,2024,4,0.5
Kayvon Thibodeaux,2024,4,0
Kenyon Green,2024,4,0
John Metchie III,2024,4,1.7000000000000002
Nakobe Dean,2024,4,0
Nick Cross,2024,4,0
Jacob Hummel,2024,4,0
Ja'Marcus Ingram,2024,4,0
Alec Pierce,2024,4,1.9
Jalen Tolbert,2024,4,5.4
Kerby Joseph,2024,4,0
Brandon Aubrey,2024,4,5
Jeremiah Pharms Jr.,2024,4,0
Garrett Wilson,2024,4,7.100000000000001
Jahan Dotson,2024,4,3.1
Treylon Burks,2024,4,2.3
Daxton Hill,2024,4,0
Brian Robinson Jr.,2024,4,20.3
Tycen Anderson,2024,4,0
Cam Taylor-Britt,2024,4,0
Nicholas Petit-Frere,2024,4,0
Travis Jones,2024,4,0
Cordale Flott,2024,4,0
DeMarvin Leal,2024,4,0
Dondrea Tillman,2024,4,0
KaVontae Turpin,2024,4,0
Zachary Carter,2024,4,0
Jeremy Ruckert,2024,4,3
DeAngelo Malone,2024,4,0
Chigoziem Okonkwo,2024,4,1.5
Troy Andersen,2024,4,0
Chad Muma,2024,4,0
Romeo Doubs,2024,4,7.9
Leo Chenal,2024,4,0
Samuel Womack,2024,4,0
Brock Purdy,2024,4,13.62
Calvin Austin III,2024,4,2.7
Isaiah Likely,2024,4,3.6
Cobie Durant,2024,4,0
Kyren Williams,2024,4,20.4
Quentin Lake,2024,4,0
Kyle Hamilton,2024,4,0
Jack Jones,2024,4,0
Zamir White,2024,4,3
Jake Ferguson,2024,4,10.9
Charlie Kolar,2024,4,0
Skyy Moore,2024,4,0
Jordan Stout,2024,4,0
Cordell Volson,2024,4,0
Joshua Paschal,2024,4,0
Phidarian Mathis,2024,4,0
Percy Butler,2024,4,0
Akayleb Evans,2024,4,0
Tyquan Thornton,2024,4,0
Micheal Clemons,2024,4,0
Kyler Gordon,2024,4,0
Daniel Bellinger,2024,4,0
Arnold Ebiketie,2024,4,0
Wan'Dale Robinson,2024,4,18.1
Breece Hall,2024,4,3.8
Alontae Taylor,2024,4,0
Christian Watson,2024,4,0
Roger McCreary,2024,4,0
Logan Hall,2024,4,0
Cade Otton,2024,4,11.2
Andrew Booth,2024,4,0
Kenneth Walker III,2024,4,33.6
Jaquan Brisker,2024,4,0
Coby Bryant,2024,4,0
David Ojabo,2024,4,0
Xavier Smith,2024,4,0
Jalen Carter,2024,4,0
Dontayvion Wicks,2024,4,24.8
Eric Gray,2024,4,0.1
Karl Brooks,2024,4,0
Jaylon Jones,2024,4,0
Moro Ojomo,2024,4,0
Malik Heath,2024,4,3.2
Brady Russell,2024,4,0
Ben VanSumeren,2024,4,0
Claudin Cherelus,2024,4,0
Xavier Gipson,2024,4,1.6
Trenton Simpson,2024,4,0
Tavius Robinson,2024,4,0
DJ Johnson,2024,4,0
Paris Johnson Jr.,2024,4,0
Tyree Wilson,2024,4,0
Bijan Robinson,2024,4,11.400000000000002
Jaxon Smith-Njigba,2024,4,13.100000000000001
Quentin Johnston,2024,4,2.3
Mazi Smith,2024,4,0
DJ Turner II,2024,4,0
Riley Moss,2024,4,0
Daiyan Henley,2024,4,0
Ji'Ayir Brown,2024,4,0
Tank Bigsby,2024,4,9
DeMarvion Overshown,2024,4,0
Dorian Williams,2024,4,0
Darnell Washington,2024,4,5.1
Michael Wilson,2024,4,4.800000000000001
Jake Moody,2024,4,13
Tre Tucker,2024,4,15.400000000000002
Clark Phillips III,2024,4,0
Ventrell Miller,2024,4,0
Derius Davis,2024,4,0
Isaiah McGuire,2024,4,0
Charlie Jones,2024,4,0
Nick Herbig,2024,4,0
Yasir Abdullah,2024,4,0
Cameron Mitchell,2024,4,0
Jammie Robinson,2024,4,0
Jordan Howden,2024,4,0
Josh Whyle,2024,4,1.5
Antonio Johnson,2024,4,0
Chase Brown,2024,4,23.2
Henry To'oTo'o,2024,4,0
Kayshon Boutte,2024,4,2.1
Bryce Baringer,2024,4,0
Scott Matlock,2024,4,1.7000000000000002
Amari Burney,2024,4,0
Andrei Iosivas,2024,4,3.9000000000000004
DeMario Douglas,2024,4,4.3
Dante Stills,2024,4,0
Dee Winters,2024,4,0
Kenny McIntosh,2024,4,0
Spencer Anderson,2024,4,0
Brandon Joseph,2024,4,0
Starling Thomas V,2024,4,0
Brandon Pili,2024,4,0
Keidron Smith,2024,4,0
Emari Demercado,2024,4,3.4000000000000004
Blake Whiteheart,2024,4,10.3
Ronnie Hickman Jr.,2024,4,0
Isaiah Land,2024,4,0
Hunter Luepke,2024,4,4.2
Jake Bobo,2024,4,6
Nate Adkins,2024,4,1
Thomas Incoom,2024,4,0
Jaleel McLaughlin,2024,4,5.6000000000000005
Alex Palczewski,2024,4,0
Emanuel Wilson,2024,4,2.7
Christian Izien,2024,4,0
AJ Finley,2024,4,0
Blake Grupe,2024,4,7
Anfernee Orji,2024,4,0
McClendon Curtis,2024,4,0
Drake Thomas,2024,4,0
Darnell Wright,2024,4,0
Dalton Kincaid,2024,4,9.7
Brenton Strange,2024,4,4.9
Jalin Hyatt,2024,4,0
Sean Tucker,2024,4,2.7
Marvin Mims Jr.,2024,4,0
Zach Harrison,2024,4,0
Chamarri Conner,2024,4,0
Jordan Addison,2024,4,22.9
Bryan Bresee,2024,4,0
Tucker Kraft,2024,4,15.3
Josh Downs,2024,4,22.200000000000003
Deonte Banks,2024,4,0
Tyler Steen,2024,4,0
Felix Anudike-Uzomah,2024,4,0
Garrett Williams,2024,4,0
Nolan Smith,2024,4,0
Dawand Jones,2024,4,0
Jack Campbell,2024,4,0
Roschon Johnson,2024,4,8.6
Adetomiwa Adebawore,2024,4,0
Tyjae Spears,2024,4,11.9
Peter Skoronski,2024,4,0
De'Von Achane,2024,4,5.9
Elijah Higgins,2024,4,3.2
Derick Hall,2024,4,0
Matthew Bergeron,2024,4,0
Payne Durham,2024,4,0
Josh Hayes,2024,4,0
Trey Palmer,2024,4,11.6
Ethan Evans,2024,4,0
Jonathan Mingo,2024,4,5.4
Zay Flowers,2024,4,2
Sam LaPorta,2024,4,9.3
Rashee Rice,2024,4,0
Yaya Diaby,2024,4,0
Gervon Dexter Sr.,2024,4,0
Tyrique Stevenson,2024,4,0
Jakorian Bennett,2024,4,0
Will Anderson Jr.,2024,4,0
Broderick Jones,2024,4,0
Keeanu Benton,2024,4,0
Tuli Tuipulotu,2024,4,0
Lukas Van Ness,2024,4,0
Byron Young,2024,4,0
Kobie Turner,2024,4,0
Jahmyr Gibbs,2024,4,19.8
Kelee Ringo,2024,4,0
Will McDonald IV,2024,4,0
Luke Musgrave,2024,4,4.3
Jayden Reed,2024,4,27.1
Christian Gonzalez,2024,4,0
Keion White,2024,4,0
Quan Martin,2024,4,0
Emmanuel Forbes,2024,4,0
Will Levis,2024,4,0.5
C.J. Stroud,2024,4,23.5
Anthony Richardson,2024,4,4.24
Zach Charbonnet,2024,4,10.4
Joey Porter Jr.,2024,4,0
Devon Witherspoon,2024,4,0
Jake Bates,2024,4,6
Nate Wiggins,2024,4,0
Roger Rosengarten,2024,4,0
T.J. Tampa,2024,4,0
Johnny Wilson,2024,4,0
Eric Watts,2024,4,0
Dee Williams,2024,4,0
Ryan Rehkow,2024,4,0
Carson Steele,2024,4,-0.3999999999999999
Brandon Codrington,2024,4,0
Malik Nabers,2024,4,23.1
Brock Bowers,2024,4,5.1000000000000005
Taliese Fuaga,2024,4,0
Laiatu Latu,2024,4,0
Tyler Guyton,2024,4,0
Xavier Legette,2024,4,19.6
Kamari Lassiter,2024,4,0
Renardo Green,2024,4,0
Trevin Wallace,2024,4,0
Cooper Beebe,2024,4,0
DJ Glaze,2024,4,0
Marist Liufau,2024,4,0
Jarrian Jones,2024,4,0
Luke McCaffrey,2024,4,2.7
Ja'Tavion Sanders,2024,4,3.6
Mason McCormick,2024,4,0
Cade Stover,2024,4,3.7
Malik Mustapha,2024,4,0
Bucky Irving,2024,4,12.5
Isaac Guerendo,2024,4,0
Jacob Cowing,2024,4,0
Tarheeb Still,2024,4,0
Cam Hart,2024,4,0
Jarvis Brownlee Jr.,2024,4,0
Tommy Eichenberg,2024,4,0
Jaylon Carlies,2024,4,0
Tyrone Tracy Jr.,2024,4,3.1
Jha'Quan Jackson,2024,4,0
Will Reichard,2024,4,7
Cam Little,2024,4,11
Daijahn Anthony,2024,4,0
Tatum Bethune,2024,4,0
Hogan Hatten,2024,4,0
Beanie Bishop Jr.,2024,4,0
Storm Duck,2024,4,0
Jalen Coker,2024,4,0
Winston Reid,2024,4,0
Brevyn Spann-Ford,2024,4,0
Kameron Johnson,2024,4,0
Demani Richardson,2024,4,0
Matthew Hayball,2024,4,0
Mason Tipton,2024,4,1.6
Brayden Narveson,2024,4,1
Tyler Owens,2024,4,0
Colson Yankoff,2024,4,0
Evan Anderson,2024,4,0
Jaylen Mahoney,2024,4,0
JC Latham,2024,4,0
Bo Nix,2024,4,6.7
Braden Fiske,2024,4,0
Jackson Powers-Johnson,2024,4,0
Payton Wilson,2024,4,0
Tanor Bortolini,2024,4,0
Tory Taylor,2024,4,0
Will Shipley,2024,4,0
Tyler Davis,2024,4,0
Joshua Karty,2024,4,14
Jordan Whittington,2024,4,12.2
Omar Speights,2024,4,0
Jaylen McCollough,2024,4,0
Cam Lampkin,2024,4,0
Qwan'tez Stiggers,2024,4,0
Olumuyiwa Fashanu,2024,4,0
Adisa Isaac,2024,4,0
AJ Barner,2024,4,10.7
Braelon Allen,2024,4,5.6000000000000005
Max Melton,2024,4,0
Jonah Elliss,2024,4,0
Ty'Ron Hopper,2024,4,0
Erick All Jr.,2024,4,6.800000000000001
Tyrice Knight,2024,4,0
Jeremiah Trotter Jr.,2024,4,0
Kamren Kinchens,2024,4,0
Calen Bullock,2024,4,0
Austin Booker,2024,4,0
Cooper DeJean,2024,4,0
Tykee Smith,2024,4,0
Theo Johnson,2024,4,1.6
Marvin Harrison Jr.,2024,4,15.5
Edgerrin Cooper,2024,4,0
Jared Verse,2024,4,0
Tyler Nubin,2024,4,0
Javon Bullard,2024,4,0
Troy Franklin,2024,4,1.8
Cole Bishop,2024,4,0
DeWayne Carter,2024,4,0
Jaylen Wright,2024,4,3.2
Ray Davis,2024,4,1.1
Javon Solomon,2024,4,0
Malik Washington,2024,4,1.8
T'Vondre Sweat,2024,4,0
Quinyon Mitchell,2024,4,0
Maason Smith,2024,4,0
Adonai Mitchell,2024,4,1
Brian Thomas Jr.,2024,4,21.9
Xavier Worthy,2024,4,16.3
Mike Sainristil,2024,4,0
Marshawn Kneeland,2024,4,0
Keon Coleman,2024,4,8.100000000000001
Chris Braswell,2024,4,0
Terrion Arnold,2024,4,0
Graham Barton,2024,4,0
Jer'Zhan Newton,2024,4,0
Ja'Lynn Polk,2024,4,6
Kris Jenkins,2024,4,0
Jayden Daniels,2024,4,25.02
Chop Robinson,2024,4,0
Ben Sinnott,2024,4,0
Ladd McConkey,2024,4,17.7
Caleb Williams,2024,4,10.48
Rome Odunze,2024,4,2
Trey Benson,2024,4,4
NA,2024,4,0
Aaron Rodgers,2024,5,13.759999999999998
Joe Flacco,2024,5,26.56
Calais Campbell,2024,5,0
Matthew Stafford,2024,5,13.4
Thomas Morstead,2024,5,0
Linval Joseph,2024,5,0
Cameron Jordan,2024,5,0
Cameron Heyward,2024,5,0
Andy Dalton,2024,5,4.74
Nick Bellore,2024,5,0
Johnny Hekker,2024,5,0
Rodney McLeod Jr.,2024,5,0
Bobby Wagner,2024,5,0
Stephon Gilmore,2024,5,0
Lavonte David,2024,5,0
Justin Tucker,2024,5,13
Kirk Cousins,2024,5,35.36
Harrison Smith,2024,5,0
Demario Davis,2024,5,0
Greg Zuerlein,2024,5,5
Bryan Anger,2024,5,0
Andrew DePaola,2024,5,0
Zach Ertz,2024,5,3
Johnathan Hankins,2024,5,0
John Jenkins,2024,5,0
Sam Martin,2024,5,0
Dustin Hopkins,2024,5,9
Tress Way,2024,5,0
Keenan Allen,2024,5,6.300000000000001
Robert Woods,2024,5,0
Tyrann Mathieu,2024,5,0
Travis Kelce,2024,5,16
Geno Smith,2024,5,22.56
Mike Pennel,2024,5,0
Casey Kreiter,2024,5,0
DaQuan Jones,2024,5,0
Chris Boswell,2024,5,6
Brent Urban,2024,5,0
Cairo Santos,2024,5,5
Odell Beckham Jr.,2024,5,0
Shelby Harris,2024,5,0
Derek Carr,2024,5,13.600000000000001
Jimmie Ward,2024,5,0
Kyle Van Noy,2024,5,0
Jadeveon Clowney,2024,5,0
Mike Evans,2024,5,23.2
Joel Bitonio,2024,5,0
Jason Myers,2024,5,10
Jameis Winston,2024,5,0.33999999999999997
Amari Cooper,2024,5,10
Nelson Agholor,2024,5,1.4
Eric Kendricks,2024,5,0
Danielle Hunter,2024,5,0
Za'Darius Smith,2024,5,0
Shaq Mason,2024,5,0
Grady Jarrett,2024,5,0
Stefon Diggs,2024,5,14.200000000000001
Michael Burton,2024,5,1.5
Raheem Mostert,2024,5,11.8
DeAndre Carter,2024,5,0
Troy Hill,2024,5,0
Leonard Williams,2024,5,0
Preston Smith,2024,5,0
Rakeem Nunez-Roches,2024,5,0
Dante Fowler Jr.,2024,5,0
Bradley Pinion,2024,5,0
Ameer Abdullah,2024,5,14.1
T.Y. McGill,2024,5,0
Arik Armstead,2024,5,0
Ronald Darby,2024,5,0
Tyler Lockett,2024,5,11.5
Mario Edwards,2024,5,0
Marcus Mariota,2024,5,0.12000000000000001
Sterling Shepard,2024,5,7.4
Jarran Reed,2024,5,0
Joe Thuney,2024,5,0
Austin Hooper,2024,5,1.9
De'Vondre Campbell,2024,5,0
Dean Lowry,2024,5,0
Matthew Judon,2024,5,0
Kamu Grugier-Hill,2024,5,0
Elandon Roberts,2024,5,0
Wil Lutz,2024,5,13
Michael Pierce,2024,5,0
Jonathan Jones,2024,5,0
Roy Robertson-Harris,2024,5,0
Jake Brendel,2024,5,0
Ka'imi Fairbairn,2024,5,16
Chris Jones,2024,5,0
Derrick Henry,2024,5,16.6
Demarcus Robinson,2024,5,11.8
A'Shawn Robinson,2024,5,0
Nick Vigil,2024,5,0
C.J. Ham,2024,5,7
Antonio Hamilton,2024,5,0
Vonn Bell,2024,5,0
Kevon Seymour,2024,5,0
Riley Dixon,2024,5,0
Isaac Seumalo,2024,5,0
Justin Simmons,2024,5,0
Eric Murray,2024,5,0
Tyreek Hill,2024,5,12.9
Ezekiel Elliott,2024,5,1.7000000000000002
Jihad Ward,2024,5,0
David Onyemata,2024,5,0
Jalen Ramsey,2024,5,0
Adam Gotsis,2024,5,0
Andrew Billings,2024,5,0
Leonard Floyd,2024,5,0
Emmanuel Ogbah,2024,5,0
Dak Prescott,2024,5,18.38
Kendall Fuller,2024,5,0
Hunter Henry,2024,5,5.2
Jonathan Bullard,2024,5,0
Jacoby Brissett,2024,5,7.4
Kenny Clark,2024,5,0
Yannick Ngakoue,2024,5,0
Maliek Collins,2024,5,0
Kevin Byard,2024,5,0
Mo Alie-Cox,2024,5,11.7
Johnny Mundt,2024,5,5.1
Rigoberto Sanchez,2024,5,0
Marlon Humphrey,2024,5,0
Curtis Samuel,2024,5,0.9
Tyus Bowser,2024,5,0
George Kittle,2024,5,20.4
Trent Taylor,2024,5,0
Aaron Jones,2024,5,6.300000000000001
Chuck Clark,2024,5,0
D.J. Jones,2024,5,0
Harrison Butker,2024,5,13
Kendrick Bourne,2024,5,1.6
Nick Mullens,2024,5,0.96
Eric Wilson,2024,5,0
Adam Butler,2024,5,0
Pharaoh Brown,2024,5,1.7000000000000002
Raekwon McMillan,2024,5,0
Carl Lawson,2024,5,0
Damontae Kazee,2024,5,0
Jonathan Allen,2024,5,0
Kevin King,2024,5,0
Samaje Perine,2024,5,3.4000000000000004
Mike Williams,2024,5,4.5
Deshaun Watson,2024,5,8.4
Garett Bolles,2024,5,0
Takk McKinley,2024,5,0
Dalvin Tomlinson,2024,5,0
Duke Riley,2024,5,0
Rasul Douglas,2024,5,0
James Conner,2024,5,14
Mack Hollins,2024,5,4.7
Carlos Watkins,2024,5,0
Anthony Walker,2024,5,0
Xavier Woods,2024,5,0
Jeremiah Ledbetter,2024,5,0
David Moore,2024,5,3.3
Michael Davis,2024,5,0
Austin Ekeler,2024,5,10.7
Younghoe Koo,2024,5,16
DeMarcus Walker,2024,5,0
Ahkello Witherspoon,2024,5,0
Eddie Jackson,2024,5,0
Dare Ogunbowale,2024,5,14.7
JuJu Smith-Schuster,2024,5,20
Jonnu Smith,2024,5,11.100000000000001
Davon Godchaux,2024,5,0
Solomon Thomas,2024,5,0
Patrick Mahomes,2024,5,14.440000000000001
Marshon Lattimore,2024,5,0
Malik Hooker,2024,5,0
Adoree' Jackson,2024,5,0
Charles Harris,2024,5,0
David Njoku,2024,5,2.4000000000000004
T.J. Watt,2024,5,0
Budda Baker,2024,5,0
Marcus Maye,2024,5,0
Marcus Williams,2024,5,0
Gerald Everett,2024,5,4.2
Ethan Pocic,2024,5,0
Larry Ogunjobi,2024,5,0
Alvin Kamara,2024,5,12.6
Dawuane Smoot,2024,5,0
Chris Godwin Jr.,2024,5,10.600000000000001
Kareem Hunt,2024,5,18.700000000000003
D'Onta Foreman,2024,5,7
Shaquill Griffin,2024,5,0
Jourdan Lewis,2024,5,0
Montravius Adams,2024,5,0
Trey Hendrickson,2024,5,0
Rayshawn Jenkins,2024,5,0
Josh Reynolds,2024,5,7.9
Deatrich Wise,2024,5,0
Jamaal Williams,2024,5,0.9
Grover Stewart,2024,5,0
Jeremy McNichols,2024,5,10.4
George Odum,2024,5,0
J.T. Gray,2024,5,0
Chris Lammons,2024,5,0
Brian O'Neill,2024,5,0
Michael Dickson,2024,5,0
Daniel Carlson,2024,5,5
Eddy Pineiro,2024,5,3
Darious Williams,2024,5,0
Elijah Campbell,2024,5,0
Daniel Ekuale,2024,5,0
Tyler Conklin,2024,5,11.5
Marquez Valdes-Scantling,2024,5,0
Foley Fatukasi,2024,5,0
DeShon Elliott,2024,5,0
Tremon Smith,2024,5,0
Zach Sieler,2024,5,0
Frankie Luvu,2024,5,0
Daron Payne,2024,5,0
Quenton Nelson,2024,5,0
Courtland Sutton,2024,5,5.2
Uchenna Nwosu,2024,5,0
Connor Williams,2024,5,0
M.J. Stewart,2024,5,0
Donte Jackson,2024,5,0
Isaiah Oliver,2024,5,0
Lorenzo Carter,2024,5,0
Justin Reid,2024,5,0
Jordan Akins,2024,5,11.2
Da'Shawn Hand,2024,5,0
Dorance Armstrong,2024,5,0
Jordan Whitehead,2024,5,0
Kyzir White,2024,5,0
Dalton Schultz,2024,5,7.4
D.J. Reed,2024,5,0
Bilal Nichols,2024,5,0
Tim Settle,2024,5,0
Ray-Ray McCloud,2024,5,11.600000000000001
Matt Pryor,2024,5,0
Cedrick Wilson Jr.,2024,5,0
Braxton Berrios,2024,5,0
Matthew Adams,2024,5,0
Zaire Franklin,2024,5,0
Logan Cooke,2024,5,0
Jalen Davis,2024,5,0
Greg Joseph,2024,5,11
Jeremy Reaves,2024,5,0
Dennis Gardeck,2024,5,0
Tavierre Thomas,2024,5,0
Evan Brown,2024,5,0
Levi Wallace,2024,5,0
Allen Lazard,2024,5,13.4
Tony Brown,2024,5,0
Charvarius Ward,2024,5,0
Kyle Allen,2024,5,0.76
Mike Ford,2024,5,0
Brandon Powell,2024,5,0
Tremaine Edmunds,2024,5,0
Jessie Bates,2024,5,0
Robert Spillane,2024,5,0
Corey Bojorquez,2024,5,0
Orlando Brown,2024,5,0
Mark Andrews,2024,5,9.5
Tre Flowers,2024,5,0
Nathan Shepherd,2024,5,0
Vita Vea,2024,5,0
Christian Kirk,2024,5,12.8
Isaac Yiadom,2024,5,0
Harrison Phillips,2024,5,0
Chris Board,2024,5,0
Minkah Fitzpatrick,2024,5,0
Jason Sanders,2024,5,11
Lamar Jackson,2024,5,33.42
Jerome Baker,2024,5,0
Durham Smythe,2024,5,0
B.J. Hill,2024,5,0
John Franklin-Myers,2024,5,0
Fred Warner,2024,5,0
D.J. Moore,2024,5,27.5
Mike Gesicki,2024,5,5.1
Sam Hubbard,2024,5,0
Taven Bryan,2024,5,0
Mike Hughes,2024,5,0
KhaDarel Hodge,2024,5,14.7
Baker Mayfield,2024,5,23.4
Denzel Ward,2024,5,0
Josh Allen,2024,5,14.64
Sam Darnold,2024,5,5.26
Roquan Smith,2024,5,0
Sam Eguavoen,2024,5,0
Mitch Wishnowsky,2024,5,3
Jakobi Meyers,2024,5,13.2
D'Angelo Ross,2024,5,0
Rashan Gary,2024,5,0
Darnell Savage,2024,5,0
Alexander Mattison,2024,5,10.100000000000001
Maxx Crosby,2024,5,0
Julian Love,2024,5,0
Justice Hill,2024,5,3.5
Foster Moreau,2024,5,9.3
E.J. Speed,2024,5,0
Justin Skule,2024,5,0
Ty Summers,2024,5,0
Ashton Dulin,2024,5,0.9
Kevin Givens,2024,5,0
Jamie Gillan,2024,5,0
Micah Abernathy,2024,5,0
Alec Ingold,2024,5,6.3
Keisean Nixon,2024,5,0
Mecole Hardman,2024,5,7.300000000000001
Mack Wilson,2024,5,0
Austin Seibert,2024,5,10
Kris Boyd,2024,5,0
Cody Thompson,2024,5,0
Azeez Al-Shaair,2024,5,0
AJ Cole,2024,5,0
Joey Slye,2024,5,3
Olamide Zaccheaus,2024,5,2
Diontae Johnson,2024,5,5.9
P.J. Locke,2024,5,0
Kyler Murray,2024,5,24.1
Christian Wilkins,2024,5,0
Byron Murphy,2024,5,0
Jawaan Taylor,2024,5,0
Sean Murphy-Bunting,2024,5,0
Jahlani Tavai,2024,5,0
Miles Sanders,2024,5,5.300000000000001
Zach Allen,2024,5,0
Anthony Nelson,2024,5,0
Drue Tranquill,2024,5,0
Matt Gay,2024,5,10
Amani Oruwariye,2024,5,0
Andrew Van Ginkel,2024,5,0
Blake Cashman,2024,5,0
Mike Jackson,2024,5,0
Byron Cowart,2024,5,0
Jake Bailey,2024,5,0
Gardner Minshew,2024,5,9.68
David Long Jr.,2024,5,0
Donovan Wilson,2024,5,0
Myles Gaskin,2024,5,2.3
Kaden Elliss,2024,5,0
Nik Needham,2024,5,0
Tyrel Dodson,2024,5,0
Cam Lewis,2024,5,0
Chase McLaughlin,2024,5,16
T.J. Edwards,2024,5,0
Carl Granderson,2024,5,0
Lil'Jordan Humphrey,2024,5,6.800000000000001
Shy Tuttle,2024,5,0
Greg Dortch,2024,5,1.7000000000000002
Devin Bush,2024,5,0
Darius Slayton,2024,5,26.200000000000003
Ty Johnson,2024,5,1.5
Joseph Fortson,2024,5,1.5
Alex Bachman,2024,5,0
Troy Reeder,2024,5,0
D'Ernest Johnson,2024,5,3
Chris Lindstrom,2024,5,0
Corey Ballentine,2024,5,0
DK Metcalf,2024,5,7.5
Josh Hines-Allen,2024,5,0
Noah Fant,2024,5,5.4
Will Harris,2024,5,0
Khalen Saunders,2024,5,0
Terry McLaurin,2024,5,13.400000000000002
Nick Scott,2024,5,0
Cody Barton,2024,5,0
Jerry Tillery,2024,5,0
Dre'Mont Jones,2024,5,0
Quincy Williams,2024,5,0
Mike Edwards,2024,5,0
Dexter Lawrence,2024,5,0
Bobby Okereke,2024,5,0
Johnathan Abram,2024,5,0
Germaine Pratt,2024,5,0
Jamel Dean,2024,5,0
Josh Jacobs,2024,5,16.400000000000002
Jalen Thompson,2024,5,0
Daniel Jones,2024,5,21.080000000000002
Brian Burns,2024,5,0
Nick Bosa,2024,5,0
Quinnen Williams,2024,5,0
Deebo Samuel Sr.,2024,5,3
Malcolm Roach,2024,5,0
Corliss Waitman,2024,5,0
Benito Jones,2024,5,0
Chris Williams,2024,5,0
Blake Gillikin,2024,5,0
Tommy Townsend,2024,5,0
Tershawn Wharton,2024,5,0
Cole Christiansen,2024,5,0
T.J. Smith,2024,5,0
Jonathan Ward,2024,5,0.9
Michael Hoecht,2024,5,0
Christian Rozeboom,2024,5,0
Krys Barnes,2024,5,0
Patrick Taylor,2024,5,0
Tyler Huntley,2024,5,7.46
Terence Steele,2024,5,0
Juwan Johnson,2024,5,8.1
Nick Leverett,2024,5,0
Nnamdi Madubuike,2024,5,0
James Proche,2024,5,0
Rico Dowdle,2024,5,18.400000000000002
Joshua Uche,2024,5,0
Tyler Bass,2024,5,8
Aaron Brewer,2024,5,0
A.J. Epenesa,2024,5,0
Anfernee Jennings,2024,5,0
Gabe Davis,2024,5,4.800000000000001
Geno Stone,2024,5,0
Raekwon Davis,2024,5,0
Blake Ferguson,2024,5,0
Brandon Jones,2024,5,0
Jonathan Greenard,2024,5,0
Harrison Bryant,2024,5,0
Colby Parkinson,2024,5,12.2
Austin Jackson,2024,5,0
Zack Moss,2024,5,8.200000000000001
Michael Pittman Jr.,2024,5,14.7
Julian Blackmon,2024,5,0
Jauan Jennings,2024,5,2.3
Javon Kinlaw,2024,5,0
Brandon Aiyuk,2024,5,22.700000000000003
DaVon Hamilton,2024,5,0
Jordan Love,2024,5,15.96
Jordan Elliott,2024,5,0
Jedrick Wills,2024,5,0
Laviska Shenault Jr.,2024,5,0
D'Andre Swift,2024,5,20
Grant Delpit,2024,5,0
A.J. Terrell,2024,5,0
K'Lavon Chaisson,2024,5,0
Noah Igbinoghene,2024,5,0
Cole Kmet,2024,5,8.7
Jaylon Johnson,2024,5,0
Jeremy Chinn,2024,5,0
Logan Wilson,2024,5,0
Akeem Davis-Gaither,2024,5,0
Mykal Walker,2024,5,0
Jaylinn Hawkins,2024,5,0
Darnell Mooney,2024,5,31.5
Chase Young,2024,5,0
Justin Jefferson,2024,5,14.200000000000001
Patrick Queen,2024,5,0
Antonio Gibson,2024,5,6.6000000000000005
Ashtyn Davis,2024,5,0
Devin Duvernay,2024,5,0.30000000000000004
Josiah Deguara,2024,5,1.2
Kevin Dotson,2024,5,0
Blake Brandel,2024,5,0
Josh Metellus,2024,5,0
Kam Curl,2024,5,0
James Smith-Williams,2024,5,0
Isaiah Simmons,2024,5,0
CeeDee Lamb,2024,5,11.4
Trevon Diggs,2024,5,0
Neville Gallimore,2024,5,0
Tanner Muse,2024,5,0
Michael Danna,2024,5,0
Andrew Thomas,2024,5,0
Xavier McKinney,2024,5,0
Casey Toohill,2024,5,0
Jerry Jeudy,2024,5,2.6
Jordyn Brooks,2024,5,0
Tee Higgins,2024,5,29.3
Darrell Taylor,2024,5,0
Cam Akers,2024,5,12.7
Van Jefferson,2024,5,5.6
Adam Trautman,2024,5,2.9000000000000004
DeeJay Dallas,2024,5,0
Justin Strnad,2024,5,0
Khalil Davis,2024,5,0
Joe Burrow,2024,5,34.78
Dayo Odeyingbo,2024,5,0
Will Fries,2024,5,0
Jamien Sherwood,2024,5,0
Jason Pinnock,2024,5,0
Brandin Echols,2024,5,0
DJ Turner,2024,5,2.7
Rashod Bateman,2024,5,15.8
Azeez Ojulari,2024,5,0
Nico Collins,2024,5,15.8
Chuba Hubbard,2024,5,17.500000000000004
Deommodore Lenoir,2024,5,6
Talanoa Hufanga,2024,5,0
Roy Lopez,2024,5,0
Ar'Darius Washington,2024,5,0
Nick McCloud,2024,5,0
Jaylen Waddle,2024,5,8.600000000000001
Jamin Davis,2024,5,0
Christian Darrisaw,2024,5,0
Nick Bolton,2024,5,0
Creed Humphrey,2024,5,0
Benjamin St-Juste,2024,5,0
Dyami Brown,2024,5,13.7
Camryn Bynum,2024,5,0
Tylan Wallace,2024,5,5.1
Ihmir Smith-Marsette,2024,5,0
Noah Gray,2024,5,4.9
Darrick Forrest,2024,5,0
Tedarrell Slaton,2024,5,0
K.J. Britt,2024,5,0
Stone Forsythe,2024,5,0
Isaiah McDuffie,2024,5,0
Trey Smith,2024,5,0
Zayne Anderson,2024,5,0
Naquan Jones,2024,5,0
Caleb Johnson,2024,5,0
Charles Snowden,2024,5,0
Amen Ogbongbemiga,2024,5,0
Adam Prentice,2024,5,0
Jon Rhattigan,2024,5,0
Christian Elliss,2024,5,0
Feleipe Franks,2024,5,0
Ryan Neuzil,2024,5,0
Isaiahh Loudermilk,2024,5,0
Tutu Atwell,2024,5,12.5
Evan McPherson,2024,5,3
Buddy Johnson,2024,5,0
Nate Hobbs,2024,5,0
Pat Surtain II,2024,5,0
Rhamondre Stevenson,2024,5,19.2
Kylen Granson,2024,5,0
Janarius Robinson,2024,5,0
Tre Brown,2024,5,0
Luke Farrell,2024,5,3.7
Damar Hamlin,2024,5,0
Najee Harris,2024,5,9.7
Pat Freiermuth,2024,5,11.2
Ja'Marr Chase,2024,5,41.3
Eric Stokes,2024,5,0
Joseph Ossai,2024,5,0
Bobby Brown III,2024,5,0
Robert Rochell,2024,5,0
Khalil Herbert,2024,5,0
Khyiris Tonga,2024,5,0
Greg Rousseau,2024,5,0
Jeremiah Owusu-Koramoah,2024,5,0
Patrick Johnson,2024,5,0
Zaven Collins,2024,5,0
Paulson Adebo,2024,5,0
Odafe Oweh,2024,5,0
Andre Cisco,2024,5,0
Osa Odighizuwa,2024,5,0
Jaycee Horn,2024,5,0
Justin Fields,2024,5,14.940000000000001
Avery Williams,2024,5,0
Jonathon Cooper,2024,5,0
Richie Grant,2024,5,0
Tre'von Moehrig,2024,5,0
Joe Tryon-Shoyinka,2024,5,0
Kyle Pitts,2024,5,15.8
Trevor Lawrence,2024,5,22.24
Travis Etienne,2024,5,12
Spencer Brown,2024,5,0
Elijah Moore,2024,5,4.1
Chauncey Golston,2024,5,0
Trey Sermon,2024,5,18.3
Brandon Stephens,2024,5,0
Greg Newsome II,2024,5,0
Javonte Williams,2024,5,16.1
Jevon Holland,2024,5,0
Chazz Surratt,2024,5,0
Hunter Long,2024,5,3.6
Tommy Tremble,2024,5,-0.2999999999999998
Patrick Jones II,2024,5,0
Liam Eichenberg,2024,5,0
Dee Alford,2024,5,0
Quay Walker,2024,5,0
Riq Woolen,2024,5,0
Kingsley Enagbare,2024,5,0
Doug Kramer,2024,5,0
Bo Melton,2024,5,2.2
Elijah Hicks,2024,5,0
Trenton Gill,2024,5,0
Jaylon Jones,2024,5,0
Jack Sanborn,2024,5,0
Tyler Goodson,2024,5,8.7
Josh Blackwell,2024,5,0
Joey Blount,2024,5,0
Tony Adams,2024,5,0
Jeremiah Moon,2024,5,0
Sauce Gardner,2024,5,0
Trent McDuffie,2024,5,0
George Karlaftis,2024,5,0
Bryan Cook,2024,5,0
Jaylen Watson,2024,5,0
Nazeeh Johnson,2024,5,0
LaBryan Ray,2024,5,0
Brenden Schooler,2024,5,0
Jack Cochrane,2024,5,0
Travon Walker,2024,5,0
Derek Stingley Jr.,2024,5,0
Drake London,2024,5,33.4
Chris Olave,2024,5,3
Devin Lloyd,2024,5,0
Jalen Pitre,2024,5,0
George Pickens,2024,5,5.6
James Cook,2024,5,17.900000000000002
Nik Bonitto,2024,5,0
Martin Emerson,2024,5,0
Marcus Jones,2024,5,0
Terrel Bernard,2024,5,0
Rachaad White,2024,5,9.6
Micah McFadden,2024,5,0
DJ Davidson,2024,5,0
Tyler Allgeier,2024,5,5.5
Jerome Ford,2024,5,7.9
Zyon McCollum,2024,5,0
D'Marco Jackson,2024,5,0
Esezi Otomewo,2024,5,0
Ty Chandler,2024,5,5.9
Luke Wattenberg,2024,5,0
Damone Clark,2024,5,0
John Ridgeway,2024,5,0
Matt Araiza,2024,5,0
Vederian Lowe,2024,5,0
Christian Benford,2024,5,0
Drew Ogletree,2024,5,1.5
Jordan Jackson,2024,5,0
Theo Jackson,2024,5,0
Connor Heyward,2024,5,10.3
Montaric Brown,2024,5,0
Mark Robinson,2024,5,0
Baylon Spector,2024,5,0
Jesse Luketa,2024,5,0
D'Anthony Bell,2024,5,0
Brock Hoffman,2024,5,0
Tanner Conner,2024,5,0
Kader Kohou,2024,5,0
Arron Mosby,2024,5,0
Brandon Johnson,2024,5,1.9
Ja'Quan McMillian,2024,5,0
Dallis Flowers,2024,5,0
Raheem Blackshear,2024,5,0
Ryan Wright,2024,5,0
Isaiah Pola-Mao,2024,5,0
Jordan Mason,2024,5,8.8
Segun Olubi,2024,5,0
Lucas Krull,2024,5,1.5
Rashid Shaheed,2024,5,18.6
Daniel Whelan,2024,5,0
Chandler Wooten,2024,5,0
Juanyeh Thomas,2024,5,0
Sam Okuayinonu,2024,5,0
Aaron Shampklin,2024,5,1.4000000000000001
Kayvon Thibodeaux,2024,5,0
Nick Cross,2024,5,0
Ja'Marcus Ingram,2024,5,0
Alec Pierce,2024,5,22.4
Jalen Tolbert,2024,5,21.700000000000003
Brandon Aubrey,2024,5,10
Garrett Wilson,2024,5,29.1
Daxton Hill,2024,5,0
Trey McBride,2024,5,11.3
Brian Robinson Jr.,2024,5,13.8
Cam Taylor-Britt,2024,5,0
Travis Jones,2024,5,0
Cordale Flott,2024,5,0
DeMarvin Leal,2024,5,0
KaVontae Turpin,2024,5,8.4
Chad Muma,2024,5,0
Zach Tom,2024,5,0
Leo Chenal,2024,5,0
Charles Cross,2024,5,0
Samuel Womack,2024,5,0
Brock Purdy,2024,5,15.06
Calvin Austin III,2024,5,1.6
Isaiah Likely,2024,5,16.3
Cobie Durant,2024,5,0
Kyren Williams,2024,5,15.500000000000004
Quentin Lake,2024,5,0
Kyle Hamilton,2024,5,0
Jack Jones,2024,5,0
Jake Ferguson,2024,5,13
Charlie Kolar,2024,5,15.600000000000001
Skyy Moore,2024,5,0
Jordan Stout,2024,5,0
Pierre Strong Jr.,2024,5,0.2
Phidarian Mathis,2024,5,0
Percy Butler,2024,5,0
Akayleb Evans,2024,5,0
Micheal Clemons,2024,5,0
Kyler Gordon,2024,5,0
Wan'Dale Robinson,2024,5,16
Daniel Faalele,2024,5,0
Breece Hall,2024,5,6.700000000000001
Alontae Taylor,2024,5,0
Dane Belton,2024,5,0
Logan Hall,2024,5,0
Cade Otton,2024,5,7.4
Ed Ingram,2024,5,0
Kenneth Walker III,2024,5,14.600000000000001
Jaquan Brisker,2024,5,0
Coby Bryant,2024,5,0
David Ojabo,2024,5,0
Xavier Smith,2024,5,2.6
Colby Wooden,2024,5,0
Dontayvion Wicks,2024,5,4
Will Mallory,2024,5,1.7000000000000002
Eric Gray,2024,5,6.4
Karl Brooks,2024,5,0
Jaylon Jones,2024,5,0
Carrington Valentine,2024,5,0
Tyson Bagent,2024,5,-0.4
Malik Heath,2024,5,3.4000000000000004
Bryce Ford-Wheaton,2024,5,6
Brady Russell,2024,5,0
Claudin Cherelus,2024,5,0
Xavier Gipson,2024,5,0
Trenton Simpson,2024,5,0
Tavius Robinson,2024,5,0
Cam Jones,2024,5,0
DJ Johnson,2024,5,0
Tyree Wilson,2024,5,0
Bijan Robinson,2024,5,10.700000000000001
Jaxon Smith-Njigba,2024,5,13.1
Mazi Smith,2024,5,0
Myles Murphy,2024,5,0
Luke Schoonmaker,2024,5,1.8
DJ Turner II,2024,5,0
Riley Moss,2024,5,0
Ji'Ayir Brown,2024,5,0
Tank Bigsby,2024,5,24.900000000000002
DeMarvion Overshown,2024,5,0
Dorian Williams,2024,5,0
Darnell Washington,2024,5,1.5
Michael Wilson,2024,5,12.8
Jordan Battle,2024,5,0
Jake Moody,2024,5,8
Tre Tucker,2024,5,4.6
Chad Ryland,2024,5,11
Clark Phillips III,2024,5,0
Ventrell Miller,2024,5,0
Isaiah McGuire,2024,5,0
Charlie Jones,2024,5,0
Nick Herbig,2024,5,0
Jay Ward,2024,5,0
Aidan O'Connell,2024,5,2.7600000000000002
Jaquelin Roy,2024,5,0
Cameron Mitchell,2024,5,0
Jordan Howden,2024,5,0
Antonio Johnson,2024,5,0
Chase Brown,2024,5,16.400000000000002
Henry To'oTo'o,2024,5,0
Chris Smith II,2024,5,0
JL Skinner,2024,5,0
Kayshon Boutte,2024,5,5.4
Bryce Baringer,2024,5,0
Xavier Hutchinson,2024,5,5.1
Andrei Iosivas,2024,5,4.9
DeMario Douglas,2024,5,11.9
Dante Stills,2024,5,0
Dee Winters,2024,5,0
Nesta Jade Silvera,2024,5,0
Jalen Brooks,2024,5,2
Isaiah Bolden,2024,5,0
Starling Thomas V,2024,5,0
Emari Demercado,2024,5,1
Ronnie Hickman Jr.,2024,5,0
Julian Hill,2024,5,0
TJ Bass,2024,5,0
Hunter Luepke,2024,5,3.4000000000000004
Tyrus Wheat,2024,5,0
Jake Bobo,2024,5,1.3
Nate Adkins,2024,5,1.8
Thomas Incoom,2024,5,0
Demontrey Jacobs,2024,5,0
Jaleel McLaughlin,2024,5,11.5
Emanuel Wilson,2024,5,2.5000000000000004
Ivan Pace Jr.,2024,5,0
Christian Izien,2024,5,0
Brycen Tremayne,2024,5,0.8
Blake Grupe,2024,5,0
Anfernee Orji,2024,5,0
John Shenker,2024,5,0
Drake Thomas,2024,5,0
Dalton Kincaid,2024,5,5.4
Brenton Strange,2024,5,12.4
Sean Tucker,2024,5,0
Marvin Mims Jr.,2024,5,3.4000000000000004
Tank Dell,2024,5,7.300000000000001
Zach Harrison,2024,5,0
Chamarri Conner,2024,5,0
Kei'Trel Clark,2024,5,0
Jordan Addison,2024,5,6.6
Bryan Bresee,2024,5,0
Tucker Kraft,2024,5,24.8
Josh Downs,2024,5,15.9
Jake Haener,2024,5,1.7800000000000002
Deonte Banks,2024,5,0
Felix Anudike-Uzomah,2024,5,0
Dylan Horton,2024,5,0
Dawand Jones,2024,5,0
Roschon Johnson,2024,5,14.5
Adetomiwa Adebawore,2024,5,0
De'Von Achane,2024,5,2.6999999999999997
Elijah Higgins,2024,5,7.2
Derick Hall,2024,5,0
Matthew Bergeron,2024,5,0
Josh Hayes,2024,5,0
Marte Mapu,2024,5,0
Ethan Evans,2024,5,0
Jonathan Mingo,2024,5,5.7
Zay Flowers,2024,5,19
Yaya Diaby,2024,5,0
Gervon Dexter Sr.,2024,5,0
Tyrique Stevenson,2024,5,0
Jakorian Bennett,2024,5,0
Davis Allen,2024,5,0
Will Anderson Jr.,2024,5,0
Keeanu Benton,2024,5,0
Lukas Van Ness,2024,5,0
Byron Young,2024,5,0
Kobie Turner,2024,5,0
Will McDonald IV,2024,5,0
Isaiah Foskey,2024,5,0
Jayden Reed,2024,5,13.700000000000001
Christian Gonzalez,2024,5,0
Keion White,2024,5,0
Quan Martin,2024,5,0
Bryce Young,2024,5,3.12
C.J. Stroud,2024,5,16.94
Zach Charbonnet,2024,5,6
Joey Porter Jr.,2024,5,0
Devon Witherspoon,2024,5,0
Nate Wiggins,2024,5,0
Roger Rosengarten,2024,5,0
Chris Collier,2024,5,0
Leonard Taylor III,2024,5,0
Eric Watts,2024,5,0
Dee Williams,2024,5,0
Ryan Rehkow,2024,5,0
Carson Steele,2024,5,0.20000000000000018
Brandon Codrington,2024,5,0
Brock Bowers,2024,5,23.700000000000003
Taliese Fuaga,2024,5,0
Laiatu Latu,2024,5,0
Tyler Guyton,2024,5,0
Xavier Legette,2024,5,1.8
Kamari Lassiter,2024,5,0
Trevin Wallace,2024,5,0
DJ Glaze,2024,5,0
Zak Zinter,2024,5,0
Marist Liufau,2024,5,0
Jarrian Jones,2024,5,0
Luke McCaffrey,2024,5,4.9
Ja'Tavion Sanders,2024,5,4.3
Cade Stover,2024,5,2.6
Malik Mustapha,2024,5,0
Bucky Irving,2024,5,5.6000000000000005
Isaac Guerendo,2024,5,2.2
JD Bertrand,2024,5,0
Tommy Eichenberg,2024,5,0
Josh Newton,2024,5,0
Jaylon Carlies,2024,5,0
Chau Smith-Wade,2024,5,0
Tyrone Tracy Jr.,2024,5,14
Jamal Hill,2024,5,0
Zion Logue,2024,5,0
Will Reichard,2024,5,16
Nathaniel Watson,2024,5,0
Cam Little,2024,5,14
Javontae Jean-Baptiste,2024,5,0
Beanie Bishop Jr.,2024,5,0
Jalen Coker,2024,5,10.8
Winston Reid,2024,5,0
Brevyn Spann-Ford,2024,5,4
Amari Gainer,2024,5,0
Kameron Johnson,2024,5,0
Matthew Hayball,2024,5,0
Rico Payton,2024,5,0
Isaiah Stalbird,2024,5,0
Mason Tipton,2024,5,1.2
Maema Njongmeta,2024,5,0
Brayden Narveson,2024,5,7
Thomas Harper,2024,5,0
Colson Yankoff,2024,5,0
Dell Pettus,2024,5,0
Bo Nix,2024,5,23.14
Ruke Orhorhoro,2024,5,0
Braden Fiske,2024,5,0
Jackson Powers-Johnson,2024,5,0
Tip Reiman,2024,5,1.5
Blake Corum,2024,5,4.3
Payton Wilson,2024,5,0
Tory Taylor,2024,5,0
Tyler Davis,2024,5,0
Joshua Karty,2024,5,1
Jordan Whittington,2024,5,15.9
Joe Andreessen,2024,5,0
Elijah Chatman,2024,5,0
Josh Wallace,2024,5,0
Jaylen McCollough,2024,5,0
Qwan'tez Stiggers,2024,5,0
AJ Barner,2024,5,2.3
Braelon Allen,2024,5,3.8
Nehemiah Pritchett,2024,5,0
Isaiah Davis,2024,5,0
Max Melton,2024,5,0
Jonah Elliss,2024,5,0
Evan Williams,2024,5,0
Erick All Jr.,2024,5,3
Andru Phillips,2024,5,0
Darius Muasau,2024,5,0
Calen Bullock,2024,5,0
Austin Booker,2024,5,0
Tykee Smith,2024,5,0
Theo Johnson,2024,5,9.8
Marvin Harrison Jr.,2024,5,5.6
Edgerrin Cooper,2024,5,0
Jared Verse,2024,5,0
Tyler Nubin,2024,5,0
Dadrion Taylor-Demerson,2024,5,0
Javon Bullard,2024,5,0
Troy Franklin,2024,5,3
Cole Bishop,2024,5,0
DeWayne Carter,2024,5,0
Jaylen Wright,2024,5,8.6
Ray Davis,2024,5,1.4
Javon Solomon,2024,5,0
Malik Washington,2024,5,0
Maason Smith,2024,5,0
Adonai Mitchell,2024,5,9.16
Brian Thomas Jr.,2024,5,23.200000000000003
Xavier Worthy,2024,5,11.8
Zach Frazier,2024,5,-0.2
Mike Sainristil,2024,5,0
Marshawn Kneeland,2024,5,0
Keon Coleman,2024,5,11.9
Chris Braswell,2024,5,0
Graham Barton,2024,5,0
Jer'Zhan Newton,2024,5,0
Ja'Lynn Polk,2024,5,2.3
Kris Jenkins,2024,5,0
Jayden Daniels,2024,5,20.72
Chop Robinson,2024,5,0
Caleb Williams,2024,5,23.560000000000002
Rome Odunze,2024,5,9
Dallas Turner,2024,5,0
NA,2024,5,0
Aaron Rodgers,2024,6,17.759999999999998
Marcedes Lewis,2024,6,1.2
Nick Folk,2024,6,6
J.J. Jansen,2024,6,0
Joe Flacco,2024,6,14.66
Thomas Morstead,2024,6,0
Brandon Graham,2024,6,0
Linval Joseph,2024,6,0
Tyron Smith,2024,6,0
Cameron Jordan,2024,6,0
Cameron Heyward,2024,6,0
Andy Dalton,2024,6,16.94
Nick Bellore,2024,6,0
Johnny Hekker,2024,6,0
Rodney McLeod Jr.,2024,6,6
Bobby Wagner,2024,6,0
Kelvin Beachum,2024,6,0
Lavonte David,2024,6,0
Justin Tucker,2024,6,13
Kirk Cousins,2024,6,12.5
Demario Davis,2024,6,0
Greg Zuerlein,2024,6,6
Bryan Anger,2024,6,0
Kyle Juszczyk,2024,6,10.6
Zach Ertz,2024,6,10.8
Johnathan Hankins,2024,6,0
John Jenkins,2024,6,0
Sam Martin,2024,6,0
Dustin Hopkins,2024,6,11
Tress Way,2024,6,0
Keenan Allen,2024,6,21.1
William Gholston,2024,6,0
Tyrann Mathieu,2024,6,0
Lane Johnson,2024,6,0
DeAndre Hopkins,2024,6,9.4
Geno Smith,2024,6,14.48
Casey Kreiter,2024,6,0
Khalil Mack,2024,6,0
DaQuan Jones,2024,6,0
Chris Boswell,2024,6,17
Brent Urban,2024,6,0
Cairo Santos,2024,6,5
Shelby Harris,2024,6,0
C.J. Mosley,2024,6,0
Morgan Moses,2024,6,0
C.J. Goodwin,2024,6,0
Kyle Van Noy,2024,6,0
Mike Evans,2024,6,5.4
Allen Robinson,2024,6,0
Jason Myers,2024,6,6
Efe Obada,2024,6,0
Amari Cooper,2024,6,8.2
Nelson Agholor,2024,6,3.5
Danielle Hunter,2024,6,0
Za'Darius Smith,2024,6,0
Grady Jarrett,2024,6,0
Stefon Diggs,2024,6,19.7
Quandre Diggs,2024,6,0
Neville Hewitt,2024,6,0
DeAndre Carter,2024,6,0
Troy Hill,2024,6,0
Leonard Williams,2024,6,0
Preston Smith,2024,6,0
Rakeem Nunez-Roches,2024,6,0
Dante Fowler Jr.,2024,6,0
Bradley Pinion,2024,6,0
Denzel Perryman,2024,6,0
Ameer Abdullah,2024,6,4.800000000000001
Geoff Swaim,2024,6,0
Arik Armstead,2024,6,0
Ronald Darby,2024,6,0
Tyler Lockett,2024,6,16.5
Mario Edwards,2024,6,0
Taylor Decker,2024,6,0
Ryan Kelly,2024,6,0
Sterling Shepard,2024,6,8.4
Jarran Reed,2024,6,0
Austin Hooper,2024,6,-0.5
Miles Killebrew,2024,6,0
De'Vondre Campbell,2024,6,0
Matthew Judon,2024,6,0
DJ Reader,2024,6,0
Elandon Roberts,2024,6,0
Kyle Peko,2024,6,0
Kalif Raymond,2024,6,11.3
Mike Hilton,2024,6,0
Wil Lutz,2024,6,5
Michael Pierce,2024,6,0
Jonathan Jones,2024,6,0
Roy Robertson-Harris,2024,6,0
Morgan Fox,2024,6,0
Jake Brendel,2024,6,0
Ka'imi Fairbairn,2024,6,11
Sheldon Rankins,2024,6,0
Austin Johnson,2024,6,0
Derrick Henry,2024,6,25.200000000000003
Jalen Mills,2024,6,0
A'Shawn Robinson,2024,6,0
Nick Vigil,2024,6,0
Antonio Hamilton,2024,6,0
Vonn Bell,2024,6,0
Riley Dixon,2024,6,0
Isaac Seumalo,2024,6,0
Justin Simmons,2024,6,0
Tyler Boyd,2024,6,4.9
Connor McGovern,2024,6,0
Eric Murray,2024,6,0
Ezekiel Elliott,2024,6,1.7000000000000002
David Onyemata,2024,6,0
Zach Wood,2024,6,0
Adam Gotsis,2024,6,0
Andrew Billings,2024,6,0
Leonard Floyd,2024,6,0
Dak Prescott,2024,6,5.22
Hunter Henry,2024,6,13.100000000000001
Artie Burns,2024,6,0
Jared Goff,2024,6,25.1
Kenny Clark,2024,6,0
Yannick Ngakoue,2024,6,0
Maliek Collins,2024,6,0
Kevin Byard,2024,6,0
Mo Alie-Cox,2024,6,8.100000000000001
Zach Pascal,2024,6,0
Rigoberto Sanchez,2024,6,0
Marlon Humphrey,2024,6,0
Curtis Samuel,2024,6,7.4
George Kittle,2024,6,22.8
Jermaine Eluemunor,2024,6,0
Chuck Clark,2024,6,0
D.J. Jones,2024,6,0
Kendrick Bourne,2024,6,2.9
Eric Wilson,2024,6,0
Tim Patrick,2024,6,9.8
Adam Butler,2024,6,0
Kenny Moore II,2024,6,0
Matt Haack,2024,6,0
Raekwon McMillan,2024,6,0
Carl Lawson,2024,6,0
Jonathan Allen,2024,6,0
Kevin King,2024,6,0
Mike Williams,2024,6,0
Deshaun Watson,2024,6,8.42
Garett Bolles,2024,6,0
Takk McKinley,2024,6,0
Dalvin Tomlinson,2024,6,0
Rasul Douglas,2024,6,0
James Conner,2024,6,6.600000000000001
Mack Hollins,2024,6,7.8
Jalen Reeves-Maybin,2024,6,0
Xavier Woods,2024,6,0
David Moore,2024,6,3.7
Noah Brown,2024,6,9.8
Cooper Rush,2024,6,1.04
Austin Ekeler,2024,6,10.8
Younghoe Koo,2024,6,12
DeMarcus Walker,2024,6,0
Eddie Jackson,2024,6,0
Jake Elliott,2024,6,10
Andrew Wylie,2024,6,0
Dare Ogunbowale,2024,6,0.8
Davon Godchaux,2024,6,0
Myles Garrett,2024,6,0
Marshon Lattimore,2024,6,0
Derek Barnett,2024,6,0
Malik Hooker,2024,6,0
Charles Harris,2024,6,0
Evan Engram,2024,6,18.200000000000003
David Njoku,2024,6,8.1
T.J. Watt,2024,6,0
Budda Baker,2024,6,0
Marcus Williams,2024,6,0
Gerald Everett,2024,6,0
Joe Mixon,2024,6,27.200000000000003
Dion Dawkins,2024,6,0
Larry Ogunjobi,2024,6,0
Alvin Kamara,2024,6,16.4
Dawuane Smoot,2024,6,0
Alex Anzalone,2024,6,0
Chris Godwin Jr.,2024,6,35.5
D'Onta Foreman,2024,6,6.699999999999999
Jourdan Lewis,2024,6,0
Montravius Adams,2024,6,0
Trey Hendrickson,2024,6,0
Rayshawn Jenkins,2024,6,0
Deatrich Wise,2024,6,0
Jamaal Williams,2024,6,0.7000000000000001
Grover Stewart,2024,6,0
Jeremy McNichols,2024,6,0.9
Michael Dunn,2024,6,0
George Odum,2024,6,0
J.T. Gray,2024,6,0
Will Dissly,2024,6,6.6
Michael Dickson,2024,6,0
Daniel Carlson,2024,6,1
J.K. Scott,2024,6,0
Eddy Pineiro,2024,6,9
Poona Ford,2024,6,0
Tarvarius Moore,2024,6,0
Tyler Conklin,2024,6,3
Foley Fatukasi,2024,6,0
DeShon Elliott,2024,6,0
Tremon Smith,2024,6,0
Frankie Luvu,2024,6,0
Frank Ragnow,2024,6,0
Courtland Sutton,2024,6,15.3
Dallas Goedert,2024,6,0
Connor Williams,2024,6,0
M.J. Stewart,2024,6,0
Donte Jackson,2024,6,0
Isaiah Oliver,2024,6,0
Lorenzo Carter,2024,6,0
Ian Thomas,2024,6,0
Jordan Whitehead,2024,6,0
Kyzir White,2024,6,0
Taron Johnson,2024,6,0
Avonte Maddox,2024,6,0
Josh Sweat,2024,6,0
Marquis Haynes,2024,6,0
Dalton Schultz,2024,6,6.7
D.J. Reed,2024,6,0
Bilal Nichols,2024,6,0
Tim Settle,2024,6,0
Ray-Ray McCloud,2024,6,4.3
Cedrick Wilson Jr.,2024,6,4.800000000000001
Jordan Mailata,2024,6,0
Zaire Franklin,2024,6,0
Logan Cooke,2024,6,0
Jalen Davis,2024,6,0
Greg Joseph,2024,6,-1
Dennis Gardeck,2024,6,0
Jonathan Owens,2024,6,0
Tavierre Thomas,2024,6,0
Evan Brown,2024,6,0
Levi Wallace,2024,6,0
Allen Lazard,2024,6,23.4
Mike Ford,2024,6,0
Tremaine Edmunds,2024,6,0
Jessie Bates,2024,6,0
Robert Spillane,2024,6,0
Corey Bojorquez,2024,6,0
Jaire Alexander,2024,6,0
Maurice Hurst,2024,6,0
Mark Andrews,2024,6,15.600000000000001
Oren Burks,2024,6,0
Nathan Shepherd,2024,6,0
Vita Vea,2024,6,0
Christian Kirk,2024,6,6.9
Carlton Davis III,2024,6,0
Isaac Yiadom,2024,6,0
Chris Board,2024,6,0
Minkah Fitzpatrick,2024,6,0
Derwin James,2024,6,0
Lamar Jackson,2024,6,19.92
Jerome Baker,2024,6,0
B.J. Hill,2024,6,0
John Franklin-Myers,2024,6,0
Ogbo Okoronkwo,2024,6,0
Sebastian Joseph-Day,2024,6,0
Fred Warner,2024,6,0
Arden Key,2024,6,0
D.J. Moore,2024,6,6
Harold Landry III,2024,6,0
Sam Hubbard,2024,6,0
Calvin Ridley,2024,6,0.9
Taven Bryan,2024,6,0
Mike Hughes,2024,6,0
Saquon Barkley,2024,6,7.4
Baker Mayfield,2024,6,28.9
Denzel Ward,2024,6,0
Josh Allen,2024,6,23.400000000000002
Terrell Edmunds,2024,6,0
Roquan Smith,2024,6,0
Steven Sims,2024,6,0
Mitch Wishnowsky,2024,6,0
Andrew Beck,2024,6,0
D'Angelo Ross,2024,6,0
Rashan Gary,2024,6,0
Darnell Savage,2024,6,0
Alexander Mattison,2024,6,17.5
Maxx Crosby,2024,6,0
Julian Love,2024,6,0
Justice Hill,2024,6,1.4
Foster Moreau,2024,6,7.4
E.J. Speed,2024,6,0
Ty Summers,2024,6,0
Ashton Dulin,2024,6,0
Kevin Givens,2024,6,0
Yosh Nijman,2024,6,0
Khari Blasingame,2024,6,0
Patrick Mekari,2024,6,0
Andre James,2024,6,0
Keisean Nixon,2024,6,0
Mack Wilson,2024,6,0
Austin Seibert,2024,6,15
Azeez Al-Shaair,2024,6,0
Matthew Wright,2024,6,13
AJ Cole,2024,6,0
Joey Slye,2024,6,3
Del'Shawn Phillips,2024,6,0
Olamide Zaccheaus,2024,6,6.7
Deonte Harty,2024,6,0
Diontae Johnson,2024,6,19.8
P.J. Locke,2024,6,0
Kyler Murray,2024,6,11.96
Sean Murphy-Bunting,2024,6,0
Jahlani Tavai,2024,6,0
Miles Sanders,2024,6,2.3000000000000003
Lonnie Johnson,2024,6,0
Zach Allen,2024,6,0
C.J. Gardner-Johnson,2024,6,0
Anthony Nelson,2024,6,0
Tony Pollard,2024,6,17.8
Matt Gay,2024,6,8
Amani Oruwariye,2024,6,0
Mike Jackson,2024,6,0
Byron Cowart,2024,6,0
Donovan Wilson,2024,6,0
Kaden Elliss,2024,6,0
Tyrel Dodson,2024,6,0
Cam Lewis,2024,6,0
Chase McLaughlin,2024,6,9
T.J. Edwards,2024,6,0
Carl Granderson,2024,6,0
Lil'Jordan Humphrey,2024,6,1.8
Shy Tuttle,2024,6,0
Luke Gifford,2024,6,0
Greg Dortch,2024,6,4.6
Devin Bush,2024,6,0
Elgton Jenkins,2024,6,0
Darius Slayton,2024,6,11.7
Ty Johnson,2024,6,3.4000000000000004
Craig Reynolds,2024,6,1.1
Alex Bachman,2024,6,6.1
D'Ernest Johnson,2024,6,6.4
Chris Lindstrom,2024,6,0
Amani Hooker,2024,6,0
L.J. Collier,2024,6,0
Rock Ya-Sin,2024,6,0
DK Metcalf,2024,6,7.800000000000001
Josh Hines-Allen,2024,6,0
Jeffery Simmons,2024,6,0
Noah Fant,2024,6,12.3
Sione Takitaki,2024,6,0
Montez Sweat,2024,6,0
Khalen Saunders,2024,6,0
Terry McLaurin,2024,6,23.3
Taylor Rapp,2024,6,0
Nick Scott,2024,6,0
Cody Barton,2024,6,0
A.J. Brown,2024,6,23.6
Dre'Mont Jones,2024,6,0
Quincy Williams,2024,6,0
Dexter Lawrence,2024,6,0
David Montgomery,2024,6,21
Bobby Okereke,2024,6,0
Dawson Knox,2024,6,8.2
Clelin Ferrell,2024,6,0
Johnathan Abram,2024,6,0
Germaine Pratt,2024,6,0
Jamel Dean,2024,6,0
Josh Jacobs,2024,6,12
Jalen Thompson,2024,6,0
Daniel Jones,2024,6,12.8
Brian Burns,2024,6,0
Nick Bosa,2024,6,0
Quinnen Williams,2024,6,0
Deebo Samuel Sr.,2024,6,20.700000000000003
Malcolm Roach,2024,6,0
JaMycal Hasty,2024,6,3.1
Corliss Waitman,2024,6,0
Chris Williams,2024,6,0
Blake Gillikin,2024,6,0
Tommy Townsend,2024,6,0
Jonathan Ward,2024,6,1.3
Krys Barnes,2024,6,0
Patrick Taylor,2024,6,3.8000000000000003
Juwan Johnson,2024,6,7.800000000000001
Myles Bryant,2024,6,0
Khalil Dorsey,2024,6,0
Nnamdi Madubuike,2024,6,0
Rico Dowdle,2024,6,10.5
Bryce Huff,2024,6,0
Kristian Welch,2024,6,0
J.K. Dobbins,2024,6,18.200000000000003
Joshua Uche,2024,6,0
Tyler Bass,2024,6,3
Isaiah Hodgins,2024,6,1.5
Teair Tart,2024,6,0
Nick Westbrook-Ikhine,2024,6,7.9
Kristian Wilkerson,2024,6,9.8
A.J. Epenesa,2024,6,0
Anfernee Jennings,2024,6,0
Gabe Davis,2024,6,21.5
Geno Stone,2024,6,0
Raekwon Davis,2024,6,0
Brandon Jones,2024,6,0
Isaiah Rodgers,2024,6,0
Kyle Dugger,2024,6,0
Harrison Bryant,2024,6,5.4
Julian Okwara,2024,6,0
Zack Moss,2024,6,0.5
Michael Pittman Jr.,2024,6,12.5
Julian Blackmon,2024,6,0
Jauan Jennings,2024,6,5.7
Javon Kinlaw,2024,6,0
Brandon Aiyuk,2024,6,5.7
DaVon Hamilton,2024,6,0
Jordan Love,2024,6,26.62
Jedrick Wills,2024,6,0
Laviska Shenault Jr.,2024,6,6
D'Andre Swift,2024,6,20.900000000000002
A.J. Terrell,2024,6,0
K'Lavon Chaisson,2024,6,0
Noah Igbinoghene,2024,6,0
Cole Kmet,2024,6,24
Jaylon Johnson,2024,6,0
Jeremy Chinn,2024,6,0
Logan Wilson,2024,6,0
Mykal Walker,2024,6,0
Jaylinn Hawkins,2024,6,0
Kindle Vildor,2024,6,0
Darnell Mooney,2024,6,6.800000000000001
Braden Mann,2024,6,0
Chase Young,2024,6,0
Patrick Queen,2024,6,0
Antonio Gibson,2024,6,7.300000000000001
Ashtyn Davis,2024,6,0
Josiah Deguara,2024,6,0
Khaleke Hudson,2024,6,0
James Smith-Williams,2024,6,0
Justin Herbert,2024,6,12.68
CeeDee Lamb,2024,6,16.1
Trevon Diggs,2024,6,0
Willie Gay Jr.,2024,6,0
L'Jarius Sneed,2024,6,0
Amik Robertson,2024,6,0
Alohi Gilman,2024,6,0
Andrew Thomas,2024,6,0
Xavier McKinney,2024,6,0
Jalen Hurts,2024,6,21.860000000000003
K'Von Wallace,2024,6,0
Casey Toohill,2024,6,0
Tristan Wirfs,2024,6,0.9
Jerry Jeudy,2024,6,4.5
Tee Higgins,2024,6,14.7
Antoine Winfield Jr.,2024,6,0
Darrell Taylor,2024,6,0
Cam Akers,2024,6,-0.1
Kristian Fulton,2024,6,0
Damien Lewis,2024,6,0
Zack Baun,2024,6,0
DeeJay Dallas,2024,6,0
Justin Strnad,2024,6,0
Charlie Woerner,2024,6,0
Khalil Davis,2024,6,0
"Kenneth Murray, Jr.",2024,6,0
Joe Burrow,2024,6,19.82
Kwity Paye,2024,6,0
Dayo Odeyingbo,2024,6,0
Tim Jones,2024,6,0
Jamien Sherwood,2024,6,0
Jason Pinnock,2024,6,0
Brandin Echols,2024,6,0
DJ Turner,2024,6,5.7
Rashod Bateman,2024,6,11.100000000000001
Azeez Ojulari,2024,6,0
Carlos Basham,2024,6,0
Chuba Hubbard,2024,6,14.3
Deommodore Lenoir,2024,6,0
Roy Lopez,2024,6,0
Ar'Darius Washington,2024,6,0
Nick McCloud,2024,6,0
Quintin Morris,2024,6,0
Alim McNeill,2024,6,0
Benjamin St-Juste,2024,6,0
Dyami Brown,2024,6,2.1
John Bates,2024,6,0
Ihmir Smith-Marsette,2024,6,0
Darrick Forrest,2024,6,0
Tedarrell Slaton,2024,6,0
K.J. Britt,2024,6,0
Simi Fehoko,2024,6,6.4
Isaiah McDuffie,2024,6,0
Israel Mukuamu,2024,6,0
Grant Stuard,2024,6,0
Zayne Anderson,2024,6,0
Naquan Jones,2024,6,0
Charles Snowden,2024,6,0
Amen Ogbongbemiga,2024,6,0
Brock Wright,2024,6,0
Christian Elliss,2024,6,0
Feleipe Franks,2024,6,0
Evan McPherson,2024,6,5
Nate Hobbs,2024,6,0
Pat Surtain II,2024,6,0
Kylen Granson,2024,6,0
Jaelon Darden,2024,6,1.6
Marco Wilson,2024,6,0
Tre Brown,2024,6,0
Damar Hamlin,2024,6,0
Najee Harris,2024,6,20.200000000000003
Pat Freiermuth,2024,6,3.6
Davis Mills,2024,6,0
Ja'Marr Chase,2024,6,12.2
Joseph Ossai,2024,6,0
Khyiris Tonga,2024,6,0
DeVonta Smith,2024,6,15.4
Greg Rousseau,2024,6,0
Jeremiah Owusu-Koramoah,2024,6,0
Milton Williams,2024,6,0
Kenneth Gainwell,2024,6,2.3000000000000003
Patrick Johnson,2024,6,0
Payton Turner,2024,6,0
Zaven Collins,2024,6,0
Paulson Adebo,2024,6,0
Odafe Oweh,2024,6,0
Andre Cisco,2024,6,0
Osa Odighizuwa,2024,6,0
Mitchell Fraboni,2024,6,0
Jaycee Horn,2024,6,0
Justin Fields,2024,6,22.7
Ta'Quon Graham,2024,6,0
Adetokunbo Ogundeji,2024,6,0
Avery Williams,2024,6,0
Jonathon Cooper,2024,6,0
Teven Jenkins,2024,6,0
Levi Onwuzurike,2024,6,0
Tre'von Moehrig,2024,6,0
Amon-Ra St. Brown,2024,6,13.7
Joe Tryon-Shoyinka,2024,6,0
Kyle Pitts,2024,6,10
Trevor Lawrence,2024,6,18.06
Mac Jones,2024,6,0.24
Travis Etienne,2024,6,-0.1
Walker Little,2024,6,0
Spencer Brown,2024,6,0
Ben Cleveland,2024,6,0
Alijah Vera-Tucker,2024,6,0
Elijah Moore,2024,6,1.3
Chauncey Golston,2024,6,0
Trey Sermon,2024,6,2.9000000000000004
Brandon Stephens,2024,6,0
Joshua Palmer,2024,6,5.800000000000001
Divine Deablo,2024,6,0
Elijah Molden,2024,6,0
Ernest Jones,2024,6,0
Greg Newsome II,2024,6,0
Javonte Williams,2024,6,4.6000000000000005
Quinn Meinerz,2024,6,0
Chazz Surratt,2024,6,0
Dee Alford,2024,6,0
Jordan Davis,2024,6,0
Quay Walker,2024,6,0
Sean Rhyan,2024,6,0
Kingsley Enagbare,2024,6,0
Grant Calcaterra,2024,6,10.7
Bo Melton,2024,6,4.300000000000001
Elijah Hicks,2024,6,0
Jaylon Jones,2024,6,0
Jack Sanborn,2024,6,0
Tyler Goodson,2024,6,10.500000000000002
Josh Blackwell,2024,6,0
Reed Blankenship,2024,6,0
Joey Blount,2024,6,0
Tony Adams,2024,6,0
Jeremiah Moon,2024,6,0
Sauce Gardner,2024,6,0
Brenden Schooler,2024,6,0
Cameron Dicker,2024,6,12
Jaylen Warren,2024,6,4.800000000000001
Ikem Ekwonu,2024,6,0
Travon Walker,2024,6,0
Aidan Hutchinson,2024,6,0
Derek Stingley Jr.,2024,6,0
Drake London,2024,6,19.4
Chris Olave,2024,6,-0.5
Jameson Williams,2024,6,17.7
Kaiir Elam,2024,6,0
Devin Lloyd,2024,6,0
Jalen Pitre,2024,6,0
George Pickens,2024,6,8.3
Nik Bonitto,2024,6,0
Martin Emerson,2024,6,0
Marcus Jones,2024,6,0
Terrel Bernard,2024,6,0
Dameon Pierce,2024,6,14.700000000000001
Micah McFadden,2024,6,0
Khalil Shakir,2024,6,3.9000000000000004
Thomas Booker,2024,6,0
Tyler Allgeier,2024,6,19.8
Jerome Ford,2024,6,1.4000000000000001
Zyon McCollum,2024,6,0
Otito Ogbonnia,2024,6,0
D'Marco Jackson,2024,6,0
Esezi Otomewo,2024,6,0
Matthew Butler,2024,6,0
Damone Clark,2024,6,0
John Ridgeway,2024,6,0
Vederian Lowe,2024,6,0
Christian Benford,2024,6,0
Malcolm Rodriguez,2024,6,0
Drew Ogletree,2024,6,4.4
Jordan Jackson,2024,6,0
Connor Heyward,2024,6,1.4
Montaric Brown,2024,6,0
Jesse Luketa,2024,6,0
D'Anthony Bell,2024,6,0
Ja'Quan McMillian,2024,6,0
Alec Anderson,2024,6,0
Raheem Blackshear,2024,6,0
Jake Hansen,2024,6,0
Stone Smartt,2024,6,2
J.J. Russell,2024,6,0
Mike Brown,2024,6,0
Isaiah Pola-Mao,2024,6,0
Jordan Mason,2024,6,9.200000000000001
Lucas Krull,2024,6,3.1
Rashid Shaheed,2024,6,8.3
Daniel Whelan,2024,6,0
Darrell Baker Jr.,2024,6,0
Markquese Bell,2024,6,0
Nate Landman,2024,6,0
Leroy Watson IV,2024,6,0
Tre Avery,2024,6,0
Julius Chestnut,2024,6,0.2
Sam Okuayinonu,2024,6,0
Ryan Stonehouse,2024,6,0
Aaron Shampklin,2024,6,-0.2
Nakobe Dean,2024,6,0
Nick Cross,2024,6,0
Hassan Haskins,2024,6,0.5
C.J. Brewer,2024,6,0
Alec Pierce,2024,6,0
Jalen Tolbert,2024,6,8.3
Kerby Joseph,2024,6,0
Brandon Aubrey,2024,6,12
Garrett Wilson,2024,6,24.700000000000003
Jahan Dotson,2024,6,3.3
Treylon Burks,2024,6,2
Trey McBride,2024,6,17.6
Tycen Anderson,2024,6,0
Cam Taylor-Britt,2024,6,0
Travis Jones,2024,6,0
Cordale Flott,2024,6,0
Dondrea Tillman,2024,6,0
KaVontae Turpin,2024,6,5
Jeremy Ruckert,2024,6,2.7
DeAngelo Malone,2024,6,0
Chigoziem Okonkwo,2024,6,3.6
Chad Muma,2024,6,0
Romeo Doubs,2024,6,19.9
Charles Cross,2024,6,0
Tyler Linderbaum,2024,6,0
Samuel Womack,2024,6,0
Kalia Davis,2024,6,0
Brock Purdy,2024,6,24.1
Luke Goedeke,2024,6,0
Calvin Austin III,2024,6,5.6
Isaiah Likely,2024,6,4.7
Daniel Hardy,2024,6,0
Kyle Hamilton,2024,6,0
Jack Jones,2024,6,0
Jake Ferguson,2024,6,4.1
Jake Camarda,2024,6,0
Charlie Kolar,2024,6,0
Jordan Stout,2024,6,0
Cordell Volson,2024,6,0
Joshua Paschal,2024,6,0
Pierre Strong Jr.,2024,6,9.8
Phidarian Mathis,2024,6,0
Percy Butler,2024,6,0
Eyioma Uwazurike,2024,6,0
Micheal Clemons,2024,6,0
Kyler Gordon,2024,6,0
Cam Jurgens,2024,6,0
Daniel Bellinger,2024,6,0
Arnold Ebiketie,2024,6,0
Wan'Dale Robinson,2024,6,10
Breece Hall,2024,6,21.900000000000002
Alontae Taylor,2024,6,0
Dane Belton,2024,6,0
Christian Watson,2024,6,15.8
Roger McCreary,2024,6,0
Logan Hall,2024,6,0
Cade Otton,2024,6,9.5
Andrew Booth,2024,6,0
Boye Mafe,2024,6,0
Kenneth Walker III,2024,6,20.9
Coby Bryant,2024,6,0
Jalen Carter,2024,6,0
Noah Sewell,2024,6,0
Dontayvion Wicks,2024,6,1.9
Will Mallory,2024,6,0
Eric Gray,2024,6,1.3
Karl Brooks,2024,6,0
Jaylon Jones,2024,6,0
Tyson Bagent,2024,6,-0.30000000000000004
Brady Russell,2024,6,0
Ben VanSumeren,2024,6,0
Claudin Cherelus,2024,6,0
Xavier Gipson,2024,6,0
Trenton Simpson,2024,6,0
Tavius Robinson,2024,6,0
DJ Johnson,2024,6,0
Chandler Zavala,2024,6,0
Bijan Robinson,2024,6,25.5
Jaxon Smith-Njigba,2024,6,9.3
Quentin Johnston,2024,6,5.2
Mazi Smith,2024,6,0
Myles Murphy,2024,6,0
O'Cyrus Torrence,2024,6,0
DJ Turner II,2024,6,0
Hendon Hooker,2024,6,0.66
Riley Moss,2024,6,0
Daiyan Henley,2024,6,0
Ji'Ayir Brown,2024,6,0
Tank Bigsby,2024,6,2.4000000000000004
DeMarvion Overshown,2024,6,0
Dorian Williams,2024,6,0
Darnell Washington,2024,6,1.9
Michael Wilson,2024,6,10.1
Jordan Battle,2024,6,0
Tre Tucker,2024,6,0
Chad Ryland,2024,6,8
Clark Phillips III,2024,6,0
Sidy Sow,2024,6,0
Ventrell Miller,2024,6,0
Derius Davis,2024,6,3.2
Charlie Jones,2024,6,0
Aidan O'Connell,2024,6,12.08
KJ Henry,2024,6,0
Jaquelin Roy,2024,6,0
Jordan Howden,2024,6,0
Josh Whyle,2024,6,1.2
Darrell Luter Jr.,2024,6,0
Antonio Johnson,2024,6,0
Chase Brown,2024,6,13.4
Henry To'oTo'o,2024,6,0
Owen Pappoe,2024,6,0
Chris Smith II,2024,6,0
Robert Beal Jr.,2024,6,0
Parker Washington,2024,6,0
Kayshon Boutte,2024,6,14.9
Bryce Baringer,2024,6,0
Xavier Hutchinson,2024,6,0
Andrei Iosivas,2024,6,5.6
DeMario Douglas,2024,6,21.200000000000003
Dante Stills,2024,6,0
Dee Winters,2024,6,0
Jalen Brooks,2024,6,2.5
Jalen Graham,2024,6,0
Trevor Nowaske,2024,6,0
Starling Thomas V,2024,6,0
Jordan Mims,2024,6,3.8
Chris Brooks,2024,6,2.1
Emari Demercado,2024,6,11.4
Mohamoud Diabate,2024,6,0
Ali Gaye,2024,6,0
Tyrus Wheat,2024,6,0
Jake Bobo,2024,6,3.8
Ty Okada,2024,6,0
Eku Leota,2024,6,0
Nate Adkins,2024,6,1.5
Thomas Incoom,2024,6,0
Demontrey Jacobs,2024,6,0
Jaleel McLaughlin,2024,6,4.5
Emanuel Wilson,2024,6,8.3
Ben Sims,2024,6,5.800000000000001
Kaevon Merriweather,2024,6,0
Ryan Miller,2024,6,4.9
Otis Reese,2024,6,0
AJ Finley,2024,6,0
Blake Grupe,2024,6,10
Anfernee Orji,2024,6,0
Drake Thomas,2024,6,0
Dalton Kincaid,2024,6,11.100000000000001
Brenton Strange,2024,6,2.1
Jalin Hyatt,2024,6,1.6
Sean Tucker,2024,6,34.2
Marvin Mims Jr.,2024,6,0
Tank Dell,2024,6,18.7
Cedric Tillman,2024,6,-0.5
Bryan Bresee,2024,6,0
Tucker Kraft,2024,6,3.5
Josh Downs,2024,6,19.5
Deonte Banks,2024,6,0
Garrett Williams,2024,6,0
Dylan Horton,2024,6,0
Nolan Smith,2024,6,0
Jack Campbell,2024,6,0
Anthony Bradford,2024,6,0
Roschon Johnson,2024,6,5.3
Adetomiwa Adebawore,2024,6,0
Tyjae Spears,2024,6,2.7
Peter Skoronski,2024,6,0
Elijah Higgins,2024,6,0
Derick Hall,2024,6,0
Marte Mapu,2024,6,0
Jonathan Mingo,2024,6,1.1
Calijah Kancey,2024,6,0
Zay Flowers,2024,6,22.4
Sam LaPorta,2024,6,12.2
Yaya Diaby,2024,6,0
Gervon Dexter Sr.,2024,6,0
Jakorian Bennett,2024,6,0
Will Anderson Jr.,2024,6,0
Broderick Jones,2024,6,0
Keeanu Benton,2024,6,0
Tuli Tuipulotu,2024,6,0
Lukas Van Ness,2024,6,0
Jahmyr Gibbs,2024,6,12.100000000000001
Kelee Ringo,2024,6,0
Brian Branch,2024,6,0
Will McDonald IV,2024,6,0
Joe Tippmann,2024,6,0
Jayden Reed,2024,6,14.8
Christian Gonzalez,2024,6,0
Keion White,2024,6,0
Quan Martin,2024,6,0
Will Levis,2024,6,8.3
C.J. Stroud,2024,6,18.38
Zach Charbonnet,2024,6,4.5
Joey Porter Jr.,2024,6,0
Devon Witherspoon,2024,6,0
Jake Bates,2024,6,19
Dante Miller,2024,6,0
Nate Wiggins,2024,6,0
Roger Rosengarten,2024,6,0
Beau Brade,2024,6,0
Eric Watts,2024,6,0
Dee Williams,2024,6,0
Curtis Jacobs,2024,6,0
Ryan Rehkow,2024,6,0
Brandon Codrington,2024,6,0
Brock Bowers,2024,6,16.1
Laiatu Latu,2024,6,0
Xavier Legette,2024,6,11.3
Renardo Green,2024,6,0
Junior Colson,2024,6,0
Trevin Wallace,2024,6,0
Zak Zinter,2024,6,0
Marist Liufau,2024,6,0
Luke McCaffrey,2024,6,1.5
Ja'Tavion Sanders,2024,6,8.9
Cade Stover,2024,6,0
Malik Mustapha,2024,6,0
Bucky Irving,2024,6,18.5
Isaac Guerendo,2024,6,9.9
Sione Vaki,2024,6,0.5
Jacob Cowing,2024,6,0
Tarheeb Still,2024,6,0
Cam Hart,2024,6,0
JD Bertrand,2024,6,0
Jarvis Brownlee Jr.,2024,6,0
Audric Estimé,2024,6,1.3
Spencer Rattler,2024,6,13.420000000000002
Jaylon Carlies,2024,6,0
Chau Smith-Wade,2024,6,0
Tyrone Tracy Jr.,2024,6,22.7
Bub Means,2024,6,15.5
Jaylan Ford,2024,6,0
Marcellas Dial Jr.,2024,6,0
Kimani Vidal,2024,6,13.1
Jha'Quan Jackson,2024,6,0
Nathaniel Watson,2024,6,0
Dylan Laube,2024,6,-2
Cam Little,2024,6,4
Ryan Flournoy,2024,6,0.20000000000000018
Javontae Jean-Baptiste,2024,6,0
Jonah Laulu,2024,6,0
Devaughn Vele,2024,6,11.8
Tatum Bethune,2024,6,0
Isaac Ukwu,2024,6,0
Beanie Bishop Jr.,2024,6,0
Jalen Coker,2024,6,6
Winston Reid,2024,6,0
Xavier Weaver,2024,6,0
Tyrek Funderburk,2024,6,0
Antonio Grier Jr.,2024,6,0
D.J. Williams,2024,6,0
Matthew Hayball,2024,6,0
Rico Payton,2024,6,0
Mason Tipton,2024,6,2.5
Maema Njongmeta,2024,6,0
Brayden Narveson,2024,6,10
Thomas Harper,2024,6,0
Evan Anderson,2024,6,0
Jaylen Mahoney,2024,6,0
Bo Nix,2024,6,21.740000000000002
Ruke Orhorhoro,2024,6,0
Jackson Powers-Johnson,2024,6,0
Payton Wilson,2024,6,0
Jordan Jefferson,2024,6,0
Tory Taylor,2024,6,0
Will Shipley,2024,6,0
Terrell Jennings,2024,6,1.3
AJ Barner,2024,6,2.3
Braelon Allen,2024,6,0.8
Nehemiah Pritchett,2024,6,0
Isaiah Davis,2024,6,0
Max Melton,2024,6,0
Jonah Elliss,2024,6,0
Ty'Ron Hopper,2024,6,0
Evan Williams,2024,6,0
Erick All Jr.,2024,6,3
Andru Phillips,2024,6,0
Calen Bullock,2024,6,0
Austin Booker,2024,6,0
Cooper DeJean,2024,6,0
Tykee Smith,2024,6,0
Theo Johnson,2024,6,6
Marvin Harrison Jr.,2024,6,0
Edgerrin Cooper,2024,6,0
Drake Maye,2024,6,21.52
Jalen McMillan,2024,6,0
Kool-Aid McKinstry,2024,6,0
Tyler Nubin,2024,6,0
Ennis Rakestraw Jr.,2024,6,0
Javon Bullard,2024,6,0
Troy Franklin,2024,6,11.6
Cole Bishop,2024,6,0
DeWayne Carter,2024,6,0
Ray Davis,2024,6,18.200000000000003
T'Vondre Sweat,2024,6,0
Quinyon Mitchell,2024,6,0
Maason Smith,2024,6,0
Adonai Mitchell,2024,6,2.9
Brian Thomas Jr.,2024,6,5.7
Mike Hall Jr.,2024,6,0
Mike Sainristil,2024,6,0
Keon Coleman,2024,6,5.6
Chris Braswell,2024,6,0
Terrion Arnold,2024,6,0
Jer'Zhan Newton,2024,6,0
Ja'Lynn Polk,2024,6,1.4
Kris Jenkins,2024,6,0
Jayden Daniels,2024,6,20.959999999999997
Ladd McConkey,2024,6,8.3
Caleb Williams,2024,6,29.64
Rome Odunze,2024,6,6
Trey Benson,2024,6,2.6
NA,2024,6,0
Aaron Rodgers,2024,7,15.040000000000001
Nick Folk,2024,7,4
Calais Campbell,2024,7,0
Matthew Stafford,2024,7,4.96
Thomas Morstead,2024,7,0
Morgan Cox,2024,7,0
Trent Williams,2024,7,0
Tyron Smith,2024,7,0
Cameron Jordan,2024,7,0
Cameron Heyward,2024,7,0
Andy Dalton,2024,7,2.0200000000000005
Nick Bellore,2024,7,0
Johnny Hekker,2024,7,0
Rodney McLeod Jr.,2024,7,0
Bobby Wagner,2024,7,0
Russell Wilson,2024,7,24.860000000000003
Stephon Gilmore,2024,7,0
Lavonte David,2024,7,0
Justin Tucker,2024,7,13
Kirk Cousins,2024,7,9.18
Harrison Smith,2024,7,0
Demario Davis,2024,7,0
Greg Zuerlein,2024,7,1
Greg Van Roten,2024,7,0
Brandon McManus,2024,7,7
Kyle Juszczyk,2024,7,1.4000000000000001
Zach Ertz,2024,7,14
Darius Slay,2024,7,0
Johnathan Hankins,2024,7,0
Sam Martin,2024,7,0
Dustin Hopkins,2024,7,-2
Jordan Poyer,2024,7,0
Tress Way,2024,7,0
Tyrann Mathieu,2024,7,0
Travis Kelce,2024,7,5.7
DeAndre Hopkins,2024,7,0.8
Geno Smith,2024,7,16.78
Mike Pennel,2024,7,0
Khalil Mack,2024,7,0
DaQuan Jones,2024,7,0
Chris Boswell,2024,7,14
Brent Urban,2024,7,0
Odell Beckham Jr.,2024,7,0
Denico Autry,2024,7,0
Shelby Harris,2024,7,0
Jake Matthews,2024,7,0
C.J. Mosley,2024,7,0
Kyle Van Noy,2024,7,0
Davante Adams,2024,7,6
Mike Evans,2024,7,9.5
Joel Bitonio,2024,7,0
Jason Myers,2024,7,12
Efe Obada,2024,7,0
Jameis Winston,2024,7,8.68
Amari Cooper,2024,7,16.6
Nelson Agholor,2024,7,3
Danielle Hunter,2024,7,0
Za'Darius Smith,2024,7,0
Grady Jarrett,2024,7,0
Stefon Diggs,2024,7,7.300000000000001
Michael Burton,2024,7,0
Quandre Diggs,2024,7,0
Raheem Mostert,2024,7,3
Eric Tomlinson,2024,7,1.7000000000000002
Neville Hewitt,2024,7,0
DeShawn Williams,2024,7,0
Leonard Williams,2024,7,0
Preston Smith,2024,7,0
Rakeem Nunez-Roches,2024,7,0
Dante Fowler Jr.,2024,7,0
Bradley Pinion,2024,7,0
Denzel Perryman,2024,7,0
Kwon Alexander,2024,7,0
Chris Conley,2024,7,0
Jordan Hicks,2024,7,0
Geoff Swaim,2024,7,0
Bud Dupree,2024,7,0
Arik Armstead,2024,7,0
Ronald Darby,2024,7,0
Tyler Lockett,2024,7,8.5
Rob Havenstein,2024,7,0
Marcus Mariota,2024,7,19.6
Sterling Shepard,2024,7,2.5
Jarran Reed,2024,7,0
Austin Hooper,2024,7,7.2
Nick Vannett,2024,7,6.5
Graham Glasgow,2024,7,0
De'Vondre Campbell,2024,7,0
Dean Lowry,2024,7,0
Matthew Judon,2024,7,0
DJ Reader,2024,7,0
Kamu Grugier-Hill,2024,7,0
Kalif Raymond,2024,7,12.9
Reid Ferguson,2024,7,0
Mike Hilton,2024,7,0
Wil Lutz,2024,7,18
Michael Pierce,2024,7,0
Jonathan Jones,2024,7,0
Roy Robertson-Harris,2024,7,0
Jake Brendel,2024,7,0
Ka'imi Fairbairn,2024,7,12
Sheldon Rankins,2024,7,0
Chris Jones,2024,7,0
Derrick Henry,2024,7,25.200000000000003
Demarcus Robinson,2024,7,1.9
Jalen Mills,2024,7,0
C.J. Ham,2024,7,0
Vonn Bell,2024,7,0
Riley Dixon,2024,7,0
Ronnie Stanley,2024,7,0
Justin Simmons,2024,7,0
Tyler Boyd,2024,7,9.3
Sheldon Day,2024,7,0
Eric Murray,2024,7,0
Tyreek Hill,2024,7,2.3
David Onyemata,2024,7,0
Jalen Ramsey,2024,7,0
Adam Gotsis,2024,7,0
Leonard Floyd,2024,7,0
Kendall Fuller,2024,7,0
Hunter Henry,2024,7,17.200000000000003
Jonathan Bullard,2024,7,0
Jared Goff,2024,7,16.800000000000004
Kenny Clark,2024,7,0
Yannick Ngakoue,2024,7,0
Maliek Collins,2024,7,0
Mo Alie-Cox,2024,7,0
Johnny Mundt,2024,7,4.8
Rigoberto Sanchez,2024,7,0
Marlon Humphrey,2024,7,0
Curtis Samuel,2024,7,0
Tyus Bowser,2024,7,0
George Kittle,2024,7,15.200000000000001
Aaron Jones,2024,7,20.6
D.J. Jones,2024,7,0
Harrison Butker,2024,7,4
Kendrick Bourne,2024,7,2.4000000000000004
Eric Wilson,2024,7,0
Tim Patrick,2024,7,4.5
Patrick Ricard,2024,7,0
Adam Butler,2024,7,0
Kenny Moore II,2024,7,0
Matt Haack,2024,7,0
Raekwon McMillan,2024,7,0
Kevin King,2024,7,0
Samaje Perine,2024,7,3.8000000000000003
Mike Williams,2024,7,2.5
Deshaun Watson,2024,7,5.12
Takk McKinley,2024,7,0
Dalvin Tomlinson,2024,7,0
Rasul Douglas,2024,7,0
James Conner,2024,7,16.200000000000003
Mack Hollins,2024,7,0
Jalen Reeves-Maybin,2024,7,0.1
Desmond King,2024,7,0
Anthony Walker,2024,7,0
Xavier Woods,2024,7,0
Jeremiah Ledbetter,2024,7,0
David Moore,2024,7,0
Noah Brown,2024,7,2.6
Pat O'Connor,2024,7,0
Michael Davis,2024,7,0
Austin Ekeler,2024,7,4
Younghoe Koo,2024,7,1
Ahkello Witherspoon,2024,7,0
Eddie Jackson,2024,7,0
Jake Elliott,2024,7,4
Andrew Wylie,2024,7,0
Dare Ogunbowale,2024,7,0.6000000000000001
Jonnu Smith,2024,7,22.6
Davon Godchaux,2024,7,0
Myles Garrett,2024,7,0
Solomon Thomas,2024,7,0
Patrick Mahomes,2024,7,14.06
Marshon Lattimore,2024,7,0
Derek Barnett,2024,7,0
Charles Harris,2024,7,0
Evan Engram,2024,7,8.5
David Njoku,2024,7,23.6
T.J. Watt,2024,7,0
Budda Baker,2024,7,0
Zay Jones,2024,7,0
Marcus Maye,2024,7,0
Marcus Williams,2024,7,0
Joe Mixon,2024,7,26.4
Dion Dawkins,2024,7,0
Larry Ogunjobi,2024,7,0
Alvin Kamara,2024,7,8.4
Dawuane Smoot,2024,7,0
Alex Anzalone,2024,7,0
Chris Godwin Jr.,2024,7,13.5
Kareem Hunt,2024,7,22.3
D'Onta Foreman,2024,7,0.5
Shaquill Griffin,2024,7,0
Trey Hendrickson,2024,7,0
Deatrich Wise,2024,7,0
Jamaal Williams,2024,7,1.7000000000000002
Grover Stewart,2024,7,0
Jeremy McNichols,2024,7,4.2
Michael Dunn,2024,7,0
George Odum,2024,7,0
J.T. Gray,2024,7,0
Will Dissly,2024,7,16.1
Michael Dickson,2024,7,0
Daniel Carlson,2024,7,16
J.K. Scott,2024,7,0
Eddy Pineiro,2024,7,1
Tim Boyle,2024,7,3.36
Darious Williams,2024,7,0
Poona Ford,2024,7,0
Daniel Ekuale,2024,7,0
Jalyn Holmes,2024,7,0
Tyler Conklin,2024,7,10.7
Foley Fatukasi,2024,7,0
DeShon Elliott,2024,7,0
Tremon Smith,2024,7,0
Zach Sieler,2024,7,0
Ben Niemann,2024,7,0
Frankie Luvu,2024,7,0
Daron Payne,2024,7,0
Frank Ragnow,2024,7,0
M.J. Stewart,2024,7,0
Donte Jackson,2024,7,0
Isaiah Oliver,2024,7,0
Justin Reid,2024,7,0
Jordan Akins,2024,7,8.2
Ian Thomas,2024,7,2.4
Da'Shawn Hand,2024,7,0
Jordan Whitehead,2024,7,0
Kyzir White,2024,7,0
Taron Johnson,2024,7,0
Avonte Maddox,2024,7,0
Josh Sweat,2024,7,0
Marquis Haynes,2024,7,0
Dalton Schultz,2024,7,3.8000000000000003
Justin Watson,2024,7,1.8
Siran Neal,2024,7,0
Tim Settle,2024,7,0
Ray-Ray McCloud,2024,7,2.9
Cedrick Wilson Jr.,2024,7,17.7
Braxton Berrios,2024,7,0
Matthew Adams,2024,7,0
Zaire Franklin,2024,7,0
Logan Cooke,2024,7,0
Greg Joseph,2024,7,3
Jeremy Reaves,2024,7,0
Dennis Gardeck,2024,7,0
Trent Sherfield,2024,7,0
Tavierre Thomas,2024,7,0
Levi Wallace,2024,7,0
Allen Lazard,2024,7,9.8
Tony Brown,2024,7,0
Charvarius Ward,2024,7,0
Demone Harris,2024,7,0
Tanner Hudson,2024,7,0
Mike Ford,2024,7,0
Brandon Powell,2024,7,0
Jessie Bates,2024,7,0
Robert Spillane,2024,7,0
Corey Bojorquez,2024,7,0
Nick Thurman,2024,7,0
Jaire Alexander,2024,7,0
Maurice Hurst,2024,7,0
Mark Andrews,2024,7,20.1
Oren Burks,2024,7,0
Nathan Shepherd,2024,7,0
Mason Rudolph,2024,7,8.9
Vita Vea,2024,7,0
Christian Kirk,2024,7,3.4000000000000004
Carlton Davis III,2024,7,0
Harrison Phillips,2024,7,0
Minkah Fitzpatrick,2024,7,0
Derwin James,2024,7,0
Nick Chubb,2024,7,10.2
Jason Sanders,2024,7,3
Lamar Jackson,2024,7,34.440000000000005
Jerome Baker,2024,7,0
Durham Smythe,2024,7,0
B.J. Hill,2024,7,0
John Franklin-Myers,2024,7,0
Ogbo Okoronkwo,2024,7,0
Sebastian Joseph-Day,2024,7,0
Fred Warner,2024,7,0
Derrick Nnadi,2024,7,0
Arden Key,2024,7,0
Harold Landry III,2024,7,0
Mike Gesicki,2024,7,1.2
Sam Hubbard,2024,7,0
Braden Smith,2024,7,0
Calvin Ridley,2024,7,7.2
Taven Bryan,2024,7,0
Mike Hughes,2024,7,0
Saquon Barkley,2024,7,26.700000000000003
Baker Mayfield,2024,7,29
Denzel Ward,2024,7,0
Josh Allen,2024,7,21.020000000000003
Terrell Edmunds,2024,7,0
Sam Darnold,2024,7,17.259999999999998
Roquan Smith,2024,7,0
Mitch Wishnowsky,2024,7,0
D'Angelo Ross,2024,7,0
Rashan Gary,2024,7,0
Darnell Savage,2024,7,0
Alexander Mattison,2024,7,15.3
Maxx Crosby,2024,7,0
Julian Love,2024,7,0
Justice Hill,2024,7,13.8
Ben Powers,2024,7,0
Foster Moreau,2024,7,5.800000000000001
Ka'dar Hollman,2024,7,0
Ty Summers,2024,7,0
Quinton Bell,2024,7,0
Demetrius Flannigan-Fowles,2024,7,0
Ashton Dulin,2024,7,1.2000000000000002
Kevin Givens,2024,7,0
Patrick Mekari,2024,7,0
Matthew Orzech,2024,7,0
Alec Ingold,2024,7,1.4
Andre James,2024,7,0
Keisean Nixon,2024,7,0
Mecole Hardman,2024,7,12.5
Mack Wilson,2024,7,0
Austin Seibert,2024,7,17
Jack Fox,2024,7,0
AJ Cole,2024,7,0
Joey Slye,2024,7,5
Olamide Zaccheaus,2024,7,6.5
Diontae Johnson,2024,7,2.7
P.J. Locke,2024,7,0
Kyler Murray,2024,7,21.200000000000003
Ed Oliver,2024,7,0
Byron Murphy,2024,7,0
Jawaan Taylor,2024,7,0
Sean Murphy-Bunting,2024,7,0
Jahlani Tavai,2024,7,0
Miles Sanders,2024,7,3.8000000000000003
Lonnie Johnson,2024,7,0
Zach Allen,2024,7,0
Josh Oliver,2024,7,1.5
Devin Singletary,2024,7,3.0999999999999996
C.J. Gardner-Johnson,2024,7,0
Anthony Nelson,2024,7,0
Kendall Sheffield,2024,7,0
Tony Pollard,2024,7,8.500000000000002
Drue Tranquill,2024,7,0
Jarrett Stidham,2024,7,-0.2
Matt Gay,2024,7,12
Andrew Van Ginkel,2024,7,0
Mike Jackson,2024,7,0
Jake Bailey,2024,7,0
Gardner Minshew,2024,7,1.36
David Long Jr.,2024,7,0
Kaden Elliss,2024,7,0
Tyrel Dodson,2024,7,0
Cam Lewis,2024,7,0
Chase McLaughlin,2024,7,4
Carl Granderson,2024,7,0
Lil'Jordan Humphrey,2024,7,3.2
Shy Tuttle,2024,7,0
Luke Gifford,2024,7,0
Greg Dortch,2024,7,7.5
Devin Bush,2024,7,0
Darius Slayton,2024,7,2.1
Ty Johnson,2024,7,7.4
Joseph Fortson,2024,7,0
Garrett Bradbury,2024,7,0
Alex Bachman,2024,7,0
Troy Reeder,2024,7,0
Juan Thornhill,2024,7,0
D'Ernest Johnson,2024,7,10
Drew Sample,2024,7,0
Amani Hooker,2024,7,0
Corey Ballentine,2024,7,0
L.J. Collier,2024,7,0
Parris Campbell,2024,7,0
DK Metcalf,2024,7,19.9
Josh Hines-Allen,2024,7,0
Jeffery Simmons,2024,7,0
Noah Fant,2024,7,10.5
Terry McLaurin,2024,7,15.8
Taylor Rapp,2024,7,0
Greg Gaines,2024,7,0
Nick Scott,2024,7,0
Cody Barton,2024,7,0
Jerry Tillery,2024,7,0
A.J. Brown,2024,7,19.9
Dre'Mont Jones,2024,7,0
Quincy Williams,2024,7,0
Dexter Lawrence,2024,7,0
David Montgomery,2024,7,8
Bobby Okereke,2024,7,0
Dawson Knox,2024,7,1.5
Clelin Ferrell,2024,7,0
Johnathan Abram,2024,7,0
Germaine Pratt,2024,7,0
Josh Jacobs,2024,7,20.200000000000003
Drew Lock,2024,7,0.54
Jalen Thompson,2024,7,0
Daniel Jones,2024,7,5.96
Brian Burns,2024,7,0
Nick Bosa,2024,7,0
Quinnen Williams,2024,7,0
Deebo Samuel Sr.,2024,7,0
Jacob Bobenmoyer,2024,7,0
Malcolm Roach,2024,7,0
James Pierre,2024,7,0
JaMycal Hasty,2024,7,15.7
Corliss Waitman,2024,7,0
Benito Jones,2024,7,0
Blake Gillikin,2024,7,0
Tommy Townsend,2024,7,0
Joe Bachie,2024,7,0
T.J. Smith,2024,7,0
Jonathan Ward,2024,7,0
Michael Hoecht,2024,7,0
Christian Rozeboom,2024,7,0
Krys Barnes,2024,7,0
Tyler Huntley,2024,7,9.48
Juwan Johnson,2024,7,4.8
Myles Bryant,2024,7,0
Khalil Dorsey,2024,7,0
Nnamdi Madubuike,2024,7,0
Ben Bredeson,2024,7,0
Bryce Huff,2024,7,0
J.K. Dobbins,2024,7,9.6
Tyler Bass,2024,7,10
Dane Jackson,2024,7,0
Teair Tart,2024,7,0
Nick Westbrook-Ikhine,2024,7,9
A.J. Epenesa,2024,7,0
Anfernee Jennings,2024,7,0
Gabe Davis,2024,7,2.3
Mike Onwenu,2024,7,0
Geno Stone,2024,7,0
Raekwon Davis,2024,7,0
Brandon Jones,2024,7,0
Isaiah Rodgers,2024,7,0
Jonathan Greenard,2024,7,0
Kyle Dugger,2024,7,0
Harrison Bryant,2024,7,3.9000000000000004
Colby Parkinson,2024,7,5.2
Julian Okwara,2024,7,0
Zack Moss,2024,7,7
Michael Pittman Jr.,2024,7,9.3
Julian Blackmon,2024,7,0
Javon Kinlaw,2024,7,0
Brandon Aiyuk,2024,7,4.300000000000001
DaVon Hamilton,2024,7,0
Jordan Love,2024,7,18.8
Jordan Elliott,2024,7,0
Laviska Shenault Jr.,2024,7,0
Grant Delpit,2024,7,0
A.J. Terrell,2024,7,0
K'Lavon Chaisson,2024,7,0
Noah Igbinoghene,2024,7,0
Jeremy Chinn,2024,7,0
Logan Wilson,2024,7,0
Akeem Davis-Gaither,2024,7,0
Jaylinn Hawkins,2024,7,0
Darnell Mooney,2024,7,9.600000000000001
Braden Mann,2024,7,0
Justin Jefferson,2024,7,21.4
Patrick Queen,2024,7,0
Antonio Gibson,2024,7,2.3
Ashtyn Davis,2024,7,0
Alex Highsmith,2024,7,0
James Lynch,2024,7,0
Troy Dye,2024,7,0
Khaleke Hudson,2024,7,0
K.J. Osborn,2024,7,10.6
Josh Metellus,2024,7,0
Kam Curl,2024,7,0
James Smith-Williams,2024,7,0
Kyle Hinton,2024,7,0
Justin Herbert,2024,7,14.760000000000002
Willie Gay Jr.,2024,7,0
Neville Gallimore,2024,7,0
Leki Fotu,2024,7,0
Amik Robertson,2024,7,0
Tyler Biadasz,2024,7,0
Alohi Gilman,2024,7,0
Jalen Reagor,2024,7,3.000000000000001
Xavier McKinney,2024,7,0
Jalen Hurts,2024,7,22.76
Lloyd Cushenberry III,2024,7,0
K'Von Wallace,2024,7,0
Tristan Wirfs,2024,7,0
Jerry Jeudy,2024,7,2.8
Jordyn Brooks,2024,7,0
Tee Higgins,2024,7,18.200000000000003
Antoine Winfield Jr.,2024,7,0
Cam Akers,2024,7,0
Van Jefferson,2024,7,9.5
Damien Lewis,2024,7,0
Zack Baun,2024,7,0
Adam Trautman,2024,7,0
DeeJay Dallas,2024,7,0
Tyler Johnson,2024,7,9.7
Justin Strnad,2024,7,0
Charlie Woerner,2024,7,0
"Kenneth Murray, Jr.",2024,7,0
Joe Burrow,2024,7,14.94
Rex Sunahara,2024,7,0
Kwity Paye,2024,7,0
Dayo Odeyingbo,2024,7,0
Jamien Sherwood,2024,7,0
Jason Pinnock,2024,7,0
Brandin Echols,2024,7,0
DJ Turner,2024,7,3.7
Rashod Bateman,2024,7,22.1
Azeez Ojulari,2024,7,0
Chuba Hubbard,2024,7,11.2
Deommodore Lenoir,2024,7,0
Ar'Darius Washington,2024,7,0
Nick McCloud,2024,7,0
Quintin Morris,2024,7,0
Jaylen Waddle,2024,7,2.1
Jamin Davis,2024,7,0
Christian Darrisaw,2024,7,0
Sam Cosmi,2024,7,0
Dillon Radunz,2024,7,0
Nick Bolton,2024,7,0
Benjamin St-Juste,2024,7,0
Dyami Brown,2024,7,3.3000000000000003
John Bates,2024,7,0
Camryn Bynum,2024,7,0
Tylan Wallace,2024,7,0
Ihmir Smith-Marsette,2024,7,0
Noah Gray,2024,7,10.600000000000001
Darrick Forrest,2024,7,0
Tedarrell Slaton,2024,7,0
K.J. Britt,2024,7,0
Simi Fehoko,2024,7,7.5
Isaiah McDuffie,2024,7,0
Grant Stuard,2024,7,0
Zayne Anderson,2024,7,0
Malik Herring,2024,7,0
Devon Key,2024,7,0
Naquan Jones,2024,7,0
Charles Snowden,2024,7,0
Adam Prentice,2024,7,0
Kayode Awosika,2024,7,0
Jack Stoll,2024,7,0
Ryan McCollum,2024,7,0
Christian Elliss,2024,7,0
Ryan Neuzil,2024,7,0
Tutu Atwell,2024,7,11.100000000000001
Evan McPherson,2024,7,2
Nate Hobbs,2024,7,0
Rhamondre Stevenson,2024,7,4.5
Kylen Granson,2024,7,0
Jaelon Darden,2024,7,0
Penei Sewell,2024,7,0
Marco Wilson,2024,7,0
Damar Hamlin,2024,7,0
Najee Harris,2024,7,16.200000000000003
Pat Freiermuth,2024,7,7.1000000000000005
Ja'Marr Chase,2024,7,17.6
Joseph Ossai,2024,7,0
Bobby Brown III,2024,7,0
Khyiris Tonga,2024,7,0
DeVonta Smith,2024,7,0.8
Greg Rousseau,2024,7,0
Jeremiah Owusu-Koramoah,2024,7,0
Milton Williams,2024,7,0
Kenneth Gainwell,2024,7,7.700000000000001
Payton Turner,2024,7,0
Landon Young,2024,7,0
Zaven Collins,2024,7,0
Kelvin Joseph,2024,7,0
Paulson Adebo,2024,7,0
Odafe Oweh,2024,7,0
Andre Cisco,2024,7,0
Jaycee Horn,2024,7,0
Ta'Quon Graham,2024,7,0
Avery Williams,2024,7,0
Jonathon Cooper,2024,7,0
Tre'von Moehrig,2024,7,0
Amon-Ra St. Brown,2024,7,25.200000000000003
Joe Tryon-Shoyinka,2024,7,0
Kyle Pitts,2024,7,13.5
Trevor Lawrence,2024,7,15.02
Tyson Campbell,2024,7,0
Alijah Vera-Tucker,2024,7,0
Elijah Moore,2024,7,10.100000000000001
Trey Sermon,2024,7,5.8999999999999995
Brandon Stephens,2024,7,0
Joshua Palmer,2024,7,10.3
Divine Deablo,2024,7,0
Elijah Molden,2024,7,0
Ernest Jones,2024,7,0
Baron Browning,2024,7,0
Greg Newsome II,2024,7,0
Javonte Williams,2024,7,26.1
Landon Dickerson,2024,7,0
Hunter Long,2024,7,1.5
Patrick Jones II,2024,7,0
Rashawn Slater,2024,7,0
Liam Eichenberg,2024,7,0
Dee Alford,2024,7,0
Quay Walker,2024,7,0
Sean Rhyan,2024,7,0
Kingsley Enagbare,2024,7,0
Grant Calcaterra,2024,7,1.5
Bo Melton,2024,7,1.7000000000000002
Trenton Gill,2024,7,0
Tyler Goodson,2024,7,11.100000000000001
Reed Blankenship,2024,7,0
Josh Jobe,2024,7,0
Tony Adams,2024,7,0
Irvin Charles,2024,7,0
Jeremiah Moon,2024,7,0
Sauce Gardner,2024,7,0
Trent McDuffie,2024,7,0
George Karlaftis,2024,7,0
Bryan Cook,2024,7,0
Jaylen Watson,2024,7,0
Nazeeh Johnson,2024,7,0
LaBryan Ray,2024,7,0
Cameron Dicker,2024,7,21
Jaylen Warren,2024,7,7.9
Travon Walker,2024,7,0
Derek Stingley Jr.,2024,7,0
Drake London,2024,7,18.3
Jameson Williams,2024,7,0.6
Devin Lloyd,2024,7,0
Jalen Pitre,2024,7,0
George Pickens,2024,7,22.1
James Cook,2024,7,9.2
Nik Bonitto,2024,7,0
Martin Emerson,2024,7,0
Marcus Jones,2024,7,0
Terrel Bernard,2024,7,0
Rachaad White,2024,7,29.1
Dameon Pierce,2024,7,0.2
Micah McFadden,2024,7,0
DJ Davidson,2024,7,0
Khalil Shakir,2024,7,13.5
Thomas Booker,2024,7,0
Tyler Allgeier,2024,7,5.5
Zyon McCollum,2024,7,0
Eric Johnson,2024,7,0
Otito Ogbonnia,2024,7,0
Ty Chandler,2024,7,0.4
John Ridgeway,2024,7,0
Matt Araiza,2024,7,0
Christian Benford,2024,7,0
Malcolm Rodriguez,2024,7,0
Jalen Nailor,2024,7,11.600000000000001
Drew Ogletree,2024,7,0
Jordan Jackson,2024,7,0
Theo Jackson,2024,7,0
Connor Heyward,2024,7,0
Ja'Sir Taylor,2024,7,0
Ko Kieft,2024,7,0
Montaric Brown,2024,7,0
Baylon Spector,2024,7,0
Faion Hicks,2024,7,0
Jesse Luketa,2024,7,0
D'Anthony Bell,2024,7,0
Kader Kohou,2024,7,0
Ben Stille,2024,7,0
Arron Mosby,2024,7,0
Ja'Quan McMillian,2024,7,0
Raheem Blackshear,2024,7,0
Tomon Fox,2024,7,0
Troy Hairston,2024,7,0
Jake Hansen,2024,7,0
Stone Smartt,2024,7,4.1
Mike Brown,2024,7,0
Ryan Wright,2024,7,0
Isaiah Pola-Mao,2024,7,0
Jordan Mason,2024,7,8.9
Segun Olubi,2024,7,0
Lucas Krull,2024,7,7.1000000000000005
Daniel Whelan,2024,7,0
Darrell Baker Jr.,2024,7,0
Ronnie Rivers,2024,7,0
Chandler Wooten,2024,7,0
Nate Landman,2024,7,0
Tre Avery,2024,7,0
Julius Chestnut,2024,7,3.4
Jack Gibbens,2024,7,0
Sam Okuayinonu,2024,7,0
Ryan Stonehouse,2024,7,0
Nakobe Dean,2024,7,0
Nick Cross,2024,7,0
Hassan Haskins,2024,7,0.2
Alec Pierce,2024,7,3.5
Kerby Joseph,2024,7,0
Garrett Wilson,2024,7,11.100000000000001
Jahan Dotson,2024,7,0
Trey McBride,2024,7,10.100000000000001
Brian Robinson Jr.,2024,7,13.100000000000001
Tycen Anderson,2024,7,0
Cam Taylor-Britt,2024,7,0
Nicholas Petit-Frere,2024,7,0
Travis Jones,2024,7,0
Cordale Flott,2024,7,0
Chigoziem Okonkwo,2024,7,9
Chad Muma,2024,7,0
Romeo Doubs,2024,7,17.4
Leo Chenal,2024,7,0
Tyler Linderbaum,2024,7,0
Kalia Davis,2024,7,0
Brock Purdy,2024,7,20.18
Luke Goedeke,2024,7,0
Calvin Austin III,2024,7,4.6
Isaiah Likely,2024,7,3.7
Cobie Durant,2024,7,0
Kyren Williams,2024,7,19.6
Quentin Lake,2024,7,0
Kyle Hamilton,2024,7,0
Jack Jones,2024,7,0
Zamir White,2024,7,3.7
Joshua Williams,2024,7,0
Charlie Kolar,2024,7,2.4000000000000004
Skyy Moore,2024,7,0
Jordan Stout,2024,7,0
Cordell Volson,2024,7,0
Joshua Paschal,2024,7,0
Pierre Strong Jr.,2024,7,2.5
Phidarian Mathis,2024,7,0
Percy Butler,2024,7,0
Kenny Pickett,2024,7,0
Damarri Mathis,2024,7,0
Micheal Clemons,2024,7,0
Daniel Bellinger,2024,7,2.1
Arnold Ebiketie,2024,7,0
Wan'Dale Robinson,2024,7,8.3
Daniel Faalele,2024,7,0
Breece Hall,2024,7,26.1
Alontae Taylor,2024,7,0
Dane Belton,2024,7,0
Christian Watson,2024,7,1.5
Cade Otton,2024,7,17
Ed Ingram,2024,7,0
Boye Mafe,2024,7,0
Kenneth Walker III,2024,7,23.3
Coby Bryant,2024,7,0
Xavier Smith,2024,7,3
Jalen Carter,2024,7,0
Colby Wooden,2024,7,0
Dontayvion Wicks,2024,7,13.8
Will Mallory,2024,7,1.5
Eric Gray,2024,7,1.9
Anders Carlson,2024,7,7
Tre Hawkins III,2024,7,0
Jaylon Jones,2024,7,0
Moro Ojomo,2024,7,0
Bryce Ford-Wheaton,2024,7,0
Brady Russell,2024,7,0
Xavier Gipson,2024,7,0
Trenton Simpson,2024,7,0
Tavius Robinson,2024,7,0
Jordon Riley,2024,7,0
DJ Johnson,2024,7,0
Tyree Wilson,2024,7,0
Bijan Robinson,2024,7,23.3
Jaxon Smith-Njigba,2024,7,5.300000000000001
Myles Murphy,2024,7,0
DJ Turner II,2024,7,0
Kendre Miller,2024,7,5.699999999999999
Riley Moss,2024,7,0
Daiyan Henley,2024,7,0
Ji'Ayir Brown,2024,7,0
Tank Bigsby,2024,7,23.8
Dorian Williams,2024,7,0
Darnell Washington,2024,7,7.6
Michael Wilson,2024,7,2.5
Jordan Battle,2024,7,0
Tre Tucker,2024,7,7.699999999999999
Chad Ryland,2024,7,5
Clark Phillips III,2024,7,0
Ventrell Miller,2024,7,0
Isaiah McGuire,2024,7,0
Charlie Jones,2024,7,6
Aidan O'Connell,2024,7,2.08
Yasir Abdullah,2024,7,0
Clayton Tune,2024,7,0.2
Dorian Thompson-Robinson,2024,7,4.680000000000001
Jaquelin Roy,2024,7,0
Jordan Howden,2024,7,0
Josh Whyle,2024,7,6.4
Antonio Johnson,2024,7,0
Chase Brown,2024,7,7.300000000000001
Robert Beal Jr.,2024,7,0
JL Skinner,2024,7,0
Parker Washington,2024,7,6
Kayshon Boutte,2024,7,4.300000000000001
Bryce Baringer,2024,7,0
Xavier Hutchinson,2024,7,2.1
Andrei Iosivas,2024,7,0
DeMario Douglas,2024,7,3.4000000000000004
Dante Stills,2024,7,0
Dee Winters,2024,7,0
Kenny McIntosh,2024,7,0.5
Ronnie Bell,2024,7,2
Trevor Nowaske,2024,7,0
Starling Thomas V,2024,7,0
Keidron Smith,2024,7,0
Emari Demercado,2024,7,1.4000000000000001
Mohamoud Diabate,2024,7,0
Julian Hill,2024,7,1.4
Ali Gaye,2024,7,0
Jake Bobo,2024,7,0
Nate Adkins,2024,7,0
Thomas Incoom,2024,7,0
Demontrey Jacobs,2024,7,0
Jaleel McLaughlin,2024,7,3.5
Emanuel Wilson,2024,7,1.1
Ivan Pace Jr.,2024,7,0
Ben Sims,2024,7,1.2
Christian Izien,2024,7,0
Blake Grupe,2024,7,4
Anfernee Orji,2024,7,0
Dalton Kincaid,2024,7,7.199999999999999
Jalin Hyatt,2024,7,0
Tyler Lacy,2024,7,0
Sean Tucker,2024,7,4.800000000000001
Marvin Mims Jr.,2024,7,3.8
Tank Dell,2024,7,0
Cedric Tillman,2024,7,16.1
Wanya Morris,2024,7,0
Chamarri Conner,2024,7,0
Jordan Addison,2024,7,9.600000000000001
Bryan Bresee,2024,7,0
Tucker Kraft,2024,7,12.3
Josh Downs,2024,7,1.3
Jake Haener,2024,7,5.52
Deonte Banks,2024,7,0
Sydney Brown,2024,7,0
Felix Anudike-Uzomah,2024,7,0
Garrett Williams,2024,7,0
Dylan Horton,2024,7,0
Nolan Smith,2024,7,0
Dawand Jones,2024,7,0
Jack Campbell,2024,7,0
John Michael Schmitz,2024,7,0
Adetomiwa Adebawore,2024,7,0
De'Von Achane,2024,7,10.5
Elijah Higgins,2024,7,1.1
Derick Hall,2024,7,0
Trey Palmer,2024,7,2.6
Marte Mapu,2024,7,0
Ethan Evans,2024,7,0
Calijah Kancey,2024,7,0
Zay Flowers,2024,7,4
Sam LaPorta,2024,7,3.5
Yaya Diaby,2024,7,0
Jakorian Bennett,2024,7,0
Will Anderson Jr.,2024,7,0
Keeanu Benton,2024,7,0
Tuli Tuipulotu,2024,7,0
Lukas Van Ness,2024,7,0
Ochaun Mathis,2024,7,0
Byron Young,2024,7,0
Kobie Turner,2024,7,0
Jahmyr Gibbs,2024,7,32
Kelee Ringo,2024,7,0
Brian Branch,2024,7,0
Will McDonald IV,2024,7,0
Jayden Reed,2024,7,3
Christian Gonzalez,2024,7,0
Keion White,2024,7,0
Quan Martin,2024,7,0
Bryce Young,2024,7,-0.16
Emmanuel Forbes,2024,7,0
C.J. Stroud,2024,7,5.34
Anthony Richardson,2024,7,8.760000000000002
Zach Charbonnet,2024,7,1.9000000000000004
Joey Porter Jr.,2024,7,0
Devon Witherspoon,2024,7,0
Jake Bates,2024,7,8
Nate Wiggins,2024,7,0
Chris Collier,2024,7,0
Leonard Taylor III,2024,7,0
Eric Watts,2024,7,0
Dee Williams,2024,7,0
Byron Murphy II,2024,7,0
Ryan Rehkow,2024,7,0
Christian Roland-Wallace,2024,7,0
Carson Steele,2024,7,1.7000000000000002
Brandon Codrington,2024,7,0
Malik Nabers,2024,7,8.100000000000001
Brock Bowers,2024,7,19.3
Laiatu Latu,2024,7,0
Xavier Legette,2024,7,2.9000000000000004
Renardo Green,2024,7,0
Junior Colson,2024,7,0
Trevin Wallace,2024,7,0
DJ Glaze,2024,7,0
Jarrian Jones,2024,7,0
Ja'Tavion Sanders,2024,7,12.100000000000001
Decamerion Richardson,2024,7,0
Cade Stover,2024,7,2.5
Malik Mustapha,2024,7,0
Bucky Irving,2024,7,16.700000000000003
Isaac Guerendo,2024,7,0.7
Sione Vaki,2024,7,0
Jacob Cowing,2024,7,7
Tarheeb Still,2024,7,0
Cam Hart,2024,7,0
Jarvis Brownlee Jr.,2024,7,0
Audric Estimé,2024,7,0.9000000000000004
Josh Newton,2024,7,0
Spencer Rattler,2024,7,6.28
Jaylon Carlies,2024,7,0
Chau Smith-Wade,2024,7,0
Tyrone Tracy Jr.,2024,7,6.200000000000001
Bub Means,2024,7,6.7
Kimani Vidal,2024,7,2.9
Jha'Quan Jackson,2024,7,0
Jase McClellan,2024,7,1.7000000000000002
Casey Washington,2024,7,2.4000000000000004
Jamal Hill,2024,7,0
Khristian Boyd,2024,7,0
Will Reichard,2024,7,15
Cam Little,2024,7,6
Devaughn Vele,2024,7,3
James Williams,2024,7,0
Jaylen Harrell,2024,7,0
Isaac Ukwu,2024,7,0
Beanie Bishop Jr.,2024,7,0
Jacoby Windmon,2024,7,0
Storm Duck,2024,7,0
Jalen Coker,2024,7,2
Levelle Bailey,2024,7,0
Tyrek Funderburk,2024,7,0
Antonio Grier Jr.,2024,7,0
Matthew Hayball,2024,7,0
Jermaine Jackson,2024,7,0
Rico Payton,2024,7,0
Mason Tipton,2024,7,10.5
Kyle Hergel,2024,7,0
Maema Njongmeta,2024,7,0
Colson Yankoff,2024,7,0
Jaylen Mahoney,2024,7,0
JC Latham,2024,7,0
Bo Nix,2024,7,14.06
Ruke Orhorhoro,2024,7,0
Braden Fiske,2024,7,0
Jackson Powers-Johnson,2024,7,0
Tip Reiman,2024,7,1.1
Blake Corum,2024,7,1.1
Jalyx Hunt,2024,7,0
Payton Wilson,2024,7,0
Jordan Jefferson,2024,7,0
Will Shipley,2024,7,1.5
Joshua Karty,2024,7,0
Elijah Chatman,2024,7,0
Josh Wallace,2024,7,0
Jaylen McCollough,2024,7,0
Qwan'tez Stiggers,2024,7,0
Devontez Walker,2024,7,0
AJ Barner,2024,7,1.5
Braelon Allen,2024,7,1.5999999999999999
Nehemiah Pritchett,2024,7,0
Isaiah Davis,2024,7,1.2000000000000002
Max Melton,2024,7,0
Jonah Elliss,2024,7,0
Evan Williams,2024,7,0
Erick All Jr.,2024,7,0
Tyrice Knight,2024,7,0
Andru Phillips,2024,7,0
Jaden Hicks,2024,7,0.1
Jeremiah Trotter Jr.,2024,7,0
Darius Muasau,2024,7,0
Brennan Jackson,2024,7,0
Calen Bullock,2024,7,0
Christian Haynes,2024,7,0
Cooper DeJean,2024,7,0
Michael Jerrell,2024,7,0
Theo Johnson,2024,7,0
Marvin Harrison Jr.,2024,7,5.1
Edgerrin Cooper,2024,7,0
Drake Maye,2024,7,20.84
Jared Verse,2024,7,0
Jalen McMillan,2024,7,5.6
Kool-Aid McKinstry,2024,7,0
Tyler Nubin,2024,7,0
Ennis Rakestraw Jr.,2024,7,0
Javon Bullard,2024,7,0
Troy Franklin,2024,7,10
Cole Bishop,2024,7,0
DeWayne Carter,2024,7,0
Jaylen Wright,2024,7,3.3000000000000003
Ray Davis,2024,7,11.700000000000001
Mohamed Kamara,2024,7,0
Malik Washington,2024,7,2.9
T'Vondre Sweat,2024,7,0
Quinyon Mitchell,2024,7,0
Adonai Mitchell,2024,7,5
Brian Thomas Jr.,2024,7,20.1
Xavier Worthy,2024,7,5.4
Mike Hall Jr.,2024,7,0
Joe Alt,2024,7,0
Mike Sainristil,2024,7,0
Keon Coleman,2024,7,16.5
Chris Braswell,2024,7,0
Terrion Arnold,2024,7,0
Ja'Lynn Polk,2024,7,0
Jayden Daniels,2024,7,5.24
Chop Robinson,2024,7,0
Ben Sinnott,2024,7,8.6
Ladd McConkey,2024,7,8.600000000000001
Ricky Pearsall,2024,7,5.1
Michael Penix Jr.,2024,7,0.56
NA,2024,7,0
Aaron Rodgers,2024,8,17.32
Nick Folk,2024,8,2
Calais Campbell,2024,8,0
Matthew Stafford,2024,8,25.76
Thomas Morstead,2024,8,0
Brandon Graham,2024,8,0
Linval Joseph,2024,8,0
Cameron Heyward,2024,8,0
Nick Bellore,2024,8,0
Josh Harris,2024,8,0
Johnny Hekker,2024,8,0
Rodney McLeod Jr.,2024,8,0
Bobby Wagner,2024,8,0
Russell Wilson,2024,8,13.82
Stephon Gilmore,2024,8,0
Lavonte David,2024,8,0
Kevin Zeitler,2024,8,0
Justin Tucker,2024,8,6
Kirk Cousins,2024,8,27.64
Harrison Smith,2024,8,0
Demario Davis,2024,8,0
Greg Zuerlein,2024,8,2
Greg Van Roten,2024,8,0
Bryan Anger,2024,8,0
Brandon McManus,2024,8,12
Kyle Juszczyk,2024,8,1.7000000000000002
Chris Hubbard,2024,8,0
Zach Ertz,2024,8,14.7
Darius Slay,2024,8,0
Johnathan Hankins,2024,8,0
John Jenkins,2024,8,0
Sam Martin,2024,8,0
Dustin Hopkins,2024,8,12
Jordan Poyer,2024,8,0
Tress Way,2024,8,0
Keenan Allen,2024,8,5.9
Robert Woods,2024,8,3.8
Tyrann Mathieu,2024,8,0
Travis Kelce,2024,8,24
DeAndre Hopkins,2024,8,4.9
Geno Smith,2024,8,9.08
Mike Pennel,2024,8,0
Khalil Mack,2024,8,0
DaQuan Jones,2024,8,0
Chris Boswell,2024,8,14
Brent Urban,2024,8,0
Cairo Santos,2024,8,1
Denico Autry,2024,8,0
Shelby Harris,2024,8,0
Morgan Moses,2024,8,0
C.J. Goodwin,2024,8,0
Kyle Van Noy,2024,8,0
Jadeveon Clowney,2024,8,0
Davante Adams,2024,8,9.4
Allen Robinson,2024,8,0
Chris Manhertz,2024,8,0
Jason Myers,2024,8,4
Jameis Winston,2024,8,23.56
Amari Cooper,2024,8,1.3
Nelson Agholor,2024,8,12.6
Eddie Goldman,2024,8,0
Eric Kendricks,2024,8,0
Danielle Hunter,2024,8,0
Za'Darius Smith,2024,8,0
Grady Jarrett,2024,8,0
MyCole Pruitt,2024,8,2
Stefon Diggs,2024,8,12.7
Michael Burton,2024,8,3.8000000000000003
Quandre Diggs,2024,8,0
Raheem Mostert,2024,8,16
Eric Tomlinson,2024,8,0
Neville Hewitt,2024,8,0
DeAndre Carter,2024,8,1.7000000000000002
DeShawn Williams,2024,8,0
Leonard Williams,2024,8,0
Preston Smith,2024,8,0
Mitch Morse,2024,8,0
Rakeem Nunez-Roches,2024,8,0
Dante Fowler Jr.,2024,8,0
Bradley Pinion,2024,8,0
Denzel Perryman,2024,8,0
Ameer Abdullah,2024,8,2.1
Kwon Alexander,2024,8,0
Chris Conley,2024,8,0
Geoff Swaim,2024,8,1.7000000000000002
Bud Dupree,2024,8,0
Arik Armstead,2024,8,0
Tyler Lockett,2024,8,1.9
Laken Tomlinson,2024,8,0
Rob Havenstein,2024,8,0
DeForest Buckner,2024,8,0
Laremy Tunsil,2024,8,0
Sterling Shepard,2024,8,4.8
Jarran Reed,2024,8,0
Joe Thuney,2024,8,0
Austin Hooper,2024,8,4.5
Nick Vannett,2024,8,0
Miles Killebrew,2024,8,0
De'Vondre Campbell,2024,8,0
Matthew Judon,2024,8,0
DJ Reader,2024,8,0
Kamu Grugier-Hill,2024,8,0
Elandon Roberts,2024,8,0
Kalif Raymond,2024,8,15.4
Mike Hilton,2024,8,0
Wil Lutz,2024,8,4
Jonathan Jones,2024,8,0
Roy Robertson-Harris,2024,8,0
Morgan Fox,2024,8,0
Ka'imi Fairbairn,2024,8,11
Sheldon Rankins,2024,8,0
Chris Jones,2024,8,0
Austin Johnson,2024,8,0
Derrick Henry,2024,8,14.700000000000001
Demarcus Robinson,2024,8,17.5
Jalen Mills,2024,8,0
A'Shawn Robinson,2024,8,0
Antonio Hamilton,2024,8,0
Vonn Bell,2024,8,0
Riley Dixon,2024,8,0.12
Isaac Seumalo,2024,8,0
Ronnie Stanley,2024,8,0
Tyler Boyd,2024,8,4.4
Connor McGovern,2024,8,0
Eric Murray,2024,8,0
Tyreek Hill,2024,8,13.2
Ezekiel Elliott,2024,8,10.8
Jihad Ward,2024,8,0
David Onyemata,2024,8,0
Jalen Ramsey,2024,8,0
Adam Gotsis,2024,8,0
Leonard Floyd,2024,8,0
Emmanuel Ogbah,2024,8,0
Dak Prescott,2024,8,15.62
Lucas Patrick,2024,8,0
Kendall Fuller,2024,8,0
Hunter Henry,2024,8,9.5
Jonathan Bullard,2024,8,0
Jared Goff,2024,8,13.5
Jacoby Brissett,2024,8,7.380000000000001
Kenny Clark,2024,8,0
Yannick Ngakoue,2024,8,0
Maliek Collins,2024,8,0
Kevin Byard,2024,8,0
Mo Alie-Cox,2024,8,0
Johnny Mundt,2024,8,2
Rigoberto Sanchez,2024,8,0
Tyus Bowser,2024,8,0
George Kittle,2024,8,24.8
Jermaine Eluemunor,2024,8,0
Aaron Jones,2024,8,11.5
D.J. Jones,2024,8,0
Harrison Butker,2024,8,10
Kendrick Bourne,2024,8,0
Eric Wilson,2024,8,0
Taysom Hill,2024,8,6.220000000000001
Tim Patrick,2024,8,0
Adam Butler,2024,8,0
Kenny Moore II,2024,8,0
Matt Haack,2024,8,0
Pharaoh Brown,2024,8,0
Raekwon McMillan,2024,8,0
Carl Lawson,2024,8,0
Arthur Maulet,2024,8,0
Damontae Kazee,2024,8,0
Samaje Perine,2024,8,5
Mike Williams,2024,8,0
Garett Bolles,2024,8,0
Dalvin Tomlinson,2024,8,0
Rasul Douglas,2024,8,0
James Conner,2024,8,14.9
Mack Hollins,2024,8,0
Jalen Reeves-Maybin,2024,8,0
Carlos Watkins,2024,8,0
Anthony Walker,2024,8,0
Eric Saubert,2024,8,0
Xavier Woods,2024,8,0
Jeremiah Ledbetter,2024,8,0
David Moore,2024,8,7.9
Noah Brown,2024,8,16.3
Pat O'Connor,2024,8,0
Eli Ankou,2024,8,0
Austin Ekeler,2024,8,7.800000000000001
Younghoe Koo,2024,8,6
DeMarcus Walker,2024,8,0
Ahkello Witherspoon,2024,8,0
Eddie Jackson,2024,8,0
Jake Elliott,2024,8,15
Dare Ogunbowale,2024,8,0.4
Jonnu Smith,2024,8,6
Davon Godchaux,2024,8,0
Myles Garrett,2024,8,0
Mitchell Trubisky,2024,8,-0.30000000000000004
Solomon Thomas,2024,8,0
Patrick Mahomes,2024,8,19.18
Marshon Lattimore,2024,8,0
Derek Barnett,2024,8,0
Malik Hooker,2024,8,0
Evan Engram,2024,8,13.6
David Njoku,2024,8,17.1
T.J. Watt,2024,8,0
Budda Baker,2024,8,0
Zay Jones,2024,8,1.3
Marcus Maye,2024,8,0
Dalvin Cook,2024,8,3.2
Gerald Everett,2024,8,1.3
Joe Mixon,2024,8,23.400000000000002
Dion Dawkins,2024,8,0
Larry Ogunjobi,2024,8,0
Alvin Kamara,2024,8,18.2
Dawuane Smoot,2024,8,0
Cooper Kupp,2024,8,16.1
Alex Anzalone,2024,8,0
Kareem Hunt,2024,8,13.3
D'Onta Foreman,2024,8,2.6
Shaquill Griffin,2024,8,0
Jourdan Lewis,2024,8,0
Trey Hendrickson,2024,8,0
Deatrich Wise,2024,8,0
Jamaal Williams,2024,8,0.4
Grover Stewart,2024,8,0
Jeremy McNichols,2024,8,-0.1
J.T. Gray,2024,8,0
Will Dissly,2024,8,9.100000000000001
Michael Dickson,2024,8,0
Daniel Carlson,2024,8,10
J.K. Scott,2024,8,-1
Jacob Martin,2024,8,0
Eddy Pineiro,2024,8,2
Trent Sieg,2024,8,0
Darious Williams,2024,8,0
Poona Ford,2024,8,0
Tarvarius Moore,2024,8,0
Jalyn Holmes,2024,8,0
Tyler Conklin,2024,8,13.2
Foley Fatukasi,2024,8,0
DeShon Elliott,2024,8,0
Ben Niemann,2024,8,0
Frankie Luvu,2024,8,0
Daron Payne,2024,8,0
Greg Stroman,2024,8,0
Quenton Nelson,2024,8,0
Courtland Sutton,2024,8,17.12
Connor Williams,2024,8,0
Donte Jackson,2024,8,0
Isaiah Oliver,2024,8,0
Justin Reid,2024,8,0
Jordan Akins,2024,8,0
Josey Jewell,2024,8,0
Da'Shawn Hand,2024,8,0
Dorance Armstrong,2024,8,0
Jordan Whitehead,2024,8,0
Kyzir White,2024,8,0
Taron Johnson,2024,8,0
Avonte Maddox,2024,8,0
Dalton Schultz,2024,8,9.2
D.J. Reed,2024,8,0
Justin Watson,2024,8,6.300000000000001
Tim Settle,2024,8,0
Wyatt Teller,2024,8,0
Ray-Ray McCloud,2024,8,5.6000000000000005
Foye Oluokun,2024,8,0
Zaire Franklin,2024,8,0
Logan Cooke,2024,8,0
Nick Gates,2024,8,0
Greg Joseph,2024,8,14
Jeremy Reaves,2024,8,0
Trent Sherfield,2024,8,8
Tavierre Thomas,2024,8,-0.2
Levi Wallace,2024,8,0
Tony Brown,2024,8,0
Trent Scott,2024,8,0
Charvarius Ward,2024,8,0
Demone Harris,2024,8,0
Brandon Powell,2024,8,0
Tremaine Edmunds,2024,8,0
Jessie Bates,2024,8,0
Robert Spillane,2024,8,0
Corey Bojorquez,2024,8,0
Nick Thurman,2024,8,0
Jaire Alexander,2024,8,0
Maurice Hurst,2024,8,0
Mark Andrews,2024,8,14.6
Oren Burks,2024,8,0
Kolton Miller,2024,8,0
Nathan Shepherd,2024,8,0
Mason Rudolph,2024,8,21.54
Vita Vea,2024,8,0
Christian Kirk,2024,8,7.9
Carlton Davis III,2024,8,0
Isaac Yiadom,2024,8,0
Harrison Phillips,2024,8,0
Chris Board,2024,8,0
Minkah Fitzpatrick,2024,8,0
Derwin James,2024,8,0
Nick Chubb,2024,8,5.2
Jason Sanders,2024,8,11
Lamar Jackson,2024,8,24.160000000000004
B.J. Hill,2024,8,0
John Franklin-Myers,2024,8,0
Ogbo Okoronkwo,2024,8,0
Sebastian Joseph-Day,2024,8,0
Fred Warner,2024,8,0
Arden Key,2024,8,0
D.J. Moore,2024,8,5.4
Harold Landry III,2024,8,0
Mike Gesicki,2024,8,12.3
Sam Hubbard,2024,8,0
Calvin Ridley,2024,8,22.6
Mike Hughes,2024,8,0
Saquon Barkley,2024,8,12.100000000000001
KhaDarel Hodge,2024,8,0
Baker Mayfield,2024,8,23.300000000000004
Denzel Ward,2024,8,0
Josh Allen,2024,8,19.82
Terrell Edmunds,2024,8,0
Sam Darnold,2024,8,18.200000000000003
Roquan Smith,2024,8,0
Sam Eguavoen,2024,8,0
Mitch Wishnowsky,2024,8,0
Jakobi Meyers,2024,8,17.2
D'Angelo Ross,2024,8,0
Rashan Gary,2024,8,0
Darnell Savage,2024,8,0
Alexander Mattison,2024,8,9.4
Maxx Crosby,2024,8,0
Julian Love,2024,8,0
Justice Hill,2024,8,2.9000000000000004
Foster Moreau,2024,8,0
E.J. Speed,2024,8,0
Armon Watts,2024,8,0
Demetrius Flannigan-Fowles,2024,8,0
Ashton Dulin,2024,8,0
Alec Ingold,2024,8,5.2
Keisean Nixon,2024,8,0
Mecole Hardman,2024,8,1.8
Ugo Amadi,2024,8,0
Mack Wilson,2024,8,0
Austin Seibert,2024,8,12
Nick Allegretti,2024,8,0
Kris Boyd,2024,8,0
Jack Fox,2024,8,0
AJ Cole,2024,8,0
Joey Slye,2024,8,5
Olamide Zaccheaus,2024,8,0
Kyler Murray,2024,8,22.18
Ed Oliver,2024,8,0
Byron Murphy,2024,8,0
Jahlani Tavai,2024,8,0
Miles Sanders,2024,8,11.5
Zach Allen,2024,8,0
Josh Oliver,2024,8,11
Devin Singletary,2024,8,4.300000000000001
C.J. Gardner-Johnson,2024,8,0
Anthony Nelson,2024,8,0
Hjalte Froholdt,2024,8,0
Tony Pollard,2024,8,14.700000000000001
Drue Tranquill,2024,8,0
Mike Jordan,2024,8,0
Matt Gay,2024,8,9
Amani Oruwariye,2024,8,0
Andrew Van Ginkel,2024,8,0
Mike Jackson,2024,8,0
Byron Cowart,2024,8,0
Jake Bailey,2024,8,0
Gardner Minshew,2024,8,14.959999999999999
David Long Jr.,2024,8,0
Scott Miller,2024,8,0
Donovan Wilson,2024,8,0
Kaden Elliss,2024,8,0
Trenton Irwin,2024,8,1.4
Tyrel Dodson,2024,8,0
Cam Lewis,2024,8,0
Chase McLaughlin,2024,8,8
T.J. Edwards,2024,8,0
Carl Granderson,2024,8,0
Lil'Jordan Humphrey,2024,8,4.2
Shy Tuttle,2024,8,0
Luke Gifford,2024,8,0
Greg Dortch,2024,8,1.9
Devin Bush,2024,8,0
Darius Slayton,2024,8,14.8
Ty Johnson,2024,8,0
Joseph Fortson,2024,8,0
Craig Reynolds,2024,8,0.30000000000000004
Alex Bachman,2024,8,0
Juan Thornhill,2024,8,0
D'Ernest Johnson,2024,8,3.3
Amani Hooker,2024,8,0
L.J. Collier,2024,8,0
Josh Hines-Allen,2024,8,0
Jeffery Simmons,2024,8,0
Noah Fant,2024,8,5.2
Montez Sweat,2024,8,0
Khalen Saunders,2024,8,0
Terry McLaurin,2024,8,17.5
Taylor Rapp,2024,8,0
David Edwards,2024,8,0
Cody Barton,2024,8,0
Jerry Tillery,2024,8,0
A.J. Brown,2024,8,13.4
Connor McGovern,2024,8,0
Quincy Williams,2024,8,0
Dexter Lawrence,2024,8,0
David Montgomery,2024,8,14.92
Bobby Okereke,2024,8,0
Dawson Knox,2024,8,7
Clelin Ferrell,2024,8,0
Germaine Pratt,2024,8,0
Josh Jacobs,2024,8,25.500000000000004
Jalen Thompson,2024,8,0
Devin White,2024,8,0
Daniel Jones,2024,8,7.66
Brian Burns,2024,8,0
Nick Bosa,2024,8,0
Quinnen Williams,2024,8,0
Deebo Samuel Sr.,2024,8,12.600000000000001
Malcolm Roach,2024,8,0
James Pierre,2024,8,0
Corliss Waitman,2024,8,0
Ross Matiscik,2024,8,0
Benito Jones,2024,8,0
Chris Williams,2024,8,0
Blake Gillikin,2024,8,0
Tommy Townsend,2024,8,0
Tershawn Wharton,2024,8,0
Joe Gaziano,2024,8,0
Jonathan Ward,2024,8,0
Michael Hoecht,2024,8,0
Christian Rozeboom,2024,8,0
Jonah Williams,2024,8,0
Patrick Taylor,2024,8,0.9
Terence Steele,2024,8,0
Sam Franklin Jr.,2024,8,0
Juwan Johnson,2024,8,7.800000000000001
Broderick Washington,2024,8,0
Khalil Dorsey,2024,8,0
Nnamdi Madubuike,2024,8,0
Bryce Huff,2024,8,0
J.K. Dobbins,2024,8,16.8
Tyler Bass,2024,8,7
Mason Kinsey,2024,8,0
Teair Tart,2024,8,0
Nick Westbrook-Ikhine,2024,8,11.9
Reggie Gilliam,2024,8,0
A.J. Epenesa,2024,8,0
Anfernee Jennings,2024,8,0
Gabe Davis,2024,8,0
Geno Stone,2024,8,0
Tua Tagovailoa,2024,8,11.66
Brandon Jones,2024,8,0
Isaiah Rodgers,2024,8,0
Jonathan Taylor,2024,8,18.7
Jonathan Greenard,2024,8,0
Colby Parkinson,2024,8,3.7
Jon Runyan,2024,8,0
Austin Jackson,2024,8,0
Julian Okwara,2024,8,0
Zack Moss,2024,8,6.9
Michael Pittman Jr.,2024,8,2.6
Julian Blackmon,2024,8,0
Javon Kinlaw,2024,8,0
DaVon Hamilton,2024,8,0
Jordan Love,2024,8,6.74
Jordan Elliott,2024,8,0
Laviska Shenault Jr.,2024,8,2
D'Andre Swift,2024,8,18.9
Malik Harrison,2024,8,0
Grant Delpit,2024,8,0
A.J. Terrell,2024,8,0
K'Lavon Chaisson,2024,8,0
Noah Igbinoghene,2024,8,0
Cole Kmet,2024,8,2.4000000000000004
Jaylon Johnson,2024,8,0
Jeremy Chinn,2024,8,0
Logan Wilson,2024,8,0
Akeem Davis-Gaither,2024,8,0
Jaylinn Hawkins,2024,8,0
Daniel Thomas,2024,8,0
Kindle Vildor,2024,8,0
Darnell Mooney,2024,8,18.6
Braden Mann,2024,8,0
Chase Young,2024,8,0
Justin Jefferson,2024,8,19.5
Patrick Queen,2024,8,0
Antonio Gibson,2024,8,-0.29999999999999993
Alex Highsmith,2024,8,0
Khaleke Hudson,2024,8,0
K.J. Osborn,2024,8,0
Blake Brandel,2024,8,0
Josh Metellus,2024,8,0
Kam Curl,2024,8,0
James Smith-Williams,2024,8,0
Justin Herbert,2024,8,24.060000000000002
Isaiah Simmons,2024,8,0
CeeDee Lamb,2024,8,39.6
Trevon Diggs,2024,8,0
Willie Gay Jr.,2024,8,0
Amik Robertson,2024,8,0
Alohi Gilman,2024,8,0
Jalen Reagor,2024,8,5.5
Xavier McKinney,2024,8,0
Jalen Hurts,2024,8,35.14
K'Von Wallace,2024,8,0
Casey Toohill,2024,8,0
Tristan Wirfs,2024,8,0
Jerry Jeudy,2024,8,12.9
Jordyn Brooks,2024,8,0
Antoine Winfield Jr.,2024,8,0
Darrell Taylor,2024,8,0
Van Jefferson,2024,8,10.2
Zack Baun,2024,8,0
Adam Trautman,2024,8,18.5
DeeJay Dallas,2024,8,0
Tyler Johnson,2024,8,1.6
Justin Strnad,2024,8,0
Charlie Woerner,2024,8,2.3
"Kenneth Murray, Jr.",2024,8,0
Joe Burrow,2024,8,13.86
Kwity Paye,2024,8,0
Dayo Odeyingbo,2024,8,0
Tim Jones,2024,8,3
Jamien Sherwood,2024,8,0
Michael Carter II,2024,8,0
Jason Pinnock,2024,8,0
Brandin Echols,2024,8,0
DJ Turner,2024,8,13.200000000000001
Shane Zylstra,2024,8,0
Rashod Bateman,2024,8,3.8000000000000003
Aaron Banks,2024,8,0
Azeez Ojulari,2024,8,0
Chuba Hubbard,2024,8,9.100000000000001
Deommodore Lenoir,2024,8,0
Ar'Darius Washington,2024,8,0
Nick McCloud,2024,8,0
Robert Jones,2024,8,0
Alaric Jackson,2024,8,0
Jaylen Waddle,2024,8,8.5
Caleb Farley,2024,8,0
Christian Darrisaw,2024,8,0
Sam Cosmi,2024,8,0
Dillon Radunz,2024,8,0
Dee Eskridge,2024,8,1.6
Nick Bolton,2024,8,0
Alim McNeill,2024,8,0
Benjamin St-Juste,2024,8,0
Dyami Brown,2024,8,1.6
John Bates,2024,8,3
Camryn Bynum,2024,8,0
Tylan Wallace,2024,8,0
Ihmir Smith-Marsette,2024,8,0
Noah Gray,2024,8,5.300000000000001
K.J. Britt,2024,8,0
Simi Fehoko,2024,8,0
Nick Niemann,2024,8,0
Isaiah McDuffie,2024,8,0
Israel Mukuamu,2024,8,0
Grant Stuard,2024,8,0
Zayne Anderson,2024,8,0
Dicaprio Bootle,2024,8,0
Malik Herring,2024,8,0
Devon Key,2024,8,0
Naquan Jones,2024,8,0
Charles Snowden,2024,8,0
Amen Ogbongbemiga,2024,8,0
Adam Prentice,2024,8,0
Jack Stoll,2024,8,1.6
Brock Wright,2024,8,7.8
Ryan McCollum,2024,8,0
Jon Rhattigan,2024,8,0
Christian Elliss,2024,8,0
Ryan Neuzil,2024,8,0
Isaiahh Loudermilk,2024,8,0
Tutu Atwell,2024,8,2.8
Evan McPherson,2024,8,4
Buddy Johnson,2024,8,0
Nate Hobbs,2024,8,0
Pat Surtain II,2024,8,0
Rhamondre Stevenson,2024,8,21.5
Kylen Granson,2024,8,1.4
Jaelon Darden,2024,8,0
Janarius Robinson,2024,8,0
Marco Wilson,2024,8,0
Luke Farrell,2024,8,0
Damar Hamlin,2024,8,0
Najee Harris,2024,8,16.1
Pat Freiermuth,2024,8,3.9000000000000004
Victor Dimukeje,2024,8,0
Ja'Marr Chase,2024,8,20.4
Eric Stokes,2024,8,0
Joseph Ossai,2024,8,0
Bobby Brown III,2024,8,0
Khyiris Tonga,2024,8,0
DeVonta Smith,2024,8,20.5
Greg Rousseau,2024,8,0
Jeremiah Owusu-Koramoah,2024,8,0
Milton Williams,2024,8,0
Kenneth Gainwell,2024,8,1.9000000000000001
Payton Turner,2024,8,0
Pete Werner,2024,8,0
Kelvin Joseph,2024,8,0
Odafe Oweh,2024,8,0
Andre Cisco,2024,8,0
Osa Odighizuwa,2024,8,0
Jaycee Horn,2024,8,0
Ta'Quon Graham,2024,8,0
Avery Williams,2024,8,0
Jonathon Cooper,2024,8,0
Teven Jenkins,2024,8,0
Levi Onwuzurike,2024,8,0
Darren Hall,2024,8,0
Richie Grant,2024,8,0
Tre'von Moehrig,2024,8,0
Amon-Ra St. Brown,2024,8,8.7
Brady Christensen,2024,8,0
Kyle Pitts,2024,8,25.1
Trevor Lawrence,2024,8,24.32
Tyson Campbell,2024,8,0
Spencer Brown,2024,8,0
Elijah Moore,2024,8,16.5
Chauncey Golston,2024,8,0
Trey Sermon,2024,8,2.4000000000000004
Brandon Stephens,2024,8,0
Joshua Palmer,2024,8,9.2
Divine Deablo,2024,8,0
Elijah Molden,2024,8,0
Ernest Jones,2024,8,0
Baron Browning,2024,8,0
Greg Newsome II,2024,8,0
Javonte Williams,2024,8,9.200000000000001
Jevon Holland,2024,8,0
Chazz Surratt,2024,8,0
Hunter Long,2024,8,2.8
Tommy Tremble,2024,8,3.3
Patrick Jones II,2024,8,0
Dee Alford,2024,8,0
Jordan Davis,2024,8,0
Devonte Wyatt,2024,8,0
Sean Rhyan,2024,8,0
Riq Woolen,2024,8,0
Braxton Jones,2024,8,0
Kingsley Enagbare,2024,8,0
Grant Calcaterra,2024,8,8.8
Bo Melton,2024,8,0
Elijah Hicks,2024,8,0
Trenton Gill,2024,8,0
Jaylon Jones,2024,8,0
Jack Sanborn,2024,8,0
Tyler Goodson,2024,8,0
Josh Blackwell,2024,8,0
Reed Blankenship,2024,8,0
Josh Jobe,2024,8,0
Irvin Charles,2024,8,0
Jeremiah Moon,2024,8,0
Sauce Gardner,2024,8,0
Trent McDuffie,2024,8,0
George Karlaftis,2024,8,0
Bryan Cook,2024,8,0
Rasheed Walker,2024,8,0
Nazeeh Johnson,2024,8,0
LaBryan Ray,2024,8,0
Cameron Dicker,2024,8,8
Jaylen Warren,2024,8,7.9
Ikem Ekwonu,2024,8,0
Travon Walker,2024,8,0
Derek Stingley Jr.,2024,8,0
Drake London,2024,8,7.4
Chris Olave,2024,8,18.700000000000003
Trevor Penning,2024,8,0
Devin Lloyd,2024,8,0
Jalen Pitre,2024,8,0
George Pickens,2024,8,11.4
James Cook,2024,8,28.3
Nik Bonitto,2024,8,0
Martin Emerson,2024,8,0
Marcus Jones,2024,8,0
Rachaad White,2024,8,15.700000000000001
Dameon Pierce,2024,8,0.4
Micah McFadden,2024,8,0
DJ Davidson,2024,8,0
Khalil Shakir,2024,8,19.9
Tyler Allgeier,2024,8,3.3000000000000003
Zyon McCollum,2024,8,0
Otito Ogbonnia,2024,8,0
D'Marco Jackson,2024,8,0
Montrell Washington,2024,8,0
Matthew Butler,2024,8,0
John Ridgeway,2024,8,0
Matt Araiza,2024,8,0
Christian Benford,2024,8,0
Jalen Nailor,2024,8,3.6
Jordan Jackson,2024,8,0
Ja'Sir Taylor,2024,8,0
James Houston,2024,8,0
Montaric Brown,2024,8,0
Isaiah Thomas,2024,8,0
Baylon Spector,2024,8,0
Faion Hicks,2024,8,0
Rodney Thomas,2024,8,0
Jesse Luketa,2024,8,0
D'Anthony Bell,2024,8,0
Ben Stille,2024,8,0
Ja'Quan McMillian,2024,8,0
Alec Anderson,2024,8,0
Raheem Blackshear,2024,8,0
Troy Hairston,2024,8,0
Jake Hansen,2024,8,0
Kurt Hinish,2024,8,0
Tristin McCollum,2024,8,0
Stone Smartt,2024,8,0
J.J. Russell,2024,8,0
Mike Brown,2024,8,0
Ryan Wright,2024,8,0
Isaiah Pola-Mao,2024,8,0
Jordan Mason,2024,8,1.8
Segun Olubi,2024,8,0
Lucas Krull,2024,8,3.8
Daniel Whelan,2024,8,0
Darrell Baker Jr.,2024,8,0
Markquese Bell,2024,8,0
Juanyeh Thomas,2024,8,0
Nate Landman,2024,8,0
Leroy Watson IV,2024,8,0
Julius Chestnut,2024,8,3.2
Jack Gibbens,2024,8,0
Sam Okuayinonu,2024,8,0
Ryan Stonehouse,2024,8,0
John Metchie III,2024,8,5.9
Nakobe Dean,2024,8,0
Nick Cross,2024,8,0
Hassan Haskins,2024,8,0
Jacob Hummel,2024,8,0
C.J. Brewer,2024,8,0
Alec Pierce,2024,8,2.1
Jalen Tolbert,2024,8,7.4
Kerby Joseph,2024,8,0
Brandon Aubrey,2024,8,6
Jeremiah Pharms Jr.,2024,8,0
Garrett Wilson,2024,8,16.3
Trey McBride,2024,8,21.4
Brian Robinson Jr.,2024,8,8.6
Tycen Anderson,2024,8,0
Cam Taylor-Britt,2024,8,0
Bernhard Raimann,2024,8,0
KaVontae Turpin,2024,8,2.7
Jeremy Ruckert,2024,8,4.4
Chigoziem Okonkwo,2024,8,1.4000000000000004
Romeo Doubs,2024,8,10.2
Zion Johnson,2024,8,0
Leo Chenal,2024,8,0
Charles Cross,2024,8,0
Tyler Linderbaum,2024,8,0
Samuel Womack,2024,8,0
Brock Purdy,2024,8,25
Calvin Austin III,2024,8,20.4
Isaiah Likely,2024,8,8.7
Cobie Durant,2024,8,0
Kyren Williams,2024,8,22.6
Quentin Lake,2024,8,0
Daniel Hardy,2024,8,0
Kyle Hamilton,2024,8,0
Jack Jones,2024,8,0
Zamir White,2024,8,-0.1
Jake Ferguson,2024,8,7.300000000000001
Joshua Williams,2024,8,0
Charlie Kolar,2024,8,1.9
Neil Farrell,2024,8,0
Jordan Stout,2024,8,0
Pierre Strong Jr.,2024,8,1.3
Phidarian Mathis,2024,8,0
Percy Butler,2024,8,0
Tyquan Thornton,2024,8,4
Micheal Clemons,2024,8,0
Arnold Ebiketie,2024,8,0
Wan'Dale Robinson,2024,8,8
Jalyn Armour-Davis,2024,8,0
Breece Hall,2024,8,8.9
Alontae Taylor,2024,8,0
Dane Belton,2024,8,0
Christian Watson,2024,8,7.9
Roger McCreary,2024,8,0
Logan Hall,2024,8,0
Malik Willis,2024,8,8.540000000000001
Cade Otton,2024,8,29.1
Kenneth Walker III,2024,8,8.5
Coby Bryant,2024,8,0
Xavier Smith,2024,8,0
Jalen Carter,2024,8,0
Colby Wooden,2024,8,0
Noah Sewell,2024,8,0
Dontayvion Wicks,2024,8,3.1
Will Mallory,2024,8,0
Eric Gray,2024,8,1.3
Karl Brooks,2024,8,0
Jarrick Bernard-Converse,2024,8,0
Anders Carlson,2024,8,16
Jaylon Jones,2024,8,0
Moro Ojomo,2024,8,0
Brady Russell,2024,8,0
Claudin Cherelus,2024,8,0
Xavier Gipson,2024,8,7.1
Trenton Simpson,2024,8,0
Tavius Robinson,2024,8,0
Paris Johnson Jr.,2024,8,0
Tyree Wilson,2024,8,0
Bijan Robinson,2024,8,23.6
Jaxon Smith-Njigba,2024,8,12.9
Mazi Smith,2024,8,0
Myles Murphy,2024,8,0
DJ Turner II,2024,8,0
Hendon Hooker,2024,8,0.24
Kendre Miller,2024,8,1.6
Riley Moss,2024,8,0
Daiyan Henley,2024,8,0
Ji'Ayir Brown,2024,8,0
Tank Bigsby,2024,8,10.600000000000001
DeMarvion Overshown,2024,8,0
Dorian Williams,2024,8,0
Darnell Washington,2024,8,3.9000000000000004
Michael Wilson,2024,8,14.1
Jordan Battle,2024,8,0
Tre Tucker,2024,8,5.300000000000001
Chad Ryland,2024,8,10
Clark Phillips III,2024,8,0
Ventrell Miller,2024,8,0
Isaiah McGuire,2024,8,0
Charlie Jones,2024,8,0
Jaquelin Roy,2024,8,0
Cameron Mitchell,2024,8,0
Jordan Howden,2024,8,0
Josh Whyle,2024,8,5.300000000000001
Darrell Luter Jr.,2024,8,0
Antonio Johnson,2024,8,0
Chase Brown,2024,8,11.399999999999999
Owen Pappoe,2024,8,0
Robert Beal Jr.,2024,8,0
Parker Washington,2024,8,7.6000000000000005
Kayshon Boutte,2024,8,7.6000000000000005
Bryce Baringer,2024,8,0
Jerrick Reed II,2024,8,0
Scott Matlock,2024,8,1.9
Xavier Hutchinson,2024,8,2.9000000000000004
Andrei Iosivas,2024,8,0
DeMario Douglas,2024,8,3.2
Dante Stills,2024,8,0
Dee Winters,2024,8,0
Jalen Brooks,2024,8,0
Ronnie Bell,2024,8,0
Brandon Joseph,2024,8,0
Trevor Nowaske,2024,8,0
Starling Thomas V,2024,8,0
Chris Brooks,2024,8,2.7
Brandon Pili,2024,8,0
Keidron Smith,2024,8,0
Emari Demercado,2024,8,0
Mohamoud Diabate,2024,8,0
Julian Hill,2024,8,3.0999999999999996
Hunter Luepke,2024,8,0
Tyrus Wheat,2024,8,0
Jake Bobo,2024,8,2.5
Jalen Redmond,2024,8,0
Nate Adkins,2024,8,7.3
Thomas Incoom,2024,8,0
Jaleel McLaughlin,2024,8,12.600000000000001
Emanuel Wilson,2024,8,2.3
Ivan Pace Jr.,2024,8,0
Ben Sims,2024,8,0
Christian Izien,2024,8,0
Rakim Jarrett,2024,8,8.8
Kaevon Merriweather,2024,8,0
Ryan Miller,2024,8,4.9
AJ Finley,2024,8,0
Blake Grupe,2024,8,7
John Shenker,2024,8,1.7000000000000002
Darnell Wright,2024,8,0
Dalton Kincaid,2024,8,13.1
Brenton Strange,2024,8,10.9
Tyler Lacy,2024,8,0
Sean Tucker,2024,8,2.5
Marvin Mims Jr.,2024,8,1.8
Tank Dell,2024,8,13.5
Cedric Tillman,2024,8,28.9
Zach Harrison,2024,8,0
Wanya Morris,2024,8,0
Chamarri Conner,2024,8,0
Jordan Addison,2024,8,4.2
Tucker Kraft,2024,8,16.8
Josh Downs,2024,8,22.2
Jake Haener,2024,8,5.88
Deonte Banks,2024,8,0
Tyler Steen,2024,8,0
Felix Anudike-Uzomah,2024,8,0
Garrett Williams,2024,8,0
Dylan Horton,2024,8,0
Nolan Smith,2024,8,0
Dawand Jones,2024,8,0
Jack Campbell,2024,8,0
Roschon Johnson,2024,8,6.6
Peter Skoronski,2024,8,0
De'Von Achane,2024,8,26.700000000000003
Elijah Higgins,2024,8,3.3
Derick Hall,2024,8,0
Payne Durham,2024,8,0
Josh Hayes,2024,8,0
Trey Palmer,2024,8,4.9
Marte Mapu,2024,8,0
Ethan Evans,2024,8,0
Jonathan Mingo,2024,8,0
Calijah Kancey,2024,8,0
Zay Flowers,2024,8,18.5
Sam LaPorta,2024,8,16.8
Yaya Diaby,2024,8,0
Gervon Dexter Sr.,2024,8,0
Tyrique Stevenson,2024,8,0
Jakorian Bennett,2024,8,0
Puka Nacua,2024,8,18.1
Will Anderson Jr.,2024,8,0
Broderick Jones,2024,8,0
Keeanu Benton,2024,8,0
Tuli Tuipulotu,2024,8,0
Lukas Van Ness,2024,8,0
Cam Smith,2024,8,0
Byron Young,2024,8,0
Kobie Turner,2024,8,0
Jahmyr Gibbs,2024,8,20.300000000000004
Brian Branch,2024,8,0
Will McDonald IV,2024,8,0
Joe Tippmann,2024,8,0
Jayden Reed,2024,8,7.5
Christian Gonzalez,2024,8,0
Keion White,2024,8,0
Quan Martin,2024,8,0
Bryce Young,2024,8,15.56
C.J. Stroud,2024,8,12.4
Anthony Richardson,2024,8,11.5
Zach Charbonnet,2024,8,11.4
Joey Porter Jr.,2024,8,0
Devon Witherspoon,2024,8,0
Jake Bates,2024,8,12
Sanoussi Kane,2024,8,0
Chris Collier,2024,8,0
Braiden McGregor,2024,8,0
Leonard Taylor III,2024,8,0
Eric Watts,2024,8,0
Dee Williams,2024,8,0
Byron Murphy II,2024,8,0
Christian Roland-Wallace,2024,8,0
Carson Steele,2024,8,2.4000000000000004
Brandon Codrington,2024,8,0
Malik Nabers,2024,8,14.100000000000001
Brock Bowers,2024,8,10.8
Taliese Fuaga,2024,8,0
Laiatu Latu,2024,8,0
Xavier Legette,2024,8,13.4
Kamari Lassiter,2024,8,0
Renardo Green,2024,8,0
Junior Colson,2024,8,0
Trevin Wallace,2024,8,0
Cooper Beebe,2024,8,0
DJ Glaze,2024,8,0
Marist Liufau,2024,8,0
Jarrian Jones,2024,8,0
McKinnley Jackson,2024,8,0
Luke McCaffrey,2024,8,1.8
Ja'Tavion Sanders,2024,8,1.7000000000000002
Mason McCormick,2024,8,0
Cade Stover,2024,8,3.9000000000000004
Malik Mustapha,2024,8,0
Bucky Irving,2024,8,15.4
Isaac Guerendo,2024,8,19.2
Sione Vaki,2024,8,0
Jacob Cowing,2024,8,0
Tarheeb Still,2024,8,0
Cam Hart,2024,8,0
JD Bertrand,2024,8,0
Jarvis Brownlee Jr.,2024,8,0
Audric Estimé,2024,8,0.4
Tommy Eichenberg,2024,8,0
Spencer Rattler,2024,8,6.24
Deantre Prince,2024,8,0
Chau Smith-Wade,2024,8,0
Tyrone Tracy Jr.,2024,8,23
Bub Means,2024,8,4.6
Marcellas Dial Jr.,2024,8,0
Kimani Vidal,2024,8,1.6
Jha'Quan Jackson,2024,8,0
Mekhi Wingo,2024,8,0
Will Reichard,2024,8,8
Nathaniel Watson,2024,8,0
Cam Little,2024,8,10
Ryan Flournoy,2024,8,0
Jonah Laulu,2024,8,0
Devaughn Vele,2024,8,5.800000000000001
Jaylen Harrell,2024,8,0
Isaiah Williams,2024,8,2.6
Beanie Bishop Jr.,2024,8,0
Jalen Coker,2024,8,17.8
Winston Reid,2024,8,0
Brevyn Spann-Ford,2024,8,0
Amari Gainer,2024,8,0
Tyrek Funderburk,2024,8,0
Demani Richardson,2024,8,0
Matthew Hayball,2024,8,0
Jermaine Jackson,2024,8,0
Mason Tipton,2024,8,3.4000000000000004
Tyler Owens,2024,8,0
Dell Pettus,2024,8,0
Evan Anderson,2024,8,0
Taki Taimani,2024,8,0
Bo Nix,2024,8,29.759999999999998
Ruke Orhorhoro,2024,8,0
Braden Fiske,2024,8,0
Jackson Powers-Johnson,2024,8,0
Tip Reiman,2024,8,0
Blake Corum,2024,8,2.8
Payton Wilson,2024,8,0
Jordan Jefferson,2024,8,0
Tory Taylor,2024,8,0
Will Shipley,2024,8,-0.30000000000000004
Tyler Davis,2024,8,0
Joshua Karty,2024,8,4
Beaux Limmer,2024,8,0
Joe Andreessen,2024,8,0
Omar Speights,2024,8,0
Jaylen McCollough,2024,8,0
Justin Dedich,2024,8,0
AJ Barner,2024,8,5.4
Braelon Allen,2024,8,9.2
Isaiah Davis,2024,8,0
Max Melton,2024,8,0
Jonah Elliss,2024,8,0
Jermaine Burton,2024,8,5.1000000000000005
Evan Williams,2024,8,0
Erick All Jr.,2024,8,5.2
Andru Phillips,2024,8,0
Jaden Hicks,2024,8,0
Kamren Kinchens,2024,8,0
Calen Bullock,2024,8,0
Christian Haynes,2024,8,0
Austin Booker,2024,8,0
Cooper DeJean,2024,8,0
Theo Johnson,2024,8,6.5
Marvin Harrison Jr.,2024,8,23.1
Edgerrin Cooper,2024,8,0
Drake Maye,2024,8,11.52
Jared Verse,2024,8,0
Javon Baker,2024,8,0
Jalen McMillan,2024,8,9.2
Kool-Aid McKinstry,2024,8,0
Tyler Nubin,2024,8,0
Ennis Rakestraw Jr.,2024,8,0
Javon Bullard,2024,8,0
Troy Franklin,2024,8,1.9000000000000001
Cole Bishop,2024,8,0
Jaylen Wright,2024,8,1.8
Ray Davis,2024,8,2.9000000000000004
Javon Solomon,2024,8,0
Malik Washington,2024,8,0
T'Vondre Sweat,2024,8,0
Quinyon Mitchell,2024,8,0
Adonai Mitchell,2024,8,1.9
Brian Thomas Jr.,2024,8,15
Xavier Worthy,2024,8,13.7
Mike Hall Jr.,2024,8,0
Mike Sainristil,2024,8,0
Keon Coleman,2024,8,18
Terrion Arnold,2024,8,0
Graham Barton,2024,8,0
Jer'Zhan Newton,2024,8,0
Kris Jenkins,2024,8,0
Jayden Daniels,2024,8,22.24
Chop Robinson,2024,8,0
Ladd McConkey,2024,8,29.1
Ricky Pearsall,2024,8,11.700000000000001
Caleb Williams,2024,8,9.940000000000001
Rome Odunze,2024,8,8.4
Trey Benson,2024,8,1
Dallas Turner,2024,8,0
NA,2024,8,0
Aaron Rodgers,2024,9,20.339999999999996
Marcedes Lewis,2024,9,0
Nick Folk,2024,9,8
Joe Flacco,2024,9,4.0600000000000005
Calais Campbell,2024,9,0
Josh Johnson,2024,9,0.2
Matthew Stafford,2024,9,17.92
Thomas Morstead,2024,9,0
Brandon Graham,2024,9,0
Linval Joseph,2024,9,0
Von Miller,2024,9,0
Cameron Jordan,2024,9,0
Nick Bellore,2024,9,0
Johnny Hekker,2024,9,0
Bobby Wagner,2024,9,0
Stephon Gilmore,2024,9,0
Lavonte David,2024,9,0
Justin Tucker,2024,9,11
Kirk Cousins,2024,9,16.78
Harrison Smith,2024,9,0
Demario Davis,2024,9,0
Bryan Anger,2024,9,0
Andrew DePaola,2024,9,0
Brandon McManus,2024,9,5
Zach Ertz,2024,9,1.5
Johnathan Hankins,2024,9,0
John Jenkins,2024,9,0
Sam Martin,2024,9,0
Dustin Hopkins,2024,9,4
Jordan Poyer,2024,9,0
Tress Way,2024,9,0
Keenan Allen,2024,9,7.6
William Gholston,2024,9,0
Robert Woods,2024,9,6.4
Tyrann Mathieu,2024,9,0
Travis Kelce,2024,9,22
Lane Johnson,2024,9,0
DeAndre Hopkins,2024,9,28.6
Geno Smith,2024,9,24.12
Khalil Mack,2024,9,0
Cairo Santos,2024,9,13
Odell Beckham Jr.,2024,9,4.5
Denico Autry,2024,9,0
Shelby Harris,2024,9,0
Jake Matthews,2024,9,0
Derek Carr,2024,9,13.44
Jordan Matthews,2024,9,0
C.J. Goodwin,2024,9,0
Kyle Van Noy,2024,9,0
Jadeveon Clowney,2024,9,0
Davante Adams,2024,9,22.1
Allen Robinson,2024,9,1.2
Chris Manhertz,2024,9,7.2
Jason Myers,2024,9,2
Efe Obada,2024,9,0
Jameis Winston,2024,9,12.100000000000001
Nelson Agholor,2024,9,3.9000000000000004
Eric Kendricks,2024,9,0
Danielle Hunter,2024,9,0
Za'Darius Smith,2024,9,0
Grady Jarrett,2024,9,0
Michael Burton,2024,9,-0.1
Quandre Diggs,2024,9,0
Raheem Mostert,2024,9,8.8
Eric Tomlinson,2024,9,1.2
Neville Hewitt,2024,9,0
DeAndre Carter,2024,9,0
DeShawn Williams,2024,9,0
Leonard Williams,2024,9,0
Preston Smith,2024,9,0
Rakeem Nunez-Roches,2024,9,0
Dante Fowler Jr.,2024,9,0
Bradley Pinion,2024,9,0
Denzel Perryman,2024,9,0
Ameer Abdullah,2024,9,5.6000000000000005
Kwon Alexander,2024,9,0
Arik Armstead,2024,9,0
Ronald Darby,2024,9,0
Tyler Lockett,2024,9,15.3
Laken Tomlinson,2024,9,0
DeForest Buckner,2024,9,0
Eli Apple,2024,9,0
Laremy Tunsil,2024,9,0
Sterling Shepard,2024,9,10.9
Jarran Reed,2024,9,0
Austin Hooper,2024,9,1.8
Nick Vannett,2024,9,11.3
Matthew Judon,2024,9,0
Kamu Grugier-Hill,2024,9,0
Kalif Raymond,2024,9,1
Mike Hilton,2024,9,0
Wil Lutz,2024,9,4
Jonathan Jones,2024,9,0
Roy Robertson-Harris,2024,9,0
Morgan Fox,2024,9,0
Ka'imi Fairbairn,2024,9,7
Sheldon Rankins,2024,9,0
Chris Jones,2024,9,0
Austin Johnson,2024,9,0
Derrick Henry,2024,9,25.3
Demarcus Robinson,2024,9,27.4
Jalen Mills,2024,9,0
A'Shawn Robinson,2024,9,0
Nick Vigil,2024,9,0
Vonn Bell,2024,9,0
Riley Dixon,2024,9,0
Justin Simmons,2024,9,0
Tyler Boyd,2024,9,0.30000000000000004
Sheldon Day,2024,9,0
Eric Murray,2024,9,0
Tyreek Hill,2024,9,12
Jihad Ward,2024,9,0
David Onyemata,2024,9,0
Jalen Ramsey,2024,9,0
Zach Wood,2024,9,0
Andrew Billings,2024,9,0
Emmanuel Ogbah,2024,9,0
Dak Prescott,2024,9,12.32
Lucas Patrick,2024,9,0
Kendall Fuller,2024,9,0
Hunter Henry,2024,9,12.600000000000001
Jonathan Bullard,2024,9,0
Jared Goff,2024,9,9.600000000000001
Yannick Ngakoue,2024,9,0
Kevin Byard,2024,9,0
Joey Bosa,2024,9,0
Daniel Brunskill,2024,9,0
Johnny Mundt,2024,9,0
Rigoberto Sanchez,2024,9,0
Marlon Humphrey,2024,9,0
Curtis Samuel,2024,9,0
Tyus Bowser,2024,9,0
Aaron Jones,2024,9,12.200000000000001
D.J. Jones,2024,9,0
Harrison Butker,2024,9,7
Kendrick Bourne,2024,9,8.100000000000001
Eric Wilson,2024,9,0
Taysom Hill,2024,9,16
Tim Patrick,2024,9,3.2
Patrick Ricard,2024,9,7.3
Adam Butler,2024,9,0
Kenny Moore II,2024,9,0
Matt Haack,2024,9,0
Raekwon McMillan,2024,9,0
Carl Lawson,2024,9,0
Arthur Maulet,2024,9,0
Samaje Perine,2024,9,13.5
Mike Williams,2024,9,1.6
Garett Bolles,2024,9,0
Dalvin Tomlinson,2024,9,0
Rasul Douglas,2024,9,0
James Conner,2024,9,14.900000000000002
Mack Hollins,2024,9,14
Jalen Reeves-Maybin,2024,9,0
Carlos Watkins,2024,9,0
Anthony Walker,2024,9,0
Xavier Woods,2024,9,0
Jeremiah Ledbetter,2024,9,0
David Moore,2024,9,4
Noah Brown,2024,9,11
Eli Ankou,2024,9,0
Cooper Rush,2024,9,10.000000000000002
Austin Ekeler,2024,9,17.3
Younghoe Koo,2024,9,3
Justin Hardee,2024,9,0
DeMarcus Walker,2024,9,0
Ahkello Witherspoon,2024,9,0
Jake Elliott,2024,9,4
Dare Ogunbowale,2024,9,-0.1
Jonnu Smith,2024,9,9.600000000000001
Davon Godchaux,2024,9,0
Myles Garrett,2024,9,0
Solomon Thomas,2024,9,0
Patrick Mahomes,2024,9,24.54
Haason Reddick,2024,9,0
Malik Hooker,2024,9,0
Adoree' Jackson,2024,9,0
Charles Harris,2024,9,0
Evan Engram,2024,9,9.5
David Njoku,2024,9,7.9
Cam Robinson,2024,9,0
Budda Baker,2024,9,0
Marcus Maye,2024,9,0
Dalvin Cook,2024,9,0.8
Marcus Williams,2024,9,0
Gerald Everett,2024,9,1.5
Joe Mixon,2024,9,16.6
Dion Dawkins,2024,9,0
Alvin Kamara,2024,9,27.5
Cooper Kupp,2024,9,21.4
Chris Wormley,2024,9,0
Alex Anzalone,2024,9,0
Kareem Hunt,2024,9,18.700000000000003
Jourdan Lewis,2024,9,0
Trey Hendrickson,2024,9,0
Deatrich Wise,2024,9,0
Grover Stewart,2024,9,0
Jeremy McNichols,2024,9,2
Will Dissly,2024,9,2.9
Michael Dickson,2024,9,0
Daniel Carlson,2024,9,7
J.K. Scott,2024,9,0
Jacob Martin,2024,9,0
Eddy Pineiro,2024,9,6
Darious Williams,2024,9,0
Poona Ford,2024,9,0
Daniel Ekuale,2024,9,0
Jalyn Holmes,2024,9,0
Tyler Conklin,2024,9,0.7
Marquez Valdes-Scantling,2024,9,1.5
Foley Fatukasi,2024,9,0
Tremon Smith,2024,9,0
Frankie Luvu,2024,9,0
Daron Payne,2024,9,0
Courtland Sutton,2024,9,23.28
Connor Williams,2024,9,0
Isaiah Oliver,2024,9,0
Justin Reid,2024,9,0
Jordan Akins,2024,9,6.2
Josey Jewell,2024,9,0
Da'Shawn Hand,2024,9,0
Dorance Armstrong,2024,9,0
Jordan Whitehead,2024,9,0
Kyzir White,2024,9,0
Taron Johnson,2024,9,0
Avonte Maddox,2024,9,0
Josh Sweat,2024,9,0
Dalton Schultz,2024,9,5.1
D.J. Reed,2024,9,0
Justin Watson,2024,9,7.3
Siran Neal,2024,9,0
Tim Settle,2024,9,0
Ray-Ray McCloud,2024,9,11.5
Foye Oluokun,2024,9,0
Cedrick Wilson Jr.,2024,9,5.4
Matthew Adams,2024,9,0
Zaire Franklin,2024,9,0
Logan Cooke,2024,9,0
Jeremy Reaves,2024,9,0
Trent Sherfield,2024,9,1.7000000000000002
Demone Harris,2024,9,0
Tanner Hudson,2024,9,3.4000000000000004
Brandon Powell,2024,9,1.9
Tremaine Edmunds,2024,9,0
Jessie Bates,2024,9,0
Robert Spillane,2024,9,0
Corey Bojorquez,2024,9,0
Nick Thurman,2024,9,0
Mark Andrews,2024,9,4.6
Oren Burks,2024,9,0
Nathan Shepherd,2024,9,0
Mason Rudolph,2024,9,17.5
Vita Vea,2024,9,0
Carlton Davis III,2024,9,0
Harrison Phillips,2024,9,0
Chris Board,2024,9,0
Derwin James,2024,9,0
Nick Chubb,2024,9,4.5
Jason Sanders,2024,9,9
Lamar Jackson,2024,9,23.6
Durham Smythe,2024,9,1.4
B.J. Hill,2024,9,0
John Franklin-Myers,2024,9,0
Ogbo Okoronkwo,2024,9,0
Sebastian Joseph-Day,2024,9,0
Arden Key,2024,9,0
D.J. Moore,2024,9,7.300000000000001
Harold Landry III,2024,9,0
Mike Gesicki,2024,9,27
Hayden Hurst,2024,9,1.6
Sam Hubbard,2024,9,0
Braden Smith,2024,9,0
Calvin Ridley,2024,9,12.3
Taven Bryan,2024,9,0
Mike Hughes,2024,9,0
Saquon Barkley,2024,9,32.9
Mike McGlinchey,2024,9,0
KhaDarel Hodge,2024,9,1.9
Baker Mayfield,2024,9,18
Denzel Ward,2024,9,0
Josh Allen,2024,9,23.099999999999998
Sam Darnold,2024,9,21
Roquan Smith,2024,9,0
Sam Eguavoen,2024,9,0
Steven Sims,2024,9,0
Fred Johnson,2024,9,0
Jakobi Meyers,2024,9,18.5
Rashan Gary,2024,9,0
Darnell Savage,2024,9,0
Alexander Mattison,2024,9,3.6
Maxx Crosby,2024,9,0
Julian Love,2024,9,0
Justice Hill,2024,9,8.8
Foster Moreau,2024,9,8.7
E.J. Speed,2024,9,0
Armon Watts,2024,9,0
Ashton Dulin,2024,9,1.7000000000000002
Jonathan Harris,2024,9,0
Jake Browning,2024,9,-0.1
Patrick Mekari,2024,9,0
Keisean Nixon,2024,9,0
Mecole Hardman,2024,9,4.7
Ugo Amadi,2024,9,0
Mack Wilson,2024,9,0
Austin Seibert,2024,9,9
Nick Allegretti,2024,9,0
Jack Fox,2024,9,0
AJ Cole,2024,9,0
Joey Slye,2024,9,6
Olamide Zaccheaus,2024,9,6.800000000000001
Kyler Murray,2024,9,4.76
T.J. Hockenson,2024,9,5.7
Ed Oliver,2024,9,0
Byron Murphy,2024,9,0
Jahlani Tavai,2024,9,0
Miles Sanders,2024,9,1
Zach Allen,2024,9,0
Josh Oliver,2024,9,16.8
Devin Singletary,2024,9,3.3000000000000003
C.J. Gardner-Johnson,2024,9,0
Anthony Nelson,2024,9,0
Kendall Sheffield,2024,9,0
Hjalte Froholdt,2024,9,0
Tony Pollard,2024,9,18.400000000000002
Drue Tranquill,2024,9,0
Mike Jordan,2024,9,0
Matt Gay,2024,9,9
Andrew Van Ginkel,2024,9,0
Mike Jackson,2024,9,0
Jake Bailey,2024,9,0
Gardner Minshew,2024,9,2.96
Donovan Wilson,2024,9,0
Kaden Elliss,2024,9,0
Trenton Irwin,2024,9,0
Tyrel Dodson,2024,9,0
Cam Lewis,2024,9,0
Chase McLaughlin,2024,9,7
T.J. Edwards,2024,9,0
Carl Granderson,2024,9,0
Lil'Jordan Humphrey,2024,9,3.1
Shy Tuttle,2024,9,0
Roderic Teamer,2024,9,0
Greg Dortch,2024,9,0
Devin Bush,2024,9,0
Darius Slayton,2024,9,9
Ty Johnson,2024,9,2.3000000000000003
Travis Homer,2024,9,0
Juan Thornhill,2024,9,0
D'Ernest Johnson,2024,9,0.6000000000000001
Drew Sample,2024,9,11.4
Amani Hooker,2024,9,0
L.J. Collier,2024,9,0
Josh Hines-Allen,2024,9,0
Jeffery Simmons,2024,9,0
Sione Takitaki,2024,9,0
Khalen Saunders,2024,9,0
Terry McLaurin,2024,9,15.9
Taylor Rapp,2024,9,0
Cody Barton,2024,9,0
Jerry Tillery,2024,9,0
A.J. Brown,2024,9,5.6
Dre'Mont Jones,2024,9,0
Quincy Williams,2024,9,0
Dexter Lawrence,2024,9,0
David Montgomery,2024,9,12.600000000000001
Bobby Okereke,2024,9,0
Dawson Knox,2024,9,1.5
Clelin Ferrell,2024,9,0
Germaine Pratt,2024,9,0
Josh Jacobs,2024,9,12.8
Jalen Thompson,2024,9,0
Daniel Jones,2024,9,24.36
Brian Burns,2024,9,0
Quinnen Williams,2024,9,0
Jacob Bobenmoyer,2024,9,0
Malcolm Roach,2024,9,0
JaMycal Hasty,2024,9,0.7
Chris Williams,2024,9,0
Blake Gillikin,2024,9,0
Tommy Townsend,2024,9,0
Tershawn Wharton,2024,9,0
Cody White,2024,9,6.4
Joe Bachie,2024,9,0
Michael Hoecht,2024,9,0
Christian Rozeboom,2024,9,0
Krys Barnes,2024,9,0
Terence Steele,2024,9,0
Sam Franklin Jr.,2024,9,0
Juwan Johnson,2024,9,6.1000000000000005
Cam Gill,2024,9,0
Broderick Washington,2024,9,0
J.J. Taylor,2024,9,2.3000000000000003
Khalil Dorsey,2024,9,0
Nnamdi Madubuike,2024,9,0
Ben Bredeson,2024,9,0
Rico Dowdle,2024,9,21.7
J.K. Dobbins,2024,9,24.5
Joshua Uche,2024,9,0
Tyler Bass,2024,9,13
Dane Jackson,2024,9,0
Teair Tart,2024,9,0
Nick Westbrook-Ikhine,2024,9,16
A.J. Epenesa,2024,9,0
Anfernee Jennings,2024,9,0
Geno Stone,2024,9,0
Tua Tagovailoa,2024,9,17.540000000000003
Raekwon Davis,2024,9,0
Brandon Jones,2024,9,0
Isaiah Rodgers,2024,9,0
Jonathan Taylor,2024,9,8.9
Jonathan Greenard,2024,9,0
Harrison Bryant,2024,9,4.2
Colby Parkinson,2024,9,0
Austin Jackson,2024,9,0
Michael Pittman Jr.,2024,9,2.4000000000000004
Julian Blackmon,2024,9,0
Javon Kinlaw,2024,9,0
DaVon Hamilton,2024,9,0
Jordan Love,2024,9,8.92
Laviska Shenault Jr.,2024,9,0
D'Andre Swift,2024,9,13.200000000000001
Malik Harrison,2024,9,0
Grant Delpit,2024,9,0
Mekhi Becton,2024,9,0
A.J. Terrell,2024,9,0
K'Lavon Chaisson,2024,9,0
Noah Igbinoghene,2024,9,0
Jaylon Johnson,2024,9,0
Jeremy Chinn,2024,9,0
Logan Wilson,2024,9,0
Akeem Davis-Gaither,2024,9,0
Mykal Walker,2024,9,0
Jaylinn Hawkins,2024,9,0
Darnell Mooney,2024,9,19.8
Braden Mann,2024,9,0
Justin Jefferson,2024,9,21.580000000000002
Antonio Gibson,2024,9,2.1
James Lynch,2024,9,0
Troy Dye,2024,9,0
Khaleke Hudson,2024,9,0
Josh Metellus,2024,9,0
Kam Curl,2024,9,0
James Smith-Williams,2024,9,0
Justin Herbert,2024,9,19.48
Isaiah Simmons,2024,9,0
CeeDee Lamb,2024,9,14.2
Trevon Diggs,2024,9,0
Willie Gay Jr.,2024,9,0
Amik Robertson,2024,9,0
Alohi Gilman,2024,9,0
Jalen Reagor,2024,9,1
Xavier McKinney,2024,9,0
Jalen Hurts,2024,9,29.900000000000002
Darnay Holmes,2024,9,0
K'Von Wallace,2024,9,0
Casey Toohill,2024,9,0
Tristan Wirfs,2024,9,0
Jerry Jeudy,2024,9,14.3
Jordyn Brooks,2024,9,0
Antoine Winfield Jr.,2024,9,0
Darrell Taylor,2024,9,0
Cam Akers,2024,9,7.300000000000001
Zack Baun,2024,9,0
Adam Trautman,2024,9,1.4
DeeJay Dallas,2024,9,0.2
Tyler Johnson,2024,9,6.800000000000001
Justin Strnad,2024,9,0
Charlie Woerner,2024,9,0
Khalil Davis,2024,9,0
"Kenneth Murray, Jr.",2024,9,0
Joe Burrow,2024,9,30.14
Kwity Paye,2024,9,0
Dayo Odeyingbo,2024,9,0
Tim Jones,2024,9,2
Jamien Sherwood,2024,9,0
Michael Carter II,2024,9,0
Jason Pinnock,2024,9,0
Brandin Echols,2024,9,0
Kenny Yeboah,2024,9,2.2
DJ Turner,2024,9,0
Rashod Bateman,2024,9,5.5
Azeez Ojulari,2024,9,0
Chuba Hubbard,2024,9,21.2
Ar'Darius Washington,2024,9,0
Quintin Morris,2024,9,7.2
Jaylen Waddle,2024,9,7.6
Caleb Farley,2024,9,0
Dee Eskridge,2024,9,0
Nick Bolton,2024,9,0
Alim McNeill,2024,9,0
Benjamin St-Juste,2024,9,0
Dyami Brown,2024,9,3.4000000000000004
Camryn Bynum,2024,9,0
Tylan Wallace,2024,9,0
Ihmir Smith-Marsette,2024,9,0
Noah Gray,2024,9,0
Tedarrell Slaton,2024,9,0
K.J. Britt,2024,9,0
Shemar Jean-Charles,2024,9,0
Simi Fehoko,2024,9,0
Nick Niemann,2024,9,0
Isaiah McDuffie,2024,9,0
Israel Mukuamu,2024,9,0
Grant Stuard,2024,9,0
Malik Herring,2024,9,0
Devon Key,2024,9,0
Caleb Johnson,2024,9,0
Charles Snowden,2024,9,0
Amen Ogbongbemiga,2024,9,0
Adam Prentice,2024,9,0
Jack Stoll,2024,9,0
Brock Wright,2024,9,1.1
Jon Rhattigan,2024,9,0
Christian Elliss,2024,9,0
Riley Patterson,2024,9,3
Ryan Neuzil,2024,9,0
Austin Trammell,2024,9,6
Tutu Atwell,2024,9,2.6
Evan McPherson,2024,9,12
Buddy Johnson,2024,9,0
Nate Hobbs,2024,9,0
Pat Surtain II,2024,9,0
Rhamondre Stevenson,2024,9,22.4
Kylen Granson,2024,9,3.2
Jaelon Darden,2024,9,0
Marco Wilson,2024,9,0
Luke Farrell,2024,9,1.5
Damar Hamlin,2024,9,0
Victor Dimukeje,2024,9,0
Ja'Marr Chase,2024,9,11.3
Eric Stokes,2024,9,0
Joseph Ossai,2024,9,0
Bobby Brown III,2024,9,0
DeVonta Smith,2024,9,18.700000000000003
Greg Rousseau,2024,9,0
Kenneth Gainwell,2024,9,2
Payton Turner,2024,9,0
Pete Werner,2024,9,0
Zaven Collins,2024,9,0
Odafe Oweh,2024,9,0
Andre Cisco,2024,9,0
Osa Odighizuwa,2024,9,0
Jaycee Horn,2024,9,0
Ta'Quon Graham,2024,9,0
Avery Williams,2024,9,0
Jonathon Cooper,2024,9,0
Levi Onwuzurike,2024,9,0
Tre'von Moehrig,2024,9,0
Amon-Ra St. Brown,2024,9,18.6
Joe Tryon-Shoyinka,2024,9,0
Brady Christensen,2024,9,0
Kyle Pitts,2024,9,2.1
Trevor Lawrence,2024,9,21.560000000000002
Travis Etienne,2024,9,5
Tyson Campbell,2024,9,0
Elijah Moore,2024,9,5.800000000000001
Chauncey Golston,2024,9,0
Trey Sermon,2024,9,2.3
Brandon Stephens,2024,9,0
Joshua Palmer,2024,9,14.3
Divine Deablo,2024,9,0
Elijah Molden,2024,9,0
Ernest Jones,2024,9,0
Baron Browning,2024,9,0
Greg Newsome II,2024,9,0
Javonte Williams,2024,9,10.4
Chazz Surratt,2024,9,0
Hunter Long,2024,9,1.4
Liam Eichenberg,2024,9,0
Dee Alford,2024,9,0
Jordan Davis,2024,9,0
Quay Walker,2024,9,0
Devonte Wyatt,2024,9,0
Sean Rhyan,2024,9,0
Riq Woolen,2024,9,0
Dominique Robinson,2024,9,0
Kingsley Enagbare,2024,9,0
Grant Calcaterra,2024,9,8
Bo Melton,2024,9,2.9000000000000004
Elijah Hicks,2024,9,0
Trenton Gill,2024,9,0
Jack Sanborn,2024,9,0
Tyler Goodson,2024,9,0
Reed Blankenship,2024,9,0
Josh Jobe,2024,9,0
Vi Jones,2024,9,0
Irvin Charles,2024,9,0
Sauce Gardner,2024,9,0
Trent McDuffie,2024,9,0
George Karlaftis,2024,9,0
Bryan Cook,2024,9,0
LaBryan Ray,2024,9,0
Brenden Schooler,2024,9,0
Jack Cochrane,2024,9,0
Cameron Dicker,2024,9,1
Travon Walker,2024,9,0
Derek Stingley Jr.,2024,9,0
Drake London,2024,9,10.7
Chris Olave,2024,9,2.3
Trevor Penning,2024,9,0
Kaiir Elam,2024,9,0
Tyler Smith,2024,9,0
Devin Lloyd,2024,9,0
Jalen Pitre,2024,9,0
James Cook,2024,9,11.9
Nik Bonitto,2024,9,0
Martin Emerson,2024,9,0
Marcus Jones,2024,9,0
Terrel Bernard,2024,9,0
Rachaad White,2024,9,12.5
Micah McFadden,2024,9,0
DJ Davidson,2024,9,0
Khalil Shakir,2024,9,11
Tyler Allgeier,2024,9,7.8
Jerome Ford,2024,9,1.7
Zyon McCollum,2024,9,0
Otito Ogbonnia,2024,9,0
D'Marco Jackson,2024,9,0
Matthew Butler,2024,9,0
Damone Clark,2024,9,0
Matt Araiza,2024,9,0
Jalen Nailor,2024,9,7.7
Jordan Jackson,2024,9,0
Ja'Sir Taylor,2024,9,0
James Houston,2024,9,0
Jesse Luketa,2024,9,0
Ben Stille,2024,9,0
Arron Mosby,2024,9,0
Kana'i Mauga,2024,9,0
Ja'Quan McMillian,2024,9,0
Ben Brown,2024,9,0
Kendric Pryor,2024,9,1.9
Raheem Blackshear,2024,9,0
Tomon Fox,2024,9,0
Kurt Hinish,2024,9,0
Deven Thompkins,2024,9,-0.2
J.J. Russell,2024,9,0
Mike Brown,2024,9,0
Ryan Wright,2024,9,0
Isaiah Pola-Mao,2024,9,0
Lucas Krull,2024,9,0
Daniel Whelan,2024,9,0
Darrell Baker Jr.,2024,9,0
Peyton Hendershot,2024,9,1.9
Nate Landman,2024,9,0
Julius Chestnut,2024,9,2.2
Jack Gibbens,2024,9,0
Ryan Stonehouse,2024,9,0
John Metchie III,2024,9,0
Nakobe Dean,2024,9,0
Nick Cross,2024,9,0
Hassan Haskins,2024,9,0
Ja'Marcus Ingram,2024,9,0
C.J. Brewer,2024,9,0
Alec Pierce,2024,9,7.1000000000000005
Jalen Tolbert,2024,9,10.9
Kerby Joseph,2024,9,0
Brandon Aubrey,2024,9,9
Jeremiah Pharms Jr.,2024,9,0
Garrett Wilson,2024,9,30
Jahan Dotson,2024,9,4.6
Trey McBride,2024,9,12.7
Cam Taylor-Britt,2024,9,0
Cordale Flott,2024,9,0
KaVontae Turpin,2024,9,6.6
Jeremy Ruckert,2024,9,1.4
DeAngelo Malone,2024,9,0
Chigoziem Okonkwo,2024,9,6.800000000000001
Romeo Doubs,2024,9,6.800000000000001
Zach Tom,2024,9,0
Leo Chenal,2024,9,0
Brian Asamoah II,2024,9,0
Samuel Womack,2024,9,0
Luke Goedeke,2024,9,0
Isaiah Likely,2024,9,0
Cobie Durant,2024,9,0
Kyren Williams,2024,9,9.5
Quentin Lake,2024,9,0
Kyle Hamilton,2024,9,0
Jack Jones,2024,9,0
Zamir White,2024,9,7
Jake Ferguson,2024,9,14.100000000000001
Joshua Williams,2024,9,0
Neil Farrell,2024,9,0
Jordan Stout,2024,9,0
Pierre Strong Jr.,2024,9,0.8
Phidarian Mathis,2024,9,0
Percy Butler,2024,9,0
Eyioma Uwazurike,2024,9,0
Micheal Clemons,2024,9,0
Cam Jurgens,2024,9,0
Arnold Ebiketie,2024,9,0
Wan'Dale Robinson,2024,9,4
Breece Hall,2024,9,9.5
Alontae Taylor,2024,9,0
Desmond Ridder,2024,9,5.16
Christian Watson,2024,9,6.7
Roger McCreary,2024,9,0
Logan Hall,2024,9,0
Cade Otton,2024,9,21.7
Boye Mafe,2024,9,0
Kenneth Walker III,2024,9,13.700000000000001
Coby Bryant,2024,9,0
Xavier Smith,2024,9,0
Jalen Carter,2024,9,0
Colby Wooden,2024,9,0
Noah Sewell,2024,9,0
Dontayvion Wicks,2024,9,0
Terell Smith,2024,9,0
Eric Gray,2024,9,0
Jarrick Bernard-Converse,2024,9,0
Jaylon Jones,2024,9,0
Carrington Valentine,2024,9,0
Eli Ricks,2024,9,0
Brady Russell,2024,9,0
Ben VanSumeren,2024,9,1
Ty Zentner,2024,9,0
Claudin Cherelus,2024,9,0
Xavier Gipson,2024,9,0
Trenton Simpson,2024,9,0
Tavius Robinson,2024,9,0
Tyree Wilson,2024,9,0
Bijan Robinson,2024,9,21.5
Jaxon Smith-Njigba,2024,9,37
Quentin Johnston,2024,9,22
Myles Murphy,2024,9,0
Luke Schoonmaker,2024,9,0
O'Cyrus Torrence,2024,9,0
DJ Turner II,2024,9,0
Riley Moss,2024,9,0
Daiyan Henley,2024,9,0
Tank Bigsby,2024,9,2.2
DeMarvion Overshown,2024,9,0
Dorian Williams,2024,9,0
Michael Wilson,2024,9,0
Jordan Battle,2024,9,0
Tre Tucker,2024,9,2.5
Chad Ryland,2024,9,11
Ventrell Miller,2024,9,0
Derius Davis,2024,9,0
Isaiah McGuire,2024,9,0
Yasir Abdullah,2024,9,0
Jaquelin Roy,2024,9,0
Cameron Mitchell,2024,9,0
Jordan Howden,2024,9,0
Josh Whyle,2024,9,2.2
Mike Morris,2024,9,0
Antonio Johnson,2024,9,0
Chase Brown,2024,9,26.7
Henry To'oTo'o,2024,9,0
Owen Pappoe,2024,9,0
Parker Washington,2024,9,7.1000000000000005
Kayshon Boutte,2024,9,3.8
Bryce Baringer,2024,9,0
Chris Rodriguez Jr.,2024,9,5.2
Jerrick Reed II,2024,9,0
Scott Matlock,2024,9,0
Amari Burney,2024,9,0
Xavier Hutchinson,2024,9,0
Andrei Iosivas,2024,9,8
DeMario Douglas,2024,9,10.5
Dante Stills,2024,9,0
Jalen Brooks,2024,9,4.6
Isaiah Bolden,2024,9,0
D.J. Ivey,2024,9,0
Brandon Joseph,2024,9,0
Trevor Nowaske,2024,9,0
Chris Smith,2024,9,0
Starling Thomas V,2024,9,0
Jordan Mims,2024,9,4.8
Chris Brooks,2024,9,7.1
Keidron Smith,2024,9,0
Emari Demercado,2024,9,16
Mohamoud Diabate,2024,9,0
Hunter Luepke,2024,9,2.9
Tyrus Wheat,2024,9,0
Jake Bobo,2024,9,0
Jalen Redmond,2024,9,0
Nate Adkins,2024,9,0
Demontrey Jacobs,2024,9,0
Jaleel McLaughlin,2024,9,5
Emanuel Wilson,2024,9,9.9
Ivan Pace Jr.,2024,9,0
Rakim Jarrett,2024,9,1.9
Ryan Miller,2024,9,7.1
AJ Finley,2024,9,0
Blake Grupe,2024,9,12
Anfernee Orji,2024,9,0
Drake Thomas,2024,9,0
Dalton Kincaid,2024,9,7.2
Zacch Pickens,2024,9,0
Tyler Lacy,2024,9,0
Sean Tucker,2024,9,2.7
Natrone Brooks,2024,9,0
Marvin Mims Jr.,2024,9,1.4
Tank Dell,2024,9,18.6
Cedric Tillman,2024,9,19.5
Zach Harrison,2024,9,0
Chamarri Conner,2024,9,0
Kei'Trel Clark,2024,9,0
Jordan Addison,2024,9,16.1
Bryan Bresee,2024,9,0
Tucker Kraft,2024,9,7.6000000000000005
Josh Downs,2024,9,12
Deonte Banks,2024,9,0
Sydney Brown,2024,9,0
Felix Anudike-Uzomah,2024,9,0
Garrett Williams,2024,9,0
Nolan Smith,2024,9,0
Dawand Jones,2024,9,0
Jack Campbell,2024,9,0
Anthony Bradford,2024,9,0
Roschon Johnson,2024,9,4.1
Adetomiwa Adebawore,2024,9,0
De'Von Achane,2024,9,32.1
Elijah Higgins,2024,9,5.4
Derick Hall,2024,9,0
Josh Hayes,2024,9,0
Trey Palmer,2024,9,5.300000000000001
Marte Mapu,2024,9,0
Jonathan Mingo,2024,9,0
Calijah Kancey,2024,9,0
Zay Flowers,2024,9,29.700000000000003
Sam LaPorta,2024,9,4.800000000000001
Yaya Diaby,2024,9,0
Gervon Dexter Sr.,2024,9,0
Tyrique Stevenson,2024,9,0
Jakorian Bennett,2024,9,0
Davis Allen,2024,9,1.5
Puka Nacua,2024,9,2.1
Nick Hampton,2024,9,0
Tuli Tuipulotu,2024,9,0
Lukas Van Ness,2024,9,0
Cam Smith,2024,9,0
Ochaun Mathis,2024,9,0
Byron Young,2024,9,0
Kobie Turner,2024,9,0
Jahmyr Gibbs,2024,9,14.6
Kelee Ringo,2024,9,0
Brian Branch,2024,9,0
Will McDonald IV,2024,9,0
Jayden Reed,2024,9,16.3
Christian Gonzalez,2024,9,0
Keion White,2024,9,0
Quan Martin,2024,9,0
Bryce Young,2024,9,10.74
Cody Mauch,2024,9,0
C.J. Stroud,2024,9,11.540000000000001
Zach Charbonnet,2024,9,5.3
Devon Witherspoon,2024,9,0
Jake Bates,2024,9,6
Nate Wiggins,2024,9,0
Sanoussi Kane,2024,9,0
Johnny Wilson,2024,9,0
Chris Collier,2024,9,0
Braiden McGregor,2024,9,0
Jarius Monroe,2024,9,0
Leonard Taylor III,2024,9,0
Eric Watts,2024,9,0
Dee Williams,2024,9,0
Byron Murphy II,2024,9,0
Ryan Rehkow,2024,9,0
Christian Roland-Wallace,2024,9,0
Carson Steele,2024,9,0.9
Brandon Codrington,2024,9,0
Malik Nabers,2024,9,14.9
Brock Bowers,2024,9,15.5
Laiatu Latu,2024,9,0
Tyler Guyton,2024,9,0
Xavier Legette,2024,9,13.9
Kamari Lassiter,2024,9,0
Trevin Wallace,2024,9,0
Marist Liufau,2024,9,0
Jarrian Jones,2024,9,0
McKinnley Jackson,2024,9,0
Ja'Tavion Sanders,2024,9,12.700000000000001
Decamerion Richardson,2024,9,0
Cade Stover,2024,9,0
Bucky Irving,2024,9,6.4
Tarheeb Still,2024,9,0
Xavier Thomas,2024,9,0
Jordan Magee,2024,9,0
Cam Hart,2024,9,0
Jarvis Brownlee Jr.,2024,9,0
Audric Estimé,2024,9,3.5
Tommy Eichenberg,2024,9,0
Josh Newton,2024,9,0
Chau Smith-Wade,2024,9,0
Tyrone Tracy Jr.,2024,9,7.9
Caelen Carson,2024,9,0
Marcellas Dial Jr.,2024,9,0
Kimani Vidal,2024,9,0.7000000000000001
Jha'Quan Jackson,2024,9,1.3
Jamal Hill,2024,9,0
Khristian Boyd,2024,9,0
Will Reichard,2024,9,1
Cam Little,2024,9,1
Ryan Flournoy,2024,9,2.3
Jaheim Bell,2024,9,1.1
Jonah Laulu,2024,9,0
Devaughn Vele,2024,9,3.1
Myles Cole,2024,9,0
James Williams,2024,9,0
Jaylen Harrell,2024,9,0
Hogan Hatten,2024,9,0
Isaiah Williams,2024,9,0
Jacoby Windmon,2024,9,0
Reddy Steward,2024,9,0
Jalen Coker,2024,9,5.6
Winston Reid,2024,9,0
Amari Gainer,2024,9,0
Ramel Keyton,2024,9,1.7000000000000002
Demani Richardson,2024,9,0
Matthew Hayball,2024,9,1.1
Dallin Holker,2024,9,0
Jermaine Jackson,2024,9,-0.1
Mason Tipton,2024,9,0
Maema Njongmeta,2024,9,0
Bryce Oliver,2024,9,0
Thomas Harper,2024,9,0
Tyler Owens,2024,9,0
Dell Pettus,2024,9,0
JC Latham,2024,9,0
Bo Nix,2024,9,18.72
Braden Fiske,2024,9,0
Blake Corum,2024,9,-0.1
Jordan Jefferson,2024,9,0
Tory Taylor,2024,9,0
Will Shipley,2024,9,0
Ainias Smith,2024,9,1.2
Tyler Davis,2024,9,0
Joshua Karty,2024,9,8
Beaux Limmer,2024,9,0
Josh Wallace,2024,9,0
Omar Speights,2024,9,0
Jaylen McCollough,2024,9,0
Olumuyiwa Fashanu,2024,9,0
AJ Barner,2024,9,6.7
Braelon Allen,2024,9,0.9
Max Melton,2024,9,0
Jonah Elliss,2024,9,0
Ty'Ron Hopper,2024,9,0
Erick All Jr.,2024,9,4.4
Kitan Oladapo,2024,9,0
Andru Phillips,2024,9,0
Jaden Hicks,2024,9,0
Jeremiah Trotter Jr.,2024,9,0
Darius Muasau,2024,9,0
Kamal Hadden,2024,9,0
Kamren Kinchens,2024,9,0
Calen Bullock,2024,9,0
Austin Booker,2024,9,0
Cooper DeJean,2024,9,0
Michael Jerrell,2024,9,0
Tykee Smith,2024,9,0
Theo Johnson,2024,9,14.100000000000001
Marvin Harrison Jr.,2024,9,3.4000000000000004
Edgerrin Cooper,2024,9,0
Drake Maye,2024,9,16.740000000000002
Jared Verse,2024,9,0
Tyler Nubin,2024,9,0
Ennis Rakestraw Jr.,2024,9,0
Dadrion Taylor-Demerson,2024,9,0
Javon Bullard,2024,9,0
Troy Franklin,2024,9,2.9000000000000004
Cole Bishop,2024,9,0
Jaylen Wright,2024,9,1.8
Ray Davis,2024,9,17
Malik Washington,2024,9,0.9
T'Vondre Sweat,2024,9,0
Quinyon Mitchell,2024,9,0
Adonai Mitchell,2024,9,3.2
Brian Thomas Jr.,2024,9,4.2
Xavier Worthy,2024,9,-1
Mike Hall Jr.,2024,9,0
Joe Alt,2024,9,0
Mike Sainristil,2024,9,0
Keon Coleman,2024,9,3.1
Chris Braswell,2024,9,0
Terrion Arnold,2024,9,0
Jordan Morgan,2024,9,0
Jer'Zhan Newton,2024,9,0
Ja'Lynn Polk,2024,9,0
Kris Jenkins,2024,9,0
Jayden Daniels,2024,9,19.86
Chop Robinson,2024,9,0
Ben Sinnott,2024,9,2.2
Ladd McConkey,2024,9,11.4
Caleb Williams,2024,9,9.18
Rome Odunze,2024,9,15.4
Malachi Corley,2024,9,-0.19999999999999996
Trey Benson,2024,9,12.5
Dallas Turner,2024,9,0
Amarius Mims,2024,9,0
Jude McAtamney,2024,9,4
NA,2024,9,0
Aaron Rodgers,2024,10,4.04
Nick Folk,2024,10,4
Joe Flacco,2024,10,13.880000000000003
Calais Campbell,2024,10,0
Matthew Stafford,2024,10,8.72
Graham Gano,2024,10,5
Thomas Morstead,2024,10,0
Brandon Graham,2024,10,0
Jerry Hughes,2024,10,0
Linval Joseph,2024,10,0
Von Miller,2024,10,0
Cameron Jordan,2024,10,0
Cameron Heyward,2024,10,0
Nick Bellore,2024,10,0
Johnny Hekker,2024,10,0
Bobby Wagner,2024,10,0
Russell Wilson,2024,10,19.1
Stephon Gilmore,2024,10,0
Lavonte David,2024,10,0
Kevin Zeitler,2024,10,0
Justin Tucker,2024,10,2
Kirk Cousins,2024,10,9.24
Harrison Smith,2024,10,0
Demario Davis,2024,10,0
Bryan Anger,2024,10,0
Zach Ertz,2024,10,7.1
Darius Slay,2024,10,0
Sam Martin,2024,10,0
Jordan Poyer,2024,10,0
Tress Way,2024,10,0
Keenan Allen,2024,10,9.4
William Gholston,2024,10,0
Robert Woods,2024,10,1.1
Tyrann Mathieu,2024,10,0
Travis Kelce,2024,10,20.4
DeAndre Hopkins,2024,10,9.600000000000001
Cordarrelle Patterson,2024,10,1.4000000000000001
Mike Pennel,2024,10,0
DaQuan Jones,2024,10,0
Chris Boswell,2024,10,4
Cairo Santos,2024,10,3
Odell Beckham Jr.,2024,10,3.7
Denico Autry,2024,10,0
Jake Matthews,2024,10,0
Derek Carr,2024,10,19.459999999999997
Jimmie Ward,2024,10,0
C.J. Goodwin,2024,10,0
Kyle Van Noy,2024,10,0
Jadeveon Clowney,2024,10,0
Davante Adams,2024,10,9.1
Efe Obada,2024,10,0
Nelson Agholor,2024,10,7.6
Eddie Goldman,2024,10,0
Eric Kendricks,2024,10,0
Jordan Phillips,2024,10,0
Danielle Hunter,2024,10,0
Grady Jarrett,2024,10,0
MyCole Pruitt,2024,10,0
Raheem Mostert,2024,10,5.4
Neville Hewitt,2024,10,0
DeAndre Carter,2024,10,1.5
Preston Smith,2024,10,0
Rakeem Nunez-Roches,2024,10,0
Dante Fowler Jr.,2024,10,0
Bradley Pinion,2024,10,0
Denzel Perryman,2024,10,0
Bud Dupree,2024,10,0
Arik Armstead,2024,10,0
Ronald Darby,2024,10,0
DeForest Buckner,2024,10,0
Sterling Shepard,2024,10,2
Austin Hooper,2024,10,9.4
Miles Killebrew,2024,10,0
De'Vondre Campbell,2024,10,0
Matthew Judon,2024,10,0
Quinton Jefferson,2024,10,0
DJ Reader,2024,10,0
Elandon Roberts,2024,10,0
Ted Karras,2024,10,0
Kalif Raymond,2024,10,0
Mike Hilton,2024,10,0
Wil Lutz,2024,10,1
Jonathan Jones,2024,10,0
Morgan Fox,2024,10,0
Ka'imi Fairbairn,2024,10,12
Sheldon Rankins,2024,10,0
Chris Jones,2024,10,0
Austin Johnson,2024,10,0
Derrick Henry,2024,10,14.100000000000001
Demarcus Robinson,2024,10,3.3000000000000003
Jalen Mills,2024,10,0
A'Shawn Robinson,2024,10,0
Nick Vigil,2024,10,0
Antonio Hamilton,2024,10,0
Vonn Bell,2024,10,0
Riley Dixon,2024,10,0
Ronnie Stanley,2024,10,0
Justin Simmons,2024,10,0
Sheldon Day,2024,10,0
Eric Murray,2024,10,0
Tyreek Hill,2024,10,11.7
Ezekiel Elliott,2024,10,0.20000000000000018
Jihad Ward,2024,10,0
David Onyemata,2024,10,0
Jalen Ramsey,2024,10,0
Leonard Floyd,2024,10,0
Emmanuel Ogbah,2024,10,0
Kendall Fuller,2024,10,0
Hunter Henry,2024,10,2.4000000000000004
Jonathan Bullard,2024,10,0
Jared Goff,2024,10,12.8
Maliek Collins,2024,10,0
Kevin Byard,2024,10,0
Joey Bosa,2024,10,0
Rigoberto Sanchez,2024,10,0
Christian McCaffrey,2024,10,16.700000000000003
Marlon Humphrey,2024,10,0
Curtis Samuel,2024,10,7.5
Tyus Bowser,2024,10,0
George Kittle,2024,10,14.7
Aaron Jones,2024,10,12.100000000000001
D.J. Jones,2024,10,0
Harrison Butker,2024,10,10
Josh Tupou,2024,10,0
Taysom Hill,2024,10,7
Kenny Moore II,2024,10,0
Nicholas Morrow,2024,10,0
Carl Lawson,2024,10,0
Arthur Maulet,2024,10,0
Damontae Kazee,2024,10,0
Samaje Perine,2024,10,5.7
Mike Williams,2024,10,10.2
Rasul Douglas,2024,10,0
James Conner,2024,10,22.3
Mack Hollins,2024,10,12.6
Carlos Watkins,2024,10,0
Anthony Walker,2024,10,0
Eric Saubert,2024,10,0
Xavier Woods,2024,10,0
Jeremiah Ledbetter,2024,10,0
David Moore,2024,10,3.8
Noah Brown,2024,10,6.300000000000001
Pat O'Connor,2024,10,0
Cooper Rush,2024,10,-2
Michael Davis,2024,10,0
Austin Ekeler,2024,10,18.099999999999998
Younghoe Koo,2024,10,3
DeMarcus Walker,2024,10,0
Jake Elliott,2024,10,10
Dare Ogunbowale,2024,10,1.1
Jonnu Smith,2024,10,7.5
Davon Godchaux,2024,10,0
Zane Gonzalez,2024,10,11
Mitchell Trubisky,2024,10,-0.1
Patrick Mahomes,2024,10,16.54
Haason Reddick,2024,10,0
Derek Barnett,2024,10,0
Malik Hooker,2024,10,0
Evan Engram,2024,10,10
T.J. Watt,2024,10,0
Cam Robinson,2024,10,0
Budda Baker,2024,10,0
Marcus Williams,2024,10,0
Joe Mixon,2024,10,17
Dion Dawkins,2024,10,0
Larry Ogunjobi,2024,10,0
Alvin Kamara,2024,10,15.9
Cooper Kupp,2024,10,15
Alex Anzalone,2024,10,0
Kareem Hunt,2024,10,17
Shaquill Griffin,2024,10,0
Jourdan Lewis,2024,10,0
Trey Hendrickson,2024,10,0
Deatrich Wise,2024,10,0
Grover Stewart,2024,10,0
Jeremy McNichols,2024,10,6.7
Al-Quadin Muhammad,2024,10,0
Scott Daly,2024,10,0
J.T. Gray,2024,10,0
Brian O'Neill,2024,10,0
Will Dissly,2024,10,8
J.K. Scott,2024,10,0
Jacob Martin,2024,10,0
Eddy Pineiro,2024,10,10
Gus Edwards,2024,10,5.5
Darious Williams,2024,10,0
Poona Ford,2024,10,0
Daniel Ekuale,2024,10,0
Tarvarius Moore,2024,10,0
Jalyn Holmes,2024,10,0
Tyler Conklin,2024,10,1.8
Marquez Valdes-Scantling,2024,10,25.9
Foley Fatukasi,2024,10,0
DeShon Elliott,2024,10,0
Tremon Smith,2024,10,0
Zach Sieler,2024,10,0
Ben Niemann,2024,10,0
Frankie Luvu,2024,10,0
Daron Payne,2024,10,0
Courtland Sutton,2024,10,19
Dallas Goedert,2024,10,10.5
Donte Jackson,2024,10,0
Isaiah Oliver,2024,10,0
Justin Reid,2024,10,0
Ian Thomas,2024,10,1.3
Josey Jewell,2024,10,0
Da'Shawn Hand,2024,10,0
Dorance Armstrong,2024,10,0
Jordan Whitehead,2024,10,0
Kyzir White,2024,10,0
Taron Johnson,2024,10,0
Josh Sweat,2024,10,0
Dalton Schultz,2024,10,9.600000000000001
D.J. Reed,2024,10,0
Justin Watson,2024,10,2.6
Siran Neal,2024,10,0
Tim Settle,2024,10,0
Ray-Ray McCloud,2024,10,6.6
Foye Oluokun,2024,10,0
Matt Pryor,2024,10,0
Matthew Adams,2024,10,0
Zaire Franklin,2024,10,0
Logan Cooke,2024,10,0
Jeremy Reaves,2024,10,0
Trent Sherfield,2024,10,2.1
Tavierre Thomas,2024,10,0
Ezekiel Turner,2024,10,0
Tanner Hudson,2024,10,16.3
Brandon Powell,2024,10,0
Tremaine Edmunds,2024,10,0
Jessie Bates,2024,10,0
Mark Andrews,2024,10,18.8
Oren Burks,2024,10,0
Nathan Shepherd,2024,10,0
Vita Vea,2024,10,0
Carlton Davis III,2024,10,0
Ronnie Harrison,2024,10,0
Isaac Yiadom,2024,10,0
Harrison Phillips,2024,10,0
Minkah Fitzpatrick,2024,10,0
Derwin James,2024,10,0
Jason Sanders,2024,10,15
Lamar Jackson,2024,10,32.900000000000006
Durham Smythe,2024,10,1.6
B.J. Hill,2024,10,0
John Franklin-Myers,2024,10,0
Sebastian Joseph-Day,2024,10,0
Fred Warner,2024,10,0
Arden Key,2024,10,0
D.J. Moore,2024,10,5.7
Harold Landry III,2024,10,0
Mike Gesicki,2024,10,7
Hayden Hurst,2024,10,0
Sam Hubbard,2024,10,0
Braden Smith,2024,10,0
Calvin Ridley,2024,10,25.4
Mike Hughes,2024,10,0
Saquon Barkley,2024,10,8.8
Baker Mayfield,2024,10,6.940000000000001
Josh Allen,2024,10,20.200000000000003
Dante Pettis,2024,10,1.8
Sam Darnold,2024,10,9.440000000000001
Roquan Smith,2024,10,0
Sam Eguavoen,2024,10,0
Steven Sims,2024,10,0
Mitch Wishnowsky,2024,10,0
Fred Johnson,2024,10,0
Darnell Savage,2024,10,0
Justice Hill,2024,10,1.8
Ben Powers,2024,10,0
Foster Moreau,2024,10,0
E.J. Speed,2024,10,0
Ka'dar Hollman,2024,10,0
Armon Watts,2024,10,0
Olisaemeka Udoh,2024,10,0
Ty Summers,2024,10,0
Quinton Bell,2024,10,0
Ashton Dulin,2024,10,0.7000000000000001
Jamie Gillan,2024,10,0
Jonathan Harris,2024,10,0
Patrick Mekari,2024,10,0
Mecole Hardman,2024,10,1.3
Ugo Amadi,2024,10,0
Mack Wilson,2024,10,0
Jack Fox,2024,10,0
Azeez Al-Shaair,2024,10,0
Joey Slye,2024,10,13
Del'Shawn Phillips,2024,10,0
Olamide Zaccheaus,2024,10,1.8
Diontae Johnson,2024,10,1.6
P.J. Locke,2024,10,0
Kyler Murray,2024,10,27.740000000000002
T.J. Hockenson,2024,10,15.2
Ed Oliver,2024,10,0
Tytus Howard,2024,10,0
Kaleb McGary,2024,10,0
Byron Murphy,2024,10,0
Jawaan Taylor,2024,10,0
Sean Murphy-Bunting,2024,10,0
Jahlani Tavai,2024,10,0
Miles Sanders,2024,10,0.5
Lonnie Johnson,2024,10,0
Zach Allen,2024,10,0
Josh Oliver,2024,10,9.2
Devin Singletary,2024,10,5.5
C.J. Gardner-Johnson,2024,10,0
Anthony Nelson,2024,10,0
Tony Pollard,2024,10,10.3
Drue Tranquill,2024,10,0
Matt Gay,2024,10,8
Andrew Van Ginkel,2024,10,0
Blake Cashman,2024,10,0
Mike Jackson,2024,10,0
Byron Cowart,2024,10,0
Jake Bailey,2024,10,0
Donovan Wilson,2024,10,0
Kaden Elliss,2024,10,0
Trenton Irwin,2024,10,0
Cam Lewis,2024,10,0
Chase McLaughlin,2024,10,8
Joe Giles-Harris,2024,10,0
Andrew Wingard,2024,10,0
T.J. Edwards,2024,10,0
Carl Granderson,2024,10,0
Lil'Jordan Humphrey,2024,10,4.300000000000001
Shy Tuttle,2024,10,0
Luke Gifford,2024,10,0
Greg Dortch,2024,10,0.9
Ty Johnson,2024,10,6.2
Travis Homer,2024,10,0
Chris Lindstrom,2024,10,0
Amani Hooker,2024,10,0
L.J. Collier,2024,10,0
Rock Ya-Sin,2024,10,0
Josh Hines-Allen,2024,10,0
Jeffery Simmons,2024,10,0
Sione Takitaki,2024,10,0
Montez Sweat,2024,10,0
Will Harris,2024,10,0
Khalen Saunders,2024,10,0
Terry McLaurin,2024,10,16.3
Taylor Rapp,2024,10,0
Greg Gaines,2024,10,0
Cody Barton,2024,10,0
Jerry Tillery,2024,10,0
A.J. Brown,2024,10,15.9
Quincy Williams,2024,10,0
Dexter Lawrence,2024,10,0
David Montgomery,2024,10,11.6
Bobby Okereke,2024,10,0
Dawson Knox,2024,10,6
Clelin Ferrell,2024,10,0
Germaine Pratt,2024,10,0
Devin White,2024,10,0
Daniel Jones,2024,10,14.200000000000001
Brian Burns,2024,10,0
Nick Bosa,2024,10,0
Quinnen Williams,2024,10,0
Deebo Samuel Sr.,2024,10,12.600000000000001
James Pierre,2024,10,0
JaMycal Hasty,2024,10,3.4
Corliss Waitman,2024,10,0
Chris Williams,2024,10,0
Blake Gillikin,2024,10,0
Tommy Townsend,2024,10,0
Cole Christiansen,2024,10,0
Michael Hoecht,2024,10,0
Christian Rozeboom,2024,10,0
Jonah Williams,2024,10,0
Sam Franklin Jr.,2024,10,0
Juwan Johnson,2024,10,4.2
Cam Gill,2024,10,0
Broderick Washington,2024,10,0
Nnamdi Madubuike,2024,10,0
Rico Dowdle,2024,10,8.600000000000001
Bryce Huff,2024,10,0
Kristian Welch,2024,10,0
J.K. Dobbins,2024,10,8.5
Tyler Bass,2024,10,13
Isaiah Hodgins,2024,10,1.7000000000000002
Dane Jackson,2024,10,0
Nick Westbrook-Ikhine,2024,10,6.1
A.J. Epenesa,2024,10,0
Anfernee Jennings,2024,10,0
Gabe Davis,2024,10,2.9000000000000004
Mike Onwenu,2024,10,0
Geno Stone,2024,10,0
Tua Tagovailoa,2024,10,9.18
Raekwon Davis,2024,10,0
Brandon Jones,2024,10,0
Isaiah Rodgers,2024,10,0
Jonathan Taylor,2024,10,14.200000000000001
Jonathan Greenard,2024,10,0
Julian Blackmon,2024,10,0
Jauan Jennings,2024,10,16.3
Javon Kinlaw,2024,10,0
DaVon Hamilton,2024,10,0
Jordan Elliott,2024,10,0
D'Andre Swift,2024,10,7.5
Malik Harrison,2024,10,0
Noah Igbinoghene,2024,10,0
Cole Kmet,2024,10,3.3
Jaylon Johnson,2024,10,0
Jeremy Chinn,2024,10,0
Logan Wilson,2024,10,0
Akeem Davis-Gaither,2024,10,0
Mykal Walker,2024,10,0
Jaylinn Hawkins,2024,10,0
Darnell Mooney,2024,10,14.600000000000001
Braden Mann,2024,10,0
Chase Young,2024,10,0
Justin Jefferson,2024,10,9.8
Patrick Queen,2024,10,0
Robert Hunt,2024,10,0
Antonio Gibson,2024,10,2.6
Devin Duvernay,2024,10,0
Alex Highsmith,2024,10,0
D.J. Wonnum,2024,10,0
Khalid Kareem,2024,10,0
K.J. Osborn,2024,10,0
Josh Metellus,2024,10,0
Kam Curl,2024,10,0
Justin Herbert,2024,10,19.76
Isaiah Simmons,2024,10,0
CeeDee Lamb,2024,10,8.4
Trevon Diggs,2024,10,0
Willie Gay Jr.,2024,10,0
John Simpson,2024,10,0
Amik Robertson,2024,10,0
Michael Danna,2024,10,0
Alohi Gilman,2024,10,0
Jalen Reagor,2024,10,-0.2
Jalen Hurts,2024,10,30.68
Jordyn Brooks,2024,10,0
Antoine Winfield Jr.,2024,10,0
Cam Akers,2024,10,5.700000000000001
Van Jefferson,2024,10,0
Zack Baun,2024,10,0
Adam Trautman,2024,10,4.4
DeeJay Dallas,2024,10,1
Tyler Johnson,2024,10,5.5
Justin Strnad,2024,10,0
Charlie Woerner,2024,10,0
Jordan Fuller,2024,10,0
"Kenneth Murray, Jr.",2024,10,0
Joe Burrow,2024,10,31.720000000000006
Kwity Paye,2024,10,0
Dayo Odeyingbo,2024,10,0
Jamien Sherwood,2024,10,0
Michael Carter II,2024,10,0
Kenny Yeboah,2024,10,1.4
Rashod Bateman,2024,10,17.4
Azeez Ojulari,2024,10,0
Chuba Hubbard,2024,10,24.900000000000002
Deommodore Lenoir,2024,10,0
Roy Lopez,2024,10,0
Ar'Darius Washington,2024,10,0
Alaric Jackson,2024,10,0
Jaylen Waddle,2024,10,8.6
Caleb Farley,2024,10,0
Nick Bolton,2024,10,0
Alim McNeill,2024,10,0
Benjamin St-Juste,2024,10,0
Dyami Brown,2024,10,0.7
John Bates,2024,10,0
Camryn Bynum,2024,10,0
Tylan Wallace,2024,10,20.5
Ihmir Smith-Marsette,2024,10,0
Noah Gray,2024,10,3.8
K.J. Britt,2024,10,0
Cameron McGrone,2024,10,0
Shemar Jean-Charles,2024,10,0
Nick Niemann,2024,10,0
Israel Mukuamu,2024,10,0
Dicaprio Bootle,2024,10,0
Amen Ogbongbemiga,2024,10,0
Jon Rhattigan,2024,10,0
Feleipe Franks,2024,10,0
Isaiahh Loudermilk,2024,10,0
Tutu Atwell,2024,10,1.6
Evan McPherson,2024,10,4
Ben Skowronek,2024,10,0
Pat Surtain II,2024,10,0
Rhamondre Stevenson,2024,10,8.700000000000001
Kylen Granson,2024,10,3.5
Tommy Togiai,2024,10,0
Marco Wilson,2024,10,0
Luke Farrell,2024,10,3.6
Damar Hamlin,2024,10,0
Najee Harris,2024,10,11.3
Pat Freiermuth,2024,10,10.7
Ja'Marr Chase,2024,10,55.400000000000006
Joseph Ossai,2024,10,0
Bobby Brown III,2024,10,0
Larry Borom,2024,10,0
Khalil Herbert,2024,10,0
DeVonta Smith,2024,10,3.4000000000000004
Greg Rousseau,2024,10,0
Milton Williams,2024,10,0
Kenneth Gainwell,2024,10,4.9
Payton Turner,2024,10,0
Pete Werner,2024,10,0
Micah Parsons,2024,10,0
Zaven Collins,2024,10,0
Odafe Oweh,2024,10,0
Andre Cisco,2024,10,0
Osa Odighizuwa,2024,10,0
Jaycee Horn,2024,10,0
Ta'Quon Graham,2024,10,0
Avery Williams,2024,10,0
Jonathon Cooper,2024,10,0
Levi Onwuzurike,2024,10,0
Amon-Ra St. Brown,2024,10,18
Joe Tryon-Shoyinka,2024,10,0
Kyle Pitts,2024,10,9.5
Mac Jones,2024,10,7.24
Travis Etienne,2024,10,5.300000000000001
Tyson Campbell,2024,10,0
Spencer Brown,2024,10,0
Chauncey Golston,2024,10,0
Trey Sermon,2024,10,1.4
Brandon Stephens,2024,10,0
Joshua Palmer,2024,10,4.6
Elijah Molden,2024,10,0
Javonte Williams,2024,10,2.7
Jevon Holland,2024,10,0
Patrick Jones II,2024,10,0
Trey Lance,2024,10,1.54
Dee Alford,2024,10,0
Jordan Davis,2024,10,0
Dominique Robinson,2024,10,0
Grant Calcaterra,2024,10,0
Elijah Hicks,2024,10,0
Trenton Gill,2024,10,0
Jack Sanborn,2024,10,0
Tyler Goodson,2024,10,8.9
Reed Blankenship,2024,10,0
Joey Blount,2024,10,0
Tony Adams,2024,10,0
Sauce Gardner,2024,10,0
Trent McDuffie,2024,10,0
George Karlaftis,2024,10,0
Bryan Cook,2024,10,0
Nazeeh Johnson,2024,10,0
LaBryan Ray,2024,10,0
Brenden Schooler,2024,10,0
Justyn Ross,2024,10,0
Cameron Dicker,2024,10,9
Jaylen Warren,2024,10,9.5
Kevin Austin Jr.,2024,10,5.6
Travon Walker,2024,10,0
Derek Stingley Jr.,2024,10,0
Drake London,2024,10,17.700000000000003
Jameson Williams,2024,10,8.3
Devin Lloyd,2024,10,0
Jalen Pitre,2024,10,0
George Pickens,2024,10,20.5
James Cook,2024,10,15.5
Nik Bonitto,2024,10,0
Marcus Jones,2024,10,0
Terrel Bernard,2024,10,0
Rachaad White,2024,10,19
Micah McFadden,2024,10,0
DJ Davidson,2024,10,0
Khalil Shakir,2024,10,11.8
Tyler Allgeier,2024,10,5.9
Zyon McCollum,2024,10,0
Otito Ogbonnia,2024,10,0
D'Marco Jackson,2024,10,0
Ty Chandler,2024,10,1.8
Luke Wattenberg,2024,10,0
Damone Clark,2024,10,0
John Ridgeway,2024,10,0
Matt Araiza,2024,10,0
Christian Benford,2024,10,0
Jalen Nailor,2024,10,1.4
Drew Ogletree,2024,10,1.2
Jordan Jackson,2024,10,0
Cade Mays,2024,10,0
Connor Heyward,2024,10,0
Ja'Sir Taylor,2024,10,0
James Houston,2024,10,0
Montaric Brown,2024,10,0
Jesse Luketa,2024,10,0
Kader Kohou,2024,10,0
Ja'Quan McMillian,2024,10,0
Ben Brown,2024,10,0
Alec Anderson,2024,10,0
Raheem Blackshear,2024,10,0
Tomon Fox,2024,10,0
Kurt Hinish,2024,10,0
J.J. Russell,2024,10,0
Mike Brown,2024,10,0
Ryan Wright,2024,10,0
Jordan Mason,2024,10,0.5
Lucas Krull,2024,10,4.1
John Parker Romo,2024,10,13
Darrell Baker Jr.,2024,10,0
Markquese Bell,2024,10,0
Peyton Hendershot,2024,10,1.6
Nate Landman,2024,10,0
Leroy Watson IV,2024,10,0
Tre Avery,2024,10,0
Julius Chestnut,2024,10,0
Jack Gibbens,2024,10,0
Sam Okuayinonu,2024,10,0
Ryan Stonehouse,2024,10,0
John Metchie III,2024,10,18.4
Nakobe Dean,2024,10,0
Nick Cross,2024,10,0
Hassan Haskins,2024,10,6.4
Jacob Hummel,2024,10,0
Ja'Marcus Ingram,2024,10,0
Alec Pierce,2024,10,18.1
Jalen Tolbert,2024,10,4.4
Kerby Joseph,2024,10,0
Brandon Aubrey,2024,10,7
Jeremiah Pharms Jr.,2024,10,0
Garrett Wilson,2024,10,9.100000000000001
Jahan Dotson,2024,10,3.7
Trey McBride,2024,10,11.100000000000001
Cam Taylor-Britt,2024,10,0
Travis Jones,2024,10,0
Cordale Flott,2024,10,0
Dondrea Tillman,2024,10,0
KaVontae Turpin,2024,10,0
Jeremy Ruckert,2024,10,3.7
DeAngelo Malone,2024,10,0
Chigoziem Okonkwo,2024,10,2.4000000000000004
Channing Tindall,2024,10,0
Leo Chenal,2024,10,0
Brian Asamoah II,2024,10,0
Tyler Linderbaum,2024,10,0
Samuel Womack,2024,10,0
Kalia Davis,2024,10,0
Brock Purdy,2024,10,22.82
Calvin Austin III,2024,10,4
Cobie Durant,2024,10,0
Kyren Williams,2024,10,11.2
Quentin Lake,2024,10,0
Kyle Hamilton,2024,10,0
Jake Ferguson,2024,10,4.4
Joshua Williams,2024,10,0
Charlie Kolar,2024,10,1.4
Neil Farrell,2024,10,0
Jordan Stout,2024,10,0
Joshua Paschal,2024,10,0
Phidarian Mathis,2024,10,0
Percy Butler,2024,10,0
Kenny Pickett,2024,10,0.30000000000000004
Micheal Clemons,2024,10,0
Kyler Gordon,2024,10,0
Cam Jurgens,2024,10,0
Arnold Ebiketie,2024,10,0
Wan'Dale Robinson,2024,10,10.100000000000001
Daniel Faalele,2024,10,0
Breece Hall,2024,10,12.299999999999999
Alontae Taylor,2024,10,0
Dane Belton,2024,10,0
Roger McCreary,2024,10,0
Logan Hall,2024,10,0
Cade Otton,2024,10,8.5
David Ojabo,2024,10,0
Josh Butler,2024,10,0
Xavier Smith,2024,10,0
Jalen Carter,2024,10,0
Will Mallory,2024,10,2
Terell Smith,2024,10,0
Eric Gray,2024,10,0
Jaylon Jones,2024,10,0
Moro Ojomo,2024,10,0
Keaton Mitchell,2024,10,0
Claudin Cherelus,2024,10,0
Xavier Gipson,2024,10,0
Trenton Simpson,2024,10,0
Tavius Robinson,2024,10,0
DJ Johnson,2024,10,0
Bijan Robinson,2024,10,29.400000000000002
Quentin Johnston,2024,10,10.4
Mazi Smith,2024,10,0
Luke Schoonmaker,2024,10,0
O'Cyrus Torrence,2024,10,0
DJ Turner II,2024,10,0
Riley Moss,2024,10,0
Daiyan Henley,2024,10,0
Ji'Ayir Brown,2024,10,0
Tank Bigsby,2024,10,0.4
DeMarvion Overshown,2024,10,0
Dorian Williams,2024,10,0
Darnell Washington,2024,10,1.6
Michael Wilson,2024,10,5.4
Jordan Battle,2024,10,0
Jake Moody,2024,10,9
Chad Ryland,2024,10,7
Clark Phillips III,2024,10,0
Ventrell Miller,2024,10,0
Derius Davis,2024,10,3.3000000000000003
Jay Ward,2024,10,0
Yasir Abdullah,2024,10,0
Clayton Tune,2024,10,-0.1
Jaquelin Roy,2024,10,0
Jordan Howden,2024,10,0
Josh Whyle,2024,10,0
Antonio Johnson,2024,10,0
Chase Brown,2024,10,22.4
Henry To'oTo'o,2024,10,0
Owen Pappoe,2024,10,0
Robert Beal Jr.,2024,10,0
Kayshon Boutte,2024,10,8.7
Bryce Baringer,2024,10,0
Chris Rodriguez Jr.,2024,10,0.4
Xavier Hutchinson,2024,10,2.6
Andrei Iosivas,2024,10,4.9
DeMario Douglas,2024,10,9
Dante Stills,2024,10,0
Jalen Brooks,2024,10,1.4
Isaiah Bolden,2024,10,0
Ronnie Bell,2024,10,0
Trevor Nowaske,2024,10,0
Starling Thomas V,2024,10,0
Jordan Mims,2024,10,2.4
Emari Demercado,2024,10,2.2
Julian Hill,2024,10,0
Isaiah Land,2024,10,0
Hunter Luepke,2024,10,0
Tyrus Wheat,2024,10,0
Demontrey Jacobs,2024,10,0
Jaleel McLaughlin,2024,10,1.2000000000000002
Ivan Pace Jr.,2024,10,0
Christian Izien,2024,10,0
Rakim Jarrett,2024,10,3
Ryan Miller,2024,10,2.1
Caleb Murphy,2024,10,0
AJ Finley,2024,10,0
Blake Grupe,2024,10,8
Anfernee Orji,2024,10,0
Dalton Kincaid,2024,10,4.4
Brenton Strange,2024,10,4.5
Juice Scruggs,2024,10,0
Zacch Pickens,2024,10,0
Jalin Hyatt,2024,10,7.9
Tyler Lacy,2024,10,0
Sean Tucker,2024,10,0
Marvin Mims Jr.,2024,10,7
Tank Dell,2024,10,8.3
Zach Harrison,2024,10,0
Chamarri Conner,2024,10,0
Keondre Coburn,2024,10,0
Jordan Addison,2024,10,4.9
Bryan Bresee,2024,10,0
Josh Downs,2024,10,14.2
Deonte Banks,2024,10,0
Felix Anudike-Uzomah,2024,10,0
Garrett Williams,2024,10,0
Dylan Horton,2024,10,0
Nolan Smith,2024,10,0
Jack Campbell,2024,10,0
Roschon Johnson,2024,10,1.1
Tyjae Spears,2024,10,8.1
De'Von Achane,2024,10,10.2
Elijah Higgins,2024,10,3.3
Matthew Bergeron,2024,10,0
Josh Hayes,2024,10,0
Trey Palmer,2024,10,0
Marte Mapu,2024,10,0
Steve Avila,2024,10,0
Ethan Evans,2024,10,0
Calijah Kancey,2024,10,0
Zay Flowers,2024,10,7.4
Sam LaPorta,2024,10,15.600000000000001
Yaya Diaby,2024,10,0
Gervon Dexter Sr.,2024,10,0
Tyrique Stevenson,2024,10,0
Davis Allen,2024,10,8.4
Puka Nacua,2024,10,18.8
Keeanu Benton,2024,10,0
Tuli Tuipulotu,2024,10,0
Cam Smith,2024,10,0
Byron Young,2024,10,0
Kobie Turner,2024,10,0
Jahmyr Gibbs,2024,10,12.8
Kelee Ringo,2024,10,0
Brian Branch,2024,10,0
Will McDonald IV,2024,10,0
Christian Gonzalez,2024,10,0
Keion White,2024,10,0
Quan Martin,2024,10,0
Bryce Young,2024,10,12.04
Will Levis,2024,10,18.1
C.J. Stroud,2024,10,10.78
Joey Porter Jr.,2024,10,0
Jake Bates,2024,10,12
Nate Wiggins,2024,10,0
Sanoussi Kane,2024,10,0
Johnny Wilson,2024,10,7.5
Braiden McGregor,2024,10,0
Leonard Taylor III,2024,10,0
Curtis Jacobs,2024,10,0
Ryan Rehkow,2024,10,0
Carson Steele,2024,10,0.30000000000000004
Brandon Codrington,2024,10,0
Malik Nabers,2024,10,10.8
Laiatu Latu,2024,10,0
Xavier Legette,2024,10,7
Kamari Lassiter,2024,10,0
Renardo Green,2024,10,0
Trevin Wallace,2024,10,0
Cooper Beebe,2024,10,0
Marist Liufau,2024,10,0
Jarrian Jones,2024,10,0
Luke McCaffrey,2024,10,3.3000000000000003
Ja'Tavion Sanders,2024,10,8.8
Cade Stover,2024,10,1.2
Malik Mustapha,2024,10,0
Bucky Irving,2024,10,17.7
Isaac Guerendo,2024,10,0
Sione Vaki,2024,10,0
Jacob Cowing,2024,10,0
Tarheeb Still,2024,10,0
Xavier Thomas,2024,10,0
Cam Hart,2024,10,0
Jarvis Brownlee Jr.,2024,10,0
Audric Estimé,2024,10,5.300000000000001
Josh Newton,2024,10,0
Tyrone Tracy Jr.,2024,10,14.4
Caelen Carson,2024,10,0
Jha'Quan Jackson,2024,10,0
Mekhi Wingo,2024,10,0
Cam Little,2024,10,1
Ryan Flournoy,2024,10,0
Devaughn Vele,2024,10,13.9
Jaylen Harrell,2024,10,0
Beanie Bishop Jr.,2024,10,0
Jalen Coker,2024,10,7.1000000000000005
Levelle Bailey,2024,10,0
Spencer Shrader,2024,10,7
Tyrek Funderburk,2024,10,0
Millard Bradford,2024,10,0
Matthew Hayball,2024,10,0
Jermaine Jackson,2024,10,0
Rico Payton,2024,10,0
Cam Grandy,2024,10,1
Bryce Oliver,2024,10,4.300000000000001
Tyler Owens,2024,10,0
Dell Pettus,2024,10,0
Evan Anderson,2024,10,0
JC Latham,2024,10,0
Bo Nix,2024,10,16.1
Braden Fiske,2024,10,0
Matt Goncalves,2024,10,0
Blake Corum,2024,10,2.5
Jalyx Hunt,2024,10,0
Payton Wilson,2024,10,0
Jordan Jefferson,2024,10,0
Tory Taylor,2024,10,0
Will Shipley,2024,10,3.4000000000000004
Ainias Smith,2024,10,2.6
Tyler Davis,2024,10,0
Joshua Karty,2024,10,18
Jordan Whittington,2024,10,0
Beaux Limmer,2024,10,0
Omar Speights,2024,10,0
Jaylen McCollough,2024,10,0
Braelon Allen,2024,10,4.4
Isaiah Davis,2024,10,2
Max Melton,2024,10,0
Jonah Elliss,2024,10,0
Jermaine Burton,2024,10,2.1
Andru Phillips,2024,10,0
Jaden Hicks,2024,10,0
Jeremiah Trotter Jr.,2024,10,0
Kamren Kinchens,2024,10,0
Calen Bullock,2024,10,0
Austin Booker,2024,10,0
Cooper DeJean,2024,10,0
Theo Johnson,2024,10,7.7
Marvin Harrison Jr.,2024,10,16.4
Drake Maye,2024,10,12.76
Jared Verse,2024,10,0
Tyler Nubin,2024,10,0
Dadrion Taylor-Demerson,2024,10,0
Troy Franklin,2024,10,1.9
Cole Bishop,2024,10,0
Jaylen Wright,2024,10,0.30000000000000004
Ray Davis,2024,10,0.6000000000000001
Malik Washington,2024,10,10.5
T'Vondre Sweat,2024,10,0
Quinyon Mitchell,2024,10,0
Adonai Mitchell,2024,10,12.100000000000001
Brian Thomas Jr.,2024,10,3.2
Xavier Worthy,2024,10,2.1
Zach Frazier,2024,10,0
Mike Sainristil,2024,10,0
Terrion Arnold,2024,10,0
Jer'Zhan Newton,2024,10,0
Ja'Lynn Polk,2024,10,7.2
Kris Jenkins,2024,10,0
Jayden Daniels,2024,10,8.58
Chop Robinson,2024,10,0
Ladd McConkey,2024,10,7.2
Ricky Pearsall,2024,10,17.3
Caleb Williams,2024,10,6.3
Rome Odunze,2024,10,5.300000000000001
Malachi Corley,2024,10,1.2
Trey Benson,2024,10,10.7
NA,2024,10,0
Aaron Rodgers,2024,11,15.059999999999999
Nick Folk,2024,11,8
Calais Campbell,2024,11,0
Matthew Stafford,2024,11,27.8
Thomas Morstead,2024,11,0
Brandon Graham,2024,11,0
Jerry Hughes,2024,11,0
Von Miller,2024,11,0
Cameron Jordan,2024,11,0
Cameron Heyward,2024,11,0
Bobby Wagner,2024,11,0
Russell Wilson,2024,11,7.299999999999999
Stephon Gilmore,2024,11,0
Justin Tucker,2024,11,4
Kirk Cousins,2024,11,4.92
Harrison Smith,2024,11,0
Demario Davis,2024,11,0
Bryan Anger,2024,11,0.16
Brandon McManus,2024,11,2
Kyle Juszczyk,2024,11,3.2
Zach Ertz,2024,11,16.7
Darius Slay,2024,11,0
Johnathan Hankins,2024,11,0
John Jenkins,2024,11,0
Sam Martin,2024,11,0
Dustin Hopkins,2024,11,-2
Jordan Poyer,2024,11,0
Tress Way,2024,11,0
Keenan Allen,2024,11,8.100000000000001
Robert Woods,2024,11,3.3
Tyrann Mathieu,2024,11,0
Travis Kelce,2024,11,2.8
DeAndre Hopkins,2024,11,5.9
Geno Smith,2024,11,15.740000000000002
Cordarrelle Patterson,2024,11,1
DaQuan Jones,2024,11,0
Pat O'Donnell,2024,11,0
Chris Boswell,2024,11,24
Brent Urban,2024,11,0
Cairo Santos,2024,11,9
Odell Beckham Jr.,2024,11,3.3
Denico Autry,2024,11,0
Shelby Harris,2024,11,0
Jake Matthews,2024,11,0
Derek Carr,2024,11,17.720000000000002
Jimmie Ward,2024,11,0
Kyle Van Noy,2024,11,0
Davante Adams,2024,11,13.2
Allen Robinson,2024,11,1.7000000000000002
Jason Myers,2024,11,12
Jameis Winston,2024,11,26.6
Amari Cooper,2024,11,7.5
Nelson Agholor,2024,11,0
Eric Kendricks,2024,11,0
Jordan Phillips,2024,11,0
Danielle Hunter,2024,11,0
Za'Darius Smith,2024,11,0
Grady Jarrett,2024,11,0
Michael Burton,2024,11,1
Raheem Mostert,2024,11,-0.2
Neville Hewitt,2024,11,0
DeAndre Carter,2024,11,0
Kendall Lamm,2024,11,0
Leonard Williams,2024,11,0
Preston Smith,2024,11,0
Bradley Pinion,2024,11,0
Denzel Perryman,2024,11,0
Ameer Abdullah,2024,11,10.7
Jordan Hicks,2024,11,0
Bud Dupree,2024,11,0
Arik Armstead,2024,11,0
Ronald Darby,2024,11,0
Tyler Lockett,2024,11,3.9000000000000004
Mario Edwards,2024,11,0
Tyler Matakevich,2024,11,0
DeForest Buckner,2024,11,0
Eli Apple,2024,11,0
Laremy Tunsil,2024,11,0
Jarran Reed,2024,11,0
Austin Hooper,2024,11,7.5
Nick Vannett,2024,11,1.6
De'Vondre Campbell,2024,11,0
Dean Lowry,2024,11,0
Matthew Judon,2024,11,0
DJ Reader,2024,11,0
Elandon Roberts,2024,11,0
Kalif Raymond,2024,11,5
Mike Hilton,2024,11,0
Wil Lutz,2024,11,9
Jonathan Jones,2024,11,0
Morgan Fox,2024,11,0
Jake Brendel,2024,11,0
Ka'imi Fairbairn,2024,11,10
Chris Jones,2024,11,0
Austin Johnson,2024,11,0
Derrick Henry,2024,11,10.5
Demarcus Robinson,2024,11,3.9000000000000004
Jalen Mills,2024,11,0
Daryl Worley,2024,11,0
Nick Vigil,2024,11,0
Vonn Bell,2024,11,0
Riley Dixon,2024,11,0
Isaac Seumalo,2024,11,0
Ronnie Stanley,2024,11,0
Justin Simmons,2024,11,0
Tyler Boyd,2024,11,5.4
Sheldon Day,2024,11,0
Eric Murray,2024,11,0
Tyreek Hill,2024,11,19.1
Ezekiel Elliott,2024,11,5.4
Jihad Ward,2024,11,0
David Onyemata,2024,11,0
Jalen Ramsey,2024,11,0
Jack Conklin,2024,11,0
Leonard Floyd,2024,11,0
Emmanuel Ogbah,2024,11,0
Hunter Henry,2024,11,12.3
Jonathan Bullard,2024,11,0
Jared Goff,2024,11,34.580000000000005
Maliek Collins,2024,11,0
Kevin Byard,2024,11,0
Joey Bosa,2024,11,0
Mo Alie-Cox,2024,11,3.7
Johnny Mundt,2024,11,2.3
Thomas Hennessy,2024,11,0
Rigoberto Sanchez,2024,11,0
Christian McCaffrey,2024,11,14.600000000000001
Marlon Humphrey,2024,11,0
Curtis Samuel,2024,11,16.8
Tyus Bowser,2024,11,0
Aaron Jones,2024,11,4.300000000000001
Chuck Clark,2024,11,0
D.J. Jones,2024,11,0
Kendrick Bourne,2024,11,18
Eric Wilson,2024,11,0
Taysom Hill,2024,11,42.52
Tim Patrick,2024,11,5.6
Patrick Ricard,2024,11,1.5
Adam Butler,2024,11,0
Kenny Moore II,2024,11,0
Pharaoh Brown,2024,11,0
Damontae Kazee,2024,11,0
Kevin King,2024,11,0
Samaje Perine,2024,11,2.8
Garett Bolles,2024,11,0
Dalvin Tomlinson,2024,11,0
Zach Cunningham,2024,11,0
Rasul Douglas,2024,11,0
Mack Hollins,2024,11,4.7
Carlos Watkins,2024,11,0
Anthony Walker,2024,11,0
Eric Saubert,2024,11,1.7000000000000002
Jeremiah Ledbetter,2024,11,0
Noah Brown,2024,11,1.4
Pat O'Connor,2024,11,0
Cooper Rush,2024,11,15.36
Austin Ekeler,2024,11,17.6
Younghoe Koo,2024,11,9
DeMarcus Walker,2024,11,0
Ahkello Witherspoon,2024,11,0
Jake Elliott,2024,11,5
Dare Ogunbowale,2024,11,2.1
JuJu Smith-Schuster,2024,11,1.8
Jonnu Smith,2024,11,28.1
Davon Godchaux,2024,11,0
Zane Gonzalez,2024,11,5
Solomon Thomas,2024,11,0
Patrick Mahomes,2024,11,17.84
Haason Reddick,2024,11,0
Derek Barnett,2024,11,0
Malik Hooker,2024,11,0
Evan Engram,2024,11,7.800000000000001
Tre'Davious White,2024,11,0
David Njoku,2024,11,17.1
T.J. Watt,2024,11,0
Joe Mixon,2024,11,35.3
Larry Ogunjobi,2024,11,0
Alvin Kamara,2024,11,12.899999999999999
Cooper Kupp,2024,11,28.6
Alex Anzalone,2024,11,0
Kareem Hunt,2024,11,6
Shaquill Griffin,2024,11,0
Trey Hendrickson,2024,11,0
Grover Stewart,2024,11,0
Jeremy McNichols,2024,11,1.6
Ross Dwelley,2024,11,1.5
J.T. Gray,2024,11,0
Will Dissly,2024,11,18
Michael Dickson,2024,11,0
Daniel Carlson,2024,11,7
J.K. Scott,2024,11,0
Gus Edwards,2024,11,2.7
Darious Williams,2024,11,0
Poona Ford,2024,11,0
Daniel Ekuale,2024,11,0
Jalyn Holmes,2024,11,0
Tyler Conklin,2024,11,1.7000000000000002
Marquez Valdes-Scantling,2024,11,16.700000000000003
DeShon Elliott,2024,11,0
Zach Sieler,2024,11,0
Ben Niemann,2024,11,0
Frankie Luvu,2024,11,0
Kentavius Street,2024,11,0
Daron Payne,2024,11,0
Courtland Sutton,2024,11,14.8
Dallas Goedert,2024,11,10.100000000000001
Isaiah Oliver,2024,11,0
Lorenzo Carter,2024,11,0
Justin Reid,2024,11,0
Jordan Akins,2024,11,2.9000000000000004
Dorance Armstrong,2024,11,0
Taron Johnson,2024,11,0
Josh Sweat,2024,11,0
Dalton Schultz,2024,11,8.3
D.J. Reed,2024,11,0
Justin Watson,2024,11,4.6
Siran Neal,2024,11,0
Tim Settle,2024,11,0
Ray-Ray McCloud,2024,11,10.600000000000001
Foye Oluokun,2024,11,0
Zaire Franklin,2024,11,0
Logan Cooke,2024,11,0
Jeremy Reaves,2024,11,0
Jonathan Owens,2024,11,0
Trent Sherfield,2024,11,2.6
Ezekiel Turner,2024,11,0
Levi Wallace,2024,11,0
Tanner Hudson,2024,11,3.3
Brandon Powell,2024,11,2.3
Tremaine Edmunds,2024,11,0
Jessie Bates,2024,11,0
Robert Spillane,2024,11,0
Corey Bojorquez,2024,11,0
Maurice Hurst,2024,11,0
Mark Andrews,2024,11,4.2
Nathan Shepherd,2024,11,0
Carlton Davis III,2024,11,0
Isaac Yiadom,2024,11,0
Harrison Phillips,2024,11,0
Minkah Fitzpatrick,2024,11,0
Derwin James,2024,11,0
Nick Chubb,2024,11,5
Jason Sanders,2024,11,11
Lamar Jackson,2024,11,15.879999999999999
Jerome Baker,2024,11,0
Durham Smythe,2024,11,1.3
B.J. Hill,2024,11,0
John Franklin-Myers,2024,11,0
Ogbo Okoronkwo,2024,11,0
Sebastian Joseph-Day,2024,11,0
Fred Warner,2024,11,0
Arden Key,2024,11,0
D.J. Moore,2024,11,13.7
Harold Landry III,2024,11,0
Mike Gesicki,2024,11,0
Braden Smith,2024,11,0
Calvin Ridley,2024,11,9.8
Taven Bryan,2024,11,0
Saquon Barkley,2024,11,33.800000000000004
KhaDarel Hodge,2024,11,4.2
Denzel Ward,2024,11,0
Josh Allen,2024,11,24.98
Dante Pettis,2024,11,1.9
Sam Darnold,2024,11,23.64
Roquan Smith,2024,11,0
Sam Eguavoen,2024,11,0
Jakobi Meyers,2024,11,8.8
Rashan Gary,2024,11,0
Darnell Savage,2024,11,0
Alexander Mattison,2024,11,9.9
Maxx Crosby,2024,11,0
Julian Love,2024,11,0
Justice Hill,2024,11,8.1
Foster Moreau,2024,11,8
E.J. Speed,2024,11,0
Ka'dar Hollman,2024,11,0
Quinton Bell,2024,11,0
Ashton Dulin,2024,11,0
Patrick Mekari,2024,11,0
Keisean Nixon,2024,11,0
Mecole Hardman,2024,11,4.1
Ugo Amadi,2024,11,0
Azeez Al-Shaair,2024,11,0
AJ Cole,2024,11,0
Joey Slye,2024,11,11
Del'Shawn Phillips,2024,11,0
Olamide Zaccheaus,2024,11,2
Diontae Johnson,2024,11,0
P.J. Locke,2024,11,0
T.J. Hockenson,2024,11,3.3
Ed Oliver,2024,11,0
Kaleb McGary,2024,11,0
Byron Murphy,2024,11,0
Jawaan Taylor,2024,11,0
Jahlani Tavai,2024,11,0
Zach Allen,2024,11,0
Josh Oliver,2024,11,6.4
C.J. Gardner-Johnson,2024,11,0
Tony Pollard,2024,11,4.9
Drue Tranquill,2024,11,0
Mike Jordan,2024,11,0
Matt Gay,2024,11,14
Andrew Van Ginkel,2024,11,0
Blake Cashman,2024,11,0
Byron Cowart,2024,11,0
Gardner Minshew,2024,11,18.98
Isaiah Prince,2024,11,0
Donovan Wilson,2024,11,0
Kaden Elliss,2024,11,0
Anthony Pittman,2024,11,0
Trenton Irwin,2024,11,0
Cam Lewis,2024,11,0
Joe Giles-Harris,2024,11,0
T.J. Edwards,2024,11,0
Carl Granderson,2024,11,0
Lil'Jordan Humphrey,2024,11,14.2
Devin Bush,2024,11,0
Elgton Jenkins,2024,11,0
Ty Johnson,2024,11,1.8
Kemon Hall,2024,11,0
Craig Reynolds,2024,11,2.1
Travis Homer,2024,11,0
Juan Thornhill,2024,11,0
D'Ernest Johnson,2024,11,0.30000000000000004
Drew Sample,2024,11,1.5
Amani Hooker,2024,11,0
Corey Ballentine,2024,11,0
DK Metcalf,2024,11,14
Josh Hines-Allen,2024,11,0
Jeffery Simmons,2024,11,0
Sione Takitaki,2024,11,0
Montez Sweat,2024,11,0
Will Harris,2024,11,0
Khalen Saunders,2024,11,0
Terry McLaurin,2024,11,2
Taylor Rapp,2024,11,0
Cody Barton,2024,11,0
Jerry Tillery,2024,11,0
A.J. Brown,2024,11,11.5
Dre'Mont Jones,2024,11,0
Quincy Williams,2024,11,0
David Montgomery,2024,11,24.5
Dawson Knox,2024,11,8
Germaine Pratt,2024,11,0
Josh Jacobs,2024,11,23.400000000000002
Devin White,2024,11,0
Nick Bosa,2024,11,0
Quinnen Williams,2024,11,0
Deebo Samuel Sr.,2024,11,6.1
Malcolm Roach,2024,11,0
James Pierre,2024,11,0
JaMycal Hasty,2024,11,0.2
Corliss Waitman,2024,11,0
Benito Jones,2024,11,0
Chris Williams,2024,11,0
Tommy Townsend,2024,11,0
Tershawn Wharton,2024,11,0
Michael Hoecht,2024,11,0
Christian Rozeboom,2024,11,0
Jonah Williams,2024,11,0
Juwan Johnson,2024,11,12
Broderick Washington,2024,11,0
Nnamdi Madubuike,2024,11,0
Rico Dowdle,2024,11,5.4
Bryce Huff,2024,11,0
Kristian Welch,2024,11,0
J.K. Dobbins,2024,11,18.900000000000002
Tyler Bass,2024,11,5
Aaron Brewer,2024,11,0
Teair Tart,2024,11,0
Nick Westbrook-Ikhine,2024,11,19.700000000000003
A.J. Epenesa,2024,11,0
Anfernee Jennings,2024,11,0
Gabe Davis,2024,11,1.3
Geno Stone,2024,11,0
Tua Tagovailoa,2024,11,22.52
Raekwon Davis,2024,11,0
Jonathan Taylor,2024,11,7
Jonathan Greenard,2024,11,0
Kyle Dugger,2024,11,0
Shaquille Quarterman,2024,11,0
Colby Parkinson,2024,11,8.9
Michael Pittman Jr.,2024,11,9.600000000000001
Julian Blackmon,2024,11,0
Colton McKivitz,2024,11,0
Jauan Jennings,2024,11,25.1
Javon Kinlaw,2024,11,0
DaVon Hamilton,2024,11,0
Jordan Love,2024,11,21.240000000000002
Jordan Elliott,2024,11,0
Jeff Okudah,2024,11,0
D'Andre Swift,2024,11,16.400000000000002
Malik Harrison,2024,11,0
Grant Delpit,2024,11,0
Mekhi Becton,2024,11,0
A.J. Terrell,2024,11,0
K'Lavon Chaisson,2024,11,0
Noah Igbinoghene,2024,11,0
Yetur Gross-Matos,2024,11,0
Cole Kmet,2024,11,7.2
Jaylon Johnson,2024,11,0
Jeremy Chinn,2024,11,0
Logan Wilson,2024,11,0
Akeem Davis-Gaither,2024,11,0
Mykal Walker,2024,11,0
Daniel Thomas,2024,11,0
Kindle Vildor,2024,11,0
Darnell Mooney,2024,11,4.7
Braden Mann,2024,11,0
Chase Young,2024,11,0
Justin Jefferson,2024,11,14.1
Patrick Queen,2024,11,0
Antonio Gibson,2024,11,3
Devin Duvernay,2024,11,0
Josiah Deguara,2024,11,0
James Lynch,2024,11,0
Troy Dye,2024,11,0
Khalid Kareem,2024,11,0
Josh Metellus,2024,11,0
Kam Curl,2024,11,0
Justin Herbert,2024,11,24.380000000000003
CeeDee Lamb,2024,11,18.6
Trevon Diggs,2024,11,0
Amik Robertson,2024,11,0
Michael Danna,2024,11,0
Alohi Gilman,2024,11,0
Jalen Reagor,2024,11,0
Xavier McKinney,2024,11,0
Jalen Hurts,2024,11,18.740000000000002
Darnay Holmes,2024,11,0
Casey Toohill,2024,11,0
Jerry Jeudy,2024,11,26.200000000000003
Jordyn Brooks,2024,11,0
Tee Higgins,2024,11,29.8
Darrell Taylor,2024,11,0
Cam Akers,2024,11,11.6
Van Jefferson,2024,11,0
Kristian Fulton,2024,11,0
Zack Baun,2024,11,0
Adam Trautman,2024,11,0
Justin Strnad,2024,11,0
"Kenneth Murray, Jr.",2024,11,0
Joe Burrow,2024,11,29.040000000000003
Kwity Paye,2024,11,0
Dayo Odeyingbo,2024,11,0
Jamien Sherwood,2024,11,0
Michael Carter II,2024,11,0
Kenny Yeboah,2024,11,8.1
DJ Turner,2024,11,5.9
Shane Zylstra,2024,11,3.2
Rashod Bateman,2024,11,5
Aaron Banks,2024,11,0
Nico Collins,2024,11,9.4
Keith Taylor,2024,11,0
Deommodore Lenoir,2024,11,0
Ar'Darius Washington,2024,11,0
Quintin Morris,2024,11,0
Alaric Jackson,2024,11,0
Jordan Meredith,2024,11,0
Jaylen Waddle,2024,11,5.7
Nick Bolton,2024,11,0
Alim McNeill,2024,11,0
Benjamin St-Juste,2024,11,0
Dyami Brown,2024,11,1.4
John Bates,2024,11,3.7
Camryn Bynum,2024,11,0
Tylan Wallace,2024,11,1.8
Noah Gray,2024,11,18.3
Zach Davidson,2024,11,1.5
Tedarrell Slaton,2024,11,0
Nick Niemann,2024,11,0
Isaiah McDuffie,2024,11,0
Israel Mukuamu,2024,11,0
Grant Stuard,2024,11,0
Devon Key,2024,11,0
Charles Snowden,2024,11,0
Amen Ogbongbemiga,2024,11,0
Brock Wright,2024,11,7.5
Christian Elliss,2024,11,0
Isaiahh Loudermilk,2024,11,0
Tutu Atwell,2024,11,3.1
Evan McPherson,2024,11,7
Ben Skowronek,2024,11,1.4
Buddy Johnson,2024,11,0
Pat Surtain II,2024,11,0
Rhamondre Stevenson,2024,11,11.9
Kylen Granson,2024,11,1.4
Jay Tufele,2024,11,0
Tommy Togiai,2024,11,0
Marco Wilson,2024,11,0
Luke Farrell,2024,11,1.3
Damar Hamlin,2024,11,0
Najee Harris,2024,11,13.3
Pat Freiermuth,2024,11,3.4000000000000004
Elerson G. Smith,2024,11,0
Ja'Marr Chase,2024,11,26.5
Eric Stokes,2024,11,0
Joseph Ossai,2024,11,0
Bobby Brown III,2024,11,0
Khalil Herbert,2024,11,0
DeVonta Smith,2024,11,6.9
Kadarius Toney,2024,11,-0.7000000000000001
Greg Rousseau,2024,11,0
Milton Williams,2024,11,0
Kenneth Gainwell,2024,11,5.9
Payton Turner,2024,11,0
Pete Werner,2024,11,0
Micah Parsons,2024,11,0
Odafe Oweh,2024,11,0
Andre Cisco,2024,11,0
Osa Odighizuwa,2024,11,0
Mitchell Fraboni,2024,11,0
Justin Fields,2024,11,1.7000000000000002
Avery Williams,2024,11,0
Jonathon Cooper,2024,11,0
Levi Onwuzurike,2024,11,0
Richie Grant,2024,11,0
Tre'von Moehrig,2024,11,0
Amon-Ra St. Brown,2024,11,38.7
Kyle Pitts,2024,11,1.9
Mac Jones,2024,11,5.220000000000001
Travis Etienne,2024,11,6.300000000000001
Tyson Campbell,2024,11,0
Alijah Vera-Tucker,2024,11,0
Elijah Moore,2024,11,18.6
Christian Barmore,2024,11,0
Chauncey Golston,2024,11,0
Trey Sermon,2024,11,1.3
Brandon Stephens,2024,11,0
Joshua Palmer,2024,11,4.300000000000001
Divine Deablo,2024,11,0
Elijah Molden,2024,11,0
Ernest Jones,2024,11,0
Greg Newsome II,2024,11,0
Javonte Williams,2024,11,18.7
Jevon Holland,2024,11,0
Quinn Meinerz,2024,11,0
Chazz Surratt,2024,11,0
Patrick Jones II,2024,11,0
Rashawn Slater,2024,11,0
Jordan Davis,2024,11,0
Quay Walker,2024,11,0
Riq Woolen,2024,11,0
Kingsley Enagbare,2024,11,0
Grant Calcaterra,2024,11,0
Elijah Hicks,2024,11,0
Jack Sanborn,2024,11,0
Tyler Goodson,2024,11,0
Josh Blackwell,2024,11,0
Reed Blankenship,2024,11,0
Josh Jobe,2024,11,0
Irvin Charles,2024,11,0
Josh Ross,2024,11,0
Sauce Gardner,2024,11,0
Trent McDuffie,2024,11,0
George Karlaftis,2024,11,0
Bryan Cook,2024,11,0
Nazeeh Johnson,2024,11,0
Mike Caliendo,2024,11,1.5
Cameron Dicker,2024,11,12
Jaylen Warren,2024,11,10.8
Kevin Austin Jr.,2024,11,2.8
Travon Walker,2024,11,0
Derek Stingley Jr.,2024,11,0
Drake London,2024,11,9.100000000000001
Jameson Williams,2024,11,22.6
Trevor Penning,2024,11,0
Devin Lloyd,2024,11,0
Jalen Pitre,2024,11,0
George Pickens,2024,11,16.9
James Cook,2024,11,19.7
Nik Bonitto,2024,11,0
Martin Emerson,2024,11,0
Marcus Jones,2024,11,0.5
Terrel Bernard,2024,11,0
Dameon Pierce,2024,11,0.2
Khalil Shakir,2024,11,15
Tyler Allgeier,2024,11,0.9
Jerome Ford,2024,11,7.9
Otito Ogbonnia,2024,11,0
Ty Chandler,2024,11,0
Matthew Butler,2024,11,0
John Ridgeway,2024,11,0
Matt Araiza,2024,11,0
Vederian Lowe,2024,11,7.4
Christian Benford,2024,11,0
Malcolm Rodriguez,2024,11,0
Jalen Nailor,2024,11,0
Drew Ogletree,2024,11,1.8
Theo Jackson,2024,11,0
Connor Heyward,2024,11,0
Ja'Sir Taylor,2024,11,0
James Houston,2024,11,0
Montaric Brown,2024,11,0
Mark Robinson,2024,11,0
D'Anthony Bell,2024,11,0
Kader Kohou,2024,11,0
Arron Mosby,2024,11,0
Ja'Quan McMillian,2024,11,0
Michael Niese,2024,11,0
Ryan Van Demark,2024,11,0
Ben Brown,2024,11,0
Jake Hansen,2024,11,0
Kurt Hinish,2024,11,0
Mike Brown,2024,11,0
Ryan Wright,2024,11,0
Isaiah Pola-Mao,2024,11,0
Jordan Mason,2024,11,1.3
Marcelino McCrary-Ball,2024,11,0
Segun Olubi,2024,11,0
John Parker Romo,2024,11,5
Daniel Whelan,2024,11,0
Darrell Baker Jr.,2024,11,0
Peyton Hendershot,2024,11,2.1
Juanyeh Thomas,2024,11,1.4
Nate Landman,2024,11,0
Julius Chestnut,2024,11,0
Sam Okuayinonu,2024,11,0
Ryan Stonehouse,2024,11,0
John Metchie III,2024,11,6.300000000000001
Nakobe Dean,2024,11,0
Nick Cross,2024,11,0
Hassan Haskins,2024,11,0.1
Jacob Hummel,2024,11,0
Tucker Fisk,2024,11,1.6
Alec Pierce,2024,11,10.4
Jalen Tolbert,2024,11,4.1
Kerby Joseph,2024,11,0
Brandon Aubrey,2024,11,5
Jeremiah Pharms Jr.,2024,11,0
Garrett Wilson,2024,11,5.8
Jahan Dotson,2024,11,1.8
Brian Robinson Jr.,2024,11,14.200000000000001
Tycen Anderson,2024,11,0
Cam Taylor-Britt,2024,11,0
Nicholas Petit-Frere,2024,11,0
Travis Jones,2024,11,0
Dondrea Tillman,2024,11,0
KaVontae Turpin,2024,11,17.6
Jeremy Ruckert,2024,11,1.6
DeAngelo Malone,2024,11,0
Chigoziem Okonkwo,2024,11,3.9000000000000004
Chad Muma,2024,11,0
Romeo Doubs,2024,11,2.7
Leo Chenal,2024,11,0
Samuel Womack,2024,11,0
Kalia Davis,2024,11,0
Brock Purdy,2024,11,19.36
Calvin Austin III,2024,11,0.9
Isaiah Likely,2024,11,9.5
Cobie Durant,2024,11,0
Kyren Williams,2024,11,8.6
Quentin Lake,2024,11,0
Daniel Hardy,2024,11,0
Kyle Hamilton,2024,11,0
Jack Jones,2024,11,0
Zamir White,2024,11,0.9
Jake Ferguson,2024,11,2.1
Joshua Williams,2024,11,0
Charlie Kolar,2024,11,0
Jordan Stout,2024,11,0
Cordell Volson,2024,11,0
Joshua Paschal,2024,11,0
Pierre Strong Jr.,2024,11,0.5
Phidarian Mathis,2024,11,0
Percy Butler,2024,11,0
Micheal Clemons,2024,11,0
Kyler Gordon,2024,11,0
Arnold Ebiketie,2024,11,0
Breece Hall,2024,11,31.1
Alontae Taylor,2024,11,0
Christian Watson,2024,11,19
Roger McCreary,2024,11,0
Boye Mafe,2024,11,0
Kenneth Walker III,2024,11,13.9
Coby Bryant,2024,11,0
Josh Butler,2024,11,0
Xavier Smith,2024,11,0
Jalen Carter,2024,11,0
Noah Sewell,2024,11,0
Dontayvion Wicks,2024,11,0
Terell Smith,2024,11,0
Karl Brooks,2024,11,0
Anders Carlson,2024,11,11
Jaylon Jones,2024,11,0
Carrington Valentine,2024,11,0
Moro Ojomo,2024,11,0
Keaton Mitchell,2024,11,0
Brenton Cox Jr.,2024,11,0
Xavier Gipson,2024,11,2.7
Trenton Simpson,2024,11,0
Tavius Robinson,2024,11,0
Cam Jones,2024,11,0
Tyree Wilson,2024,11,0
Bijan Robinson,2024,11,10.3
Jaxon Smith-Njigba,2024,11,21.8
Quentin Johnston,2024,11,12.8
Mazi Smith,2024,11,0
Myles Murphy,2024,11,0
Luke Schoonmaker,2024,11,11.600000000000001
DJ Turner II,2024,11,0
Hendon Hooker,2024,11,1.78
Riley Moss,2024,11,0
Daiyan Henley,2024,11,0
Ji'Ayir Brown,2024,11,0
DeMarvion Overshown,2024,11,0
Dorian Williams,2024,11,0
Darnell Washington,2024,11,6.2
Jordan Battle,2024,11,0
Jake Moody,2024,11,5
Tre Tucker,2024,11,6.5
Clark Phillips III,2024,11,0
Ventrell Miller,2024,11,0
Derius Davis,2024,11,3
Isaiah McGuire,2024,11,0
Nick Herbig,2024,11,0
Dorian Thompson-Robinson,2024,11,0
Cameron Mitchell,2024,11,0
Jordan Howden,2024,11,0
Josh Whyle,2024,11,1.6
Antonio Johnson,2024,11,0
Chase Brown,2024,11,19.3
Henry To'oTo'o,2024,11,0
Asim Richards,2024,11,0
JL Skinner,2024,11,0
Parker Washington,2024,11,2
Kayshon Boutte,2024,11,7.300000000000001
Bryce Baringer,2024,11,0
Scott Matlock,2024,11,0
Amari Burney,2024,11,0
Andrei Iosivas,2024,11,7.6000000000000005
DeMario Douglas,2024,11,9.9
Deuce Vaughn,2024,11,2.6999999999999997
Dee Winters,2024,11,0
Kenny McIntosh,2024,11,0
Brayden Willis,2024,11,0
Brandon Joseph,2024,11,0
Jordan Mims,2024,11,0.30000000000000004
Chris Brooks,2024,11,3.3
Keidron Smith,2024,11,0
Mohamoud Diabate,2024,11,0
Ronnie Hickman Jr.,2024,11,0
Julian Hill,2024,11,4.800000000000001
Ali Gaye,2024,11,0
Patrick O'Connell,2024,11,0
Ty Okada,2024,11,0
Jalen Redmond,2024,11,0
Nate Adkins,2024,11,8.2
Jaleel McLaughlin,2024,11,1.9000000000000001
Emanuel Wilson,2024,11,1.7000000000000002
Ivan Pace Jr.,2024,11,0
Caleb Murphy,2024,11,0
Blake Grupe,2024,11,5
Anfernee Orji,2024,11,0
Anton Harrison,2024,11,0
Brenton Strange,2024,11,1.6
Juice Scruggs,2024,11,0
Zacch Pickens,2024,11,0
Tyler Lacy,2024,11,0
Natrone Brooks,2024,11,0
Marvin Mims Jr.,2024,11,13.3
Tank Dell,2024,11,9.8
Cedric Tillman,2024,11,7.7
Zach Harrison,2024,11,0
Wanya Morris,2024,11,0
Chamarri Conner,2024,11,0
Keondre Coburn,2024,11,0
Jordan Addison,2024,11,15.100000000000001
Bryan Bresee,2024,11,0
Tucker Kraft,2024,11,0
Josh Downs,2024,11,19.4
Jake Haener,2024,11,-0.2
Sydney Brown,2024,11,0
Felix Anudike-Uzomah,2024,11,0
Dylan Horton,2024,11,0
Nolan Smith,2024,11,0
Dawand Jones,2024,11,0
Jack Campbell,2024,11,0
Anthony Bradford,2024,11,0
Roschon Johnson,2024,11,11.100000000000001
Tyjae Spears,2024,11,2.8
De'Von Achane,2024,11,20.5
Derick Hall,2024,11,0
Matthew Bergeron,2024,11,0
Ethan Evans,2024,11,0
Jonathan Mingo,2024,11,0
Zay Flowers,2024,11,11.9
Michael Mayer,2024,11,1.5
Gervon Dexter Sr.,2024,11,0
Tyrique Stevenson,2024,11,0
Puka Nacua,2024,11,25.3
Nick Hampton,2024,11,0
Broderick Jones,2024,11,0
Keeanu Benton,2024,11,0
Tuli Tuipulotu,2024,11,0
Lukas Van Ness,2024,11,0
Byron Young,2024,11,0
Kobie Turner,2024,11,0
Jahmyr Gibbs,2024,11,19.3
Brian Branch,2024,11,0
Will McDonald IV,2024,11,0
Isaiah Foskey,2024,11,0
Jayden Reed,2024,11,9.8
Christian Gonzalez,2024,11,0
Keion White,2024,11,0
Quan Martin,2024,11,0
Will Levis,2024,11,16.6
C.J. Stroud,2024,11,11.879999999999999
Anthony Richardson,2024,11,27.080000000000002
Zach Charbonnet,2024,11,2.5
Joey Porter Jr.,2024,11,0
Devon Witherspoon,2024,11,0
Jake Bates,2024,11,12
Nate Wiggins,2024,11,0
Sanoussi Kane,2024,11,0
Leonard Taylor III,2024,11,0
Eric Watts,2024,11,0
Dee Williams,2024,11,0
Byron Murphy II,2024,11,0
Curtis Jacobs,2024,11,0
Ryan Rehkow,2024,11,0
Christian Roland-Wallace,2024,11,0
Carson Steele,2024,11,1.7
Brandon Codrington,2024,11,0
Brock Bowers,2024,11,31.3
Laiatu Latu,2024,11,0
Tyler Guyton,2024,11,0
Renardo Green,2024,11,0
Marist Liufau,2024,11,0
Jarrian Jones,2024,11,0
Luke McCaffrey,2024,11,0
Decamerion Richardson,2024,11,0
Cade Stover,2024,11,3.5
Malik Mustapha,2024,11,0
Isaac Guerendo,2024,11,0
Sione Vaki,2024,11,0.9
Jacob Cowing,2024,11,0
Tarheeb Still,2024,11,0
Jordan Magee,2024,11,0
Cam Hart,2024,11,0
Jarvis Brownlee Jr.,2024,11,0
Audric Estimé,2024,11,5.5
Tommy Eichenberg,2024,11,0
Josh Newton,2024,11,0
Jamari Thrash,2024,11,2.1
Jha'Quan Jackson,2024,11,0
Jase McClellan,2024,11,1.5
Casey Washington,2024,11,0
Cam Little,2024,11,8
Ryan Flournoy,2024,11,3.9000000000000004
Jaheim Bell,2024,11,0
Jonah Laulu,2024,11,0
Devaughn Vele,2024,11,10.600000000000001
Myles Cole,2024,11,0
James Williams,2024,11,0
Jaylen Harrell,2024,11,0
Beanie Bishop Jr.,2024,11,0
Storm Duck,2024,11,0
Winston Reid,2024,11,0
Brevyn Spann-Ford,2024,11,8.2
Amari Gainer,2024,11,0
Ramel Keyton,2024,11,0
Levelle Bailey,2024,11,0
Spencer Shrader,2024,11,3
Matthew Hayball,2024,11,0
Rico Payton,2024,11,0
Bryce Oliver,2024,11,4.300000000000001
Thomas Harper,2024,11,0
Dell Pettus,2024,11,0
Bo Richter,2024,11,0
Bo Nix,2024,11,28.78
Braden Fiske,2024,11,0
Blake Corum,2024,11,3.8000000000000003
Jalyx Hunt,2024,11,0
Payton Wilson,2024,11,0
Jordan Jefferson,2024,11,0
Tory Taylor,2024,11,0
Will Shipley,2024,11,0
Tyler Davis,2024,11,0
Joshua Karty,2024,11,3
Jordan Whittington,2024,11,0
Omar Speights,2024,11,0
Jaylen McCollough,2024,11,0
Olumuyiwa Fashanu,2024,11,0
Adisa Isaac,2024,11,0
AJ Barner,2024,11,3.5
Braelon Allen,2024,11,0.6000000000000001
Isaiah Davis,2024,11,0
Jonah Elliss,2024,11,0
Jermaine Burton,2024,11,1.8
Evan Williams,2024,11,0
Tyrice Knight,2024,11,0
Jaden Hicks,2024,11,0
Jeremiah Trotter Jr.,2024,11,0
Kamren Kinchens,2024,11,0
Brennan Jackson,2024,11,0
Calen Bullock,2024,11,0
Cooper DeJean,2024,11,0
Edgerrin Cooper,2024,11,0
Drake Maye,2024,11,18.98
Jared Verse,2024,11,0
Javon Baker,2024,11,0
Brandon Dorlus,2024,11,0
Kool-Aid McKinstry,2024,11,0
Javon Bullard,2024,11,0
Troy Franklin,2024,11,9.5
Jaylen Wright,2024,11,1.5999999999999999
Ray Davis,2024,11,1.1
Malik Washington,2024,11,4.800000000000001
T'Vondre Sweat,2024,11,0
Quinyon Mitchell,2024,11,0
Adonai Mitchell,2024,11,4.5
Brian Thomas Jr.,2024,11,13.600000000000001
Xavier Worthy,2024,11,16.8
Mike Sainristil,2024,11,0
Terrion Arnold,2024,11,0
Jer'Zhan Newton,2024,11,0
Ja'Lynn Polk,2024,11,0
Kris Jenkins,2024,11,0
Jayden Daniels,2024,11,14.440000000000001
Chop Robinson,2024,11,0
Ladd McConkey,2024,11,18.3
Ricky Pearsall,2024,11,0
Michael Penix Jr.,2024,11,0.96
Caleb Williams,2024,11,16.240000000000002
Rome Odunze,2024,11,12.5
Malachi Corley,2024,11,2
NA,2024,11,0
Nick Folk,2024,12,18
Calais Campbell,2024,12,0
Matthew Stafford,2024,12,18.22
Graham Gano,2024,12,1
Morgan Cox,2024,12,0
Brandon Graham,2024,12,0
Cameron Heyward,2024,12,0
Johnny Hekker,2024,12,0
Rodney McLeod Jr.,2024,12,0
Bobby Wagner,2024,12,0
Russell Wilson,2024,12,13.8
Stephon Gilmore,2024,12,0
Lavonte David,2024,12,0
Justin Tucker,2024,12,7
Harrison Smith,2024,12,0
Bryan Anger,2024,12,0
Brandon McManus,2024,12,10
Kyle Juszczyk,2024,12,2.4000000000000004
Adam Thielen,2024,12,8.7
Zach Ertz,2024,12,15.8
Darius Slay,2024,12,0
Johnathan Hankins,2024,12,0
John Jenkins,2024,12,0
Dustin Hopkins,2024,12,4
Jordan Poyer,2024,12,0
Tress Way,2024,12,0
Keenan Allen,2024,12,22.6
William Gholston,2024,12,0
Robert Woods,2024,12,1.8
Travis Kelce,2024,12,12.2
DeAndre Hopkins,2024,12,14.5
Geno Smith,2024,12,12.36
Cordarrelle Patterson,2024,12,-0.2
Mike Pennel,2024,12,0
Khalil Mack,2024,12,0
Pat O'Donnell,2024,12,0
Chris Boswell,2024,12,7
Brent Urban,2024,12,0
Cairo Santos,2024,12,9
Odell Beckham Jr.,2024,12,0
Denico Autry,2024,12,0
Shelby Harris,2024,12,0
Jimmie Ward,2024,12,0
Kyle Van Noy,2024,12,0
Jadeveon Clowney,2024,12,0
Mike Evans,2024,12,11.8
Joel Bitonio,2024,12,0
Jason Myers,2024,12,5
Jameis Winston,2024,12,14.459999999999999
Eric Kendricks,2024,12,0
Danielle Hunter,2024,12,0
Za'Darius Smith,2024,12,0
Michael Burton,2024,12,2.1
Raheem Mostert,2024,12,1.2
Neville Hewitt,2024,12,0
DeAndre Carter,2024,12,0
DeShawn Williams,2024,12,0
Leonard Williams,2024,12,0
Preston Smith,2024,12,0
Rakeem Nunez-Roches,2024,12,0
Dante Fowler Jr.,2024,12,0
Ameer Abdullah,2024,12,17.5
Chris Conley,2024,12,0
Jordan Hicks,2024,12,0
Bud Dupree,2024,12,0
Tyler Lockett,2024,12,4
Mario Edwards,2024,12,0
DeForest Buckner,2024,12,0
Laremy Tunsil,2024,12,0
Germain Ifedi,2024,12,0
Sterling Shepard,2024,12,6.6
Jarran Reed,2024,12,0
Joe Thuney,2024,12,0
Austin Hooper,2024,12,15.9
Nick Vannett,2024,12,0
Graham Glasgow,2024,12,0
Miles Killebrew,2024,12,0
De'Vondre Campbell,2024,12,0
DJ Reader,2024,12,0
Brandon Allen,2024,12,8.46
Kamu Grugier-Hill,2024,12,0
Elandon Roberts,2024,12,0
Kalif Raymond,2024,12,0
Wil Lutz,2024,12,22
Jonathan Jones,2024,12,0
Roy Robertson-Harris,2024,12,0
Morgan Fox,2024,12,0
Jake Brendel,2024,12,0
Ka'imi Fairbairn,2024,12,10
Luke Rhodes,2024,12,0
Chris Jones,2024,12,0
Derrick Henry,2024,12,14
Demarcus Robinson,2024,12,9.5
A'Shawn Robinson,2024,12,0
Daryl Worley,2024,12,0
Nick Vigil,2024,12,0
C.J. Ham,2024,12,0
Riley Dixon,2024,12,0
Tyler Boyd,2024,12,11.5
Sheldon Day,2024,12,0
Eric Murray,2024,12,0
Tyreek Hill,2024,12,9.8
Ezekiel Elliott,2024,12,0.6000000000000001
Jalen Ramsey,2024,12,0
Leonard Floyd,2024,12,0
Emmanuel Ogbah,2024,12,0
Hunter Henry,2024,12,9.4
Jonathan Bullard,2024,12,0
Jared Goff,2024,12,9.76
Kenny Clark,2024,12,0
Yannick Ngakoue,2024,12,0
Maliek Collins,2024,12,0
Kevin Byard,2024,12,0
Joey Bosa,2024,12,0
Daniel Brunskill,2024,12,0
Johnny Mundt,2024,12,1.7000000000000002
Rigoberto Sanchez,2024,12,0
Christian McCaffrey,2024,12,7.800000000000001
Marlon Humphrey,2024,12,0
Tyus Bowser,2024,12,0
George Kittle,2024,12,20.200000000000003
Aaron Jones,2024,12,19.900000000000002
D.J. Jones,2024,12,0
Kendrick Bourne,2024,12,6
Nick Mullens,2024,12,0.56
Eric Wilson,2024,12,0
Josh Tupou,2024,12,0
Tim Patrick,2024,12,9.5
Patrick Ricard,2024,12,0
Adam Butler,2024,12,0
Kenny Moore II,2024,12,0
Pharaoh Brown,2024,12,3.9000000000000004
Damontae Kazee,2024,12,0
Samaje Perine,2024,12,4.4
Dalvin Tomlinson,2024,12,0
Duke Riley,2024,12,0
James Conner,2024,12,9.9
Anthony Walker,2024,12,0
Eric Saubert,2024,12,0
Xavier Woods,2024,12,0
David Moore,2024,12,20.1
Noah Brown,2024,12,13.100000000000001
Cooper Rush,2024,12,16.980000000000004
Michael Davis,2024,12,0
Austin Ekeler,2024,12,3.4000000000000004
Justin Hardee,2024,12,0
DeMarcus Walker,2024,12,0
Ahkello Witherspoon,2024,12,0
Jake Elliott,2024,12,13
Dare Ogunbowale,2024,12,0
JuJu Smith-Schuster,2024,12,1.6
Jonnu Smith,2024,12,23.700000000000003
Davon Godchaux,2024,12,0
Myles Garrett,2024,12,0
Patrick Mahomes,2024,12,27.759999999999998
Derek Barnett,2024,12,0
Malik Hooker,2024,12,0
Adoree' Jackson,2024,12,0
Charles Harris,2024,12,0
Tre'Davious White,2024,12,0
David Njoku,2024,12,1.9
T.J. Watt,2024,12,0
Budda Baker,2024,12,0
Joe Mixon,2024,12,9.5
Ethan Pocic,2024,12,0
Larry Ogunjobi,2024,12,0
Cooper Kupp,2024,12,19
Kareem Hunt,2024,12,11.700000000000001
Shaquill Griffin,2024,12,0
Jourdan Lewis,2024,12,0
Cameron Sutton,2024,12,0
Rayshawn Jenkins,2024,12,0
Grover Stewart,2024,12,0
Jeremy McNichols,2024,12,2.2
River Cracraft,2024,12,0
George Odum,2024,12,0
Emmanuel Moseley,2024,12,0
Will Dissly,2024,12,8.7
Michael Dickson,2024,12,0
Daniel Carlson,2024,12,15
J.K. Scott,2024,12,0
Jacob Martin,2024,12,0
Eddy Pineiro,2024,12,13
Gus Edwards,2024,12,7.1
Darious Williams,2024,12,0
Poona Ford,2024,12,0
Daniel Ekuale,2024,12,0
Tarvarius Moore,2024,12,0
DeShon Elliott,2024,12,0
Tremon Smith,2024,12,0
Bradley Bozeman,2024,12,0
Zach Sieler,2024,12,0
Ben Niemann,2024,12,0
Frankie Luvu,2024,12,0
Daron Payne,2024,12,0
Quenton Nelson,2024,12,0
Courtland Sutton,2024,12,29.700000000000003
Dallas Goedert,2024,12,5.9
M.J. Stewart,2024,12,0
Donte Jackson,2024,12,0
Tyquan Lewis,2024,12,0
Justin Reid,2024,12,0
Jordan Akins,2024,12,5.800000000000001
Josey Jewell,2024,12,0
Dorance Armstrong,2024,12,0
Jordan Whitehead,2024,12,0
Kyzir White,2024,12,0
Avonte Maddox,2024,12,0
Josh Sweat,2024,12,0
Dalton Schultz,2024,12,4
Justin Watson,2024,12,2.5
Tim Settle,2024,12,0
Zaire Franklin,2024,12,0
Jeremy Reaves,2024,12,0
Jonathan Owens,2024,12,0
Trent Sherfield,2024,12,0
Tavierre Thomas,2024,12,0
Ezekiel Turner,2024,12,0
Levi Wallace,2024,12,0
Brandon Powell,2024,12,0
Tremaine Edmunds,2024,12,0
Robert Spillane,2024,12,0
Corey Bojorquez,2024,12,0
Maurice Hurst,2024,12,0
Mark Andrews,2024,12,15.600000000000001
Oren Burks,2024,12,0
Vita Vea,2024,12,0
Carlton Davis III,2024,12,0
Isaac Yiadom,2024,12,0
Harrison Phillips,2024,12,0
Chris Board,2024,12,0
Minkah Fitzpatrick,2024,12,0
Derwin James,2024,12,0
Nick Chubb,2024,12,19
Jason Sanders,2024,12,12
Lamar Jackson,2024,12,22.58
Jerome Baker,2024,12,0
Durham Smythe,2024,12,1.8
John Franklin-Myers,2024,12,0
Ogbo Okoronkwo,2024,12,0
Sebastian Joseph-Day,2024,12,0
Fred Warner,2024,12,0
Derrick Nnadi,2024,12,0
Arden Key,2024,12,0
D.J. Moore,2024,12,24.900000000000002
Harold Landry III,2024,12,0
Braden Smith,2024,12,0
Calvin Ridley,2024,12,14.3
Taven Bryan,2024,12,0
Saquon Barkley,2024,12,46.2
Mike McGlinchey,2024,12,0
Baker Mayfield,2024,12,17.66
Denzel Ward,2024,12,0
Sam Darnold,2024,12,21.1
Jakobi Meyers,2024,12,22.1
Rashan Gary,2024,12,0
Maxx Crosby,2024,12,0
Julian Love,2024,12,0
Justice Hill,2024,12,14.2
E.J. Speed,2024,12,0
Armon Watts,2024,12,0
Demetrius Flannigan-Fowles,2024,12,0
Ashton Dulin,2024,12,0
Jamie Gillan,2024,12,0
Jonathan Harris,2024,12,0
Patrick Mekari,2024,12,0
Keisean Nixon,2024,12,0
Mecole Hardman,2024,12,1.5
Mack Wilson,2024,12,0
Austin Seibert,2024,12,6
Kris Boyd,2024,12,0
Jack Fox,2024,12,0
Azeez Al-Shaair,2024,12,0
AJ Cole,2024,12,1.36
Joey Slye,2024,12,0
Olamide Zaccheaus,2024,12,1.8
Diontae Johnson,2024,12,0
P.J. Locke,2024,12,0
Kyler Murray,2024,12,11.3
T.J. Hockenson,2024,12,18.4
Byron Murphy,2024,12,0
Jawaan Taylor,2024,12,0
Sean Murphy-Bunting,2024,12,0
Jahlani Tavai,2024,12,0
Devin Singletary,2024,12,9
C.J. Gardner-Johnson,2024,12,0
Anthony Nelson,2024,12,0
Tony Pollard,2024,12,21.9
Drue Tranquill,2024,12,0
Mike Jordan,2024,12,0
Matt Gay,2024,12,6
Andrew Van Ginkel,2024,12,0
Blake Cashman,2024,12,0
Mike Jackson,2024,12,0
Byron Cowart,2024,12,0
Jake Bailey,2024,12,0
Gardner Minshew,2024,12,11.700000000000001
Donovan Wilson,2024,12,0
Tyrel Dodson,2024,12,0
Chase McLaughlin,2024,12,5
T.J. Edwards,2024,12,0
Lil'Jordan Humphrey,2024,12,2.4
Shy Tuttle,2024,12,0
Luke Gifford,2024,12,0
Greg Dortch,2024,12,1.5
Devin Bush,2024,12,0
Elgton Jenkins,2024,12,0
Darius Slayton,2024,12,0
Craig Reynolds,2024,12,0.6000000000000001
Travis Homer,2024,12,0
Juan Thornhill,2024,12,0
Corey Ballentine,2024,12,0
L.J. Collier,2024,12,0
Rock Ya-Sin,2024,12,0
DK Metcalf,2024,12,9.9
Jeffery Simmons,2024,12,0
Sione Takitaki,2024,12,0
Montez Sweat,2024,12,0
Terry McLaurin,2024,12,21.200000000000003
Cody Barton,2024,12,0
Jerry Tillery,2024,12,0
A.J. Brown,2024,12,22.9
Dre'Mont Jones,2024,12,0
Mike Edwards,2024,12,0
Dexter Lawrence,2024,12,0
David Montgomery,2024,12,16.3
Bobby Okereke,2024,12,0
Clelin Ferrell,2024,12,0
Jamel Dean,2024,12,0
Josh Jacobs,2024,12,28.6
Drew Lock,2024,12,0.12
Devin White,2024,12,0
Brian Burns,2024,12,0
Deebo Samuel Sr.,2024,12,3.1
Malcolm Roach,2024,12,0
JaMycal Hasty,2024,12,3.5
Corliss Waitman,2024,12,0
Benito Jones,2024,12,0
Chris Williams,2024,12,0
Blake Gillikin,2024,12,0
Tommy Townsend,2024,12,0
Tershawn Wharton,2024,12,0
Cody White,2024,12,0
Michael Hoecht,2024,12,0
Christian Rozeboom,2024,12,0
Krys Barnes,2024,12,0
Trystan Colon,2024,12,0
Sam Franklin Jr.,2024,12,0
Cam Gill,2024,12,0
Khalil Dorsey,2024,12,0
Nnamdi Madubuike,2024,12,0
Ben Bredeson,2024,12,0
Rico Dowdle,2024,12,10.8
Kristian Welch,2024,12,0
J.K. Dobbins,2024,12,8.9
Dane Jackson,2024,12,0
Teair Tart,2024,12,0
Nick Westbrook-Ikhine,2024,12,12.8
Anfernee Jennings,2024,12,0
Mike Onwenu,2024,12,0
Tua Tagovailoa,2024,12,28.48
Brandon Jones,2024,12,0
Isaiah Rodgers,2024,12,0
Jonathan Taylor,2024,12,3.5
Jonathan Greenard,2024,12,0
Kyle Dugger,2024,12,0
Colby Parkinson,2024,12,2
Jon Runyan,2024,12,0
Michael Pittman Jr.,2024,12,15.600000000000001
Julian Blackmon,2024,12,0
Collin Johnson,2024,12,0
Jauan Jennings,2024,12,9
Jordan Love,2024,12,14.719999999999999
Jordan Elliott,2024,12,0
Ben Bartch,2024,12,0
D'Andre Swift,2024,12,9.5
Malik Harrison,2024,12,0
Grant Delpit,2024,12,0
Noah Igbinoghene,2024,12,0
Yetur Gross-Matos,2024,12,0
Cole Kmet,2024,12,13.4
Jaylon Johnson,2024,12,0
Jeremy Chinn,2024,12,0
Mykal Walker,2024,12,0
Jaylinn Hawkins,2024,12,0
Kindle Vildor,2024,12,0
Braden Mann,2024,12,0
Justin Jefferson,2024,12,4.7
Patrick Queen,2024,12,0
Antonio Gibson,2024,12,5.5
D.J. Wonnum,2024,12,0
Troy Dye,2024,12,0
Khaleke Hudson,2024,12,0
Blake Brandel,2024,12,0
Josh Metellus,2024,12,0
Kam Curl,2024,12,0
Justin Herbert,2024,12,16.62
Isaiah Simmons,2024,12,0
CeeDee Lamb,2024,12,16.8
Amik Robertson,2024,12,0
Michael Danna,2024,12,0
Alohi Gilman,2024,12,0
Jalen Reagor,2024,12,4
Xavier McKinney,2024,12,0
Jalen Hurts,2024,12,15.06
Darnay Holmes,2024,12,0
Jerry Jeudy,2024,12,14.5
Jordyn Brooks,2024,12,0
Antoine Winfield Jr.,2024,12,0
Darrell Taylor,2024,12,0
Cam Akers,2024,12,3.5000000000000004
Van Jefferson,2024,12,5.9
Kristian Fulton,2024,12,0
Zack Baun,2024,12,0
Adam Trautman,2024,12,1.3
DeeJay Dallas,2024,12,0
Tyler Johnson,2024,12,2.1
Justin Strnad,2024,12,0
Jordan Fuller,2024,12,0
"Kenneth Murray, Jr.",2024,12,0
Kwity Paye,2024,12,0
Dayo Odeyingbo,2024,12,0
Jason Pinnock,2024,12,0
DJ Turner,2024,12,2.5
Rashod Bateman,2024,12,12.3
Nico Collins,2024,12,20.200000000000003
Chuba Hubbard,2024,12,15
Deommodore Lenoir,2024,12,0
Roy Lopez,2024,12,0
Ar'Darius Washington,2024,12,0
Nick McCloud,2024,12,0
Jaylen Waddle,2024,12,28.4
Caleb Farley,2024,12,0
Nick Bolton,2024,12,0
Alim McNeill,2024,12,0
Benjamin St-Juste,2024,12,0
Dyami Brown,2024,12,5.6000000000000005
John Bates,2024,12,0.2999999999999998
Camryn Bynum,2024,12,0
Tylan Wallace,2024,12,2.5
Ihmir Smith-Marsette,2024,12,0
Noah Gray,2024,12,22.6
Tedarrell Slaton,2024,12,0
K.J. Britt,2024,12,0
Cameron McGrone,2024,12,0
Nick Niemann,2024,12,0
Isaiah McDuffie,2024,12,0
Trey Smith,2024,12,0
Israel Mukuamu,2024,12,0
Grant Stuard,2024,12,0
Devon Key,2024,12,0
Naquan Jones,2024,12,0
Charles Snowden,2024,12,0
Amen Ogbongbemiga,2024,12,0
Brock Wright,2024,12,4.4
Christian Elliss,2024,12,0
Feleipe Franks,2024,12,0
Isaiahh Loudermilk,2024,12,0
Tutu Atwell,2024,12,6
Ben Skowronek,2024,12,0
Buddy Johnson,2024,12,0
Pat Surtain II,2024,12,0
Rhamondre Stevenson,2024,12,1.3
Kylen Granson,2024,12,0
Janarius Robinson,2024,12,0
Tommy Togiai,2024,12,0
Najee Harris,2024,12,7.4
Pat Freiermuth,2024,12,9.9
Elerson G. Smith,2024,12,0
Victor Dimukeje,2024,12,0
Eric Stokes,2024,12,0
Bobby Brown III,2024,12,0
Khyiris Tonga,2024,12,0
Milton Williams,2024,12,0
Kenneth Gainwell,2024,12,8.2
Patrick Johnson,2024,12,0
Micah Parsons,2024,12,0
Zaven Collins,2024,12,0
Odafe Oweh,2024,12,0
Osa Odighizuwa,2024,12,0
Jaycee Horn,2024,12,0
Justin Fields,2024,12,2.6
Jonathon Cooper,2024,12,0
Teven Jenkins,2024,12,0
Levi Onwuzurike,2024,12,0
Tre'von Moehrig,2024,12,0
Amon-Ra St. Brown,2024,12,12.2
Joe Tryon-Shoyinka,2024,12,0
Elijah Moore,2024,12,5.1
Christian Barmore,2024,12,0
Chauncey Golston,2024,12,0
Brandon Stephens,2024,12,0
Joshua Palmer,2024,12,6.800000000000001
Divine Deablo,2024,12,4.4
Elijah Molden,2024,12,0
Ernest Jones,2024,12,0
Baron Browning,2024,12,0
Greg Newsome II,2024,12,0
Javonte Williams,2024,12,2.4000000000000004
Jevon Holland,2024,12,0
Landon Dickerson,2024,12,0
Tommy Tremble,2024,12,1.5
Trey Lance,2024,12,-0.30000000000000004
Quay Walker,2024,12,0
Devonte Wyatt,2024,12,0
Sean Rhyan,2024,12,0
Riq Woolen,2024,12,0
Kingsley Enagbare,2024,12,0
Grant Calcaterra,2024,12,0
Bo Melton,2024,12,0.5
Dareke Young,2024,12,0
Trenton Gill,2024,12,0
Jack Sanborn,2024,12,0
Tyler Goodson,2024,12,0
Reed Blankenship,2024,12,0
Britain Covey,2024,12,0
Josh Jobe,2024,12,0
Jeremiah Moon,2024,12,0
Trent McDuffie,2024,12,0
George Karlaftis,2024,12,0
Bryan Cook,2024,12,0
Nazeeh Johnson,2024,12,0
LaBryan Ray,2024,12,0
Brenden Schooler,2024,12,0
Cameron Dicker,2024,12,16
Jaylen Warren,2024,12,15.4
Ikem Ekwonu,2024,12,0
Derek Stingley Jr.,2024,12,0
Jameson Williams,2024,12,11.8
Jalen Pitre,2024,12,0
George Pickens,2024,12,8.8
Nik Bonitto,2024,12,0
Martin Emerson,2024,12,0
Marcus Jones,2024,12,0
Rachaad White,2024,12,11.7
Dameon Pierce,2024,12,0
Micah McFadden,2024,12,0
DJ Davidson,2024,12,0
Jerome Ford,2024,12,3.7
Zyon McCollum,2024,12,0
Eric Johnson,2024,12,0
Otito Ogbonnia,2024,12,0
DaRon Bland,2024,12,0
Ty Chandler,2024,12,0
Damone Clark,2024,12,0
Matt Araiza,2024,12,0
Vederian Lowe,2024,12,0
Malcolm Rodriguez,2024,12,0
Jalen Nailor,2024,12,7.5
Drew Ogletree,2024,12,0
Jordan Jackson,2024,12,0
Cade Mays,2024,12,0
Connor Heyward,2024,12,0
John FitzPatrick,2024,12,1.2
Ja'Sir Taylor,2024,12,0
Jesse Luketa,2024,12,0
D'Anthony Bell,2024,12,0
Kader Kohou,2024,12,0
Arron Mosby,2024,12,0
Ja'Quan McMillian,2024,12,0
Raheem Blackshear,2024,12,0
Jake Hansen,2024,12,0
Tristin McCollum,2024,12,0
Deven Thompkins,2024,12,4.3
J.J. Russell,2024,12,0
Mike Brown,2024,12,0
Ryan Wright,2024,12,0
Sincere McCormick,2024,12,3.3000000000000003
Isaiah Pola-Mao,2024,12,0
Jordan Mason,2024,12,1.3
John Parker Romo,2024,12,13
Daniel Whelan,2024,12,0
Darrell Baker Jr.,2024,12,0
Juanyeh Thomas,2024,12,6
Tre Avery,2024,12,0
Julius Chestnut,2024,12,1.5
Sam Okuayinonu,2024,12,0
Ryan Stonehouse,2024,12,0
Kayvon Thibodeaux,2024,12,0
John Metchie III,2024,12,1.6
Nakobe Dean,2024,12,0
Nick Cross,2024,12,0
Hassan Haskins,2024,12,0.30000000000000004
Tucker Fisk,2024,12,1.7000000000000002
Alec Pierce,2024,12,4.9
Jalen Tolbert,2024,12,10.2
Kerby Joseph,2024,12,0
Brandon Aubrey,2024,12,11
Jeremiah Pharms Jr.,2024,12,0
Jahan Dotson,2024,12,1.4
Trey McBride,2024,12,25.3
Brian Robinson Jr.,2024,12,3.4
Travis Jones,2024,12,0
Cordale Flott,2024,12,0
Dondrea Tillman,2024,12,0
KaVontae Turpin,2024,12,7.8
Chigoziem Okonkwo,2024,12,14
Romeo Doubs,2024,12,8.4
Zion Johnson,2024,12,0
Brian Asamoah II,2024,12,0
Tyler Linderbaum,2024,12,0
Samuel Womack,2024,12,0
Calvin Austin III,2024,12,16.8
Cobie Durant,2024,12,0
Kyren Williams,2024,12,10.2
Quentin Lake,2024,12,0
Daniel Hardy,2024,12,0
Kyle Hamilton,2024,12,0
Jack Jones,2024,12,0
Joshua Williams,2024,12,0
Charlie Kolar,2024,12,1.6
Jordan Stout,2024,12,0
Joshua Paschal,2024,12,0
Percy Butler,2024,12,0
Kenny Pickett,2024,12,-0.2
Eyioma Uwazurike,2024,12,0
Kyler Gordon,2024,12,0
Daniel Bellinger,2024,12,0
Wan'Dale Robinson,2024,12,9.7
Jalyn Armour-Davis,2024,12,0
Desmond Ridder,2024,12,0.8600000000000001
Christian Watson,2024,12,0.4
Roger McCreary,2024,12,0
Cade Otton,2024,12,4
Boye Mafe,2024,12,0
Kenneth Walker III,2024,12,13.3
Coby Bryant,2024,12,0
Josh Butler,2024,12,0
Xavier Smith,2024,12,0
Jalen Carter,2024,12,0
Colby Wooden,2024,12,0
Noah Sewell,2024,12,0
Dontayvion Wicks,2024,12,3.5
Terell Smith,2024,12,0
Eric Gray,2024,12,2.6
Karl Brooks,2024,12,0
Jaylon Jones,2024,12,0
Carrington Valentine,2024,12,0
Moro Ojomo,2024,12,0
Brenton Cox Jr.,2024,12,0
Malik Heath,2024,12,9.5
Tommy DeVito,2024,12,10.760000000000002
Claudin Cherelus,2024,12,0
Trenton Simpson,2024,12,0
Paris Johnson Jr.,2024,12,0
Tyree Wilson,2024,12,0
Jaxon Smith-Njigba,2024,12,19.7
Quentin Johnston,2024,12,0
Mazi Smith,2024,12,0
Luke Schoonmaker,2024,12,14.5
Riley Moss,2024,12,0
Daiyan Henley,2024,12,0
Ji'Ayir Brown,2024,12,0
DeMarvion Overshown,2024,12,0
Darnell Washington,2024,12,4.4
Michael Wilson,2024,12,7.4
Jake Moody,2024,12,5
Tre Tucker,2024,12,15.200000000000001
Chad Ryland,2024,12,5
Derius Davis,2024,12,2.4
Isaiah McGuire,2024,12,0
Nick Herbig,2024,12,0
Josh Whyle,2024,12,0
Henry To'oTo'o,2024,12,0
Owen Pappoe,2024,12,0
Asim Richards,2024,12,0
Robert Beal Jr.,2024,12,0
Kayshon Boutte,2024,12,1.6
Bryce Baringer,2024,12,0
Scott Matlock,2024,12,0
Jarrett Patterson,2024,12,0
Xavier Hutchinson,2024,12,0
DeMario Douglas,2024,12,11.3
Dante Stills,2024,12,0
Dee Winters,2024,12,0
Kenny McIntosh,2024,12,0
Jalen Brooks,2024,12,5.1000000000000005
Jalen Graham,2024,12,0
Trevor Nowaske,2024,12,0
Starling Thomas V,2024,12,0
Chris Brooks,2024,12,3.6
Emari Demercado,2024,12,1.4000000000000001
Blake Whiteheart,2024,12,3.9000000000000004
Mohamoud Diabate,2024,12,0
Ronnie Hickman Jr.,2024,12,0
Julian Hill,2024,12,1.8
Ali Gaye,2024,12,0
Hunter Luepke,2024,12,2
Jake Bobo,2024,12,1.8
Jalen Redmond,2024,12,0
Nate Adkins,2024,12,0
Demontrey Jacobs,2024,12,0
Jaleel McLaughlin,2024,12,4.4
Emanuel Wilson,2024,12,4.1000000000000005
Christian Izien,2024,12,0
Rakim Jarrett,2024,12,4
Ryan Miller,2024,12,2.4000000000000004
Otis Reese,2024,12,0
Drake Thomas,2024,12,0
Darnell Wright,2024,12,0
Juice Scruggs,2024,12,0
Sean Tucker,2024,12,7
Marvin Mims Jr.,2024,12,7.2
Tank Dell,2024,12,10.2
Cedric Tillman,2024,12,2.8000000000000007
Chamarri Conner,2024,12,0
Jordan Addison,2024,12,30.2
Tucker Kraft,2024,12,10.6
Josh Downs,2024,12,5.7
Deonte Banks,2024,12,0
Sydney Brown,2024,12,0
Felix Anudike-Uzomah,2024,12,0
Garrett Williams,2024,12,0
Dylan Horton,2024,12,0
Nolan Smith,2024,12,0
Jack Campbell,2024,12,0
Roschon Johnson,2024,12,8.2
De'Von Achane,2024,12,20.6
Elijah Higgins,2024,12,1.5
Derick Hall,2024,12,0
Payne Durham,2024,12,3.6
Josh Hayes,2024,12,0
Trey Palmer,2024,12,2.8
Marte Mapu,2024,12,0
Steve Avila,2024,12,0
Ethan Evans,2024,12,0
Jonathan Mingo,2024,12,1.8
Calijah Kancey,2024,12,0
Zay Flowers,2024,12,11.2
Sam LaPorta,2024,12,4.9
Michael Mayer,2024,12,3.1
Yaya Diaby,2024,12,0
Gervon Dexter Sr.,2024,12,0
Tyrique Stevenson,2024,12,0
Davis Allen,2024,12,0
Puka Nacua,2024,12,20.700000000000003
Will Anderson Jr.,2024,12,0
Keeanu Benton,2024,12,0
Tuli Tuipulotu,2024,12,0
Lukas Van Ness,2024,12,0
Cam Smith,2024,12,0
Byron Young,2024,12,0
Kobie Turner,2024,12,0
Jahmyr Gibbs,2024,12,24.9
Brian Branch,2024,12,0
Jayden Reed,2024,12,5.6
Christian Gonzalez,2024,12,0
Keion White,2024,12,0
Quan Martin,2024,12,0
Bryce Young,2024,12,15.52
Will Levis,2024,12,17.12
C.J. Stroud,2024,12,17.680000000000003
Anthony Richardson,2024,12,11.98
Zach Charbonnet,2024,12,2.2
Joey Porter Jr.,2024,12,0
Devon Witherspoon,2024,12,0
Jake Bates,2024,12,8
Nate Wiggins,2024,12,0
Johnny Wilson,2024,12,0
Dee Williams,2024,12,0
Byron Murphy II,2024,12,0
Carson Steele,2024,12,2.3
Malik Nabers,2024,12,11.4
Brock Bowers,2024,12,7.800000000000001
Laiatu Latu,2024,12,0
Tyler Guyton,2024,12,0
Xavier Legette,2024,12,9.600000000000001
Kamari Lassiter,2024,12,0
Jonathon Brooks,2024,12,0.7000000000000001
Renardo Green,2024,12,0
Trevin Wallace,2024,12,0
Cooper Beebe,2024,12,0
DJ Glaze,2024,12,0
Dominick Puni,2024,12,0
Marist Liufau,2024,12,0
Luke McCaffrey,2024,12,1.8
Ja'Tavion Sanders,2024,12,7.9
Decamerion Richardson,2024,12,0
Cade Stover,2024,12,11.6
Malik Mustapha,2024,12,0
Bucky Irving,2024,12,26.200000000000003
Isaac Guerendo,2024,12,0
Tarheeb Still,2024,12,0
Jordan Magee,2024,12,0
Jarvis Brownlee Jr.,2024,12,0
Audric Estimé,2024,12,1.5
Tommy Eichenberg,2024,12,0
Tyrone Tracy Jr.,2024,12,9
Marcellas Dial Jr.,2024,12,0
Jha'Quan Jackson,2024,12,0
Dylan Laube,2024,12,0
Javontae Jean-Baptiste,2024,12,0
Jonah Laulu,2024,12,0
Devaughn Vele,2024,12,14
James Williams,2024,12,0
Beanie Bishop Jr.,2024,12,0
Storm Duck,2024,12,0
Winston Reid,2024,12,0
Brevyn Spann-Ford,2024,12,4.4
Julius Wood,2024,12,0
Spencer Shrader,2024,12,13
Dalton Tucker,2024,12,0
Bryce Oliver,2024,12,0
Thomas Harper,2024,12,0
Dell Pettus,2024,12,0
Evan Anderson,2024,12,0
Bo Richter,2024,12,0
Bo Nix,2024,12,19.42
Braden Fiske,2024,12,0
Jackson Powers-Johnson,2024,12,0
Tip Reiman,2024,12,0
Blake Corum,2024,12,0.5
Jalyx Hunt,2024,12,0
Payton Wilson,2024,12,0
Tory Taylor,2024,12,0
Tyler Davis,2024,12,0
Joshua Karty,2024,12,1
Jordan Whittington,2024,12,0
Beaux Limmer,2024,12,0
Omar Speights,2024,12,0
Jaylen McCollough,2024,12,0
AJ Barner,2024,12,4.9
Max Melton,2024,12,0
Jonah Elliss,2024,12,0
Ty'Ron Hopper,2024,12,0
Evan Williams,2024,12,0
Tyrice Knight,2024,12,0
Andru Phillips,2024,12,0
Jaden Hicks,2024,12,0
Jeremiah Trotter Jr.,2024,12,0
Darius Muasau,2024,12,0
Kamren Kinchens,2024,12,0
Justin Eboigbe,2024,12,0
Calen Bullock,2024,12,0
Cooper DeJean,2024,12,0
Theo Johnson,2024,12,6.9
Marvin Harrison Jr.,2024,12,7.7
Drake Maye,2024,12,14.48
Jared Verse,2024,12,0
Javon Baker,2024,12,0
Jalen McMillan,2024,12,2.1
Cedric Gray,2024,12,0
Tyler Nubin,2024,12,0
Dadrion Taylor-Demerson,2024,12,0
Javon Bullard,2024,12,0
Troy Franklin,2024,12,5.1
Jaylen Wright,2024,12,0.8000000000000003
Malik Washington,2024,12,1.3
T'Vondre Sweat,2024,12,0
Quinyon Mitchell,2024,12,0
Adonai Mitchell,2024,12,2
Xavier Worthy,2024,12,9.100000000000001
Zach Frazier,2024,12,0
Joe Alt,2024,12,0
Mike Sainristil,2024,12,0
Chris Braswell,2024,12,0
Jer'Zhan Newton,2024,12,0
Ja'Lynn Polk,2024,12,1.7000000000000002
Jayden Daniels,2024,12,32.4
Chop Robinson,2024,12,0
Ben Sinnott,2024,12,0
Brandon Coleman,2024,12,0
Ladd McConkey,2024,12,14.3
Ricky Pearsall,2024,12,0
Caleb Williams,2024,12,26.900000000000002
Rome Odunze,2024,12,8.9
Trey Benson,2024,12,1.8
Dallas Turner,2024,12,0
NA,2024,12,0
Aaron Rodgers,2024,13,15
Nick Folk,2024,13,9
Calais Campbell,2024,13,0
Matthew Stafford,2024,13,15.620000000000001
Graham Gano,2024,13,10
Thomas Morstead,2024,13,0
Von Miller,2024,13,0
Cameron Jordan,2024,13,0
Cameron Heyward,2024,13,0
Nick Bellore,2024,13,0
Johnny Hekker,2024,13,0
Rodney McLeod Jr.,2024,13,0
Bobby Wagner,2024,13,0
Russell Wilson,2024,13,27.86
Stephon Gilmore,2024,13,0
Lavonte David,2024,13,0
Justin Tucker,2024,13,6
Kirk Cousins,2024,13,5.1000000000000005
Harrison Smith,2024,13,0
Demario Davis,2024,13,0
Bryan Anger,2024,13,0
Brandon McManus,2024,13,13
Kyle Juszczyk,2024,13,-2.1
Adam Thielen,2024,13,23.9
Zach Ertz,2024,13,12.5
John Jenkins,2024,13,0
Sam Martin,2024,13,0
Dustin Hopkins,2024,13,6
Jordan Poyer,2024,13,0
Tress Way,2024,13,0
Keenan Allen,2024,13,24.3
Tony Jefferson,2024,13,0
William Gholston,2024,13,0
Robert Woods,2024,13,0
Tyrann Mathieu,2024,13,0
Travis Kelce,2024,13,13.8
DeAndre Hopkins,2024,13,13
Geno Smith,2024,13,12.44
Cordarrelle Patterson,2024,13,8.3
Cornelius Lucas,2024,13,0
Mike Pennel,2024,13,0
Khalil Mack,2024,13,0
DaQuan Jones,2024,13,0
Pat O'Donnell,2024,13,0
Chris Boswell,2024,13,16
Brent Urban,2024,13,0
Cairo Santos,2024,13,2
Odell Beckham Jr.,2024,13,1.9
Brandin Cooks,2024,13,10.6
Denico Autry,2024,13,0
Shelby Harris,2024,13,0
Derek Carr,2024,13,14.559999999999999
Jimmie Ward,2024,13,0
C.J. Goodwin,2024,13,0
Jadeveon Clowney,2024,13,0
Davante Adams,2024,13,17.6
Mike Evans,2024,13,25.8
Chris Manhertz,2024,13,0
Jason Myers,2024,13,11
Jameis Winston,2024,13,35.98
Amari Cooper,2024,13,4.2
Nelson Agholor,2024,13,0
Eddie Goldman,2024,13,0
Eric Kendricks,2024,13,0
Danielle Hunter,2024,13,0
Za'Darius Smith,2024,13,0
Grady Jarrett,2024,13,0
MyCole Pruitt,2024,13,4.1
Michael Burton,2024,13,6.1
Raheem Mostert,2024,13,5.4
Neville Hewitt,2024,13,0
DeAndre Carter,2024,13,0
DeShawn Williams,2024,13,0
Rick Lovato,2024,13,0
Leonard Williams,2024,13,0
Preston Smith,2024,13,0
Mitch Morse,2024,13,0
Carl Davis,2024,13,0
Rakeem Nunez-Roches,2024,13,0
Dante Fowler Jr.,2024,13,0
Bradley Pinion,2024,13,0
Ameer Abdullah,2024,13,7.300000000000001
Chris Conley,2024,13,0
Jordan Hicks,2024,13,0
Bud Dupree,2024,13,0
Arik Armstead,2024,13,0
Ronald Darby,2024,13,0
Tyler Lockett,2024,13,4.6
Laken Tomlinson,2024,13,0
Mario Edwards,2024,13,0
DeForest Buckner,2024,13,0
Sterling Shepard,2024,13,8.2
Austin Hooper,2024,13,13.2
Nick Vannett,2024,13,1.6
Miles Killebrew,2024,13,0
De'Vondre Campbell,2024,13,0
Matthew Judon,2024,13,0
Quinton Jefferson,2024,13,0
DJ Reader,2024,13,0
Elandon Roberts,2024,13,0
Mike Hilton,2024,13,0
Wil Lutz,2024,13,11
Jonathan Jones,2024,13,0
Roy Robertson-Harris,2024,13,0
Morgan Fox,2024,13,0
Ka'imi Fairbairn,2024,13,13
Luke Rhodes,2024,13,0
Chris Jones,2024,13,0
Derrick Henry,2024,13,14.100000000000001
Demarcus Robinson,2024,13,12.9
A'Shawn Robinson,2024,13,0
Daryl Worley,2024,13,0
Vonn Bell,2024,13,0
Riley Dixon,2024,13,0
Isaac Seumalo,2024,13,0
Ronnie Stanley,2024,13,0
Justin Simmons,2024,13,0
Tyler Boyd,2024,13,6.7
Eric Murray,2024,13,0
Tyreek Hill,2024,13,20.3
Ezekiel Elliott,2024,13,0.4
Jihad Ward,2024,13,0
David Onyemata,2024,13,0
Jalen Ramsey,2024,13,0
Leonard Floyd,2024,13,0
Emmanuel Ogbah,2024,13,0
Hunter Henry,2024,13,14.5
Jonathan Bullard,2024,13,0
Jared Goff,2024,13,16.94
Kenny Clark,2024,13,0
Yannick Ngakoue,2024,13,0
Maliek Collins,2024,13,0
Kevin Byard,2024,13,0
Joey Bosa,2024,13,0
Mo Alie-Cox,2024,13,3.5
Johnny Mundt,2024,13,10.2
Rigoberto Sanchez,2024,13,0
Christian McCaffrey,2024,13,8.700000000000001
Marlon Humphrey,2024,13,0
Curtis Samuel,2024,13,0.7000000000000001
George Kittle,2024,13,1.7000000000000002
Aaron Jones,2024,13,8.8
Chuck Clark,2024,13,0
D.J. Jones,2024,13,0
Kendrick Bourne,2024,13,7.5
Eric Wilson,2024,13,0
Taysom Hill,2024,13,9.7
Tim Patrick,2024,13,6.800000000000001
Adam Butler,2024,13,0
Kenny Moore II,2024,13,0
Pharaoh Brown,2024,13,0
Nicholas Morrow,2024,13,0
Carl Lawson,2024,13,0
Damontae Kazee,2024,13,0
Kevin King,2024,13,0
Samaje Perine,2024,13,2.5
Garett Bolles,2024,13,0
Dalvin Tomlinson,2024,13,0
Duke Riley,2024,13,0
Rasul Douglas,2024,13,0
James Conner,2024,13,11.100000000000001
Mack Hollins,2024,13,7.7
Matt Milano,2024,13,0
Xavier Woods,2024,13,0
David Moore,2024,13,9
Noah Brown,2024,13,5.7
Pat O'Connor,2024,13,0
Cooper Rush,2024,13,10.8
Michael Davis,2024,13,0
Younghoe Koo,2024,13,7
DeMarcus Walker,2024,13,0
Jake Elliott,2024,13,6
JuJu Smith-Schuster,2024,13,2
Jonnu Smith,2024,13,20.3
Davon Godchaux,2024,13,0
Zane Gonzalez,2024,13,4
Myles Garrett,2024,13,0
Mitchell Trubisky,2024,13,-0.14000000000000004
Solomon Thomas,2024,13,0
Patrick Mahomes,2024,13,15.640000000000002
Haason Reddick,2024,13,0
Derek Barnett,2024,13,0
Malik Hooker,2024,13,0
Adoree' Jackson,2024,13,0
Evan Engram,2024,13,11.100000000000001
Jabrill Peppers,2024,13,0
David Njoku,2024,13,26.2
T.J. Watt,2024,13,0
Budda Baker,2024,13,0
Marcus Maye,2024,13,0
Joe Mixon,2024,13,21.900000000000002
Larry Ogunjobi,2024,13,0
Alvin Kamara,2024,13,15.9
Cooper Kupp,2024,13,4.7
Fabian Moreau,2024,13,0
Kareem Hunt,2024,13,3.5
Shaquill Griffin,2024,13,0
Jourdan Lewis,2024,13,0
Cameron Sutton,2024,13,0
Trey Hendrickson,2024,13,0
Rayshawn Jenkins,2024,13,0
Jamaal Williams,2024,13,1.7000000000000002
Grover Stewart,2024,13,0
Jeremy McNichols,2024,13,3.2
Al-Quadin Muhammad,2024,13,0
George Odum,2024,13,0
J.T. Gray,2024,13,0
Chris Lammons,2024,13,0
Brian O'Neill,2024,13,0
Will Dissly,2024,13,0
Michael Dickson,2024,13,0
Daniel Carlson,2024,13,2
J.K. Scott,2024,13,0.12
Jacob Martin,2024,13,0
Eddy Pineiro,2024,13,10
Gus Edwards,2024,13,4.3
Darious Williams,2024,13,0
Poona Ford,2024,13,0
Daniel Ekuale,2024,13,0
Tarvarius Moore,2024,13,0
Tyler Conklin,2024,13,7.2
Marquez Valdes-Scantling,2024,13,11.6
DeShon Elliott,2024,13,0
Zach Sieler,2024,13,0
Ben Niemann,2024,13,0
Frankie Luvu,2024,13,0
Kentavius Street,2024,13,0
Daron Payne,2024,13,0
Courtland Sutton,2024,13,16.200000000000003
Dallas Goedert,2024,13,12.5
M.J. Stewart,2024,13,0
Donte Jackson,2024,13,0
Isaiah Oliver,2024,13,0
Tyquan Lewis,2024,13,0
Lorenzo Carter,2024,13,0
Justin Reid,2024,13,0
Jordan Akins,2024,13,0
Josey Jewell,2024,13,0
Da'Shawn Hand,2024,13,0
Dorance Armstrong,2024,13,0
Kyzir White,2024,13,0
Taron Johnson,2024,13,0
Avonte Maddox,2024,13,0
Josh Sweat,2024,13,0
Dalton Schultz,2024,13,17.1
D.J. Reed,2024,13,0
Justin Watson,2024,13,7.6
Siran Neal,2024,13,0
Tim Settle,2024,13,0
Ray-Ray McCloud,2024,13,13.3
Foye Oluokun,2024,13,0
Cedrick Wilson Jr.,2024,13,2.9000000000000004
Matthew Adams,2024,13,0
Zaire Franklin,2024,13,0
Logan Cooke,2024,13,0
Jeremy Reaves,2024,13,0
Jonathan Owens,2024,13,0
Tavierre Thomas,2024,13,0
Ezekiel Turner,2024,13,0
Levi Wallace,2024,13,0
Charvarius Ward,2024,13,0
Demone Harris,2024,13,0
Tanner Hudson,2024,13,6.800000000000001
Brandon Powell,2024,13,1.8
Tremaine Edmunds,2024,13,0
Jessie Bates,2024,13,0
Alex Cappa,2024,13,0
Robert Spillane,2024,13,0
Corey Bojorquez,2024,13,0
Maurice Hurst,2024,13,0
Orlando Brown,2024,13,0
Mark Andrews,2024,13,18.9
Oren Burks,2024,13,0
Kolton Miller,2024,13,0
Nathan Shepherd,2024,13,0
Vita Vea,2024,13,0
Ronnie Harrison,2024,13,0
Isaac Yiadom,2024,13,0
Harrison Phillips,2024,13,0
Chris Board,2024,13,0
Minkah Fitzpatrick,2024,13,0
Derwin James,2024,13,0
Nick Chubb,2024,13,12.5
Jason Sanders,2024,13,3
Lamar Jackson,2024,13,23.380000000000003
Jerome Baker,2024,13,0
Durham Smythe,2024,13,1.8
B.J. Hill,2024,13,0
John Franklin-Myers,2024,13,0
Sebastian Joseph-Day,2024,13,0
Fred Warner,2024,13,0
Arden Key,2024,13,0
D.J. Moore,2024,13,23.700000000000003
Harold Landry III,2024,13,0
Mike Gesicki,2024,13,10.3
Sam Hubbard,2024,13,0
Calvin Ridley,2024,13,6.5
Taven Bryan,2024,13,0
Saquon Barkley,2024,13,18.700000000000003
Baker Mayfield,2024,13,11.200000000000001
Denzel Ward,2024,13,0
Josh Allen,2024,13,28.419999999999998
Dante Pettis,2024,13,1.5
Sam Darnold,2024,13,19.599999999999998
Roquan Smith,2024,13,0
Sam Eguavoen,2024,13,0
Jakobi Meyers,2024,13,15.700000000000001
Rashan Gary,2024,13,0
Darnell Savage,2024,13,0
Maxx Crosby,2024,13,0
Julian Love,2024,13,0
Justice Hill,2024,13,6.1
Foster Moreau,2024,13,2.6
E.J. Speed,2024,13,0
Quinton Bell,2024,13,0
Kevin Givens,2024,13,0
Jamie Gillan,2024,13,0
Jonathan Harris,2024,13,0
Alec Ingold,2024,13,3.5
Keisean Nixon,2024,13,0
Mecole Hardman,2024,13,0
Ugo Amadi,2024,13,0
Mack Wilson,2024,13,0
Nick Allegretti,2024,13,0
Jack Fox,2024,13,0
Azeez Al-Shaair,2024,13,0
Matthew Wright,2024,13,13
AJ Cole,2024,13,0
Joey Slye,2024,13,10
Olamide Zaccheaus,2024,13,4.4
P.J. Locke,2024,13,0
Kyler Murray,2024,13,16.200000000000003
T.J. Hockenson,2024,13,5.800000000000001
Ed Oliver,2024,13,0
Byron Murphy,2024,13,0
Jawaan Taylor,2024,13,0
Cody Ford,2024,13,0
Sean Murphy-Bunting,2024,13,0
Jahlani Tavai,2024,13,0
Lonnie Johnson,2024,13,0
Zach Allen,2024,13,0
Devin Singletary,2024,13,2.3000000000000003
C.J. Gardner-Johnson,2024,13,0
Anthony Nelson,2024,13,0
Hjalte Froholdt,2024,13,0
Tony Pollard,2024,13,8.8
Drue Tranquill,2024,13,0
Matt Gay,2024,13,5
Andrew Van Ginkel,2024,13,0
Blake Cashman,2024,13,0
Mike Jackson,2024,13,0
Byron Cowart,2024,13,0
Charles Omenihu,2024,13,0
Jake Bailey,2024,13,0
David Long Jr.,2024,13,0
Donovan Wilson,2024,13,0
Kaden Elliss,2024,13,0
Tyrel Dodson,2024,13,0
Cam Lewis,2024,13,0
Chase McLaughlin,2024,13,15
T.J. Edwards,2024,13,0
Carl Granderson,2024,13,0
Shy Tuttle,2024,13,0
Luke Gifford,2024,13,0
Greg Dortch,2024,13,2.7
Devin Bush,2024,13,0
Elgton Jenkins,2024,13,0
Darius Slayton,2024,13,2.8
Ty Johnson,2024,13,4.7
Kemon Hall,2024,13,0
Drew Sample,2024,13,2.8
Amani Hooker,2024,13,0
L.J. Collier,2024,13,0
Parris Campbell,2024,13,0
DK Metcalf,2024,13,10.600000000000001
Josh Hines-Allen,2024,13,0
Jeffery Simmons,2024,13,0
Noah Fant,2024,13,5.6
Sione Takitaki,2024,13,0
Montez Sweat,2024,13,0
Will Harris,2024,13,0
Khalen Saunders,2024,13,0
Terry McLaurin,2024,13,27.3
Taylor Rapp,2024,13,0
Cody Barton,2024,13,0
A.J. Brown,2024,13,11.600000000000001
Dre'Mont Jones,2024,13,0
Quincy Williams,2024,13,0
Mike Edwards,2024,13,0
Dexter Lawrence,2024,13,0
David Montgomery,2024,13,15.4
Bobby Okereke,2024,13,0
Dawson Knox,2024,13,7.6000000000000005
Clelin Ferrell,2024,13,0
Germaine Pratt,2024,13,0
Chuma Edoga,2024,13,0
Jamel Dean,2024,13,0
Josh Jacobs,2024,13,21.700000000000003
Drew Lock,2024,13,15.82
Jalen Thompson,2024,13,0
Devin White,2024,13,0
Brian Burns,2024,13,0
Quinnen Williams,2024,13,0
Deebo Samuel Sr.,2024,13,6
Malcolm Roach,2024,13,0
James Pierre,2024,13,0
Corliss Waitman,2024,13,0
Ross Matiscik,2024,13,0
Benito Jones,2024,13,0
Chris Williams,2024,13,0
Blake Gillikin,2024,13,0
Tommy Townsend,2024,13,0
Joe Bachie,2024,13,0
Michael Hoecht,2024,13,0
Christian Rozeboom,2024,13,0
Dan Chisena,2024,13,1.6
Terence Steele,2024,13,0
Sam Franklin Jr.,2024,13,0
Juwan Johnson,2024,13,8.6
Cam Gill,2024,13,0
Broderick Washington,2024,13,0
Myles Bryant,2024,13,0
Khalil Dorsey,2024,13,0
Nnamdi Madubuike,2024,13,0
Rico Dowdle,2024,13,21.300000000000004
Tyler Bass,2024,13,4
Aaron Brewer,2024,13,0
Teair Tart,2024,13,0
Nick Westbrook-Ikhine,2024,13,21.1
Reggie Gilliam,2024,13,0
A.J. Epenesa,2024,13,0
Anfernee Jennings,2024,13,0
Mike Onwenu,2024,13,0
Geno Stone,2024,13,0
Tua Tagovailoa,2024,13,25.200000000000003
Raekwon Davis,2024,13,0
Brandon Jones,2024,13,0
Isaiah Rodgers,2024,13,0
Jonathan Taylor,2024,13,16.3
Jonathan Greenard,2024,13,0
Kyle Dugger,2024,13,0
Shaquille Quarterman,2024,13,0
Colby Parkinson,2024,13,2.3
Jon Runyan,2024,13,0
Michael Pittman Jr.,2024,13,9.2
Julian Blackmon,2024,13,0
Collin Johnson,2024,13,0
Jauan Jennings,2024,13,8.600000000000001
DaVon Hamilton,2024,13,0
Jordan Love,2024,13,18.96
Laviska Shenault Jr.,2024,13,0
Jeff Okudah,2024,13,0
D'Andre Swift,2024,13,9.4
Malik Harrison,2024,13,0
Grant Delpit,2024,13,0
Mekhi Becton,2024,13,0
A.J. Terrell,2024,13,0
K'Lavon Chaisson,2024,13,0
Noah Igbinoghene,2024,13,0
Yetur Gross-Matos,2024,13,0
Cole Kmet,2024,13,5.6
Jaylon Johnson,2024,13,0
Jeremy Chinn,2024,13,0
Akeem Davis-Gaither,2024,13,0
Mykal Walker,2024,13,0
Jaylinn Hawkins,2024,13,0
Daniel Thomas,2024,13,0
Kindle Vildor,2024,13,0
Darnell Mooney,2024,13,5
Braden Mann,2024,13,0
Chase Young,2024,13,0
Justin Jefferson,2024,13,16.9
Patrick Queen,2024,13,0
Antonio Gibson,2024,13,12.2
Ashtyn Davis,2024,13,0
Devin Duvernay,2024,13,4.300000000000001
D.J. Wonnum,2024,13,0
James Lynch,2024,13,0
Troy Dye,2024,13,0
Josh Metellus,2024,13,0
Kam Curl,2024,13,0
Justin Herbert,2024,13,7.9799999999999995
CeeDee Lamb,2024,13,5.9
John Simpson,2024,13,0
Amik Robertson,2024,13,0
Michael Danna,2024,13,0
Xavier McKinney,2024,13,0
Jalen Hurts,2024,13,16.619999999999997
Casey Toohill,2024,13,0
Tristan Wirfs,2024,13,0
Jerry Jeudy,2024,13,38.5
Jordyn Brooks,2024,13,0
Tee Higgins,2024,13,17.9
Antoine Winfield Jr.,2024,13,0
Darrell Taylor,2024,13,0
Cam Akers,2024,13,2.2
Van Jefferson,2024,13,5.3
Kristian Fulton,2024,13,0
Damien Lewis,2024,13,0
Zack Baun,2024,13,0
Adam Trautman,2024,13,0
Tyler Johnson,2024,13,0
Justin Strnad,2024,13,0
Charlie Woerner,2024,13,1.5
Khalil Davis,2024,13,0
Jordan Fuller,2024,13,0
Stephen Sullivan,2024,13,0
"Kenneth Murray, Jr.",2024,13,0
Joe Burrow,2024,13,20.259999999999998
Kwity Paye,2024,13,0
Dayo Odeyingbo,2024,13,0
Tim Jones,2024,13,0
Jamien Sherwood,2024,13,0
Michael Carter II,2024,13,0
Jason Pinnock,2024,13,0
Brandin Echols,2024,13,0
DJ Turner,2024,13,3.5
Nico Collins,2024,13,19.9
Chuba Hubbard,2024,13,2.3
Roy Lopez,2024,13,0
Ar'Darius Washington,2024,13,0
Nick McCloud,2024,13,0
Quintin Morris,2024,13,2.4000000000000004
Robert Jones,2024,13,0
Jaylen Waddle,2024,13,9.3
Caleb Farley,2024,13,0
Sam Cosmi,2024,13,0
Dillon Radunz,2024,13,0
Nick Bolton,2024,13,0
Alim McNeill,2024,13,0
Benjamin St-Juste,2024,13,0
Dyami Brown,2024,13,7.9
Camryn Bynum,2024,13,0
Tylan Wallace,2024,13,3.4000000000000004
Ihmir Smith-Marsette,2024,13,0
Noah Gray,2024,13,9.8
Zach Davidson,2024,13,0
Tedarrell Slaton,2024,13,0
Shemar Jean-Charles,2024,13,0
Nick Niemann,2024,13,0
Isaiah McDuffie,2024,13,0
Trey Smith,2024,13,0
Israel Mukuamu,2024,13,0
Grant Stuard,2024,13,0
Zayne Anderson,2024,13,0
Devon Key,2024,13,0
Naquan Jones,2024,13,0
Brock Wright,2024,13,2.3
Jon Rhattigan,2024,13,0
Christian Elliss,2024,13,0
Feleipe Franks,2024,13,0
Kene Nwangwu,2024,13,6
Tutu Atwell,2024,13,5.9
Evan McPherson,2024,13,8
Ben Skowronek,2024,13,3.3000000000000003
Pat Surtain II,2024,13,0
Rhamondre Stevenson,2024,13,11.4
Kylen Granson,2024,13,0
Jaelon Darden,2024,13,0
Janarius Robinson,2024,13,0
Penei Sewell,2024,13,0
Jay Tufele,2024,13,0
Tommy Togiai,2024,13,0
Tre Brown,2024,13,0
Luke Farrell,2024,13,0
Damar Hamlin,2024,13,0
Najee Harris,2024,13,24.9
Pat Freiermuth,2024,13,18.8
Victor Dimukeje,2024,13,0
Ja'Marr Chase,2024,13,20.6
Eric Stokes,2024,13,0
Joseph Ossai,2024,13,0
Bobby Brown III,2024,13,0
Robert Rochell,2024,13,0
Khalil Herbert,2024,13,1.4000000000000001
Kadarius Toney,2024,13,0.30000000000000004
Greg Rousseau,2024,13,0
Milton Williams,2024,13,0
Kenneth Gainwell,2024,13,0
Payton Turner,2024,13,0
Pete Werner,2024,13,0
Kyle Trask,2024,13,0.2
Micah Parsons,2024,13,0
Zaven Collins,2024,13,0
Odafe Oweh,2024,13,0
Andre Cisco,2024,13,0
Osa Odighizuwa,2024,13,0
Jaycee Horn,2024,13,0
Justin Fields,2024,13,0.7000000000000001
Avery Williams,2024,13,0
Jonathon Cooper,2024,13,0
Teven Jenkins,2024,13,0
Terrace Marshall Jr.,2024,13,0
Drew Dalman,2024,13,0
Tre'von Moehrig,2024,13,0
Amon-Ra St. Brown,2024,13,12.3
Kyle Pitts,2024,13,0
Trevor Lawrence,2024,13,1.2400000000000002
Mac Jones,2024,13,20
Travis Etienne,2024,13,8.8
Tyson Campbell,2024,13,0
Elijah Moore,2024,13,19.200000000000003
Christian Barmore,2024,13,0
Chauncey Golston,2024,13,0
Trey Sermon,2024,13,0
Brandon Stephens,2024,13,0
Joshua Palmer,2024,13,2.1
Divine Deablo,2024,13,0
Elijah Molden,2024,13,0
Ernest Jones,2024,13,0
Baron Browning,2024,13,0
Greg Newsome II,2024,13,0
Javonte Williams,2024,13,7.3999999999999995
Jevon Holland,2024,13,0
Chazz Surratt,2024,13,0
Hunter Long,2024,13,0
Tommy Tremble,2024,13,12.7
Patrick Jones II,2024,13,0
Dee Alford,2024,13,0
Amare Barno,2024,13,0
Jordan Davis,2024,13,0
Quay Walker,2024,13,0
Devonte Wyatt,2024,13,0
Riq Woolen,2024,13,0
Braxton Jones,2024,13,0
Kingsley Enagbare,2024,13,0
Trenton Gill,2024,13,0
Jack Sanborn,2024,13,0
Tyler Goodson,2024,13,0
Reed Blankenship,2024,13,0
Britain Covey,2024,13,0
Josh Jobe,2024,13,0
Vi Jones,2024,13,0
Tony Adams,2024,13,0
Irvin Charles,2024,13,0
Josh Ross,2024,13,0
Sauce Gardner,2024,13,0
Trent McDuffie,2024,13,0
George Karlaftis,2024,13,0
Bryan Cook,2024,13,0
Rasheed Walker,2024,13,0
Isiah Pacheco,2024,13,5.9
Nazeeh Johnson,2024,13,0
LaBryan Ray,2024,13,0
Cameron Dicker,2024,13,12
Jaylen Warren,2024,13,10.4
Kevin Austin Jr.,2024,13,7
Travon Walker,2024,13,0
Derek Stingley Jr.,2024,13,0
Drake London,2024,13,17.299999999999997
Jameson Williams,2024,13,9.6
Trevor Penning,2024,13,0
Devin Lloyd,2024,13,0
George Pickens,2024,13,16.4
James Cook,2024,13,19.000000000000004
Nik Bonitto,2024,13,0
Martin Emerson,2024,13,0
Marcus Jones,2024,13,0
Terrel Bernard,2024,13,0
Dylan Parham,2024,13,0
Rachaad White,2024,13,8.8
Dameon Pierce,2024,13,1.1
Micah McFadden,2024,13,0
DJ Davidson,2024,13,0
Khalil Shakir,2024,13,7
Tyler Allgeier,2024,13,3.2
Jerome Ford,2024,13,7.200000000000001
Zyon McCollum,2024,13,0
Otito Ogbonnia,2024,13,0
DaRon Bland,2024,13,0
Ty Chandler,2024,13,0.2
Luke Wattenberg,2024,13,0
John Ridgeway,2024,13,0
Matt Araiza,2024,13,0
Christian Benford,2024,13,0
Malcolm Rodriguez,2024,13,0
Jalen Nailor,2024,13,2.8
Drew Ogletree,2024,13,3.2
Jordan Jackson,2024,13,0
Mike Woods,2024,13,7.3
Theo Jackson,2024,13,0
Ja'Sir Taylor,2024,13,0
Montaric Brown,2024,13,0
Deane Leonard,2024,13,0
Jesse Luketa,2024,13,0
Kader Kohou,2024,13,0
Arron Mosby,2024,13,0
Kana'i Mauga,2024,13,0
Ja'Quan McMillian,2024,13,0
Jalen Virgil,2024,13,0
Alec Anderson,2024,13,0
Raheem Blackshear,2024,13,0
Tomon Fox,2024,13,0
Jake Hansen,2024,13,0
Tristin McCollum,2024,13,0
Stone Smartt,2024,13,1.3
J.J. Russell,2024,13,0
Mike Brown,2024,13,0
Ryan Wright,2024,13,0
Sincere McCormick,2024,13,8.5
Isaiah Pola-Mao,2024,13,0
Jordan Mason,2024,13,7.800000000000001
Segun Olubi,2024,13,0
Lucas Krull,2024,13,5.4
John Parker Romo,2024,13,13
Nephi Sewell,2024,13,0
Daniel Whelan,2024,13,0
Darrell Baker Jr.,2024,13,0
Nate Landman,2024,13,0
Julius Chestnut,2024,13,0
Sam Okuayinonu,2024,13,0
Ryan Stonehouse,2024,13,0
Kayvon Thibodeaux,2024,13,0
Evan Neal,2024,13,0
John Metchie III,2024,13,3.6
Nakobe Dean,2024,13,0
Nick Cross,2024,13,0
Hassan Haskins,2024,13,-2
Tucker Fisk,2024,13,1.1
Ja'Marcus Ingram,2024,13,0
Alec Pierce,2024,13,9.6
Jalen Tolbert,2024,13,6.1000000000000005
Kerby Joseph,2024,13,0
Brandon Aubrey,2024,13,9
Maurice Alexander,2024,13,0
Jeremiah Pharms Jr.,2024,13,0
Garrett Wilson,2024,13,9.100000000000001
Jahan Dotson,2024,13,1.7000000000000002
Trey McBride,2024,13,21.6
Brian Robinson Jr.,2024,13,17.900000000000002
Cam Taylor-Britt,2024,13,0
Nicholas Petit-Frere,2024,13,0
Travis Jones,2024,13,0
Cordale Flott,2024,13,0
Dondrea Tillman,2024,13,0
KaVontae Turpin,2024,13,9.5
Zachary Carter,2024,13,0
Jeremy Ruckert,2024,13,1.3
Chigoziem Okonkwo,2024,13,5.7
Troy Andersen,2024,13,0
Abraham Lucas,2024,13,0
Cameron Thomas,2024,13,0
Zion Johnson,2024,13,0
Leo Chenal,2024,13,0
Brian Asamoah II,2024,13,0
Tyler Linderbaum,2024,13,0
Samuel Womack,2024,13,0
Kalia Davis,2024,13,0
Brock Purdy,2024,13,2.16
Calvin Austin III,2024,13,10.9
Isaiah Likely,2024,13,14.8
Cobie Durant,2024,13,0
Kyren Williams,2024,13,18.299999999999997
Quentin Lake,2024,13,0
Kyle Hamilton,2024,13,0
Jack Jones,2024,13,0
Joshua Williams,2024,13,0
Jordan Stout,2024,13,0
Joshua Paschal,2024,13,0
Pierre Strong Jr.,2024,13,0
Percy Butler,2024,13,0
Damarri Mathis,2024,13,0
Micheal Clemons,2024,13,0
Kyler Gordon,2024,13,0
Daniel Bellinger,2024,13,0
Arnold Ebiketie,2024,13,0
Wan'Dale Robinson,2024,13,2.6
Jalyn Armour-Davis,2024,13,0
Breece Hall,2024,13,5
Alontae Taylor,2024,13,0
Dane Belton,2024,13,0
Christian Watson,2024,13,8.7
Roger McCreary,2024,13,0
Logan Hall,2024,13,0
Cade Otton,2024,13,6
Boye Mafe,2024,13,0
Kenneth Walker III,2024,13,5.6000000000000005
Coby Bryant,2024,13,0
Josh Butler,2024,13,0
Xavier Smith,2024,13,0
Jalen Carter,2024,13,0
Dontayvion Wicks,2024,13,7
Will Mallory,2024,13,1.7000000000000002
Terell Smith,2024,13,0
Eric Gray,2024,13,0
Karl Brooks,2024,13,0
Anders Carlson,2024,13,1
Jaylon Jones,2024,13,0
Carrington Valentine,2024,13,0
Moro Ojomo,2024,13,0
Brenton Cox Jr.,2024,13,0
Bryce Ford-Wheaton,2024,13,0
Brady Russell,2024,13,0
Xavier Gipson,2024,13,0.9
Trenton Simpson,2024,13,0
Tavius Robinson,2024,13,0
Jordon Riley,2024,13,0
DJ Johnson,2024,13,0
Bijan Robinson,2024,13,25.500000000000004
Jaxon Smith-Njigba,2024,13,11.9
Quentin Johnston,2024,13,3.2
Mazi Smith,2024,13,0
Myles Murphy,2024,13,0
Luke Schoonmaker,2024,13,8.3
Daiyan Henley,2024,13,0
Ji'Ayir Brown,2024,13,0
Tank Bigsby,2024,13,4.5
DeMarvion Overshown,2024,13,0
Dorian Williams,2024,13,0
Darnell Washington,2024,13,2
Michael Wilson,2024,13,10.5
Jordan Battle,2024,13,0
Jake Moody,2024,13,2
Tre Tucker,2024,13,13.9
Chad Ryland,2024,13,16
Clark Phillips III,2024,13,0
Ventrell Miller,2024,13,0
Derius Davis,2024,13,1.6
Isaiah McGuire,2024,13,0
Nick Herbig,2024,13,0
Aidan O'Connell,2024,13,19.6
Cameron Mitchell,2024,13,0
Josh Whyle,2024,13,1.3
Justin Shorter,2024,13,0
Antonio Johnson,2024,13,0
Chase Brown,2024,13,19
Henry To'oTo'o,2024,13,0
Parker Washington,2024,13,22.3
Kayshon Boutte,2024,13,7.1000000000000005
Bryce Baringer,2024,13,0
Chris Rodriguez Jr.,2024,13,15.4
Scott Matlock,2024,13,1.2
Amari Burney,2024,13,0
Andrei Iosivas,2024,13,12.5
DeMario Douglas,2024,13,6
Dante Stills,2024,13,0
Dee Winters,2024,13,0
Kenny McIntosh,2024,13,0
Jalen Brooks,2024,13,1
Alex Austin,2024,13,0
Jalen Graham,2024,13,0
Starling Thomas V,2024,13,0
Chris Brooks,2024,13,4.9
Emari Demercado,2024,13,2.5
Blake Whiteheart,2024,13,0
Mohamoud Diabate,2024,13,0
Ronnie Hickman Jr.,2024,13,0
Julian Hill,2024,13,1.5
Hunter Luepke,2024,13,0.4
Jake Bobo,2024,13,0
Jalen Redmond,2024,13,0
Nate Adkins,2024,13,2.6
Art Green,2024,13,0
Demontrey Jacobs,2024,13,0
Jaleel McLaughlin,2024,13,9.4
Emanuel Wilson,2024,13,2
Christian Izien,2024,13,0
Rakim Jarrett,2024,13,0
Otis Reese,2024,13,0
Blake Grupe,2024,13,9
Brenton Strange,2024,13,2.4000000000000004
Zacch Pickens,2024,13,0
Jalin Hyatt,2024,13,2.8
Sean Tucker,2024,13,0
Natrone Brooks,2024,13,0
Marvin Mims Jr.,2024,13,19.9
Tank Dell,2024,13,3.3000000000000003
Zach Harrison,2024,13,0
Wanya Morris,2024,13,0
Chamarri Conner,2024,13,0
Keondre Coburn,2024,13,0
Jordan Addison,2024,13,9.4
Bryan Bresee,2024,13,0
Tucker Kraft,2024,13,13.8
Carter Warren,2024,13,0
Garrett Williams,2024,13,0
Nolan Smith,2024,13,0
Jack Campbell,2024,13,0
Roschon Johnson,2024,13,0
Tyjae Spears,2024,13,0.30000000000000004
De'Von Achane,2024,13,21
Elijah Higgins,2024,13,4.300000000000001
Derick Hall,2024,13,0
Josh Hayes,2024,13,0
Trey Palmer,2024,13,0
Jose Ramirez,2024,13,0
Ethan Evans,2024,13,0
Desjuan Johnson,2024,13,0
Jonathan Mingo,2024,13,1.2
Calijah Kancey,2024,13,0
Zay Flowers,2024,13,10.100000000000001
Sam LaPorta,2024,13,15.6
Michael Mayer,2024,13,1.5
Yaya Diaby,2024,13,0
Gervon Dexter Sr.,2024,13,0
Tyrique Stevenson,2024,13,0
Puka Nacua,2024,13,17.3
Will Anderson Jr.,2024,13,0
Keeanu Benton,2024,13,0
Tuli Tuipulotu,2024,13,0
Lukas Van Ness,2024,13,0
Cam Smith,2024,13,0
Ochaun Mathis,2024,13,0
Byron Young,2024,13,0
Kobie Turner,2024,13,0
Jahmyr Gibbs,2024,13,10.400000000000002
Kelee Ringo,2024,13,0
Brian Branch,2024,13,0
Will McDonald IV,2024,13,0
Jayden Reed,2024,13,19.700000000000003
Christian Gonzalez,2024,13,0
Keion White,2024,13,0
Quan Martin,2024,13,0
Bryce Young,2024,13,23.62
Will Levis,2024,13,15.18
C.J. Stroud,2024,13,14.379999999999999
Anthony Richardson,2024,13,23.16
Zach Charbonnet,2024,13,12.100000000000001
Joey Porter Jr.,2024,13,0
Devon Witherspoon,2024,13,0
Jake Bates,2024,13,11
Nate Wiggins,2024,13,0
Leonard Taylor III,2024,13,0
Eric Watts,2024,13,0
Dee Williams,2024,13,0
Byron Murphy II,2024,13,0
Ryan Rehkow,2024,13,0
Christian Roland-Wallace,2024,13,0
Carson Steele,2024,13,0
Brandon Codrington,2024,13,0
Malik Nabers,2024,13,15.3
Brock Bowers,2024,13,30.2
Taliese Fuaga,2024,13,0
Xavier Legette,2024,13,9.3
Kamari Lassiter,2024,13,0
Jonathon Brooks,2024,13,7.1
Renardo Green,2024,13,0
Trevin Wallace,2024,13,0
Luke McCaffrey,2024,13,3.3
Decamerion Richardson,2024,13,0
Cade Stover,2024,13,1.4
Malik Mustapha,2024,13,0
Bucky Irving,2024,13,27.500000000000004
Isaac Guerendo,2024,13,8.6
Jacob Cowing,2024,13,0
Tarheeb Still,2024,13,0
Xavier Thomas,2024,13,0
Jordan Magee,2024,13,0
Kris Abrams-Draine,2024,13,0
Jarvis Brownlee Jr.,2024,13,0
Audric Estimé,2024,13,1.2000000000000002
Josh Newton,2024,13,0
Jamari Thrash,2024,13,3.1
Chau Smith-Wade,2024,13,0
Tyrone Tracy Jr.,2024,13,14.5
Marcellas Dial Jr.,2024,13,0
Kimani Vidal,2024,13,2
Jha'Quan Jackson,2024,13,0
Mekhi Wingo,2024,13,0
Dylan Laube,2024,13,0
Cam Little,2024,13,5
Javontae Jean-Baptiste,2024,13,0
Jonah Laulu,2024,13,0
Devaughn Vele,2024,13,2.6
James Williams,2024,13,0
Jowon Briggs,2024,13,0
Jaylen Harrell,2024,13,0
Isaiah Williams,2024,13,0
Beanie Bishop Jr.,2024,13,0
Storm Duck,2024,13,0
Brevyn Spann-Ford,2024,13,0
Julius Wood,2024,13,0
Amari Gainer,2024,13,0
Matthew Hayball,2024,13,0
Rico Payton,2024,13,0
Maema Njongmeta,2024,13,0
Bryce Oliver,2024,13,0
Thomas Harper,2024,13,0
Tyler Owens,2024,13,0
Dell Pettus,2024,13,0
Evan Anderson,2024,13,0
Bo Richter,2024,13,0
JC Latham,2024,13,1
Bo Nix,2024,13,14.16
Braden Fiske,2024,13,0
Jackson Powers-Johnson,2024,13,0
Tip Reiman,2024,13,1.9
Blake Corum,2024,13,4.2
Jalyx Hunt,2024,13,0
Payton Wilson,2024,13,0
Tory Taylor,2024,13,0
Will Shipley,2024,13,0.4
Tyler Davis,2024,13,0
Joshua Karty,2024,13,3
Jordan Whittington,2024,13,0
Joe Andreessen,2024,13,0
Elijah Chatman,2024,13,0
Josh Wallace,2024,13,0
Omar Speights,2024,13,0
Jaylen McCollough,2024,13,0
Qwan'tez Stiggers,2024,13,0
Adisa Isaac,2024,13,0
AJ Barner,2024,13,9.4
Braelon Allen,2024,13,4.7
Rasheen Ali,2024,13,0
Isaiah Davis,2024,13,12.2
Sataoa Laumea,2024,13,0
Max Melton,2024,13,0
Isaiah Adams,2024,13,0
Jonah Elliss,2024,13,0
Jermaine Burton,2024,13,0
Evan Williams,2024,13,0
Tyrice Knight,2024,13,0
Anthony Gould,2024,13,0
Andru Phillips,2024,13,0
Jaden Hicks,2024,13,0
Jeremiah Trotter Jr.,2024,13,0
Darius Muasau,2024,13,0
Kamren Kinchens,2024,13,0
Calen Bullock,2024,13,0
Austin Booker,2024,13,0
Cooper DeJean,2024,13,0
Theo Johnson,2024,13,10.4
Marvin Harrison Jr.,2024,13,17
Drake Maye,2024,13,20.42
Jared Verse,2024,13,0
Jalen McMillan,2024,13,4.5
Cedric Gray,2024,13,0
Brandon Dorlus,2024,13,0
Kool-Aid McKinstry,2024,13,0
Tyler Nubin,2024,13,0
Javon Bullard,2024,13,0
Troy Franklin,2024,13,4.800000000000001
Cole Bishop,2024,13,0
Ray Davis,2024,13,13.700000000000001
Malik Washington,2024,13,2.8
T'Vondre Sweat,2024,13,0
Layden Robinson,2024,13,0
Quinyon Mitchell,2024,13,0
Maason Smith,2024,13,0
Adonai Mitchell,2024,13,0
Brian Thomas Jr.,2024,13,18.7
Xavier Worthy,2024,13,10.4
Mike Sainristil,2024,13,0
Terrion Arnold,2024,13,0
Graham Barton,2024,13,0
Ja'Lynn Polk,2024,13,0
Kris Jenkins,2024,13,0
Jayden Daniels,2024,13,27.64
Ben Sinnott,2024,13,1.3
Ladd McConkey,2024,13,19.700000000000003
Ricky Pearsall,2024,13,0
Caleb Williams,2024,13,26.14
Rome Odunze,2024,13,4.5
Malachi Corley,2024,13,0.8
Trey Benson,2024,13,2
NA,2024,13,0
Aaron Rodgers,2024,14,17.560000000000002
Nick Folk,2024,14,7
Calais Campbell,2024,14,0
Matthew Stafford,2024,14,20.8
Graham Gano,2024,14,4
Thomas Morstead,2024,14,0
Von Miller,2024,14,0
Cameron Jordan,2024,14,0
Cameron Heyward,2024,14,0
Johnny Hekker,2024,14,0
Rodney McLeod Jr.,2024,14,0
Russell Wilson,2024,14,16.02
Lavonte David,2024,14,0
Kirk Cousins,2024,14,11.76
Harrison Smith,2024,14,0
Demario Davis,2024,14,0
Bryan Anger,2024,14,0
Brandon McManus,2024,14,7
Kyle Juszczyk,2024,14,1.3
Adam Thielen,2024,14,19.200000000000003
Darius Slay,2024,14,0
Johnathan Hankins,2024,14,0
John Jenkins,2024,14,0
Sam Martin,2024,14,0
Dustin Hopkins,2024,14,0
Jordan Poyer,2024,14,0
Keenan Allen,2024,14,6
Tyrann Mathieu,2024,14,0
Travis Kelce,2024,14,9.5
Lane Johnson,2024,14,0
DeAndre Hopkins,2024,14,13.2
Geno Smith,2024,14,12.32
Cordarrelle Patterson,2024,14,-0.8999999999999999
Mike Pennel,2024,14,0
Casey Kreiter,2024,14,0
Khalil Mack,2024,14,0
DaQuan Jones,2024,14,0
Pat O'Donnell,2024,14,0
Chris Boswell,2024,14,11
Cairo Santos,2024,14,1
Odell Beckham Jr.,2024,14,1.1
Brandin Cooks,2024,14,7.3
Shelby Harris,2024,14,0
Derek Carr,2024,14,11.96
Morgan Moses,2024,14,0
C.J. Goodwin,2024,14,0
Davante Adams,2024,14,25.9
Mike Evans,2024,14,10.9
Jason Myers,2024,14,12
Jameis Winston,2024,14,17.28
Amari Cooper,2024,14,15.5
Eddie Goldman,2024,14,0
Eric Kendricks,2024,14,0
Za'Darius Smith,2024,14,0
Grady Jarrett,2024,14,0
MyCole Pruitt,2024,14,0.9
DeAndre Carter,2024,14,0
DeShawn Williams,2024,14,0
Taylor Heinicke,2024,14,1.2000000000000002
Leonard Williams,2024,14,0
Bradley Pinion,2024,14,0
Ameer Abdullah,2024,14,0.8
Kwon Alexander,2024,14,0
Jordan Hicks,2024,14,0
C.J. Uzomah,2024,14,0
Bud Dupree,2024,14,0
T.Y. McGill,2024,14,0
Arik Armstead,2024,14,0
Ronald Darby,2024,14,0
Tyler Lockett,2024,14,0
D.J. Humphries,2024,14,0
Tyler Matakevich,2024,14,0
Germain Ifedi,2024,14,0
Sterling Shepard,2024,14,10.3
Jarran Reed,2024,14,0
Nick Vannett,2024,14,1.4
Graham Glasgow,2024,14,0
Miles Killebrew,2024,14,0
De'Vondre Campbell,2024,14,0
Matthew Judon,2024,14,0
Quinton Jefferson,2024,14,0
Brandon Allen,2024,14,-1
Kamu Grugier-Hill,2024,14,0
Elandon Roberts,2024,14,0
Mike Hilton,2024,14,0
Morgan Fox,2024,14,0
Chris Jones,2024,14,0
Austin Johnson,2024,14,0
Demarcus Robinson,2024,14,0
Jalen Mills,2024,14,0
A'Shawn Robinson,2024,14,0
Daryl Worley,2024,14,0
C.J. Ham,2024,14,0
Antonio Hamilton,2024,14,0
Justin Simmons,2024,14,0
Tyler Boyd,2024,14,1.7000000000000002
Tyreek Hill,2024,14,28.1
Ezekiel Elliott,2024,14,1.5999999999999999
Jihad Ward,2024,14,0
David Onyemata,2024,14,0
Jalen Ramsey,2024,14,0
Jack Conklin,2024,14,0
Leonard Floyd,2024,14,0
Emmanuel Ogbah,2024,14,0
Lucas Patrick,2024,14,0
Kendall Fuller,2024,14,0
Jonathan Bullard,2024,14,0
Jared Goff,2024,14,23.02
Kenny Clark,2024,14,0
Maliek Collins,2024,14,0
Kevin Byard,2024,14,0
Joey Bosa,2024,14,0
Johnny Mundt,2024,14,0
Zach Pascal,2024,14,0
Curtis Samuel,2024,14,3.6
George Kittle,2024,14,21.1
Aaron Jones,2024,14,16.400000000000002
Chuck Clark,2024,14,0
Nick Mullens,2024,14,-0.2
Eric Wilson,2024,14,0
Tim Patrick,2024,14,22.3
Adam Butler,2024,14,0
Pharaoh Brown,2024,14,1.6
Damontae Kazee,2024,14,0
Kevin King,2024,14,0
Samaje Perine,2024,14,2.9000000000000004
Mike Williams,2024,14,6.6
Dalvin Tomlinson,2024,14,0
Chidobe Awuzie,2024,14,0
Rasul Douglas,2024,14,0
James Conner,2024,14,21.2
Mack Hollins,2024,14,15.7
Anthony Walker,2024,14,0
Matt Milano,2024,14,0
Eric Saubert,2024,14,1.4
Xavier Woods,2024,14,0
Jeremiah Ledbetter,2024,14,0
David Moore,2024,14,4.5
Pat O'Connor,2024,14,0
Cooper Rush,2024,14,14.82
Younghoe Koo,2024,14,7
DeMarcus Walker,2024,14,0
Jake Elliott,2024,14,1
JuJu Smith-Schuster,2024,14,5.1
Jonnu Smith,2024,14,13.4
Dan Skipper,2024,14,0
Myles Garrett,2024,14,0
Solomon Thomas,2024,14,0
Jamal Adams,2024,14,0
Patrick Mahomes,2024,14,14.100000000000001
Haason Reddick,2024,14,0
Malik Hooker,2024,14,0
Adoree' Jackson,2024,14,0
Evan Engram,2024,14,7.300000000000001
David Njoku,2024,14,17.2
T.J. Watt,2024,14,0
Budda Baker,2024,14,0
Zay Jones,2024,14,2.3
Marcus Maye,2024,14,0
Ethan Pocic,2024,14,0
Dion Dawkins,2024,14,0
Larry Ogunjobi,2024,14,0
Alvin Kamara,2024,14,12.9
Cooper Kupp,2024,14,20.200000000000003
Fabian Moreau,2024,14,0
Kareem Hunt,2024,14,3.9000000000000004
Shaquill Griffin,2024,14,0
Jourdan Lewis,2024,14,0
Trey Hendrickson,2024,14,0
Rayshawn Jenkins,2024,14,0
Jamaal Williams,2024,14,3.5
Al-Quadin Muhammad,2024,14,0
Jeff Wilson Jr.,2024,14,2.1
J.T. Gray,2024,14,0
Will Dissly,2024,14,3.9000000000000004
Michael Dickson,2024,14,0
Daniel Carlson,2024,14,7
J.K. Scott,2024,14,0
Eddy Pineiro,2024,14,3
Gus Edwards,2024,14,9.6
Darious Williams,2024,14,0
Poona Ford,2024,14,0
Elijah Campbell,2024,14,0
Tarvarius Moore,2024,14,0
Tyler Conklin,2024,14,6.300000000000001
Marquez Valdes-Scantling,2024,14,9.100000000000001
DeShon Elliott,2024,14,0
Zach Sieler,2024,14,0
Kentavius Street,2024,14,0
Greg Stroman,2024,14,0
Frank Ragnow,2024,14,0
Uchenna Nwosu,2024,14,0
Donte Jackson,2024,14,0
Isaiah Oliver,2024,14,0
Lorenzo Carter,2024,14,0
Justin Reid,2024,14,0
Jordan Akins,2024,14,2.4000000000000004
Josey Jewell,2024,14,0
Da'Shawn Hand,2024,14,0
Kyzir White,2024,14,0
Taron Johnson,2024,14,0
Josh Sweat,2024,14,0
D.J. Reed,2024,14,0
Siran Neal,2024,14,0
Ray-Ray McCloud,2024,14,18.1
Foye Oluokun,2024,14,0
Cedrick Wilson Jr.,2024,14,2.8
Logan Cooke,2024,14,0
Jonathan Owens,2024,14,0
Trent Sherfield,2024,14,0
Tavierre Thomas,2024,14,0
Ezekiel Turner,2024,14,0
Allen Lazard,2024,14,2.8
Charvarius Ward,2024,14,0
Tanner Hudson,2024,14,2.9000000000000004
Tremaine Edmunds,2024,14,0
Jessie Bates,2024,14,0
Robert Spillane,2024,14,0
Corey Bojorquez,2024,14,0
Oren Burks,2024,14,0
Nathan Shepherd,2024,14,0
Vita Vea,2024,14,0
D.J. Chark Jr.,2024,14,1.9
Carlton Davis III,2024,14,0
Isaac Yiadom,2024,14,0
Harrison Phillips,2024,14,0
Minkah Fitzpatrick,2024,14,0
Derwin James,2024,14,0
Nick Chubb,2024,14,4.800000000000001
Jason Sanders,2024,14,15
Durham Smythe,2024,14,0
B.J. Hill,2024,14,0
Ogbo Okoronkwo,2024,14,0
Sebastian Joseph-Day,2024,14,0
Fred Warner,2024,14,0
Derrick Nnadi,2024,14,0
Arden Key,2024,14,0
D.J. Moore,2024,14,10.9
Harold Landry III,2024,14,0
Mike Gesicki,2024,14,5.4
Sam Hubbard,2024,14,0
Calvin Ridley,2024,14,12.9
Mike Hughes,2024,14,0
Saquon Barkley,2024,14,14.4
Baker Mayfield,2024,14,21
Denzel Ward,2024,14,0
Josh Allen,2024,14,51.88
Dante Pettis,2024,14,0
Sam Darnold,2024,14,34.580000000000005
Sam Eguavoen,2024,14,0
Jakobi Meyers,2024,14,13.7
Rashan Gary,2024,14,0
Darnell Savage,2024,14,0
Maxx Crosby,2024,14,0
Julian Love,2024,14,0
Foster Moreau,2024,14,6
Ty Summers,2024,14,0
Quinton Bell,2024,14,0
Jamie Gillan,2024,14,0
Jonathan Harris,2024,14,0
Keisean Nixon,2024,14,0
Ugo Amadi,2024,14,0
Mack Wilson,2024,14,0
Jack Fox,2024,14,0
Matthew Wright,2024,14,16
AJ Cole,2024,14,0
Kyler Murray,2024,14,19.96
T.J. Hockenson,2024,14,8.5
Ed Oliver,2024,14,0
Byron Murphy,2024,14,0
Cody Ford,2024,14,0
Sean Murphy-Bunting,2024,14,0
Josh Oliver,2024,14,3.6
Devin Singletary,2024,14,0.8
C.J. Gardner-Johnson,2024,14,0
Anthony Nelson,2024,14,0
Hjalte Froholdt,2024,14,0
Tony Pollard,2024,14,14.400000000000002
Drue Tranquill,2024,14,0
Amani Oruwariye,2024,14,0
Andrew Van Ginkel,2024,14,0
Blake Cashman,2024,14,0
Mike Jackson,2024,14,0
Byron Cowart,2024,14,0
Charles Omenihu,2024,14,0
Jake Bailey,2024,14,0
David Long Jr.,2024,14,0
Scott Miller,2024,14,6.800000000000001
Donovan Wilson,2024,14,0
Kaden Elliss,2024,14,0
Tyrel Dodson,2024,14,0
Cam Lewis,2024,14,0
Chase McLaughlin,2024,14,4
T.J. Edwards,2024,14,0
Carl Granderson,2024,14,0
Shy Tuttle,2024,14,0
Luke Gifford,2024,14,0
Greg Dortch,2024,14,1.5
Devin Bush,2024,14,0
Elgton Jenkins,2024,14,0
Darius Slayton,2024,14,4.7
Ty Johnson,2024,14,13.5
Kemon Hall,2024,14,0
Travis Homer,2024,14,4.1
Juan Thornhill,2024,14,0
Chris Lindstrom,2024,14,0
Drew Sample,2024,14,3.3
Amani Hooker,2024,14,0
L.J. Collier,2024,14,0
DK Metcalf,2024,14,8.9
Josh Hines-Allen,2024,14,0
Jeffery Simmons,2024,14,0
Noah Fant,2024,14,4.8
Montez Sweat,2024,14,0
Will Harris,2024,14,0
Khalen Saunders,2024,14,0
Taylor Rapp,2024,14,0
Greg Gaines,2024,14,0
Jerry Tillery,2024,14,0
A.J. Brown,2024,14,8.3
Dre'Mont Jones,2024,14,0
Quincy Williams,2024,14,0
David Montgomery,2024,14,19.400000000000002
Dawson Knox,2024,14,1.5
Germaine Pratt,2024,14,0
Jamel Dean,2024,14,0
Josh Jacobs,2024,14,24.6
Drew Lock,2024,14,15.98
Jalen Thompson,2024,14,0
Brian Burns,2024,14,0
Quinnen Williams,2024,14,0
Deebo Samuel Sr.,2024,14,5.5
James Pierre,2024,14,0
Corliss Waitman,2024,14,0
Benito Jones,2024,14,0
Chris Williams,2024,14,0
Blake Gillikin,2024,14,0
Tershawn Wharton,2024,14,0
Christian Rozeboom,2024,14,0
Jonah Williams,2024,14,0
Myles Adams,2024,14,0
Patrick Taylor,2024,14,8.5
Sam Franklin Jr.,2024,14,0
Juwan Johnson,2024,14,14
Cam Gill,2024,14,0
Ben Bredeson,2024,14,0
James Proche,2024,14,3.8
Rico Dowdle,2024,14,15.100000000000001
Tyler Bass,2024,14,6
Aaron Brewer,2024,14,0
Mason Kinsey,2024,14,0
Teair Tart,2024,14,0
Nick Westbrook-Ikhine,2024,14,2.9000000000000004
A.J. Epenesa,2024,14,0
Geno Stone,2024,14,0
Tua Tagovailoa,2024,14,23.540000000000003
Isaiah Rodgers,2024,14,0
Jonathan Greenard,2024,14,0
Shaquille Quarterman,2024,14,0
Colby Parkinson,2024,14,2.1
Julian Okwara,2024,14,0
Collin Johnson,2024,14,1.6
Colton McKivitz,2024,14,0
Jauan Jennings,2024,14,28
Javon Kinlaw,2024,14,0
DaVon Hamilton,2024,14,0
Jordan Love,2024,14,14.540000000000001
D'Andre Swift,2024,14,5.000000000000001
Grant Delpit,2024,14,0
Mekhi Becton,2024,14,0
K'Lavon Chaisson,2024,14,0
Yetur Gross-Matos,2024,14,0
Cole Kmet,2024,14,0
Jaylon Johnson,2024,14,0
Darrynton Evans,2024,14,0.30000000000000004
Akeem Davis-Gaither,2024,14,0
Darnell Mooney,2024,14,20.200000000000003
Braden Mann,2024,14,0
Chase Young,2024,14,0
Justin Jefferson,2024,14,32.2
Patrick Queen,2024,14,0
Ashtyn Davis,2024,14,0
Devin Duvernay,2024,14,3.0999999999999996
Josiah Deguara,2024,14,0
Alex Highsmith,2024,14,0
D.J. Wonnum,2024,14,0
Troy Dye,2024,14,0
Kevin Dotson,2024,14,0
Blake Brandel,2024,14,0
Josh Metellus,2024,14,0
Kam Curl,2024,14,0
Justin Herbert,2024,14,13.719999999999999
Isaiah Simmons,2024,14,0
CeeDee Lamb,2024,14,21.4
Trevon Diggs,2024,14,0
Neville Gallimore,2024,14,0
Michael Danna,2024,14,0
Jalen Reagor,2024,14,1.4
Xavier McKinney,2024,14,0
Jalen Hurts,2024,14,23.22
Darnay Holmes,2024,14,0
Tristan Wirfs,2024,14,0
Jerry Jeudy,2024,14,17.4
Jordyn Brooks,2024,14,0
Tee Higgins,2024,14,4.300000000000001
Darrell Taylor,2024,14,0
Cam Akers,2024,14,3.7
Van Jefferson,2024,14,8
Kristian Fulton,2024,14,0
Zack Baun,2024,14,0
DeeJay Dallas,2024,14,0
Charlie Woerner,2024,14,2.1
Khalil Davis,2024,14,0
Jordan Fuller,2024,14,0
Joe Burrow,2024,14,24.56
Ke'Shawn Vaughn,2024,14,0.4
Jamien Sherwood,2024,14,0
Michael Carter II,2024,14,0
Jason Pinnock,2024,14,0
Brandin Echols,2024,14,0
Kenny Yeboah,2024,14,0
Chuba Hubbard,2024,14,20.700000000000003
Deommodore Lenoir,2024,14,0
Talanoa Hufanga,2024,14,0
Roy Lopez,2024,14,0
Nick McCloud,2024,14,0
Robert Jones,2024,14,0
Jaylen Waddle,2024,14,18.9
Jamin Davis,2024,14,0
Dillon Radunz,2024,14,0
Dee Eskridge,2024,14,0
Nick Bolton,2024,14,0
Alim McNeill,2024,14,0
Camryn Bynum,2024,14,0
Ihmir Smith-Marsette,2024,14,0
Noah Gray,2024,14,6.6
Tedarrell Slaton,2024,14,0
Nick Niemann,2024,14,0
Isaiah McDuffie,2024,14,0
Trey Smith,2024,14,0
Zayne Anderson,2024,14,0
Naquan Jones,2024,14,0
Caleb Johnson,2024,14,0
Charles Snowden,2024,14,0
Brock Wright,2024,14,0
Jon Rhattigan,2024,14,0
Kene Nwangwu,2024,14,0
Isaiahh Loudermilk,2024,14,0
Tutu Atwell,2024,14,7.5
Ben Skowronek,2024,14,0
Dan Moore Jr.,2024,14,0
Jaelon Darden,2024,14,0
Marco Wilson,2024,14,0
Damar Hamlin,2024,14,0
Najee Harris,2024,14,11.3
Pat Freiermuth,2024,14,13.8
Ja'Marr Chase,2024,14,45.1
Eric Stokes,2024,14,0
Joseph Ossai,2024,14,0
Bobby Brown III,2024,14,0
Robert Rochell,2024,14,0
Khalil Herbert,2024,14,2.1
DeVonta Smith,2024,14,13.7
Kadarius Toney,2024,14,0
Greg Rousseau,2024,14,0
Milton Williams,2024,14,0
Kenneth Gainwell,2024,14,5.3
Patrick Johnson,2024,14,0
Payton Turner,2024,14,0
Pete Werner,2024,14,0
Micah Parsons,2024,14,0
Zaven Collins,2024,14,0
Andre Cisco,2024,14,0
Osa Odighizuwa,2024,14,0
Jaycee Horn,2024,14,0
Avery Williams,2024,14,0
Terrace Marshall Jr.,2024,14,1.6
Drew Dalman,2024,14,0
Tre'von Moehrig,2024,14,0
Amon-Ra St. Brown,2024,14,10.3
Kyle Pitts,2024,14,2.4000000000000004
Mac Jones,2024,14,7.1000000000000005
Travis Etienne,2024,14,11
Tyson Campbell,2024,14,0
Walker Little,2024,14,0
Spencer Brown,2024,14,0
Elijah Moore,2024,14,6.4
Chauncey Golston,2024,14,0
Joshua Palmer,2024,14,13.8
Elijah Molden,2024,14,0
Ernest Jones,2024,14,0
Baron Browning,2024,14,0
Greg Newsome II,2024,14,0
Jevon Holland,2024,14,0
Chazz Surratt,2024,14,0
Hunter Long,2024,14,6
Tommy Tremble,2024,14,7.3
Dee Alford,2024,14,0
Amare Barno,2024,14,0
Elijah Garcia,2024,14,0
Jordan Davis,2024,14,0
Quay Walker,2024,14,0
Devonte Wyatt,2024,14,0
Riq Woolen,2024,14,0
Kingsley Enagbare,2024,14,0
Grant Calcaterra,2024,14,10.6
Dareke Young,2024,14,0
Jack Sanborn,2024,14,0
Josh Blackwell,2024,14,0
Josh Jobe,2024,14,0
Vi Jones,2024,14,0
Tony Adams,2024,14,0
Trent McDuffie,2024,14,0
George Karlaftis,2024,14,0
Bryan Cook,2024,14,0
Isiah Pacheco,2024,14,8.1
LaBryan Ray,2024,14,0
Jack Cochrane,2024,14,0
Cameron Dicker,2024,14,5
Jaylen Warren,2024,14,9.2
Ikem Ekwonu,2024,14,0
Kevin Austin Jr.,2024,14,1.5
Travon Walker,2024,14,0
Drake London,2024,14,12
Jameson Williams,2024,14,13
Devin Lloyd,2024,14,0
James Cook,2024,14,4.9
Martin Emerson,2024,14,0
Terrel Bernard,2024,14,0
Rachaad White,2024,14,24.9
Micah McFadden,2024,14,0
Khalil Shakir,2024,14,21.6
Tyler Allgeier,2024,14,12.3
Jerome Ford,2024,14,7.700000000000001
Zyon McCollum,2024,14,0
Otito Ogbonnia,2024,14,0
DaRon Bland,2024,14,0
Ty Chandler,2024,14,0
John Ridgeway,2024,14,0
Matt Araiza,2024,14,0
Christian Benford,2024,14,0
Mike Woods,2024,14,2.2
Theo Jackson,2024,14,0
Ja'Sir Taylor,2024,14,0
Montaric Brown,2024,14,0
Jesse Luketa,2024,14,0
D'Anthony Bell,2024,14,0
Kader Kohou,2024,14,0
Arron Mosby,2024,14,0
Kana'i Mauga,2024,14,0
Jalen Virgil,2024,14,0
Raheem Blackshear,2024,14,0
Tristin McCollum,2024,14,0
Stone Smartt,2024,14,8.4
Deven Thompkins,2024,14,1.7000000000000002
Ryan Wright,2024,14,0
Sincere McCormick,2024,14,10.9
Isaiah Pola-Mao,2024,14,0
Marcelino McCrary-Ball,2024,14,0
Nephi Sewell,2024,14,0
Daniel Whelan,2024,14,0
Darrell Baker Jr.,2024,14,0
Nate Landman,2024,14,0
Sam Okuayinonu,2024,14,0
Ryan Stonehouse,2024,14,0
Kayvon Thibodeaux,2024,14,0
Nakobe Dean,2024,14,0
Jacob Hummel,2024,14,0
Tucker Fisk,2024,14,1
Ja'Marcus Ingram,2024,14,0
C.J. Brewer,2024,14,0
Jalen Tolbert,2024,14,0
Kerby Joseph,2024,14,0
Brandon Aubrey,2024,14,9
Maurice Alexander,2024,14,0
Garrett Wilson,2024,14,18.4
Jahan Dotson,2024,14,1.5
Trey McBride,2024,14,14
Tycen Anderson,2024,14,0
Cam Taylor-Britt,2024,14,0
Nicholas Petit-Frere,2024,14,0
KaVontae Turpin,2024,14,4.1
Jeremy Ruckert,2024,14,0
Joshua Ezeudu,2024,14,0
Chigoziem Okonkwo,2024,14,3.8
Troy Andersen,2024,14,0
Abraham Lucas,2024,14,0
Channing Tindall,2024,14,0
Cameron Thomas,2024,14,0
Zach Tom,2024,14,0
Zion Johnson,2024,14,0
Leo Chenal,2024,14,0
Charles Cross,2024,14,0
Brian Asamoah II,2024,14,0
Kalia Davis,2024,14,0
Brock Purdy,2024,14,22.1
Luke Goedeke,2024,14,0
Calvin Austin III,2024,14,1.4
Cobie Durant,2024,14,0
Kyren Williams,2024,14,23.700000000000003
Quentin Lake,2024,14,0
Daniel Hardy,2024,14,0
Jack Jones,2024,14,0
Jake Ferguson,2024,14,6.2
Joshua Williams,2024,14,0
Cordell Volson,2024,14,0
Cade York,2024,14,9
Pierre Strong Jr.,2024,14,2.9
Kyler Gordon,2024,14,0
Cam Jurgens,2024,14,0
Daniel Bellinger,2024,14,9.5
Arnold Ebiketie,2024,14,0
Wan'Dale Robinson,2024,14,7.800000000000001
Alontae Taylor,2024,14,0
Desmond Ridder,2024,14,3.34
Dane Belton,2024,14,0
Christian Watson,2024,14,13.4
Logan Hall,2024,14,0
Cade Otton,2024,14,10
Boye Mafe,2024,14,0
Coby Bryant,2024,14,0
Xavier Smith,2024,14,0
Jalen Carter,2024,14,0
Colby Wooden,2024,14,0
Dontayvion Wicks,2024,14,8.9
Terell Smith,2024,14,0
Karl Brooks,2024,14,0
Jarrick Bernard-Converse,2024,14,0
Anders Carlson,2024,14,16
Tre Hawkins III,2024,14,0
Carrington Valentine,2024,14,0
Moro Ojomo,2024,14,0
Tyson Bagent,2024,14,0.24
Brenton Cox Jr.,2024,14,0
Bryce Ford-Wheaton,2024,14,0
Claudin Cherelus,2024,14,0
Xavier Gipson,2024,14,0
Jordon Riley,2024,14,0
Nikko Remigio,2024,14,0
DJ Johnson,2024,14,0
Paris Johnson Jr.,2024,14,0
Tyree Wilson,2024,14,0
Bijan Robinson,2024,14,20.1
Jaxon Smith-Njigba,2024,14,19.6
Quentin Johnston,2024,14,15.8
Mazi Smith,2024,14,0
Myles Murphy,2024,14,0
Luke Schoonmaker,2024,14,4.2
Kendre Miller,2024,14,9.2
Daiyan Henley,2024,14,0
Ji'Ayir Brown,2024,14,0
Tank Bigsby,2024,14,13.2
DeMarvion Overshown,2024,14,0
Darnell Washington,2024,14,0
Michael Wilson,2024,14,13.7
Jordan Battle,2024,14,0
Jake Moody,2024,14,8
Tre Tucker,2024,14,2.7
Chad Ryland,2024,14,3
Clark Phillips III,2024,14,0
Ventrell Miller,2024,14,0
Derius Davis,2024,14,2.1
Isaiah McGuire,2024,14,0
Aidan O'Connell,2024,14,7.76
Yasir Abdullah,2024,14,0
Cameron Mitchell,2024,14,0
Jordan Howden,2024,14,0
Josh Whyle,2024,14,5.1
Olu Oluwatimi,2024,14,0
Antonio Johnson,2024,14,0
Chase Brown,2024,14,24.3
Chris Smith II,2024,14,0
Robert Beal Jr.,2024,14,0
Parker Washington,2024,14,3.5
Amari Burney,2024,14,0
Andrei Iosivas,2024,14,8.100000000000001
Dante Stills,2024,14,0
Dee Winters,2024,14,0
Kenny McIntosh,2024,14,6.500000000000001
D.J. Ivey,2024,14,0
Jalen Graham,2024,14,0
Cory Durden,2024,14,0
Trevor Nowaske,2024,14,0
Starling Thomas V,2024,14,0
Mitchell Agude,2024,14,0
Chris Brooks,2024,14,0.30000000000000004
Emari Demercado,2024,14,5.5
Blake Whiteheart,2024,14,0
Mohamoud Diabate,2024,14,0
Ronnie Hickman Jr.,2024,14,0
Julian Hill,2024,14,2.4000000000000004
Princeton Fant,2024,14,0
Hunter Luepke,2024,14,1.5
Jalen Redmond,2024,14,0
Art Green,2024,14,0
Emanuel Wilson,2024,14,0.7000000000000001
Ben Sims,2024,14,1.2
Evan Deckers,2024,14,0
Christian Izien,2024,14,0
Rakim Jarrett,2024,14,0
Kaevon Merriweather,2024,14,0
Ryan Miller,2024,14,0
Otis Reese,2024,14,0
Blake Grupe,2024,14,1
Brenton Strange,2024,14,3.1
Zacch Pickens,2024,14,0
Jalin Hyatt,2024,14,0
Brodric Martin,2024,14,0
Tyler Lacy,2024,14,0
Sean Tucker,2024,14,4.7
Zach Harrison,2024,14,0
Chamarri Conner,2024,14,0
Keondre Coburn,2024,14,0
Jordan Addison,2024,14,39.3
Bryan Bresee,2024,14,0
Tucker Kraft,2024,14,13.100000000000001
Jake Haener,2024,14,-0.1
Garrett Williams,2024,14,0
Nolan Smith,2024,14,0
Jack Campbell,2024,14,0
John Michael Schmitz,2024,14,0
Tyjae Spears,2024,14,3.3000000000000003
De'Von Achane,2024,14,18.9
Derick Hall,2024,14,0
Matthew Bergeron,2024,14,0
Payne Durham,2024,14,0
Trey Palmer,2024,14,0
Steve Avila,2024,14,0
Ethan Evans,2024,14,0
Desjuan Johnson,2024,14,0
Jonathan Mingo,2024,14,0
Calijah Kancey,2024,14,0
Sam LaPorta,2024,14,10.4
Michael Mayer,2024,14,13.8
Yaya Diaby,2024,14,0
Gervon Dexter Sr.,2024,14,0
Tyrique Stevenson,2024,14,0
Puka Nacua,2024,14,41.8
Keeanu Benton,2024,14,0
Tuli Tuipulotu,2024,14,0
Lukas Van Ness,2024,14,0
Byron Young,2024,14,0
Kobie Turner,2024,14,0
Jahmyr Gibbs,2024,14,19.3
Kelee Ringo,2024,14,0
Brian Branch,2024,14,0
Isaiah Foskey,2024,14,0
Jayden Reed,2024,14,0
Bryce Young,2024,14,13.540000000000001
Will Levis,2024,14,6.02
Zach Charbonnet,2024,14,38.3
Joey Porter Jr.,2024,14,0
Devon Witherspoon,2024,14,0
Jake Bates,2024,14,11
Johnny Wilson,2024,14,0
Andre' Sam,2024,14,0
George Holani,2024,14,0.9
Byron Murphy II,2024,14,0
Baylor Cupp,2024,14,0
Ryan Rehkow,2024,14,0
Christian Roland-Wallace,2024,14,0
Brandon Codrington,2024,14,0
Malik Nabers,2024,14,12.9
Brock Bowers,2024,14,8.2
Taliese Fuaga,2024,14,0
Xavier Legette,2024,14,5.9
Jonathon Brooks,2024,14,-0.30000000000000004
Renardo Green,2024,14,0
Junior Colson,2024,14,0
Trevin Wallace,2024,14,0
Marist Liufau,2024,14,0
Jarrian Jones,2024,14,0
McKinnley Jackson,2024,14,0
Ja'Tavion Sanders,2024,14,0
Decamerion Richardson,2024,14,0
Malik Mustapha,2024,14,0
Bucky Irving,2024,14,2.8
Isaac Guerendo,2024,14,26.8
Jacob Cowing,2024,14,0
Tarheeb Still,2024,14,0
Xavier Thomas,2024,14,0
Cam Hart,2024,14,0
Jarvis Brownlee Jr.,2024,14,0
Josh Newton,2024,14,0
Chau Smith-Wade,2024,14,0
Tyrone Tracy Jr.,2024,14,19.3
Keilan Robinson,2024,14,0
Kimani Vidal,2024,14,3.4000000000000004
Jaden Crumedy,2024,14,0
Will Reichard,2024,14,5
Nathaniel Watson,2024,14,0
Cam Little,2024,14,4
Ryan Flournoy,2024,14,0
Jonah Laulu,2024,14,0
Jowon Briggs,2024,14,0
Isaiah Williams,2024,14,0
Beanie Bishop Jr.,2024,14,0
Jacoby Windmon,2024,14,0
Jack Browning,2024,14,0
Jake Kubas,2024,14,0
Casey Rogers,2024,14,0
Winston Reid,2024,14,0
Brevyn Spann-Ford,2024,14,0
Ramel Keyton,2024,14,0
Demani Richardson,2024,14,0
Matthew Hayball,2024,14,0
Dallin Holker,2024,14,2
Rico Payton,2024,14,0
Maema Njongmeta,2024,14,0
David Martin-Robinson,2024,14,0
Bryce Oliver,2024,14,2.6
Thomas Harper,2024,14,0
Evan Anderson,2024,14,0
Gabriel Murphy,2024,14,0
Bo Richter,2024,14,0
JC Latham,2024,14,0
Braden Fiske,2024,14,0
Jackson Powers-Johnson,2024,14,0
Tip Reiman,2024,14,2.4000000000000004
Blake Corum,2024,14,3.4000000000000004
Jalyx Hunt,2024,14,0
Payton Wilson,2024,14,0
Tory Taylor,2024,14,0
Will Shipley,2024,14,0
Joshua Karty,2024,14,7
Jordan Whittington,2024,14,0
Joe Andreessen,2024,14,0
Elijah Chatman,2024,14,0
Josh Wallace,2024,14,0
Omar Speights,2024,14,0
Jaylen McCollough,2024,14,0
Olumuyiwa Fashanu,2024,14,0
AJ Barner,2024,14,2.3
Braelon Allen,2024,14,12.100000000000001
Isaiah Davis,2024,14,15.7
Max Melton,2024,14,0
Isaiah Adams,2024,14,0
Tyrice Knight,2024,14,0
Jaden Hicks,2024,14,0
Darius Muasau,2024,14,0
Kamren Kinchens,2024,14,0
Austin Booker,2024,14,0
Cooper DeJean,2024,14,0
Tykee Smith,2024,14,0
Marvin Harrison Jr.,2024,14,8.9
Jared Verse,2024,14,0
Darius Robinson,2024,14,0
Jalen McMillan,2024,14,21.9
Cedric Gray,2024,14,0
Kool-Aid McKinstry,2024,14,0
Tyler Nubin,2024,14,0
Dadrion Taylor-Demerson,2024,14,0
Javon Bullard,2024,14,0
Jaylen Wright,2024,14,3.3000000000000003
Ray Davis,2024,14,0
Malik Washington,2024,14,0
T'Vondre Sweat,2024,14,0
Quinyon Mitchell,2024,14,0
Maason Smith,2024,14,0
Brian Thomas Jr.,2024,14,16.6
Xavier Worthy,2024,14,9.600000000000001
Joe Alt,2024,14,0
Patrick Paul,2024,14,0
Marshawn Kneeland,2024,14,0
Chris Braswell,2024,14,0
Terrion Arnold,2024,14,0
Kris Jenkins,2024,14,0
Chop Robinson,2024,14,0
Ricky Pearsall,2024,14,1.5
Caleb Williams,2024,14,14.059999999999999
Rome Odunze,2024,14,20.2
Trey Benson,2024,14,2.9
Dallas Turner,2024,14,0
Amarius Mims,2024,14,0
NA,2024,14,0
Aaron Rodgers,2024,15,30.060000000000002
Nick Folk,2024,15,3
Calais Campbell,2024,15,0
Josh Johnson,2024,15,-0.1
Matthew Stafford,2024,15,8.200000000000001
Graham Gano,2024,15,2
Thomas Morstead,2024,15,0
Kareem Jackson,2024,15,0
Linval Joseph,2024,15,0
Cameron Jordan,2024,15,0
Cameron Heyward,2024,15,0
Nick Bellore,2024,15,0
Johnny Hekker,2024,15,0
Rodney McLeod Jr.,2024,15,0
Tashaun Gipson,2024,15,0
Bobby Wagner,2024,15,0
Russell Wilson,2024,15,8.420000000000002
Lavonte David,2024,15,0
Kevin Zeitler,2024,15,0
Justin Tucker,2024,15,5
Kirk Cousins,2024,15,6.48
Harrison Smith,2024,15,0
Demario Davis,2024,15,0
Greg Van Roten,2024,15,0
Bryan Anger,2024,15,0
Brandon McManus,2024,15,12
Adam Thielen,2024,15,10.100000000000001
Zach Ertz,2024,15,4.5
Darius Slay,2024,15,0
Johnathan Hankins,2024,15,0
John Jenkins,2024,15,0
Sam Martin,2024,15,0
Jordan Poyer,2024,15,0
Tress Way,2024,15,0
Keenan Allen,2024,15,20.200000000000003
Tony Jefferson,2024,15,0
Robert Woods,2024,15,2.2
Tyrann Mathieu,2024,15,0
Travis Kelce,2024,15,6.7
Lane Johnson,2024,15,0
DeAndre Hopkins,2024,15,8.6
Geno Smith,2024,15,5.46
Cordarrelle Patterson,2024,15,1.7999999999999998
Khalil Mack,2024,15,0
DaQuan Jones,2024,15,0
Pat O'Donnell,2024,15,0
Chris Boswell,2024,15,8
Brent Urban,2024,15,0
Cairo Santos,2024,15,6
Brandin Cooks,2024,15,6.4
Denico Autry,2024,15,0
Shelby Harris,2024,15,0
Jake Matthews,2024,15,0
Jimmie Ward,2024,15,0
Kyle Van Noy,2024,15,0
Michael Palardy,2024,15,0
Jadeveon Clowney,2024,15,0
Davante Adams,2024,15,40.8
Mike Evans,2024,15,36.9
Allen Robinson,2024,15,0
Jason Myers,2024,15,9
Jameis Winston,2024,15,1.64
Nelson Agholor,2024,15,3.6
Eric Kendricks,2024,15,0
Jordan Phillips,2024,15,0
Danielle Hunter,2024,15,0
Za'Darius Smith,2024,15,0
Shaq Mason,2024,15,0
Grady Jarrett,2024,15,0
Raheem Mostert,2024,15,5.1
Neville Hewitt,2024,15,0
Taylor Heinicke,2024,15,0.16
Leonard Williams,2024,15,0
Preston Smith,2024,15,0
Mitch Morse,2024,15,0
Jamison Crowder,2024,15,5.7
Dante Fowler Jr.,2024,15,0
Bradley Pinion,2024,15,0
Ameer Abdullah,2024,15,19.6
Kwon Alexander,2024,15,0
Jordan Hicks,2024,15,0
Bud Dupree,2024,15,0
Tyler Lockett,2024,15,3.2
Rob Havenstein,2024,15,0
Mario Edwards,2024,15,0
DeForest Buckner,2024,15,0
Germain Ifedi,2024,15,0
Sterling Shepard,2024,15,2.6
Jarran Reed,2024,15,0
Austin Hooper,2024,15,6.800000000000001
Nick Vannett,2024,15,1.7000000000000002
Graham Glasgow,2024,15,0
Miles Killebrew,2024,15,0
Dean Lowry,2024,15,0
Matthew Judon,2024,15,0
Kamu Grugier-Hill,2024,15,0
Elandon Roberts,2024,15,0
Mike Hilton,2024,15,0
Wil Lutz,2024,15,8
Michael Pierce,2024,15,0
Jonathan Jones,2024,15,0
Roy Robertson-Harris,2024,15,0
Morgan Fox,2024,15,0
Ka'imi Fairbairn,2024,15,9
Chris Jones,2024,15,0
Austin Johnson,2024,15,0
Derrick Henry,2024,15,6.7
Demarcus Robinson,2024,15,0
Jalen Mills,2024,15,0
A'Shawn Robinson,2024,15,0
Daryl Worley,2024,15,0
Vonn Bell,2024,15,0
Riley Dixon,2024,15,0
Carson Wentz,2024,15,0.8
Justin Simmons,2024,15,0
Tyler Boyd,2024,15,5.9
Sheldon Day,2024,15,0
Eric Murray,2024,15,0
Tyreek Hill,2024,15,5.6
Ezekiel Elliott,2024,15,5.1
Jihad Ward,2024,15,0
David Onyemata,2024,15,0
Jalen Ramsey,2024,15,0
Jack Conklin,2024,15,0
Leonard Floyd,2024,15,0
Emmanuel Ogbah,2024,15,0
Lucas Patrick,2024,15,0
Kendall Fuller,2024,15,0
Hunter Henry,2024,15,6.5
Jonathan Bullard,2024,15,0
Jared Goff,2024,15,40.06
Kenny Clark,2024,15,0
Yannick Ngakoue,2024,15,0
Maliek Collins,2024,15,0
Kevin Byard,2024,15,0
Joey Bosa,2024,15,0
Johnny Mundt,2024,15,0
Rigoberto Sanchez,2024,15,0
Marlon Humphrey,2024,15,0
Curtis Samuel,2024,15,1.1
George Kittle,2024,15,10.100000000000001
Aaron Jones,2024,15,18.6
Chuck Clark,2024,15,0
D.J. Jones,2024,15,0
Harrison Butker,2024,15,2
Kendrick Bourne,2024,15,7.4
Eric Wilson,2024,15,0
Tim Patrick,2024,15,13
Adam Butler,2024,15,0
Kenny Moore II,2024,15,0
Carl Lawson,2024,15,0
Damontae Kazee,2024,15,0
Kevin King,2024,15,0
Samaje Perine,2024,15,4.4
Mike Williams,2024,15,2.5
Dalvin Tomlinson,2024,15,0
Chidobe Awuzie,2024,15,0
James Conner,2024,15,30.8
Mack Hollins,2024,15,1.7000000000000002
Desmond King,2024,15,0
Anthony Walker,2024,15,0
Matt Milano,2024,15,0
Eric Saubert,2024,15,0
Xavier Woods,2024,15,0
Jeremiah Ledbetter,2024,15,0
David Moore,2024,15,3.9000000000000004
Pat O'Connor,2024,15,0
Cooper Rush,2024,15,18.060000000000002
Younghoe Koo,2024,15,8
Justin Hardee,2024,15,0
DeMarcus Walker,2024,15,0
Ahkello Witherspoon,2024,15,0
Jake Elliott,2024,15,10
Dare Ogunbowale,2024,15,3.5
JuJu Smith-Schuster,2024,15,7.7
Jonnu Smith,2024,15,19.8
Davon Godchaux,2024,15,0
Dan Skipper,2024,15,7.9
Myles Garrett,2024,15,0
Solomon Thomas,2024,15,0
Jamal Adams,2024,15,0
Patrick Mahomes,2024,15,15.76
Haason Reddick,2024,15,0
Derek Barnett,2024,15,0
Malik Hooker,2024,15,0
Adoree' Jackson,2024,15,0
Jabrill Peppers,2024,15,0
Tre'Davious White,2024,15,0
T.J. Watt,2024,15,0
Cam Robinson,2024,15,0
Budda Baker,2024,15,0
Zay Jones,2024,15,1.3
Marcus Maye,2024,15,0
Joe Mixon,2024,15,10.600000000000001
Dion Dawkins,2024,15,0
Alvin Kamara,2024,15,17
Dawuane Smoot,2024,15,0
Cooper Kupp,2024,15,0
Fabian Moreau,2024,15,0
Kareem Hunt,2024,15,5.9
Shaquill Griffin,2024,15,0
Jourdan Lewis,2024,15,0
Montravius Adams,2024,15,0
Cameron Sutton,2024,15,0
Trey Hendrickson,2024,15,0
Rayshawn Jenkins,2024,15,0
Josh Reynolds,2024,15,0
Deatrich Wise,2024,15,0
Jamaal Williams,2024,15,0
Grover Stewart,2024,15,0
Jeremy McNichols,2024,15,1.4
Al-Quadin Muhammad,2024,15,0
River Cracraft,2024,15,1.6
Ross Dwelley,2024,15,0
Chris Lammons,2024,15,0
Michael Dickson,2024,15,0
Daniel Carlson,2024,15,5
J.K. Scott,2024,15,0
Eddy Pineiro,2024,15,2
Tim Boyle,2024,15,7.82
Gus Edwards,2024,15,2.3000000000000003
Darious Williams,2024,15,0
Mike Boone,2024,15,1.4000000000000001
Poona Ford,2024,15,0
Elijah Campbell,2024,15,0
Daniel Ekuale,2024,15,0
Jalyn Holmes,2024,15,0
Marquez Valdes-Scantling,2024,15,8.8
Foley Fatukasi,2024,15,0
Bradley Bozeman,2024,15,0
Zach Sieler,2024,15,0
Ben Niemann,2024,15,0
Frankie Luvu,2024,15,0
Kentavius Street,2024,15,0
Daron Payne,2024,15,0
Greg Stroman,2024,15,0
Frank Ragnow,2024,15,0
Courtland Sutton,2024,15,12.2
Uchenna Nwosu,2024,15,0
M.J. Stewart,2024,15,0
Donte Jackson,2024,15,0
Isaiah Oliver,2024,15,0
Lorenzo Carter,2024,15,0
Justin Reid,2024,15,0
Jordan Akins,2024,15,6
Josey Jewell,2024,15,0
Dorance Armstrong,2024,15,0
Kyzir White,2024,15,0
Taron Johnson,2024,15,0
Josh Sweat,2024,15,0
Dalton Schultz,2024,15,3.3
Justin Watson,2024,15,0
Tim Settle,2024,15,0
Ray-Ray McCloud,2024,15,2.4000000000000004
Foye Oluokun,2024,15,0
Cedrick Wilson Jr.,2024,15,4.84
Matthew Adams,2024,15,0
Jordan Mailata,2024,15,0
Zaire Franklin,2024,15,0
Logan Cooke,2024,15,0
Greg Joseph,2024,15,8
Jeremy Reaves,2024,15,0
Jonathan Owens,2024,15,0
Trent Sherfield,2024,15,1.6
Ezekiel Turner,2024,15,0
Allen Lazard,2024,15,0
Ryan Neal,2024,15,0
Charvarius Ward,2024,15,0
Demone Harris,2024,15,0
Tanner Hudson,2024,15,1.9
Brandon Powell,2024,15,2.2
Aaron Stinnie,2024,15,0
Tremaine Edmunds,2024,15,0
Jessie Bates,2024,15,0
Robert Spillane,2024,15,0
Corey Bojorquez,2024,15,0
Mark Andrews,2024,15,10.4
Oren Burks,2024,15,0
Kolton Miller,2024,15,0
Nathan Shepherd,2024,15,0
Mason Rudolph,2024,15,16.759999999999998
D.J. Chark Jr.,2024,15,3.6
Carlton Davis III,2024,15,0
Isaac Yiadom,2024,15,0
Harrison Phillips,2024,15,0
Chris Board,2024,15,0
Minkah Fitzpatrick,2024,15,0
Derwin James,2024,15,0
Nick Chubb,2024,15,2.1000000000000005
Jason Sanders,2024,15,7
Lamar Jackson,2024,15,36.1
Durham Smythe,2024,15,1.8
B.J. Hill,2024,15,0
Josh Woods,2024,15,0
John Franklin-Myers,2024,15,0
Sebastian Joseph-Day,2024,15,0
Fred Warner,2024,15,0
Derrick Nnadi,2024,15,0
Arden Key,2024,15,0
D.J. Moore,2024,15,15
Harold Landry III,2024,15,0
Mike Gesicki,2024,15,6.7
Sam Hubbard,2024,15,7.2
Calvin Ridley,2024,15,9
Mike Hughes,2024,15,0
Saquon Barkley,2024,15,9.4
Mike McGlinchey,2024,15,0
KhaDarel Hodge,2024,15,0
Baker Mayfield,2024,15,29.02
Denzel Ward,2024,15,0
Josh Allen,2024,15,41.28
Dante Pettis,2024,15,4.4
Sam Darnold,2024,15,12.24
Roquan Smith,2024,15,0
Jakobi Meyers,2024,15,10.9
Rashan Gary,2024,15,0
Darnell Savage,2024,15,0
Alexander Mattison,2024,15,2.4000000000000004
Julian Love,2024,15,0
Justice Hill,2024,15,17.8
Foster Moreau,2024,15,13.9
Dre Greenlaw,2024,15,0
E.J. Speed,2024,15,0
Quinton Bell,2024,15,0
Demetrius Flannigan-Fowles,2024,15,0
Jamie Gillan,2024,15,0
Jonathan Harris,2024,15,0
Keisean Nixon,2024,15,0
Ugo Amadi,2024,15,0
Nick Allegretti,2024,15,0
Kris Boyd,2024,15,0
Jack Fox,2024,15,0
AJ Cole,2024,15,0
Joey Slye,2024,15,6
Del'Shawn Phillips,2024,15,0
Olamide Zaccheaus,2024,15,6.6
P.J. Locke,2024,15,0
Kyler Murray,2024,15,10.06
T.J. Hockenson,2024,15,10.2
Ed Oliver,2024,15,0
Sean Murphy-Bunting,2024,15,0
Jahlani Tavai,2024,15,0
Erik McCoy,2024,15,0
Lonnie Johnson,2024,15,0
Zach Allen,2024,15,0
Josh Oliver,2024,15,0
Devin Singletary,2024,15,13.1
C.J. Gardner-Johnson,2024,15,0
Anthony Nelson,2024,15,0
Kendall Sheffield,2024,15,0
Hjalte Froholdt,2024,15,0
Tony Pollard,2024,15,8.5
Drue Tranquill,2024,15,0
Matt Gay,2024,15,8
Amani Oruwariye,2024,15,0
Andrew Van Ginkel,2024,15,0
Blake Cashman,2024,15,0
Mike Jackson,2024,15,0
Byron Cowart,2024,15,0
Charles Omenihu,2024,15,0
Jake Bailey,2024,15,0
David Long Jr.,2024,15,0
Scott Miller,2024,15,0
Donovan Wilson,2024,15,0
Kaden Elliss,2024,15,0
Cam Lewis,2024,15,0
Chase McLaughlin,2024,15,18
Andrew Wingard,2024,15,0
T.J. Edwards,2024,15,0
Carl Granderson,2024,15,0
Lil'Jordan Humphrey,2024,15,0
Shy Tuttle,2024,15,0
Luke Gifford,2024,15,0
Greg Dortch,2024,15,8.6
Devin Bush,2024,15,0
Darius Slayton,2024,15,2.6
Ty Johnson,2024,15,17.3
Kemon Hall,2024,15,0
Craig Reynolds,2024,15,0
Travis Homer,2024,15,0.7000000000000001
Juan Thornhill,2024,15,0
Jonah Williams,2024,15,0
Chris Lindstrom,2024,15,0
Drew Sample,2024,15,1.8
Amani Hooker,2024,15,0
L.J. Collier,2024,15,0
DK Metcalf,2024,15,5.800000000000001
Josh Hines-Allen,2024,15,0
Jeffery Simmons,2024,15,0
Noah Fant,2024,15,4.5
Sione Takitaki,2024,15,0
Montez Sweat,2024,15,0
Will Harris,2024,15,0
Khalen Saunders,2024,15,0
Terry McLaurin,2024,15,26.3
Greg Gaines,2024,15,0
David Edwards,2024,15,0
Cody Barton,2024,15,0
Jerry Tillery,2024,15,0
A.J. Brown,2024,15,25
Dre'Mont Jones,2024,15,0
Quincy Williams,2024,15,0
David Montgomery,2024,15,7.5
Dawson Knox,2024,15,6.2
Germaine Pratt,2024,15,0
Chuma Edoga,2024,15,0
Jamel Dean,2024,15,0
Josh Jacobs,2024,15,21.599999999999998
Jalen Thompson,2024,15,0
Brian Burns,2024,15,0
Nick Bosa,2024,15,0
Quinnen Williams,2024,15,0
Deebo Samuel Sr.,2024,15,4.9
Malcolm Roach,2024,15,0
James Pierre,2024,15,0
JaMycal Hasty,2024,15,0
Corliss Waitman,2024,15,0
Benito Jones,2024,15,0
Chris Williams,2024,15,0
Tommy Townsend,2024,15,0
Tershawn Wharton,2024,15,0
Michael Hoecht,2024,15,0
Christian Rozeboom,2024,15,0
Krys Barnes,2024,15,0
Terence Steele,2024,15,0
Sam Franklin Jr.,2024,15,0
Juwan Johnson,2024,15,3.2
Cam Gill,2024,15,0
Broderick Washington,2024,15,0
Khalil Dorsey,2024,15,0
Nnamdi Madubuike,2024,15,0
Ben Bredeson,2024,15,0
James Proche,2024,15,0
Rico Dowdle,2024,15,14.9
Kristian Welch,2024,15,0
Tyler Bass,2024,15,14
Aaron Brewer,2024,15,0
Mason Kinsey,2024,15,2.1
Teair Tart,2024,15,0
Nick Westbrook-Ikhine,2024,15,2.9
A.J. Epenesa,2024,15,0
Anfernee Jennings,2024,15,0
Geno Stone,2024,15,0
Tua Tagovailoa,2024,15,6.84
Raekwon Davis,2024,15,0
Danny Pinter,2024,15,0
Brandon Jones,2024,15,0
Jonathan Taylor,2024,15,10.100000000000001
Jonathan Greenard,2024,15,0
Kyle Dugger,2024,15,0
Shaquille Quarterman,2024,15,0
Colby Parkinson,2024,15,4.1
Julian Okwara,2024,15,0
Michael Pittman Jr.,2024,15,9.8
Julian Blackmon,2024,15,0
Jauan Jennings,2024,15,5.1
Javon Kinlaw,2024,15,0
DaVon Hamilton,2024,15,0
Jordan Love,2024,15,17.56
Jordan Elliott,2024,15,0
Jeff Okudah,2024,15,0
D'Andre Swift,2024,15,9.9
Malik Harrison,2024,15,0
Grant Delpit,2024,15,0
A.J. Terrell,2024,15,0
K'Lavon Chaisson,2024,15,0
Noah Igbinoghene,2024,15,0
Yetur Gross-Matos,2024,15,0
Cole Kmet,2024,15,2.4000000000000004
Jaylon Johnson,2024,15,0
Jeremy Chinn,2024,15,0
Akeem Davis-Gaither,2024,15,0
Mykal Walker,2024,15,0
Kindle Vildor,2024,15,0
Darnell Mooney,2024,15,0
Braden Mann,2024,15,0
Chase Young,2024,15,0
Justin Jefferson,2024,15,20.3
Patrick Queen,2024,15,0
Robert Hunt,2024,15,0
Antonio Gibson,2024,15,8.4
Ashtyn Davis,2024,15,2.1
Devin Duvernay,2024,15,7.2
Alex Highsmith,2024,15,0
D.J. Wonnum,2024,15,0
James Lynch,2024,15,0
Troy Dye,2024,15,0
Blake Brandel,2024,15,0
Josh Metellus,2024,15,0
Kam Curl,2024,15,0
Justin Herbert,2024,15,14.8
CeeDee Lamb,2024,15,26.6
Willie Gay Jr.,2024,15,0
Josh Jones,2024,15,0
Amik Robertson,2024,15,0
Michael Danna,2024,15,0
Xavier McKinney,2024,15,0
Jalen Hurts,2024,15,28.1
Jerry Jeudy,2024,15,21.8
Jordyn Brooks,2024,15,0
Tee Higgins,2024,15,19.8
Darrell Taylor,2024,15,0
Cam Akers,2024,15,8.4
Van Jefferson,2024,15,1
Kristian Fulton,2024,15,0
Zack Baun,2024,15,0
Adam Trautman,2024,15,10
DeeJay Dallas,2024,15,1.5
Justin Strnad,2024,15,0
Charlie Woerner,2024,15,2.7
Jordan Fuller,2024,15,0
"Kenneth Murray, Jr.",2024,15,0
Joe Burrow,2024,15,18.84
Rex Sunahara,2024,15,0
Dayo Odeyingbo,2024,15,0
Jamien Sherwood,2024,15,0
Jason Pinnock,2024,15,0
Rashod Bateman,2024,15,23
Nico Collins,2024,15,17.7
Chuba Hubbard,2024,15,8.9
Deommodore Lenoir,2024,15,0
Talanoa Hufanga,2024,15,0
Roy Lopez,2024,15,0
Ar'Darius Washington,2024,15,0
Nick McCloud,2024,15,0
Quintin Morris,2024,15,0
Robert Jones,2024,15,0
Alaric Jackson,2024,15,0
Jordan Meredith,2024,15,0
Jaylen Waddle,2024,15,0
Jamin Davis,2024,15,0
Caleb Farley,2024,15,0
Sam Cosmi,2024,15,0
Nick Bolton,2024,15,0
Josh Myers,2024,15,0
Alim McNeill,2024,15,0
Benjamin St-Juste,2024,15,0
Dyami Brown,2024,15,6
John Bates,2024,15,1.6
Camryn Bynum,2024,15,0
Tylan Wallace,2024,15,1.8
Ihmir Smith-Marsette,2024,15,0
Noah Gray,2024,15,10.1
Darrick Forrest,2024,15,0
Tedarrell Slaton,2024,15,0
Cameron McGrone,2024,15,0
Shemar Jean-Charles,2024,15,0
Nick Niemann,2024,15,0
Isaiah McDuffie,2024,15,0
Trey Smith,2024,15,0
Israel Mukuamu,2024,15,0
Grant Stuard,2024,15,0
Naquan Jones,2024,15,0
Sam Kamara,2024,15,0
Amen Ogbongbemiga,2024,15,0
Adam Prentice,2024,15,0
Christian Elliss,2024,15,0
Riley Patterson,2024,15,1
Isaiahh Loudermilk,2024,15,0
Tutu Atwell,2024,15,1.6
Ben Skowronek,2024,15,2.7
Jackson Carman,2024,15,0
Dan Moore Jr.,2024,15,0
Nate Hobbs,2024,15,0
Pat Surtain II,2024,15,0
Rhamondre Stevenson,2024,15,9.5
Kylen Granson,2024,15,7.7
Jaelon Darden,2024,15,0
Janarius Robinson,2024,15,0
Jay Tufele,2024,15,0
Tommy Togiai,2024,15,0
Marco Wilson,2024,15,0
Najee Harris,2024,15,3.1000000000000005
Pat Freiermuth,2024,15,10.2
Ja'Marr Chase,2024,15,18.4
Eric Stokes,2024,15,0
Joseph Ossai,2024,15,0
Bobby Brown III,2024,15,0
Robert Rochell,2024,15,0
Khalil Herbert,2024,15,0.4
DeVonta Smith,2024,15,28
Greg Rousseau,2024,15,0
Milton Williams,2024,15,0
Kenneth Gainwell,2024,15,9
Payton Turner,2024,15,0
Pete Werner,2024,15,0
Micah Parsons,2024,15,0
Zaven Collins,2024,15,0
Odafe Oweh,2024,15,0
Andre Cisco,2024,15,0
Osa Odighizuwa,2024,15,0
Mitchell Fraboni,2024,15,0
Jaycee Horn,2024,15,0
Justin Fields,2024,15,0.8
Avery Williams,2024,15,0
Jonathon Cooper,2024,15,0
Teven Jenkins,2024,15,0
Levi Onwuzurike,2024,15,0
Terrace Marshall Jr.,2024,15,1.7000000000000002
Tre'von Moehrig,2024,15,0
Amon-Ra St. Brown,2024,15,37.3
Joe Tryon-Shoyinka,2024,15,0
Kyle Pitts,2024,15,6.800000000000001
Mac Jones,2024,15,20.659999999999997
Travis Etienne,2024,15,12.5
Tyson Campbell,2024,15,0
Elijah Moore,2024,15,1.9
Chauncey Golston,2024,15,0
Trey Sermon,2024,15,3.1999999999999997
Brandon Stephens,2024,15,0
Joshua Palmer,2024,15,3
Divine Deablo,2024,15,0
Elijah Molden,2024,15,0
Ernest Jones,2024,15,0
Baron Browning,2024,15,0
Javonte Williams,2024,15,4.3
Jevon Holland,2024,15,0
Chazz Surratt,2024,15,0
Hunter Long,2024,15,3.7
Tommy Tremble,2024,15,3.5
Patrick Jones II,2024,15,0
Rashawn Slater,2024,15,0
Liam Eichenberg,2024,15,0
Dee Alford,2024,15,0
Amare Barno,2024,15,0
Elijah Garcia,2024,15,0
Jordan Davis,2024,15,0
Quay Walker,2024,15,0
Devonte Wyatt,2024,15,0
Sean Rhyan,2024,15,0
Sam Howell,2024,15,0.15999999999999998
Riq Woolen,2024,15,0
Dominique Robinson,2024,15,0
Kingsley Enagbare,2024,15,0
Grant Calcaterra,2024,15,3.2
Doug Kramer,2024,15,0
Dareke Young,2024,15,0
Jonathan Ford,2024,15,0
Elijah Hicks,2024,15,0
Jack Sanborn,2024,15,0
Tyler Goodson,2024,15,0.30000000000000004
Josh Blackwell,2024,15,0
Reed Blankenship,2024,15,0
Josh Jobe,2024,15,0
Joey Blount,2024,15,0
Vi Jones,2024,15,0
Tony Adams,2024,15,0
Jeremiah Moon,2024,15,0
Josh Ross,2024,15,0
Sauce Gardner,2024,15,0
Trent McDuffie,2024,15,0
George Karlaftis,2024,15,0
Bryan Cook,2024,15,0
Isiah Pacheco,2024,15,5.7
Nazeeh Johnson,2024,15,0
LaBryan Ray,2024,15,0
Brenden Schooler,2024,15,0
Jack Cochrane,2024,15,0
Cameron Dicker,2024,15,6
Jaylen Warren,2024,15,2.5
Kevin Austin Jr.,2024,15,1.8
Travon Walker,2024,15,0
Derek Stingley Jr.,2024,15,0
Drake London,2024,15,14.3
Jameson Williams,2024,15,12.7
Kaiir Elam,2024,15,0
Devin Lloyd,2024,15,0
James Cook,2024,15,26.3
Nik Bonitto,2024,15,0
Martin Emerson,2024,15,0
Greg Dulcich,2024,15,0
Marcus Jones,2024,15,2.8
Terrel Bernard,2024,15,0
Rachaad White,2024,15,14.100000000000001
Micah McFadden,2024,15,0
Khalil Shakir,2024,15,15.9
Tyler Allgeier,2024,15,4.3
Jerome Ford,2024,15,18.4
Zyon McCollum,2024,15,0
Eric Johnson,2024,15,0
Otito Ogbonnia,2024,15,0
DaRon Bland,2024,15,0
Ty Chandler,2024,15,0.4
Luke Wattenberg,2024,15,0
John Ridgeway,2024,15,0
Matt Araiza,2024,15,0
Christian Benford,2024,15,0
Jalen Nailor,2024,15,1.5
Jordan Jackson,2024,15,0
Cade Mays,2024,15,0
Mike Woods,2024,15,2.7
Ja'Sir Taylor,2024,15,0
Montaric Brown,2024,15,0
Mark Robinson,2024,15,0
Baylon Spector,2024,15,0
Deane Leonard,2024,15,0
Jesse Luketa,2024,15,0
Brock Hoffman,2024,15,0
Kader Kohou,2024,15,0
Arron Mosby,2024,15,0
Ja'Quan McMillian,2024,15,0
Ben Brown,2024,15,0
Devin Cochran,2024,15,0
Alec Anderson,2024,15,0
Tomon Fox,2024,15,0
Jake Hansen,2024,15,0
Raheem Layne,2024,15,0
Stone Smartt,2024,15,8
Deven Thompkins,2024,15,0
J.J. Russell,2024,15,0
Mike Brown,2024,15,0
Ryan Wright,2024,15,0
Sincere McCormick,2024,15,4.5
Isaiah Pola-Mao,2024,15,0
Marcelino McCrary-Ball,2024,15,0
Lucas Krull,2024,15,2.8
Daniel Whelan,2024,15,0
Darrell Baker Jr.,2024,15,0
Nate Landman,2024,15,0
Sam Okuayinonu,2024,15,0
Ryan Stonehouse,2024,15,0
Kayvon Thibodeaux,2024,15,0
Evan Neal,2024,15,0
John Metchie III,2024,15,3.7
Nakobe Dean,2024,15,0
Nick Cross,2024,15,0
Jacob Hummel,2024,15,0
William Kwenkeu,2024,15,0
Tucker Fisk,2024,15,1.7000000000000002
Alec Pierce,2024,15,0
Jalen Tolbert,2024,15,8.1
Kerby Joseph,2024,15,0
Brandon Aubrey,2024,15,15
Jeremiah Pharms Jr.,2024,15,0
Garrett Wilson,2024,15,14.600000000000001
Jahan Dotson,2024,15,0
Trey McBride,2024,15,17.700000000000003
Brian Robinson Jr.,2024,15,11.7
Cam Taylor-Britt,2024,15,0
Travis Jones,2024,15,0
Bernhard Raimann,2024,15,0
Dondrea Tillman,2024,15,0
KaVontae Turpin,2024,15,2.7
Zachary Carter,2024,15,0
Jeremy Ruckert,2024,15,2.2
DeAngelo Malone,2024,15,0
Chigoziem Okonkwo,2024,15,13.9
Channing Tindall,2024,15,0
Cameron Thomas,2024,15,0
Romeo Doubs,2024,15,19
Leo Chenal,2024,15,0
Brian Asamoah II,2024,15,0
Christian Harris,2024,15,0
Tyler Linderbaum,2024,15,0
Samuel Womack,2024,15,0
Kalia Davis,2024,15,0
Brock Purdy,2024,15,4.9799999999999995
Calvin Austin III,2024,15,11.5
Isaiah Likely,2024,15,3.7
Kyren Williams,2024,15,13.200000000000001
Quentin Lake,2024,15,0
Kyle Hamilton,2024,15,0
Jack Jones,2024,15,0
Jake Ferguson,2024,15,4.300000000000001
Joshua Williams,2024,15,0
Jordan Stout,2024,15,0
Cordell Volson,2024,15,0
Joshua Paschal,2024,15,0
Cade York,2024,15,6
Pierre Strong Jr.,2024,15,0
Percy Butler,2024,15,0
Micheal Clemons,2024,15,0
Kyler Gordon,2024,15,0
Daniel Bellinger,2024,15,6.5
Arnold Ebiketie,2024,15,0
Wan'Dale Robinson,2024,15,7.800000000000001
Breece Hall,2024,15,13.1
Alontae Taylor,2024,15,0
Desmond Ridder,2024,15,13.120000000000001
Dane Belton,2024,15,0
Christian Watson,2024,15,8.600000000000001
Logan Hall,2024,15,0
Cade Otton,2024,15,4.4
Andrew Booth,2024,15,0
Boye Mafe,2024,15,0
Coby Bryant,2024,15,0
David Ojabo,2024,15,0
Xavier Smith,2024,15,0
Jalen Carter,2024,15,0
Dontayvion Wicks,2024,15,3.4000000000000004
Will Mallory,2024,15,0
Terell Smith,2024,15,0
Karl Brooks,2024,15,0
Jarrick Bernard-Converse,2024,15,0
Anders Carlson,2024,15,6
Jaylon Jones,2024,15,0
Carrington Valentine,2024,15,0
Anthony Johnson Jr.,2024,15,0
Moro Ojomo,2024,15,0
Tyson Bagent,2024,15,0.2
Brenton Cox Jr.,2024,15,0
Tommy DeVito,2024,15,2.72
Claudin Cherelus,2024,15,0
Xavier Gipson,2024,15,0
Tavius Robinson,2024,15,0
Jordon Riley,2024,15,0
Grant DuBose,2024,15,0.8
Cam Jones,2024,15,0
Nikko Remigio,2024,15,0
DJ Johnson,2024,15,0
Tyree Wilson,2024,15,0
Bijan Robinson,2024,15,14.5
Jaxon Smith-Njigba,2024,15,18.3
Quentin Johnston,2024,15,15.5
Mazi Smith,2024,15,0
Myles Murphy,2024,15,0
Luke Schoonmaker,2024,15,0
Kendre Miller,2024,15,4.6000000000000005
Daiyan Henley,2024,15,0
Ji'Ayir Brown,2024,15,0
Tank Bigsby,2024,15,3.2
Dorian Williams,2024,15,0
Michael Wilson,2024,15,2.9
Jordan Battle,2024,15,0
Jake Moody,2024,15,9
Tre Tucker,2024,15,3.8
Chad Ryland,2024,15,14
Ventrell Miller,2024,15,0
Derius Davis,2024,15,0
Isaiah McGuire,2024,15,0
Nick Herbig,2024,15,0
Jay Ward,2024,15,0
Yasir Abdullah,2024,15,0
Clayton Tune,2024,15,0.22
Dorian Thompson-Robinson,2024,15,1.32
Cameron Mitchell,2024,15,0
Jordan Howden,2024,15,0
Josh Whyle,2024,15,14.7
Olu Oluwatimi,2024,15,0
Antonio Johnson,2024,15,0
Chase Brown,2024,15,26.300000000000004
Henry To'oTo'o,2024,15,0
Owen Pappoe,2024,15,0
Chris Smith II,2024,15,0
Robert Beal Jr.,2024,15,0
Parker Washington,2024,15,8.4
Kayshon Boutte,2024,15,3.9000000000000004
Bryce Baringer,2024,15,0
Chris Rodriguez Jr.,2024,15,0.2
Amari Burney,2024,15,0
Xavier Hutchinson,2024,15,2.3
Andrei Iosivas,2024,15,1.5
DeMario Douglas,2024,15,9.1
Dee Winters,2024,15,0
Kenny McIntosh,2024,15,0.9
Jalen Brooks,2024,15,8.7
D.J. Ivey,2024,15,0
Brayden Willis,2024,15,0
Alex Austin,2024,15,0
Cory Durden,2024,15,0
Starling Thomas V,2024,15,0
DJ Coleman,2024,15,0
Chris Brooks,2024,15,2.5
Kendell Brooks,2024,15,0
Blake Whiteheart,2024,15,0
Mohamoud Diabate,2024,15,0
Ronnie Hickman Jr.,2024,15,0
Ali Gaye,2024,15,0
TJ Bass,2024,15,0
Hunter Luepke,2024,15,0
Jake Bobo,2024,15,1.8
Jalen Redmond,2024,15,0
Nate Adkins,2024,15,8.5
Art Green,2024,15,0
Jaleel McLaughlin,2024,15,6.3999999999999995
Emanuel Wilson,2024,15,0.9
Christian Izien,2024,15,0
Kaevon Merriweather,2024,15,0
Ryan Miller,2024,15,1.1
Shaka Heyward,2024,15,0
Blake Grupe,2024,15,10
Drake Thomas,2024,15,0
Dalton Kincaid,2024,15,9.3
Anton Harrison,2024,15,0
Brenton Strange,2024,15,18.3
Zacch Pickens,2024,15,0
Tyler Lacy,2024,15,0
Tyler Scott,2024,15,1.5
Sean Tucker,2024,15,1.7000000000000002
Natrone Brooks,2024,15,0
Marvin Mims Jr.,2024,15,6
Tank Dell,2024,15,6.1
Zach Harrison,2024,15,0
Chamarri Conner,2024,15,0
Jordan Addison,2024,15,13.3
Bryan Bresee,2024,15,0
Tucker Kraft,2024,15,5.4
Josh Downs,2024,15,6.2
Jake Haener,2024,15,1.6600000000000001
Tyler Steen,2024,15,0
Garrett Williams,2024,15,0
Dylan Horton,2024,15,0
Nolan Smith,2024,15,0
Jack Campbell,2024,15,0
Tyjae Spears,2024,15,27.200000000000003
Peter Skoronski,2024,15,0
De'Von Achane,2024,15,13.600000000000001
Elijah Higgins,2024,15,1.5
Derick Hall,2024,15,0
Matthew Bergeron,2024,15,0
Josh Hayes,2024,15,0
Trey Palmer,2024,15,0
Ethan Evans,2024,15,0
Calijah Kancey,2024,15,0
Zay Flowers,2024,15,11.3
Sam LaPorta,2024,15,18.1
Michael Mayer,2024,15,2.1
Yaya Diaby,2024,15,0
Tyrique Stevenson,2024,15,0
Davis Allen,2024,15,0
Puka Nacua,2024,15,17.8
Will Anderson Jr.,2024,15,0
Keeanu Benton,2024,15,0
Lukas Van Ness,2024,15,0
Byron Young,2024,15,0
Kobie Turner,2024,15,0
Jahmyr Gibbs,2024,15,28.4
Brian Branch,2024,15,0
Will McDonald IV,2024,15,0
Isaiah Foskey,2024,15,0
Joe Tippmann,2024,15,0
Jayden Reed,2024,15,11.100000000000001
Christian Gonzalez,2024,15,0
Quan Martin,2024,15,0
Bryce Young,2024,15,13.96
Will Levis,2024,15,-1.44
C.J. Stroud,2024,15,11.64
Anthony Richardson,2024,15,16.38
Zach Charbonnet,2024,15,13.600000000000001
Joey Porter Jr.,2024,15,0
Devon Witherspoon,2024,15,0
Jake Bates,2024,15,5
Nate Wiggins,2024,15,0
Johnny Wilson,2024,15,0
Leonard Taylor III,2024,15,0
Eric Watts,2024,15,0
George Holani,2024,15,1
Dee Williams,2024,15,0
Byron Murphy II,2024,15,0
Ryan Rehkow,2024,15,0
Christian Roland-Wallace,2024,15,0
Brandon Codrington,2024,15,0
Malik Nabers,2024,15,24.200000000000003
Brock Bowers,2024,15,6.5
Laiatu Latu,2024,15,0
Xavier Legette,2024,15,2.9000000000000004
Kamari Lassiter,2024,15,0
Renardo Green,2024,15,0
Junior Colson,2024,15,0
DJ Glaze,2024,15,0
Marist Liufau,2024,15,0
Jarrian Jones,2024,15,0
McKinnley Jackson,2024,15,0
Luke McCaffrey,2024,15,1
Ja'Tavion Sanders,2024,15,0
Decamerion Richardson,2024,15,0
Bucky Irving,2024,15,13.3
Isaac Guerendo,2024,15,11.5
Sione Vaki,2024,15,0
Jacob Cowing,2024,15,0
Tarheeb Still,2024,15,0
Xavier Thomas,2024,15,0
Jordan Magee,2024,15,0
Cam Hart,2024,15,0
JD Bertrand,2024,15,0
Kris Abrams-Draine,2024,15,0
Jarvis Brownlee Jr.,2024,15,0
Audric Estimé,2024,15,2.8
Tommy Eichenberg,2024,15,0
Josh Newton,2024,15,0
Spencer Rattler,2024,15,9.4
Jamari Thrash,2024,15,0
Tyrone Tracy Jr.,2024,15,4.5
Jaylan Ford,2024,15,0
Kimani Vidal,2024,15,4.2
Jaden Crumedy,2024,15,0
Will Reichard,2024,15,15
Nathaniel Watson,2024,15,0
Dylan Laube,2024,15,0
Cam Little,2024,15,15
Myles Harden,2024,15,0
Jaheim Bell,2024,15,0
Jonah Laulu,2024,15,0
Devaughn Vele,2024,15,0
Matt Lee,2024,15,0
James Williams,2024,15,0
Jowon Briggs,2024,15,0
Jaylen Harrell,2024,15,0
Isaiah Williams,2024,15,0
Beanie Bishop Jr.,2024,15,0
Jacoby Windmon,2024,15,0
Jack Browning,2024,15,0
Jalen Coker,2024,15,21
Brevyn Spann-Ford,2024,15,1.2
Tyrek Funderburk,2024,15,0
Demani Richardson,2024,15,0
Matthew Hayball,2024,15,0
Rico Payton,2024,15,0
Cam Grandy,2024,15,3.2
Maema Njongmeta,2024,15,0
Bryce Oliver,2024,15,1.8
Thomas Harper,2024,15,0
Tyler Owens,2024,15,0
Dell Pettus,2024,15,0
Evan Anderson,2024,15,0
Dwight McGlothern,2024,15,0
Bo Richter,2024,15,0
JC Latham,2024,15,0
Bo Nix,2024,15,16.5
Ruke Orhorhoro,2024,15,0
Braden Fiske,2024,15,0
Tip Reiman,2024,15,2.8
Blake Corum,2024,15,4
Jalyx Hunt,2024,15,0
Payton Wilson,2024,15,0
Tory Taylor,2024,15,0
Tyler Davis,2024,15,0
Joshua Karty,2024,15,13
Jordan Whittington,2024,15,0
Cedric Johnson,2024,15,0
Elijah Chatman,2024,15,0
Charles Woods,2024,15,0
Josh Wallace,2024,15,0
Omar Speights,2024,15,0
Jaylen McCollough,2024,15,0
Qwan'tez Stiggers,2024,15,0
Olumuyiwa Fashanu,2024,15,0
Devontez Walker,2024,15,9.1
AJ Barner,2024,15,1.5
Braelon Allen,2024,15,0.5
Nehemiah Pritchett,2024,15,0
Rasheen Ali,2024,15,3.2
Isaiah Davis,2024,15,3.6000000000000005
Sataoa Laumea,2024,15,0
Max Melton,2024,15,0
Jonah Elliss,2024,15,0
Jermaine Burton,2024,15,0
Ty'Ron Hopper,2024,15,0
Evan Williams,2024,15,0
Tyrice Knight,2024,15,0
Anthony Gould,2024,15,3.3000000000000003
Kiran Amegadjie,2024,15,0
Jaden Hicks,2024,15,0
Darius Muasau,2024,15,0
Kamren Kinchens,2024,15,0
Calen Bullock,2024,15,0
Austin Booker,2024,15,0
Cooper DeJean,2024,15,0
Tykee Smith,2024,15,0
Marvin Harrison Jr.,2024,15,5.2
Edgerrin Cooper,2024,15,0
Drake Maye,2024,15,17.48
Jared Verse,2024,15,0
Darius Robinson,2024,15,0
Jalen McMillan,2024,15,18.5
Blake Fisher,2024,15,0
Kool-Aid McKinstry,2024,15,0
Dadrion Taylor-Demerson,2024,15,0
Troy Franklin,2024,15,2.9
Cole Bishop,2024,15,0
Jaylen Wright,2024,15,0.30000000000000004
Ray Davis,2024,15,10.9
Malik Washington,2024,15,10.2
Patrick McMorris,2024,15,0
T'Vondre Sweat,2024,15,0
Layden Robinson,2024,15,0
Quinyon Mitchell,2024,15,0
Maason Smith,2024,15,0
Adonai Mitchell,2024,15,-3
Brian Thomas Jr.,2024,15,32.5
Xavier Worthy,2024,15,19.6
Mike Hall Jr.,2024,15,0
Zach Frazier,2024,15,0
Mike Sainristil,2024,15,0
Marshawn Kneeland,2024,15,0
Keon Coleman,2024,15,7.4
Chris Braswell,2024,15,0
Terrion Arnold,2024,15,0
Graham Barton,2024,15,0
Jer'Zhan Newton,2024,15,0
Ja'Lynn Polk,2024,15,0
Kris Jenkins,2024,15,0
Jayden Daniels,2024,15,22.64
Chop Robinson,2024,15,0
Ben Sinnott,2024,15,1.7000000000000002
Brandon Coleman,2024,15,0
Ladd McConkey,2024,15,16.8
Ricky Pearsall,2024,15,2.6
Caleb Williams,2024,15,9.940000000000001
Rome Odunze,2024,15,5.9
Trey Benson,2024,15,2.2
Dallas Turner,2024,15,0
Amarius Mims,2024,15,0
NA,2024,15,0
Aaron Rodgers,2024,16,12.84
Calais Campbell,2024,16,0
Matthew Stafford,2024,16,7
Graham Gano,2024,16,1
Kareem Jackson,2024,16,0
Linval Joseph,2024,16,0
Von Miller,2024,16,0
Cameron Jordan,2024,16,0
Cameron Heyward,2024,16,0
Nick Bellore,2024,16,0
Johnny Hekker,2024,16,0
Rodney McLeod Jr.,2024,16,0
Aaron Brewer,2024,16,0
Bobby Wagner,2024,16,0
Russell Wilson,2024,16,16.38
Kelvin Beachum,2024,16,0
Stephon Gilmore,2024,16,0
Lavonte David,2024,16,0
Justin Tucker,2024,16,12
Demario Davis,2024,16,0
Bryan Anger,2024,16,0
Brandon McManus,2024,16,13
Kyle Juszczyk,2024,16,3.6
Adam Thielen,2024,16,15.3
Zach Ertz,2024,16,2.2
Darius Slay,2024,16,0
Johnathan Hankins,2024,16,0
John Jenkins,2024,16,0
Sam Martin,2024,16,0
Dustin Hopkins,2024,16,-1
Jordan Poyer,2024,16,0
Tress Way,2024,16,0
Keenan Allen,2024,16,29.1
Tony Jefferson,2024,16,0
Robert Woods,2024,16,3.9000000000000004
Tyrann Mathieu,2024,16,0
Travis Kelce,2024,16,8
Lane Johnson,2024,16,0
DeAndre Hopkins,2024,16,7.7
Geno Smith,2024,16,23.360000000000003
Cordarrelle Patterson,2024,16,8.2
Mike Pennel,2024,16,0
Casey Kreiter,2024,16,0
Khalil Mack,2024,16,0
Pat O'Donnell,2024,16,0
Chris Boswell,2024,16,7
Brent Urban,2024,16,0
Cairo Santos,2024,16,5
Brandin Cooks,2024,16,7.800000000000001
Denico Autry,2024,16,0
Jimmie Ward,2024,16,0
Morgan Moses,2024,16,0
C.J. Goodwin,2024,16,0
Kyle Van Noy,2024,16,0
Michael Palardy,2024,16,0
Jadeveon Clowney,2024,16,0
Davante Adams,2024,16,19.8
Mike Evans,2024,16,11.9
Jason Myers,2024,16,6
Amari Cooper,2024,16,2
Eddie Goldman,2024,16,0
Jordan Phillips,2024,16,0
Danielle Hunter,2024,16,0
Za'Darius Smith,2024,16,0
Mark Glowinski,2024,16,0
Grady Jarrett,2024,16,0
MyCole Pruitt,2024,16,7.1
Bobby McCain,2024,16,0
Michael Burton,2024,16,10.9
Raheem Mostert,2024,16,6.6
Neville Hewitt,2024,16,0
Leonard Williams,2024,16,0
Preston Smith,2024,16,0
Mitch Morse,2024,16,0
Carl Davis,2024,16,0
Jamison Crowder,2024,16,15.5
Rakeem Nunez-Roches,2024,16,0
Dante Fowler Jr.,2024,16,0
Bradley Pinion,2024,16,0
Denzel Perryman,2024,16,0
Ameer Abdullah,2024,16,19.5
Jordan Hicks,2024,16,0
C.J. Uzomah,2024,16,0
Bud Dupree,2024,16,0
Arik Armstead,2024,16,0
Tyler Lockett,2024,16,3.9000000000000004
Mario Edwards,2024,16,0
DeForest Buckner,2024,16,0
Sterling Shepard,2024,16,4.4
Jarran Reed,2024,16,0
Austin Hooper,2024,16,9.5
Dean Lowry,2024,16,0
Matthew Judon,2024,16,0
Quinton Jefferson,2024,16,0
DJ Reader,2024,16,0
Kamu Grugier-Hill,2024,16,0
Elandon Roberts,2024,16,0
Mike Hilton,2024,16,0
Alex Erickson,2024,16,0
Wil Lutz,2024,16,12
Michael Pierce,2024,16,0
Jonathan Jones,2024,16,0
Morgan Fox,2024,16,0
Jake Brendel,2024,16,0
Ka'imi Fairbairn,2024,16,6
Chris Jones,2024,16,0
Austin Johnson,2024,16,0
Derrick Henry,2024,16,20.9
Cody Whitehair,2024,16,0
Deon Bush,2024,16,0
Demarcus Robinson,2024,16,0
A'Shawn Robinson,2024,16,0
Daryl Worley,2024,16,0
Nick Vigil,2024,16,0
C.J. Ham,2024,16,1.9
Vonn Bell,2024,16,0
Riley Dixon,2024,16,0
Ronnie Stanley,2024,16,0
Justin Simmons,2024,16,0
Tyler Boyd,2024,16,4
Sheldon Day,2024,16,0
Eric Murray,2024,16,0
Tyreek Hill,2024,16,11.9
Ezekiel Elliott,2024,16,6.1
Jihad Ward,2024,16,0
David Onyemata,2024,16,0
Jalen Ramsey,2024,16,0
Emmanuel Ogbah,2024,16,0
Lucas Patrick,2024,16,0
Kendall Fuller,2024,16,0
Hunter Henry,2024,16,13.9
Jonathan Bullard,2024,16,0
Jared Goff,2024,16,25.339999999999996
Tyler Higbee,2024,16,8.1
Kenny Clark,2024,16,0
Yannick Ngakoue,2024,16,0
Maliek Collins,2024,16,0
Kevin Byard,2024,16,0
Joey Bosa,2024,16,0
Mo Alie-Cox,2024,16,2.5
Daniel Brunskill,2024,16,0
Rigoberto Sanchez,2024,16,0
Marlon Humphrey,2024,16,0
George Kittle,2024,16,18.6
Jermaine Eluemunor,2024,16,0
Aaron Jones,2024,16,12.299999999999999
Chuck Clark,2024,16,0
D.J. Jones,2024,16,0
Harrison Butker,2024,16,10
Kendrick Bourne,2024,16,3.8
Eric Wilson,2024,16,0
Tim Patrick,2024,16,0
Patrick Ricard,2024,16,0
Kenny Moore II,2024,16,0
Pharaoh Brown,2024,16,2.7
Anthony Firkser,2024,16,0
Carl Lawson,2024,16,0
Damontae Kazee,2024,16,0
Kevin King,2024,16,0
Samaje Perine,2024,16,8
Mike Williams,2024,16,5.4
Garett Bolles,2024,16,0
Dalvin Tomlinson,2024,16,0
Chidobe Awuzie,2024,16,0
Duke Riley,2024,16,0
James Conner,2024,16,26.6
Mack Hollins,2024,16,4.5
Carlos Watkins,2024,16,0
Desmond King,2024,16,0
Anthony Walker,2024,16,0
Eric Saubert,2024,16,7.2
Xavier Woods,2024,16,0
Jeremiah Ledbetter,2024,16,0
David Moore,2024,16,11.9
Pat O'Connor,2024,16,0
Cooper Rush,2024,16,15.28
Alex Barrett,2024,16,0
DeMarcus Walker,2024,16,0
Ahkello Witherspoon,2024,16,0
Jake Elliott,2024,16,18
Dare Ogunbowale,2024,16,0
JuJu Smith-Schuster,2024,16,0
Jonnu Smith,2024,16,12.2
Davon Godchaux,2024,16,0
Zane Gonzalez,2024,16,4
Myles Garrett,2024,16,0
Solomon Thomas,2024,16,0
Patrick Mahomes,2024,16,23.7
Marshon Lattimore,2024,16,0
Haason Reddick,2024,16,0
Derek Barnett,2024,16,0
Malik Hooker,2024,16,0
Adoree' Jackson,2024,16,0
Tre'Davious White,2024,16,0
David Njoku,2024,16,14.600000000000001
T.J. Watt,2024,16,0
Budda Baker,2024,16,0
Marcus Maye,2024,16,0
Gerald Everett,2024,16,1.6
Joe Mixon,2024,16,8.1
Tanoh Kpassagnon,2024,16,0
Dawuane Smoot,2024,16,0
Cooper Kupp,2024,16,5.4
Kareem Hunt,2024,16,15.9
D'Onta Foreman,2024,16,-1.9
Shaquill Griffin,2024,16,0
Jourdan Lewis,2024,16,0
Montravius Adams,2024,16,0
Trey Hendrickson,2024,16,0
Rayshawn Jenkins,2024,16,0
Josh Reynolds,2024,16,0
Deatrich Wise,2024,16,0
Jamaal Williams,2024,16,0.8
Grover Stewart,2024,16,0
Jeremy McNichols,2024,16,7.8
Al-Quadin Muhammad,2024,16,0
River Cracraft,2024,16,1.6
Scott Daly,2024,16,0
Ross Dwelley,2024,16,0
Coleman Shelton,2024,16,0
Jeff Wilson Jr.,2024,16,1.2000000000000002
J.T. Gray,2024,16,0
Brian O'Neill,2024,16,0
Michael Dickson,2024,16,0
Daniel Carlson,2024,16,7
J.K. Scott,2024,16,0
Jacob Martin,2024,16,0
Eddy Pineiro,2024,16,5
Gus Edwards,2024,16,20.1
Darious Williams,2024,16,0
Mike Boone,2024,16,0.1
Poona Ford,2024,16,0
Elijah Campbell,2024,16,0
Daniel Ekuale,2024,16,0
Jalyn Holmes,2024,16,0
Tyler Conklin,2024,16,10.9
Tremon Smith,2024,16,0
Zach Sieler,2024,16,0
Ben Niemann,2024,16,0
Frankie Luvu,2024,16,0
Kentavius Street,2024,16,0
Daron Payne,2024,16,0
Courtland Sutton,2024,16,10
Uchenna Nwosu,2024,16,0
M.J. Stewart,2024,16,0
Isaiah Oliver,2024,16,0
Lorenzo Carter,2024,16,0
Justin Reid,2024,16,0
Jordan Akins,2024,16,1.8
Josey Jewell,2024,16,0
Da'Shawn Hand,2024,16,0
Dorance Armstrong,2024,16,0
Kyzir White,2024,16,0
Taron Johnson,2024,16,0
Avonte Maddox,2024,16,0
Josh Sweat,2024,16,0
Dalton Schultz,2024,16,15.5
D.J. Reed,2024,16,0
Justin Watson,2024,16,0
Tim Settle,2024,16,0
Ray-Ray McCloud,2024,16,5.7
Foye Oluokun,2024,16,0
Matt Pryor,2024,16,0
Cedrick Wilson Jr.,2024,16,2.3
Zaire Franklin,2024,16,0
Logan Cooke,2024,16,0
Bruce Hector,2024,16,0
Jeremy Reaves,2024,16,0
Jonathan Owens,2024,16,0
Trent Sherfield,2024,16,0
Evan Brown,2024,16,0
Allen Lazard,2024,16,4
Charvarius Ward,2024,16,0
Demone Harris,2024,16,0
Mike Ford,2024,16,0
Brandon Powell,2024,16,0
Tremaine Edmunds,2024,16,0
Jessie Bates,2024,16,0
Robert Spillane,2024,16,0
Corey Bojorquez,2024,16,0
Mark Andrews,2024,16,13.8
Oren Burks,2024,16,0
Tre Flowers,2024,16,0
Kolton Miller,2024,16,0
Mason Rudolph,2024,16,17.38
Vita Vea,2024,16,0
Isaac Yiadom,2024,16,0
Harrison Phillips,2024,16,0
Chris Board,2024,16,0
Minkah Fitzpatrick,2024,16,0
Derwin James,2024,16,0
Jason Sanders,2024,16,21
Lamar Jackson,2024,16,20.48
Durham Smythe,2024,16,1.5
B.J. Hill,2024,16,0
John Franklin-Myers,2024,16,0
Ogbo Okoronkwo,2024,16,0
Sebastian Joseph-Day,2024,16,0
Fred Warner,2024,16,0
Arden Key,2024,16,0
D.J. Moore,2024,16,14
Harold Landry III,2024,16,0
Mike Gesicki,2024,16,3.4000000000000004
Hayden Hurst,2024,16,1.8
Calvin Ridley,2024,16,16.8
Mike Hughes,2024,16,0
Saquon Barkley,2024,16,27
Baker Mayfield,2024,16,22.32
Denzel Ward,2024,16,0
Josh Allen,2024,16,12.16
Dante Pettis,2024,16,5.1
Sam Darnold,2024,16,21.94
Roquan Smith,2024,16,0
Andrew Beck,2024,16,0
Jakobi Meyers,2024,16,6.1000000000000005
Rashan Gary,2024,16,0
Darnell Savage,2024,16,0
Alexander Mattison,2024,16,15.6
Julian Love,2024,16,0.2
Justice Hill,2024,16,3
Ben Powers,2024,16,0
Foster Moreau,2024,16,5.300000000000001
Dre Greenlaw,2024,16,0
Ty Summers,2024,16,0
Quinton Bell,2024,16,0
Demetrius Flannigan-Fowles,2024,16,0
Ashton Dulin,2024,16,0
Jamie Gillan,2024,16,0
Jonathan Harris,2024,16,0
Jake Browning,2024,16,-0.1
Patrick Mekari,2024,16,0
Alec Ingold,2024,16,0.4
Keisean Nixon,2024,16,0
Ugo Amadi,2024,16,0
Jack Fox,2024,16,0
AJ Cole,2024,16,0
Joey Slye,2024,16,3
Del'Shawn Phillips,2024,16,0
Olamide Zaccheaus,2024,16,24
P.J. Locke,2024,16,0
Kyler Murray,2024,16,21.380000000000003
T.J. Hockenson,2024,16,4.7
Ed Oliver,2024,16,0
Byron Murphy,2024,16,0
Sean Murphy-Bunting,2024,16,0
Jahlani Tavai,2024,16,0
Zach Allen,2024,16,0
Josh Oliver,2024,16,0
Devin Singletary,2024,16,1.2000000000000002
C.J. Gardner-Johnson,2024,16,0
Anthony Nelson,2024,16,0
Hjalte Froholdt,2024,16,0
Tony Pollard,2024,16,8
Drue Tranquill,2024,16,0
Matt Gay,2024,16,7
Amani Oruwariye,2024,16,0
Andrew Van Ginkel,2024,16,0
Blake Cashman,2024,16,0
Mike Jackson,2024,16,0
Byron Cowart,2024,16,0
Charles Omenihu,2024,16,0
Jake Bailey,2024,16,0
Trayveon Williams,2024,16,0
David Long Jr.,2024,16,0
Donovan Wilson,2024,16,0
Kaden Elliss,2024,16,0
Cam Lewis,2024,16,0
Chase McLaughlin,2024,16,7
Andrew Wingard,2024,16,0
T.J. Edwards,2024,16,0
Carl Granderson,2024,16,0
Shy Tuttle,2024,16,0
Greg Dortch,2024,16,3.7
Devin Bush,2024,16,0
Darius Slayton,2024,16,3.7
Ty Johnson,2024,16,3
Kemon Hall,2024,16,0
Tom Kennedy,2024,16,0
Craig Reynolds,2024,16,3.3
Juan Thornhill,2024,16,0
D'Ernest Johnson,2024,16,1.8
Drew Sample,2024,16,2.2
Amani Hooker,2024,16,0
L.J. Collier,2024,16,0
DK Metcalf,2024,16,14.7
Josh Hines-Allen,2024,16,0
Jeffery Simmons,2024,16,0
Noah Fant,2024,16,8
Sione Takitaki,2024,16,0
Montez Sweat,2024,16,0
Will Harris,2024,16,0
Khalen Saunders,2024,16,0
Terry McLaurin,2024,16,17
Hollywood Brown,2024,16,9.5
David Long,2024,16,0
Greg Gaines,2024,16,0
Nick Scott,2024,16,0
Cody Barton,2024,16,0
Jerry Tillery,2024,16,0
A.J. Brown,2024,16,23.700000000000003
Dre'Mont Jones,2024,16,0
Quincy Williams,2024,16,0
Mike Edwards,2024,16,0
Dawson Knox,2024,16,4.2
Clelin Ferrell,2024,16,0
Germaine Pratt,2024,16,0
Jamel Dean,2024,16,0
Josh Jacobs,2024,16,20.7
Drew Lock,2024,16,8.5
Jalen Thompson,2024,16,0
Brian Burns,2024,16,0
Nick Bosa,2024,16,0
Deebo Samuel Sr.,2024,16,25.1
Malcolm Roach,2024,16,0
James Pierre,2024,16,0
Corliss Waitman,2024,16,0
Benito Jones,2024,16,0
Chris Williams,2024,16,0
Tommy Townsend,2024,16,0
Michael Hoecht,2024,16,0
Christian Rozeboom,2024,16,0
Krys Barnes,2024,16,0
Patrick Taylor,2024,16,3.5000000000000004
Dan Chisena,2024,16,3.3000000000000003
Terence Steele,2024,16,0
Juwan Johnson,2024,16,4.7
Cam Gill,2024,16,0
Myles Bryant,2024,16,0
Nnamdi Madubuike,2024,16,0
Ben Bredeson,2024,16,0
James Proche,2024,16,0
Rico Dowdle,2024,16,8.100000000000001
Kristian Welch,2024,16,0
Tyler Bass,2024,16,8
Dane Jackson,2024,16,0
Aaron Brewer,2024,16,0
Mason Kinsey,2024,16,1.6
Teair Tart,2024,16,0
Nick Westbrook-Ikhine,2024,16,9.7
Reggie Gilliam,2024,16,0
A.J. Epenesa,2024,16,0
Anfernee Jennings,2024,16,0
Geno Stone,2024,16,0
Tua Tagovailoa,2024,16,11.5
Raekwon Davis,2024,16,0
Brandon Jones,2024,16,0
Isaiah Rodgers,2024,16,0
Jonathan Taylor,2024,16,39.8
Jonathan Greenard,2024,16,0
Kyle Dugger,2024,16,0
Colby Parkinson,2024,16,0
Michael Pittman Jr.,2024,16,3.9000000000000004
Julian Blackmon,2024,16,0
Collin Johnson,2024,16,0
Jauan Jennings,2024,16,9.100000000000001
Javon Kinlaw,2024,16,0
DaVon Hamilton,2024,16,0
Jordan Love,2024,16,11.48
Jordan Elliott,2024,16,0
Jeff Okudah,2024,16,0
D'Andre Swift,2024,16,8.3
Malik Harrison,2024,16,0
Grant Delpit,2024,16,0
A.J. Terrell,2024,16,0
K'Lavon Chaisson,2024,16,0
Noah Igbinoghene,2024,16,0
Yetur Gross-Matos,2024,16,0
Cole Kmet,2024,16,8.9
Jaylon Johnson,2024,16,0
Jeremy Chinn,2024,16,0
Akeem Davis-Gaither,2024,16,0
Mykal Walker,2024,16,0
Jaylinn Hawkins,2024,16,0
Daniel Thomas,2024,16,0
Darnell Mooney,2024,16,13.200000000000001
Braden Mann,2024,16,0
Chase Young,2024,16,0
Justin Jefferson,2024,16,36.4
Patrick Queen,2024,16,0
Robert Hunt,2024,16,0
Antonio Gibson,2024,16,4.6000000000000005
Ashtyn Davis,2024,16,0
Devin Duvernay,2024,16,1.3
Josiah Deguara,2024,16,1.4
Alex Highsmith,2024,16,0
D.J. Wonnum,2024,16,0
James Lynch,2024,16,0
Josh Metellus,2024,16,0
Kam Curl,2024,16,0
Justin Herbert,2024,16,23.16
CeeDee Lamb,2024,16,17.5
Willie Gay Jr.,2024,16,0
Neville Gallimore,2024,16,0
Amik Robertson,2024,16,0
Michael Danna,2024,16,0
Xavier McKinney,2024,16,0
Jalen Hurts,2024,16,4.540000000000001
Darnay Holmes,2024,16,0
Jerry Jeudy,2024,16,4
Jordyn Brooks,2024,16,0
Tee Higgins,2024,16,19.8
Darrell Taylor,2024,16,0
Cam Akers,2024,16,0.30000000000000004
Van Jefferson,2024,16,4.7
Kristian Fulton,2024,16,0
Zack Baun,2024,16,0
Adam Trautman,2024,16,1.5
DeeJay Dallas,2024,16,7.1
Justin Strnad,2024,16,0
Charlie Woerner,2024,16,0
"Kenneth Murray, Jr.",2024,16,0
Joe Burrow,2024,16,21.979999999999997
Chris Blair,2024,16,2.7
Kwity Paye,2024,16,0
Dayo Odeyingbo,2024,16,0
Tim Jones,2024,16,0
Jamien Sherwood,2024,16,0
Jason Pinnock,2024,16,0
Brandin Echols,2024,16,0
Kenny Yeboah,2024,16,0
Rashod Bateman,2024,16,8.4
Aaron Banks,2024,16,0
Carlos Basham,2024,16,0
Nico Collins,2024,16,13
Chuba Hubbard,2024,16,32.5
Keith Taylor,2024,16,0
Deommodore Lenoir,2024,16,0
Talanoa Hufanga,2024,16,0
Roy Lopez,2024,16,0
Ar'Darius Washington,2024,16,0
Quintin Morris,2024,16,0
Robert Jones,2024,16,0
Jamin Davis,2024,16,0
Nick Bolton,2024,16,0
Benjamin St-Juste,2024,16,0
Dyami Brown,2024,16,7.600000000000001
John Bates,2024,16,0
Camryn Bynum,2024,16,0
Ihmir Smith-Marsette,2024,16,0
Noah Gray,2024,16,2
Cameron McGrone,2024,16,0
Cole Van Lanen,2024,16,0
Trey Smith,2024,16,0
Israel Mukuamu,2024,16,0
Jermar Jefferson,2024,16,3.3
Grant Stuard,2024,16,0
Zayne Anderson,2024,16,0
Naquan Jones,2024,16,0
Caleb Johnson,2024,16,0
Sam Kamara,2024,16,0
Charles Snowden,2024,16,0
Amen Ogbongbemiga,2024,16,0
Adam Prentice,2024,16,0
Jake Curhan,2024,16,0
Christian Elliss,2024,16,0
Riley Patterson,2024,16,11
Isaiahh Loudermilk,2024,16,0
Tutu Atwell,2024,16,2.2
Ben Skowronek,2024,16,4.5
Buddy Johnson,2024,16,0
Pat Surtain II,2024,16,0
Rhamondre Stevenson,2024,16,12.3
Jaelon Darden,2024,16,0
Jay Tufele,2024,16,0
Tommy Togiai,2024,16,0
Marco Wilson,2024,16,0
Tre Brown,2024,16,0
Luke Farrell,2024,16,2.8
Najee Harris,2024,16,4.2
Pat Freiermuth,2024,16,4.6
Victor Dimukeje,2024,16,0
Ja'Marr Chase,2024,16,22.400000000000002
Eric Stokes,2024,16,0
Joseph Ossai,2024,16,0
Bobby Brown III,2024,16,0
Larry Borom,2024,16,0
Khyiris Tonga,2024,16,0
DeVonta Smith,2024,16,11.100000000000001
Greg Rousseau,2024,16,0
Milton Williams,2024,16,0
Kenneth Gainwell,2024,16,2.3000000000000003
Michael Carter,2024,16,9.8
Payton Turner,2024,16,0
Pete Werner,2024,16,0
Micah Parsons,2024,16,0
Zaven Collins,2024,16,0
Andre Cisco,2024,16,0
Osa Odighizuwa,2024,16,0
Jaycee Horn,2024,16,0
Avery Williams,2024,16,0
Jonathon Cooper,2024,16,0
Levi Onwuzurike,2024,16,0
Terrace Marshall Jr.,2024,16,0
Drew Dalman,2024,16,0
Tre'von Moehrig,2024,16,0
Amon-Ra St. Brown,2024,16,19
Kyle Pitts,2024,16,1.7000000000000002
Mac Jones,2024,16,13.88
Travis Etienne,2024,16,5.7
Tyson Campbell,2024,16,0
Spencer Brown,2024,16,0
Alijah Vera-Tucker,2024,16,0
Elijah Moore,2024,16,4.1
Chauncey Golston,2024,16,0
Trey Sermon,2024,16,2.5
Brandon Stephens,2024,16,0
Joshua Palmer,2024,16,7.1000000000000005
Divine Deablo,2024,16,0
Ifeatu Melifonwu,2024,16,0
Ernest Jones,2024,16,0
Baron Browning,2024,16,0
Javonte Williams,2024,16,12.3
Jevon Holland,2024,16,0
Hunter Long,2024,16,0
Tommy Tremble,2024,16,6.2
Patrick Jones II,2024,16,0
Dee Alford,2024,16,0
Amare Barno,2024,16,0
Elijah Garcia,2024,16,0
Jordan Davis,2024,16,0
Devonte Wyatt,2024,16,0
Riq Woolen,2024,16,0
Dominique Robinson,2024,16,0
Kingsley Enagbare,2024,16,0
Bo Melton,2024,16,1.4000000000000001
Dareke Young,2024,16,0
Jonathan Ford,2024,16,0
Elijah Hicks,2024,16,0
Jack Sanborn,2024,16,0
Tyler Goodson,2024,16,2.2
Josh Blackwell,2024,16,0
Reed Blankenship,2024,16,0
Josh Jobe,2024,16,0
Joey Blount,2024,16,0
Tony Adams,2024,16,0
Sauce Gardner,2024,16,0
Trent McDuffie,2024,16,0
George Karlaftis,2024,16,0
Bryan Cook,2024,16,0
Isiah Pacheco,2024,16,3.5
Nazeeh Johnson,2024,16,0
LaBryan Ray,2024,16,0
Cameron Dicker,2024,16,10
Jaylen Warren,2024,16,13.200000000000001
Kevin Austin Jr.,2024,16,1.7000000000000002
Travon Walker,2024,16,0
Derek Stingley Jr.,2024,16,0
Drake London,2024,16,10.9
Jameson Williams,2024,16,26
Kaiir Elam,2024,16,0
Tyler Smith,2024,16,0
Devin Lloyd,2024,16,0
James Cook,2024,16,26.6
Nik Bonitto,2024,16,0
Martin Emerson,2024,16,0
Terrel Bernard,2024,16,0
Dylan Parham,2024,16,0
Rachaad White,2024,16,11
Dameon Pierce,2024,16,0.4
Micah McFadden,2024,16,0
Khalil Shakir,2024,16,3.2
Tyler Allgeier,2024,16,4.1000000000000005
Jerome Ford,2024,16,24.1
Zyon McCollum,2024,16,0
Eric Johnson,2024,16,0
DaRon Bland,2024,16,0
Ty Chandler,2024,16,0
Damone Clark,2024,16,0
John Ridgeway,2024,16,0
Matt Araiza,2024,16,0
Christian Benford,2024,16,0
Jalen Nailor,2024,16,1.5
Drew Ogletree,2024,16,0
Mike Woods,2024,16,0
Theo Jackson,2024,16,0
Connor Heyward,2024,16,1.3
Ja'Sir Taylor,2024,16,0
Montaric Brown,2024,16,0
Mark Robinson,2024,16,0
Baylon Spector,2024,16,0
Deane Leonard,2024,16,0
Brock Hoffman,2024,16,0
Kader Kohou,2024,16,0
Arron Mosby,2024,16,0
Ja'Quan McMillian,2024,16,0
Jalen Virgil,2024,16,0
Devin Cochran,2024,16,0
Raheem Blackshear,2024,16,1.3
Tomon Fox,2024,16,0
Jake Hansen,2024,16,0
Kurt Hinish,2024,16,0
Tristin McCollum,2024,16,0
Raheem Layne,2024,16,0
Stone Smartt,2024,16,6.7
Deven Thompkins,2024,16,0.9
J.J. Russell,2024,16,0
Mike Brown,2024,16,0
Ryan Wright,2024,16,0
Isaiah Pola-Mao,2024,16,0
Marcelino McCrary-Ball,2024,16,0
Segun Olubi,2024,16,0
Lucas Krull,2024,16,5.1
Daniel Whelan,2024,16,0
Nate Landman,2024,16,0
Julius Chestnut,2024,16,0
Sam Okuayinonu,2024,16,0
Ryan Stonehouse,2024,16,0
Kayvon Thibodeaux,2024,16,0
Evan Neal,2024,16,0
Nakobe Dean,2024,16,0
Nick Cross,2024,16,0
Hassan Haskins,2024,16,11.9
Jacob Hummel,2024,16,0
Tucker Fisk,2024,16,2
Ja'Marcus Ingram,2024,16,0
Jalen Tolbert,2024,16,10
Kerby Joseph,2024,16,0
Brandon Aubrey,2024,16,21
Jeremiah Pharms Jr.,2024,16,0
Garrett Wilson,2024,16,11.4
Trey McBride,2024,16,5
Brian Robinson Jr.,2024,16,2.1000000000000005
Tycen Anderson,2024,16,0
Cam Taylor-Britt,2024,16,0
Travis Jones,2024,16,0
Cordale Flott,2024,16,0
Dondrea Tillman,2024,16,0
KaVontae Turpin,2024,16,2.8000000000000003
Zachary Carter,2024,16,0
Jeremy Ruckert,2024,16,3.2
DeAngelo Malone,2024,16,0
Chigoziem Okonkwo,2024,16,17.1
Abraham Lucas,2024,16,0
Romeo Doubs,2024,16,4
Leo Chenal,2024,16,0
Charles Cross,2024,16,0
Christian Harris,2024,16,0
Samuel Womack,2024,16,0
Kalia Davis,2024,16,0
Brock Purdy,2024,16,22.12
Luke Goedeke,2024,16,0
Calvin Austin III,2024,16,10.5
Isaiah Likely,2024,16,11.9
Kyren Williams,2024,16,19.900000000000002
Quentin Lake,2024,16,0
Daniel Hardy,2024,16,0
Kyle Hamilton,2024,16,0
Jack Jones,2024,16,0
Jake Ferguson,2024,16,10
Joshua Williams,2024,16,0
Jordan Stout,2024,16,0
Joshua Paschal,2024,16,0
Cade York,2024,16,7
Pierre Strong Jr.,2024,16,2.9000000000000004
Percy Butler,2024,16,0
Kenny Pickett,2024,16,9.02
Eyioma Uwazurike,2024,16,0
Micheal Clemons,2024,16,0
Kyler Gordon,2024,16,0
Max Mitchell,2024,16,0
Daniel Bellinger,2024,16,1.5
Arnold Ebiketie,2024,16,0
Wan'Dale Robinson,2024,16,13.2
Breece Hall,2024,16,14
Alontae Taylor,2024,16,0
Dane Belton,2024,16,0
Christian Watson,2024,16,2.3000000000000003
Roger McCreary,2024,16,0
Logan Hall,2024,16,0
Malik Willis,2024,16,1.1600000000000001
Boye Mafe,2024,16,0
Kenneth Walker III,2024,16,13.9
Coby Bryant,2024,16,0
David Ojabo,2024,16,0
Jalen Carter,2024,16,0
Colby Wooden,2024,16,0
Dontayvion Wicks,2024,16,10.3
Terell Smith,2024,16,0
Eric Gray,2024,16,1.2
Anders Carlson,2024,16,1
Jaylon Jones,2024,16,0
Carrington Valentine,2024,16,0
Kendall Williamson,2024,16,0
Brenton Cox Jr.,2024,16,0
Xavier Gipson,2024,16,0
Tavius Robinson,2024,16,0
Jordon Riley,2024,16,0
Nikko Remigio,2024,16,0
DJ Johnson,2024,16,0
Tyree Wilson,2024,16,0
Bijan Robinson,2024,16,24.299999999999997
Jaxon Smith-Njigba,2024,16,24
Quentin Johnston,2024,16,4.8
Mazi Smith,2024,16,0
Myles Murphy,2024,16,0
Luke Schoonmaker,2024,16,1.3
O'Cyrus Torrence,2024,16,0
Kendre Miller,2024,16,5.1
Daiyan Henley,2024,16,0
Ji'Ayir Brown,2024,16,0
Tank Bigsby,2024,16,10.1
Dorian Williams,2024,16,0
Michael Wilson,2024,16,6.4
Jordan Battle,2024,16,0
Jake Moody,2024,16,4
Tre Tucker,2024,16,5.300000000000001
Chad Ryland,2024,16,15
Clark Phillips III,2024,16,0
Ventrell Miller,2024,16,0
Derius Davis,2024,16,10.8
Isaiah McGuire,2024,16,0
Nick Herbig,2024,16,0
Jay Ward,2024,16,0
Aidan O'Connell,2024,16,11.48
Dorian Thompson-Robinson,2024,16,8.18
Cameron Mitchell,2024,16,0
Antonio Johnson,2024,16,0
Chase Brown,2024,16,13.9
Henry To'oTo'o,2024,16,0
Owen Pappoe,2024,16,0
JL Skinner,2024,16,0
Parker Washington,2024,16,11.4
Kayshon Boutte,2024,16,20.5
Bryce Baringer,2024,16,0
Chris Rodriguez Jr.,2024,16,0.5
Scott Matlock,2024,16,2
Amari Burney,2024,16,0
Xavier Hutchinson,2024,16,1.8
Andrei Iosivas,2024,16,14.3
DeMario Douglas,2024,16,7.9
Dante Stills,2024,16,0
Dee Winters,2024,16,0
Kenny McIntosh,2024,16,3.9000000000000004
Cory Trice Jr.,2024,16,0
Isaiah Bolden,2024,16,0
D.J. Ivey,2024,16,0
Brayden Willis,2024,16,0
Alex Austin,2024,16,0
Cory Durden,2024,16,0
Trevor Nowaske,2024,16,0
Starling Thomas V,2024,16,0
Jordan Mims,2024,16,8.2
Mitchell Agude,2024,16,0
Chris Brooks,2024,16,9.5
Mohamoud Diabate,2024,16,0
Ronnie Hickman Jr.,2024,16,0
Julian Hill,2024,16,0
Hunter Luepke,2024,16,0
Jake Bobo,2024,16,1.6
Nate Adkins,2024,16,3.8
Demontrey Jacobs,2024,16,0
Emanuel Wilson,2024,16,12.6
Christian Izien,2024,16,0
Rakim Jarrett,2024,16,1.6
Kaevon Merriweather,2024,16,0
Ryan Miller,2024,16,9.7
John Ojukwu,2024,16,0
Otis Reese,2024,16,0
Shaka Heyward,2024,16,0
Blake Grupe,2024,16,0
John Shenker,2024,16,0
Dalton Kincaid,2024,16,5.5
Brenton Strange,2024,16,2.2
Zacch Pickens,2024,16,0
Jalin Hyatt,2024,16,1.9
Tyler Lacy,2024,16,0
Tyler Scott,2024,16,0
Sean Tucker,2024,16,0
Natrone Brooks,2024,16,0
Marvin Mims Jr.,2024,16,9.5
Tank Dell,2024,16,21.8
Zach Harrison,2024,16,0
Keondre Coburn,2024,16,0
Jordan Addison,2024,16,14.5
Bryan Bresee,2024,16,0
Tucker Kraft,2024,16,9.5
Josh Downs,2024,16,15.100000000000001
Deonte Banks,2024,16,0
Sydney Brown,2024,16,0
Drew Sanders,2024,16,0
Garrett Williams,2024,16,0
Nolan Smith,2024,16,0
Jack Campbell,2024,16,0
John Michael Schmitz,2024,16,0
Roschon Johnson,2024,16,0.30000000000000004
Tyjae Spears,2024,16,21.6
De'Von Achane,2024,16,31
Elijah Higgins,2024,16,0
Derick Hall,2024,16,0
Payne Durham,2024,16,6.9
Trey Palmer,2024,16,5.1
Marte Mapu,2024,16,0
Ethan Evans,2024,16,0
Calijah Kancey,2024,16,0
Zay Flowers,2024,16,15.3
Sam LaPorta,2024,16,14.3
Michael Mayer,2024,16,0
Yaya Diaby,2024,16,0
Tyrique Stevenson,2024,16,0
Puka Nacua,2024,16,13.600000000000001
Will Anderson Jr.,2024,16,0
Broderick Jones,2024,16,0
Keeanu Benton,2024,16,0
Tuli Tuipulotu,2024,16,0
Lukas Van Ness,2024,16,0
Byron Young,2024,16,0
Kobie Turner,2024,16,0
Jahmyr Gibbs,2024,16,25.4
Brian Branch,2024,16,0
Will McDonald IV,2024,16,0
Luke Musgrave,2024,16,0
Joe Tippmann,2024,16,0
Jayden Reed,2024,16,11.100000000000001
Christian Gonzalez,2024,16,0
Keion White,2024,16,0
Quan Martin,2024,16,0
Bryce Young,2024,16,27.12
C.J. Stroud,2024,16,18.06
Anthony Richardson,2024,16,21.240000000000002
Zach Charbonnet,2024,16,3.3
Joey Porter Jr.,2024,16,0
Devon Witherspoon,2024,16,0
Jake Bates,2024,16,9
Nate Wiggins,2024,16,0
Leonard Taylor III,2024,16,0
Byron Murphy II,2024,16,0
Ryan Rehkow,2024,16,0
Christian Roland-Wallace,2024,16,0
Brandon Codrington,2024,16,0
Malik Nabers,2024,16,13.8
Brock Bowers,2024,16,20.9
Taliese Fuaga,2024,16,0
Laiatu Latu,2024,16,0
Kamari Lassiter,2024,16,0
Renardo Green,2024,16,0
Junior Colson,2024,16,0
Marist Liufau,2024,16,0
Jarrian Jones,2024,16,0
McKinnley Jackson,2024,16,0
Luke McCaffrey,2024,16,2.3
Decamerion Richardson,2024,16,0
Malik Mustapha,2024,16,0
Bucky Irving,2024,16,18.200000000000003
Sione Vaki,2024,16,4
Jacob Cowing,2024,16,0
Tarheeb Still,2024,16,0
Xavier Thomas,2024,16,0
Jordan Magee,2024,16,0
JD Bertrand,2024,16,0
Kris Abrams-Draine,2024,16,0
Jarvis Brownlee Jr.,2024,16,0
Audric Estimé,2024,16,10.8
Josh Newton,2024,16,0
Spencer Rattler,2024,16,5.92
Jaylon Carlies,2024,16,0
Deantre Prince,2024,16,0
Jamari Thrash,2024,16,0
Chau Smith-Wade,2024,16,0
Tyrone Tracy Jr.,2024,16,16.9
Marcellas Dial Jr.,2024,16,0
Kimani Vidal,2024,16,1.4000000000000004
Jamal Hill,2024,16,0
Will Reichard,2024,16,12
Nathaniel Watson,2024,16,0
Christian Mahogany,2024,16,0
Cam Little,2024,16,2
Ryan Flournoy,2024,16,7.1000000000000005
Javontae Jean-Baptiste,2024,16,0
Daijahn Anthony,2024,16,0
Myles Harden,2024,16,0
Levi Drake Rodriguez,2024,16,0
Jonah Laulu,2024,16,0
Devaughn Vele,2024,16,10.1
Myles Cole,2024,16,0
James Williams,2024,16,0
Jowon Briggs,2024,16,0
Jaylen Harrell,2024,16,0
Hogan Hatten,2024,16,0
Isaiah Williams,2024,16,0
Beanie Bishop Jr.,2024,16,0
Jacoby Windmon,2024,16,0
Jack Browning,2024,16,0
Storm Duck,2024,16,0
Jalen Coker,2024,16,2.8
Winston Reid,2024,16,0
Brevyn Spann-Ford,2024,16,0
Amari Gainer,2024,16,0
Blake Watson,2024,16,3.3
Antonio Grier Jr.,2024,16,0
Demani Richardson,2024,16,0
Matthew Hayball,2024,16,0
Mason Tipton,2024,16,0
Maema Njongmeta,2024,16,0
David Martin-Robinson,2024,16,1.6
Brayden Narveson,2024,16,1
Thomas Harper,2024,16,0
Tyler Owens,2024,16,0
Dell Pettus,2024,16,0.2
Evan Anderson,2024,16,0
Bo Nix,2024,16,20.02
Ruke Orhorhoro,2024,16,0
Braden Fiske,2024,16,0
Blake Corum,2024,16,1.4000000000000001
Jalyx Hunt,2024,16,0
Payton Wilson,2024,16,0
Tory Taylor,2024,16,0
Tyler Davis,2024,16,0
Joshua Karty,2024,16,7
Jordan Whittington,2024,16,0
Cedric Johnson,2024,16,0
Beaux Limmer,2024,16,0
Joe Andreessen,2024,16,0
Elijah Chatman,2024,16,0
Josh Wallace,2024,16,0
Omar Speights,2024,16,0
Jaylen McCollough,2024,16,0
Olumuyiwa Fashanu,2024,16,0
AJ Barner,2024,16,9.3
Braelon Allen,2024,16,2
Rasheen Ali,2024,16,0.2
Isaiah Davis,2024,16,1.2000000000000002
Sataoa Laumea,2024,16,0
Max Melton,2024,16,0
Jonah Elliss,2024,16,0
Jermaine Burton,2024,16,0
Ty'Ron Hopper,2024,16,0
Tyrice Knight,2024,16,0
Anthony Gould,2024,16,0
Kitan Oladapo,2024,16,0
Andru Phillips,2024,16,0
Jaden Hicks,2024,16,0
Jeremiah Trotter Jr.,2024,16,0
Darius Muasau,2024,16,0
Kamren Kinchens,2024,16,0
Justin Eboigbe,2024,16,0
Calen Bullock,2024,16,0
Austin Booker,2024,16,0
Cooper DeJean,2024,16,0
Tykee Smith,2024,16,0
Marvin Harrison Jr.,2024,16,7.9
Edgerrin Cooper,2024,16,0
Drake Maye,2024,16,17.439999999999998
Jared Verse,2024,16,0
Javon Baker,2024,16,0
Darius Robinson,2024,16,0
Jalen McMillan,2024,16,16.7
Cedric Gray,2024,16,0
Kool-Aid McKinstry,2024,16,0
Dadrion Taylor-Demerson,2024,16,0
Troy Franklin,2024,16,4.5
Cole Bishop,2024,16,0
Ray Davis,2024,16,3.9000000000000004
Malik Washington,2024,16,5.800000000000001
Patrick McMorris,2024,16,0
T'Vondre Sweat,2024,16,0
Quinyon Mitchell,2024,16,0
Maason Smith,2024,16,0
Adonai Mitchell,2024,16,4.6
Brian Thomas Jr.,2024,16,28.200000000000003
Xavier Worthy,2024,16,20.5
Mike Hall Jr.,2024,16,0
Mike Sainristil,2024,16,0
Marshawn Kneeland,2024,16,0
Keon Coleman,2024,16,2.7
Terrion Arnold,2024,16,0
Jer'Zhan Newton,2024,16,0
Kris Jenkins,2024,16,0
Jayden Daniels,2024,16,36.42
Chop Robinson,2024,16,0
Ladd McConkey,2024,16,14.700000000000001
Ricky Pearsall,2024,16,7.7
Michael Penix Jr.,2024,16,7.38
Caleb Williams,2024,16,21.759999999999998
Rome Odunze,2024,16,9.7
Dallas Turner,2024,16,0
NA,2024,16,0
Aaron Rodgers,2024,17,2.4800000000000004
Joe Flacco,2024,17,17.300000000000004
Calais Campbell,2024,17,0
Josh Johnson,2024,17,0.64
Matthew Stafford,2024,17,9.16
Graham Gano,2024,17,9
Thomas Morstead,2024,17,0
Linval Joseph,2024,17,0
Von Miller,2024,17,0
Cameron Jordan,2024,17,0
Cameron Heyward,2024,17,0
Tyrod Taylor,2024,17,12.92
Josh Harris,2024,17,0
Johnny Hekker,2024,17,0
Rodney McLeod Jr.,2024,17,0
Bobby Wagner,2024,17,0
Russell Wilson,2024,17,17.7
Kelvin Beachum,2024,17,0
Stephon Gilmore,2024,17,0
Lavonte David,2024,17,0
Justin Tucker,2024,17,9
Harrison Smith,2024,17,0
Demario Davis,2024,17,0
Bryan Anger,2024,17,0
Brandon McManus,2024,17,5
Kyle Juszczyk,2024,17,7.9
Adam Thielen,2024,17,28
Zach Ertz,2024,17,25.2
Darius Slay,2024,17,0
Terron Armstead,2024,17,0
Sam Martin,2024,17,0
Dustin Hopkins,2024,17,3
Jordan Poyer,2024,17,0
Tress Way,2024,17,0
Keenan Allen,2024,17,7.5
Tony Jefferson,2024,17,0
Robert Woods,2024,17,4.1
Tyrann Mathieu,2024,17,0
Travis Kelce,2024,17,22.4
DeAndre Hopkins,2024,17,2.7
Geno Smith,2024,17,6.300000000000001
Cordarrelle Patterson,2024,17,0.2
James Winchester,2024,17,0
Khalil Mack,2024,17,0
DaQuan Jones,2024,17,0
Chris Boswell,2024,17,4
Brent Urban,2024,17,0
Cairo Santos,2024,17,4
Brandin Cooks,2024,17,9.2
C.J. Goodwin,2024,17,0
Kyle Van Noy,2024,17,0
Michael Palardy,2024,17,0
Jadeveon Clowney,2024,17,0
Davante Adams,2024,17,9.7
Mike Evans,2024,17,29.700000000000003
Allen Robinson,2024,17,3.1
Chris Manhertz,2024,17,2.2
Jason Myers,2024,17,8
Amari Cooper,2024,17,14.600000000000001
Eddie Goldman,2024,17,0
Eric Kendricks,2024,17,0
Jordan Phillips,2024,17,0
Danielle Hunter,2024,17,0
Za'Darius Smith,2024,17,0
Grady Jarrett,2024,17,0
Raheem Mostert,2024,17,3.9
Neville Hewitt,2024,17,0
Taylor Heinicke,2024,17,0.8
Kendall Lamm,2024,17,0
Leonard Williams,2024,17,0
Jamison Crowder,2024,17,5.5
Rakeem Nunez-Roches,2024,17,0
Dante Fowler Jr.,2024,17,0
Bradley Pinion,2024,17,0
Ameer Abdullah,2024,17,17.7
Chris Conley,2024,17,2.3
Jordan Hicks,2024,17,0
Bud Dupree,2024,17,0
Arik Armstead,2024,17,0
Tyler Lockett,2024,17,5
Mario Edwards,2024,17,0
DeForest Buckner,2024,17,0
Jarran Reed,2024,17,0
Deion Jones,2024,17,0
Austin Hooper,2024,17,4.9
Nick Vannett,2024,17,7.8
Miles Killebrew,2024,17,0
Matthew Judon,2024,17,0
Quinton Jefferson,2024,17,0
DJ Reader,2024,17,0
Elandon Roberts,2024,17,0
Reid Ferguson,2024,17,0
Mike Hilton,2024,17,0
Alex Erickson,2024,17,0
Wil Lutz,2024,17,6
Michael Pierce,2024,17,0
Jonathan Jones,2024,17,0
Ka'imi Fairbairn,2024,17,0
Derrick Henry,2024,17,24.500000000000004
Deon Bush,2024,17,0
Demarcus Robinson,2024,17,0
A'Shawn Robinson,2024,17,0
Daryl Worley,2024,17,0
Nick Vigil,2024,17,0
C.J. Ham,2024,17,3.5
Kevon Seymour,2024,17,0
Riley Dixon,2024,17,0
Ronnie Stanley,2024,17,0
Justin Simmons,2024,17,0
Tyler Boyd,2024,17,3.4000000000000004
Sheldon Day,2024,17,0
Eric Murray,2024,17,0
Tyreek Hill,2024,17,19.5
Ezekiel Elliott,2024,17,0.2
Jihad Ward,2024,17,0
David Onyemata,2024,17,0
Jalen Ramsey,2024,17,0
Emmanuel Ogbah,2024,17,0
Hunter Henry,2024,17,0
Jonathan Bullard,2024,17,0
Jared Goff,2024,17,25.82
Tyler Higbee,2024,17,2.9
Jacoby Brissett,2024,17,-0.08
Kenny Clark,2024,17,0
Yannick Ngakoue,2024,17,0
Maliek Collins,2024,17,0
Kevin Byard,2024,17,0
Joey Bosa,2024,17,0
Mo Alie-Cox,2024,17,0
Johnny Mundt,2024,17,1.7000000000000002
Rigoberto Sanchez,2024,17,0
Marlon Humphrey,2024,17,0
George Kittle,2024,17,19.200000000000003
Jermaine Eluemunor,2024,17,0
Aaron Jones,2024,17,11.7
Chuck Clark,2024,17,0
D.J. Jones,2024,17,0
Harrison Butker,2024,17,4
Kendrick Bourne,2024,17,4.2
Eric Wilson,2024,17,0
Tim Patrick,2024,17,0
Patrick Ricard,2024,17,0
Adam Butler,2024,17,0
Kenny Moore II,2024,17,0
Pharaoh Brown,2024,17,-0.6000000000000001
Carl Lawson,2024,17,0
Jonathan Allen,2024,17,0
Samaje Perine,2024,17,4.9
Mike Williams,2024,17,0
Dalvin Tomlinson,2024,17,0
Chidobe Awuzie,2024,17,0
Rasul Douglas,2024,17,0
James Conner,2024,17,2.8
Mack Hollins,2024,17,5.300000000000001
Jalen Reeves-Maybin,2024,17,0
Carlos Watkins,2024,17,0
Matt Milano,2024,17,0
Eric Saubert,2024,17,0
Xavier Woods,2024,17,0
Jeremiah Ledbetter,2024,17,0
David Moore,2024,17,2.7
Pat O'Connor,2024,17,0
Cooper Rush,2024,17,8.079999999999998
Michael Davis,2024,17,0
Alex Barrett,2024,17,0
DeMarcus Walker,2024,17,0
Ahkello Witherspoon,2024,17,0
Jake Elliott,2024,17,11
Corey Levin,2024,17,0
Dare Ogunbowale,2024,17,2.8000000000000003
JuJu Smith-Schuster,2024,17,3.8
Jonnu Smith,2024,17,11.6
Davon Godchaux,2024,17,0
Zane Gonzalez,2024,17,6
Myles Garrett,2024,17,0
Mitchell Trubisky,2024,17,6.66
Solomon Thomas,2024,17,0
Patrick Mahomes,2024,17,26
Haason Reddick,2024,17,0
Derek Barnett,2024,17,0
Malik Hooker,2024,17,0
Adoree' Jackson,2024,17,0
Tre'Davious White,2024,17,0
T.J. Watt,2024,17,0
Cam Robinson,2024,17,0
Budda Baker,2024,17,0
Zay Jones,2024,17,2.9000000000000004
Gerald Everett,2024,17,0
Joe Mixon,2024,17,5.8999999999999995
Ethan Pocic,2024,17,0
Larry Ogunjobi,2024,17,0
Dawuane Smoot,2024,17,0
Cooper Kupp,2024,17,3.9000000000000004
Kareem Hunt,2024,17,8
D'Onta Foreman,2024,17,4.9
Shaquill Griffin,2024,17,0
Jourdan Lewis,2024,17,0
Montravius Adams,2024,17,0
Cameron Sutton,2024,17,0
Trey Hendrickson,2024,17,0
Rayshawn Jenkins,2024,17,0
Deatrich Wise,2024,17,0
Jamaal Williams,2024,17,3.4000000000000004
Joshua Dobbs,2024,17,8.1
Grover Stewart,2024,17,0
Jeremy McNichols,2024,17,3
Al-Quadin Muhammad,2024,17,0
Christian Kuntz,2024,17,0
River Cracraft,2024,17,2.6
Coleman Shelton,2024,17,0
Jeff Wilson Jr.,2024,17,0.5
J.T. Gray,2024,17,0
Will Dissly,2024,17,4.1
Michael Dickson,2024,17,0
Daniel Carlson,2024,17,15
J.K. Scott,2024,17,0
Jacob Martin,2024,17,0
Eddy Pineiro,2024,17,1
Darious Williams,2024,17,0
Mike Boone,2024,17,1.1
Poona Ford,2024,17,0
Elijah Campbell,2024,17,0
Daniel Ekuale,2024,17,0
Jalyn Holmes,2024,17,0
Tyler Conklin,2024,17,19.7
Marquez Valdes-Scantling,2024,17,0
DeShon Elliott,2024,17,0
Zach Sieler,2024,17,0
Ben Niemann,2024,17,0
Frankie Luvu,2024,17,0
Kentavius Street,2024,17,0
Daron Payne,2024,17,0
Courtland Sutton,2024,17,16.5
Uchenna Nwosu,2024,17,0
Anthony Miller,2024,17,2.6
Donte Jackson,2024,17,0
Isaiah Oliver,2024,17,0
Tyquan Lewis,2024,17,0
Lorenzo Carter,2024,17,0
Justin Reid,2024,17,0
Jordan Akins,2024,17,10.9
Da'Shawn Hand,2024,17,0
Dorance Armstrong,2024,17,0
Jordan Whitehead,2024,17,0
Kyzir White,2024,17,0
Taron Johnson,2024,17,0
Avonte Maddox,2024,17,0
Josh Sweat,2024,17,0
Dalton Schultz,2024,17,4.1
D.J. Reed,2024,17,0
Justin Watson,2024,17,14
Siran Neal,2024,17,0
Tim Settle,2024,17,0
Wyatt Teller,2024,17,0
Ray-Ray McCloud,2024,17,3.7
Foye Oluokun,2024,17,0
Cedrick Wilson Jr.,2024,17,4.7
Zaire Franklin,2024,17,0
Logan Cooke,2024,17,0
Bruce Hector,2024,17,0
Jeremy Reaves,2024,17,0
Jonathan Owens,2024,17,0
Ezekiel Turner,2024,17,0
Allen Lazard,2024,17,1.9
Demone Harris,2024,17,0
Mike Ford,2024,17,0
Brandon Powell,2024,17,0
Aaron Stinnie,2024,17,0
Tremaine Edmunds,2024,17,0
Jessie Bates,2024,17,0
Robert Spillane,2024,17,0
Corey Bojorquez,2024,17,0
Orlando Brown,2024,17,0
Mark Andrews,2024,17,14.8
Oren Burks,2024,17,0
Nathan Shepherd,2024,17,0
Mason Rudolph,2024,17,12.02
Vita Vea,2024,17,0
D.J. Chark Jr.,2024,17,0
Isaac Yiadom,2024,17,0
Harrison Phillips,2024,17,0
Chris Board,2024,17,0
Minkah Fitzpatrick,2024,17,0
Derwin James,2024,17,0
Jason Sanders,2024,17,10
Lamar Jackson,2024,17,29.42
Jerome Baker,2024,17,0
B.J. Hill,2024,17,0
Joe Noteboom,2024,17,0
John Franklin-Myers,2024,17,0
Sebastian Joseph-Day,2024,17,0
Fred Warner,2024,17,0
Derrick Nnadi,2024,17,0
Arden Key,2024,17,0
D.J. Moore,2024,17,12.2
Harold Landry III,2024,17,0
Mike Gesicki,2024,17,18.6
Isaiah Wynn,2024,17,0
Calvin Ridley,2024,17,14.100000000000001
Taven Bryan,2024,17,0
Mike Hughes,2024,17,0
Saquon Barkley,2024,17,18.9
KhaDarel Hodge,2024,17,1.9
Baker Mayfield,2024,17,34.56
Denzel Ward,2024,17,0
Josh Allen,2024,17,22.98
Dante Pettis,2024,17,5.7
Sam Darnold,2024,17,25.779999999999998
Roquan Smith,2024,17,0
Sam Eguavoen,2024,17,0
Steven Sims,2024,17,0
Jakobi Meyers,2024,17,17.1
D'Angelo Ross,2024,17,0
Rashan Gary,2024,17,0
Alexander Mattison,2024,17,4.800000000000001
Julian Love,2024,17,0
Foster Moreau,2024,17,13.7
E.J. Speed,2024,17,0
Armon Watts,2024,17,0
Olisaemeka Udoh,2024,17,0
Ty Summers,2024,17,0
Quinton Bell,2024,17,0
Demetrius Flannigan-Fowles,2024,17,0
Jamie Gillan,2024,17,0
Alec Ingold,2024,17,0
Keisean Nixon,2024,17,0
Ugo Amadi,2024,17,0
Mack Wilson,2024,17,0
Kris Boyd,2024,17,0
Darius Harris,2024,17,0
Matthew Wright,2024,17,7
AJ Cole,2024,17,0
Joey Slye,2024,17,1
Del'Shawn Phillips,2024,17,0
Olamide Zaccheaus,2024,17,23.3
P.J. Locke,2024,17,0
Kyler Murray,2024,17,18.04
T.J. Hockenson,2024,17,11.8
Ed Oliver,2024,17,0
Kaleb McGary,2024,17,0
Byron Murphy,2024,17,0
Jawaan Taylor,2024,17,0
Sean Murphy-Bunting,2024,17,0
Jahlani Tavai,2024,17,0
Lonnie Johnson,2024,17,0
Zach Allen,2024,17,0
Devin Singletary,2024,17,4
C.J. Gardner-Johnson,2024,17,0
Anthony Nelson,2024,17,0
Drue Tranquill,2024,17,0
Matt Gay,2024,17,8
Andrew Van Ginkel,2024,17,0
Blake Cashman,2024,17,0
Mike Jackson,2024,17,0
Byron Cowart,2024,17,0
Charles Omenihu,2024,17,0
Jake Bailey,2024,17,0
Scott Miller,2024,17,0
Donovan Wilson,2024,17,0
Kaden Elliss,2024,17,0
Anthony Pittman,2024,17,0
Tyrel Dodson,2024,17,0
Cam Lewis,2024,17,0
Chase McLaughlin,2024,17,12
Joe Giles-Harris,2024,17,0
Andrew Wingard,2024,17,0
T.J. Edwards,2024,17,0
Carl Granderson,2024,17,0
Shy Tuttle,2024,17,0
Luke Gifford,2024,17,0
Greg Dortch,2024,17,4.8
Devin Bush,2024,17,0
Darius Slayton,2024,17,10.2
Ty Johnson,2024,17,3.5
Tom Kennedy,2024,17,0
Craig Reynolds,2024,17,8.6
Juan Thornhill,2024,17,0
D'Ernest Johnson,2024,17,3.1
Drew Sample,2024,17,1.3
L.J. Collier,2024,17,0
DK Metcalf,2024,17,7.2
Josh Hines-Allen,2024,17,0
Jeffery Simmons,2024,17,0
Noah Fant,2024,17,8.3
Sione Takitaki,2024,17,0
Montez Sweat,2024,17,0
Will Harris,2024,17,0
Khalen Saunders,2024,17,0
Terry McLaurin,2024,17,1.5
Hollywood Brown,2024,17,8.600000000000001
Taylor Rapp,2024,17,0
Greg Gaines,2024,17,0
Cody Barton,2024,17,0
Jerry Tillery,2024,17,0
A.J. Brown,2024,17,12.6
Dre'Mont Jones,2024,17,0
Connor McGovern,2024,17,0
Quincy Williams,2024,17,0
Mike Edwards,2024,17,0
Dawson Knox,2024,17,1.4
Clelin Ferrell,2024,17,0
Germaine Pratt,2024,17,0
Jamel Dean,2024,17,0
Josh Jacobs,2024,17,10.9
Drew Lock,2024,17,34.36
Jalen Thompson,2024,17,0
Brian Burns,2024,17,0
Nick Bosa,2024,17,0
Quinnen Williams,2024,17,0
Deebo Samuel Sr.,2024,17,9.1
Malcolm Roach,2024,17,0
James Pierre,2024,17,0
JaMycal Hasty,2024,17,0
Corliss Waitman,2024,17,0
Austen Pleasants,2024,17,0
Benito Jones,2024,17,0
Chris Williams,2024,17,0
Tommy Townsend,2024,17,0
Tershawn Wharton,2024,17,0
Michael Hoecht,2024,17,0
Christian Rozeboom,2024,17,0
Myles Adams,2024,17,0
Dan Chisena,2024,17,1.8
Tyler Huntley,2024,17,23.2
Sam Franklin Jr.,2024,17,0
Juwan Johnson,2024,17,11.600000000000001
Cam Gill,2024,17,0
Broderick Washington,2024,17,0
Myles Bryant,2024,17,0
Nnamdi Madubuike,2024,17,0
James Proche,2024,17,0
Rico Dowdle,2024,17,9.8
Kristian Welch,2024,17,0
J.K. Dobbins,2024,17,15.3
Tyler Bass,2024,17,8
Dane Jackson,2024,17,0
Aaron Brewer,2024,17,0
Mason Kinsey,2024,17,0
Teair Tart,2024,17,0
Nick Westbrook-Ikhine,2024,17,6.7
Reggie Gilliam,2024,17,0.30000000000000004
A.J. Epenesa,2024,17,0
Anfernee Jennings,2024,17,0
Charlie Heck,2024,17,0
Geno Stone,2024,17,0
Raekwon Davis,2024,17,0
Brandon Jones,2024,17,0
Jonathan Taylor,2024,17,27.6
Jonathan Greenard,2024,17,0
Kyle Dugger,2024,17,0
Shaquille Quarterman,2024,17,0
Colby Parkinson,2024,17,0
Michael Pittman Jr.,2024,17,25.9
Julian Blackmon,2024,17,0
Jauan Jennings,2024,17,12.7
DaVon Hamilton,2024,17,0
Jordan Love,2024,17,14
Jordan Elliott,2024,17,0
Jeff Okudah,2024,17,0
D'Andre Swift,2024,17,12.100000000000001
Malik Harrison,2024,17,0
Grant Delpit,2024,17,0
A.J. Terrell,2024,17,0
K'Lavon Chaisson,2024,17,0
Noah Igbinoghene,2024,17,0
Yetur Gross-Matos,2024,17,0
Cole Kmet,2024,17,0
Jaylon Johnson,2024,17,0
Jeremy Chinn,2024,17,0
Akeem Davis-Gaither,2024,17,0
Jaylinn Hawkins,2024,17,0
Daniel Thomas,2024,17,0
Darnell Mooney,2024,17,5.7
Braden Mann,2024,17,0
Chase Young,2024,17,0
Justin Jefferson,2024,17,17.200000000000003
Patrick Queen,2024,17,0
Antonio Gibson,2024,17,6.300000000000001
Devin Duvernay,2024,17,1.4
Josiah Deguara,2024,17,0
Alex Highsmith,2024,17,0
D.J. Wonnum,2024,17,0
James Lynch,2024,17,0
Troy Dye,2024,17,0
Khaleke Hudson,2024,17,0
K.J. Osborn,2024,17,0
Josh Metellus,2024,17,0
Kam Curl,2024,17,0
Justin Herbert,2024,17,24.44
Isaiah Simmons,2024,17,0
Clyde Edwards-Helaire,2024,17,5
Willie Gay Jr.,2024,17,0
John Simpson,2024,17,0
Amik Robertson,2024,17,0
Tyler Biadasz,2024,17,0
Michael Danna,2024,17,0
Xavier McKinney,2024,17,0
Tristan Wirfs,2024,17,0
Jerry Jeudy,2024,17,21.4
Jordyn Brooks,2024,17,0
Tee Higgins,2024,17,40.1
Darrell Taylor,2024,17,0
Cam Akers,2024,17,11.3
Van Jefferson,2024,17,0
Kristian Fulton,2024,17,0
Zack Baun,2024,17,0
Adam Trautman,2024,17,1.5
DeeJay Dallas,2024,17,1.5
Justin Strnad,2024,17,0
Charlie Woerner,2024,17,1.6
Joe Burrow,2024,17,36.980000000000004
Chris Blair,2024,17,0
Kwity Paye,2024,17,0
Dayo Odeyingbo,2024,17,0
Tim Jones,2024,17,2.1
Jamien Sherwood,2024,17,0
Michael Carter II,2024,17,0
Jason Pinnock,2024,17,0
Brandin Echols,2024,17,0
Kenny Yeboah,2024,17,0
Rashod Bateman,2024,17,2.2
Carlos Basham,2024,17,0
Nico Collins,2024,17,8.9
Keith Taylor,2024,17,0
Deommodore Lenoir,2024,17,0
Talanoa Hufanga,2024,17,0
Roy Lopez,2024,17,0
Ar'Darius Washington,2024,17,0
Quintin Morris,2024,17,0
Caleb Farley,2024,17,0
Sam Cosmi,2024,17,0
Dee Eskridge,2024,17,1.8
Nick Bolton,2024,17,0
Benjamin St-Juste,2024,17,0
John Bates,2024,17,2.4000000000000004
Camryn Bynum,2024,17,0
Tylan Wallace,2024,17,1.2
Ihmir Smith-Marsette,2024,17,6
Noah Gray,2024,17,1.6
Darrick Forrest,2024,17,0
Tedarrell Slaton,2024,17,0
K.J. Britt,2024,17,0
Cole Van Lanen,2024,17,0
Isaiah McDuffie,2024,17,0
Israel Mukuamu,2024,17,0
Jermar Jefferson,2024,17,0.9
Zayne Anderson,2024,17,0
Devon Key,2024,17,0
Naquan Jones,2024,17,0
Caleb Johnson,2024,17,0
Sam Kamara,2024,17,0
Charles Snowden,2024,17,0
Adam Prentice,2024,17,0
Jake Curhan,2024,17,0
Jon Rhattigan,2024,17,0
Christian Elliss,2024,17,0
Riley Patterson,2024,17,5
Isaiahh Loudermilk,2024,17,0
Nate Hobbs,2024,17,0
Pat Surtain II,2024,17,0
Rhamondre Stevenson,2024,17,0.1
Kylen Granson,2024,17,6.4
Jaelon Darden,2024,17,0
Penei Sewell,2024,17,0
Tommy Togiai,2024,17,0
Tre Brown,2024,17,0
Najee Harris,2024,17,10.1
Pat Freiermuth,2024,17,11
Victor Dimukeje,2024,17,0
Davis Mills,2024,17,0.2
Ja'Marr Chase,2024,17,19.200000000000003
Joseph Ossai,2024,17,0
Bobby Brown III,2024,17,0
Khalil Herbert,2024,17,2.3000000000000003
Khyiris Tonga,2024,17,0
DeVonta Smith,2024,17,30
Greg Rousseau,2024,17,0
Milton Williams,2024,17,0
Kenneth Gainwell,2024,17,1.9
Michael Carter,2024,17,10.1
Payton Turner,2024,17,0
Pete Werner,2024,17,0
Kyle Trask,2024,17,-0.2
Micah Parsons,2024,17,0
Zaven Collins,2024,17,0
Odafe Oweh,2024,17,0
Andre Cisco,2024,17,0
Osa Odighizuwa,2024,17,0
Avery Williams,2024,17,0
Jonathon Cooper,2024,17,0
Levi Onwuzurike,2024,17,0
Terrace Marshall Jr.,2024,17,3.8000000000000003
Drew Dalman,2024,17,0
Richie Grant,2024,17,0
Tre'von Moehrig,2024,17,0
Amon-Ra St. Brown,2024,17,20
Joe Tryon-Shoyinka,2024,17,0
Kyle Pitts,2024,17,14.4
Mac Jones,2024,17,17.16
Travis Etienne,2024,17,8.5
Tyson Campbell,2024,17,0
Spencer Brown,2024,17,0
Alijah Vera-Tucker,2024,17,0
Elijah Moore,2024,17,1.1
Chauncey Golston,2024,17,0
Trey Sermon,2024,17,2
Brandon Stephens,2024,17,0
Joshua Palmer,2024,17,8.100000000000001
Divine Deablo,2024,17,0
Elijah Molden,2024,17,0
Ifeatu Melifonwu,2024,17,0
Ernest Jones,2024,17,0
Baron Browning,2024,17,0
Javonte Williams,2024,17,2
Jevon Holland,2024,17,0
Monty Rice,2024,17,0
Quinn Meinerz,2024,17,0
Landon Dickerson,2024,17,0
Chazz Surratt,2024,17,0
Hunter Long,2024,17,0
Trey Lance,2024,17,0.14
Dee Alford,2024,17,0
Elijah Garcia,2024,17,0
Jordan Davis,2024,17,0
Sean Rhyan,2024,17,0
Riq Woolen,2024,17,0
Kingsley Enagbare,2024,17,0
Grant Calcaterra,2024,17,4.4
Bo Melton,2024,17,4.8
Dareke Young,2024,17,0
Jonathan Ford,2024,17,0
Jack Sanborn,2024,17,0
Josh Blackwell,2024,17,0
Reed Blankenship,2024,17,0
Josh Jobe,2024,17,0
Tony Adams,2024,17,0
Jeremiah Moon,2024,17,0
Sauce Gardner,2024,17,0
Trent McDuffie,2024,17,0
George Karlaftis,2024,17,0
Bryan Cook,2024,17,0
Isiah Pacheco,2024,17,1.8
Nazeeh Johnson,2024,17,0
LaBryan Ray,2024,17,0
Brenden Schooler,2024,17,0
Cameron Dicker,2024,17,17
Jaylen Warren,2024,17,16.200000000000003
Kevin Austin Jr.,2024,17,3.3000000000000003
Travon Walker,2024,17,0
Derek Stingley Jr.,2024,17,0
Drake London,2024,17,17.6
Jameson Williams,2024,17,24.5
Trevor Penning,2024,17,0
Tyler Smith,2024,17,0
Devin Lloyd,2024,17,0
George Pickens,2024,17,8
James Cook,2024,17,11.3
Nik Bonitto,2024,17,0
Martin Emerson,2024,17,0
Terrel Bernard,2024,17,0
Dylan Parham,2024,17,0
Rachaad White,2024,17,4.4
Dameon Pierce,2024,17,1.3
Khalil Shakir,2024,17,5.5
Thomas Booker,2024,17,0
Tyler Allgeier,2024,17,1.9000000000000001
Jerome Ford,2024,17,2.2
Zyon McCollum,2024,17,0
Eric Johnson,2024,17,0
Otito Ogbonnia,2024,17,0
DaRon Bland,2024,17,0
Ty Chandler,2024,17,0.7000000000000001
Luke Wattenberg,2024,17,0
Matt Araiza,2024,17,0
Vederian Lowe,2024,17,0
Christian Benford,2024,17,0
Jalen Nailor,2024,17,19.1
Cade Mays,2024,17,0
Mike Woods,2024,17,1.3
Connor Heyward,2024,17,1.8
Ja'Sir Taylor,2024,17,0
Montaric Brown,2024,17,0
Cameron Goode,2024,17,0
Mark Robinson,2024,17,0
Deane Leonard,2024,17,0
D'Anthony Bell,2024,17,0
Kader Kohou,2024,17,0
Arron Mosby,2024,17,0
Ja'Quan McMillian,2024,17,0
Raheem Blackshear,2024,17,2
Tomon Fox,2024,17,0
Jake Hansen,2024,17,0
Kurt Hinish,2024,17,0
Tristin McCollum,2024,17,0
Stone Smartt,2024,17,4.300000000000001
J.J. Russell,2024,17,6
Mike Brown,2024,17,0
Ryan Wright,2024,17,0
Isaiah Pola-Mao,2024,17,0
Marcelino McCrary-Ball,2024,17,0
Lucas Krull,2024,17,1.3
Nephi Sewell,2024,17,0
Daniel Whelan,2024,17,0
Chandler Wooten,2024,17,0
Juanyeh Thomas,2024,17,0
Nate Landman,2024,17,0
Julius Chestnut,2024,17,1.7000000000000002
Sam Okuayinonu,2024,17,0
Ryan Stonehouse,2024,17,0
Kayvon Thibodeaux,2024,17,0
Evan Neal,2024,17,0
John Metchie III,2024,17,8.8
Nick Cross,2024,17,0
Hassan Haskins,2024,17,5
Tucker Fisk,2024,17,1.8
Alec Pierce,2024,17,24.200000000000003
Jalen Tolbert,2024,17,12
Kerby Joseph,2024,17,0
Brandon Aubrey,2024,17,0
Jeremiah Pharms Jr.,2024,17,0
Garrett Wilson,2024,17,17.6
Trey McBride,2024,17,30.3
Velus Jones Jr.,2024,17,0
Brian Robinson Jr.,2024,17,8.9
Cam Taylor-Britt,2024,17,0
Travis Jones,2024,17,0
Bernhard Raimann,2024,17,0
Cordale Flott,2024,17,0
Dondrea Tillman,2024,17,0
KaVontae Turpin,2024,17,4.4
Jeremy Ruckert,2024,17,0
DeAngelo Malone,2024,17,0
Chigoziem Okonkwo,2024,17,10.9
Chad Muma,2024,17,0
Channing Tindall,2024,17,0
Cameron Thomas,2024,17,0
Romeo Doubs,2024,17,12.8
Zach Tom,2024,17,0
Leo Chenal,2024,17,0
Christian Harris,2024,17,0
Tyrion Davis-Price,2024,17,0.7000000000000001
Samuel Womack,2024,17,0
Brock Purdy,2024,17,32.28
Calvin Austin III,2024,17,7.1
Isaiah Likely,2024,17,7.9
Cobie Durant,2024,17,0
Kyren Williams,2024,17,16.200000000000003
Quentin Lake,2024,17,0
Daniel Hardy,2024,17,0
Kyle Hamilton,2024,17,0
Jack Jones,2024,17,0
Jake Ferguson,2024,17,2.8
Joshua Williams,2024,17,0
Jordan Stout,2024,17,0
Joshua Paschal,2024,17,0
Cade York,2024,17,5
Pierre Strong Jr.,2024,17,7.800000000000001
Percy Butler,2024,17,0
Akayleb Evans,2024,17,0
Kenny Pickett,2024,17,16.02
Cole Strange,2024,17,0
Damarri Mathis,2024,17,0
Micheal Clemons,2024,17,0
Kyler Gordon,2024,17,0
Daniel Bellinger,2024,17,0
Arnold Ebiketie,2024,17,0
Wan'Dale Robinson,2024,17,18.1
Breece Hall,2024,17,6.3
Alontae Taylor,2024,17,0
Dane Belton,2024,17,0
Roger McCreary,2024,17,0
Logan Hall,2024,17,0
Andrew Booth,2024,17,0
Boye Mafe,2024,17,0
Coby Bryant,2024,17,0
Xavier Smith,2024,17,0
Jalen Carter,2024,17,0
Colby Wooden,2024,17,0
Dontayvion Wicks,2024,17,8.3
Karl Brooks,2024,17,0
Tanner McKee,2024,17,9.96
Jaylon Jones,2024,17,0
Carrington Valentine,2024,17,0
Anthony Johnson Jr.,2024,17,0
Moro Ojomo,2024,17,0
Kendall Williamson,2024,17,0
Keaton Mitchell,2024,17,5.800000000000001
Brenton Cox Jr.,2024,17,0
Malik Heath,2024,17,7.3
Xavier Gipson,2024,17,0
E.J. Jenkins,2024,17,0
Trenton Simpson,2024,17,0
Jordon Riley,2024,17,0
Cam Jones,2024,17,0
Nikko Remigio,2024,17,0
DJ Johnson,2024,17,0
Tyree Wilson,2024,17,0
Bijan Robinson,2024,17,23.8
Jaxon Smith-Njigba,2024,17,6.2
Quentin Johnston,2024,17,9.8
Mazi Smith,2024,17,0
Kendre Miller,2024,17,2.9000000000000004
Riley Moss,2024,17,0
Ji'Ayir Brown,2024,17,0
Tank Bigsby,2024,17,3.3000000000000003
Dorian Williams,2024,17,0
Darnell Washington,2024,17,1.8
Michael Wilson,2024,17,6.9
Jordan Battle,2024,17,0
Jake Moody,2024,17,1
Tre Tucker,2024,17,10.9
Chad Ryland,2024,17,3
Derius Davis,2024,17,10.600000000000001
Isaiah McGuire,2024,17,0
Nick Herbig,2024,17,0
Aidan O'Connell,2024,17,17.58
Dorian Thompson-Robinson,2024,17,4.8
Cameron Mitchell,2024,17,0
Jordan Howden,2024,17,0
Josh Whyle,2024,17,0
Olu Oluwatimi,2024,17,0
Antonio Johnson,2024,17,0
Chase Brown,2024,17,13.1
Henry To'oTo'o,2024,17,0
Owen Pappoe,2024,17,0
JL Skinner,2024,17,0
Parker Washington,2024,17,12.1
Kayshon Boutte,2024,17,6.800000000000001
Bryce Baringer,2024,17,0
Chris Rodriguez Jr.,2024,17,9.8
Scott Matlock,2024,17,0
Xavier Hutchinson,2024,17,4.1
Andrei Iosivas,2024,17,8.9
DeMario Douglas,2024,17,14.600000000000001
Dante Stills,2024,17,0
Dee Winters,2024,17,0
Kenny McIntosh,2024,17,4.6000000000000005
Cory Trice Jr.,2024,17,0
Jalen Brooks,2024,17,2.2
Isaiah Bolden,2024,17,0
Brayden Willis,2024,17,0
Alex Austin,2024,17,0
Jalen Graham,2024,17,0
Trevor Nowaske,2024,17,0
Starling Thomas V,2024,17,0
Tyrell Shavers,2024,17,13.9
Ethan Bonner,2024,17,0
Blake Whiteheart,2024,17,1.8
Mohamoud Diabate,2024,17,0
Ronnie Hickman Jr.,2024,17,0
Julian Hill,2024,17,0
Hunter Luepke,2024,17,1.1
Jalen Redmond,2024,17,0
Nate Adkins,2024,17,1.7000000000000002
Jaleel McLaughlin,2024,17,9.6
Emanuel Wilson,2024,17,8.9
Andre Carter II,2024,17,0
Ivan Pace Jr.,2024,17,0
Rakim Jarrett,2024,17,2.1
Kaevon Merriweather,2024,17,0
Ryan Miller,2024,17,4.6
Brycen Tremayne,2024,17,0
Blake Grupe,2024,17,4
Dalton Kincaid,2024,17,4.4
Brenton Strange,2024,17,0
Tyler Scott,2024,17,0
Sean Tucker,2024,17,5.4
Marvin Mims Jr.,2024,17,29.200000000000003
Zach Harrison,2024,17,0
Kei'Trel Clark,2024,17,0
Keondre Coburn,2024,17,0
Jordan Addison,2024,17,18.9
Bryan Bresee,2024,17,0
Tucker Kraft,2024,17,7.300000000000001
Josh Downs,2024,17,5.2
Deonte Banks,2024,17,0
Sydney Brown,2024,17,0
Drew Sanders,2024,17,0
Felix Anudike-Uzomah,2024,17,0
Garrett Williams,2024,17,0
Dylan Horton,2024,17,0
Nolan Smith,2024,17,0
Jack Campbell,2024,17,0
Roschon Johnson,2024,17,0.5
Tyjae Spears,2024,17,13.3
De'Von Achane,2024,17,5.8
Elijah Higgins,2024,17,4.300000000000001
Derick Hall,2024,17,0
Payne Durham,2024,17,11.6
Josh Hayes,2024,17,0
Trey Palmer,2024,17,0
Marte Mapu,2024,17,0
Ethan Evans,2024,17,0
Desjuan Johnson,2024,17,0
Jonathan Mingo,2024,17,2.2
Calijah Kancey,2024,17,0
Zay Flowers,2024,17,5.1
Sam LaPorta,2024,17,18.4
Michael Mayer,2024,17,2.4000000000000004
Yaya Diaby,2024,17,0
Gervon Dexter Sr.,2024,17,0
Tyrique Stevenson,2024,17,0
Davis Allen,2024,17,0
Puka Nacua,2024,17,22.9
Will Anderson Jr.,2024,17,0
Keeanu Benton,2024,17,0
Tuli Tuipulotu,2024,17,0
Lukas Van Ness,2024,17,0
Byron Young,2024,17,0
Kobie Turner,2024,17,0
Jahmyr Gibbs,2024,17,26.300000000000004
Brian Branch,2024,17,0
Will McDonald IV,2024,17,0
Isaiah Foskey,2024,17,0
Luke Musgrave,2024,17,1.4
Jayden Reed,2024,17,1.6
Christian Gonzalez,2024,17,0
Keion White,2024,17,0
Quan Martin,2024,17,0
Bryce Young,2024,17,15.920000000000002
C.J. Stroud,2024,17,7.1000000000000005
Zach Charbonnet,2024,17,10.6
Devon Witherspoon,2024,17,0
Jake Bates,2024,17,10
Nate Wiggins,2024,17,0
T.J. Tampa,2024,17,0
Sanoussi Kane,2024,17,0
Beau Brade,2024,17,0
Chris Collier,2024,17,0.6000000000000001
Jarius Monroe,2024,17,0
Leonard Taylor III,2024,17,0
Eric Watts,2024,17,0
George Holani,2024,17,0
Byron Murphy II,2024,17,0
Swayze Bozeman,2024,17,0
Ryan Rehkow,2024,17,0
Christian Roland-Wallace,2024,17,0
Brandon Codrington,2024,17,0
Malik Nabers,2024,17,36.1
Brock Bowers,2024,17,14.600000000000001
Taliese Fuaga,2024,17,0
Xavier Legette,2024,17,7.800000000000001
Kamari Lassiter,2024,17,0
Renardo Green,2024,17,0
Junior Colson,2024,17,0
Marist Liufau,2024,17,0
Jarrian Jones,2024,17,0
McKinnley Jackson,2024,17,0
Luke McCaffrey,2024,17,0
Ja'Tavion Sanders,2024,17,1.5
Decamerion Richardson,2024,17,0
Cade Stover,2024,17,1.1
Malik Mustapha,2024,17,0
Bucky Irving,2024,17,23
Isaac Guerendo,2024,17,13.9
Sione Vaki,2024,17,0
Jacob Cowing,2024,17,0
Tarheeb Still,2024,17,0
Xavier Thomas,2024,17,0
Cam Hart,2024,17,0
JD Bertrand,2024,17,0
Kris Abrams-Draine,2024,17,0
Jarvis Brownlee Jr.,2024,17,0
Audric Estimé,2024,17,4.7
Josh Newton,2024,17,0
Spencer Rattler,2024,17,14.32
Jaylon Carlies,2024,17,0
Jamari Thrash,2024,17,0
Tyrone Tracy Jr.,2024,17,8.3
Kimani Vidal,2024,17,2.4000000000000004
Jamal Hill,2024,17,0
Jaden Crumedy,2024,17,0
Will Reichard,2024,17,9
Dylan Laube,2024,17,0
Cam Little,2024,17,10
Ryan Flournoy,2024,17,1.3
Javontae Jean-Baptiste,2024,17,0
Daijahn Anthony,2024,17,0
Jonah Laulu,2024,17,0
Devaughn Vele,2024,17,4.7
Myles Cole,2024,17,0
Jowon Briggs,2024,17,0
Tatum Bethune,2024,17,0
Isaiah Williams,2024,17,0
Morice Norris Jr.,2024,17,0
Jacoby Windmon,2024,17,0
Jack Browning,2024,17,0
Storm Duck,2024,17,0
Jalen Coker,2024,17,5.5
Jake Kubas,2024,17,0
Amari Gainer,2024,17,0
Kameron Johnson,2024,17,1.1
Demani Richardson,2024,17,0
Matthew Hayball,2024,17,0
Rico Payton,2024,17,0
Cam Grandy,2024,17,1.7000000000000002
Maema Njongmeta,2024,17,0
David Martin-Robinson,2024,17,0
Thomas Harper,2024,17,0
Dell Pettus,2024,17,0
JC Latham,2024,17,0
Bo Nix,2024,17,21.86
Ruke Orhorhoro,2024,17,0
Braden Fiske,2024,17,0
Blake Corum,2024,17,-0.4
Jalyx Hunt,2024,17,0
Payton Wilson,2024,17,0
Jordan Jefferson,2024,17,0
Tory Taylor,2024,17,0
Joshua Karty,2024,17,9
Jordan Whittington,2024,17,1.6
Cedric Johnson,2024,17,0
Beaux Limmer,2024,17,0
Devin Culp,2024,17,8.2
Joe Andreessen,2024,17,0
Elijah Chatman,2024,17,0
Josh Wallace,2024,17,0
Omar Speights,2024,17,0
Jaylen McCollough,2024,17,0
Devontez Walker,2024,17,0
Braelon Allen,2024,17,2.6
Rasheen Ali,2024,17,-0.30000000000000004
Isaiah Davis,2024,17,5.3
Max Melton,2024,17,0
Isaiah Adams,2024,17,0
Jonah Elliss,2024,17,0
Jermaine Burton,2024,17,0
Tyrice Knight,2024,17,0
Anthony Gould,2024,17,0
Andru Phillips,2024,17,0
Jaden Hicks,2024,17,0
Jeremiah Trotter Jr.,2024,17,0
Darius Muasau,2024,17,0
Kamren Kinchens,2024,17,0
Brennan Jackson,2024,17,0
Calen Bullock,2024,17,0
Cooper DeJean,2024,17,0
Tykee Smith,2024,17,0
Marvin Harrison Jr.,2024,17,15.600000000000001
Edgerrin Cooper,2024,17,0
Drake Maye,2024,17,9.879999999999999
Jared Verse,2024,17,0
Javon Baker,2024,17,0
Darius Robinson,2024,17,0
Jalen McMillan,2024,17,23
Cedric Gray,2024,17,0
Kool-Aid McKinstry,2024,17,0
Dadrion Taylor-Demerson,2024,17,0
Javon Bullard,2024,17,0
Troy Franklin,2024,17,0.9
Cole Bishop,2024,17,0
Ray Davis,2024,17,2.3
Edefuan Ulofoshio,2024,17,0
Javon Solomon,2024,17,0
Malik Washington,2024,17,7
T'Vondre Sweat,2024,17,0
Quinyon Mitchell,2024,17,0
Maason Smith,2024,17,0
Adonai Mitchell,2024,17,4.2
Brian Thomas Jr.,2024,17,23.9
Xavier Worthy,2024,17,22.9
Mike Hall Jr.,2024,17,0
Mike Sainristil,2024,17,0
Marshawn Kneeland,2024,17,0
Keon Coleman,2024,17,11.7
Chris Braswell,2024,17,0
Terrion Arnold,2024,17,0
Graham Barton,2024,17,0
Jer'Zhan Newton,2024,17,0
Ja'Lynn Polk,2024,17,0
Kris Jenkins,2024,17,0
Jayden Daniels,2024,17,32.78
Chop Robinson,2024,17,0
Brandon Coleman,2024,17,0
Ladd McConkey,2024,17,29.4
Ricky Pearsall,2024,17,28.700000000000003
Michael Penix Jr.,2024,17,10.22
Caleb Williams,2024,17,6.58
Rome Odunze,2024,17,2.5
Dallas Turner,2024,17,0
NA,2024,17,0
Matthew Stafford,2024,19,16.259999999999998
Von Miller,2024,19,0
Cameron Heyward,2024,19,0
Josh Harris,2024,19,0
Bobby Wagner,2024,19,0
Russell Wilson,2024,19,19.400000000000002
Stephon Gilmore,2024,19,0
Lavonte David,2024,19,0
Justin Tucker,2024,19,4
Harrison Smith,2024,19,0
Brandon McManus,2024,19,3
Zach Ertz,2024,19,4.300000000000001
Darius Slay,2024,19,0
Sam Martin,2024,19,0
Tony Jefferson,2024,19,0
Robert Woods,2024,19,4.2
Lane Johnson,2024,19,0
Cordarrelle Patterson,2024,19,0
Khalil Mack,2024,19,0
DaQuan Jones,2024,19,0
Shaquil Barrett,2024,19,0
Chris Boswell,2024,19,2
Denico Autry,2024,19,0
Kyle Van Noy,2024,19,0
Mike Evans,2024,19,22.200000000000003
Amari Cooper,2024,19,2.8
Nelson Agholor,2024,19,3.5
Danielle Hunter,2024,19,0
Neville Hewitt,2024,19,0
Jamison Crowder,2024,19,0
Dante Fowler Jr.,2024,19,0
Denzel Perryman,2024,19,0
Mario Edwards,2024,19,0
Marcus Mariota,2024,19,0.2
Deion Jones,2024,19,0
Miles Killebrew,2024,19,0
Elandon Roberts,2024,19,0
Wil Lutz,2024,19,0
Michael Pierce,2024,19,0
Morgan Fox,2024,19,0
Ka'imi Fairbairn,2024,19,13
Austin Johnson,2024,19,0
Derrick Henry,2024,19,30.6
Demarcus Robinson,2024,19,3.3000000000000003
C.J. Ham,2024,19,1.8
Riley Dixon,2024,19,0.6
Isaac Seumalo,2024,19,0
Ronnie Stanley,2024,19,0
Sheldon Day,2024,19,0
Eric Murray,2024,19,0
Jihad Ward,2024,19,0
Jonathan Bullard,2024,19,0
Tyler Higbee,2024,19,10.8
Kenny Clark,2024,19,0
Joey Bosa,2024,19,0
Johnny Mundt,2024,19,4.800000000000001
Marlon Humphrey,2024,19,0
Curtis Samuel,2024,19,15.8
Aaron Jones,2024,19,9
D.J. Jones,2024,19,0
Eric Wilson,2024,19,0
Damontae Kazee,2024,19,0
Mike Williams,2024,19,4.7
Rasul Douglas,2024,19,0
Mack Hollins,2024,19,2.9000000000000004
Matt Milano,2024,19,0
Austin Ekeler,2024,19,8.3
Ahkello Witherspoon,2024,19,0
Eddie Jackson,2024,19,0
Jake Elliott,2024,19,9
Andrew Wylie,2024,19,0
Dare Ogunbowale,2024,19,0.5
Zane Gonzalez,2024,19,13
Mitchell Trubisky,2024,19,-0.30000000000000004
Marshon Lattimore,2024,19,0
Derek Barnett,2024,19,0
Joe Mixon,2024,19,16.900000000000002
Dion Dawkins,2024,19,0
Larry Ogunjobi,2024,19,0
Dawuane Smoot,2024,19,0
Cooper Kupp,2024,19,3.9000000000000004
Shaquill Griffin,2024,19,0
John Johnson,2024,19,0
Montravius Adams,2024,19,0
Cameron Sutton,2024,19,0
Jeremy McNichols,2024,19,0.1
Will Dissly,2024,19,3.6
J.K. Scott,2024,19,0
Gus Edwards,2024,19,2.2
Darious Williams,2024,19,0
Poona Ford,2024,19,0
Jalyn Holmes,2024,19,0
Foley Fatukasi,2024,19,0
DeShon Elliott,2024,19,0
Tremon Smith,2024,19,0
Frankie Luvu,2024,19,0
Daron Payne,2024,19,0
Courtland Sutton,2024,19,12.5
Dallas Goedert,2024,19,14.7
Anthony Miller,2024,19,4.2
M.J. Stewart,2024,19,0
Donte Jackson,2024,19,0
Dorance Armstrong,2024,19,0
Taron Johnson,2024,19,0
Avonte Maddox,2024,19,0
Josh Sweat,2024,19,0
Dalton Schultz,2024,19,4.300000000000001
Jeremy Reaves,2024,19,0
Trent Sherfield,2024,19,2.8
Tavierre Thomas,2024,19,0
Brandon Powell,2024,19,0
Mark Andrews,2024,19,5.2
Oren Burks,2024,19,0
Vita Vea,2024,19,0
D.J. Chark Jr.,2024,19,2
Harrison Phillips,2024,19,0
Chris Board,2024,19,0
Minkah Fitzpatrick,2024,19,0
Derwin James,2024,19,0
Lamar Jackson,2024,19,23.1
Saquon Barkley,2024,19,14.3
Baker Mayfield,2024,19,15.7
Josh Allen,2024,19,25.480000000000004
Sam Darnold,2024,19,12.700000000000001
Roquan Smith,2024,19,0
Steven Sims,2024,19,1.5
D'Angelo Ross,2024,19,0
Rashan Gary,2024,19,0
Justice Hill,2024,19,12.5
Khari Blasingame,2024,19,0
Keisean Nixon,2024,19,0
Kris Boyd,2024,19,0
Azeez Al-Shaair,2024,19,0
Del'Shawn Phillips,2024,19,0
Olamide Zaccheaus,2024,19,4.9
Diontae Johnson,2024,19,2.2
P.J. Locke,2024,19,0
T.J. Hockenson,2024,19,17.4
Tytus Howard,2024,19,0
Byron Murphy,2024,19,0
Zach Allen,2024,19,0
Josh Oliver,2024,19,1.5
Anthony Nelson,2024,19,0
Andrew Van Ginkel,2024,19,0
Blake Cashman,2024,19,0
Cam Lewis,2024,19,0
Chase McLaughlin,2024,19,10
Ty Johnson,2024,19,15
Terry McLaurin,2024,19,21.9
Taylor Rapp,2024,19,0
Greg Gaines,2024,19,0
Cody Barton,2024,19,0
A.J. Brown,2024,19,2
Mike Edwards,2024,19,0
Dawson Knox,2024,19,5.800000000000001
Clelin Ferrell,2024,19,0
Jamel Dean,2024,19,0
Josh Jacobs,2024,19,20.1
Malcolm Roach,2024,19,0
James Pierre,2024,19,0
Corliss Waitman,2024,19,0
Tommy Townsend,2024,19,0
Michael Hoecht,2024,19,0
Christian Rozeboom,2024,19,0
Broderick Washington,2024,19,0
Myles Bryant,2024,19,0
Nnamdi Madubuike,2024,19,0
J.K. Dobbins,2024,19,2.6
Tyler Bass,2024,19,11
Teair Tart,2024,19,0
A.J. Epenesa,2024,19,0
Brandon Jones,2024,19,0
Isaiah Rodgers,2024,19,0
Jonathan Greenard,2024,19,0
Colby Parkinson,2024,19,3.3
Jordan Love,2024,19,6.48
Malik Harrison,2024,19,0
Noah Igbinoghene,2024,19,0
Jeremy Chinn,2024,19,0
Mykal Walker,2024,19,0
Braden Mann,2024,19,0
Justin Jefferson,2024,19,10.8
Patrick Queen,2024,19,0
Alex Highsmith,2024,19,0
Troy Dye,2024,19,0
Josh Metellus,2024,19,0
Kam Curl,2024,19,0
Justin Herbert,2024,19,9.68
Neville Gallimore,2024,19,0
Alohi Gilman,2024,19,0
Xavier McKinney,2024,19,0
Jalen Hurts,2024,19,16.84
Antoine Winfield Jr.,2024,19,0
Cam Akers,2024,19,3.9000000000000004
Van Jefferson,2024,19,11.7
Kristian Fulton,2024,19,0
Zack Baun,2024,19,0
Adam Trautman,2024,19,1.2
Justin Strnad,2024,19,0
Rashod Bateman,2024,19,10.4
Nico Collins,2024,19,25.200000000000003
Ar'Darius Washington,2024,19,0
Alaric Jackson,2024,19,0
Dyami Brown,2024,19,19.9
John Bates,2024,19,0
Camryn Bynum,2024,19,0
Tylan Wallace,2024,19,3.1
Tedarrell Slaton,2024,19,0
K.J. Britt,2024,19,0
Nick Niemann,2024,19,0
Isaiah McDuffie,2024,19,0
Isaiahh Loudermilk,2024,19,0
Ben Skowronek,2024,19,0
Pat Surtain II,2024,19,0
Damar Hamlin,2024,19,0
Najee Harris,2024,19,8.8
Pat Freiermuth,2024,19,4.5
Bobby Brown III,2024,19,0
DeVonta Smith,2024,19,9.5
Greg Rousseau,2024,19,0
Milton Williams,2024,19,0
Kenneth Gainwell,2024,19,1.4000000000000001
Odafe Oweh,2024,19,0
Justin Fields,2024,19,0
Jonathon Cooper,2024,19,0
Joe Tryon-Shoyinka,2024,19,0
Spencer Brown,2024,19,0
Brandon Stephens,2024,19,0
Javonte Williams,2024,19,6.300000000000001
Hunter Long,2024,19,2.3
Keir Thomas,2024,19,0
Jordan Davis,2024,19,0
Quay Walker,2024,19,0
Sean Rhyan,2024,19,0
Kingsley Enagbare,2024,19,0
Tyler Badie,2024,19,0.8
Grant Calcaterra,2024,19,1.4
Bo Melton,2024,19,2.6
Reed Blankenship,2024,19,0
Cameron Dicker,2024,19,6
Jaylen Warren,2024,19,6.5
Derek Stingley Jr.,2024,19,0
George Pickens,2024,19,19.700000000000003
James Cook,2024,19,18
Nik Bonitto,2024,19,0
Terrel Bernard,2024,19,0
Rachaad White,2024,19,3.5
Dameon Pierce,2024,19,1.5
Khalil Shakir,2024,19,12.100000000000001
Zyon McCollum,2024,19,0
Otito Ogbonnia,2024,19,0
Ty Chandler,2024,19,0
Christian Benford,2024,19,0
Jalen Nailor,2024,19,6.300000000000001
Jordan Jackson,2024,19,0
Jamaree Salyer,2024,19,0
John FitzPatrick,2024,19,0
Deane Leonard,2024,19,0
Arron Mosby,2024,19,0
Ja'Quan McMillian,2024,19,0
Tristin McCollum,2024,19,0
J.J. Russell,2024,19,0
Ryan Wright,2024,19,0
Lucas Krull,2024,19,1.2
Daniel Whelan,2024,19,0
Ronnie Rivers,2024,19,0.8
John Metchie III,2024,19,4.800000000000001
Nakobe Dean,2024,19,0
Hassan Haskins,2024,19,0.5
Jacob Hummel,2024,19,0
Tucker Fisk,2024,19,2.5
Ja'Marcus Ingram,2024,19,0
Jahan Dotson,2024,19,8.1
Brian Robinson Jr.,2024,19,7.8
Travis Jones,2024,19,0
Dondrea Tillman,2024,19,0
Romeo Doubs,2024,19,3.3
Christian Harris,2024,19,0
Calvin Austin III,2024,19,3.5
Isaiah Likely,2024,19,8.3
Cobie Durant,2024,19,0
Kyren Williams,2024,19,18.200000000000003
Quentin Lake,2024,19,0
Kyle Hamilton,2024,19,0
Jordan Stout,2024,19,0
Percy Butler,2024,19,0
Logan Hall,2024,19,0
Cade Otton,2024,19,5.2
David Ojabo,2024,19,0
Xavier Smith,2024,19,0
Jalen Carter,2024,19,0
Colby Wooden,2024,19,0
Dontayvion Wicks,2024,19,5.9
Karl Brooks,2024,19,0
Carrington Valentine,2024,19,0
Moro Ojomo,2024,19,0
Malik Heath,2024,19,0
Kadeem Telfort,2024,19,0
Trenton Simpson,2024,19,0
Quentin Johnston,2024,19,0
Riley Moss,2024,19,0
Daiyan Henley,2024,19,0
Dorian Williams,2024,19,0
Darnell Washington,2024,19,1.9
Derius Davis,2024,19,0.10000000000000009
Henry To'oTo'o,2024,19,0
JL Skinner,2024,19,0
Xavier Hutchinson,2024,19,4.4
Chris Brooks,2024,19,2.9
Jalen Redmond,2024,19,0
Jaleel McLaughlin,2024,19,0.8
Emanuel Wilson,2024,19,3.9000000000000004
Ivan Pace Jr.,2024,19,0
Ryan Miller,2024,19,0
Dalton Kincaid,2024,19,7.7
Juice Scruggs,2024,19,0
Marvin Mims Jr.,2024,19,3.3000000000000003
Jordan Addison,2024,19,5.9
Tucker Kraft,2024,19,8.6
Sydney Brown,2024,19,0
Drew Sanders,2024,19,0
Nolan Smith,2024,19,0
Josh Hayes,2024,19,0
Ethan Evans,2024,19,0
Desjuan Johnson,2024,19,0
Calijah Kancey,2024,19,0
Yaya Diaby,2024,19,0
Davis Allen,2024,19,8.3
Puka Nacua,2024,19,10.100000000000001
Will Anderson Jr.,2024,19,0
Keeanu Benton,2024,19,0
Lukas Van Ness,2024,19,0
Byron Young,2024,19,0
Kobie Turner,2024,19,0
Jayden Reed,2024,19,8.600000000000001
Quan Martin,2024,19,0
C.J. Stroud,2024,19,18.48
Joey Porter Jr.,2024,19,0
Nate Wiggins,2024,19,0
Roger Rosengarten,2024,19,0
T.J. Tampa,2024,19,0
Kamari Lassiter,2024,19,0
Junior Colson,2024,19,0
Luke McCaffrey,2024,19,0
Cade Stover,2024,19,6.800000000000001
Bucky Irving,2024,19,16.299999999999997
Tarheeb Still,2024,19,0
Jordan Magee,2024,19,0
Cam Hart,2024,19,0
Kris Abrams-Draine,2024,19,0
Will Reichard,2024,19,3
Javontae Jean-Baptiste,2024,19,0
Devaughn Vele,2024,19,0
Jack Browning,2024,19,0
Bo Nix,2024,19,14.059999999999999
Braden Fiske,2024,19,0
Jalyx Hunt,2024,19,0
Payton Wilson,2024,19,0
Will Shipley,2024,19,0
Tyler Davis,2024,19,0
Joshua Karty,2024,19,10
Jordan Whittington,2024,19,0
Beaux Limmer,2024,19,0
Josh Wallace,2024,19,0
Omar Speights,2024,19,0
Jaylen McCollough,2024,19,0
Ty'Ron Hopper,2024,19,0
Evan Williams,2024,19,0
Travis Glover,2024,19,0
Jeremiah Trotter Jr.,2024,19,0
Kamren Kinchens,2024,19,0
Calen Bullock,2024,19,0
Cooper DeJean,2024,19,0
Tykee Smith,2024,19,0
Edgerrin Cooper,2024,19,0
Jared Verse,2024,19,0
Jalen McMillan,2024,19,6.1000000000000005
Blake Fisher,2024,19,0
Javon Bullard,2024,19,0
Troy Franklin,2024,19,13.4
Ray Davis,2024,19,0.30000000000000004
Quinyon Mitchell,2024,19,0
Mike Sainristil,2024,19,0
Keon Coleman,2024,19,1.5
Chris Braswell,2024,19,0
Jer'Zhan Newton,2024,19,0
Jayden Daniels,2024,19,22.32
Ladd McConkey,2024,19,34.7
Dallas Turner,2024,19,0
NA,2024,19,0
Matthew Stafford,2024,20,18.46
Von Miller,2024,20,0
Nick Bellore,2024,20,0
Bobby Wagner,2024,20,0
Justin Tucker,2024,20,8
Zach Ertz,2024,20,13.8
Darius Slay,2024,20,0
Sam Martin,2024,20,0
Tress Way,2024,20,0
Robert Woods,2024,20,0
Travis Kelce,2024,20,24.700000000000003
Lane Johnson,2024,20,0
DeAndre Hopkins,2024,20,0
Mike Pennel,2024,20,0
DaQuan Jones,2024,20,0
Teddy Bridgewater,2024,20,0.12
Denico Autry,2024,20,0
Kyle Van Noy,2024,20,0
Amari Cooper,2024,20,0
Nelson Agholor,2024,20,0
Jordan Phillips,2024,20,0
Danielle Hunter,2024,20,0
Za'Darius Smith,2024,20,0
Shaq Mason,2024,20,0
Neville Hewitt,2024,20,0
Jamison Crowder,2024,20,4.5
Dante Fowler Jr.,2024,20,0
Rob Havenstein,2024,20,0
Mario Edwards,2024,20,0
Marcus Mariota,2024,20,-0.1
DJ Reader,2024,20,0
Kalif Raymond,2024,20,6.7
Michael Pierce,2024,20,0
Ka'imi Fairbairn,2024,20,5
Chris Jones,2024,20,0
Austin Johnson,2024,20,0
Derrick Henry,2024,20,14.4
Demarcus Robinson,2024,20,10.4
Sheldon Day,2024,20,0
Eric Murray,2024,20,0
Jared Goff,2024,20,12.219999999999999
Tyler Higbee,2024,20,18.4
Marlon Humphrey,2024,20,0
Curtis Samuel,2024,20,2.9
Harrison Butker,2024,20,11
Tim Patrick,2024,20,3.2
Nicholas Morrow,2024,20,0
Jonathan Allen,2024,20,0
Samaje Perine,2024,20,0
Rasul Douglas,2024,20,0
Mack Hollins,2024,20,2.2
Matt Milano,2024,20,0
Austin Ekeler,2024,20,12.8
Ahkello Witherspoon,2024,20,0
Jake Elliott,2024,20,9
Dare Ogunbowale,2024,20,1.9
JuJu Smith-Schuster,2024,20,0
Zane Gonzalez,2024,20,9
Patrick Mahomes,2024,20,11.48
Marshon Lattimore,2024,20,0
Tre'Davious White,2024,20,0
Joe Mixon,2024,20,18
Dion Dawkins,2024,20,0
Cooper Kupp,2024,20,11.100000000000001
Alex Anzalone,2024,20,0
Kareem Hunt,2024,20,11.6
Jeremy McNichols,2024,20,6.8
Al-Quadin Muhammad,2024,20,0
Darious Williams,2024,20,0
Foley Fatukasi,2024,20,0
Frankie Luvu,2024,20,0
Daron Payne,2024,20,0
Dallas Goedert,2024,20,9.600000000000001
Anthony Miller,2024,20,2.6
M.J. Stewart,2024,20,0
Justin Reid,2024,20,0
Dorance Armstrong,2024,20,0
Taron Johnson,2024,20,0
Josh Sweat,2024,20,0
Dalton Schultz,2024,20,10.3
Tim Settle,2024,20,0
Jordan Mailata,2024,20,0
Mark Andrews,2024,20,9.4
Oren Burks,2024,20,0
Chris Board,2024,20,0
Lamar Jackson,2024,20,19.060000000000002
Derrick Nnadi,2024,20,0
Saquon Barkley,2024,20,39.2
Josh Allen,2024,20,19.08
Roquan Smith,2024,20,0
Steven Sims,2024,20,1.4
D'Angelo Ross,2024,20,0
Irv Smith Jr.,2024,20,1.2
Justice Hill,2024,20,7.7
Kris Boyd,2024,20,0
Jack Fox,2024,20,0
Azeez Al-Shaair,2024,20,0
Del'Shawn Phillips,2024,20,0
Olamide Zaccheaus,2024,20,0
Ed Oliver,2024,20,0
Jawaan Taylor,2024,20,0
C.J. Gardner-Johnson,2024,20,0
Drue Tranquill,2024,20,0
Charles Omenihu,2024,20,0
Cam Lewis,2024,20,0
Ty Johnson,2024,20,4.8999999999999995
Craig Reynolds,2024,20,0
Terry McLaurin,2024,20,18.700000000000003
Hollywood Brown,2024,20,0
Taylor Rapp,2024,20,0
A.J. Brown,2024,20,3.4000000000000004
David Montgomery,2024,20,3.6000000000000005
Dawson Knox,2024,20,1
Clelin Ferrell,2024,20,0
Tommy Townsend,2024,20,0
Tershawn Wharton,2024,20,0
Michael Hoecht,2024,20,0
Christian Rozeboom,2024,20,0
Broderick Washington,2024,20,0
Myles Bryant,2024,20,0
Nnamdi Madubuike,2024,20,0
Kristian Welch,2024,20,0
Tyler Bass,2024,20,11
Reggie Gilliam,2024,20,0
A.J. Epenesa,2024,20,0
Isaiah Rodgers,2024,20,0
Colby Parkinson,2024,20,8.9
Malik Harrison,2024,20,0
Mekhi Becton,2024,20,0
Noah Igbinoghene,2024,20,0
Jeremy Chinn,2024,20,0
Mykal Walker,2024,20,0
Kindle Vildor,2024,20,0
Braden Mann,2024,20,0
Kevin Dotson,2024,20,0
Kam Curl,2024,20,0
Neville Gallimore,2024,20,0
Amik Robertson,2024,20,0
Tyler Biadasz,2024,20,0
Michael Danna,2024,20,0
Jalen Hurts,2024,20,17.12
Zack Baun,2024,20,0
Rashod Bateman,2024,20,16.6
Nico Collins,2024,20,13.1
Ar'Darius Washington,2024,20,0
Nick Bolton,2024,20,0
Dyami Brown,2024,20,14.8
John Bates,2024,20,3
Tylan Wallace,2024,20,2.7
Noah Gray,2024,20,4.3
Trey Smith,2024,20,0
Tutu Atwell,2024,20,2.8
Tommy Togiai,2024,20,0
Damar Hamlin,2024,20,0
Bobby Brown III,2024,20,0
DeVonta Smith,2024,20,6.1
Greg Rousseau,2024,20,0
Kenneth Gainwell,2024,20,3
Odafe Oweh,2024,20,0
Levi Onwuzurike,2024,20,0
Amon-Ra St. Brown,2024,20,21.700000000000003
Brandon Stephens,2024,20,0
Ifeatu Melifonwu,2024,20,0
Keir Thomas,2024,20,0
Jordan Davis,2024,20,0
Reed Blankenship,2024,20,0
Trent McDuffie,2024,20,0
George Karlaftis,2024,20,0
Bryan Cook,2024,20,0
Jaylen Watson,2024,20,0
Isiah Pacheco,2024,20,1.8
Nazeeh Johnson,2024,20,0
Derek Stingley Jr.,2024,20,0
Jameson Williams,2024,20,14.000000000000002
James Cook,2024,20,11.2
Terrel Bernard,2024,20,0
Dameon Pierce,2024,20,1
Khalil Shakir,2024,20,12.7
Matt Araiza,2024,20,-1.8
Christian Benford,2024,20,0
Tristin McCollum,2024,20,0
John Metchie III,2024,20,5.5
Jacob Hummel,2024,20,0
Ja'Marcus Ingram,2024,20,0
Kerby Joseph,2024,20,0
Brian Robinson Jr.,2024,20,19.7
Travis Jones,2024,20,0
Leo Chenal,2024,20,0
Isaiah Likely,2024,20,17.3
Cobie Durant,2024,20,0
Kyren Williams,2024,20,9.500000000000002
Quentin Lake,2024,20,0
Kyle Hamilton,2024,20,0
Joshua Williams,2024,20,0
Charlie Kolar,2024,20,0
Jordan Stout,2024,20,0
Joshua Paschal,2024,20,0
Percy Butler,2024,20,0
David Ojabo,2024,20,0
Xavier Smith,2024,20,0
Jalen Carter,2024,20,0
Moro Ojomo,2024,20,0
Keaton Mitchell,2024,20,0
Tavius Robinson,2024,20,0
Cam Jones,2024,20,0
Nikko Remigio,2024,20,0
Dorian Williams,2024,20,0
Henry To'oTo'o,2024,20,0
Xavier Hutchinson,2024,20,9.2
Trevor Nowaske,2024,20,0
Jared Wayne,2024,20,0
Dalton Kincaid,2024,20,2.1
Chamarri Conner,2024,20,0
Sydney Brown,2024,20,0
Felix Anudike-Uzomah,2024,20,0
Nolan Smith,2024,20,0
Jack Campbell,2024,20,0
Ethan Evans,2024,20,0
Desjuan Johnson,2024,20,0
Sam LaPorta,2024,20,17.1
Puka Nacua,2024,20,15.700000000000001
Will Anderson Jr.,2024,20,0
Byron Young,2024,20,0
Kobie Turner,2024,20,0
Jahmyr Gibbs,2024,20,35.5
Brian Branch,2024,20,0
Quan Martin,2024,20,0
C.J. Stroud,2024,20,13
Jake Bates,2024,20,7
Nate Wiggins,2024,20,0
Christian Roland-Wallace,2024,20,0
Kamari Lassiter,2024,20,0
Javontae Jean-Baptiste,2024,20,0
Morice Norris Jr.,2024,20,0
Cody Schrader,2024,20,0
Braden Fiske,2024,20,0
Jalyx Hunt,2024,20,0
Tyler Davis,2024,20,0
Joshua Karty,2024,20,8
Jordan Whittington,2024,20,2.2
Joe Andreessen,2024,20,0
Josh Wallace,2024,20,0
Omar Speights,2024,20,0
Jaylen McCollough,2024,20,0
Jaden Hicks,2024,20,0
Jeremiah Trotter Jr.,2024,20,0
Kamren Kinchens,2024,20,0
Calen Bullock,2024,20,0
Cooper DeJean,2024,20,0
Jared Verse,2024,20,0
Cole Bishop,2024,20,0
Ray Davis,2024,20,8.9
Quinyon Mitchell,2024,20,0
Xavier Worthy,2024,20,8.7
Mike Sainristil,2024,20,0
Keon Coleman,2024,20,1.5
Terrion Arnold,2024,20,0
Jayden Daniels,2024,20,25.060000000000002
NA,2024,20,0
Von Miller,2024,21,0
Nick Bellore,2024,21,0
Bobby Wagner,2024,21,0
Zach Ertz,2024,21,21.4
Darius Slay,2024,21,0
Sam Martin,2024,21,0
Tress Way,2024,21,0.92
Travis Kelce,2024,21,3.9000000000000004
DeAndre Hopkins,2024,21,2.1
Mike Pennel,2024,21,0
DaQuan Jones,2024,21,0
Amari Cooper,2024,21,7.300000000000001
Jordan Phillips,2024,21,0
Carl Davis,2024,21,0
Jamison Crowder,2024,21,1.4
Dante Fowler Jr.,2024,21,0
Chris Jones,2024,21,0
Austin Johnson,2024,21,0
Kevon Seymour,2024,21,0
Curtis Samuel,2024,21,7.4
Harrison Butker,2024,21,6
Nicholas Morrow,2024,21,0
Jonathan Allen,2024,21,0
Samaje Perine,2024,21,2.7
Rasul Douglas,2024,21,0
Mack Hollins,2024,21,16.3
Matt Milano,2024,21,0
Austin Ekeler,2024,21,6.199999999999999
Jake Elliott,2024,21,6
JuJu Smith-Schuster,2024,21,8
Zane Gonzalez,2024,21,11
Patrick Mahomes,2024,21,30.1
Marshon Lattimore,2024,21,0
Dawuane Smoot,2024,21,0
Kareem Hunt,2024,21,14
Jeremy McNichols,2024,21,0
Jalyn Holmes,2024,21,0
Frankie Luvu,2024,21,0
Dallas Goedert,2024,21,16.8
Justin Reid,2024,21,0
Dorance Armstrong,2024,21,0
Taron Johnson,2024,21,0
Josh Sweat,2024,21,0
Justin Watson,2024,21,0
Oren Burks,2024,21,0
Saquon Barkley,2024,21,31.2
Josh Allen,2024,21,18.380000000000003
Olamide Zaccheaus,2024,21,6.6
Ed Oliver,2024,21,0
C.J. Gardner-Johnson,2024,21,0
Drue Tranquill,2024,21,0
Charles Omenihu,2024,21,0
Cam Lewis,2024,21,0
Ty Johnson,2024,21,2.9000000000000004
Terry McLaurin,2024,21,14.100000000000001
Hollywood Brown,2024,21,6.5
A.J. Brown,2024,21,21.6
Dawson Knox,2024,21,1.7000000000000002
Clelin Ferrell,2024,21,0
Tershawn Wharton,2024,21,0
Tyler Bass,2024,21,7
A.J. Epenesa,2024,21,0
Isaiah Rodgers,2024,21,0
Noah Igbinoghene,2024,21,0
Jeremy Chinn,2024,21,0
Mykal Walker,2024,21,0
Braden Mann,2024,21,0
Michael Danna,2024,21,0
Jalen Hurts,2024,21,33.44
Zack Baun,2024,21,0
Nick Bolton,2024,21,0
Benjamin St-Juste,2024,21,0
Dyami Brown,2024,21,5.2
John Bates,2024,21,3.1
Darrick Forrest,2024,21,0
Damar Hamlin,2024,21,0
DeVonta Smith,2024,21,8.5
Greg Rousseau,2024,21,0
Milton Williams,2024,21,0
Kenneth Gainwell,2024,21,4.4
Landon Dickerson,2024,21,0
Jordan Davis,2024,21,0
Reed Blankenship,2024,21,0
Trent McDuffie,2024,21,0
George Karlaftis,2024,21,0
Bryan Cook,2024,21,0
Jaylen Watson,2024,21,0
Isiah Pacheco,2024,21,4.4
Nazeeh Johnson,2024,21,0
Mike Caliendo,2024,21,0
Kaiir Elam,2024,21,0
James Cook,2024,21,28.4
Terrel Bernard,2024,21,0
Khalil Shakir,2024,21,10.600000000000001
Matt Araiza,2024,21,0
Christian Benford,2024,21,0
Tristin McCollum,2024,21,0
Ja'Marcus Ingram,2024,21,0
Brian Robinson Jr.,2024,21,3.6
Leo Chenal,2024,21,0
Joshua Williams,2024,21,0
Percy Butler,2024,21,0
Kenny Pickett,2024,21,-0.30000000000000004
Jalen Carter,2024,21,0
Moro Ojomo,2024,21,0
Nikko Remigio,2024,21,0
Dorian Williams,2024,21,0
Dalton Kincaid,2024,21,3.3
Chamarri Conner,2024,21,0
Tyler Steen,2024,21,0
Sydney Brown,2024,21,0
Felix Anudike-Uzomah,2024,21,0
Nolan Smith,2024,21,0
Quan Martin,2024,21,0
Swayze Bozeman,2024,21,0
Luke McCaffrey,2024,21,0
Javontae Jean-Baptiste,2024,21,0
Colson Yankoff,2024,21,0
Jalyx Hunt,2024,21,0
Will Shipley,2024,21,13.7
Joe Andreessen,2024,21,0
Jaden Hicks,2024,21,0
Jeremiah Trotter Jr.,2024,21,0
Cooper DeJean,2024,21,0
Cole Bishop,2024,21,0
Ray Davis,2024,21,-0.6
Quinyon Mitchell,2024,21,0
Xavier Worthy,2024,21,22.1
Mike Sainristil,2024,21,0
Keon Coleman,2024,21,2.2
Jer'Zhan Newton,2024,21,0
Jayden Daniels,2024,21,26
Ben Sinnott,2024,21,3.3000000000000003
NA,2024,21,0
Brandon Graham,2024,22,0
Darius Slay,2024,22,0
Travis Kelce,2024,22,7.9
DeAndre Hopkins,2024,22,9.8
Mike Pennel,2024,22,0
Rick Lovato,2024,22,0
Chris Jones,2024,22,0
Harrison Butker,2024,22,0
Samaje Perine,2024,22,0.8
Jake Elliott,2024,22,20
JuJu Smith-Schuster,2024,22,3.6
Patrick Mahomes,2024,22,24.78
Kareem Hunt,2024,22,2.4
Dallas Goedert,2024,22,4.7
Justin Reid,2024,22,0
Avonte Maddox,2024,22,0
Josh Sweat,2024,22,0
Justin Watson,2024,22,0
Jordan Mailata,2024,22,0
Oren Burks,2024,22,0
Derrick Nnadi,2024,22,0
Saquon Barkley,2024,22,15.7
Jawaan Taylor,2024,22,0
C.J. Gardner-Johnson,2024,22,0
Drue Tranquill,2024,22,0
Charles Omenihu,2024,22,0
Hollywood Brown,2024,22,3.5
A.J. Brown,2024,22,13.3
Tershawn Wharton,2024,22,0
Isaiah Rodgers,2024,22,0
Braden Mann,2024,22,0
Michael Danna,2024,22,0
Jalen Hurts,2024,22,29.04
Zack Baun,2024,22,0
Nick Bolton,2024,22,0
Creed Humphrey,2024,22,0
Noah Gray,2024,22,1.2
Trey Smith,2024,22,0
DeVonta Smith,2024,22,16.9
Milton Williams,2024,22,0
Kenneth Gainwell,2024,22,1
Landon Dickerson,2024,22,0
Jordan Davis,2024,22,0
Reed Blankenship,2024,22,0
Trent McDuffie,2024,22,0
George Karlaftis,2024,22,0
Bryan Cook,2024,22,0
Jaylen Watson,2024,22,0
Isiah Pacheco,2024,22,2.2
Matt Araiza,2024,22,0
Jahan Dotson,2024,22,6.2
Leo Chenal,2024,22,0
Joshua Williams,2024,22,0
Kenny Pickett,2024,22,-0.4
Jalen Carter,2024,22,0
Moro Ojomo,2024,22,0
Nikko Remigio,2024,22,0
Chamarri Conner,2024,22,0
Felix Anudike-Uzomah,2024,22,0
Nolan Smith,2024,22,0
Johnny Wilson,2024,22,0
Swayze Bozeman,2024,22,0
Jalyx Hunt,2024,22,0
Will Shipley,2024,22,0
Jaden Hicks,2024,22,0
Jeremiah Trotter Jr.,2024,22,0
Cooper DeJean,2024,22,0
Quinyon Mitchell,2024,22,0
Xavier Worthy,2024,22,35.7
NA,2024,22,0
Aaron Rodgers,2025,1,25.659999999999997
Matt Prater,2025,1,12
Nick Folk,2025,1,10
Joe Flacco,2025,1,14.2
Calais Campbell,2025,1,0
Matthew Stafford,2025,1,12.600000000000001
Graham Gano,2025,1,8
Thomas Morstead,2025,1,0
Trent Williams,2025,1,0
Von Miller,2025,1,0
Cameron Jordan,2025,1,0
Cameron Heyward,2025,1,0
Nick Bellore,2025,1,0
Johnny Hekker,2025,1,0
Bobby Wagner,2025,1,0
Russell Wilson,2025,1,10.120000000000001
Lavonte David,2025,1,0
Kevin Zeitler,2025,1,0
Demario Davis,2025,1,0
Bryan Anger,2025,1,0
Andrew DePaola,2025,1,0
Brandon McManus,2025,1,9
Kyle Juszczyk,2025,1,5.2
Adam Thielen,2025,1,0
Zach Ertz,2025,1,11.6
Darius Slay,2025,1,0
Sam Martin,2025,1,0
Tress Way,2025,1,0
Keenan Allen,2025,1,19.8
Travis Kelce,2025,1,12.7
DeAndre Hopkins,2025,1,11.5
Geno Smith,2025,1,18.48
Mike Pennel,2025,1,0
Khalil Mack,2025,1,0
DaQuan Jones,2025,1,0
Chris Boswell,2025,1,14
Cairo Santos,2025,1,6
Brandin Cooks,2025,1,5.6
Shelby Harris,2025,1,0
Kyle Van Noy,2025,1,0
Davante Adams,2025,1,9.100000000000001
Mike Evans,2025,1,10.100000000000001
DeMarcus Lawrence,2025,1,0
Jason Myers,2025,1,8
Shaq Thompson,2025,1,0
Eddie Goldman,2025,1,0
Danielle Hunter,2025,1,0
Grady Jarrett,2025,1,0
Stefon Diggs,2025,1,11.7
Quandre Diggs,2025,1,0
DeAndre Carter,2025,1,0
Alex Singleton,2025,1,0
Leonard Williams,2025,1,0
Rakeem Nunez-Roches,2025,1,0
Dante Fowler Jr.,2025,1,0
Bradley Pinion,2025,1,0
Bud Dupree,2025,1,0
Arik Armstead,2025,1,0
Tyler Lockett,2025,1,0
Laken Tomlinson,2025,1,0
DeForest Buckner,2025,1,0
Sterling Shepard,2025,1,6.9
Jarran Reed,2025,1,0
Deion Jones,2025,1,0
Austin Hooper,2025,1,2
Chris Moore,2025,1,4.4
Miles Killebrew,2025,1,0
Matthew Judon,2025,1,0
Elandon Roberts,2025,1,0
Kalif Raymond,2025,1,3.6
Wil Lutz,2025,1,8
Jonathan Jones,2025,1,0
Roy Robertson-Harris,2025,1,0
Ka'imi Fairbairn,2025,1,14
Sheldon Rankins,2025,1,0
Chris Jones,2025,1,0
Austin Johnson,2025,1,0
Derrick Henry,2025,1,29.200000000000003
A'Shawn Robinson,2025,1,0
Riley Dixon,2025,1,0
Eric Murray,2025,1,0
Tyreek Hill,2025,1,8
Jihad Ward,2025,1,0
Xavien Howard,2025,1,0
Jalen Ramsey,2025,1,0
Emmanuel Ogbah,2025,1,0
Dak Prescott,2025,1,7.82
Hunter Henry,2025,1,10.600000000000001
Jared Goff,2025,1,11.9
Javon Hargrave,2025,1,0
Tyler Higbee,2025,1,0
Kenny Clark,2025,1,0
Kevin Byard,2025,1,0
Joey Bosa,2025,1,0
Mo Alie-Cox,2025,1,3
Johnny Mundt,2025,1,0
Christian McCaffrey,2025,1,23.200000000000003
Marlon Humphrey,2025,1,0
George Kittle,2025,1,12.5
Jermaine Eluemunor,2025,1,0
Aaron Jones,2025,1,15.700000000000001
Chuck Clark,2025,1,0
D.J. Jones,2025,1,0
Harrison Butker,2025,1,10
Eric Wilson,2025,1,0
Adam Butler,2025,1,0
Kenny Moore II,2025,1,0
Jonathan Allen,2025,1,0
Samaje Perine,2025,1,2.6
Zach Cunningham,2025,1,0
Chidobe Awuzie,2025,1,0
Rasul Douglas,2025,1,0
James Conner,2025,1,14.4
Mack Hollins,2025,1,1.3
Matt Milano,2025,1,0
Jamal Agnew,2025,1,0
Eric Saubert,2025,1,0
Xavier Woods,2025,1,0
David Moore,2025,1,0
Noah Brown,2025,1,4.7
Elijah Wilkinson,2025,1,0
Austin Ekeler,2025,1,8.7
Younghoe Koo,2025,1,8
Ahkello Witherspoon,2025,1,0
Jake Elliott,2025,1,8
Dare Ogunbowale,2025,1,2.5999999999999996
JuJu Smith-Schuster,2025,1,10.5
Jonnu Smith,2025,1,12.5
Davon Godchaux,2025,1,0
Myles Garrett,2025,1,0
Solomon Thomas,2025,1,0
Jamal Adams,2025,1,0
Patrick Mahomes,2025,1,26.02
Marshon Lattimore,2025,1,0
Haason Reddick,2025,1,0
Derek Barnett,2025,1,0
Malik Hooker,2025,1,0
Adoree' Jackson,2025,1,0
Evan Engram,2025,1,5.1
David Njoku,2025,1,6.7
T.J. Watt,2025,1,0
Cam Robinson,2025,1,0
Budda Baker,2025,1,0
Zay Jones,2025,1,1.4
Tanoh Kpassagnon,2025,1,0
Dion Dawkins,2025,1,0
Alvin Kamara,2025,1,13.7
Dawuane Smoot,2025,1,0
Cooper Kupp,2025,1,3.5
Alex Anzalone,2025,1,0
Kareem Hunt,2025,1,4.6
Jourdan Lewis,2025,1,0
Trey Hendrickson,2025,1,0
Josh Reynolds,2025,1,3.8
Samson Ebukam,2025,1,0
Deatrich Wise,2025,1,0
Grover Stewart,2025,1,0
Jeremy McNichols,2025,1,2.5
Al-Quadin Muhammad,2025,1,0
Scott Daly,2025,1,0
Will Dissly,2025,1,2.8
Michael Dickson,2025,1,0
Daniel Carlson,2025,1,10
J.K. Scott,2025,1,0
Jacob Martin,2025,1,0
Poona Ford,2025,1,0
Daniel Ekuale,2025,1,0
Austin Corbett,2025,1,0
Tyler Conklin,2025,1,6.2
Foley Fatukasi,2025,1,0
DeShon Elliott,2025,1,0
Tremon Smith,2025,1,0
Zach Sieler,2025,1,0
Frankie Luvu,2025,1,0
Daron Payne,2025,1,0
Marcus Davenport,2025,1,0
Courtland Sutton,2025,1,18.1
Dallas Goedert,2025,1,11.4
Donte Jackson,2025,1,0
Tyquan Lewis,2025,1,0
Justin Reid,2025,1,0
Da'Shawn Hand,2025,1,0
Dorance Armstrong,2025,1,0
Taron Johnson,2025,1,0
Avonte Maddox,2025,1,0
Josh Sweat,2025,1,0
Dalton Schultz,2025,1,5.800000000000001
D.J. Reed,2025,1,0
Justin Watson,2025,1,4.7
Siran Neal,2025,1,0
Tim Settle,2025,1,0
Ray-Ray McCloud,2025,1,8.100000000000001
Foye Oluokun,2025,1,0
Zaire Franklin,2025,1,0
Logan Cooke,2025,1,0
Jeremy Reaves,2025,1,0
Dennis Gardeck,2025,1,0
Jonathan Owens,2025,1,0
Trent Sherfield,2025,1,1.3
Tavierre Thomas,2025,1,0
Evan Brown,2025,1,0
Charvarius Ward,2025,1,0
Tremaine Edmunds,2025,1,0
Jessie Bates,2025,1,0
Robert Spillane,2025,1,0
Corey Bojorquez,2025,1,0
Jaire Alexander,2025,1,0
Mark Andrews,2025,1,1.5
Oren Burks,2025,1,0
Nathan Shepherd,2025,1,0
Vita Vea,2025,1,0
Carlton Davis III,2025,1,0
Isaac Yiadom,2025,1,0
Harrison Phillips,2025,1,0
Minkah Fitzpatrick,2025,1,0
Derwin James,2025,1,0
Nick Chubb,2025,1,6
Lamar Jackson,2025,1,29.36
Jerome Baker,2025,1,0
B.J. Hill,2025,1,0
John Franklin-Myers,2025,1,0
Sebastian Joseph-Day,2025,1,0
Fred Warner,2025,1,0
Derrick Nnadi,2025,1,0
Arden Key,2025,1,0
D.J. Moore,2025,1,10.600000000000001
Harold Landry III,2025,1,0
Mike Gesicki,2025,1,2.4000000000000004
Bradley Chubb,2025,1,0
Calvin Ridley,2025,1,6.7
Mike Hughes,2025,1,0
Saquon Barkley,2025,1,18.4
Mike McGlinchey,2025,1,0
KhaDarel Hodge,2025,1,0
Baker Mayfield,2025,1,22.58
Denzel Ward,2025,1,0
Josh Allen,2025,1,38.76
Sam Darnold,2025,1,5.4
Roquan Smith,2025,1,0
Jakobi Meyers,2025,1,17.700000000000003
Rashan Gary,2025,1,0
Maxx Crosby,2025,1,0
Julian Love,2025,1,0
Justice Hill,2025,1,-1.1000000000000003
Ben Powers,2025,1,0
Hunter Renfrow,2025,1,3.1
E.J. Speed,2025,1,0
Justin Skule,2025,1,0
Marcus Epps,2025,1,0
Ashton Dulin,2025,1,1.5
Jamie Gillan,2025,1,0
Yosh Nijman,2025,1,0
Patrick Mekari,2025,1,0
Alec Ingold,2025,1,1.1
Keisean Nixon,2025,1,0
Mack Wilson,2025,1,0
Nick Allegretti,2025,1,0
Jack Fox,2025,1,0
Azeez Al-Shaair,2025,1,0
AJ Cole,2025,1,0
Joey Slye,2025,1,15
Del'Shawn Phillips,2025,1,0
Olamide Zaccheaus,2025,1,8.2
Kyler Murray,2025,1,18.32
T.J. Hockenson,2025,1,4.5
Ed Oliver,2025,1,0
Byron Murphy,2025,1,0
Jawaan Taylor,2025,1,0
Miles Sanders,2025,1,4.000000000000001
Zach Allen,2025,1,0
Josh Oliver,2025,1,1.5
Devin Singletary,2025,1,0.9
C.J. Gardner-Johnson,2025,1,0
Anthony Nelson,2025,1,0
Hjalte Froholdt,2025,1,0
Tony Pollard,2025,1,7.9
Drue Tranquill,2025,1,0
Matt Gay,2025,1,3
Andrew Van Ginkel,2025,1,0
Blake Cashman,2025,1,0
Mike Jackson,2025,1,0
Charles Omenihu,2025,1,0
Jake Bailey,2025,1,0
Donovan Wilson,2025,1,0
Kaden Elliss,2025,1,0
Anthony Pittman,2025,1,0
Tyrel Dodson,2025,1,0
Cam Lewis,2025,1,0
Chase McLaughlin,2025,1,4
Andrew Wingard,2025,1,0
Carl Granderson,2025,1,0
Luke Gifford,2025,1,0
Greg Dortch,2025,1,0.8
Devin Bush,2025,1,0
Darius Slayton,2025,1,0
Ty Johnson,2025,1,2.4000000000000004
Craig Reynolds,2025,1,0
Alex Bachman,2025,1,0
Troy Reeder,2025,1,0
Juan Thornhill,2025,1,0
Drew Sample,2025,1,0
Amani Hooker,2025,1,0
Corey Ballentine,2025,1,0
L.J. Collier,2025,1,0
Rock Ya-Sin,2025,1,0
DK Metcalf,2025,1,12.3
Josh Hines-Allen,2025,1,0
Jeffery Simmons,2025,1,0
Noah Fant,2025,1,12.6
Gunner Olszewski,2025,1,0
Montez Sweat,2025,1,0
Will Harris,2025,1,0
Khalen Saunders,2025,1,0
Terry McLaurin,2025,1,4.7
Hollywood Brown,2025,1,19.9
Taylor Rapp,2025,1,0
Greg Gaines,2025,1,0
Nick Scott,2025,1,0
Cody Barton,2025,1,0
Jerry Tillery,2025,1,0
A.J. Brown,2025,1,1.8
Dre'Mont Jones,2025,1,0
Quincy Williams,2025,1,0
Dexter Lawrence,2025,1,0
David Montgomery,2025,1,8.3
Bobby Okereke,2025,1,0
Dawson Knox,2025,1,4
Germaine Pratt,2025,1,0
Jamel Dean,2025,1,0
Josh Jacobs,2025,1,14.000000000000002
Jalen Thompson,2025,1,0
Devin White,2025,1,0
Daniel Jones,2025,1,29.48
Brian Burns,2025,1,0
Nick Bosa,2025,1,0
Quinnen Williams,2025,1,0
Deebo Samuel Sr.,2025,1,22.6
Jacob Bobenmoyer,2025,1,0
Corliss Waitman,2025,1,0
Chris Williams,2025,1,0
Blake Gillikin,2025,1,0
Tommy Townsend,2025,1,0
Tershawn Wharton,2025,1,0
Cody White,2025,1,0
Joe Bachie,2025,1,0
Christian Rozeboom,2025,1,0
Jonah Williams,2025,1,0
Sam Franklin Jr.,2025,1,0
Juwan Johnson,2025,1,15.600000000000001
Broderick Washington,2025,1,0
Khalil Dorsey,2025,1,0
Nnamdi Madubuike,2025,1,0
Rico Dowdle,2025,1,3.6
Bryce Huff,2025,1,0
J.K. Dobbins,2025,1,14.8
Joshua Uche,2025,1,0
Teair Tart,2025,1,0
Nick Westbrook-Ikhine,2025,1,1.7000000000000002
A.J. Epenesa,2025,1,0
Geno Stone,2025,1,0
Tua Tagovailoa,2025,1,7.260000000000001
Derrick Brown,2025,1,0
Brandon Jones,2025,1,0
Isaiah Rodgers,2025,1,0
Jonathan Taylor,2025,1,12.8
Jonathan Greenard,2025,1,0
Kyle Dugger,2025,1,0
Colby Parkinson,2025,1,-0.6000000000000001
Michael Pittman Jr.,2025,1,20
Julian Blackmon,2025,1,0
Colton McKivitz,2025,1,0
Jonah Jackson,2025,1,0
Jauan Jennings,2025,1,3.6
Javon Kinlaw,2025,1,0
Jordan Love,2025,1,15.92
A.J. Dillon,2025,1,1
Jordan Elliott,2025,1,0
Jeff Okudah,2025,1,0
D'Andre Swift,2025,1,9.5
Malik Harrison,2025,1,0
Grant Delpit,2025,1,0
Mekhi Becton,2025,1,0
A.J. Terrell,2025,1,0
K'Lavon Chaisson,2025,1,0
Noah Igbinoghene,2025,1,0
Yetur Gross-Matos,2025,1,0
Cole Kmet,2025,1,4.1
Jeremy Chinn,2025,1,0
Logan Wilson,2025,1,0
Akeem Davis-Gaither,2025,1,0
Jaylinn Hawkins,2025,1,0
Braden Mann,2025,1,0
Justin Jefferson,2025,1,14.8
Patrick Queen,2025,1,0
Antonio Gibson,2025,1,0.30000000000000004
Ashtyn Davis,2025,1,0
Devin Duvernay,2025,1,0
Alex Highsmith,2025,1,0
D.J. Wonnum,2025,1,0
James Lynch,2025,1,0
Troy Dye,2025,1,0
Josh Metellus,2025,1,0
Kam Curl,2025,1,0
Justin Herbert,2025,1,27.919999999999998
CeeDee Lamb,2025,1,18
Trevon Diggs,2025,1,0
Neville Gallimore,2025,1,0
John Simpson,2025,1,0
L'Jarius Sneed,2025,1,0
Amik Robertson,2025,1,0
Michael Danna,2025,1,0
Alohi Gilman,2025,1,0
Xavier McKinney,2025,1,0
Jalen Hurts,2025,1,24.28
Darnay Holmes,2025,1,0
Jerry Jeudy,2025,1,11.600000000000001
Cesar Ruiz,2025,1,0
Jordyn Brooks,2025,1,0
Tee Higgins,2025,1,6.300000000000001
Antoine Winfield Jr.,2025,1,0
Darrell Taylor,2025,1,0
Kristian Fulton,2025,1,0
Zack Baun,2025,1,0
Adam Trautman,2025,1,1.5
Tyler Johnson,2025,1,5.1
Justin Strnad,2025,1,0
"Kenneth Murray, Jr.",2025,1,0
Joe Burrow,2025,1,8.82
Kwity Paye,2025,1,0
Dayo Odeyingbo,2025,1,0
Jamien Sherwood,2025,1,0
Michael Carter II,2025,1,0
Jason Pinnock,2025,1,0
Brandin Echols,2025,1,0
Rashod Bateman,2025,1,3
Nico Collins,2025,1,5.5
Chuba Hubbard,2025,1,17.9
Deommodore Lenoir,2025,1,0
Talanoa Hufanga,2025,1,0
Roy Lopez,2025,1,0
Jaylen Waddle,2025,1,7
Dillon Radunz,2025,1,0
Dee Eskridge,2025,1,1.9
Nick Bolton,2025,1,0
Creed Humphrey,2025,1,0
Benjamin St-Juste,2025,1,0
Dyami Brown,2025,1,8.8
Camryn Bynum,2025,1,0
Tylan Wallace,2025,1,0
Noah Gray,2025,1,1.3
Tedarrell Slaton,2025,1,0
Cameron McGrone,2025,1,0
Nick Niemann,2025,1,0
Isaiah McDuffie,2025,1,0
Grant Stuard,2025,1,0
Devon Key,2025,1,0
Charles Snowden,2025,1,0
Adam Prentice,2025,1,1.4
Jack Stoll,2025,1,0
Christian Elliss,2025,1,0
Riley Patterson,2025,1,0
Feleipe Franks,2025,1,0
Kene Nwangwu,2025,1,0
Tutu Atwell,2025,1,1.4
Evan McPherson,2025,1,5
Ben Skowronek,2025,1,9.2
James Hudson,2025,1,0
Chris Rumph II,2025,1,0
Dan Moore Jr.,2025,1,0
Pat Surtain II,2025,1,0
Rhamondre Stevenson,2025,1,4.7
Kylen Granson,2025,1,1.1
Jay Tufele,2025,1,0
Luke Farrell,2025,1,1.4
Najee Harris,2025,1,2
Pat Freiermuth,2025,1,5.800000000000001
Ja'Marr Chase,2025,1,4.6
Eric Stokes,2025,1,0
Joseph Ossai,2025,1,0
Bobby Brown III,2025,1,0
Khyiris Tonga,2025,1,0
DeVonta Smith,2025,1,4.6
Greg Rousseau,2025,1,0
Milton Williams,2025,1,0
Kenneth Gainwell,2025,1,4.300000000000001
Pete Werner,2025,1,0
Micah Parsons,2025,1,0
Zaven Collins,2025,1,0
Jaelan Phillips,2025,1,0
Paulson Adebo,2025,1,0
Odafe Oweh,2025,1,0
Andre Cisco,2025,1,0
Osa Odighizuwa,2025,1,0
Jaycee Horn,2025,1,0
Justin Fields,2025,1,29.520000000000003
Jonathon Cooper,2025,1,0
Tre'von Moehrig,2025,1,0
Amon-Ra St. Brown,2025,1,8.5
Derrick Barnes,2025,1,0
Kyle Pitts,2025,1,12.9
Trevor Lawrence,2025,1,11.32
Travis Etienne,2025,1,18.6
Tyson Campbell,2025,1,0
Walker Little,2025,1,0
Spencer Brown,2025,1,0
Elijah Moore,2025,1,2.1
Christian Barmore,2025,1,0
Robert Hainsey,2025,1,0
Nahshon Wright,2025,1,0
Brandon Stephens,2025,1,0
Joshua Palmer,2025,1,11.100000000000001
Malcolm Koonce,2025,1,0
Divine Deablo,2025,1,0
Elijah Molden,2025,1,0
Ifeatu Melifonwu,2025,1,0
Ernest Jones,2025,1,0
Baron Browning,2025,1,0
Greg Newsome II,2025,1,0
Javonte Williams,2025,1,20.4
Jevon Holland,2025,1,0
Quinn Meinerz,2025,1,0
Chazz Surratt,2025,1,0
Hunter Long,2025,1,7.6
Tommy Tremble,2025,1,1.2
Patrick Jones II,2025,1,0
Zach Wilson,2025,1,1.58
Elijah Garcia,2025,1,0
Jordan Davis,2025,1,0
Quay Walker,2025,1,0
Devonte Wyatt,2025,1,0
Riq Woolen,2025,1,0
Kingsley Enagbare,2025,1,0
Tyler Badie,2025,1,3.6
Bo Melton,2025,1,0
Elijah Hicks,2025,1,0
Jaylon Jones,2025,1,0
Jack Sanborn,2025,1,0
Jake Tonges,2025,1,10.5
Reed Blankenship,2025,1,0
Josh Jobe,2025,1,0
Tony Adams,2025,1,0
Sauce Gardner,2025,1,0
Trent McDuffie,2025,1,0
George Karlaftis,2025,1,0
Bryan Cook,2025,1,0
Jaylen Watson,2025,1,0
Isiah Pacheco,2025,1,4.8
Jack Cochrane,2025,1,0
Cameron Dicker,2025,1,9
Jaylen Warren,2025,1,13.9
Travon Walker,2025,1,0
Aidan Hutchinson,2025,1,0
Derek Stingley Jr.,2025,1,0
Drake London,2025,1,13.5
Chris Olave,2025,1,12.4
Jameson Williams,2025,1,6.6
Kaiir Elam,2025,1,0
Tyler Smith,2025,1,0
Devin Lloyd,2025,1,0
Jalen Pitre,2025,1,0
George Pickens,2025,1,6
James Cook,2025,1,21.200000000000003
Nik Bonitto,2025,1,0
Alex Wright,2025,1,0
Marcus Jones,2025,1,0
Terrel Bernard,2025,1,0
Dylan Parham,2025,1,0
Rachaad White,2025,1,2.6000000000000005
Dameon Pierce,2025,1,0.5
Micah McFadden,2025,1,0
Khalil Shakir,2025,1,12.4
Thomas Booker,2025,1,0
Tyler Allgeier,2025,1,2.4000000000000004
Jerome Ford,2025,1,1.5
Zyon McCollum,2025,1,0
Eric Johnson,2025,1,0
DaRon Bland,2025,1,0
Ty Chandler,2025,1,0
Luke Wattenberg,2025,1,0
Matthew Butler,2025,1,0
Damone Clark,2025,1,0
Matt Araiza,2025,1,0
Christian Benford,2025,1,0
Jalen Nailor,2025,1,3.8000000000000003
Drew Ogletree,2025,1,0
Jordan Jackson,2025,1,0
Jamaree Salyer,2025,1,0
Theo Jackson,2025,1,0
Connor Heyward,2025,1,0
John FitzPatrick,2025,1,1.2
Ja'Sir Taylor,2025,1,0
James Houston,2025,1,0
Ko Kieft,2025,1,0
Mark Robinson,2025,1,0
Chase Lucas,2025,1,0
Rodney Thomas,2025,1,0
Tanner Conner,2025,1,4
Ja'Quan McMillian,2025,1,0
Ryan Wright,2025,1,0
Isaiah Pola-Mao,2025,1,0
Jordan Mason,2025,1,8.5
Marcelino McCrary-Ball,2025,1,0
Segun Olubi,2025,1,0
Lucas Krull,2025,1,1.6
Rashid Shaheed,2025,1,9.3
Daniel Whelan,2025,1,0
Darrell Baker Jr.,2025,1,0
Nate Landman,2025,1,0
Julius Chestnut,2025,1,0.2
Jack Gibbens,2025,1,0
Sam Okuayinonu,2025,1,0
Kayvon Thibodeaux,2025,1,0
John Metchie III,2025,1,0
Nick Cross,2025,1,0
Hassan Haskins,2025,1,0
Jacob Hummel,2025,1,0
Jermaine Johnson II,2025,1,0
Alec Pierce,2025,1,4.6
Sam Williams,2025,1,0
Jalen Tolbert,2025,1,1
Kerby Joseph,2025,1,0
Brandon Aubrey,2025,1,11
Garrett Wilson,2025,1,22.5
Jahan Dotson,2025,1,8.9
Daxton Hill,2025,1,0
Trey McBride,2025,1,12.100000000000001
Velus Jones Jr.,2025,1,0
Brian Robinson Jr.,2025,1,4.700000000000001
Tycen Anderson,2025,1,0
Cam Taylor-Britt,2025,1,0
Travis Jones,2025,1,0
Bernhard Raimann,2025,1,0
Cordale Flott,2025,1,0
Dondrea Tillman,2025,1,0
KaVontae Turpin,2025,1,4.7
Jeremy Ruckert,2025,1,3.6
Chigoziem Okonkwo,2025,1,4.9
Romeo Doubs,2025,1,8.8
Leo Chenal,2025,1,0
Christian Harris,2025,1,0
Kalia Davis,2025,1,0
Brock Purdy,2025,1,18.779999999999998
Calvin Austin III,2025,1,17
Cobie Durant,2025,1,0
Kyren Williams,2025,1,13.900000000000002
Quentin Lake,2025,1,0
Daniel Hardy,2025,1,0
Kyle Hamilton,2025,1,0
Jack Jones,2025,1,0
Zamir White,2025,1,0.8
Jake Ferguson,2025,1,7.300000000000001
Joshua Williams,2025,1,0
Skyy Moore,2025,1,0
Jordan Stout,2025,1,0
Percy Butler,2025,1,0
Akayleb Evans,2025,1,0
Tyquan Thornton,2025,1,6.1000000000000005
Eyioma Uwazurike,2025,1,0
Daniel Bellinger,2025,1,2.4000000000000004
Arnold Ebiketie,2025,1,0
Wan'Dale Robinson,2025,1,11.5
Breece Hall,2025,1,16.5
Alontae Taylor,2025,1,0
Dane Belton,2025,1,0
Roger McCreary,2025,1,0
Logan Hall,2025,1,0
Cade Otton,2025,1,0
Boye Mafe,2025,1,0
Kenneth Walker III,2025,1,5.4
Jaquan Brisker,2025,1,0
Coby Bryant,2025,1,0
Xavier Smith,2025,1,4.6
Kyu Blu Kelly,2025,1,0
Jalen Carter,2025,1,0
Colby Wooden,2025,1,0
Noah Sewell,2025,1,0
Dontayvion Wicks,2025,1,5
Carrington Valentine,2025,1,0
Moro Ojomo,2025,1,0
Kendall Williamson,2025,1,0
Andre Szmyt,2025,1,3
Brady Russell,2025,1,0
Jason Brownlee,2025,1,0
Xavier Gipson,2025,1,0
Trenton Simpson,2025,1,0
Tavius Robinson,2025,1,0
Cam Jones,2025,1,0
Nikko Remigio,2025,1,0
Tyree Wilson,2025,1,0
Bijan Robinson,2025,1,24.4
Jaxon Smith-Njigba,2025,1,18.4
Quentin Johnston,2025,1,24.9
Myles Murphy,2025,1,0
Luke Schoonmaker,2025,1,0
DJ Turner II,2025,1,0
Kendre Miller,2025,1,2.4000000000000004
Riley Moss,2025,1,0
Daiyan Henley,2025,1,0
Ji'Ayir Brown,2025,1,0
Tank Bigsby,2025,1,1.2000000000000002
Dorian Williams,2025,1,0
Michael Wilson,2025,1,1.5
Jordan Battle,2025,1,0
Jake Moody,2025,1,4
Tre Tucker,2025,1,13.4
Mekhi Blackmon,2025,1,0
Chad Ryland,2025,1,11
Ventrell Miller,2025,1,0
Derius Davis,2025,1,0.30000000000000004
Isaiah McGuire,2025,1,0
Charlie Jones,2025,1,0
Jay Ward,2025,1,0
Justin Shorter,2025,1,0
Antonio Johnson,2025,1,0
Chase Brown,2025,1,13.100000000000001
Henry To'oTo'o,2025,1,0
Owen Pappoe,2025,1,0
Asim Richards,2025,1,0
Parker Washington,2025,1,0
Kayshon Boutte,2025,1,16.3
Bryce Baringer,2025,1,0
Xavier Hutchinson,2025,1,5.5
DeMario Douglas,2025,1,8.2
Dante Stills,2025,1,0
Dee Winters,2025,1,0
Brad Robbins,2025,1,0
Alex Austin,2025,1,0
Cory Durden,2025,1,0
Chris Brooks,2025,1,1.3
Emari Demercado,2025,1,0
Mohamoud Diabate,2025,1,0
Ronnie Hickman Jr.,2025,1,0
Julian Hill,2025,1,0
Jalen Redmond,2025,1,0
Emanuel Wilson,2025,1,0.4
Ivan Pace Jr.,2025,1,0
Ryan Miller,2025,1,0
Brycen Tremayne,2025,1,0
Caleb Murphy,2025,1,0
Shaka Heyward,2025,1,0
Jacob Saylors,2025,1,0
Blake Grupe,2025,1,6
Drake Thomas,2025,1,0
Darnell Wright,2025,1,0
Dalton Kincaid,2025,1,13.8
Brenton Strange,2025,1,9.9
Sean Tucker,2025,1,0.2
Natrone Brooks,2025,1,0
Marvin Mims Jr.,2025,1,4.2
Byron Young,2025,1,0
Cedric Tillman,2025,1,16.2
Zach Harrison,2025,1,0
Chamarri Conner,2025,1,0
Nic Jones,2025,1,0
Bryan Bresee,2025,1,0
Tucker Kraft,2025,1,9.9
Josh Downs,2025,1,3.2
Sydney Brown,2025,1,0
Garrett Williams,2025,1,0
Dylan Horton,2025,1,0
Nolan Smith,2025,1,0
Dawand Jones,2025,1,0
Jack Campbell,2025,1,0
Adetomiwa Adebawore,2025,1,0
De'Von Achane,2025,1,16.5
Elijah Higgins,2025,1,1.3
Derick Hall,2025,1,0
SirVocea Dennis,2025,1,0
Payne Durham,2025,1,0
Marte Mapu,2025,1,0
Ethan Evans,2025,1,0
Zay Flowers,2025,1,28.1
Sam LaPorta,2025,1,13.9
Michael Mayer,2025,1,7.800000000000001
Yaya Diaby,2025,1,0
Gervon Dexter Sr.,2025,1,0
Tyrique Stevenson,2025,1,0
Jakorian Bennett,2025,1,0
Davis Allen,2025,1,8.3
Puka Nacua,2025,1,23.1
Nick Hampton,2025,1,0
Will Anderson Jr.,2025,1,0
Keeanu Benton,2025,1,0
Tuli Tuipulotu,2025,1,0
Lukas Van Ness,2025,1,0
Byron Young,2025,1,0
Kobie Turner,2025,1,0
Jahmyr Gibbs,2025,1,15
Brian Branch,2025,1,0
Will McDonald IV,2025,1,0
Luke Musgrave,2025,1,1.4
Jayden Reed,2025,1,13.5
Keion White,2025,1,0
Quan Martin,2025,1,0
Bryce Young,2025,1,10.16
Emmanuel Forbes,2025,1,0
C.J. Stroud,2025,1,9.72
Zach Charbonnet,2025,1,10.7
Joey Porter Jr.,2025,1,0
Devon Witherspoon,2025,1,0
Jake Bates,2025,1,7
Austin Ajiake,2025,1,0
Nate Wiggins,2025,1,0
Roger Rosengarten,2025,1,0
T.J. Tampa,2025,1,0
George Holani,2025,1,0
Byron Murphy II,2025,1,0
Ryan Rehkow,2025,1,0
Brandon Codrington,2025,1,0
Malik Nabers,2025,1,12.100000000000001
Brock Bowers,2025,1,15.3
Laiatu Latu,2025,1,0
Xavier Legette,2025,1,4
Kamari Lassiter,2025,1,0
Renardo Green,2025,1,0
Trevin Wallace,2025,1,0
DJ Glaze,2025,1,0
Marist Liufau,2025,1,0
Jarrian Jones,2025,1,0
Luke McCaffrey,2025,1,0
Ja'Tavion Sanders,2025,1,4.7
Decamerion Richardson,2025,1,0
Cade Stover,2025,1,6.2
Bucky Irving,2025,1,14.5
Isaac Guerendo,2025,1,0
Tarheeb Still,2025,1,0
Cam Hart,2025,1,0
Kris Abrams-Draine,2025,1,0
Jarvis Brownlee Jr.,2025,1,0
Tommy Eichenberg,2025,1,0
Josh Newton,2025,1,0
Spencer Rattler,2025,1,11.46
Jamari Thrash,2025,1,1.6
Chau Smith-Wade,2025,1,0
Tyrone Tracy Jr.,2025,1,5.5
Jaylan Ford,2025,1,0
Casey Washington,2025,1,6.300000000000001
Will Reichard,2025,1,9
Dylan Laube,2025,1,0
Cam Little,2025,1,15
Myles Harden,2025,1,0
Levi Drake Rodriguez,2025,1,0
Jonah Laulu,2025,1,0
Devaughn Vele,2025,1,2.3
James Williams,2025,1,0
Jowon Briggs,2025,1,0
Tatum Bethune,2025,1,0
Jaylen Harrell,2025,1,0
Carl Jones,2025,1,0
Storm Duck,2025,1,0
Brevyn Spann-Ford,2025,1,0
Spencer Shrader,2025,1,16
Kameron Johnson,2025,1,0
Rashad Wisdom,2025,1,0
Demani Richardson,2025,1,0
Isaiah Stalbird,2025,1,0
Austin McNamara,2025,1,0
David Martin-Robinson,2025,1,0
Bryce Oliver,2025,1,1.8
Colson Yankoff,2025,1,0
Dell Pettus,2025,1,0
JC Latham,2025,1,0
Bo Nix,2025,1,8.84
Ruke Orhorhoro,2025,1,0
Braden Fiske,2025,1,0
Jackson Powers-Johnson,2025,1,0
Matt Goncalves,2025,1,0
Tip Reiman,2025,1,2
Blake Corum,2025,1,2.6
Jalyx Hunt,2025,1,0
Payton Wilson,2025,1,0
Tory Taylor,2025,1,0
Will Shipley,2025,1,2.6
Tyler Davis,2025,1,0
Joshua Karty,2025,1,2
Jordan Whittington,2025,1,0.5
Beaux Limmer,2025,1,0
Joe Andreessen,2025,1,0
Omar Speights,2025,1,0
Jaylen McCollough,2025,1,0
Qwan'tez Stiggers,2025,1,0
AJ Barner,2025,1,1.2
Braelon Allen,2025,1,6.9
Nehemiah Pritchett,2025,1,0
Rasheen Ali,2025,1,0.5
Isaiah Davis,2025,1,1.8
DJ James,2025,1,0
Max Melton,2025,1,0
Isaiah Adams,2025,1,0
Jonah Elliss,2025,1,0
Ty'Ron Hopper,2025,1,0
Evan Williams,2025,1,0
Tyrice Knight,2025,1,0
Anthony Gould,2025,1,0
Kitan Oladapo,2025,1,0
Andru Phillips,2025,1,0
Jaden Hicks,2025,1,0
Jeremiah Trotter Jr.,2025,1,0
Darius Muasau,2025,1,0
Kamren Kinchens,2025,1,0
Calen Bullock,2025,1,0
Cooper DeJean,2025,1,0
Tykee Smith,2025,1,0
Theo Johnson,2025,1,1.5
Marvin Harrison Jr.,2025,1,18.1
Edgerrin Cooper,2025,1,0
Drake Maye,2025,1,15.78
Jared Verse,2025,1,0
Darius Robinson,2025,1,0
Blake Fisher,2025,1,0
Cedric Gray,2025,1,0
Kool-Aid McKinstry,2025,1,0
Tyler Nubin,2025,1,0
Dadrion Taylor-Demerson,2025,1,0
Javon Bullard,2025,1,0
Troy Franklin,2025,1,8.4
Cole Bishop,2025,1,0
Ray Davis,2025,1,1.0999999999999999
Javon Solomon,2025,1,0
Malik Washington,2025,1,4.9
T'Vondre Sweat,2025,1,0
Quinyon Mitchell,2025,1,0
Adonai Mitchell,2025,1,4.1
Brian Thomas Jr.,2025,1,9
Xavier Worthy,2025,1,0
Mike Sainristil,2025,1,0
Marshawn Kneeland,2025,1,0
Keon Coleman,2025,1,25.200000000000003
Terrion Arnold,2025,1,0
Graham Barton,2025,1,0
Jer'Zhan Newton,2025,1,0
Kris Jenkins,2025,1,0
Jayden Daniels,2025,1,20.12
Chop Robinson,2025,1,0
Ladd McConkey,2025,1,13.4
Ricky Pearsall,2025,1,14.8
Michael Penix Jr.,2025,1,23.02
Caleb Williams,2025,1,24.200000000000003
Rome Odunze,2025,1,15.7
Trey Benson,2025,1,8.5
J.J. McCarthy,2025,1,23.22
Dallas Turner,2025,1,0
Amarius Mims,2025,1,0
Savion Williams,2025,1,1.1
Jay Toia,2025,1,0
Nazir Stackhouse,2025,1,0
Teddye Buchanan,2025,1,0
Tyler Loop,2025,1,12
LaJohntay Wester,2025,1,0
Aeneas Peebles,2025,1,0
Brashard Smith,2025,1,0
Josh Simmons,2025,1,0
Cooper McDonald,2025,1,0
Ashton Jeanty,2025,1,12
Tetairoa McMillan,2025,1,11.8
Colston Loveland,2025,1,3.2
Kenneth Grant,2025,1,0
Tyler Warren,2025,1,14.9
Emeka Egbuka,2025,1,23.6
Jayden Higgins,2025,1,5.2
Kyle Williams,2025,1,2.2
Princely Umanmielen,2025,1,0
Jordan Burch,2025,1,0
Jaylin Noel,2025,1,1.7000000000000002
Kaleb Johnson,2025,1,-0.2
Jacob Parrish,2025,1,0
Jared Wilson,2025,1,0
Xavier Watts,2025,1,0
Jaylin Smith,2025,1,0
Upton Stout,2025,1,0
Tai Felton,2025,1,0
Danny Stutsman,2025,1,0
Billy Bowman Jr.,2025,1,0
Barrett Carter,2025,1,0
Lathan Ransom,2025,1,0
Jack Sawyer,2025,1,0
Dylan Sampson,2025,1,17.3
Jaylin Lane,2025,1,2.1
Malachi Moore,2025,1,0
Ruben Hyppolite II,2025,1,0
Elic Ayomanor,2025,1,3.3
Joshua Farmer,2025,1,0
Tyrion Ingram-Dawkins,2025,1,0
Jordan Phillips,2025,1,0
Jason Marshall Jr.,2025,1,0
DJ Giddens,2025,1,4.1000000000000005
Dante Trader Jr.,2025,1,0
KeAndre Lambert-Smith,2025,1,0
Marques Sigle,2025,1,0
Francisco Mauigoa,2025,1,0
Yahya Black,2025,1,0
Jackson Hawes,2025,1,3.9000000000000004
Dorian Strong,2025,1,0
Ollie Gordon,2025,1,1.2999999999999998
Andy Borregales,2025,1,7
Devin Neal,2025,1,0.9
Tahj Brooks,2025,1,0
Rayuan Lane III,2025,1,0
Jeremy Crawshaw,2025,1,0
Carson Bruener,2025,1,0
Kyle Monangai,2025,1,2.1
Tez Johnson,2025,1,0
LeQuint Allen Jr.,2025,1,2.1
Jacory Croskey-Merritt,2025,1,14.200000000000001
Adin Huntington,2025,1,0
Donovan McMillon,2025,1,0
Ryan Fitzgerald,2025,1,5
Corey Thornton,2025,1,0
William Wagner,2025,1,0
John Bullock,2025,1,0
Raheim Sanders,2025,1,6.3
Ulysses Bentley IV,2025,1,0
Chaz Chambliss,2025,1,0
Dorian Mausi,2025,1,0
Myles Price,2025,1,0
Elijah Ponder,2025,1,0
Jalon Walker,2025,1,0
James Pearce Jr.,2025,1,0
Carson Schwesinger,2025,1,0
Josaiah Stewart,2025,1,0
Dont'e Thornton,2025,1,6.5
Arian Smith,2025,1,0
Woody Marks,2025,1,0.30000000000000004
Gunnar Helm,2025,1,2.6
Shaun Dolac,2025,1,0
Keyon Martin,2025,1,0
Ashton Gillotte,2025,1,0
Trevor Etienne,2025,1,0.4
Cody Simon,2025,1,0
Tory Horton,2025,1,0
Kai Kroeger,2025,1,0
Mykel Williams,2025,1,0
Harold Fannin,2025,1,13.600000000000001
Omarion Hampton,2025,1,8.100000000000001
Matthew Golden,2025,1,3.6
Isaac TeSlaa,2025,1,8.3
Nohl Williams,2025,1,0
Tyleik Williams,2025,1,0
Jalen Milroe,2025,1,0.1
Cameron Ward,2025,1,2.4800000000000004
Abdul Carter,2025,1,0
Mason Graham,2025,1,0
Josh Conerly Jr.,2025,1,0
Malaki Starks,2025,1,0
Will Campbell,2025,1,0
Chimere Dike,2025,1,0.9
Jihaad Campbell,2025,1,0
Cam Skattebo,2025,1,2.9000000000000004
Craig Woodson,2025,1,0
Travis Hunter,2025,1,9.3
Bhayshul Tuten,2025,1,1.1
Jahdae Barron,2025,1,0
Alfred Collins,2025,1,0
Mike Green,2025,1,0
Donovan Ezeiruaku,2025,1,0
Tre Harris,2025,1,2.1
Jack Bech,2025,1,3.3000000000000003
RJ Harvey,2025,1,7.9
Trey Amos,2025,1,0
Nick Emmanwori,2025,1,0
TreVeyon Henderson,2025,1,11.1
Luther Burden,2025,1,0.7
Mason Taylor,2025,1,3
Demetrius Knight Jr.,2025,1,0
Elijah Arroyo,2025,1,1.7000000000000002
Jonah Savaiinaea,2025,1,0
Andrew Mukuba,2025,1,0
Will Johnson,2025,1,0
Oluwafemi Oladejo,2025,1,0
Isaiah Bond,2025,1,1.5
NA,2025,1,0
Aaron Rodgers,2025,2,12.420000000000002
Matt Prater,2025,2,14
Nick Folk,2025,2,6
Joe Flacco,2025,2,9.760000000000002
Calais Campbell,2025,2,0
Matthew Stafford,2025,2,18.32
Graham Gano,2025,2,13
Thomas Morstead,2025,2,0
Von Miller,2025,2,0
Cameron Jordan,2025,2,0
Cameron Heyward,2025,2,0
Tyrod Taylor,2025,2,8.34
Johnny Hekker,2025,2,0
Charley Hughlett,2025,2,0
Bobby Wagner,2025,2,0
Russell Wilson,2025,2,30.3
Lavonte David,2025,2,0
Kevin Zeitler,2025,2,0
Demario Davis,2025,2,0
Bryan Anger,2025,2,0
Brandon McManus,2025,2,10
Kyle Juszczyk,2025,2,1.5
Adam Thielen,2025,2,4.6
Zach Ertz,2025,2,18.4
Darius Slay,2025,2,0
John Jenkins,2025,2,0
Sam Martin,2025,2,0
Tress Way,2025,2,0
Keenan Allen,2025,2,17.1
Tony Jefferson,2025,2,0
Travis Kelce,2025,2,10.100000000000001
Lane Johnson,2025,2,0
DeAndre Hopkins,2025,2,14.4
Geno Smith,2025,2,6.2
James Winchester,2025,2,0
Mike Pennel,2025,2,0
Khalil Mack,2025,2,0
DaQuan Jones,2025,2,0
Chris Boswell,2025,2,12
Cairo Santos,2025,2,3
Brandin Cooks,2025,2,4.6
Shelby Harris,2025,2,0
Jake Matthews,2025,2,0
Morgan Moses,2025,2,0
C.J. Goodwin,2025,2,0
Kyle Van Noy,2025,2,0
Davante Adams,2025,2,22.6
Mike Evans,2025,2,10.600000000000001
DeMarcus Lawrence,2025,2,0
Joel Bitonio,2025,2,0
Jason Myers,2025,2,8
Eddie Goldman,2025,2,0
Danielle Hunter,2025,2,0
Za'Darius Smith,2025,2,0
Grady Jarrett,2025,2,0
Stefon Diggs,2025,2,7.2
Quandre Diggs,2025,2,0
DeAndre Carter,2025,2,0
Alex Singleton,2025,2,0
Leonard Williams,2025,2,0
Dante Fowler Jr.,2025,2,0
Bradley Pinion,2025,2,0
Bud Dupree,2025,2,0
Arik Armstead,2025,2,0
Tyler Lockett,2025,2,2.9
DeForest Buckner,2025,2,0
Laremy Tunsil,2025,2,0
Sterling Shepard,2025,2,7.4
Jarran Reed,2025,2,0
Deion Jones,2025,2,0
Austin Hooper,2025,2,6.800000000000001
Miles Killebrew,2025,2,0
Matthew Judon,2025,2,0
Elandon Roberts,2025,2,0
Kalif Raymond,2025,2,3.3
Wil Lutz,2025,2,3
Jonathan Jones,2025,2,0
Roy Robertson-Harris,2025,2,0
Ka'imi Fairbairn,2025,2,9
Sheldon Rankins,2025,2,0
Chris Jones,2025,2,0
Austin Johnson,2025,2,0
Derrick Henry,2025,2,1.3000000000000003
A'Shawn Robinson,2025,2,0
Riley Dixon,2025,2,0
Eric Murray,2025,2,0
Tyreek Hill,2025,2,16.9
Jihad Ward,2025,2,0
Xavien Howard,2025,2,0
David Onyemata,2025,2,0
Jalen Ramsey,2025,2,0
Andrew Billings,2025,2,0
Leonard Floyd,2025,2,0
Dak Prescott,2025,2,22.139999999999997
Hunter Henry,2025,2,1.9
Jared Goff,2025,2,33.96
Javon Hargrave,2025,2,0
Tyler Higbee,2025,2,7.7
Jacoby Brissett,2025,2,0.2
Kenny Clark,2025,2,0
Maliek Collins,2025,2,0
Kevin Byard,2025,2,0
Joey Bosa,2025,2,0
Mo Alie-Cox,2025,2,1.8
Christian McCaffrey,2025,2,22.7
Marlon Humphrey,2025,2,0
Taylor Moton,2025,2,0
Aaron Jones,2025,2,2.3000000000000003
Chuck Clark,2025,2,0
D.J. Jones,2025,2,0
Harrison Butker,2025,2,6
Kendrick Bourne,2025,2,6.2
Eric Wilson,2025,2,0
Tim Patrick,2025,2,0
Adam Butler,2025,2,0
Kenny Moore II,2025,2,0
Jonathan Allen,2025,2,0
Samaje Perine,2025,2,0
Dalvin Tomlinson,2025,2,0
Zach Cunningham,2025,2,0
Chidobe Awuzie,2025,2,0
Rasul Douglas,2025,2,0
James Conner,2025,2,12.200000000000001
Mack Hollins,2025,2,7.8
Matt Milano,2025,2,0
Eric Saubert,2025,2,0
Xavier Woods,2025,2,0
Noah Brown,2025,2,1.9
Pat O'Connor,2025,2,0
Cooper Rush,2025,2,-0.4
Elijah Wilkinson,2025,2,0
Austin Ekeler,2025,2,4.4
Cameron Johnston,2025,2,0
Ahkello Witherspoon,2025,2,0
Jake Elliott,2025,2,12
Dare Ogunbowale,2025,2,0
JuJu Smith-Schuster,2025,2,1.5
Jonnu Smith,2025,2,6.7
Davon Godchaux,2025,2,0
Myles Garrett,2025,2,0
Mitchell Trubisky,2025,2,0.98
Solomon Thomas,2025,2,0
Jamal Adams,2025,2,0
Patrick Mahomes,2025,2,23.080000000000002
Marshon Lattimore,2025,2,0
Haason Reddick,2025,2,0
Derek Barnett,2025,2,0
Malik Hooker,2025,2,0
Adoree' Jackson,2025,2,0
Evan Engram,2025,2,2.2
Tre'Davious White,2025,2,0
David Njoku,2025,2,8
T.J. Watt,2025,2,0
Budda Baker,2025,2,0
Tanoh Kpassagnon,2025,2,0
Alvin Kamara,2025,2,16
Cooper Kupp,2025,2,16
Alex Anzalone,2025,2,0
Kareem Hunt,2025,2,3.4000000000000004
Jourdan Lewis,2025,2,0
Trey Hendrickson,2025,2,0
Rayshawn Jenkins,2025,2,0
Samson Ebukam,2025,2,0
Deatrich Wise,2025,2,0
Grover Stewart,2025,2,0
Al-Quadin Muhammad,2025,2,0
Chris Lammons,2025,2,0
Brian O'Neill,2025,2,0
Will Dissly,2025,2,1.7000000000000002
Michael Dickson,2025,2,0
Daniel Carlson,2025,2,12
J.K. Scott,2025,2,0
Jacob Martin,2025,2,0
Eddy Pineiro,2025,2,9
Darious Williams,2025,2,0
Poona Ford,2025,2,0
Elijah Campbell,2025,2,0
Daniel Ekuale,2025,2,0
Marquez Valdes-Scantling,2025,2,0
Foley Fatukasi,2025,2,0
Tremon Smith,2025,2,0
Zach Sieler,2025,2,0
Frankie Luvu,2025,2,0
Daron Payne,2025,2,0
Marcus Davenport,2025,2,0
Courtland Sutton,2025,2,1.6
Uchenna Nwosu,2025,2,0
M.J. Stewart,2025,2,0
Donte Jackson,2025,2,0
Isaiah Oliver,2025,2,0
Tyquan Lewis,2025,2,0
Justin Reid,2025,2,0
Ian Thomas,2025,2,0
Da'Shawn Hand,2025,2,0
Dorance Armstrong,2025,2,0
Avonte Maddox,2025,2,0
Josh Sweat,2025,2,0
Dalton Schultz,2025,2,5.9
D.J. Reed,2025,2,0
Justin Watson,2025,2,1.3
Siran Neal,2025,2,0
Tim Settle,2025,2,0
Ray-Ray McCloud,2025,2,0
Foye Oluokun,2025,2,0
Zaire Franklin,2025,2,0
Logan Cooke,2025,2,0
Jeremy Reaves,2025,2,0
Jonathan Owens,2025,2,0
Trent Sherfield,2025,2,1.3
Tavierre Thomas,2025,2,0
Evan Brown,2025,2,0
Mike Ford,2025,2,0
Tremaine Edmunds,2025,2,0
Jessie Bates,2025,2,0
Robert Spillane,2025,2,0
Corey Bojorquez,2025,2,0
Mark Andrews,2025,2,1.4
Oren Burks,2025,2,0
Nathan Shepherd,2025,2,0
Mason Rudolph,2025,2,0.48
Vita Vea,2025,2,0
Carlton Davis III,2025,2,0
Isaac Yiadom,2025,2,0
Harrison Phillips,2025,2,0
Chris Board,2025,2,0
Minkah Fitzpatrick,2025,2,0
Derwin James,2025,2,0
Nick Chubb,2025,2,15.200000000000001
Lamar Jackson,2025,2,26.3
Jerome Baker,2025,2,0
B.J. Hill,2025,2,0
Josh Woods,2025,2,0
Sebastian Joseph-Day,2025,2,0
Fred Warner,2025,2,0
Derrick Nnadi,2025,2,0
Arden Key,2025,2,0
D.J. Moore,2025,2,9.600000000000001
Harold Landry III,2025,2,0
Mike Gesicki,2025,2,4.8
Bradley Chubb,2025,2,0
Calvin Ridley,2025,2,8.7
Mike Hughes,2025,2,0
Saquon Barkley,2025,2,17.400000000000002
Baker Mayfield,2025,2,18.900000000000002
Denzel Ward,2025,2,0
Josh Allen,2025,2,11.82
Sam Darnold,2025,2,17.8
Roquan Smith,2025,2,0
Jakobi Meyers,2025,2,12.8
Rashan Gary,2025,2,0
Darnell Savage,2025,2,0
Maxx Crosby,2025,2,0
Julian Love,2025,2,0
Justice Hill,2025,2,5.5
Hunter Renfrow,2025,2,23.8
E.J. Speed,2025,2,0
Ashton Dulin,2025,2,0
Jamie Gillan,2025,2,0
Jake Browning,2025,2,20.740000000000002
Patrick Mekari,2025,2,0
Alec Ingold,2025,2,3.3
Keisean Nixon,2025,2,0
Mack Wilson,2025,2,0
Nick Allegretti,2025,2,0
Jack Fox,2025,2,0
Azeez Al-Shaair,2025,2,0
AJ Cole,2025,2,0
Joey Slye,2025,2,17
Olamide Zaccheaus,2025,2,4.1
P.J. Locke,2025,2,0
Kyler Murray,2025,2,15
T.J. Hockenson,2025,2,2.2
Tytus Howard,2025,2,0
Byron Murphy,2025,2,0
Jawaan Taylor,2025,2,0
Erik McCoy,2025,2,0
Miles Sanders,2025,2,9.9
Zach Allen,2025,2,0
Devin Singletary,2025,2,0.9999999999999999
C.J. Gardner-Johnson,2025,2,0
Anthony Nelson,2025,2,0
Hjalte Froholdt,2025,2,0
Tony Pollard,2025,2,9.200000000000001
Drue Tranquill,2025,2,0
Matt Gay,2025,2,4
Mike Jackson,2025,2,0
Charles Omenihu,2025,2,0
Jake Bailey,2025,2,0
Cole Holcomb,2025,2,0
Donovan Wilson,2025,2,0
Kaden Elliss,2025,2,0
Tyrel Dodson,2025,2,0
Blake Hance,2025,2,0
Cam Lewis,2025,2,0
Chase McLaughlin,2025,2,1
Andrew Wingard,2025,2,0
T.J. Edwards,2025,2,0
Carl Granderson,2025,2,0
Shy Tuttle,2025,2,0
Luke Gifford,2025,2,0
Greg Dortch,2025,2,2.1
Devin Bush,2025,2,0
Darius Slayton,2025,2,8.100000000000001
Ty Johnson,2025,2,0.6000000000000001
Craig Reynolds,2025,2,0.4
Garrett Bradbury,2025,2,0
Troy Reeder,2025,2,0
Juan Thornhill,2025,2,0
Jonah Williams,2025,2,0
Drew Sample,2025,2,1.7000000000000002
Amani Hooker,2025,2,0
Rock Ya-Sin,2025,2,0
DK Metcalf,2025,2,11
Josh Hines-Allen,2025,2,0
Jeffery Simmons,2025,2,0
Noah Fant,2025,2,5.800000000000001
Gunner Olszewski,2025,2,0
Montez Sweat,2025,2,0
Will Harris,2025,2,0
Terry McLaurin,2025,2,9.8
Hollywood Brown,2025,2,8
Taylor Rapp,2025,2,0
Greg Gaines,2025,2,0
Nick Scott,2025,2,0
Cody Barton,2025,2,0
Jerry Tillery,2025,2,0
A.J. Brown,2025,2,7.7
Dre'Mont Jones,2025,2,0
Quincy Williams,2025,2,0
Dexter Lawrence,2025,2,0
David Montgomery,2025,2,13.1
Bobby Okereke,2025,2,0
Trey Pipkins,2025,2,0
Dawson Knox,2025,2,3.9000000000000004
Germaine Pratt,2025,2,0
Jamel Dean,2025,2,0
Josh Jacobs,2025,2,14.4
Dalton Risner,2025,2,0
Jalen Thompson,2025,2,0
Devin White,2025,2,0
Daniel Jones,2025,2,22.84
Brian Burns,2025,2,0
Nick Bosa,2025,2,0
Quinnen Williams,2025,2,0
Deebo Samuel Sr.,2025,2,17.4
Jakob Johnson,2025,2,0
Corliss Waitman,2025,2,0
Chris Williams,2025,2,0
Blake Gillikin,2025,2,0
Tommy Townsend,2025,2,0
Joe Bachie,2025,2,0
Christian Rozeboom,2025,2,0
Sam Franklin Jr.,2025,2,0
Juwan Johnson,2025,2,15.9
Khalil Dorsey,2025,2,0
Nnamdi Madubuike,2025,2,0
Rico Dowdle,2025,2,2.9
Bryce Huff,2025,2,0
J.K. Dobbins,2025,2,15.500000000000002
Joshua Uche,2025,2,0
Aaron Brewer,2025,2,0
Teair Tart,2025,2,0
Nick Westbrook-Ikhine,2025,2,3.8
Reggie Gilliam,2025,2,0
A.J. Epenesa,2025,2,0
Anfernee Jennings,2025,2,0
Charlie Heck,2025,2,0
Geno Stone,2025,2,0
Tua Tagovailoa,2025,2,19.6
Derrick Brown,2025,2,0
Brandon Jones,2025,2,0
Isaiah Rodgers,2025,2,0
Jonathan Taylor,2025,2,29.5
Jonathan Greenard,2025,2,0
Kyle Dugger,2025,2,0
Harrison Bryant,2025,2,0
Larrell Murchison,2025,2,0
Michael Pittman Jr.,2025,2,8
Jonah Jackson,2025,2,0
Jauan Jennings,2025,2,19.9
Javon Kinlaw,2025,2,0
DaVon Hamilton,2025,2,0
Jordan Love,2025,2,20.88
A.J. Dillon,2025,2,1.9000000000000001
Jordan Elliott,2025,2,0
D'Andre Swift,2025,2,13.9
Grant Delpit,2025,2,0
A.J. Terrell,2025,2,0
K'Lavon Chaisson,2025,2,0
Yetur Gross-Matos,2025,2,0
Cole Kmet,2025,2,4.9
Jaylon Johnson,2025,2,0
Jeremy Chinn,2025,2,0
Logan Wilson,2025,2,0
Akeem Davis-Gaither,2025,2,0
Jaylinn Hawkins,2025,2,0
Daniel Thomas,2025,2,0
Darnell Mooney,2025,2,4
Braden Mann,2025,2,0
Justin Jefferson,2025,2,11.1
Patrick Queen,2025,2,0
Robert Hunt,2025,2,0
Antonio Gibson,2025,2,9.8
Devin Duvernay,2025,2,0
Josiah Deguara,2025,2,0
Alex Highsmith,2025,2,0
D.J. Wonnum,2025,2,0
James Lynch,2025,2,0
Troy Dye,2025,2,0
Josh Metellus,2025,2,0
Kam Curl,2025,2,0
Justin Herbert,2025,2,17.78
CeeDee Lamb,2025,2,20.200000000000003
Trevon Diggs,2025,2,0
Willie Gay Jr.,2025,2,0
Leki Fotu,2025,2,0
L'Jarius Sneed,2025,2,0
Amik Robertson,2025,2,0
Alohi Gilman,2025,2,0
Xavier McKinney,2025,2,0
Jalen Hurts,2025,2,10.54
Jerry Jeudy,2025,2,9.100000000000001
Cesar Ruiz,2025,2,0
Jordyn Brooks,2025,2,0
Tee Higgins,2025,2,14.600000000000001
Antoine Winfield Jr.,2025,2,0
Van Jefferson,2025,2,3
Zack Baun,2025,2,0
Adam Trautman,2025,2,10
Tyler Johnson,2025,2,0
Justin Strnad,2025,2,0
"Kenneth Murray, Jr.",2025,2,0
Joe Burrow,2025,2,7.04
Kwity Paye,2025,2,0
Dayo Odeyingbo,2025,2,0
Will Fries,2025,2,0
Jamien Sherwood,2025,2,0
Michael Carter II,2025,2,0
Jason Pinnock,2025,2,0
Rashod Bateman,2025,2,3.5
Nico Collins,2025,2,14.2
Chuba Hubbard,2025,2,18.700000000000003
Deommodore Lenoir,2025,2,0
Talanoa Hufanga,2025,2,0
Nick McCloud,2025,2,0
Quintin Morris,2025,2,0
Jordan Meredith,2025,2,0
Jaylen Waddle,2025,2,17.8
Dee Eskridge,2025,2,1.8
Nick Bolton,2025,2,0
Benjamin St-Juste,2025,2,0
Dyami Brown,2025,2,17.6
Camryn Bynum,2025,2,0
Tylan Wallace,2025,2,10.5
Noah Gray,2025,2,1.1
Tedarrell Slaton,2025,2,0
K.J. Britt,2025,2,0
Cameron McGrone,2025,2,0
Nick Niemann,2025,2,0
Isaiah McDuffie,2025,2,0
Grant Stuard,2025,2,0
Devon Key,2025,2,0
Naquan Jones,2025,2,0
Brock Wright,2025,2,11.8
Christian Elliss,2025,2,0
Riley Patterson,2025,2,11
Garret Wallow,2025,2,0
Tutu Atwell,2025,2,0
Evan McPherson,2025,2,7
Ben Skowronek,2025,2,0
James Hudson,2025,2,0
Chris Rumph II,2025,2,0
Nate Hobbs,2025,2,0
Pat Surtain II,2025,2,0
Rhamondre Stevenson,2025,2,21.200000000000003
Kylen Granson,2025,2,1.5
Luke Farrell,2025,2,9.5
Damar Hamlin,2025,2,0
Najee Harris,2025,2,6.800000000000001
Pat Freiermuth,2025,2,6.1
Ja'Marr Chase,2025,2,36.5
Eric Stokes,2025,2,0
Joseph Ossai,2025,2,0
Bobby Brown III,2025,2,0
Robert Rochell,2025,2,0
DeVonta Smith,2025,2,9.3
Greg Rousseau,2025,2,0
Milton Williams,2025,2,0
Kenneth Gainwell,2025,2,6.6
Pete Werner,2025,2,0
Micah Parsons,2025,2,0
Zaven Collins,2025,2,0
Jaelan Phillips,2025,2,0
Paulson Adebo,2025,2,0
Odafe Oweh,2025,2,0
Andre Cisco,2025,2,0
Osa Odighizuwa,2025,2,0
Mitchell Fraboni,2025,2,0
Jaycee Horn,2025,2,0
Justin Fields,2025,2,2.9800000000000004
Jonathon Cooper,2025,2,0
Drew Dalman,2025,2,0
Tre'von Moehrig,2025,2,0
Amon-Ra St. Brown,2025,2,39.2
Derrick Barnes,2025,2,0
Kyle Pitts,2025,2,7.7
Trevor Lawrence,2025,2,20.24
Mac Jones,2025,2,20.76
Travis Etienne,2025,2,16.900000000000002
Tyson Campbell,2025,2,0
Spencer Brown,2025,2,0
Elijah Moore,2025,2,10.7
Christian Barmore,2025,2,0
Chauncey Golston,2025,2,0
Nahshon Wright,2025,2,0
Brandon Stephens,2025,2,0
Joshua Palmer,2025,2,6.7
Malcolm Koonce,2025,2,0
Divine Deablo,2025,2,0
Ifeatu Melifonwu,2025,2,0
Ernest Jones,2025,2,0
Baron Browning,2025,2,0
Greg Newsome II,2025,2,0
Javonte Williams,2025,2,25.000000000000004
Jevon Holland,2025,2,0
Monty Rice,2025,2,0
Landon Dickerson,2025,2,0
Chazz Surratt,2025,2,0
Tommy Tremble,2025,2,5
Patrick Jones II,2025,2,0
Dee Alford,2025,2,0
Elijah Garcia,2025,2,0
Jordan Davis,2025,2,0
Quay Walker,2025,2,0
Devonte Wyatt,2025,2,0
Sean Rhyan,2025,2,0
Riq Woolen,2025,2,0
Braxton Jones,2025,2,0
Dominique Robinson,2025,2,0
Kingsley Enagbare,2025,2,0
Tyler Badie,2025,2,4.2
Grant Calcaterra,2025,2,1.6
Dareke Young,2025,2,0
Jaylon Jones,2025,2,0
Jack Sanborn,2025,2,0
Jake Tonges,2025,2,7.1
Josh Blackwell,2025,2,0
Reed Blankenship,2025,2,0
Josh Jobe,2025,2,0
Tony Adams,2025,2,0
Bam Knight,2025,2,0
Sauce Gardner,2025,2,0
Trent McDuffie,2025,2,0
George Karlaftis,2025,2,0
Bryan Cook,2025,2,0
Jaylen Watson,2025,2,0
Isiah Pacheco,2025,2,3.9000000000000004
Brenden Schooler,2025,2,0
Cameron Dicker,2025,2,8
Jaylen Warren,2025,2,17.4
Travon Walker,2025,2,0
Aidan Hutchinson,2025,2,0
Derek Stingley Jr.,2025,2,0
Drake London,2025,2,5.9
Chris Olave,2025,2,11.4
Jameson Williams,2025,2,18.8
Kaiir Elam,2025,2,0
Devin Lloyd,2025,2,0
Jalen Pitre,2025,2,0
George Pickens,2025,2,17.8
James Cook,2025,2,25.500000000000004
Nik Bonitto,2025,2,0
Alex Wright,2025,2,0
Marcus Jones,2025,2,0
Terrel Bernard,2025,2,0
Dylan Parham,2025,2,0
Rachaad White,2025,2,14.6
Khalil Shakir,2025,2,2.2
Thomas Booker,2025,2,0
Tyler Allgeier,2025,2,15.000000000000002
Jerome Ford,2025,2,10.4
Zyon McCollum,2025,2,0
Matthew Butler,2025,2,0
Damone Clark,2025,2,0
Matt Araiza,2025,2,0
Christian Benford,2025,2,0
Jalen Nailor,2025,2,6.1
Drew Ogletree,2025,2,0
Jordan Jackson,2025,2,0
Theo Jackson,2025,2,0
Connor Heyward,2025,2,1.6
John FitzPatrick,2025,2,0
James Houston,2025,2,0
Cameron Goode,2025,2,0
Mark Robinson,2025,2,0
Chase Lucas,2025,2,0
Rodney Thomas,2025,2,0
D'Anthony Bell,2025,2,0
Zaire Mitchell-Paden,2025,2,0
Ja'Quan McMillian,2025,2,0
Jake Hansen,2025,2,0
Mike Brown,2025,2,0
Ryan Wright,2025,2,0
Isaiah Pola-Mao,2025,2,0
Jordan Mason,2025,2,5.8
Marcelino McCrary-Ball,2025,2,0
Segun Olubi,2025,2,0
John Parker Romo,2025,2,18
Rashid Shaheed,2025,2,15.2
Daniel Whelan,2025,2,0
Darrell Baker Jr.,2025,2,0
Markquese Bell,2025,2,0
Juanyeh Thomas,2025,2,0
Nate Landman,2025,2,0
Jack Gibbens,2025,2,0
Sam Okuayinonu,2025,2,0
Kayvon Thibodeaux,2025,2,0
John Metchie III,2025,2,1
Nick Cross,2025,2,0
Hassan Haskins,2025,2,0
Jacob Hummel,2025,2,0
Ja'Marcus Ingram,2025,2,0
Jermaine Johnson II,2025,2,0
Alec Pierce,2025,2,10.8
Sam Williams,2025,2,0
Jalen Tolbert,2025,2,3.6
Kerby Joseph,2025,2,0
Brandon Aubrey,2025,2,22
Garrett Wilson,2025,2,8
Jahan Dotson,2025,2,1.4
Daxton Hill,2025,2,0
Trey McBride,2025,2,13.8
Brian Robinson Jr.,2025,2,2.9
Tycen Anderson,2025,2,0
Cam Taylor-Britt,2025,2,0
Travis Jones,2025,2,0
Bernhard Raimann,2025,2,0
Cordale Flott,2025,2,0
Dondrea Tillman,2025,2,0
KaVontae Turpin,2025,2,15.3
Jeremy Ruckert,2025,2,7.5
DeAngelo Malone,2025,2,0
Chigoziem Okonkwo,2025,2,7.5
Chad Muma,2025,2,0
Cameron Thomas,2025,2,0
Romeo Doubs,2025,2,11.8
Leo Chenal,2025,2,0
Christian Harris,2025,2,0
Kalia Davis,2025,2,0
Calvin Austin III,2025,2,3.2
Cobie Durant,2025,2,0
Kyren Williams,2025,2,10.000000000000002
Quentin Lake,2025,2,0
Derion Kendrick,2025,2,0
Kyle Hamilton,2025,2,0
Jack Jones,2025,2,0
Zamir White,2025,2,3.3
Jake Ferguson,2025,2,16.8
Skyy Moore,2025,2,0
Jordan Stout,2025,2,0
Percy Butler,2025,2,0
Tyquan Thornton,2025,2,13.9
Eyioma Uwazurike,2025,2,0
Micheal Clemons,2025,2,0
Cam Jurgens,2025,2,0
Daniel Bellinger,2025,2,0
Arnold Ebiketie,2025,2,0
Wan'Dale Robinson,2025,2,28.200000000000003
Breece Hall,2025,2,5.800000000000001
Alontae Taylor,2025,2,0
Dane Belton,2025,2,0
Roger McCreary,2025,2,0
Logan Hall,2025,2,0
Cade Otton,2025,2,5.5
Boye Mafe,2025,2,0
Kenneth Walker III,2025,2,18.8
Jaquan Brisker,2025,2,0
Coby Bryant,2025,2,0
Xavier Smith,2025,2,0
Kyu Blu Kelly,2025,2,0
Jalen Carter,2025,2,0
Colby Wooden,2025,2,0
Noah Sewell,2025,2,0
Daniel Scott,2025,2,0
Dontayvion Wicks,2025,2,8.4
Karl Brooks,2025,2,0
Carrington Valentine,2025,2,0
Moro Ojomo,2025,2,0
Tyson Bagent,2025,2,0.7800000000000002
Andre Szmyt,2025,2,5
Malik Heath,2025,2,4.7
Brady Russell,2025,2,0
Trenton Simpson,2025,2,0
Tavius Robinson,2025,2,0
Cam Jones,2025,2,0
Nikko Remigio,2025,2,3.1
Chandler Zavala,2025,2,0
Paris Johnson Jr.,2025,2,0
Tyree Wilson,2025,2,0
Bijan Robinson,2025,2,19.8
Jaxon Smith-Njigba,2025,2,18.3
Quentin Johnston,2025,2,15.9
Luke Schoonmaker,2025,2,0
DJ Turner II,2025,2,0
Kendre Miller,2025,2,2
Riley Moss,2025,2,0
Daiyan Henley,2025,2,0
Ji'Ayir Brown,2025,2,0
Dorian Williams,2025,2,0
Darnell Washington,2025,2,0
Michael Wilson,2025,2,8.1
Jordan Battle,2025,2,0
Tre Tucker,2025,2,4.9
Mekhi Blackmon,2025,2,0
Chad Ryland,2025,2,10
Ventrell Miller,2025,2,0
Derius Davis,2025,2,0
Isaiah McGuire,2025,2,0
Charlie Jones,2025,2,0
Nick Herbig,2025,2,0
Jay Ward,2025,2,0
Yasir Abdullah,2025,2,0
Cameron Mitchell,2025,2,0
Mike Morris,2025,2,0
Darrell Luter Jr.,2025,2,0
Antonio Johnson,2025,2,0
Chase Brown,2025,2,8.5
Henry To'oTo'o,2025,2,0
Owen Pappoe,2025,2,0
Chris Smith II,2025,2,0
JL Skinner,2025,2,0
Parker Washington,2025,2,12.600000000000001
Kayshon Boutte,2025,2,8.6
Bryce Baringer,2025,2,0
Xavier Hutchinson,2025,2,4.9
Andrei Iosivas,2025,2,2.2
DeMario Douglas,2025,2,1.8
Dante Stills,2025,2,0
Dee Winters,2025,2,0
DeMarcco Hellams,2025,2,0
Brayden Willis,2025,2,0
Alex Austin,2025,2,0
Cory Durden,2025,2,0
Jordan Mims,2025,2,0
Tyrell Shavers,2025,2,0
Chris Brooks,2025,2,5.7
Mohamoud Diabate,2025,2,0
Ronnie Hickman Jr.,2025,2,0
Hunter Luepke,2025,2,0
Ty Okada,2025,2,0
Jalen Redmond,2025,2,0
Art Green,2025,2,0
Thomas Incoom,2025,2,0
PJ Mustipher,2025,2,0
Emanuel Wilson,2025,2,0
Ivan Pace Jr.,2025,2,0
Christian Izien,2025,2,0
Kaevon Merriweather,2025,2,0
Ryan Miller,2025,2,9
Mitchell Tinsley,2025,2,8.3
Brycen Tremayne,2025,2,7.800000000000001
Caleb Murphy,2025,2,0
John Ojukwu,2025,2,0
Shaka Heyward,2025,2,0
Jacob Saylors,2025,2,0
Blake Grupe,2025,2,2
Darnell Wright,2025,2,0
Dalton Kincaid,2025,2,7.7
Brenton Strange,2025,2,4.7
Sean Tucker,2025,2,0
Natrone Brooks,2025,2,0
Marvin Mims Jr.,2025,2,10.4
Byron Young,2025,2,0
Cedric Tillman,2025,2,10.2
Zach Harrison,2025,2,0
Chamarri Conner,2025,2,0
Kei'Trel Clark,2025,2,0
Bryan Bresee,2025,2,0
Tucker Kraft,2025,2,24.4
Josh Downs,2025,2,11.100000000000001
Deonte Banks,2025,2,0
Sydney Brown,2025,2,0
Garrett Williams,2025,2,0
Dylan Horton,2025,2,0
Nolan Smith,2025,2,0
Dawand Jones,2025,2,0
Jack Campbell,2025,2,0
Roschon Johnson,2025,2,0
Adetomiwa Adebawore,2025,2,0
De'Von Achane,2025,2,26.200000000000003
Elijah Higgins,2025,2,6.5
Derick Hall,2025,2,0
SirVocea Dennis,2025,2,0
Payne Durham,2025,2,0
Josh Hayes,2025,2,0
Marte Mapu,2025,2,0
Ethan Evans,2025,2,0
Calijah Kancey,2025,2,0
Zay Flowers,2025,2,14.9
Sam LaPorta,2025,2,5.6
Michael Mayer,2025,2,2.9
Yaya Diaby,2025,2,0
Gervon Dexter Sr.,2025,2,0
Tyrique Stevenson,2025,2,0
Davis Allen,2025,2,7.8
Puka Nacua,2025,2,27.6
Will Anderson Jr.,2025,2,0
Keeanu Benton,2025,2,0
Tuli Tuipulotu,2025,2,0
Lukas Van Ness,2025,2,0
Byron Young,2025,2,0
Kobie Turner,2025,2,0
Jahmyr Gibbs,2025,2,19.4
Kelee Ringo,2025,2,0
Brian Branch,2025,2,0
Luke Musgrave,2025,2,5.2
Joe Tippmann,2025,2,0
Quan Martin,2025,2,0
Bryce Young,2025,2,22.32
Emmanuel Forbes,2025,2,0
Cody Mauch,2025,2,0
C.J. Stroud,2025,2,14.98
Zach Charbonnet,2025,2,1
Jake Bates,2025,2,9
Nate Wiggins,2025,2,0
T.J. Tampa,2025,2,0
Sanoussi Kane,2025,2,0
Beau Brade,2025,2,0
Braiden McGregor,2025,2,0
Leonard Taylor III,2025,2,0
George Holani,2025,2,6
Byron Murphy II,2025,2,0
Swayze Bozeman,2025,2,0
Ryan Rehkow,2025,2,0
C.J. Ravenell,2025,2,0
Brandon Codrington,2025,2,0
Malik Nabers,2025,2,37.7
Brock Bowers,2025,2,8.8
Taliese Fuaga,2025,2,0
Tyler Guyton,2025,2,0
Xavier Legette,2025,2,0.8
Kamari Lassiter,2025,2,0
Renardo Green,2025,2,0
Trevin Wallace,2025,2,0
Jarrian Jones,2025,2,0
Luke McCaffrey,2025,2,2.9000000000000004
Ja'Tavion Sanders,2025,2,12.4
Decamerion Richardson,2025,2,0
Bucky Irving,2025,2,18.1
Isaac Guerendo,2025,2,0
Tarheeb Still,2025,2,0
Cam Hart,2025,2,0
Kris Abrams-Draine,2025,2,0
Jarvis Brownlee Jr.,2025,2,0
Tommy Eichenberg,2025,2,0
Spencer Rattler,2025,2,20.68
Jamari Thrash,2025,2,1.5
Chau Smith-Wade,2025,2,0
Tyrone Tracy Jr.,2025,2,9.1
Mekhi Wingo,2025,2,0
Zion Logue,2025,2,0
Will Reichard,2025,2,8
Dylan Laube,2025,2,3.7
Cam Little,2025,2,10
Ryan Flournoy,2025,2,0
Javontae Jean-Baptiste,2025,2,0
Myles Harden,2025,2,0
Levi Drake Rodriguez,2025,2,0
Jonah Laulu,2025,2,0
Devaughn Vele,2025,2,7.3
James Williams,2025,2,0
Jowon Briggs,2025,2,0
Tatum Bethune,2025,2,0
Jaylen Harrell,2025,2,0
Isaiah Williams,2025,2,0
Reddy Steward,2025,2,0
Brevyn Spann-Ford,2025,2,1.3
Spencer Shrader,2025,2,18
Kameron Johnson,2025,2,0
Demani Richardson,2025,2,0
Austin McNamara,2025,2,0
Bryce Oliver,2025,2,0
Dell Pettus,2025,2,0
Gabriel Murphy,2025,2,0
Bo Nix,2025,2,21.240000000000002
Ruke Orhorhoro,2025,2,0
Blake Corum,2025,2,10.4
Roman Wilson,2025,2,1.7000000000000002
Jalyx Hunt,2025,2,0
Payton Wilson,2025,2,0
Tory Taylor,2025,2,0
Tyler Davis,2025,2,0
Joshua Karty,2025,2,9
Jordan Whittington,2025,2,6.2
KT Leveston,2025,2,0
Joe Andreessen,2025,2,0
Omar Speights,2025,2,0
Jaylen McCollough,2025,2,0
Qwan'tez Stiggers,2025,2,0
Devontez Walker,2025,2,16.6
AJ Barner,2025,2,10.8
Braelon Allen,2025,2,1.1
Rasheen Ali,2025,2,0
Isaiah Davis,2025,2,1.6
Max Melton,2025,2,0
Isaiah Adams,2025,2,0
Jonah Elliss,2025,2,0
Ty'Ron Hopper,2025,2,0
Evan Williams,2025,2,0
Tyrice Knight,2025,2,0
Anthony Gould,2025,2,0
Kitan Oladapo,2025,2,0
Andru Phillips,2025,2,0
Jaden Hicks,2025,2,0
Jeremiah Trotter Jr.,2025,2,0
Walter Rouse,2025,2,0
Darius Muasau,2025,2,0
Kamal Hadden,2025,2,0
Kamren Kinchens,2025,2,0
Justin Eboigbe,2025,2,0
Brennan Jackson,2025,2,0
Calen Bullock,2025,2,0
Cooper DeJean,2025,2,0
Tykee Smith,2025,2,0
Theo Johnson,2025,2,7.4
Marvin Harrison Jr.,2025,2,4.7
Edgerrin Cooper,2025,2,0
Drake Maye,2025,2,26.300000000000004
Jared Verse,2025,2,0
Darius Robinson,2025,2,0
Cedric Gray,2025,2,0
Brandon Dorlus,2025,2,0
Kool-Aid McKinstry,2025,2,0
Tyler Nubin,2025,2,0
Dadrion Taylor-Demerson,2025,2,0
Javon Bullard,2025,2,0
Troy Franklin,2025,2,24
Cole Bishop,2025,2,0
Ray Davis,2025,2,2.4000000000000004
Javon Solomon,2025,2,0
Malik Washington,2025,2,9.5
Quinyon Mitchell,2025,2,0
Maason Smith,2025,2,0
Adonai Mitchell,2025,2,4
Brian Thomas Jr.,2025,2,8.9
Zach Frazier,2025,2,0
Mike Sainristil,2025,2,0
Patrick Paul,2025,2,0
Marshawn Kneeland,2025,2,0
Keon Coleman,2025,2,5.6
Terrion Arnold,2025,2,0
Jer'Zhan Newton,2025,2,0
Kris Jenkins,2025,2,0
Jayden Daniels,2025,2,19.7
Chop Robinson,2025,2,0
Ben Sinnott,2025,2,1.7000000000000002
Ladd McConkey,2025,2,9.8
Ricky Pearsall,2025,2,9.200000000000001
Michael Penix Jr.,2025,2,5.300000000000001
Caleb Williams,2025,2,17.98
Rome Odunze,2025,2,31.8
Trey Benson,2025,2,8.4
J.J. McCarthy,2025,2,3.8200000000000003
Dallas Turner,2025,2,0
Amarius Mims,2025,2,0
Savion Williams,2025,2,2.4000000000000004
Barryn Sorrell,2025,2,0
Zion Childress,2025,2,0
Teddye Buchanan,2025,2,0
Jeffrey Bassa,2025,2,0
Tyler Loop,2025,2,12
LaJohntay Wester,2025,2,0
Aeneas Peebles,2025,2,0
Brashard Smith,2025,2,0.2
Kevin Knowles,2025,2,0
Josh Simmons,2025,2,0
Ashton Jeanty,2025,2,7.3999999999999995
Tetairoa McMillan,2025,2,16
Colston Loveland,2025,2,0
Kenneth Grant,2025,2,0
Tyler Warren,2025,2,11.9
Emeka Egbuka,2025,2,12.9
Jayden Higgins,2025,2,3.8000000000000003
Azareye'h Thomas,2025,2,0
Pat Bryant,2025,2,3.8
Princely Umanmielen,2025,2,0
Jordan Burch,2025,2,0
Jaylin Noel,2025,2,0
Kaleb Johnson,2025,2,0.1
Jacob Parrish,2025,2,0
Jamaree Caldwell,2025,2,0
Jared Wilson,2025,2,0
Xavier Watts,2025,2,0
Jaylin Smith,2025,2,0
Upton Stout,2025,2,0
Danny Stutsman,2025,2,0
Billy Bowman Jr.,2025,2,0
Lathan Ransom,2025,2,0
Jack Sawyer,2025,2,0
Dylan Sampson,2025,2,10.9
Jaylin Lane,2025,2,1.2
Malachi Moore,2025,2,0
Quincy Riley,2025,2,0
Ruben Hyppolite II,2025,2,0
Elic Ayomanor,2025,2,15.600000000000001
Tyrion Ingram-Dawkins,2025,2,0
Jordan Phillips,2025,2,0
Jason Marshall Jr.,2025,2,0
DJ Giddens,2025,2,0
Dante Trader Jr.,2025,2,0
Elijah Roberts,2025,2,0
KeAndre Lambert-Smith,2025,2,0
Marques Sigle,2025,2,0
Francisco Mauigoa,2025,2,0
Mitchell Evans,2025,2,1.9
Yahya Black,2025,2,0
Jackson Hawes,2025,2,1.5
Denzel Burke,2025,2,0
Dorian Strong,2025,2,0
Ollie Gordon,2025,2,2.3
Andy Borregales,2025,2,7
Marcus Harris,2025,2,0
Tahj Brooks,2025,2,0
Rayuan Lane III,2025,2,0
Jeremy Crawshaw,2025,2,0
Cody Lindenberg,2025,2,0
Kitan Crawford,2025,2,0
Carson Bruener,2025,2,0
Kyle Monangai,2025,2,4.6000000000000005
LeQuint Allen Jr.,2025,2,1.3
Jacory Croskey-Merritt,2025,2,1.7000000000000002
Fadil Diggs,2025,2,0
Adin Huntington,2025,2,0
Ryan Fitzgerald,2025,2,4
Bam Martin-Scott,2025,2,0
Keonta Jenkins,2025,2,0
John Bullock,2025,2,0
Beaux Collins,2025,2,0
Marlowe Wax,2025,2,0
Dorian Mausi,2025,2,0
Myles Price,2025,2,0
Ben Yurosek,2025,2,0
Elijah Ponder,2025,2,0
Jalon Walker,2025,2,0
James Pearce Jr.,2025,2,0
Carson Schwesinger,2025,2,0
Josaiah Stewart,2025,2,0
Dont'e Thornton,2025,2,3
Arian Smith,2025,2,0.8
Woody Marks,2025,2,6.1000000000000005
Gunnar Helm,2025,2,2.9
Ty Hamilton,2025,2,0
Shaun Dolac,2025,2,0
Keyon Martin,2025,2,0
Ashton Gillotte,2025,2,0
Vernon Broughton,2025,2,0
Jonas Sanker,2025,2,0
Trevor Etienne,2025,2,1.2
Tory Horton,2025,2,11.2
Robbie Ouzts,2025,2,0
Kai Kroeger,2025,2,0
Mykel Williams,2025,2,0
Harold Fannin,2025,2,9.8
Omarion Hampton,2025,2,3.5000000000000004
Matthew Golden,2025,2,1.5
Isaac TeSlaa,2025,2,3.9000000000000004
Nohl Williams,2025,2,0
Tyleik Williams,2025,2,0
Cameron Ward,2025,2,9.8
Abdul Carter,2025,2,0
Mason Graham,2025,2,0
Malaki Starks,2025,2,0
Jaxson Dart,2025,2,-0.30000000000000004
Darius Alexander,2025,2,0
Will Campbell,2025,2,0
Dillon Gabriel,2025,2,4.76
Chimere Dike,2025,2,2.8
Jihaad Campbell,2025,2,0
Deone Walker,2025,2,0
Cam Skattebo,2025,2,13.9
Craig Woodson,2025,2,0
Travis Hunter,2025,2,5.2
Bhayshul Tuten,2025,2,15.4
Jahdae Barron,2025,2,0
Alfred Collins,2025,2,0
Mike Green,2025,2,0
T.J. Sanders,2025,2,0
Donovan Ezeiruaku,2025,2,0
Anthony Belton,2025,2,0
Tre Harris,2025,2,5.4
RJ Harvey,2025,2,3.4000000000000004
Trey Amos,2025,2,0
TreVeyon Henderson,2025,2,6
Luther Burden,2025,2,1.5
Mason Taylor,2025,2,1.5
Demetrius Knight Jr.,2025,2,0
Elijah Arroyo,2025,2,5.1
Jonah Savaiinaea,2025,2,0
Nic Scourton,2025,2,0
Benjamin Morrison,2025,2,0
Omarr Norman-Lott,2025,2,0
Andrew Mukuba,2025,2,0
Will Johnson,2025,2,0
Oluwafemi Oladejo,2025,2,0
Shemar Stewart,2025,2,0
Isaiah Bond,2025,2,2.5
Quinshon Judkins,2025,2,10.100000000000001
NA,2025,2,0
Aaron Rodgers,2025,3,12.66
Matt Prater,2025,3,7
Nick Folk,2025,3,10
Joe Flacco,2025,3,4.68
Calais Campbell,2025,3,0
Matthew Stafford,2025,3,14.84
Graham Gano,2025,3,3
Thomas Morstead,2025,3,0
Trent Williams,2025,3,0
Von Miller,2025,3,0
Cameron Jordan,2025,3,0
Cameron Heyward,2025,3,0
Andy Dalton,2025,3,-0.1
Tyrod Taylor,2025,3,17.68
Johnny Hekker,2025,3,0
Bobby Wagner,2025,3,0
Russell Wilson,2025,3,7.1000000000000005
Kelvin Beachum,2025,3,0
Lavonte David,2025,3,0
Kirk Cousins,2025,3,1.16
Harrison Smith,2025,3,0
Demario Davis,2025,3,0
Bryan Anger,2025,3,0
Brandon McManus,2025,3,4
Kyle Juszczyk,2025,3,7.1
Adam Thielen,2025,3,0
Zach Ertz,2025,3,6.800000000000001
Darius Slay,2025,3,0
John Jenkins,2025,3,0
Sam Martin,2025,3,0
Tress Way,2025,3,0
Keenan Allen,2025,3,19.5
Tony Jefferson,2025,3,0
Travis Kelce,2025,3,6.6
DeAndre Hopkins,2025,3,2.3
Geno Smith,2025,3,26.060000000000002
James Winchester,2025,3,0
Cornelius Lucas,2025,3,0
Mike Pennel,2025,3,0
DaQuan Jones,2025,3,0
Chris Boswell,2025,3,3
Brent Urban,2025,3,0
Cairo Santos,2025,3,7
Brandin Cooks,2025,3,5.4
Shelby Harris,2025,3,0
Davante Adams,2025,3,14.600000000000001
Mike Evans,2025,3,13.3
DeMarcus Lawrence,2025,3,0
Chris Manhertz,2025,3,1.7000000000000002
Jason Myers,2025,3,17
Shaq Thompson,2025,3,0
Eddie Goldman,2025,3,0
Danielle Hunter,2025,3,0
Grady Jarrett,2025,3,0
Stefon Diggs,2025,3,5.300000000000001
Neville Hewitt,2025,3,0
DeAndre Carter,2025,3,0
Alex Singleton,2025,3,0
Leonard Williams,2025,3,0
Dante Fowler Jr.,2025,3,0
Bradley Pinion,2025,3,0
Bud Dupree,2025,3,0
Arik Armstead,2025,3,0
Tyler Lockett,2025,3,7.7
Marcus Mariota,2025,3,20.28
DeForest Buckner,2025,3,0
Laremy Tunsil,2025,3,0
Sterling Shepard,2025,3,12
Jarran Reed,2025,3,0
Deion Jones,2025,3,0
Austin Hooper,2025,3,4.800000000000001
Chris Moore,2025,3,4.5
Miles Killebrew,2025,3,0
DJ Reader,2025,3,0
Elandon Roberts,2025,3,0
Kalif Raymond,2025,3,1.4
Wil Lutz,2025,3,9
Roy Robertson-Harris,2025,3,0
Jake Brendel,2025,3,0
Ka'imi Fairbairn,2025,3,3
Sheldon Rankins,2025,3,0
Chris Jones,2025,3,0
Derrick Henry,2025,3,10.7
A'Shawn Robinson,2025,3,0
Riley Dixon,2025,3,0
Carson Wentz,2025,3,15.32
Eric Murray,2025,3,0
Tyreek Hill,2025,3,15.9
Jihad Ward,2025,3,0
Xavien Howard,2025,3,0
David Onyemata,2025,3,0
Jalen Ramsey,2025,3,0
Andrew Billings,2025,3,0
Leonard Floyd,2025,3,0
Dak Prescott,2025,3,14.040000000000001
Hunter Henry,2025,3,29
Jonathan Bullard,2025,3,0
Jared Goff,2025,3,11.68
Javon Hargrave,2025,3,0
Tyler Higbee,2025,3,0
Kenny Clark,2025,3,0
Maliek Collins,2025,3,0
Kevin Byard,2025,3,0
Joey Bosa,2025,3,0
Johnny Mundt,2025,3,1.7000000000000002
Rigoberto Sanchez,2025,3,0
Christian McCaffrey,2025,3,24
Marlon Humphrey,2025,3,0
Taylor Moton,2025,3,0
Chuck Clark,2025,3,0
D.J. Jones,2025,3,0
Harrison Butker,2025,3,11
Kendrick Bourne,2025,3,7.800000000000001
Eric Wilson,2025,3,0
Tim Patrick,2025,3,2.6
Adam Butler,2025,3,0
Kenny Moore II,2025,3,0
Jonathan Allen,2025,3,0
Samaje Perine,2025,3,0.10000000000000009
Garett Bolles,2025,3,0
Dalvin Tomlinson,2025,3,0
Zach Cunningham,2025,3,0
Chidobe Awuzie,2025,3,0
Rasul Douglas,2025,3,0
James Conner,2025,3,5.7
Mack Hollins,2025,3,6.7
Eric Saubert,2025,3,2.2
Xavier Woods,2025,3,0
David Moore,2025,3,1.5
Pat O'Connor,2025,3,0
Cameron Johnston,2025,3,0
Jake Elliott,2025,3,3
Andrew Wylie,2025,3,0
Dare Ogunbowale,2025,3,0
JuJu Smith-Schuster,2025,3,9.5
Jonnu Smith,2025,3,4.300000000000001
Davon Godchaux,2025,3,0
Myles Garrett,2025,3,0
Solomon Thomas,2025,3,0
Jamal Adams,2025,3,0
Patrick Mahomes,2025,3,11.16
Marshon Lattimore,2025,3,0
Haason Reddick,2025,3,0
Derek Barnett,2025,3,0
Malik Hooker,2025,3,0
Adoree' Jackson,2025,3,0
Jabrill Peppers,2025,3,0
Tre'Davious White,2025,3,0
David Njoku,2025,3,9
T.J. Watt,2025,3,0
Budda Baker,2025,3,0
Zay Jones,2025,3,4.5
Tanoh Kpassagnon,2025,3,0
Dion Dawkins,2025,3,0
Alvin Kamara,2025,3,6.6000000000000005
Dawuane Smoot,2025,3,0
Cooper Kupp,2025,3,5.1
Alex Anzalone,2025,3,0
Kareem Hunt,2025,3,11.4
Jourdan Lewis,2025,3,0
Trey Hendrickson,2025,3,0
Rayshawn Jenkins,2025,3,0
Samson Ebukam,2025,3,0
Grover Stewart,2025,3,0
Jeremy McNichols,2025,3,13.8
Al-Quadin Muhammad,2025,3,0
Coleman Shelton,2025,3,0
Michael Dickson,2025,3,0
Daniel Carlson,2025,3,4
J.K. Scott,2025,3,0
Jacob Martin,2025,3,0
Eddy Pineiro,2025,3,12
Darious Williams,2025,3,0
Poona Ford,2025,3,0
Daniel Ekuale,2025,3,0
Jalyn Holmes,2025,3,0
Tyler Conklin,2025,3,0
Marquez Valdes-Scantling,2025,3,1.9
Foley Fatukasi,2025,3,0
Tremon Smith,2025,3,0
Zach Sieler,2025,3,0
Frankie Luvu,2025,3,0
Daron Payne,2025,3,0
Courtland Sutton,2025,3,23.8
Dallas Goedert,2025,3,10.3
M.J. Stewart,2025,3,0
Donte Jackson,2025,3,0
Isaiah Oliver,2025,3,0
Tyquan Lewis,2025,3,0
Justin Reid,2025,3,0
Da'Shawn Hand,2025,3,0
Dorance Armstrong,2025,3,0
Kyzir White,2025,3,0
Taron Johnson,2025,3,0
Josh Sweat,2025,3,0
Dalton Schultz,2025,3,8.9
D.J. Reed,2025,3,0
Siran Neal,2025,3,0
Tim Settle,2025,3,0
Wyatt Teller,2025,3,0
Ray-Ray McCloud,2025,3,4
Foye Oluokun,2025,3,0
Zaire Franklin,2025,3,0
Logan Cooke,2025,3,0
Jeremy Reaves,2025,3,0
Dennis Gardeck,2025,3,0
Jonathan Owens,2025,3,0
Tavierre Thomas,2025,3,0
Allen Lazard,2025,3,9.3
Charvarius Ward,2025,3,0
Tremaine Edmunds,2025,3,0
Jessie Bates,2025,3,0
Robert Spillane,2025,3,0
Corey Bojorquez,2025,3,0
Mark Andrews,2025,3,27.1
Oren Burks,2025,3,0
Nathan Shepherd,2025,3,0
Vita Vea,2025,3,0
Christian Kirk,2025,3,5.5
Carlton Davis III,2025,3,0
Isaac Yiadom,2025,3,0
Harrison Phillips,2025,3,0
Minkah Fitzpatrick,2025,3,0
Derwin James,2025,3,0
Nick Chubb,2025,3,7.000000000000001
Cornell Armstrong,2025,3,0
Lamar Jackson,2025,3,26.02
Jerome Baker,2025,3,0
B.J. Hill,2025,3,0
John Franklin-Myers,2025,3,0
Sebastian Joseph-Day,2025,3,0
Fred Warner,2025,3,0
Arden Key,2025,3,0
D.J. Moore,2025,3,12.8
Harold Landry III,2025,3,0
Mike Gesicki,2025,3,1.6
Bradley Chubb,2025,3,0
Braden Smith,2025,3,0
Calvin Ridley,2025,3,3.7
Mike Hughes,2025,3,0
Saquon Barkley,2025,3,9.500000000000002
Baker Mayfield,2025,3,16.72
Denzel Ward,2025,3,0
Josh Allen,2025,3,22.02
Sam Darnold,2025,3,16.72
Roquan Smith,2025,3,0
Brett Rypien,2025,3,0
Andrew Beck,2025,3,0
Jakobi Meyers,2025,3,9.3
Rashan Gary,2025,3,0
Maxx Crosby,2025,3,0
Justice Hill,2025,3,7.5
Hunter Renfrow,2025,3,2.6
E.J. Speed,2025,3,0
Marcus Epps,2025,3,0
Ashton Dulin,2025,3,0
Jamie Gillan,2025,3,0
Jake Browning,2025,3,7.900000000000001
Patrick Mekari,2025,3,0
Keisean Nixon,2025,3,0
Mack Wilson,2025,3,0
Jack Fox,2025,3,0
Azeez Al-Shaair,2025,3,0
AJ Cole,2025,3,0
Joey Slye,2025,3,10
Olamide Zaccheaus,2025,3,6.6000000000000005
Kyler Murray,2025,3,14.059999999999999
T.J. Hockenson,2025,3,15.9
Tytus Howard,2025,3,0
Byron Murphy,2025,3,0
Jawaan Taylor,2025,3,0
Miles Sanders,2025,3,8.3
Zach Allen,2025,3,0
Josh Oliver,2025,3,8.2
Devin Singletary,2025,3,1.1
C.J. Gardner-Johnson,2025,3,0
Anthony Nelson,2025,3,0
Hjalte Froholdt,2025,3,0
Tony Pollard,2025,3,13.9
Drue Tranquill,2025,3,0
Matt Gay,2025,3,13
Andrew Van Ginkel,2025,3,0
Mike Jackson,2025,3,0
Charles Omenihu,2025,3,0
Jake Bailey,2025,3,0
Cole Holcomb,2025,3,0
Donovan Wilson,2025,3,0
Kaden Elliss,2025,3,0
Tyrel Dodson,2025,3,0
Cam Lewis,2025,3,0
Chase McLaughlin,2025,3,21
David Sills,2025,3,1.9
Andrew Wingard,2025,3,0
Carl Granderson,2025,3,0
Shy Tuttle,2025,3,0
Luke Gifford,2025,3,0
Greg Dortch,2025,3,2.8
Devin Bush,2025,3,0
Darius Slayton,2025,3,7
Ty Johnson,2025,3,3.0999999999999996
Troy Reeder,2025,3,0
Juan Thornhill,2025,3,0
Drew Sample,2025,3,10
Amani Hooker,2025,3,0
Rock Ya-Sin,2025,3,0
DK Metcalf,2025,3,12.2
Josh Hines-Allen,2025,3,0
Jeffery Simmons,2025,3,0
Noah Fant,2025,3,5.6
Gunner Olszewski,2025,3,0
Montez Sweat,2025,3,0
Will Harris,2025,3,0
Terry McLaurin,2025,3,10.4
Hollywood Brown,2025,3,8.2
Taylor Rapp,2025,3,0
Nick Scott,2025,3,0
Cody Barton,2025,3,0
A.J. Brown,2025,3,22.9
Dre'Mont Jones,2025,3,0
Quincy Williams,2025,3,0
Dexter Lawrence,2025,3,0
David Montgomery,2025,3,29.400000000000002
Bobby Okereke,2025,3,0
Germaine Pratt,2025,3,0
Jamel Dean,2025,3,0
Josh Jacobs,2025,3,11.4
Drew Lock,2025,3,0.5
Jalen Thompson,2025,3,0
Devin White,2025,3,0
Daniel Jones,2025,3,15.82
Brian Burns,2025,3,0
Nick Bosa,2025,3,0
Quinnen Williams,2025,3,0
Deebo Samuel Sr.,2025,3,4.9
Jakob Johnson,2025,3,0
James Pierre,2025,3,0
Corliss Waitman,2025,3,0
Chris Williams,2025,3,0
Blake Gillikin,2025,3,0
Tommy Townsend,2025,3,0
Joe Bachie,2025,3,0
Christian Rozeboom,2025,3,0
Jonah Williams,2025,3,0
Terence Steele,2025,3,0
Juwan Johnson,2025,3,11.100000000000001
Broderick Washington,2025,3,0
Khalil Dorsey,2025,3,0
Ben Bredeson,2025,3,0
Rico Dowdle,2025,3,10.8
Bryce Huff,2025,3,0
J.K. Dobbins,2025,3,15.3
Joshua Uche,2025,3,0
Teair Tart,2025,3,0
Nick Westbrook-Ikhine,2025,3,0
A.J. Epenesa,2025,3,0
Mike Onwenu,2025,3,0
Geno Stone,2025,3,0
LaCale London,2025,3,0
Tua Tagovailoa,2025,3,12.84
Derrick Brown,2025,3,0
Brandon Jones,2025,3,0
Isaiah Rodgers,2025,3,0
Jonathan Taylor,2025,3,32.800000000000004
Jonathan Greenard,2025,3,0
Kyle Dugger,2025,3,0
Jon Runyan,2025,3,0
Michael Pittman Jr.,2025,3,19.3
Javon Kinlaw,2025,3,0
DaVon Hamilton,2025,3,0
Jordan Love,2025,3,12.120000000000001
Jordan Elliott,2025,3,0
Jeff Okudah,2025,3,0
D'Andre Swift,2025,3,10.8
Grant Delpit,2025,3,0
Mekhi Becton,2025,3,0
K'Lavon Chaisson,2025,3,0
Noah Igbinoghene,2025,3,0
Cole Kmet,2025,3,8
Jeremy Chinn,2025,3,0
Logan Wilson,2025,3,0
Akeem Davis-Gaither,2025,3,0
Jaylinn Hawkins,2025,3,0
Daniel Thomas,2025,3,0
Darnell Mooney,2025,3,8.4
Braden Mann,2025,3,0
Justin Jefferson,2025,3,12.5
Patrick Queen,2025,3,0
Antonio Gibson,2025,3,0.8000000000000003
Ashtyn Davis,2025,3,0
Devin Duvernay,2025,3,0
D.J. Wonnum,2025,3,0
James Lynch,2025,3,0
Troy Dye,2025,3,0
Blake Brandel,2025,3,0
Josh Metellus,2025,3,0
Kam Curl,2025,3,0
Justin Herbert,2025,3,15.6
Trevon Diggs,2025,3,0
Neville Gallimore,2025,3,0
L'Jarius Sneed,2025,3,0
Amik Robertson,2025,3,0
Alohi Gilman,2025,3,0
Xavier McKinney,2025,3,0
Jalen Hurts,2025,3,29.04
Darnay Holmes,2025,3,0
Jerry Jeudy,2025,3,2.7
Jordyn Brooks,2025,3,0
Tee Higgins,2025,3,2.5
Antoine Winfield Jr.,2025,3,0
Cam Akers,2025,3,1.9000000000000001
Van Jefferson,2025,3,1.8
Damien Lewis,2025,3,0
Zack Baun,2025,3,0
Terrell Burgess,2025,3,0
Adam Trautman,2025,3,0
Tyler Johnson,2025,3,5.2
Justin Strnad,2025,3,0
Charlie Woerner,2025,3,0.5
"Kenneth Murray, Jr.",2025,3,0
Kwity Paye,2025,3,0
Dayo Odeyingbo,2025,3,0
Will Fries,2025,3,0
Jamien Sherwood,2025,3,0
Michael Carter II,2025,3,0
Jason Pinnock,2025,3,0
Brandin Echols,2025,3,0
Rashod Bateman,2025,3,17.3
Nico Collins,2025,3,22.4
Chuba Hubbard,2025,3,9.600000000000001
Deommodore Lenoir,2025,3,0
Talanoa Hufanga,2025,3,0
Roy Lopez,2025,3,0
Nick McCloud,2025,3,0
Jordan Meredith,2025,3,0
Jaylen Waddle,2025,3,14.9
Christian Darrisaw,2025,3,0
Dee Eskridge,2025,3,0
Nick Bolton,2025,3,0
Benjamin St-Juste,2025,3,0
Dyami Brown,2025,3,2.7
Camryn Bynum,2025,3,0
Tylan Wallace,2025,3,0
Noah Gray,2025,3,4.7
Tedarrell Slaton,2025,3,0
K.J. Britt,2025,3,0
Simi Fehoko,2025,3,0
Nick Niemann,2025,3,0
Isaiah McDuffie,2025,3,0
Grant Stuard,2025,3,0
Zayne Anderson,2025,3,0
Devon Key,2025,3,0
Jack Stoll,2025,3,10.1
Christian Elliss,2025,3,0
Riley Patterson,2025,3,3
Kion Smith,2025,3,0
Garret Wallow,2025,3,0
Tutu Atwell,2025,3,0
Cameron Sample,2025,3,0
Evan McPherson,2025,3,5
Ben Skowronek,2025,3,0
Chris Rumph II,2025,3,0
Nate Hobbs,2025,3,0
Pat Surtain II,2025,3,0
Rhamondre Stevenson,2025,3,4.6
Kylen Granson,2025,3,0
Tommy Togiai,2025,3,0
Marco Wilson,2025,3,0
Najee Harris,2025,3,2.8000000000000003
Pat Freiermuth,2025,3,1.6
Ja'Marr Chase,2025,3,8.9
Eric Stokes,2025,3,0
Joseph Ossai,2025,3,0
DeVonta Smith,2025,3,20
Greg Rousseau,2025,3,0
Milton Williams,2025,3,0
Kenneth Gainwell,2025,3,9.6
Pete Werner,2025,3,0
Micah Parsons,2025,3,0
Zaven Collins,2025,3,0
Jaelan Phillips,2025,3,0
Paulson Adebo,2025,3,0
Odafe Oweh,2025,3,0
Andre Cisco,2025,3,0
Osa Odighizuwa,2025,3,0
Mitchell Fraboni,2025,3,0
Jaycee Horn,2025,3,0
Jonathon Cooper,2025,3,0
Tre'von Moehrig,2025,3,0
Amon-Ra St. Brown,2025,3,20.7
Derrick Barnes,2025,3,0
Joe Tryon-Shoyinka,2025,3,0
Kyle Pitts,2025,3,7.9
Trevor Lawrence,2025,3,8.780000000000001
Mac Jones,2025,3,14.26
Travis Etienne,2025,3,11.600000000000001
Tyson Campbell,2025,3,0
Walker Little,2025,3,0
Elijah Moore,2025,3,6.1
Christian Barmore,2025,3,0
Nahshon Wright,2025,3,0
Brandon Stephens,2025,3,0
Joshua Palmer,2025,3,1.5
Malcolm Koonce,2025,3,0
Divine Deablo,2025,3,0
Ernest Jones,2025,3,0
Baron Browning,2025,3,0
Greg Newsome II,2025,3,0
Javonte Williams,2025,3,12.200000000000001
Jevon Holland,2025,3,0
Landon Dickerson,2025,3,0
Chazz Surratt,2025,3,0
Hunter Long,2025,3,3.2
Tommy Tremble,2025,3,3.6
Dee Alford,2025,3,0
Elijah Garcia,2025,3,0
Jordan Davis,2025,3,6
Quay Walker,2025,3,0
Sean Rhyan,2025,3,0
Riq Woolen,2025,3,0
Dominique Robinson,2025,3,0
Kingsley Enagbare,2025,3,0
Tyler Badie,2025,3,0
Grant Calcaterra,2025,3,0
Dareke Young,2025,3,2.2
Jack Sanborn,2025,3,0
Jake Tonges,2025,3,4.1
Tyler Goodson,2025,3,0.6000000000000001
Reed Blankenship,2025,3,0
Josh Jobe,2025,3,0
Sauce Gardner,2025,3,0
Trent McDuffie,2025,3,0
George Karlaftis,2025,3,0
Bryan Cook,2025,3,0
Jaylen Watson,2025,3,0
Rasheed Walker,2025,3,0
Isiah Pacheco,2025,3,5.8
Brenden Schooler,2025,3,0
Cameron Dicker,2025,3,12
Jaylen Warren,2025,3,13.1
Kevin Austin Jr.,2025,3,0
Travon Walker,2025,3,0
Aidan Hutchinson,2025,3,0
Derek Stingley Jr.,2025,3,0
Drake London,2025,3,10.5
Chris Olave,2025,3,15.7
Jameson Williams,2025,3,6.3
Kaiir Elam,2025,3,0
Devin Lloyd,2025,3,0
Jalen Pitre,2025,3,0
George Pickens,2025,3,17.8
James Cook,2025,3,20.8
Nik Bonitto,2025,3,0
Alex Wright,2025,3,0
Marcus Jones,2025,3,0
Terrel Bernard,2025,3,0
Rachaad White,2025,3,2.4000000000000004
Khalil Shakir,2025,3,14.5
Thomas Booker,2025,3,0
Tyler Allgeier,2025,3,1.4
Jerome Ford,2025,3,5
Zyon McCollum,2025,3,0
Eric Johnson,2025,3,0
Matthew Butler,2025,3,0
Damone Clark,2025,3,0
Matt Araiza,2025,3,0
Christian Benford,2025,3,0
Jalen Nailor,2025,3,6.7
Jordan Jackson,2025,3,0
Jamaree Salyer,2025,3,0
Cade Mays,2025,3,0
Theo Jackson,2025,3,0
John FitzPatrick,2025,3,9.2
Ja'Sir Taylor,2025,3,0
James Houston,2025,3,0
Ko Kieft,2025,3,0
Cameron Goode,2025,3,0
Chase Lucas,2025,3,0
D'Anthony Bell,2025,3,0
Tanner Conner,2025,3,2.3
Kaden Davis,2025,3,0
Ja'Quan McMillian,2025,3,0
Dallis Flowers,2025,3,0
Jake Hansen,2025,3,0
Tristin McCollum,2025,3,0
Ryan Wright,2025,3,0
Isaiah Pola-Mao,2025,3,0
Jordan Mason,2025,3,23.6
Marcelino McCrary-Ball,2025,3,0
Segun Olubi,2025,3,0
Lucas Krull,2025,3,1.9
John Parker Romo,2025,3,-2
Rashid Shaheed,2025,3,8.2
Daniel Whelan,2025,3,0
Darrell Baker Jr.,2025,3,0
Juanyeh Thomas,2025,3,0
Nate Landman,2025,3,0
Julius Chestnut,2025,3,2.6
Jack Gibbens,2025,3,0
Sam Okuayinonu,2025,3,0
Kayvon Thibodeaux,2025,3,0
John Metchie III,2025,3,1.8
Nick Cross,2025,3,0
Hassan Haskins,2025,3,0
Jacob Hummel,2025,3,0
Tucker Fisk,2025,3,0
Alec Pierce,2025,3,10.7
Sam Williams,2025,3,0
Jalen Tolbert,2025,3,5.4
Kerby Joseph,2025,3,0
Brandon Aubrey,2025,3,8
Garrett Wilson,2025,3,24.4
Jahan Dotson,2025,3,1.7000000000000002
Daxton Hill,2025,3,0
Trey McBride,2025,3,15.3
Velus Jones Jr.,2025,3,0
Brian Robinson Jr.,2025,3,2.2
Tycen Anderson,2025,3,0
Travis Jones,2025,3,0
Cordale Flott,2025,3,0
DeMarvin Leal,2025,3,0
Dondrea Tillman,2025,3,0
KaVontae Turpin,2025,3,8.8
DeAngelo Malone,2025,3,0
Chigoziem Okonkwo,2025,3,11.600000000000001
Romeo Doubs,2025,3,4.5
Leo Chenal,2025,3,0
Christian Harris,2025,3,0
Kalia Davis,2025,3,0
Calvin Austin III,2025,3,12.4
Cobie Durant,2025,3,0
Kyren Williams,2025,3,19.200000000000003
Quentin Lake,2025,3,0
Derion Kendrick,2025,3,0
Daniel Hardy,2025,3,0
Kyle Hamilton,2025,3,0
Jack Jones,2025,3,0
Zamir White,2025,3,3.3000000000000003
Jake Ferguson,2025,3,21.200000000000003
Joshua Williams,2025,3,0
Charlie Kolar,2025,3,4.2
Skyy Moore,2025,3,2
Jordan Stout,2025,3,0
Akayleb Evans,2025,3,0
Tyquan Thornton,2025,3,18.1
Eyioma Uwazurike,2025,3,0
Micheal Clemons,2025,3,0
Daniel Bellinger,2025,3,1.6
Arnold Ebiketie,2025,3,0
Wan'Dale Robinson,2025,3,3.6
Jalyn Armour-Davis,2025,3,0
Breece Hall,2025,3,9.2
Alontae Taylor,2025,3,0
Dane Belton,2025,3,0
Roger McCreary,2025,3,0
Logan Hall,2025,3,0
Boye Mafe,2025,3,0
Kenneth Walker III,2025,3,18
Jaquan Brisker,2025,3,0
Coby Bryant,2025,3,0
Xavier Smith,2025,3,0
Kyu Blu Kelly,2025,3,0
Jalen Carter,2025,3,0
Colby Wooden,2025,3,0
Noah Sewell,2025,3,0
Daniel Scott,2025,3,0
Dontayvion Wicks,2025,3,4.1
Karl Brooks,2025,3,0
Carrington Valentine,2025,3,0
Moro Ojomo,2025,3,0
Andre Szmyt,2025,3,9
Zavier Scott,2025,3,5
Malik Heath,2025,3,0
Brady Russell,2025,3,0
Trenton Simpson,2025,3,0
Tavius Robinson,2025,3,0
Nikko Remigio,2025,3,1.1
DJ Johnson,2025,3,0
Tyree Wilson,2025,3,0
Bijan Robinson,2025,3,16.1
Jaxon Smith-Njigba,2025,3,20.6
Quentin Johnston,2025,3,14.9
Myles Murphy,2025,3,0
Luke Schoonmaker,2025,3,1.5
DJ Turner II,2025,3,0
Kendre Miller,2025,3,5.6000000000000005
Riley Moss,2025,3,0
Daiyan Henley,2025,3,0
Ji'Ayir Brown,2025,3,0
Tank Bigsby,2025,3,0
Dorian Williams,2025,3,0
Michael Wilson,2025,3,1.5
Jordan Battle,2025,3,0
Tre Tucker,2025,3,40.9
Mekhi Blackmon,2025,3,0
Chad Ryland,2025,3,6
Ventrell Miller,2025,3,0
Derius Davis,2025,3,0.2
Isaiah McGuire,2025,3,0
Charlie Jones,2025,3,0
Nick Herbig,2025,3,0
Jordan Howden,2025,3,0
Mike Morris,2025,3,0
Darrell Luter Jr.,2025,3,0
Antonio Johnson,2025,3,0
Chase Brown,2025,3,5
Henry To'oTo'o,2025,3,0
Owen Pappoe,2025,3,0
JL Skinner,2025,3,0
Parker Washington,2025,3,7.4
Kayshon Boutte,2025,3,4.800000000000001
Luke Wypler,2025,3,0
Bryce Baringer,2025,3,0
Chris Rodriguez Jr.,2025,3,3.9000000000000004
Jerrick Reed II,2025,3,0
Xavier Hutchinson,2025,3,4.6
DeMario Douglas,2025,3,2.7
Dante Stills,2025,3,0
Dee Winters,2025,3,0
DeMarcco Hellams,2025,3,0
D.J. Ivey,2025,3,0
Brayden Willis,2025,3,0
Alex Austin,2025,3,0
Cory Durden,2025,3,0
Trevor Nowaske,2025,3,0
Tyrell Shavers,2025,3,4.4
Chris Brooks,2025,3,0
Emari Demercado,2025,3,0
Blake Whiteheart,2025,3,0
Mohamoud Diabate,2025,3,0
Ronnie Hickman Jr.,2025,3,0
Julian Hill,2025,3,1.4
Ty Okada,2025,3,0
Jalen Redmond,2025,3,0
Art Green,2025,3,0
Thomas Incoom,2025,3,0
PJ Mustipher,2025,3,0
Emanuel Wilson,2025,3,2.5
Ivan Pace Jr.,2025,3,0
Luke Haggard,2025,3,0
Kaevon Merriweather,2025,3,0
Ryan Miller,2025,3,0
Mitchell Tinsley,2025,3,0
Brycen Tremayne,2025,3,3.5
Caleb Murphy,2025,3,0
Shaka Heyward,2025,3,0
Jacob Saylors,2025,3,0
Blake Grupe,2025,3,6
Drake Thomas,2025,3,0
Darnell Wright,2025,3,0
Dalton Kincaid,2025,3,17.6
Brenton Strange,2025,3,12.100000000000001
Tyler Lacy,2025,3,0
Sean Tucker,2025,3,0
Markees Watts,2025,3,0
Natrone Brooks,2025,3,0
Marvin Mims Jr.,2025,3,1.4
Byron Young,2025,3,0
Cedric Tillman,2025,3,5.6
Zach Harrison,2025,3,0
Chamarri Conner,2025,3,0
Kei'Trel Clark,2025,3,0
Bryan Bresee,2025,3,0
Tucker Kraft,2025,3,5.9
Josh Downs,2025,3,5.4
Deonte Banks,2025,3,0
Sydney Brown,2025,3,0
Dylan Horton,2025,3,0
Nolan Smith,2025,3,0
Jack Campbell,2025,3,0
Roschon Johnson,2025,3,0
Adetomiwa Adebawore,2025,3,0
Peter Skoronski,2025,3,0
De'Von Achane,2025,3,16.1
Elijah Higgins,2025,3,1.7000000000000002
Derick Hall,2025,3,0
Matthew Bergeron,2025,3,0
SirVocea Dennis,2025,3,0
Josh Hayes,2025,3,0
Ethan Evans,2025,3,0
Zay Flowers,2025,3,3.3
Sam LaPorta,2025,3,7.300000000000001
Michael Mayer,2025,3,0
Yaya Diaby,2025,3,0
Gervon Dexter Sr.,2025,3,0
Tyrique Stevenson,2025,3,0
Jakorian Bennett,2025,3,0
Davis Allen,2025,3,1.3
Puka Nacua,2025,3,22.8
Will Anderson Jr.,2025,3,0
Keeanu Benton,2025,3,0
Tuli Tuipulotu,2025,3,0
Lukas Van Ness,2025,3,0
Byron Young,2025,3,0
Kobie Turner,2025,3,0
Jahmyr Gibbs,2025,3,26.9
Kelee Ringo,2025,3,0
Brian Branch,2025,3,0
Will McDonald IV,2025,3,6
Keion White,2025,3,0
Quan Martin,2025,3,0
Bryce Young,2025,3,11.64
Emmanuel Forbes,2025,3,0
C.J. Stroud,2025,3,12.36
Anthony Richardson,2025,3,-0.1
Jake Bates,2025,3,8
Austin Ajiake,2025,3,0
Nate Wiggins,2025,3,0
T.J. Tampa,2025,3,0
Sanoussi Kane,2025,3,0
Braiden McGregor,2025,3,0
Leonard Taylor III,2025,3,0
George Holani,2025,3,4.2
Byron Murphy II,2025,3,0
Swayze Bozeman,2025,3,0
Ryan Rehkow,2025,3,0
Christian Roland-Wallace,2025,3,0
C.J. Ravenell,2025,3,0
Brandon Codrington,2025,3,0
Malik Nabers,2025,3,3.3
Brock Bowers,2025,3,7.800000000000001
Laiatu Latu,2025,3,0
Tyler Guyton,2025,3,0
Kamari Lassiter,2025,3,0
Renardo Green,2025,3,0
Trevin Wallace,2025,3,0
Dominick Puni,2025,3,0
Luke McCaffrey,2025,3,14.600000000000001
Ja'Tavion Sanders,2025,3,3.1
Bucky Irving,2025,3,13.900000000000002
Isaac Guerendo,2025,3,0
Sione Vaki,2025,3,0
Tarheeb Still,2025,3,0
Jordan Magee,2025,3,0
JD Bertrand,2025,3,0
Josh Newton,2025,3,0
Spencer Rattler,2025,3,12.72
Jamari Thrash,2025,3,2.7
Chau Smith-Wade,2025,3,0
Tyrone Tracy Jr.,2025,3,5.6000000000000005
Jaylan Ford,2025,3,0
Joe Milton III,2025,3,0.6400000000000001
Jaden Crumedy,2025,3,0
Will Reichard,2025,3,14
Dylan Laube,2025,3,0.2
Christian Mahogany,2025,3,0
Cam Little,2025,3,4
Ryan Flournoy,2025,3,4.1
Elijah Klein,2025,3,0
Javontae Jean-Baptiste,2025,3,0
Myles Harden,2025,3,0
Michael Jurgens,2025,3,0
Levi Drake Rodriguez,2025,3,0
Jonah Laulu,2025,3,0
Tatum Bethune,2025,3,0
Jaylen Harrell,2025,3,0
Isaiah Williams,2025,3,0
Carl Jones,2025,3,0
Reddy Steward,2025,3,0
Jordan Colbert,2025,3,0
Brevyn Spann-Ford,2025,3,0
Spencer Shrader,2025,3,10
Kameron Johnson,2025,3,0
Demani Richardson,2025,3,0
Isaiah Stalbird,2025,3,0
Cam Grandy,2025,3,0.6000000000000001
PJ Jules,2025,3,0
Austin McNamara,2025,3,0
Maema Njongmeta,2025,3,0
Tyler Owens,2025,3,0
Colson Yankoff,2025,3,0
Dwight McGlothern,2025,3,0
Bo Nix,2025,3,13.420000000000002
Ruke Orhorhoro,2025,3,0
Braden Fiske,2025,3,0
Tip Reiman,2025,3,2.8
Blake Corum,2025,3,5.300000000000001
Jalyx Hunt,2025,3,0
Payton Wilson,2025,3,0
Tory Taylor,2025,3,0
Tyler Davis,2025,3,0
Joshua Karty,2025,3,17
Jordan Whittington,2025,3,3.4000000000000004
Charles Woods,2025,3,0
Omar Speights,2025,3,0
Jaylen McCollough,2025,3,0
Anthony Goodlow,2025,3,0
Qwan'tez Stiggers,2025,3,0
Olumuyiwa Fashanu,2025,3,0
Devontez Walker,2025,3,4.4
AJ Barner,2025,3,3.3000000000000003
Braelon Allen,2025,3,6.7
Rasheen Ali,2025,3,0
Isaiah Davis,2025,3,0
Max Melton,2025,3,0
Jonah Elliss,2025,3,0
Ty'Ron Hopper,2025,3,0
Evan Williams,2025,3,0
Tyrice Knight,2025,3,0
Anthony Gould,2025,3,0
Andru Phillips,2025,3,0
Jaden Hicks,2025,3,0
Jeremiah Trotter Jr.,2025,3,0
Kamren Kinchens,2025,3,0
Justin Eboigbe,2025,3,0
Brennan Jackson,2025,3,0
Calen Bullock,2025,3,0
Cooper DeJean,2025,3,0
Tykee Smith,2025,3,0
Theo Johnson,2025,3,2
Marvin Harrison Jr.,2025,3,7.4
Edgerrin Cooper,2025,3,0
Drake Maye,2025,3,20.22
Jared Verse,2025,3,0
Darius Robinson,2025,3,0
Cedric Gray,2025,3,0
Brandon Dorlus,2025,3,0
Kool-Aid McKinstry,2025,3,0
Tyler Nubin,2025,3,0
Dadrion Taylor-Demerson,2025,3,0
Javon Bullard,2025,3,0
Troy Franklin,2025,3,2.8
Troy Fautanu,2025,3,0
Cole Bishop,2025,3,0
Ray Davis,2025,3,0
Malik Washington,2025,3,6.2
Quinyon Mitchell,2025,3,0
Adonai Mitchell,2025,3,0
Brian Thomas Jr.,2025,3,7.5
Zach Frazier,2025,3,0
Mike Sainristil,2025,3,0
Marshawn Kneeland,2025,3,0
Keon Coleman,2025,3,5
Chris Braswell,2025,3,0
Terrion Arnold,2025,3,0
Jordan Morgan,2025,3,0
Graham Barton,2025,3,0
Jer'Zhan Newton,2025,3,0
Kris Jenkins,2025,3,0
Ladd McConkey,2025,3,8.100000000000001
Ricky Pearsall,2025,3,19.700000000000003
Michael Penix Jr.,2025,3,5.78
Caleb Williams,2025,3,29.12
Rome Odunze,2025,3,15.2
Trey Benson,2025,3,8.1
Dallas Turner,2025,3,0
Jalen Sundell,2025,3,0
Savion Williams,2025,3,-0.1
Jacardia Wright,2025,3,2
Teddye Buchanan,2025,3,0
Jeffrey Bassa,2025,3,0
Tyler Loop,2025,3,7
LaJohntay Wester,2025,3,0
Aeneas Peebles,2025,3,0
Brashard Smith,2025,3,1.3
Kevin Knowles,2025,3,0
Jay Higgins,2025,3,0
Josh Simmons,2025,3,0
Cooper McDonald,2025,3,0
Ashton Jeanty,2025,3,6.300000000000001
Tetairoa McMillan,2025,3,7.800000000000001
Kelvin Banks Jr.,2025,3,0
Colston Loveland,2025,3,4.1
Kenneth Grant,2025,3,0
Tyler Warren,2025,3,6.800000000000001
Emeka Egbuka,2025,3,14.5
Jayden Higgins,2025,3,1.5
Kyle Williams,2025,3,1.8
Azareye'h Thomas,2025,3,0
Jordan Burch,2025,3,0
Jaylin Noel,2025,3,1.4
Dylan Fairchild,2025,3,0
Jacob Parrish,2025,3,0
Jamaree Caldwell,2025,3,0
Xavier Watts,2025,3,0
Upton Stout,2025,3,0
Tai Felton,2025,3,1.9
Danny Stutsman,2025,3,0
Billy Bowman Jr.,2025,3,0
Barrett Carter,2025,3,0
Lathan Ransom,2025,3,0
Jack Sawyer,2025,3,0
Kyle Kennard,2025,3,0
Dylan Sampson,2025,3,0.2
Jaylin Lane,2025,3,6.8
Malachi Moore,2025,3,0
Quincy Riley,2025,3,0
Elic Ayomanor,2025,3,13.8
Joshua Farmer,2025,3,0
Tyrion Ingram-Dawkins,2025,3,0
Cam Jackson,2025,3,0
Jason Marshall Jr.,2025,3,0
DJ Giddens,2025,3,0.30000000000000004
Dante Trader Jr.,2025,3,0
Elijah Roberts,2025,3,0
Marques Sigle,2025,3,0
Francisco Mauigoa,2025,3,0
Mitchell Evans,2025,3,1.9
Yahya Black,2025,3,0
Oronde Gadsden II,2025,3,9.600000000000001
Jackson Hawes,2025,3,7.5
Denzel Burke,2025,3,0
Tyler Baron,2025,3,0
Dorian Strong,2025,3,0
Ollie Gordon,2025,3,9.8
Andy Borregales,2025,3,2
Tahj Brooks,2025,3,1.7000000000000002
Rayuan Lane III,2025,3,0
Kobe King,2025,3,0
R.J. Mickens,2025,3,0
Jeremy Crawshaw,2025,3,0
Kitan Crawford,2025,3,0
Kyle Monangai,2025,3,3
Tez Johnson,2025,3,0
LeQuint Allen Jr.,2025,3,1.9
Jacory Croskey-Merritt,2025,3,10.1
Connor Colby,2025,3,0
Fadil Diggs,2025,3,0
Trikweze Bridges,2025,3,0
Adin Huntington,2025,3,0
Easton Mascarenas-Arnold,2025,3,0
Donovan McMillon,2025,3,0
Ryan Fitzgerald,2025,3,15
Bam Martin-Scott,2025,3,0
Corey Thornton,2025,3,0
Keonta Jenkins,2025,3,0
Howard Cross III,2025,3,0
William Wagner,2025,3,0
Dean Clark,2025,3,0
Xavier Truss,2025,3,0
Marlowe Wax,2025,3,0
Max Brosmer,2025,3,1.16
Chaz Chambliss,2025,3,0
Joe Huber,2025,3,0
Austin Keys,2025,3,0
Dorian Mausi,2025,3,0
Myles Price,2025,3,0
Ben Yurosek,2025,3,0
Torricelli Simpkins III,2025,3,0
Nate Carter,2025,3,2.6000000000000005
Jalon Walker,2025,3,0
Carson Schwesinger,2025,3,0
Dont'e Thornton,2025,3,4.9
Arian Smith,2025,3,2.2
Woody Marks,2025,3,4.6000000000000005
Gunnar Helm,2025,3,5.7
Shaun Dolac,2025,3,0
Dalevon Campbell,2025,3,0
Keyon Martin,2025,3,0
Ashton Gillotte,2025,3,0
Darien Porter,2025,3,0
Jonas Sanker,2025,3,0
Trevor Etienne,2025,3,0
Cody Simon,2025,3,0
Tory Horton,2025,3,18.2
Kai Kroeger,2025,3,0
Mykel Williams,2025,3,0
Donovan Jackson,2025,3,0
Harold Fannin,2025,3,5.5
Omarion Hampton,2025,3,23.9
Matthew Golden,2025,3,10.100000000000001
Isaac TeSlaa,2025,3,0
Nohl Williams,2025,3,0
Jalen Milroe,2025,3,0.30000000000000004
Cameron Ward,2025,3,12.96
Abdul Carter,2025,3,0
Derrick Harmon,2025,3,0
Mason Graham,2025,3,0
Josh Conerly Jr.,2025,3,0
Malaki Starks,2025,3,0
Jaxson Dart,2025,3,0.30000000000000004
Darius Alexander,2025,3,0
Will Campbell,2025,3,0
Chimere Dike,2025,3,3.5
Jihaad Campbell,2025,3,0
Deone Walker,2025,3,0
CJ West,2025,3,0
Cam Skattebo,2025,3,24.1
Craig Woodson,2025,3,0
Travis Hunter,2025,3,3.1
Bhayshul Tuten,2025,3,8.1
Jahdae Barron,2025,3,0
Mike Green,2025,3,0
Donovan Ezeiruaku,2025,3,0
Tre Harris,2025,3,0
Jack Bech,2025,3,2
RJ Harvey,2025,3,4.6000000000000005
Trey Amos,2025,3,0
TreVeyon Henderson,2025,3,7.700000000000001
Luther Burden,2025,3,19.8
Mason Taylor,2025,3,5.8
Demetrius Knight Jr.,2025,3,0
Elijah Arroyo,2025,3,0
Jonah Savaiinaea,2025,3,0
Tyler Shough,2025,3,0
Aireontae Ersery,2025,3,0
Nic Scourton,2025,3,0
Benjamin Morrison,2025,3,0
Omarr Norman-Lott,2025,3,0
Andrew Mukuba,2025,3,0
Oluwafemi Oladejo,2025,3,0
Isaiah Bond,2025,3,3.6
Quinshon Judkins,2025,3,16.5
NA,2025,3,0
Aaron Rodgers,2025,4,11.8
Matt Prater,2025,4,7
Nick Folk,2025,4,11
Joe Flacco,2025,4,3.2600000000000002
Calais Campbell,2025,4,0
Matthew Stafford,2025,4,27.4
Thomas Morstead,2025,4,0
Cameron Jordan,2025,4,0
Cameron Heyward,2025,4,0
Andy Dalton,2025,4,6.32
Nick Bellore,2025,4,0
Johnny Hekker,2025,4,0
Bobby Wagner,2025,4,0
Russell Wilson,2025,4,-0.6799999999999999
Lavonte David,2025,4,0
Kevin Zeitler,2025,4,0
Harrison Smith,2025,4,0
Demario Davis,2025,4,0
Greg Van Roten,2025,4,0
Bryan Anger,2025,4,0
Brandon McManus,2025,4,12
Kyle Juszczyk,2025,4,6.2
Adam Thielen,2025,4,3.1
Zach Ertz,2025,4,3.0999999999999996
Darius Slay,2025,4,0
John Jenkins,2025,4,0
Sam Martin,2025,4,0
Tress Way,2025,4,0
Keenan Allen,2025,4,8.7
Tony Jefferson,2025,4,0
Travis Kelce,2025,4,9.8
DeAndre Hopkins,2025,4,0
Geno Smith,2025,4,12.78
Mike Pennel,2025,4,0
DaQuan Jones,2025,4,0
Chris Boswell,2025,4,6
Brent Urban,2025,4,0
Cairo Santos,2025,4,19
Brandin Cooks,2025,4,5.2
Shelby Harris,2025,4,0
C.J. Goodwin,2025,4,0
Jadeveon Clowney,2025,4,0
Davante Adams,2025,4,15.600000000000001
DeMarcus Lawrence,2025,4,0
Chris Manhertz,2025,4,0
Jason Myers,2025,4,13
Shaq Thompson,2025,4,0
Eddie Goldman,2025,4,0
Jordan Phillips,2025,4,0
Danielle Hunter,2025,4,0
Za'Darius Smith,2025,4,0
Stefon Diggs,2025,4,16.1
Quandre Diggs,2025,4,0
Darren Waller,2025,4,17.7
Raheem Mostert,2025,4,8.3
Neville Hewitt,2025,4,0
DeAndre Carter,2025,4,0
Alex Singleton,2025,4,0
Leonard Williams,2025,4,0
Dante Fowler Jr.,2025,4,0
Bradley Pinion,2025,4,0
Bud Dupree,2025,4,0
Arik Armstead,2025,4,0
Tyler Lockett,2025,4,0
Mario Edwards,2025,4,0
Marcus Mariota,2025,4,17.240000000000002
DeForest Buckner,2025,4,0
Taylor Decker,2025,4,0
Sterling Shepard,2025,4,4
Jarran Reed,2025,4,0
Austin Hooper,2025,4,3.4000000000000004
Chris Moore,2025,4,0.9
Matthew Judon,2025,4,0
DJ Reader,2025,4,0
Elandon Roberts,2025,4,0
Ted Karras,2025,4,0
Kalif Raymond,2025,4,9.3
Reid Ferguson,2025,4,0
Mike Hilton,2025,4,0
Wil Lutz,2025,4,4
Jake Brendel,2025,4,0
Ka'imi Fairbairn,2025,4,9
Sheldon Rankins,2025,4,0
Chris Jones,2025,4,0
Austin Johnson,2025,4,0
Derrick Henry,2025,4,7.800000000000001
Demarcus Robinson,2025,4,3
A'Shawn Robinson,2025,4,0
Antonio Hamilton,2025,4,0
Riley Dixon,2025,4,0
Carson Wentz,2025,4,22.2
Eric Murray,2025,4,0
Tyreek Hill,2025,4,12.7
Jihad Ward,2025,4,0
Xavien Howard,2025,4,0
David Onyemata,2025,4,0
Jalen Ramsey,2025,4,0
Andrew Billings,2025,4,0
Leonard Floyd,2025,4,0
Emmanuel Ogbah,2025,4,0
Dak Prescott,2025,4,30.959999999999997
Hunter Henry,2025,4,11.9
Jared Goff,2025,4,13.719999999999999
Javon Hargrave,2025,4,0
Tyler Higbee,2025,4,4.5
Kenny Clark,2025,4,0
Maliek Collins,2025,4,0
Kevin Byard,2025,4,0
Joey Bosa,2025,4,0
Johnny Mundt,2025,4,0
Rigoberto Sanchez,2025,4,0
Christian McCaffrey,2025,4,25.1
Marlon Humphrey,2025,4,0
Curtis Samuel,2025,4,1.9
Chuck Clark,2025,4,0
D.J. Jones,2025,4,0
Harrison Butker,2025,4,12
Kendrick Bourne,2025,4,2.7
Eric Wilson,2025,4,0
Josh Tupou,2025,4,0
Tim Patrick,2025,4,0.9
Adam Butler,2025,4,0
Jonathan Allen,2025,4,0
Samaje Perine,2025,4,0.4
Dalvin Tomlinson,2025,4,0
Chidobe Awuzie,2025,4,0
Rasul Douglas,2025,4,0
Mack Hollins,2025,4,7.4
Jamal Agnew,2025,4,0
Eric Saubert,2025,4,0
Xavier Woods,2025,4,0
David Moore,2025,4,1.2000000000000002
Pat O'Connor,2025,4,0
Cooper Rush,2025,4,2.08
Cameron Johnston,2025,4,0
Robert Tonyan,2025,4,0
Jake Elliott,2025,4,7
JuJu Smith-Schuster,2025,4,13.6
Jonnu Smith,2025,4,2.6
Davon Godchaux,2025,4,0
Myles Garrett,2025,4,0
Jamal Adams,2025,4,0
Patrick Mahomes,2025,4,27.3
Marshon Lattimore,2025,4,0
Haason Reddick,2025,4,0
Derek Barnett,2025,4,0
Malik Hooker,2025,4,0
Evan Engram,2025,4,6.9
Tre'Davious White,2025,4,0
David Njoku,2025,4,3.1
T.J. Watt,2025,4,0
Budda Baker,2025,4,0
Tanoh Kpassagnon,2025,4,0
Dion Dawkins,2025,4,0
Alvin Kamara,2025,4,11.2
Dawuane Smoot,2025,4,0
Cooper Kupp,2025,4,6.6
Alex Anzalone,2025,4,0
Chris Godwin Jr.,2025,4,5.6
Kareem Hunt,2025,4,5.7
Jourdan Lewis,2025,4,0
Trey Hendrickson,2025,4,0
Rayshawn Jenkins,2025,4,0
Josh Reynolds,2025,4,0
Samson Ebukam,2025,4,0
Joshua Dobbs,2025,4,-0.2
Grover Stewart,2025,4,0
Jeremy McNichols,2025,4,1.3
Michael Dickson,2025,4,0
Daniel Carlson,2025,4,6
J.K. Scott,2025,4,0
Jacob Martin,2025,4,0
Eddy Pineiro,2025,4,7
Darious Williams,2025,4,0
Poona Ford,2025,4,0
Jalyn Holmes,2025,4,0
Tyler Conklin,2025,4,1.3
Parry Nickerson,2025,4,0
Foley Fatukasi,2025,4,0
DeShon Elliott,2025,4,0
Tremon Smith,2025,4,0
Zach Sieler,2025,4,0
Frankie Luvu,2025,4,0
Daron Payne,2025,4,0
Quenton Nelson,2025,4,0
Courtland Sutton,2025,4,19.1
Uchenna Nwosu,2025,4,0
Dallas Goedert,2025,4,19.7
M.J. Stewart,2025,4,0
Donte Jackson,2025,4,0
Isaiah Oliver,2025,4,0
Justin Reid,2025,4,0
Ian Thomas,2025,4,0
Da'Shawn Hand,2025,4,0
Dorance Armstrong,2025,4,0
Taron Johnson,2025,4,0
Josh Sweat,2025,4,0
Dalton Schultz,2025,4,8
D.J. Reed,2025,4,0
Tim Settle,2025,4,0
Wyatt Teller,2025,4,0
Ray-Ray McCloud,2025,4,0.29999999999999993
Foye Oluokun,2025,4,0
Zaire Franklin,2025,4,0
Logan Cooke,2025,4,0
Jeremy Reaves,2025,4,0
Dennis Gardeck,2025,4,0
Jonathan Owens,2025,4,0
Tavierre Thomas,2025,4,0
Allen Lazard,2025,4,1.8
Charvarius Ward,2025,4,0
Kyle Allen,2025,4,-0.2
Mike Ford,2025,4,0
Tremaine Edmunds,2025,4,0
Jessie Bates,2025,4,0
Robert Spillane,2025,4,0
Corey Bojorquez,2025,4,0
Mark Andrews,2025,4,10
Oren Burks,2025,4,0
Nathan Shepherd,2025,4,0
Vita Vea,2025,4,0
Christian Kirk,2025,4,5
Carlton Davis III,2025,4,0
Isaac Yiadom,2025,4,0
Harrison Phillips,2025,4,0
Minkah Fitzpatrick,2025,4,0
Derwin James,2025,4,0
Nick Chubb,2025,4,8.2
Cornell Armstrong,2025,4,0
Lamar Jackson,2025,4,11.68
Jerome Baker,2025,4,0
B.J. Hill,2025,4,0
John Franklin-Myers,2025,4,0
Sebastian Joseph-Day,2025,4,0
Fred Warner,2025,4,0
Arden Key,2025,4,0
D.J. Moore,2025,4,7.800000000000001
Harold Landry III,2025,4,0
Mike Gesicki,2025,4,1.8
Bradley Chubb,2025,4,0
Calvin Ridley,2025,4,5
Mike Hughes,2025,4,0
Saquon Barkley,2025,4,17.400000000000002
Baker Mayfield,2025,4,18.860000000000003
Denzel Ward,2025,4,0
Josh Allen,2025,4,25.86
Sam Darnold,2025,4,15.08
Roquan Smith,2025,4,0
Jakobi Meyers,2025,4,7
Rashan Gary,2025,4,0
Darnell Savage,2025,4,0
Maxx Crosby,2025,4,0
Julian Love,2025,4,0
Justice Hill,2025,4,28.700000000000003
Hunter Renfrow,2025,4,3
E.J. Speed,2025,4,0
Marcus Epps,2025,4,0
Demetrius Flannigan-Fowles,2025,4,0
Ashton Dulin,2025,4,2.8000000000000003
Jamie Gillan,2025,4,0
Jake Browning,2025,4,5.4
Keisean Nixon,2025,4,0
Ugo Amadi,2025,4,0
Mack Wilson,2025,4,0
Jack Fox,2025,4,0
Darius Harris,2025,4,0
Azeez Al-Shaair,2025,4,0
AJ Cole,2025,4,0
Joey Slye,2025,4,-2
Del'Shawn Phillips,2025,4,0
Olamide Zaccheaus,2025,4,9.100000000000001
Kyler Murray,2025,4,18.1
T.J. Hockenson,2025,4,7.9
Tytus Howard,2025,4,0
Byron Murphy,2025,4,0
Erik McCoy,2025,4,0
Miles Sanders,2025,4,4.5
Zach Allen,2025,4,0
Josh Oliver,2025,4,0
Devin Singletary,2025,4,2.8000000000000003
Anthony Nelson,2025,4,0
Hjalte Froholdt,2025,4,0
Tony Pollard,2025,4,10.600000000000001
Drue Tranquill,2025,4,0
Matt Gay,2025,4,18
Mike Jackson,2025,4,0
Charles Omenihu,2025,4,0
Jake Bailey,2025,4,0
Cole Holcomb,2025,4,0
Gardner Minshew,2025,4,-0.30000000000000004
Scott Miller,2025,4,0
Donovan Wilson,2025,4,0
Kaden Elliss,2025,4,0
Tyrel Dodson,2025,4,0
Cam Lewis,2025,4,0
Chase McLaughlin,2025,4,16
Andrew Wingard,2025,4,0
Carl Granderson,2025,4,0
Shy Tuttle,2025,4,0
Luke Gifford,2025,4,0
Greg Dortch,2025,4,7.9
Devin Bush,2025,4,0
Elgton Jenkins,2025,4,0
Darius Slayton,2025,4,7.4
Ty Johnson,2025,4,0
Craig Reynolds,2025,4,0
Troy Reeder,2025,4,0
Juan Thornhill,2025,4,0
Jonah Williams,2025,4,0
Amani Hooker,2025,4,0
Rock Ya-Sin,2025,4,0
DK Metcalf,2025,4,23.6
Josh Hines-Allen,2025,4,0
Jeffery Simmons,2025,4,0
Gunner Olszewski,2025,4,0
Montez Sweat,2025,4,0
Hollywood Brown,2025,4,12.8
Taylor Rapp,2025,4,0
Greg Gaines,2025,4,0
David Edwards,2025,4,0
Nick Scott,2025,4,0
Cody Barton,2025,4,0
Jerry Tillery,2025,4,0
A.J. Brown,2025,4,2.7
Dre'Mont Jones,2025,4,0
Dexter Lawrence,2025,4,0
David Montgomery,2025,4,1.2000000000000002
Bobby Okereke,2025,4,0
Trey Pipkins,2025,4,0
Dawson Knox,2025,4,0
Germaine Pratt,2025,4,0
Chuma Edoga,2025,4,0
Jamel Dean,2025,4,0
Josh Jacobs,2025,4,31.700000000000003
Jalen Thompson,2025,4,0
Devin White,2025,4,0
Daniel Jones,2025,4,11.38
Brian Burns,2025,4,0
Quinnen Williams,2025,4,0
Deebo Samuel Sr.,2025,4,19.1
James Pierre,2025,4,0
Corliss Waitman,2025,4,0
Ross Matiscik,2025,4,0
Blake Gillikin,2025,4,0
Tommy Townsend,2025,4,0
Tershawn Wharton,2025,4,0
Joe Bachie,2025,4,0
Christian Rozeboom,2025,4,0
Juwan Johnson,2025,4,5.800000000000001
Brandon Walton,2025,4,0
Khalil Dorsey,2025,4,0
Rico Dowdle,2025,4,4
Bryce Huff,2025,4,0
J.K. Dobbins,2025,4,11.500000000000002
Joshua Uche,2025,4,0
Teair Tart,2025,4,0
Nick Westbrook-Ikhine,2025,4,1.1
A.J. Epenesa,2025,4,0
Anfernee Jennings,2025,4,0
Geno Stone,2025,4,0
Tua Tagovailoa,2025,4,14.68
Derrick Brown,2025,4,0
Brandon Jones,2025,4,0
Isaiah Rodgers,2025,4,0
Jonathan Taylor,2025,4,14.600000000000001
Jonathan Greenard,2025,4,0
Kyle Dugger,2025,4,0
Colby Parkinson,2025,4,3.7
Michael Pittman Jr.,2025,4,15.100000000000001
Colton McKivitz,2025,4,0
Jonah Jackson,2025,4,0
Jauan Jennings,2025,4,4.4
Javon Kinlaw,2025,4,0
DaVon Hamilton,2025,4,0
Jordan Love,2025,4,26.28
A.J. Dillon,2025,4,1.7000000000000002
Jordan Elliott,2025,4,0
Jeff Okudah,2025,4,0
D'Andre Swift,2025,4,16
Grant Delpit,2025,4,0
K'Lavon Chaisson,2025,4,0
Yetur Gross-Matos,2025,4,0
Cole Kmet,2025,4,7.6000000000000005
Jeremy Chinn,2025,4,0
Logan Wilson,2025,4,0
Akeem Davis-Gaither,2025,4,0
Mykal Walker,2025,4,0
Jaylinn Hawkins,2025,4,0
Darnell Mooney,2025,4,2.5
Braden Mann,2025,4,-3.4000000000000004
Justin Jefferson,2025,4,22.6
Patrick Queen,2025,4,0
Antonio Gibson,2025,4,8.7
Ashtyn Davis,2025,4,0
Devin Duvernay,2025,4,0
James Lynch,2025,4,0
Troy Dye,2025,4,0
Kevin Dotson,2025,4,0
Josh Metellus,2025,4,0
Kam Curl,2025,4,0
Justin Herbert,2025,4,14.520000000000001
Trevon Diggs,2025,4,0
Neville Gallimore,2025,4,0
John Simpson,2025,4,0
L'Jarius Sneed,2025,4,0
Amik Robertson,2025,4,0
Alohi Gilman,2025,4,0
Andrew Thomas,2025,4,0
Xavier McKinney,2025,4,0
Jalen Hurts,2025,4,18.4
Lloyd Cushenberry III,2025,4,0
Darnay Holmes,2025,4,0
Jerry Jeudy,2025,4,7.800000000000001
Jordyn Brooks,2025,4,0
Tee Higgins,2025,4,6.2
Antoine Winfield Jr.,2025,4,0
Van Jefferson,2025,4,1.6
Damien Lewis,2025,4,0
Zack Baun,2025,4,0
Adam Trautman,2025,4,5.2
Justin Strnad,2025,4,0
"Kenneth Murray, Jr.",2025,4,0
Rex Sunahara,2025,4,0
Kwity Paye,2025,4,0
Dayo Odeyingbo,2025,4,0
Will Fries,2025,4,0
Jamien Sherwood,2025,4,0
Michael Carter II,2025,4,0
Jason Pinnock,2025,4,0
Brandin Echols,2025,4,0
Rashod Bateman,2025,4,3.4000000000000004
Carlos Basham,2025,4,0
Nico Collins,2025,4,11.9
Chuba Hubbard,2025,4,9.9
Deommodore Lenoir,2025,4,0
Talanoa Hufanga,2025,4,0
Roy Lopez,2025,4,0
Nick McCloud,2025,4,0
Quintin Morris,2025,4,0
Jaylen Waddle,2025,4,7.800000000000001
Christian Darrisaw,2025,4,0
Nick Bolton,2025,4,0
Josh Myers,2025,4,0
Benjamin St-Juste,2025,4,0
Camryn Bynum,2025,4,0
Tylan Wallace,2025,4,2.4000000000000004
Noah Gray,2025,4,1.1
Tedarrell Slaton,2025,4,0
K.J. Britt,2025,4,0
Simi Fehoko,2025,4,0
Isaiah McDuffie,2025,4,0
Grant Stuard,2025,4,0
Zayne Anderson,2025,4,0
Devon Key,2025,4,0
Naquan Jones,2025,4,0
Adam Prentice,2025,4,0.4
Jack Stoll,2025,4,1.7000000000000002
Brock Wright,2025,4,0
Christian Elliss,2025,4,0
Riley Patterson,2025,4,10
Feleipe Franks,2025,4,0
Garret Wallow,2025,4,0
Tutu Atwell,2025,4,15.8
Cameron Sample,2025,4,0
Evan McPherson,2025,4,3
Ben Skowronek,2025,4,0
Chris Rumph II,2025,4,0
Nate Hobbs,2025,4,0
Pat Surtain II,2025,4,0
Rhamondre Stevenson,2025,4,5.1000000000000005
Kylen Granson,2025,4,0
Jay Tufele,2025,4,0
Tommy Togiai,2025,4,0
Luke Farrell,2025,4,2
Ja'Marr Chase,2025,4,7.300000000000001
Eric Stokes,2025,4,0
Joseph Ossai,2025,4,0
Bobby Brown III,2025,4,0
Larry Borom,2025,4,0
Khyiris Tonga,2025,4,0
DeVonta Smith,2025,4,4.9
Greg Rousseau,2025,4,0
Milton Williams,2025,4,0
Kenneth Gainwell,2025,4,31.4
Patrick Johnson,2025,4,0
Michael Carter,2025,4,0.1
Pete Werner,2025,4,0
Micah Parsons,2025,4,0
Zaven Collins,2025,4,0
Jaelan Phillips,2025,4,0
Paulson Adebo,2025,4,0
Odafe Oweh,2025,4,0
Andre Cisco,2025,4,0
Osa Odighizuwa,2025,4,0
Jaycee Horn,2025,4,0
Justin Fields,2025,4,27.14
Jonathon Cooper,2025,4,0
Tre'von Moehrig,2025,4,0
Amon-Ra St. Brown,2025,4,26
Derrick Barnes,2025,4,0
Joe Tryon-Shoyinka,2025,4,0
Kyle Pitts,2025,4,18
Trevor Lawrence,2025,4,11.66
Travis Etienne,2025,4,19.5
Tyson Campbell,2025,4,0
Walker Little,2025,4,0
Elijah Moore,2025,4,0
Christian Barmore,2025,4,0
Trey Sermon,2025,4,0
Robert Hainsey,2025,4,0
Nahshon Wright,2025,4,0
Brandon Stephens,2025,4,0
Joshua Palmer,2025,4,4.5
Malcolm Koonce,2025,4,0
Divine Deablo,2025,4,0
Elijah Molden,2025,4,0
Ernest Jones,2025,4,0
Baron Browning,2025,4,0
Greg Newsome II,2025,4,0
Javonte Williams,2025,4,19
Jevon Holland,2025,4,0
Chazz Surratt,2025,4,0
Hunter Long,2025,4,11.3
Tommy Tremble,2025,4,15.2
Dee Alford,2025,4,0
Jordan Davis,2025,4,0
Quay Walker,2025,4,0
Devonte Wyatt,2025,4,0
Sean Rhyan,2025,4,0
Riq Woolen,2025,4,0
Dominique Robinson,2025,4,0
Kingsley Enagbare,2025,4,0
Tyler Badie,2025,4,2.1
Grant Calcaterra,2025,4,2.6
Bo Melton,2025,4,0
Dareke Young,2025,4,0
Elijah Hicks,2025,4,0
Jaylon Jones,2025,4,0
Jack Sanborn,2025,4,0
Jake Tonges,2025,4,14.8
Tyler Goodson,2025,4,1
Josh Blackwell,2025,4,0
Reed Blankenship,2025,4,0
Josh Jobe,2025,4,0
Tony Adams,2025,4,0
Bam Knight,2025,4,0
Sauce Gardner,2025,4,0
Trent McDuffie,2025,4,0
George Karlaftis,2025,4,0
Bryan Cook,2025,4,0
Darian Kinnard,2025,4,0
Jaylen Watson,2025,4,0
Isiah Pacheco,2025,4,12.8
Brenden Schooler,2025,4,0
Jack Cochrane,2025,4,0
Cameron Dicker,2025,4,5
Ikem Ekwonu,2025,4,0
Travon Walker,2025,4,0
Aidan Hutchinson,2025,4,0
Derek Stingley Jr.,2025,4,0
Drake London,2025,4,25
Chris Olave,2025,4,10
Jameson Williams,2025,4,5.7
Kaiir Elam,2025,4,0
Tyler Smith,2025,4,0
Devin Lloyd,2025,4,0
Jalen Pitre,2025,4,0
George Pickens,2025,4,33.4
James Cook,2025,4,22.500000000000004
Nik Bonitto,2025,4,0
Marcus Jones,2025,4,6
Terrel Bernard,2025,4,0
Rachaad White,2025,4,8.600000000000001
Khalil Shakir,2025,4,17.9
Thomas Booker,2025,4,0
Tyler Allgeier,2025,4,11.100000000000001
Jerome Ford,2025,4,1.3
Zyon McCollum,2025,4,0
D'Marco Jackson,2025,4,0
DaRon Bland,2025,4,0
Luke Wattenberg,2025,4,0
Matthew Butler,2025,4,0
James Mitchell,2025,4,3.7
Matt Araiza,2025,4,0
Christian Benford,2025,4,0
Jalen Nailor,2025,4,7.2
Drew Ogletree,2025,4,0
Theo Jackson,2025,4,0
Austin Deculus,2025,4,0
Connor Heyward,2025,4,0.2
James Houston,2025,4,0
Montaric Brown,2025,4,0
Cameron Goode,2025,4,0
Mark Robinson,2025,4,0
Chase Lucas,2025,4,0
Rodney Thomas,2025,4,0
D'Anthony Bell,2025,4,0
Tanner Conner,2025,4,0
Ja'Quan McMillian,2025,4,0
Tomon Fox,2025,4,0
Jake Hansen,2025,4,0
Tristin McCollum,2025,4,0
Ryan Wright,2025,4,0
Isaiah Pola-Mao,2025,4,0
Tay Martin,2025,4,2.4000000000000004
Jordan Mason,2025,4,9.2
Segun Olubi,2025,4,0
John Parker Romo,2025,4,10
Nephi Sewell,2025,4,0
Rashid Shaheed,2025,4,9.2
Daniel Whelan,2025,4,0
Markquese Bell,2025,4,0
Juanyeh Thomas,2025,4,0
Nate Landman,2025,4,0
Tre Avery,2025,4,0
Julius Chestnut,2025,4,0
Jack Gibbens,2025,4,0
Sam Okuayinonu,2025,4,0
Kayvon Thibodeaux,2025,4,0
John Metchie III,2025,4,3
Nick Cross,2025,4,0
Hassan Haskins,2025,4,0
Jacob Hummel,2025,4,0
Tucker Fisk,2025,4,0
Sam Williams,2025,4,0
Jalen Tolbert,2025,4,10.100000000000001
Kerby Joseph,2025,4,0
Brandon Aubrey,2025,4,8
Garrett Wilson,2025,4,20.200000000000003
Jahan Dotson,2025,4,0
Daxton Hill,2025,4,0
Trey McBride,2025,4,12.2
Velus Jones Jr.,2025,4,0
Brian Robinson Jr.,2025,4,2.1
Tycen Anderson,2025,4,0
Cam Taylor-Britt,2025,4,0
Bernhard Raimann,2025,4,0
Cordale Flott,2025,4,0
Dondrea Tillman,2025,4,0
KaVontae Turpin,2025,4,6.4
Jeremy Ruckert,2025,4,3.3000000000000003
DeAngelo Malone,2025,4,0
Chigoziem Okonkwo,2025,4,1.4
Chad Muma,2025,4,0
Cameron Thomas,2025,4,0
Romeo Doubs,2025,4,29.8
Zion Johnson,2025,4,0
Leo Chenal,2025,4,0
Kalia Davis,2025,4,0
Brock Purdy,2025,4,19.66
Calvin Austin III,2025,4,3.3
Cobie Durant,2025,4,0
Kyren Williams,2025,4,10.399999999999999
Quentin Lake,2025,4,0
Daniel Hardy,2025,4,0
Kyle Hamilton,2025,4,0
Jack Jones,2025,4,0
Jake Ferguson,2025,4,17
Skyy Moore,2025,4,0
Jordan Stout,2025,4,0
Akayleb Evans,2025,4,0
Tyquan Thornton,2025,4,8.1
Eyioma Uwazurike,2025,4,0
Micheal Clemons,2025,4,0
Cam Jurgens,2025,4,0
Daniel Bellinger,2025,4,2.3
Arnold Ebiketie,2025,4,0
Wan'Dale Robinson,2025,4,4.4
Jalyn Armour-Davis,2025,4,0
Breece Hall,2025,4,16.1
Alontae Taylor,2025,4,0
Dane Belton,2025,4,0
Roger McCreary,2025,4,0
Logan Hall,2025,4,0
Cade Otton,2025,4,3.9
Boye Mafe,2025,4,0
Kenneth Walker III,2025,4,12
Jaquan Brisker,2025,4,0
Coby Bryant,2025,4,0
David Ojabo,2025,4,0
Xavier Smith,2025,4,0
Alex Ward,2025,4,0
Kyu Blu Kelly,2025,4,0
Jalen Carter,2025,4,0
Colby Wooden,2025,4,0
Noah Sewell,2025,4,0
Dontayvion Wicks,2025,4,3.9000000000000004
Karl Brooks,2025,4,0
Carrington Valentine,2025,4,0
Moro Ojomo,2025,4,0
Andre Szmyt,2025,4,3
Zavier Scott,2025,4,16.4
Malik Heath,2025,4,1.9
Claudin Cherelus,2025,4,0
Trenton Simpson,2025,4,0
Tavius Robinson,2025,4,0
Nikko Remigio,2025,4,0
DJ Johnson,2025,4,0
Paris Johnson Jr.,2025,4,0
Tyree Wilson,2025,4,0
Bijan Robinson,2025,4,27.1
Jaxon Smith-Njigba,2025,4,13
Quentin Johnston,2025,4,23.8
Mazi Smith,2025,4,0
Myles Murphy,2025,4,0
Luke Schoonmaker,2025,4,2.8
DJ Turner II,2025,4,0
Kendre Miller,2025,4,12.5
Riley Moss,2025,4,0
Daiyan Henley,2025,4,0
Tank Bigsby,2025,4,0
Dorian Williams,2025,4,0
Darnell Washington,2025,4,5
Michael Wilson,2025,4,4.5
Jordan Battle,2025,4,0
Tre Tucker,2025,4,4.2
Cameron Latu,2025,4,0
Mekhi Blackmon,2025,4,0
Chad Ryland,2025,4,10
Clark Phillips III,2025,4,0
Isaiah McGuire,2025,4,0
Charlie Jones,2025,4,0
Nick Herbig,2025,4,0
Jay Ward,2025,4,0
Jordan Howden,2025,4,0
Justin Shorter,2025,4,0
Darrell Luter Jr.,2025,4,0
Antonio Johnson,2025,4,0
Chase Brown,2025,4,10.1
Henry To'oTo'o,2025,4,0
Owen Pappoe,2025,4,0
Chris Smith II,2025,4,0
Parker Washington,2025,4,5.9
Kayshon Boutte,2025,4,2.8
Bryce Baringer,2025,4,0
Chris Rodriguez Jr.,2025,4,5.9
Scott Matlock,2025,4,1.1
Xavier Hutchinson,2025,4,3.7
Andrei Iosivas,2025,4,3.7
Dante Stills,2025,4,0
Dee Winters,2025,4,0
DeMarcco Hellams,2025,4,0
Brayden Willis,2025,4,0
Alex Austin,2025,4,0
Cory Durden,2025,4,0
Trevor Nowaske,2025,4,0
Tyrell Shavers,2025,4,0
Chris Brooks,2025,4,1.1
Brandon Pili,2025,4,0
Emari Demercado,2025,4,10.1
Blake Whiteheart,2025,4,0
Mohamoud Diabate,2025,4,0
Ronnie Hickman Jr.,2025,4,0
Julian Hill,2025,4,2.9000000000000004
Hunter Luepke,2025,4,0.6000000000000001
Tyrus Wheat,2025,4,0
Jake Bobo,2025,4,2.7
Jalen Redmond,2025,4,0
Nate Adkins,2025,4,2.5
Art Green,2025,4,0
Thomas Incoom,2025,4,0
PJ Mustipher,2025,4,0
Alex Palczewski,2025,4,0
Emanuel Wilson,2025,4,11.100000000000001
Ivan Pace Jr.,2025,4,0
Kaevon Merriweather,2025,4,0
Mitchell Tinsley,2025,4,1.9
Brycen Tremayne,2025,4,5.6
Caleb Murphy,2025,4,0
Shaka Heyward,2025,4,0
Jacob Saylors,2025,4,1.1
Blake Grupe,2025,4,9
Drake Thomas,2025,4,0
Dalton Kincaid,2025,4,9.8
Anton Harrison,2025,4,0
Brenton Strange,2025,4,10.5
Tyler Lacy,2025,4,0
Sean Tucker,2025,4,0
Markees Watts,2025,4,0
Marvin Mims Jr.,2025,4,20.5
Byron Young,2025,4,0
Cedric Tillman,2025,4,1.6
Zach Harrison,2025,4,0
Wanya Morris,2025,4,0
Chamarri Conner,2025,4,0
Kei'Trel Clark,2025,4,0
Nic Jones,2025,4,0
Jordan Addison,2025,4,15.4
Bryan Bresee,2025,4,0
Tucker Kraft,2025,4,10.600000000000001
Josh Downs,2025,4,6.4
Deonte Banks,2025,4,0
Sydney Brown,2025,4,6
Jack Campbell,2025,4,0
John Michael Schmitz,2025,4,0
Roschon Johnson,2025,4,0
Jake Andrews,2025,4,0
Adetomiwa Adebawore,2025,4,0
De'Von Achane,2025,4,16.1
Elijah Higgins,2025,4,0
Derick Hall,2025,4,0
SirVocea Dennis,2025,4,0
Payne Durham,2025,4,0
Josh Hayes,2025,4,0
Marte Mapu,2025,4,0
Ethan Evans,2025,4,0
Zay Flowers,2025,4,14.4
Sam LaPorta,2025,4,6.9
Yaya Diaby,2025,4,0
Gervon Dexter Sr.,2025,4,0
Tyrique Stevenson,2025,4,0
Davis Allen,2025,4,1
Puka Nacua,2025,4,36
Will Anderson Jr.,2025,4,0
Broderick Jones,2025,4,0
Keeanu Benton,2025,4,0
Tuli Tuipulotu,2025,4,0
Byron Young,2025,4,0
Kobie Turner,2025,4,0
Jahmyr Gibbs,2025,4,17.700000000000003
Kelee Ringo,2025,4,0
Brian Branch,2025,4,0
Will McDonald IV,2025,4,0
Luke Musgrave,2025,4,1.6
Joe Tippmann,2025,4,0
Christian Gonzalez,2025,4,0
Keion White,2025,4,0
Quan Martin,2025,4,0
Bryce Young,2025,4,10.3
Emmanuel Forbes,2025,4,0
C.J. Stroud,2025,4,18.42
Zach Charbonnet,2025,4,12.4
Devon Witherspoon,2025,4,0
Jake Bates,2025,4,13
Basil Okoye,2025,4,0
Austin Ajiake,2025,4,0
Nate Wiggins,2025,4,0
Roger Rosengarten,2025,4,0
T.J. Tampa,2025,4,0
George Holani,2025,4,0
Byron Murphy II,2025,4,0
Ryan Rehkow,2025,4,0
Christian Roland-Wallace,2025,4,0
Malik Nabers,2025,4,4
Brock Bowers,2025,4,9.600000000000001
Taliese Fuaga,2025,4,0
Laiatu Latu,2025,4,0
Kamari Lassiter,2025,4,0
Trevin Wallace,2025,4,0
Marist Liufau,2025,4,0
Jarrian Jones,2025,4,0
Luke McCaffrey,2025,4,10.1
Bucky Irving,2025,4,25.5
Tarheeb Still,2025,4,0
Cam Hart,2025,4,0
JD Bertrand,2025,4,0
Tommy Eichenberg,2025,4,0
Josh Newton,2025,4,0
Spencer Rattler,2025,4,12.94
Chau Smith-Wade,2025,4,0
Kimani Vidal,2025,4,0
Casey Washington,2025,4,2.9000000000000004
Jamal Hill,2025,4,0
Khristian Boyd,2025,4,0
Will Reichard,2025,4,8
Dylan Laube,2025,4,0
Christian Mahogany,2025,4,0
Cam Little,2025,4,8
Ryan Flournoy,2025,4,4.6000000000000005
Javontae Jean-Baptiste,2025,4,0
Myles Harden,2025,4,0
Levi Drake Rodriguez,2025,4,0
Nathan Thomas,2025,4,0
Jonah Laulu,2025,4,0
Jowon Briggs,2025,4,0
Jaylen Harrell,2025,4,0
Isaiah Williams,2025,4,0
Theo Benedet,2025,4,0
Carl Jones,2025,4,0
Reddy Steward,2025,4,0
Xavier Weaver,2025,4,0
Spencer Shrader,2025,4,10
Dalton Tucker,2025,4,0
Kameron Johnson,2025,4,0
Rashad Wisdom,2025,4,0
PJ Jules,2025,4,0
Austin McNamara,2025,4,0
Tyler Owens,2025,4,0
Colson Yankoff,2025,4,0
Dell Pettus,2025,4,0
Bo Richter,2025,4,0
Bo Nix,2025,4,26.74
Ruke Orhorhoro,2025,4,0
Braden Fiske,2025,4,0
Jackson Powers-Johnson,2025,4,0
Blake Corum,2025,4,3.5999999999999996
Jalyx Hunt,2025,4,0
Payton Wilson,2025,4,0
Tory Taylor,2025,4,0
Will Shipley,2025,4,0
Tyler Davis,2025,4,0
Joshua Karty,2025,4,10
Jordan Whittington,2025,4,1.7000000000000002
Devin Culp,2025,4,0
KT Leveston,2025,4,0
Joe Andreessen,2025,4,0
Charles Woods,2025,4,0
Josh Wallace,2025,4,0
Omar Speights,2025,4,0
Jaylen McCollough,2025,4,0
Anthony Goodlow,2025,4,0
Devontez Walker,2025,4,0
AJ Barner,2025,4,12.2
Braelon Allen,2025,4,0.6000000000000001
Nehemiah Pritchett,2025,4,0
Rasheen Ali,2025,4,0
Isaiah Davis,2025,4,4.7
Max Melton,2025,4,0
Evan Williams,2025,4,0
Tyrice Knight,2025,4,0
Anthony Gould,2025,4,0
Andru Phillips,2025,4,0
Jaden Hicks,2025,4,0
Jeremiah Trotter Jr.,2025,4,0
Darius Muasau,2025,4,0
Kamren Kinchens,2025,4,0
Justin Eboigbe,2025,4,0
Cooper DeJean,2025,4,0
Tykee Smith,2025,4,0
Theo Johnson,2025,4,10.7
Marvin Harrison Jr.,2025,4,18.6
Edgerrin Cooper,2025,4,0
Drake Maye,2025,4,23.220000000000002
Jared Verse,2025,4,0
Darius Robinson,2025,4,0
Cedric Gray,2025,4,0
Brandon Dorlus,2025,4,0
Kool-Aid McKinstry,2025,4,0
Tyler Nubin,2025,4,0
Dadrion Taylor-Demerson,2025,4,0
Javon Bullard,2025,4,0
Troy Franklin,2025,4,9.5
Cole Bishop,2025,4,0
Ray Davis,2025,4,0.30000000000000004
Javon Solomon,2025,4,0
Malik Washington,2025,4,4.1
Quinyon Mitchell,2025,4,0
Maason Smith,2025,4,0
Adonai Mitchell,2025,4,10.600000000000001
Brian Thomas Jr.,2025,4,10.600000000000001
Xavier Worthy,2025,4,17.1
Mike Sainristil,2025,4,0
Patrick Paul,2025,4,0
Marshawn Kneeland,2025,4,0
Keon Coleman,2025,4,7.5
Chris Braswell,2025,4,0
Terrion Arnold,2025,4,0
Jordan Morgan,2025,4,0
Jer'Zhan Newton,2025,4,0
Kris Jenkins,2025,4,0
Ben Sinnott,2025,4,0
Ladd McConkey,2025,4,2.1
Ricky Pearsall,2025,4,8.600000000000001
Michael Penix Jr.,2025,4,19.72
Caleb Williams,2025,4,10.780000000000001
Rome Odunze,2025,4,16.9
Trey Benson,2025,4,10.4
Dallas Turner,2025,4,0
Amarius Mims,2025,4,0
Jude McAtamney,2025,4,7
Savion Williams,2025,4,5.300000000000001
Shemar James,2025,4,0
Nazir Stackhouse,2025,4,0
Teddye Buchanan,2025,4,0
Mac McWilliams,2025,4,0
Tyler Loop,2025,4,9
Aeneas Peebles,2025,4,0
Brashard Smith,2025,4,6.6
Jay Higgins,2025,4,0
Cooper McDonald,2025,4,0
Ashton Jeanty,2025,4,33.5
Armand Membou,2025,4,0
Tetairoa McMillan,2025,4,10.2
Kenneth Grant,2025,4,0
Tyler Warren,2025,4,18.3
Emeka Egbuka,2025,4,20.1
Jayden Higgins,2025,4,9.4
Kyle Williams,2025,4,-0.2
Pat Bryant,2025,4,0
Princely Umanmielen,2025,4,0
Jordan Burch,2025,4,0
Jaylin Noel,2025,4,1
Dylan Fairchild,2025,4,0
Kaleb Johnson,2025,4,2.2
Jacob Parrish,2025,4,0
Jamaree Caldwell,2025,4,0
Xavier Watts,2025,4,0
Upton Stout,2025,4,0
Tai Felton,2025,4,0
Danny Stutsman,2025,4,0
Billy Bowman Jr.,2025,4,0
Barrett Carter,2025,4,0
Lathan Ransom,2025,4,0
Jack Sawyer,2025,4,0
Dylan Sampson,2025,4,-0.2
Jaylin Lane,2025,4,3.8
Malachi Moore,2025,4,0
Quincy Riley,2025,4,0
Elic Ayomanor,2025,4,6.4
Joshua Farmer,2025,4,0
Cam Jackson,2025,4,0
Jordan Phillips,2025,4,0
Dante Trader Jr.,2025,4,0
Elijah Roberts,2025,4,0
KeAndre Lambert-Smith,2025,4,0
Marques Sigle,2025,4,0
Francisco Mauigoa,2025,4,0
Mitchell Evans,2025,4,11.3
Oronde Gadsden II,2025,4,3.6
Jordan Hancock,2025,4,0
Jackson Hawes,2025,4,2.5
Denzel Burke,2025,4,0
Tyler Baron,2025,4,0
Dorian Strong,2025,4,0
Ollie Gordon,2025,4,1
JJ Pegues,2025,4,0
Andy Borregales,2025,4,6
Marcus Harris,2025,4,0
Tahj Brooks,2025,4,0
Rayuan Lane III,2025,4,0
Kobe King,2025,4,0
Jeremy Crawshaw,2025,4,0
Kitan Crawford,2025,4,0
Carson Bruener,2025,4,0
Kyle Monangai,2025,4,1.8
Tez Johnson,2025,4,2.3
LeQuint Allen Jr.,2025,4,1.7000000000000002
Jacory Croskey-Merritt,2025,4,7.7
Adin Huntington,2025,4,0
Jahdae Walker,2025,4,0
Ryan Fitzgerald,2025,4,-1
Johnathan Edwards,2025,4,0
Elijah Simmons,2025,4,0
John Bullock,2025,4,0
Karene Reid,2025,4,0
Marlowe Wax,2025,4,0
Myles Price,2025,4,0
Jalon Walker,2025,4,0
Carson Schwesinger,2025,4,0
Josaiah Stewart,2025,4,0
Dont'e Thornton,2025,4,0
Woody Marks,2025,4,27.9
Gunnar Helm,2025,4,2.2
Ty Hamilton,2025,4,0
Shaun Dolac,2025,4,0
Elijah Williams,2025,4,0
Keyon Martin,2025,4,0
Ashton Gillotte,2025,4,0
Jonas Sanker,2025,4,0
Trevor Etienne,2025,4,3.3000000000000003
Cody Simon,2025,4,0
Jalen Royals,2025,4,0
Tory Horton,2025,4,2
Kai Kroeger,2025,4,0
Mykel Williams,2025,4,0
Harold Fannin,2025,4,4.5
Omarion Hampton,2025,4,27.5
Matthew Golden,2025,4,11.3
Nohl Williams,2025,4,0
Cameron Ward,2025,4,5.5200000000000005
Abdul Carter,2025,4,0
Derrick Harmon,2025,4,0
Mason Graham,2025,4,0
Malaki Starks,2025,4,0
Jaxson Dart,2025,4,18.840000000000003
Dillon Gabriel,2025,4,0
Chimere Dike,2025,4,-0.4
Jihaad Campbell,2025,4,0
Deone Walker,2025,4,0
Cam Skattebo,2025,4,13
Craig Woodson,2025,4,0
Travis Hunter,2025,4,6.2
Bhayshul Tuten,2025,4,3.2
Jahdae Barron,2025,4,0
Mike Green,2025,4,0
Jack Kiser,2025,4,0
T.J. Sanders,2025,4,0
Donovan Ezeiruaku,2025,4,0
Tre Harris,2025,4,0
Tate Ratledge,2025,4,0
Jack Bech,2025,4,0
RJ Harvey,2025,4,19.8
Trey Amos,2025,4,0
TreVeyon Henderson,2025,4,12.6
Luther Burden,2025,4,1.6
Mason Taylor,2025,4,11.5
Demetrius Knight Jr.,2025,4,0
Elijah Arroyo,2025,4,6.4
Shemar Turner,2025,4,0
JT Tuimoloau,2025,4,0
Nic Scourton,2025,4,0
Benjamin Morrison,2025,4,0
Andrew Mukuba,2025,4,0
Oluwafemi Oladejo,2025,4,0
Isaiah Bond,2025,4,8.8
Quinshon Judkins,2025,4,21.500000000000004
NA,2025,4,0
Matt Prater,2025,5,9
Nick Folk,2025,5,7
Calais Campbell,2025,5,0
Matthew Stafford,2025,5,25.560000000000002
Thomas Morstead,2025,5,0
Von Miller,2025,5,0
Cameron Jordan,2025,5,0
Johnny Hekker,2025,5,0
Bobby Wagner,2025,5,0
Kelvin Beachum,2025,5,0
Lavonte David,2025,5,0
Harrison Smith,2025,5,0
Demario Davis,2025,5,0
Bryan Anger,2025,5,0
Kyle Juszczyk,2025,5,5
Zach Ertz,2025,5,0
John Jenkins,2025,5,0
Sam Martin,2025,5,0
Tress Way,2025,5,0
Keenan Allen,2025,5,10.8
Tony Jefferson,2025,5,0
Travis Kelce,2025,5,19.1
DeAndre Hopkins,2025,5,6.6000000000000005
Geno Smith,2025,5,7.920000000000001
Mike Pennel,2025,5,0
DaQuan Jones,2025,5,0
Brent Urban,2025,5,0
Brandin Cooks,2025,5,1.5
Shelby Harris,2025,5,0
C.J. Goodwin,2025,5,0
Kyle Van Noy,2025,5,0
Jadeveon Clowney,2025,5,0
Davante Adams,2025,5,13.8
Jason Myers,2025,5,4
Shaq Thompson,2025,5,0
Eddie Goldman,2025,5,0
Za'Darius Smith,2025,5,0
Stefon Diggs,2025,5,24.6
Quandre Diggs,2025,5,0
Darren Waller,2025,5,18.8
Raheem Mostert,2025,5,2.2
Neville Hewitt,2025,5,0
Alex Singleton,2025,5,0
Leonard Williams,2025,5,0
Preston Smith,2025,5,0
Rakeem Nunez-Roches,2025,5,0
Dante Fowler Jr.,2025,5,0
Ameer Abdullah,2025,5,6.6
Arik Armstead,2025,5,0
Tyler Lockett,2025,5,1.6
Mario Edwards,2025,5,0
DeForest Buckner,2025,5,0
Laremy Tunsil,2025,5,0
Sterling Shepard,2025,5,11.9
Deion Jones,2025,5,0
Graham Glasgow,2025,5,0
Chris Moore,2025,5,0
Matthew Judon,2025,5,0
Elandon Roberts,2025,5,0
Ted Karras,2025,5,0
Kalif Raymond,2025,5,0
Mike Hilton,2025,5,0
Wil Lutz,2025,5,9
Roy Robertson-Harris,2025,5,0
Ka'imi Fairbairn,2025,5,18
Chris Jones,2025,5,0
Austin Johnson,2025,5,0
Derrick Henry,2025,5,9.3
Demarcus Robinson,2025,5,6.9
Jalen Mills,2025,5,0
A'Shawn Robinson,2025,5,0
C.J. Ham,2025,5,0
Antonio Hamilton,2025,5,0
Riley Dixon,2025,5,0
Carson Wentz,2025,5,14.74
Eric Murray,2025,5,0
Jihad Ward,2025,5,0
Jack Conklin,2025,5,0
Emmanuel Ogbah,2025,5,0
Dak Prescott,2025,5,28.28
Hunter Henry,2025,5,6.6000000000000005
Jonathan Bullard,2025,5,0
Jared Goff,2025,5,20.12
Javon Hargrave,2025,5,0
Jacoby Brissett,2025,5,0
Kenny Clark,2025,5,0
Maliek Collins,2025,5,0
Joey Bosa,2025,5,0
Johnny Mundt,2025,5,1.7000000000000002
Rigoberto Sanchez,2025,5,0
Christian McCaffrey,2025,5,27.9
Curtis Samuel,2025,5,10.6
Taylor Moton,2025,5,0
Jermaine Eluemunor,2025,5,0
D.J. Jones,2025,5,0
Harrison Butker,2025,5,4
Kendrick Bourne,2025,5,24.200000000000003
Eric Wilson,2025,5,0
Taysom Hill,2025,5,0.66
Tim Patrick,2025,5,0
Adam Butler,2025,5,0
Jonathan Allen,2025,5,0
Samaje Perine,2025,5,4.9
Garett Bolles,2025,5,0
Dalvin Tomlinson,2025,5,0
Rasul Douglas,2025,5,0
Matt Milano,2025,5,0
Xavier Woods,2025,5,0
Pat O'Connor,2025,5,0
Cooper Rush,2025,5,4.16
Jake Elliott,2025,5,5
Dare Ogunbowale,2025,5,0
JuJu Smith-Schuster,2025,5,3.7
Myles Garrett,2025,5,0
Solomon Thomas,2025,5,0
Jamal Adams,2025,5,0
Patrick Mahomes,2025,5,27.72
Marshon Lattimore,2025,5,0
Haason Reddick,2025,5,0
Derek Barnett,2025,5,0
Evan Engram,2025,5,13.3
Tre'Davious White,2025,5,0
David Njoku,2025,5,18.7
Cam Robinson,2025,5,0
Budda Baker,2025,5,0
Zay Jones,2025,5,2.8
Dion Dawkins,2025,5,0
Alvin Kamara,2025,5,9.5
Cooper Kupp,2025,5,11.9
Alex Anzalone,2025,5,0
Chris Godwin Jr.,2025,5,5.6
Kareem Hunt,2025,5,18.7
Jourdan Lewis,2025,5,0
Trey Hendrickson,2025,5,0
Rayshawn Jenkins,2025,5,0
Josh Reynolds,2025,5,5.9
Samson Ebukam,2025,5,0
Grover Stewart,2025,5,0
Jeremy McNichols,2025,5,2.8000000000000003
Al-Quadin Muhammad,2025,5,0
Chris Lammons,2025,5,0
Michael Dickson,2025,5,0
Daniel Carlson,2025,5,5
J.K. Scott,2025,5,0
Jacob Martin,2025,5,0
Eddy Pineiro,2025,5,17
Trent Sieg,2025,5,0
Darious Williams,2025,5,0
Poona Ford,2025,5,0
Elijah Campbell,2025,5,0
Jalyn Holmes,2025,5,0
Tyler Conklin,2025,5,5
Marquez Valdes-Scantling,2025,5,1.9
Tremon Smith,2025,5,0
Zach Sieler,2025,5,0
Frankie Luvu,2025,5,0
Daron Payne,2025,5,0
Courtland Sutton,2025,5,17.9
Uchenna Nwosu,2025,5,0
Dallas Goedert,2025,5,10.9
M.J. Stewart,2025,5,0
Donte Jackson,2025,5,0
Isaiah Oliver,2025,5,0
Tyquan Lewis,2025,5,0
Justin Reid,2025,5,0
Ian Thomas,2025,5,5
Da'Shawn Hand,2025,5,0
Dorance Armstrong,2025,5,0
Taron Johnson,2025,5,0
Avonte Maddox,2025,5,0
Josh Sweat,2025,5,0
Dalton Schultz,2025,5,11
Siran Neal,2025,5,0
Tim Settle,2025,5,0
Foye Oluokun,2025,5,0
Jordan Mailata,2025,5,0
Zaire Franklin,2025,5,0
Logan Cooke,2025,5,0
Jeremy Reaves,2025,5,0
Dennis Gardeck,2025,5,0
Trent Sherfield,2025,5,2.5
Tavierre Thomas,2025,5,0
Allen Lazard,2025,5,1.3
Trent Scott,2025,5,0
Charvarius Ward,2025,5,0
Robert Spillane,2025,5,0
Corey Bojorquez,2025,5,0
Jaire Alexander,2025,5,0
Orlando Brown,2025,5,0
Mark Andrews,2025,5,4.2
Oren Burks,2025,5,0
Nathan Shepherd,2025,5,0
Christian Kirk,2025,5,10.4
Carlton Davis III,2025,5,0
Harrison Phillips,2025,5,0
Minkah Fitzpatrick,2025,5,0
Derwin James,2025,5,0
Nick Chubb,2025,5,12.100000000000001
Jerome Baker,2025,5,0
B.J. Hill,2025,5,0
Sebastian Joseph-Day,2025,5,0
Fred Warner,2025,5,0
Derrick Nnadi,2025,5,0
Arden Key,2025,5,0
Harold Landry III,2025,5,0
Mike Gesicki,2025,5,3.5
Bradley Chubb,2025,5,0
Braden Smith,2025,5,0
Calvin Ridley,2025,5,18.1
Saquon Barkley,2025,5,17.8
Mike McGlinchey,2025,5,0
Baker Mayfield,2025,5,26.66
Denzel Ward,2025,5,0
Josh Allen,2025,5,20.42
Malik Turner,2025,5,0
Sam Darnold,2025,5,28.64
Mitch Wishnowsky,2025,5,0
Andrew Beck,2025,5,7.1
Jakobi Meyers,2025,5,7.2
Maxx Crosby,2025,5,0
Justice Hill,2025,5,2.2
Ben Powers,2025,5,0
Hunter Renfrow,2025,5,1.7000000000000002
E.J. Speed,2025,5,0
Ashton Dulin,2025,5,7.5
Jamie Gillan,2025,5,0
Jake Browning,2025,5,21.14
Patrick Mekari,2025,5,0
Alec Ingold,2025,5,0
Mack Wilson,2025,5,0
Jack Fox,2025,5,0
Azeez Al-Shaair,2025,5,0
AJ Cole,2025,5,0
Joey Slye,2025,5,12
Del'Shawn Phillips,2025,5,0
Kyler Murray,2025,5,15.3
T.J. Hockenson,2025,5,9.8
Byron Murphy,2025,5,0
Jawaan Taylor,2025,5,0
Jahlani Tavai,2025,5,0
Zach Allen,2025,5,0
Josh Oliver,2025,5,11.5
Devin Singletary,2025,5,3.4
Anthony Nelson,2025,5,0
Tony Pollard,2025,5,14.799999999999999
Drue Tranquill,2025,5,0
Matt Gay,2025,5,9
Mike Jackson,2025,5,0
Charles Omenihu,2025,5,0
Jake Bailey,2025,5,0
Donovan Wilson,2025,5,0
Tyrel Dodson,2025,5,0
Cam Lewis,2025,5,0
Chase McLaughlin,2025,5,12
Andrew Wingard,2025,5,0
Carl Granderson,2025,5,0
Shy Tuttle,2025,5,0
Luke Gifford,2025,5,0
Greg Dortch,2025,5,3.2
Devin Bush,2025,5,0
Darius Slayton,2025,5,4.1
Ty Johnson,2025,5,1
Craig Reynolds,2025,5,0
Alex Bachman,2025,5,1.9
Troy Reeder,2025,5,0
Jonah Williams,2025,5,0
Drew Sample,2025,5,0.9
Amani Hooker,2025,5,0
Rock Ya-Sin,2025,5,0
Josh Hines-Allen,2025,5,0
Jeffery Simmons,2025,5,0
Gunner Olszewski,2025,5,0
Hollywood Brown,2025,5,8.8
Taylor Rapp,2025,5,0
Nick Scott,2025,5,0
Cody Barton,2025,5,0
Jerry Tillery,2025,5,0
A.J. Brown,2025,5,9.3
Dre'Mont Jones,2025,5,0
Connor McGovern,2025,5,0
Dexter Lawrence,2025,5,0
David Montgomery,2025,5,18.220000000000002
Bobby Okereke,2025,5,0
Trey Pipkins,2025,5,0
Dawson Knox,2025,5,3.5
Clelin Ferrell,2025,5,0
Jalen Thompson,2025,5,0
Devin White,2025,5,0
Daniel Jones,2025,5,16.68
Brian Burns,2025,5,0
Quinnen Williams,2025,5,0
Deebo Samuel Sr.,2025,5,23.6
Brett Toth,2025,5,0
Benito Jones,2025,5,0
Blake Gillikin,2025,5,0
Tommy Townsend,2025,5,0
Joe Bachie,2025,5,0
Christian Rozeboom,2025,5,0
Krys Barnes,2025,5,0
Sam Franklin Jr.,2025,5,0
Juwan Johnson,2025,5,3.7
Rico Dowdle,2025,5,32.4
Bryce Huff,2025,5,0
J.K. Dobbins,2025,5,15.4
Joshua Uche,2025,5,0
Teair Tart,2025,5,0
Reggie Gilliam,2025,5,0
A.J. Epenesa,2025,5,0
Anfernee Jennings,2025,5,0
Geno Stone,2025,5,0
Tua Tagovailoa,2025,5,22.740000000000002
Derrick Brown,2025,5,0
Brandon Jones,2025,5,0
Isaiah Rodgers,2025,5,0
Jonathan Taylor,2025,5,31.6
Jonathan Greenard,2025,5,0
Kyle Dugger,2025,5,0
Harrison Bryant,2025,5,1.5
Colby Parkinson,2025,5,0
Michael Pittman Jr.,2025,5,14.9
Colton McKivitz,2025,5,0
Javon Kinlaw,2025,5,0
DaVon Hamilton,2025,5,0
A.J. Dillon,2025,5,1.2000000000000002
Jordan Elliott,2025,5,0
Jeff Okudah,2025,5,0
Grant Delpit,2025,5,0
Yetur Gross-Matos,2025,5,0
Jeremy Chinn,2025,5,0
Logan Wilson,2025,5,0
Akeem Davis-Gaither,2025,5,0
Jaylinn Hawkins,2025,5,0
Trevis Gipson,2025,5,0
Kindle Vildor,2025,5,0
Braden Mann,2025,5,0
Justin Jefferson,2025,5,19.3
Antonio Gibson,2025,5,3.6
Ashtyn Davis,2025,5,0
D.J. Wonnum,2025,5,0
James Lynch,2025,5,0
Troy Dye,2025,5,0
Josh Metellus,2025,5,0
Kam Curl,2025,5,0
Justin Herbert,2025,5,15.64
Damon Arnette,2025,5,0
Trevon Diggs,2025,5,0
Neville Gallimore,2025,5,0
John Simpson,2025,5,0
L'Jarius Sneed,2025,5,0
Amik Robertson,2025,5,0
Michael Danna,2025,5,0
Alohi Gilman,2025,5,0
Jalen Hurts,2025,5,19.500000000000004
Darnay Holmes,2025,5,0
Jerry Jeudy,2025,5,3.5
Jordyn Brooks,2025,5,0
Tee Higgins,2025,5,11.2
Antoine Winfield Jr.,2025,5,0
Darrell Taylor,2025,5,0
Cam Akers,2025,5,5.28
Zack Baun,2025,5,0
Terrell Burgess,2025,5,0
Adam Trautman,2025,5,2.1
Albert Okwuegbunam,2025,5,8.6
DeeJay Dallas,2025,5,0
Justin Strnad,2025,5,0
"Kenneth Murray, Jr.",2025,5,0
Rex Sunahara,2025,5,0
Jamien Sherwood,2025,5,0
Jason Pinnock,2025,5,0
Rashod Bateman,2025,5,0
Azeez Ojulari,2025,5,0
Nico Collins,2025,5,16
Deommodore Lenoir,2025,5,0
Talanoa Hufanga,2025,5,0
Roy Lopez,2025,5,0
Quintin Morris,2025,5,0
Alaric Jackson,2025,5,0
Jordan Meredith,2025,5,0
Jaylen Waddle,2025,5,23
Dee Eskridge,2025,5,0
Nick Bolton,2025,5,0
Josh Myers,2025,5,0
Benjamin St-Juste,2025,5,0
Dyami Brown,2025,5,3.5
John Bates,2025,5,1.9
Camryn Bynum,2025,5,0
Tedarrell Slaton,2025,5,0
K.J. Britt,2025,5,0
Simi Fehoko,2025,5,0
Stone Forsythe,2025,5,0
Grant Stuard,2025,5,0
Devon Key,2025,5,0
Charles Snowden,2025,5,0
Adam Prentice,2025,5,0.8
Curtis Robinson,2025,5,0
Brock Wright,2025,5,8.9
Christian Elliss,2025,5,0
Riley Patterson,2025,5,7
Tutu Atwell,2025,5,9.2
Cameron Sample,2025,5,0
Evan McPherson,2025,5,8
Chris Rumph II,2025,5,0
Pat Surtain II,2025,5,0
Rhamondre Stevenson,2025,5,14.7
Kylen Granson,2025,5,0
Jay Tufele,2025,5,0
Tommy Togiai,2025,5,0
Tre Brown,2025,5,0
Luke Farrell,2025,5,1.8
Davis Mills,2025,5,1.2200000000000002
Ja'Marr Chase,2025,5,29
Joseph Ossai,2025,5,0
Khalil Herbert,2025,5,0
Khyiris Tonga,2025,5,0
DeVonta Smith,2025,5,19.4
Greg Rousseau,2025,5,0
Milton Williams,2025,5,0
Michael Carter,2025,5,18.3
Pete Werner,2025,5,0
Zaven Collins,2025,5,0
Jaelan Phillips,2025,5,0
Paulson Adebo,2025,5,0
Odafe Oweh,2025,5,0
Andre Cisco,2025,5,0
Osa Odighizuwa,2025,5,0
Jaycee Horn,2025,5,0
Justin Fields,2025,5,25.92
Avery Williams,2025,5,0
Jonathon Cooper,2025,5,0
Darren Hall,2025,5,0
Tre'von Moehrig,2025,5,0
Amon-Ra St. Brown,2025,5,18
Derrick Barnes,2025,5,0
Joe Tryon-Shoyinka,2025,5,0
Trevor Lawrence,2025,5,27.240000000000002
Mac Jones,2025,5,22.18
Travis Etienne,2025,5,8.8
Tyson Campbell,2025,5,0
Christian Barmore,2025,5,0
Brandon Stephens,2025,5,0
Joshua Palmer,2025,5,5.6
Malcolm Koonce,2025,5,0
Elijah Molden,2025,5,0
Ifeatu Melifonwu,2025,5,0
Ernest Jones,2025,5,0
Baron Browning,2025,5,0
Greg Newsome II,2025,5,0
Javonte Williams,2025,5,26.9
Jevon Holland,2025,5,0
Chazz Surratt,2025,5,0
Hunter Long,2025,5,1.3
Tommy Tremble,2025,5,1.7000000000000002
Patrick Jones II,2025,5,0
Trey Lance,2025,5,2.8600000000000003
Jordan Davis,2025,5,0
Riq Woolen,2025,5,0
Tyler Badie,2025,5,2.6
Grant Calcaterra,2025,5,3.8
Dareke Young,2025,5,4.6
Jack Sanborn,2025,5,0
Jake Tonges,2025,5,17.1
Reed Blankenship,2025,5,0
Josh Jobe,2025,5,0
Tony Adams,2025,5,0
Bam Knight,2025,5,9.4
Sauce Gardner,2025,5,0
Trent McDuffie,2025,5,0
George Karlaftis,2025,5,0
Bryan Cook,2025,5,0
Jaylen Watson,2025,5,0
Isiah Pacheco,2025,5,8.6
LaBryan Ray,2025,5,0
Brenden Schooler,2025,5,0
Jack Cochrane,2025,5,0
Cameron Dicker,2025,5,6
Aidan Hutchinson,2025,5,0
Derek Stingley Jr.,2025,5,0
Chris Olave,2025,5,12.9
Jameson Williams,2025,5,2
Kaiir Elam,2025,5,0
Devin Lloyd,2025,5,0
Jalen Pitre,2025,5,0
George Pickens,2025,5,13.7
James Cook,2025,5,4.9
Nik Bonitto,2025,5,0
Alex Wright,2025,5,0
Marcus Jones,2025,5,0
Terrel Bernard,2025,5,0
Rachaad White,2025,5,23.1
Dameon Pierce,2025,5,2.1
DJ Davidson,2025,5,0
Khalil Shakir,2025,5,11
Thomas Booker,2025,5,0
Jerome Ford,2025,5,5.8
Zyon McCollum,2025,5,0
Otito Ogbonnia,2025,5,0
DaRon Bland,2025,5,0
Matthew Butler,2025,5,0
James Mitchell,2025,5,2.1
Matt Araiza,2025,5,0
Vederian Lowe,2025,5,0
Christian Benford,2025,5,0
Jalen Nailor,2025,5,7.2
Theo Jackson,2025,5,0
James Houston,2025,5,0
Montaric Brown,2025,5,0
Cameron Goode,2025,5,0
Mark Robinson,2025,5,0
Chase Lucas,2025,5,0
Rodney Thomas,2025,5,0
D'Anthony Bell,2025,5,0
Zaire Mitchell-Paden,2025,5,1.3
Tanner Conner,2025,5,3.6
Ja'Quan McMillian,2025,5,0
Jake Hansen,2025,5,0
Tristin McCollum,2025,5,0
Ryan Wright,2025,5,0
Isaiah Pola-Mao,2025,5,0
Tay Martin,2025,5,1.9
Jordan Mason,2025,5,12.6
Segun Olubi,2025,5,0
Rashid Shaheed,2025,5,21.4
Markquese Bell,2025,5,0
Juanyeh Thomas,2025,5,0
Nate Landman,2025,5,0
Tre Avery,2025,5,0
Julius Chestnut,2025,5,0.30000000000000004
Jack Gibbens,2025,5,0
Sam Okuayinonu,2025,5,0
Kayvon Thibodeaux,2025,5,0
Nick Cross,2025,5,0
Hassan Haskins,2025,5,2.5
Sam Williams,2025,5,0
Jalen Tolbert,2025,5,0
Kerby Joseph,2025,5,0
Brandon Aubrey,2025,5,6
Garrett Wilson,2025,5,19.1
Jahan Dotson,2025,5,3.4000000000000004
Daxton Hill,2025,5,0
Trey McBride,2025,5,9.100000000000001
Velus Jones Jr.,2025,5,0
Brian Robinson Jr.,2025,5,1.2000000000000002
Tycen Anderson,2025,5,0
Cam Taylor-Britt,2025,5,0
Travis Jones,2025,5,0
Bernhard Raimann,2025,5,0
Cordale Flott,2025,5,0
Dondrea Tillman,2025,5,0
Zachary Carter,2025,5,0
Jeremy Ruckert,2025,5,6.800000000000001
Chigoziem Okonkwo,2025,5,8.8
Chad Muma,2025,5,0
Leo Chenal,2025,5,0
Kalia Davis,2025,5,0
Isaiah Likely,2025,5,2.2
Cobie Durant,2025,5,0
Kyren Williams,2025,5,31.1
Quentin Lake,2025,5,0
Derion Kendrick,2025,5,0
Jack Jones,2025,5,0
Jake Ferguson,2025,5,23.9
Joshua Williams,2025,5,0
Charlie Kolar,2025,5,2
Skyy Moore,2025,5,0.1
Jordan Stout,2025,5,0
Phidarian Mathis,2025,5,0
Percy Butler,2025,5,0
Cole Strange,2025,5,0
Tyquan Thornton,2025,5,12
Eyioma Uwazurike,2025,5,0
Micheal Clemons,2025,5,0
Daniel Bellinger,2025,5,9.2
Wan'Dale Robinson,2025,5,8.2
Jalyn Armour-Davis,2025,5,0
Breece Hall,2025,5,17.5
Alontae Taylor,2025,5,0
Dane Belton,2025,5,0
Roger McCreary,2025,5,0
Logan Hall,2025,5,0
Cade Otton,2025,5,12.1
Boye Mafe,2025,5,0
Kenneth Walker III,2025,5,9.6
Coby Bryant,2025,5,0
David Ojabo,2025,5,0
Xavier Smith,2025,5,0
Kyu Blu Kelly,2025,5,0
Jalen Carter,2025,5,0
Moro Ojomo,2025,5,0
Andre Szmyt,2025,5,5
Zavier Scott,2025,5,-0.19999999999999996
Keaton Mitchell,2025,5,2.3
Travis Vokolek,2025,5,0
Jason Brownlee,2025,5,0
Trenton Simpson,2025,5,0
Tavius Robinson,2025,5,0
Cam Jones,2025,5,0
Nikko Remigio,2025,5,0
Tyree Wilson,2025,5,0
Jaxon Smith-Njigba,2025,5,27.200000000000003
Quentin Johnston,2025,5,6.9
Myles Murphy,2025,5,0
Luke Schoonmaker,2025,5,1.3
DJ Turner II,2025,5,0
Kendre Miller,2025,5,5.9
Riley Moss,2025,5,0
Daiyan Henley,2025,5,0
Ji'Ayir Brown,2025,5,0
Tank Bigsby,2025,5,0
Michael Wilson,2025,5,3.6
Jordan Battle,2025,5,0
Tre Tucker,2025,5,11.100000000000001
Cameron Latu,2025,5,0
Mekhi Blackmon,2025,5,0
Chad Ryland,2025,5,3
Ventrell Miller,2025,5,0
Isaiah McGuire,2025,5,0
Charlie Jones,2025,5,0
Jordan Howden,2025,5,0
Antonio Johnson,2025,5,0
Chase Brown,2025,5,10.799999999999999
Henry To'oTo'o,2025,5,0
Owen Pappoe,2025,5,0
Chris Smith II,2025,5,0
JL Skinner,2025,5,0
Parker Washington,2025,5,9.6
Kayshon Boutte,2025,5,7.3
Bryce Baringer,2025,5,0
Chris Rodriguez Jr.,2025,5,0.7000000000000001
Xavier Hutchinson,2025,5,16.8
Andrei Iosivas,2025,5,13.200000000000001
DeMario Douglas,2025,5,3.7
Dante Stills,2025,5,0
Dee Winters,2025,5,0
Jalen Brooks,2025,5,0
Brayden Willis,2025,5,0
Cory Durden,2025,5,0
Trevor Nowaske,2025,5,0
Tyrell Shavers,2025,5,0
Ethan Bonner,2025,5,0
Kendell Brooks,2025,5,0
Emari Demercado,2025,5,6.1
Mohamoud Diabate,2025,5,0
Ronnie Hickman Jr.,2025,5,0
Julian Hill,2025,5,6.2
TJ Bass,2025,5,0
Hunter Luepke,2025,5,2
Jalen Cropper,2025,5,0
Jake Bobo,2025,5,0
Ty Okada,2025,5,0
Jalen Redmond,2025,5,0
Eku Leota,2025,5,0
Nate Adkins,2025,5,0
Thomas Incoom,2025,5,0
PJ Mustipher,2025,5,0
Ivan Pace Jr.,2025,5,0
Brycen Tremayne,2025,5,1.9
Caleb Murphy,2025,5,0
Shaka Heyward,2025,5,0
Jacob Saylors,2025,5,0
Blake Grupe,2025,5,14
Drake Thomas,2025,5,0
Dalton Kincaid,2025,5,16.8
Brenton Strange,2025,5,3.2
Juice Scruggs,2025,5,0
Jalin Hyatt,2025,5,0
Tyler Lacy,2025,5,0
Sean Tucker,2025,5,2.9
Markees Watts,2025,5,0
Marvin Mims Jr.,2025,5,3.9
Byron Young,2025,5,0
Chamarri Conner,2025,5,0
Kei'Trel Clark,2025,5,0
Jordan Addison,2025,5,15.100000000000001
Bryan Bresee,2025,5,0
Josh Downs,2025,5,11.4
Deonte Banks,2025,5,0
Tyler Steen,2025,5,0
Sydney Brown,2025,5,0
Dylan Horton,2025,5,0
Jack Campbell,2025,5,0
Tyjae Spears,2025,5,1.4000000000000001
De'Von Achane,2025,5,16.6
Elijah Higgins,2025,5,3
Derick Hall,2025,5,0
SirVocea Dennis,2025,5,0
Payne Durham,2025,5,0
Ethan Evans,2025,5,0
Zay Flowers,2025,5,12.2
Sam LaPorta,2025,5,20.200000000000003
Yaya Diaby,2025,5,0
Davis Allen,2025,5,4.4
Puka Nacua,2025,5,24.5
Will Anderson Jr.,2025,5,0
Byron Young,2025,5,0
Kobie Turner,2025,5,0
Jahmyr Gibbs,2025,5,16.700000000000003
Kelee Ringo,2025,5,0
Brian Branch,2025,5,0
Will McDonald IV,2025,5,0
Christian Gonzalez,2025,5,0
Keion White,2025,5,0
Quan Martin,2025,5,0
Bryce Young,2025,5,13.02
Emmanuel Forbes,2025,5,0
Julius Brents,2025,5,0
C.J. Stroud,2025,5,28.759999999999998
Anthony Richardson,2025,5,2.26
Zach Charbonnet,2025,5,11.8
Jake Bates,2025,5,5
Basil Okoye,2025,5,0
Austin Ajiake,2025,5,0
Nate Wiggins,2025,5,0
T.J. Tampa,2025,5,0
Braiden McGregor,2025,5,0
George Holani,2025,5,0
Byron Murphy II,2025,5,0
Swayze Bozeman,2025,5,0
Ryan Rehkow,2025,5,0
Christian Roland-Wallace,2025,5,0
Laiatu Latu,2025,5,0
Xavier Legette,2025,5,11.1
Kamari Lassiter,2025,5,0
Renardo Green,2025,5,0
Trevin Wallace,2025,5,0
Marist Liufau,2025,5,0
Jarrian Jones,2025,5,0
McKinnley Jackson,2025,5,0
Luke McCaffrey,2025,5,6
Isaac Guerendo,2025,5,0
Tarheeb Still,2025,5,0
Jordan Magee,2025,5,0
Cam Hart,2025,5,0
Josh Newton,2025,5,0
Spencer Rattler,2025,5,16.1
Jamari Thrash,2025,5,3.2
Kimani Vidal,2025,5,2.9
Jamal Hill,2025,5,0
Zion Logue,2025,5,0
Will Reichard,2025,5,2
Dylan Laube,2025,5,0
Cam Little,2025,5,9
Ryan Flournoy,2025,5,18.4
Myles Harden,2025,5,0
Levi Drake Rodriguez,2025,5,0
Nathan Thomas,2025,5,0
Jonah Laulu,2025,5,0
Devaughn Vele,2025,5,3.3
James Williams,2025,5,0
Jowon Briggs,2025,5,0
Jaylen Harrell,2025,5,0
Brenden Bates,2025,5,4.300000000000001
Reddy Steward,2025,5,0
Brevyn Spann-Ford,2025,5,0
Spencer Shrader,2025,5,2
Kameron Johnson,2025,5,0.2
British Brooks,2025,5,1.5
Isaiah Stalbird,2025,5,0
Austin McNamara,2025,5,0
Maema Njongmeta,2025,5,0
Tyler Owens,2025,5,0
Colson Yankoff,2025,5,0
Dell Pettus,2025,5,0
Bo Richter,2025,5,0
Bo Nix,2025,5,17.88
Braden Fiske,2025,5,0
Tip Reiman,2025,5,0
Blake Corum,2025,5,1.3
Jalyx Hunt,2025,5,0
Will Shipley,2025,5,1.4
Tyler Davis,2025,5,0
Joshua Karty,2025,5,5
Jordan Whittington,2025,5,5.300000000000001
KT Leveston,2025,5,0
Joe Andreessen,2025,5,0
Josh Wallace,2025,5,0
Omar Speights,2025,5,0
Jaylen McCollough,2025,5,0
Devontez Walker,2025,5,0
AJ Barner,2025,5,24.3
Nehemiah Pritchett,2025,5,0
Rasheen Ali,2025,5,0
Isaiah Davis,2025,5,6.300000000000001
Isaiah Adams,2025,5,0
Jonah Elliss,2025,5,0
Tyrice Knight,2025,5,0
Anthony Gould,2025,5,0
Andru Phillips,2025,5,0
Jaden Hicks,2025,5,0
Darius Muasau,2025,5,0
Kamren Kinchens,2025,5,0
Justin Eboigbe,2025,5,0
Calen Bullock,2025,5,0
Cooper DeJean,2025,5,0
Kingsley Suamataia,2025,5,0
Tykee Smith,2025,5,0
Theo Johnson,2025,5,21.3
Marvin Harrison Jr.,2025,5,13.8
Drake Maye,2025,5,12.120000000000001
Jared Verse,2025,5,0
Cedric Gray,2025,5,0
Kool-Aid McKinstry,2025,5,0
Tyler Nubin,2025,5,0
Dadrion Taylor-Demerson,2025,5,0
Troy Franklin,2025,5,6.5
Cole Bishop,2025,5,0
Ray Davis,2025,5,0.1
Malik Washington,2025,5,4
Quinyon Mitchell,2025,5,0
Adonai Mitchell,2025,5,0
Brian Thomas Jr.,2025,5,12
Xavier Worthy,2025,5,11.100000000000001
Mike Sainristil,2025,5,0
Keon Coleman,2025,5,10.3
Chris Braswell,2025,5,0
Terrion Arnold,2025,5,0
Jer'Zhan Newton,2025,5,0
Kris Jenkins,2025,5,0
Jayden Daniels,2025,5,17.14
Chop Robinson,2025,5,0
Ladd McConkey,2025,5,14.9
Malachi Corley,2025,5,1.1
Dallas Turner,2025,5,0
Jalen Sundell,2025,5,0
Jude McAtamney,2025,5,2
Shemar James,2025,5,0
Alijah Clark,2025,5,0
Teddye Buchanan,2025,5,0
Tyler Loop,2025,5,3
LaJohntay Wester,2025,5,0
Brashard Smith,2025,5,6.6
Jay Higgins,2025,5,0
Reuben Lowery,2025,5,0
Ashton Jeanty,2025,5,15.899999999999999
Armand Membou,2025,5,0
Tetairoa McMillan,2025,5,13.3
Kenneth Grant,2025,5,0
Tyler Warren,2025,5,14.4
Emeka Egbuka,2025,5,29.3
Jayden Higgins,2025,5,7.2
Pat Bryant,2025,5,0
Princely Umanmielen,2025,5,0
Jaylin Noel,2025,5,9.8
Jacob Parrish,2025,5,0
Upton Stout,2025,5,0
Tai Felton,2025,5,0
Barrett Carter,2025,5,0
Lathan Ransom,2025,5,0
Dylan Sampson,2025,5,1.2000000000000002
Jaylin Lane,2025,5,2.6
Malachi Moore,2025,5,0
Quincy Riley,2025,5,0
Elic Ayomanor,2025,5,3.8
Joshua Farmer,2025,5,0
Tyrion Ingram-Dawkins,2025,5,0
Jordan Phillips,2025,5,0
DJ Giddens,2025,5,2.2
Dante Trader Jr.,2025,5,0
Elijah Roberts,2025,5,0
KeAndre Lambert-Smith,2025,5,0
Marques Sigle,2025,5,0
Francisco Mauigoa,2025,5,0
Mitchell Evans,2025,5,7.4
Oronde Gadsden II,2025,5,2.4000000000000004
Denzel Burke,2025,5,0
Tyler Baron,2025,5,0
Ollie Gordon,2025,5,-0.2
JJ Pegues,2025,5,0
Andy Borregales,2025,5,13
Marcus Harris,2025,5,0
Rayuan Lane III,2025,5,0
Kobe King,2025,5,0
Jimmy Horn Jr.,2025,5,5.1
Jeremy Crawshaw,2025,5,0
Kitan Crawford,2025,5,0
Tez Johnson,2025,5,9.9
LeQuint Allen Jr.,2025,5,0
Jacory Croskey-Merritt,2025,5,27
Connor Colby,2025,5,0
Adin Huntington,2025,5,0
Gage Larvadain,2025,5,0
Easton Mascarenas-Arnold,2025,5,0
Donovan McMillon,2025,5,0
Ryan Fitzgerald,2025,5,10
Bam Martin-Scott,2025,5,0
Trevian Thomas,2025,5,0
Corey Thornton,2025,5,0
Johnathan Edwards,2025,5,0
Trey Washington,2025,5,0
John Bullock,2025,5,0
Josh Williams,2025,5,0
Beaux Collins,2025,5,1.7000000000000002
Karene Reid,2025,5,0
Marlowe Wax,2025,5,0
Max Brosmer,2025,5,-0.1
Joe Huber,2025,5,0
Austin Keys,2025,5,0
Dorian Mausi,2025,5,0
Myles Price,2025,5,0
Torricelli Simpkins III,2025,5,0
Elijah Ponder,2025,5,0
Carson Schwesinger,2025,5,0
Josaiah Stewart,2025,5,0
Dont'e Thornton,2025,5,0
Arian Smith,2025,5,2.4000000000000004
Woody Marks,2025,5,2.4000000000000004
Gunnar Helm,2025,5,7.4
Ty Hamilton,2025,5,0
Jaydon Blue,2025,5,0.7000000000000001
Shaun Dolac,2025,5,0
Keyon Martin,2025,5,0
Grey Zabel,2025,5,0
Ashton Gillotte,2025,5,0
Darien Porter,2025,5,0
Jonas Sanker,2025,5,0
Trevor Etienne,2025,5,3.9000000000000004
Tory Horton,2025,5,12.9
Kai Kroeger,2025,5,0
Mykel Williams,2025,5,0
Harold Fannin,2025,5,11.3
Omarion Hampton,2025,5,13
Isaac TeSlaa,2025,5,8.2
Nohl Williams,2025,5,0
Tyleik Williams,2025,5,0
Jalen Milroe,2025,5,-2
Cameron Ward,2025,5,9
Abdul Carter,2025,5,0
Mason Graham,2025,5,0
Malaki Starks,2025,5,0
Jaxson Dart,2025,5,17.58
Darius Alexander,2025,5,0
Dillon Gabriel,2025,5,16.1
Chimere Dike,2025,5,3.7
Jihaad Campbell,2025,5,0
Deone Walker,2025,5,0
Cam Skattebo,2025,5,14.4
Craig Woodson,2025,5,0
Travis Hunter,2025,5,9.4
Bhayshul Tuten,2025,5,2.1
Jahdae Barron,2025,5,0
Alfred Collins,2025,5,0
Mike Green,2025,5,0
Jack Kiser,2025,5,0
Donovan Ezeiruaku,2025,5,0
Jack Bech,2025,5,5.7
RJ Harvey,2025,5,6
Trey Amos,2025,5,0
Nick Emmanwori,2025,5,0
TreVeyon Henderson,2025,5,4.7
Mason Taylor,2025,5,15.7
Terrance Ferguson,2025,5,3.1
Demetrius Knight Jr.,2025,5,0
Elijah Arroyo,2025,5,2
JT Tuimoloau,2025,5,0
Nic Scourton,2025,5,0
Andrew Mukuba,2025,5,0
Will Johnson,2025,5,0
Oluwafemi Oladejo,2025,5,0
Isaiah Bond,2025,5,4.9
Quinshon Judkins,2025,5,13.8
NA,2025,5,0
Aaron Rodgers,2025,6,17.5
Matt Prater,2025,6,2
Nick Folk,2025,6,12
Joe Flacco,2025,6,18.759999999999998
Calais Campbell,2025,6,0
Matthew Stafford,2025,6,8.34
Thomas Morstead,2025,6,0
Trent Williams,2025,6,0
Von Miller,2025,6,0
Cameron Jordan,2025,6,0
Cameron Heyward,2025,6,0
Johnny Hekker,2025,6,0
Bobby Wagner,2025,6,0
Russell Wilson,2025,6,0
Lavonte David,2025,6,0
Demario Davis,2025,6,0
Bryan Anger,2025,6,0
Kyle Juszczyk,2025,6,1.9
Zach Ertz,2025,6,16.3
Darius Slay,2025,6,0
John Jenkins,2025,6,0
Sam Martin,2025,6,0
Jordan Poyer,2025,6,0
Tress Way,2025,6,0
Keenan Allen,2025,6,5.7
Tony Jefferson,2025,6,0
Travis Kelce,2025,6,13.8
DeAndre Hopkins,2025,6,4
Geno Smith,2025,6,9.66
Mike Pennel,2025,6,0
Pat O'Donnell,2025,6,0
Chris Boswell,2025,6,14
Brent Urban,2025,6,0
Brandin Cooks,2025,6,3.1
Shelby Harris,2025,6,0
Jake Matthews,2025,6,0
Morgan Moses,2025,6,0
Kyle Van Noy,2025,6,0
Jadeveon Clowney,2025,6,0
Davante Adams,2025,6,7.9
DeMarcus Lawrence,2025,6,0
Jason Myers,2025,6,10
Shaq Thompson,2025,6,0
Jordan Phillips,2025,6,0
Za'Darius Smith,2025,6,0
Stefon Diggs,2025,6,5.800000000000001
Quandre Diggs,2025,6,0
Darren Waller,2025,6,9.2
Bobby Hart,2025,6,0
Raheem Mostert,2025,6,-0.4
Neville Hewitt,2025,6,0
Alex Singleton,2025,6,0
Leonard Williams,2025,6,0
Preston Smith,2025,6,0
Rakeem Nunez-Roches,2025,6,0
Dante Fowler Jr.,2025,6,0
Bradley Pinion,2025,6,0
Ameer Abdullah,2025,6,2.6
Bud Dupree,2025,6,0
Arik Armstead,2025,6,0
Tyler Lockett,2025,6,1
Joe Cardona,2025,6,0
DeForest Buckner,2025,6,0
Laremy Tunsil,2025,6,0
Sterling Shepard,2025,6,7.1000000000000005
Jarran Reed,2025,6,0
Deion Jones,2025,6,0
Austin Hooper,2025,6,1.5
Chris Moore,2025,6,13.600000000000001
Miles Killebrew,2025,6,0
DJ Reader,2025,6,0
Elandon Roberts,2025,6,0
Kalif Raymond,2025,6,0
Wil Lutz,2025,6,9
Roy Robertson-Harris,2025,6,0
Jake Brendel,2025,6,0
Chris Jones,2025,6,0
Derrick Henry,2025,6,14.000000000000002
Demarcus Robinson,2025,6,6.4
A'Shawn Robinson,2025,6,0
Antonio Hamilton,2025,6,0
Riley Dixon,2025,6,0
Ronnie Stanley,2025,6,0
Eric Murray,2025,6,0
Jihad Ward,2025,6,0
David Onyemata,2025,6,0
Jalen Ramsey,2025,6,0
Andrew Billings,2025,6,0
Leonard Floyd,2025,6,0
Emmanuel Ogbah,2025,6,0
Dak Prescott,2025,6,21.339999999999996
Hunter Henry,2025,6,5.7
Jonathan Bullard,2025,6,0
Jared Goff,2025,6,16.82
Tyler Higbee,2025,6,14
Jacoby Brissett,2025,6,21.7
Kenny Clark,2025,6,0
Maliek Collins,2025,6,0
Kevin Byard,2025,6,0
Joey Bosa,2025,6,0
Mo Alie-Cox,2025,6,2.6
Johnny Mundt,2025,6,2.4000000000000004
Rigoberto Sanchez,2025,6,0
Christian McCaffrey,2025,6,24.099999999999998
Marlon Humphrey,2025,6,0
Jermaine Eluemunor,2025,6,0
D.J. Jones,2025,6,0
Harrison Butker,2025,6,5
Kendrick Bourne,2025,6,19.200000000000003
Taysom Hill,2025,6,6.1
Tim Patrick,2025,6,9.6
Adam Butler,2025,6,0
Arthur Maulet,2025,6,0
Samaje Perine,2025,6,5.2
Dalvin Tomlinson,2025,6,0
Rasul Douglas,2025,6,0
Mack Hollins,2025,6,4.800000000000001
Jamal Agnew,2025,6,0
Eric Saubert,2025,6,0
Xavier Woods,2025,6,0
Pat O'Connor,2025,6,0
Cooper Rush,2025,6,-0.1200000000000001
Elijah Wilkinson,2025,6,0
Jake Elliott,2025,6,6
JuJu Smith-Schuster,2025,6,8.7
Jonnu Smith,2025,6,5.8
Davon Godchaux,2025,6,0
Myles Garrett,2025,6,0
Solomon Thomas,2025,6,0
Jamal Adams,2025,6,0
Patrick Mahomes,2025,6,30.48
Marshon Lattimore,2025,6,0
Haason Reddick,2025,6,0
Adoree' Jackson,2025,6,0
Evan Engram,2025,6,9.9
Jabrill Peppers,2025,6,0
Tre'Davious White,2025,6,0
David Njoku,2025,6,5.800000000000001
T.J. Watt,2025,6,0
Cam Robinson,2025,6,0
Budda Baker,2025,6,0
Zay Jones,2025,6,12.9
Alvin Kamara,2025,6,12.6
Dawuane Smoot,2025,6,0
Cooper Kupp,2025,6,12
Alex Anzalone,2025,6,0
Kareem Hunt,2025,6,4.4
Shaquill Griffin,2025,6,0
Jourdan Lewis,2025,6,0
Trey Hendrickson,2025,6,0
Rayshawn Jenkins,2025,6,0
Josh Reynolds,2025,6,5.5
Samson Ebukam,2025,6,0
Grover Stewart,2025,6,0
Jeremy McNichols,2025,6,6.5
Al-Quadin Muhammad,2025,6,0
Mike Badgley,2025,6,8
Austin Schlottmann,2025,6,0
Chris Lammons,2025,6,0
Will Dissly,2025,6,3.8
Michael Dickson,2025,6,0
Daniel Carlson,2025,6,10
J.K. Scott,2025,6,0
Jacob Martin,2025,6,0
Eddy Pineiro,2025,6,18
Darious Williams,2025,6,0
Poona Ford,2025,6,0
Daniel Ekuale,2025,6,0
Jalyn Holmes,2025,6,0
Marquez Valdes-Scantling,2025,6,4.2
DeShon Elliott,2025,6,0
Zach Sieler,2025,6,0
Frankie Luvu,2025,6,0
Daron Payne,2025,6,0
Will Hernandez,2025,6,0
Courtland Sutton,2025,6,2.7
Uchenna Nwosu,2025,6,0
Dallas Goedert,2025,6,26
Donte Jackson,2025,6,0
Isaiah Oliver,2025,6,0
Justin Reid,2025,6,0
Ian Thomas,2025,6,1.4
Nyheim Hines,2025,6,0
Dorance Armstrong,2025,6,0
Taron Johnson,2025,6,0
Josh Sweat,2025,6,0
Siran Neal,2025,6,0
Foye Oluokun,2025,6,0
Zaire Franklin,2025,6,0
Logan Cooke,2025,6,0
Jeremy Reaves,2025,6,0
Dennis Gardeck,2025,6,0
Jonathan Owens,2025,6,0
Evan Brown,2025,6,0
Tanner Hudson,2025,6,11
Mike Ford,2025,6,0
Tremaine Edmunds,2025,6,0
Jessie Bates,2025,6,0
Alex Cappa,2025,6,0
Robert Spillane,2025,6,0
Corey Bojorquez,2025,6,0
Mark Andrews,2025,6,6.6000000000000005
Oren Burks,2025,6,0
Nathan Shepherd,2025,6,0
Mason Rudolph,2025,6,0
Vita Vea,2025,6,0
Carlton Davis III,2025,6,0
Harrison Phillips,2025,6,0
Minkah Fitzpatrick,2025,6,0
Derwin James,2025,6,0
Jerome Baker,2025,6,0
B.J. Hill,2025,6,0
Josh Woods,2025,6,0
Joe Noteboom,2025,6,0
John Franklin-Myers,2025,6,0
Sebastian Joseph-Day,2025,6,0
Fred Warner,2025,6,0
D.J. Moore,2025,6,8.2
Harold Landry III,2025,6,0
Bradley Chubb,2025,6,0
Calvin Ridley,2025,6,2.8
Mike Hughes,2025,6,0
Saquon Barkley,2025,6,8.700000000000001
KhaDarel Hodge,2025,6,0
Baker Mayfield,2025,6,18.64
Denzel Ward,2025,6,0
Josh Allen,2025,6,15.399999999999999
Sam Darnold,2025,6,20
Mitch Wishnowsky,2025,6,0
Andrew Beck,2025,6,1.6
Jakobi Meyers,2025,6,7.9
Rashan Gary,2025,6,0
Darnell Savage,2025,6,0
Maxx Crosby,2025,6,0
Justice Hill,2025,6,9.4
Foster Moreau,2025,6,1.9
Hunter Renfrow,2025,6,1.7000000000000002
Marcus Epps,2025,6,0
Ashton Dulin,2025,6,0
Jamie Gillan,2025,6,0
Alec Ingold,2025,6,3.5
Keisean Nixon,2025,6,0
Mack Wilson,2025,6,0
Jack Fox,2025,6,0
Matthew Wright,2025,6,5
AJ Cole,2025,6,0
Del'Shawn Phillips,2025,6,0
Olamide Zaccheaus,2025,6,4.800000000000001
P.J. Locke,2025,6,0
Ed Oliver,2025,6,0
Jahlani Tavai,2025,6,0
Erik McCoy,2025,6,0
Zach Allen,2025,6,0
Devin Singletary,2025,6,1
Anthony Nelson,2025,6,0
Tony Pollard,2025,6,6.7
Drue Tranquill,2025,6,0
Matt Gay,2025,6,7
Mike Jackson,2025,6,0
Charles Omenihu,2025,6,0
Jake Bailey,2025,6,0
Cole Holcomb,2025,6,0
Donovan Wilson,2025,6,0
Kaden Elliss,2025,6,0
Cam Lewis,2025,6,0
Chase McLaughlin,2025,6,6
Andrew Wingard,2025,6,0
T.J. Edwards,2025,6,0
Carl Granderson,2025,6,0
Lil'Jordan Humphrey,2025,6,9.5
Shy Tuttle,2025,6,0
Luke Gifford,2025,6,0
Greg Dortch,2025,6,9.9
Devin Bush,2025,6,0
Ty Johnson,2025,6,2.6
Craig Reynolds,2025,6,0
Garrett Bradbury,2025,6,0
Alex Bachman,2025,6,0
Troy Reeder,2025,6,0
Juan Thornhill,2025,6,0
Drew Sample,2025,6,0.8
Amani Hooker,2025,6,0
Rock Ya-Sin,2025,6,0
Parris Campbell,2025,6,0
DK Metcalf,2025,6,19.5
Josh Hines-Allen,2025,6,0
Jeffery Simmons,2025,6,0
Noah Fant,2025,6,6.7
Gunner Olszewski,2025,6,0
Montez Sweat,2025,6,0
Hollywood Brown,2025,6,20.5
Taylor Rapp,2025,6,0
Greg Gaines,2025,6,0
Nick Scott,2025,6,0
Cody Barton,2025,6,0
A.J. Brown,2025,6,14
Dre'Mont Jones,2025,6,0
Dexter Lawrence,2025,6,0
David Montgomery,2025,6,8.100000000000001
Bobby Okereke,2025,6,0
Dawson Knox,2025,6,8.9
Germaine Pratt,2025,6,0
Chuma Edoga,2025,6,0
Jamel Dean,2025,6,0
Josh Jacobs,2025,6,32
Jalen Thompson,2025,6,0
Devin White,2025,6,0
Daniel Jones,2025,6,23.48
Brian Burns,2025,6,0
Quinnen Williams,2025,6,0
Deebo Samuel Sr.,2025,6,5.4
Malcolm Roach,2025,6,0
James Pierre,2025,6,0
Corliss Waitman,2025,6,0
Ross Matiscik,2025,6,0
Benito Jones,2025,6,0
Chris Williams,2025,6,0
Christian Rozeboom,2025,6,0
Tyler Huntley,2025,6,6.620000000000001
Sam Franklin Jr.,2025,6,0
Juwan Johnson,2025,6,1.5
Rico Dowdle,2025,6,33.900000000000006
Bryce Huff,2025,6,0
J.K. Dobbins,2025,6,4
Joshua Uche,2025,6,0
Aaron Brewer,2025,6,0
Teair Tart,2025,6,0
Nick Westbrook-Ikhine,2025,6,0
A.J. Epenesa,2025,6,0
Geno Stone,2025,6,0
Tua Tagovailoa,2025,6,9.6
Derrick Brown,2025,6,0
Brandon Jones,2025,6,0
Jonathan Taylor,2025,6,23.7
Kyle Dugger,2025,6,0
Larrell Murchison,2025,6,0
Michael Pittman Jr.,2025,6,4
Jauan Jennings,2025,6,1.7000000000000002
Javon Kinlaw,2025,6,0
DaVon Hamilton,2025,6,0
Jordan Love,2025,6,15.959999999999999
A.J. Dillon,2025,6,2
Jordan Elliott,2025,6,0
D'Andre Swift,2025,6,25.5
Grant Delpit,2025,6,0
A.J. Terrell,2025,6,0
K'Lavon Chaisson,2025,6,0
Cole Kmet,2025,6,1
Jeremy Chinn,2025,6,0
Logan Wilson,2025,6,0
Akeem Davis-Gaither,2025,6,0
Mykal Walker,2025,6,0
Trevis Gipson,2025,6,0
Kindle Vildor,2025,6,0
Braden Mann,2025,6,0
Chase Young,2025,6,0
Patrick Queen,2025,6,0
Ezra Cleveland,2025,6,0
Ashtyn Davis,2025,6,0
Devin Duvernay,2025,6,0
Alex Highsmith,2025,6,0
D.J. Wonnum,2025,6,0
James Lynch,2025,6,0
Troy Dye,2025,6,0
Kam Curl,2025,6,0
Justin Herbert,2025,6,18.76
Trevon Diggs,2025,6,0
Neville Gallimore,2025,6,0
Leki Fotu,2025,6,0
L'Jarius Sneed,2025,6,0
Amik Robertson,2025,6,0
Michael Danna,2025,6,0
Alohi Gilman,2025,6,0
Xavier McKinney,2025,6,0
Jalen Hurts,2025,6,21.62
Matt Peart,2025,6,0
Darnay Holmes,2025,6,0
Tristan Wirfs,2025,6,0
Jerry Jeudy,2025,6,9.3
Jordyn Brooks,2025,6,0
Tee Higgins,2025,6,11.2
Antoine Winfield Jr.,2025,6,0
Van Jefferson,2025,6,11.5
Zack Baun,2025,6,0
DeeJay Dallas,2025,6,0
Tyler Johnson,2025,6,0
Justin Strnad,2025,6,0
"Kenneth Murray, Jr.",2025,6,0
Kwity Paye,2025,6,0
Dayo Odeyingbo,2025,6,0
Jamien Sherwood,2025,6,0
Brandin Echols,2025,6,0
Rashod Bateman,2025,6,1.8
Azeez Ojulari,2025,6,0
Deommodore Lenoir,2025,6,0
Talanoa Hufanga,2025,6,0
Roy Lopez,2025,6,0
Nick McCloud,2025,6,0
Jaylen Waddle,2025,6,15.82
Dee Eskridge,2025,6,0
Nick Bolton,2025,6,0
Josh Myers,2025,6,0
Benjamin St-Juste,2025,6,0
Dyami Brown,2025,6,4
Camryn Bynum,2025,6,0
Tylan Wallace,2025,6,0
Noah Gray,2025,6,4.5
Tedarrell Slaton,2025,6,0
K.J. Britt,2025,6,0
Simi Fehoko,2025,6,0
Isaiah McDuffie,2025,6,0
Grant Stuard,2025,6,0
Zayne Anderson,2025,6,0
Devon Key,2025,6,0
Naquan Jones,2025,6,0
Adam Prentice,2025,6,0.30000000000000004
Curtis Robinson,2025,6,0
Christian Elliss,2025,6,0
Riley Patterson,2025,6,9
Feleipe Franks,2025,6,0.2
Kene Nwangwu,2025,6,0
Cameron Sample,2025,6,0
Evan McPherson,2025,6,3
Ben Skowronek,2025,6,0
Chris Rumph II,2025,6,0
Dan Moore Jr.,2025,6,0
Buddy Johnson,2025,6,0
Nate Hobbs,2025,6,0
Pat Surtain II,2025,6,0
Rhamondre Stevenson,2025,6,1.8
Jay Tufele,2025,6,0
Luke Farrell,2025,6,0
Pat Freiermuth,2025,6,2.1
Ja'Marr Chase,2025,6,25.1
Eric Stokes,2025,6,0
Joseph Ossai,2025,6,0
Bobby Brown III,2025,6,0
Larry Borom,2025,6,0
Khyiris Tonga,2025,6,0
DeVonta Smith,2025,6,8.9
Greg Rousseau,2025,6,0
Milton Williams,2025,6,0
Kenneth Gainwell,2025,6,9.6
Patrick Johnson,2025,6,0
Michael Carter,2025,6,8.4
Pete Werner,2025,6,0
Micah Parsons,2025,6,0
Zaven Collins,2025,6,0
Jaelan Phillips,2025,6,0
Paulson Adebo,2025,6,0
Odafe Oweh,2025,6,0
Andre Cisco,2025,6,0
Osa Odighizuwa,2025,6,0
Mitchell Fraboni,2025,6,0
Jaycee Horn,2025,6,0
Justin Fields,2025,6,4.9
Jonathon Cooper,2025,6,0
Darren Hall,2025,6,0
Tre'von Moehrig,2025,6,0
Amon-Ra St. Brown,2025,6,12.7
Derrick Barnes,2025,6,0
Joe Tryon-Shoyinka,2025,6,0
Brady Christensen,2025,6,0
Kyle Pitts,2025,6,4.8
Trevor Lawrence,2025,6,19.22
Mac Jones,2025,6,12.180000000000001
Travis Etienne,2025,6,9.5
Tyson Campbell,2025,6,0
Elijah Moore,2025,6,0
Christian Barmore,2025,6,0
Chauncey Golston,2025,6,0
Nahshon Wright,2025,6,0
Brandon Stephens,2025,6,0
Joshua Palmer,2025,6,8
Malcolm Koonce,2025,6,0
Divine Deablo,2025,6,0
Elijah Molden,2025,6,0
Ernest Jones,2025,6,0
Baron Browning,2025,6,0
Javonte Williams,2025,6,8.4
Jevon Holland,2025,6,0
Quinn Meinerz,2025,6,0
Chazz Surratt,2025,6,0
Hunter Long,2025,6,3.9000000000000004
Tommy Tremble,2025,6,7.9
Patrick Jones II,2025,6,0
Dee Alford,2025,6,0
Jordan Davis,2025,6,0
Quay Walker,2025,6,0
Dominique Robinson,2025,6,0
Kingsley Enagbare,2025,6,0
Bo Melton,2025,6,0.30000000000000004
Dareke Young,2025,6,0
Elijah Hicks,2025,6,0
Jake Tonges,2025,6,11.8
Reed Blankenship,2025,6,0
Josh Jobe,2025,6,0
Bam Knight,2025,6,12.4
Sauce Gardner,2025,6,0
Trent McDuffie,2025,6,0
George Karlaftis,2025,6,0
Bryan Cook,2025,6,0
Jaylen Watson,2025,6,0
Isiah Pacheco,2025,6,6.1000000000000005
LaBryan Ray,2025,6,0
Brenden Schooler,2025,6,0
Cameron Dicker,2025,6,17
Jaylen Warren,2025,6,8.3
Ikem Ekwonu,2025,6,0
Travon Walker,2025,6,0
Aidan Hutchinson,2025,6,0
Drake London,2025,6,31.8
Chris Olave,2025,6,15.8
Jameson Williams,2025,6,18.6
Trevor Penning,2025,6,0
Kaiir Elam,2025,6,0
Tyler Smith,2025,6,0
Devin Lloyd,2025,6,0
George Pickens,2025,6,31.8
James Cook,2025,6,8.700000000000001
Nik Bonitto,2025,6,0
Alex Wright,2025,6,0
Marcus Jones,2025,6,0
Terrel Bernard,2025,6,0
Rachaad White,2025,6,17.6
DJ Davidson,2025,6,0
Khalil Shakir,2025,6,6.300000000000001
Thomas Booker,2025,6,0
Tyler Allgeier,2025,6,10.799999999999999
Jerome Ford,2025,6,8
Otito Ogbonnia,2025,6,0
D'Marco Jackson,2025,6,0
DaRon Bland,2025,6,0
Matthew Butler,2025,6,0
Matt Araiza,2025,6,0
Christian Benford,2025,6,0
Sam Roberts,2025,6,0
Austin Deculus,2025,6,0
Connor Heyward,2025,6,8.2
Ja'Sir Taylor,2025,6,0
James Houston,2025,6,0
Montaric Brown,2025,6,0
Cameron Goode,2025,6,0
Mark Robinson,2025,6,0
Chase Lucas,2025,6,0
Rodney Thomas,2025,6,0
Tanner Conner,2025,6,1.8
Ja'Quan McMillian,2025,6,0
Tristin McCollum,2025,6,0
Stone Smartt,2025,6,0
Deven Thompkins,2025,6,0
Isaiah Pola-Mao,2025,6,0
John Parker Romo,2025,6,6
Rashid Shaheed,2025,6,6.800000000000001
Daniel Whelan,2025,6,0
Darrell Baker Jr.,2025,6,0
Markquese Bell,2025,6,0
Juanyeh Thomas,2025,6,0
Nate Landman,2025,6,0
Tre Avery,2025,6,0
Julius Chestnut,2025,6,0
Jack Gibbens,2025,6,0
Kayvon Thibodeaux,2025,6,0
Nick Cross,2025,6,0
Hassan Haskins,2025,6,3.3000000000000003
Ja'Marcus Ingram,2025,6,0
C.J. Brewer,2025,6,0
Jermaine Johnson II,2025,6,0
Alec Pierce,2025,6,6.800000000000001
Sam Williams,2025,6,0
Jalen Tolbert,2025,6,1.8
Kerby Joseph,2025,6,0
Brandon Aubrey,2025,6,9
Garrett Wilson,2025,6,4.3
Jahan Dotson,2025,6,2.7
Daxton Hill,2025,6,0
Trey McBride,2025,6,21.2
Brian Robinson Jr.,2025,6,3.8
Tycen Anderson,2025,6,0
Cam Taylor-Britt,2025,6,0
Travis Jones,2025,6,0
Cordale Flott,2025,6,0
Dondrea Tillman,2025,6,0
Zachary Carter,2025,6,0
Jeremy Ruckert,2025,6,0
DeAngelo Malone,2025,6,0
Chigoziem Okonkwo,2025,6,10.600000000000001
Chad Muma,2025,6,0
Cameron Thomas,2025,6,0
Romeo Doubs,2025,6,10.5
Leo Chenal,2025,6,0
Tyler Linderbaum,2025,6,0
Isaiah Likely,2025,6,1.6
Cobie Durant,2025,6,0
Kyren Williams,2025,6,16.7
Quentin Lake,2025,6,0
Daniel Hardy,2025,6,0
Kyle Hamilton,2025,6,0
Jack Jones,2025,6,0
Jake Ferguson,2025,6,12.3
Charlie Kolar,2025,6,0
Skyy Moore,2025,6,0
Jordan Stout,2025,6,0
Percy Butler,2025,6,0
Eyioma Uwazurike,2025,6,0
Micheal Clemons,2025,6,0
Kyler Gordon,2025,6,0
Arnold Ebiketie,2025,6,0
Wan'Dale Robinson,2025,6,20.4
Daniel Faalele,2025,6,0
Jalyn Armour-Davis,2025,6,0
Breece Hall,2025,6,5.9
Alontae Taylor,2025,6,0
Dane Belton,2025,6,0
Roger McCreary,2025,6,0
Logan Hall,2025,6,0
Cade Otton,2025,6,10.100000000000001
Boye Mafe,2025,6,0
Kenneth Walker III,2025,6,4.7
Jaquan Brisker,2025,6,0
Coby Bryant,2025,6,0
Lucas Havrisik,2025,6,10
Xavier Smith,2025,6,0
Kyu Blu Kelly,2025,6,0
Colby Wooden,2025,6,0
Noah Sewell,2025,6,0
Dontayvion Wicks,2025,6,3.5
Zaire Barnes,2025,6,0
Carrington Valentine,2025,6,0
Moro Ojomo,2025,6,0
Andre Szmyt,2025,6,11
Keaton Mitchell,2025,6,0
Brady Russell,2025,6,0
Jason Brownlee,2025,6,0
Trenton Simpson,2025,6,0
Nikko Remigio,2025,6,0
Tyree Wilson,2025,6,0
Bijan Robinson,2025,6,35.8
Jaxon Smith-Njigba,2025,6,30.2
Myles Murphy,2025,6,0
Luke Schoonmaker,2025,6,1.8
DJ Turner II,2025,6,0
Kendre Miller,2025,6,4.2
Riley Moss,2025,6,0
Daiyan Henley,2025,6,0
Ji'Ayir Brown,2025,6,0
Tank Bigsby,2025,6,0
Dorian Williams,2025,6,0
Darnell Washington,2025,6,8.2
Michael Wilson,2025,6,8.4
Jordan Battle,2025,6,0
Jake Moody,2025,6,16
Tre Tucker,2025,6,12
Cameron Latu,2025,6,0
Mekhi Blackmon,2025,6,0
Chad Ryland,2025,6,11
Ventrell Miller,2025,6,0
Isaiah McGuire,2025,6,0
Charlie Jones,2025,6,0
Nick Herbig,2025,6,0
Jordan Howden,2025,6,0
Justin Shorter,2025,6,0
Mike Morris,2025,6,0
Chase Brown,2025,6,6.9
Owen Pappoe,2025,6,0
Parker Washington,2025,6,4.9
Kayshon Boutte,2025,6,26.3
Bryce Baringer,2025,6,0
Andrei Iosivas,2025,6,1.5
DeMario Douglas,2025,6,16.1
Dante Stills,2025,6,0
Dee Winters,2025,6,0
DeMarcco Hellams,2025,6,0
D.J. Ivey,2025,6,0
Brayden Willis,2025,6,0
Spencer Anderson,2025,6,0
Cory Durden,2025,6,0
Trevor Nowaske,2025,6,0
Tyrell Shavers,2025,6,5.7
Ethan Bonner,2025,6,0
Chris Brooks,2025,6,0.1
Emari Demercado,2025,6,0.1
Blake Whiteheart,2025,6,1
Mohamoud Diabate,2025,6,0
Ronnie Hickman Jr.,2025,6,0
Julian Hill,2025,6,6.1
Hunter Luepke,2025,6,8.7
Jalen Cropper,2025,6,0
Tyrus Wheat,2025,6,0
Ty Okada,2025,6,0
Nate Adkins,2025,6,10.3
Art Green,2025,6,0
Thomas Incoom,2025,6,0
Jaleel McLaughlin,2025,6,0
PJ Mustipher,2025,6,0
Emanuel Wilson,2025,6,1.7000000000000002
Christian Izien,2025,6,0
Kaevon Merriweather,2025,6,0
Ryan Miller,2025,6,0
Shaka Heyward,2025,6,0
Blake Grupe,2025,6,16
Drake Thomas,2025,6,0
Anton Harrison,2025,6,0
Jalin Hyatt,2025,6,4.7
Tyler Lacy,2025,6,0
Sean Tucker,2025,6,8.5
Markees Watts,2025,6,0
Marvin Mims Jr.,2025,6,3.8
Byron Young,2025,6,0
Zach Harrison,2025,6,0
Chamarri Conner,2025,6,0
Kei'Trel Clark,2025,6,0
Nic Jones,2025,6,0
Bryan Bresee,2025,6,0
Tucker Kraft,2025,6,12.3
Josh Downs,2025,6,16.2
Sydney Brown,2025,6,0
Jack Campbell,2025,6,0
Roschon Johnson,2025,6,0.6000000000000001
Adetomiwa Adebawore,2025,6,0
Tyjae Spears,2025,6,9
De'Von Achane,2025,6,31
Elijah Higgins,2025,6,5.4
SirVocea Dennis,2025,6,0
Josh Hayes,2025,6,0
Marte Mapu,2025,6,0
Steve Avila,2025,6,0
Ethan Evans,2025,6,0
Zay Flowers,2025,6,8.600000000000001
Sam LaPorta,2025,6,16.5
Michael Mayer,2025,6,16
Yaya Diaby,2025,6,0
Gervon Dexter Sr.,2025,6,0
Tyrique Stevenson,2025,6,0
Davis Allen,2025,6,1.7000000000000002
Puka Nacua,2025,6,4.800000000000001
Nick Hampton,2025,6,0
Keeanu Benton,2025,6,0
Tuli Tuipulotu,2025,6,0
Lukas Van Ness,2025,6,0
Byron Young,2025,6,0
Kobie Turner,2025,6,0
Jahmyr Gibbs,2025,6,7.5
Kelee Ringo,2025,6,0
Brian Branch,2025,6,0
Will McDonald IV,2025,6,0
Luke Musgrave,2025,6,1.7000000000000002
Joe Tippmann,2025,6,0
Christian Gonzalez,2025,6,0
Quan Martin,2025,6,0
Bryce Young,2025,6,19.46
Emmanuel Forbes,2025,6,0
Julius Brents,2025,6,0
Zach Charbonnet,2025,6,4.7
Joey Porter Jr.,2025,6,0
Jake Bates,2025,6,5
Basil Okoye,2025,6,0
Austin Ajiake,2025,6,0
Nate Wiggins,2025,6,0
T.J. Tampa,2025,6,0
George Holani,2025,6,0
Byron Murphy II,2025,6,0
Ryan Rehkow,2025,6,0
Christian Roland-Wallace,2025,6,0
Brandon Codrington,2025,6,0
Laiatu Latu,2025,6,0
Xavier Legette,2025,6,2.1
Renardo Green,2025,6,0
Trevin Wallace,2025,6,0
Dominick Puni,2025,6,0
Marist Liufau,2025,6,0
Luke McCaffrey,2025,6,10.3
Malik Mustapha,2025,6,0
Tarheeb Still,2025,6,0
Jordan Magee,2025,6,0
Cam Hart,2025,6,0
Kris Abrams-Draine,2025,6,0
Jarvis Brownlee Jr.,2025,6,0
Tommy Eichenberg,2025,6,0
Spencer Rattler,2025,6,11.08
Jamari Thrash,2025,6,3.3
Chau Smith-Wade,2025,6,0
Tyrone Tracy Jr.,2025,6,0.6000000000000001
Jaylan Ford,2025,6,0
Kimani Vidal,2025,6,22.8
Casey Washington,2025,6,0
Dylan Laube,2025,6,0
Cam Little,2025,6,-2
Ryan Flournoy,2025,6,6.3
Myles Harden,2025,6,0
Jonah Laulu,2025,6,0
James Williams,2025,6,0
Tatum Bethune,2025,6,0
Isaiah Williams,2025,6,0
Theo Benedet,2025,6,0
Reddy Steward,2025,6,0
Jordan Colbert,2025,6,0
Brevyn Spann-Ford,2025,6,1.2
Kameron Johnson,2025,6,16.4
Isaiah Stalbird,2025,6,0
Mason Tipton,2025,6,0
Austin McNamara,2025,6,0
Maema Njongmeta,2025,6,0
David Martin-Robinson,2025,6,7.1
Thomas Harper,2025,6,0
Colson Yankoff,2025,6,0
Dell Pettus,2025,6,0
Bo Nix,2025,6,13.360000000000001
Ruke Orhorhoro,2025,6,0
Braden Fiske,2025,6,0
Blake Corum,2025,6,2.3000000000000003
Roman Wilson,2025,6,2.2
Jalyx Hunt,2025,6,0
Payton Wilson,2025,6,0
Tory Taylor,2025,6,0
Will Shipley,2025,6,0
Tyler Davis,2025,6,0
Joshua Karty,2025,6,4
Jordan Whittington,2025,6,5.300000000000001
Devin Culp,2025,6,0
Joe Andreessen,2025,6,0
Charles Woods,2025,6,0
Jaylen McCollough,2025,6,0
Anthony Goodlow,2025,6,0
Qwan'tez Stiggers,2025,6,0
AJ Barner,2025,6,10.100000000000001
Nehemiah Pritchett,2025,6,0
Rasheen Ali,2025,6,0
Isaiah Davis,2025,6,1.0999999999999999
Max Melton,2025,6,0
Ty'Ron Hopper,2025,6,0
Evan Williams,2025,6,0
Tyrice Knight,2025,6,0
Anthony Gould,2025,6,0
Andru Phillips,2025,6,0
Jeremiah Trotter Jr.,2025,6,0
Darius Muasau,2025,6,0
Kamren Kinchens,2025,6,0
Justin Eboigbe,2025,6,0
Cooper DeJean,2025,6,0
Tykee Smith,2025,6,0
Theo Johnson,2025,6,4.7
Marvin Harrison Jr.,2025,6,5.2
Edgerrin Cooper,2025,6,0
Drake Maye,2025,6,26.24
Jared Verse,2025,6,0
Cedric Gray,2025,6,0
Brandon Dorlus,2025,6,0
Kool-Aid McKinstry,2025,6,0
Tyler Nubin,2025,6,0
Dadrion Taylor-Demerson,2025,6,0
Javon Bullard,2025,6,0
Troy Franklin,2025,6,3.1000000000000005
Cole Bishop,2025,6,0
Ray Davis,2025,6,9.9
Javon Solomon,2025,6,0
Malik Washington,2025,6,6.3
Quinyon Mitchell,2025,6,0
Maason Smith,2025,6,0
Brian Thomas Jr.,2025,6,23
Xavier Worthy,2025,6,10.6
Mike Sainristil,2025,6,0
Marshawn Kneeland,2025,6,0
Keon Coleman,2025,6,4.1
Chris Braswell,2025,6,0
Jer'Zhan Newton,2025,6,0
Kris Jenkins,2025,6,0
Jayden Daniels,2025,6,21.639999999999997
Chop Robinson,2025,6,0
Ladd McConkey,2025,6,23
Michael Penix Jr.,2025,6,14.6
Caleb Williams,2025,6,19.880000000000003
Rome Odunze,2025,6,5.2
Amarius Mims,2025,6,0
Jalen Sundell,2025,6,0
Jude McAtamney,2025,6,3
Savion Williams,2025,6,0.30000000000000004
Barryn Sorrell,2025,6,0
Shemar James,2025,6,0
Smael Mondon Jr.,2025,6,0
Jay Toia,2025,6,0
Nazir Stackhouse,2025,6,0
Alijah Clark,2025,6,0
Teddye Buchanan,2025,6,0
Jeffrey Bassa,2025,6,0
Tyler Loop,2025,6,3
LaJohntay Wester,2025,6,0
Brashard Smith,2025,6,5.1
Keondre Jackson,2025,6,0
Cooper McDonald,2025,6,0
Ashton Jeanty,2025,6,16.6
Tetairoa McMillan,2025,6,17.9
Kelvin Banks Jr.,2025,6,0
Colston Loveland,2025,6,3.1
Kenneth Grant,2025,6,0
Tyler Warren,2025,6,18.3
Emeka Egbuka,2025,6,4.4
Kyle Williams,2025,6,0
Pat Bryant,2025,6,4.2
Princely Umanmielen,2025,6,0
Jordan Burch,2025,6,0
Kaleb Johnson,2025,6,1.5
Jacob Parrish,2025,6,0
Jamaree Caldwell,2025,6,0
Xavier Watts,2025,6,0
Upton Stout,2025,6,0
Danny Stutsman,2025,6,0
Barrett Carter,2025,6,0
Lathan Ransom,2025,6,0
Jack Sawyer,2025,6,0
Kyle Kennard,2025,6,0
Dylan Sampson,2025,6,4.4
Jaylin Lane,2025,6,5.4
Malachi Moore,2025,6,0
Quincy Riley,2025,6,0
Que Robinson,2025,6,0
Elic Ayomanor,2025,6,5.7
Joshua Farmer,2025,6,0
Jordan Phillips,2025,6,0
Jalen Rivers,2025,6,0
Dante Trader Jr.,2025,6,0
Elijah Roberts,2025,6,0
KeAndre Lambert-Smith,2025,6,1.1
Marques Sigle,2025,6,0
Francisco Mauigoa,2025,6,0
Mitchell Evans,2025,6,3.1
Oronde Gadsden II,2025,6,11.8
Jordan Hancock,2025,6,0
Ollie Gordon,2025,6,1.2000000000000002
Andy Borregales,2025,6,5
Rayuan Lane III,2025,6,0
Jimmy Horn Jr.,2025,6,6.7
R.J. Mickens,2025,6,0
Jeremy Crawshaw,2025,6,0
Cody Lindenberg,2025,6,0
Kitan Crawford,2025,6,0
Carson Bruener,2025,6,0
Kyle Monangai,2025,6,5.4
Tez Johnson,2025,6,11.5
LeQuint Allen Jr.,2025,6,2.2
Dominic Lovett,2025,6,0
Jacory Croskey-Merritt,2025,6,5.800000000000001
Julian Ashby,2025,6,0
Gage Larvadain,2025,6,4.2
Donovan McMillon,2025,6,0
Ryan Fitzgerald,2025,6,14
Bam Martin-Scott,2025,6,0
BJ Green II,2025,6,0
Danny Striggow,2025,6,0
Johnathan Edwards,2025,6,0
Elijah Simmons,2025,6,0
Karene Reid,2025,6,0
Marlowe Wax,2025,6,0
Dorian Mausi,2025,6,0
Sebastian Castro,2025,6,0
Ke'Shawn Williams,2025,6,0
Efton Chism III,2025,6,0
Elijah Ponder,2025,6,0
Jalon Walker,2025,6,0
James Pearce Jr.,2025,6,0
Carson Schwesinger,2025,6,0
Josaiah Stewart,2025,6,0
Arian Smith,2025,6,0
Gunnar Helm,2025,6,3.5
Ty Hamilton,2025,6,0
Jaydon Blue,2025,6,0
Konata Mumpfield,2025,6,1.7000000000000002
Shaun Dolac,2025,6,0
Jonas Sanker,2025,6,0
Trevor Etienne,2025,6,1.7000000000000002
Cody Simon,2025,6,0
Tory Horton,2025,6,0
Kai Kroeger,2025,6,0
Mykel Williams,2025,6,0
Ty Robinson,2025,6,0
Harold Fannin,2025,6,15.1
Matthew Golden,2025,6,13.2
Nohl Williams,2025,6,0
Tyleik Williams,2025,6,0
Cameron Ward,2025,6,7.880000000000001
Derrick Harmon,2025,6,0
Mason Graham,2025,6,0
Malaki Starks,2025,6,0
Jaxson Dart,2025,6,23.6
Dillon Gabriel,2025,6,8.84
Chimere Dike,2025,6,2.8
Jihaad Campbell,2025,6,0
Deone Walker,2025,6,0
CJ West,2025,6,0
Cam Skattebo,2025,6,31
Craig Woodson,2025,6,0
Travis Hunter,2025,6,5.5
Bhayshul Tuten,2025,6,4.800000000000001
Alfred Collins,2025,6,0
Mike Green,2025,6,0
Donovan Ezeiruaku,2025,6,0
Tre Harris,2025,6,6.7
Jack Bech,2025,6,0
RJ Harvey,2025,6,6.5
Trey Amos,2025,6,0
Nick Emmanwori,2025,6,0
TreVeyon Henderson,2025,6,4.6000000000000005
Luther Burden,2025,6,9.100000000000001
Mason Taylor,2025,6,1.2
Terrance Ferguson,2025,6,0
Demetrius Knight Jr.,2025,6,0
Elijah Arroyo,2025,6,1.6
Shemar Turner,2025,6,0
Andrew Mukuba,2025,6,0
Will Johnson,2025,6,0
Oluwafemi Oladejo,2025,6,0
Isaiah Bond,2025,6,2.9
Quinshon Judkins,2025,6,3.6
NA,2025,6,0
Aaron Rodgers,2025,7,24.560000000000002
Nick Folk,2025,7,7
Joe Flacco,2025,7,25.98
Calais Campbell,2025,7,0
Matthew Stafford,2025,7,27.380000000000003
Thomas Morstead,2025,7,0
Von Miller,2025,7,0
Cameron Jordan,2025,7,0
Cameron Heyward,2025,7,0
Andy Dalton,2025,7,2.1999999999999997
Tyrod Taylor,2025,7,4.140000000000001
Nick Bellore,2025,7,0
Johnny Hekker,2025,7,0
Bobby Wagner,2025,7,0
Lavonte David,2025,7,0
Harrison Smith,2025,7,0
Demario Davis,2025,7,0
Bryan Anger,2025,7,0
Kyle Juszczyk,2025,7,1.8
Adam Thielen,2025,7,2
Zach Ertz,2025,7,12.7
Darius Slay,2025,7,0
Sam Martin,2025,7,0
Tress Way,2025,7,0
Keenan Allen,2025,7,28.9
Tony Jefferson,2025,7,0
Travis Kelce,2025,7,8.4
Geno Smith,2025,7,1.7800000000000002
Cornelius Lucas,2025,7,0
Mike Pennel,2025,7,0
Khalil Mack,2025,7,0
Pat O'Donnell,2025,7,0
Chris Boswell,2025,7,8
Tyler Ott,2025,7,0
Brandin Cooks,2025,7,1.3
Teddy Bridgewater,2025,7,-0.1
Denico Autry,2025,7,0
Shelby Harris,2025,7,0
Jimmy Garoppolo,2025,7,-0.30000000000000004
C.J. Goodwin,2025,7,0
Jadeveon Clowney,2025,7,0
Davante Adams,2025,7,26.5
Mike Evans,2025,7,0
DeMarcus Lawrence,2025,7,0
Jason Myers,2025,7,10
Danielle Hunter,2025,7,0
Stefon Diggs,2025,7,13.9
Quandre Diggs,2025,7,0
Darren Waller,2025,7,0
Bobby Hart,2025,7,0
Raheem Mostert,2025,7,1.2
Neville Hewitt,2025,7,0
Alex Singleton,2025,7,0
Leonard Williams,2025,7,0
Preston Smith,2025,7,0
Rakeem Nunez-Roches,2025,7,0
Dante Fowler Jr.,2025,7,0
Bradley Pinion,2025,7,0
Denzel Perryman,2025,7,0
Ameer Abdullah,2025,7,3.7
Bud Dupree,2025,7,0
Arik Armstead,2025,7,0
Tyler Lockett,2025,7,3.8
Joe Cardona,2025,7,0
Mario Edwards,2025,7,0
Marcus Mariota,2025,7,4.92
DeForest Buckner,2025,7,0
Taylor Decker,2025,7,0
Sterling Shepard,2025,7,7.5
Jarran Reed,2025,7,0
Deion Jones,2025,7,0
Austin Hooper,2025,7,9.1
Chris Moore,2025,7,7.9
DJ Reader,2025,7,0
Elandon Roberts,2025,7,0
Kalif Raymond,2025,7,4.7
Wil Lutz,2025,7,5
Jonathan Jones,2025,7,0
Roy Robertson-Harris,2025,7,0
Robbie Chosen,2025,7,7.6
Ka'imi Fairbairn,2025,7,8
Sheldon Rankins,2025,7,0
Chris Jones,2025,7,0
Austin Johnson,2025,7,0
Demarcus Robinson,2025,7,0
A'Shawn Robinson,2025,7,0
C.J. Ham,2025,7,1.5
Riley Dixon,2025,7,0
Carson Wentz,2025,7,12.32
Laquon Treadwell,2025,7,0
Sheldon Day,2025,7,0
Eric Murray,2025,7,0
Jihad Ward,2025,7,0
David Onyemata,2025,7,0
Jalen Ramsey,2025,7,0
Zach Wood,2025,7,0
Andrew Billings,2025,7,0
Leonard Floyd,2025,7,0
Emmanuel Ogbah,2025,7,0
Dak Prescott,2025,7,22.26
Hunter Henry,2025,7,7.300000000000001
Jonathan Bullard,2025,7,0
Jared Goff,2025,7,11.34
Javon Hargrave,2025,7,0
Tyler Higbee,2025,7,4.9
Jacoby Brissett,2025,7,19.76
Maliek Collins,2025,7,0
Kevin Byard,2025,7,0
Mo Alie-Cox,2025,7,1.6
Johnny Mundt,2025,7,1.9
Rigoberto Sanchez,2025,7,0
Christian McCaffrey,2025,7,39.1
George Kittle,2025,7,0
Jermaine Eluemunor,2025,7,0
Chuck Clark,2025,7,0
D.J. Jones,2025,7,0
Harrison Butker,2025,7,7
Kendrick Bourne,2025,7,3.4000000000000004
Eric Wilson,2025,7,0
Taysom Hill,2025,7,2.8000000000000003
Tim Patrick,2025,7,3.2
Kenny Moore II,2025,7,0
Arthur Maulet,2025,7,0
Jonathan Allen,2025,7,0
Samaje Perine,2025,7,3.1
Garett Bolles,2025,7,0
Dalvin Tomlinson,2025,7,0
Zach Cunningham,2025,7,0
Rasul Douglas,2025,7,0
Mack Hollins,2025,7,7.300000000000001
Jamal Agnew,2025,7,0
Xavier Woods,2025,7,0
Pat O'Connor,2025,7,0
Elijah Wilkinson,2025,7,0
Jake Elliott,2025,7,3
Dare Ogunbowale,2025,7,0
JuJu Smith-Schuster,2025,7,6.5
Jonnu Smith,2025,7,11.8
Davon Godchaux,2025,7,0
Myles Garrett,2025,7,0
Solomon Thomas,2025,7,0
Jamal Adams,2025,7,0
Patrick Mahomes,2025,7,26.24
Marshon Lattimore,2025,7,0
Haason Reddick,2025,7,0
Adoree' Jackson,2025,7,0
Evan Engram,2025,7,9.2
Jabrill Peppers,2025,7,0
T.J. Watt,2025,7,0
Budda Baker,2025,7,0
Zay Jones,2025,7,8.7
Alvin Kamara,2025,7,5.9
Cooper Kupp,2025,7,3.2
Alex Anzalone,2025,7,0
Kareem Hunt,2025,7,1.8
Jourdan Lewis,2025,7,0
Rayshawn Jenkins,2025,7,0
Josh Reynolds,2025,7,5.9
Samson Ebukam,2025,7,0
Joshua Dobbs,2025,7,0.27999999999999997
Grover Stewart,2025,7,0
Jeremy McNichols,2025,7,6.5
Al-Quadin Muhammad,2025,7,0
Mike Badgley,2025,7,5
Chris Lammons,2025,7,0
Will Dissly,2025,7,0
Michael Dickson,2025,7,0
Daniel Carlson,2025,7,0
J.K. Scott,2025,7,0
Jacob Martin,2025,7,0
Eddy Pineiro,2025,7,11
Darious Williams,2025,7,0
DeShon Elliott,2025,7,0
Tremon Smith,2025,7,0
Zach Sieler,2025,7,0
Frankie Luvu,2025,7,0
Daron Payne,2025,7,0
Courtland Sutton,2025,7,14.700000000000001
Uchenna Nwosu,2025,7,0
Dallas Goedert,2025,7,4.8
M.J. Stewart,2025,7,0
Donte Jackson,2025,7,0
Isaiah Oliver,2025,7,0
Tyquan Lewis,2025,7,0
Justin Reid,2025,7,0
Nyheim Hines,2025,7,0
Josh Sweat,2025,7,0
Dalton Schultz,2025,7,18.8
Bilal Nichols,2025,7,0
Siran Neal,2025,7,0
Tim Settle,2025,7,0
Foye Oluokun,2025,7,0
Braxton Berrios,2025,7,0.9
Jordan Mailata,2025,7,0
Zaire Franklin,2025,7,0
Logan Cooke,2025,7,0
Jeremy Reaves,2025,7,0
Dennis Gardeck,2025,7,0
Jonathan Owens,2025,7,0
Tavierre Thomas,2025,7,0
Evan Brown,2025,7,0
Allen Lazard,2025,7,3.6
Tremaine Edmunds,2025,7,0
Jessie Bates,2025,7,0
Alex Cappa,2025,7,0
Robert Spillane,2025,7,0
Corey Bojorquez,2025,7,0
Oren Burks,2025,7,0
Nathan Shepherd,2025,7,0
Vita Vea,2025,7,0
Carlton Davis III,2025,7,0
Harrison Phillips,2025,7,0
Minkah Fitzpatrick,2025,7,0
Derwin James,2025,7,0
Nick Chubb,2025,7,2.1
Jerome Baker,2025,7,0
B.J. Hill,2025,7,0
Josh Woods,2025,7,0
John Franklin-Myers,2025,7,0
Sebastian Joseph-Day,2025,7,0
Derrick Nnadi,2025,7,0
D.J. Moore,2025,7,8.2
Harold Landry III,2025,7,0
Bradley Chubb,2025,7,0
Mike Hughes,2025,7,0
Saquon Barkley,2025,7,5.2
KhaDarel Hodge,2025,7,0
Baker Mayfield,2025,7,11.120000000000001
Denzel Ward,2025,7,0
Malik Turner,2025,7,0
Sam Darnold,2025,7,9.62
Andrew Beck,2025,7,0
Rashan Gary,2025,7,0
Darnell Savage,2025,7,0
Maxx Crosby,2025,7,0
Dre Greenlaw,2025,7,0
E.J. Speed,2025,7,0
Jamie Gillan,2025,7,0
Patrick Mekari,2025,7,0
Keisean Nixon,2025,7,0
Mack Wilson,2025,7,0
Jack Fox,2025,7,0
Azeez Al-Shaair,2025,7,0
AJ Cole,2025,7,0
Joey Slye,2025,7,10
Del'Shawn Phillips,2025,7,0
Olamide Zaccheaus,2025,7,2.9
T.J. Hockenson,2025,7,10.3
Byron Murphy,2025,7,0
Jahlani Tavai,2025,7,0
Zach Allen,2025,7,0
Josh Oliver,2025,7,1.9
Devin Singletary,2025,7,0.2
Anthony Nelson,2025,7,0
Tony Pollard,2025,7,12.1
Drue Tranquill,2025,7,0
Matt Gay,2025,7,2
Blake Cashman,2025,7,0
Mike Jackson,2025,7,0
Charles Omenihu,2025,7,0
Jake Bailey,2025,7,0
Cole Holcomb,2025,7,0
Gardner Minshew,2025,7,-0.30000000000000004
Scott Miller,2025,7,1.9
Donovan Wilson,2025,7,0
Kaden Elliss,2025,7,0
Tyrel Dodson,2025,7,0
Chase McLaughlin,2025,7,5
Andrew Wingard,2025,7,0
T.J. Edwards,2025,7,0
Carl Granderson,2025,7,0
Lil'Jordan Humphrey,2025,7,0
Shy Tuttle,2025,7,0
Greg Dortch,2025,7,2.5
Devin Bush,2025,7,0
Travis Homer,2025,7,0
Alex Bachman,2025,7,0
Troy Reeder,2025,7,0
Juan Thornhill,2025,7,0
D'Ernest Johnson,2025,7,0
Drew Sample,2025,7,0
Amani Hooker,2025,7,0
Rock Ya-Sin,2025,7,0
DK Metcalf,2025,7,8
Josh Hines-Allen,2025,7,0
Jeffery Simmons,2025,7,0
Noah Fant,2025,7,14.4
Gunner Olszewski,2025,7,0
Montez Sweat,2025,7,0
Hollywood Brown,2025,7,8.4
Greg Gaines,2025,7,0
Nick Scott,2025,7,0
Cody Barton,2025,7,0
Jerry Tillery,2025,7,0
A.J. Brown,2025,7,28.1
Dre'Mont Jones,2025,7,0
Dexter Lawrence,2025,7,0
David Montgomery,2025,7,5.8999999999999995
Bobby Okereke,2025,7,0
Germaine Pratt,2025,7,0
Jamel Dean,2025,7,0
Josh Jacobs,2025,7,18.8
Jalen Thompson,2025,7,0
Devin White,2025,7,0
Daniel Jones,2025,7,22.22
Brian Burns,2025,7,0
Quinnen Williams,2025,7,0
Malcolm Roach,2025,7,0
Corliss Waitman,2025,7,0
Benito Jones,2025,7,0
Chris Williams,2025,7,0
Tommy Townsend,2025,7,0
Tershawn Wharton,2025,7,0
Christian Rozeboom,2025,7,0
Juwan Johnson,2025,7,12.9
Rico Dowdle,2025,7,10.600000000000001
Bryce Huff,2025,7,0
J.K. Dobbins,2025,7,9
Joshua Uche,2025,7,0
Mason Kinsey,2025,7,0
Teair Tart,2025,7,0
Nick Westbrook-Ikhine,2025,7,4.6
Charlie Heck,2025,7,0
Geno Stone,2025,7,0
Tua Tagovailoa,2025,7,-0.3999999999999999
Derrick Brown,2025,7,0
Brandon Jones,2025,7,0
Isaiah Rodgers,2025,7,0
Jonathan Taylor,2025,7,34.199999999999996
Jonathan Greenard,2025,7,0
Kyle Dugger,2025,7,0
Harrison Bryant,2025,7,0
Larrell Murchison,2025,7,0
Colby Parkinson,2025,7,7.7
Michael Pittman Jr.,2025,7,18.8
Jauan Jennings,2025,7,7.1
Javon Kinlaw,2025,7,0
DaVon Hamilton,2025,7,0
Jordan Love,2025,7,12.36
Jordan Elliott,2025,7,0
Jeff Okudah,2025,7,0
D'Andre Swift,2025,7,20.799999999999997
Grant Delpit,2025,7,0
Mekhi Becton,2025,7,0
A.J. Terrell,2025,7,0
K'Lavon Chaisson,2025,7,0
Cole Kmet,2025,7,2.6
Jeremy Chinn,2025,7,0
Logan Wilson,2025,7,0
Akeem Davis-Gaither,2025,7,0
Mykal Walker,2025,7,0
Darnell Mooney,2025,7,9.8
Braden Mann,2025,7,0
Chase Young,2025,7,0
Justin Jefferson,2025,7,12.9
Patrick Queen,2025,7,0
Ashtyn Davis,2025,7,0
Devin Duvernay,2025,7,0
Alex Highsmith,2025,7,0
D.J. Wonnum,2025,7,0
James Lynch,2025,7,0
Blake Brandel,2025,7,0
Josh Metellus,2025,7,0
Kam Curl,2025,7,0
Justin Herbert,2025,7,29.900000000000002
CeeDee Lamb,2025,7,22
Neville Gallimore,2025,7,0
John Simpson,2025,7,0
Leki Fotu,2025,7,0
L'Jarius Sneed,2025,7,0
Amik Robertson,2025,7,0
Michael Danna,2025,7,0
Xavier McKinney,2025,7,0
Jalen Hurts,2025,7,24.04
Lloyd Cushenberry III,2025,7,0
Darnay Holmes,2025,7,0
Tristan Wirfs,2025,7,0
Jerry Jeudy,2025,7,3.7
Jordyn Brooks,2025,7,0
Tee Higgins,2025,7,21.6
Antoine Winfield Jr.,2025,7,0
Van Jefferson,2025,7,8.100000000000001
Zack Baun,2025,7,0
Terrell Burgess,2025,7,0
Tyler Johnson,2025,7,9
Justin Strnad,2025,7,0
Charlie Woerner,2025,7,0
"Kenneth Murray, Jr.",2025,7,0
Rex Sunahara,2025,7,0
Kwity Paye,2025,7,0
Dayo Odeyingbo,2025,7,0
Jamien Sherwood,2025,7,0
Jason Pinnock,2025,7,0
Brandin Echols,2025,7,0
Aaron Banks,2025,7,0
Nico Collins,2025,7,6.7
Chuba Hubbard,2025,7,7.5
Deommodore Lenoir,2025,7,0
Talanoa Hufanga,2025,7,0
Roy Lopez,2025,7,0
Jaylen Waddle,2025,7,2.5
Sam Cosmi,2025,7,0
Dee Eskridge,2025,7,6.5
Nick Bolton,2025,7,0
Alim McNeill,2025,7,0
Benjamin St-Juste,2025,7,0
Dyami Brown,2025,7,7
John Bates,2025,7,1.5
Camryn Bynum,2025,7,0
Noah Gray,2025,7,3.8000000000000003
Tedarrell Slaton,2025,7,0
Simi Fehoko,2025,7,0
Nick Niemann,2025,7,0
Stone Forsythe,2025,7,0
Isaiah McDuffie,2025,7,0
Grant Stuard,2025,7,0
Devon Key,2025,7,0
Naquan Jones,2025,7,0
Charles Snowden,2025,7,0
Adam Prentice,2025,7,0
Curtis Robinson,2025,7,0
Jack Stoll,2025,7,0
Brock Wright,2025,7,5.300000000000001
Jon Rhattigan,2025,7,0
Christian Elliss,2025,7,0
Riley Patterson,2025,7,6
Ryan Neuzil,2025,7,0
Kene Nwangwu,2025,7,0
Cameron Sample,2025,7,0
Evan McPherson,2025,7,17
Ben Skowronek,2025,7,0
Chris Rumph II,2025,7,0
Buddy Johnson,2025,7,0
Nate Hobbs,2025,7,0
Pat Surtain II,2025,7,0
Rhamondre Stevenson,2025,7,16.8
Penei Sewell,2025,7,0
Tommy Togiai,2025,7,0
Marco Wilson,2025,7,0
Luke Farrell,2025,7,2.1
Pat Freiermuth,2025,7,28.1
Victor Dimukeje,2025,7,0
Ja'Marr Chase,2025,7,38.1
Eric Stokes,2025,7,0
Joseph Ossai,2025,7,0
Bobby Brown III,2025,7,0
Larry Borom,2025,7,0
Khyiris Tonga,2025,7,0
DeVonta Smith,2025,7,33.3
Milton Williams,2025,7,0
Kenneth Gainwell,2025,7,3.5000000000000004
Patrick Johnson,2025,7,0
Michael Carter,2025,7,5.6
Pete Werner,2025,7,0
Micah Parsons,2025,7,0
Zaven Collins,2025,7,0
Jaelan Phillips,2025,7,0
Paulson Adebo,2025,7,0
Odafe Oweh,2025,7,0
Andre Cisco,2025,7,0
Osa Odighizuwa,2025,7,0
Jaycee Horn,2025,7,0
Justin Fields,2025,7,4.04
Ta'Quon Graham,2025,7,0
Jonathon Cooper,2025,7,0
Darren Hall,2025,7,0
Drew Dalman,2025,7,0
Tre'von Moehrig,2025,7,0
Amon-Ra St. Brown,2025,7,20.6
Derrick Barnes,2025,7,0
Kyle Pitts,2025,7,13.2
Trevor Lawrence,2025,7,17.64
Mac Jones,2025,7,6.18
Travis Etienne,2025,7,6.5
Tyson Campbell,2025,7,0
Nahshon Wright,2025,7,0
Brandon Stephens,2025,7,0
Malcolm Koonce,2025,7,0
Divine Deablo,2025,7,0
Ifeatu Melifonwu,2025,7,0
Ernest Jones,2025,7,0
Baron Browning,2025,7,0
Greg Newsome II,2025,7,0
Javonte Williams,2025,7,18.8
Chazz Surratt,2025,7,0
Hunter Long,2025,7,2.6
Tommy Tremble,2025,7,1
Dee Alford,2025,7,0
Jordan Davis,2025,7,0
Quay Walker,2025,7,0
Riq Woolen,2025,7,0
Dominique Robinson,2025,7,0
Kingsley Enagbare,2025,7,0
Tyler Badie,2025,7,3.9000000000000004
Bo Melton,2025,7,0
Dareke Young,2025,7,0
Elijah Hicks,2025,7,0
Josh Blackwell,2025,7,0
Reed Blankenship,2025,7,0
Josh Jobe,2025,7,0
Bam Knight,2025,7,9.399999999999999
Sauce Gardner,2025,7,0
Trent McDuffie,2025,7,0
George Karlaftis,2025,7,0
Jaylen Watson,2025,7,0
Isiah Pacheco,2025,7,12.399999999999999
Brenden Schooler,2025,7,0
Mike Caliendo,2025,7,0
Cameron Dicker,2025,7,7
Jaylen Warren,2025,7,19.800000000000004
Ikem Ekwonu,2025,7,0
Travon Walker,2025,7,0
Aidan Hutchinson,2025,7,0
Derek Stingley Jr.,2025,7,0
Drake London,2025,7,8.2
Chris Olave,2025,7,26.8
Jameson Williams,2025,7,0
Kaiir Elam,2025,7,0
Tyler Smith,2025,7,0
Jalen Pitre,2025,7,0
George Pickens,2025,7,12.200000000000001
Nik Bonitto,2025,7,0
Alex Wright,2025,7,0
Marcus Jones,2025,7,0
Rachaad White,2025,7,8.4
Thomas Booker,2025,7,0
Tyler Allgeier,2025,7,1.6
Jerome Ford,2025,7,3
Zyon McCollum,2025,7,0
D'Marco Jackson,2025,7,0
DaRon Bland,2025,7,0
Matthew Butler,2025,7,0
Matt Araiza,2025,7,0
Jalen Nailor,2025,7,5.7
Drew Ogletree,2025,7,0
Cade Mays,2025,7,0
Sam Roberts,2025,7,0
Theo Jackson,2025,7,0
Austin Deculus,2025,7,0
Connor Heyward,2025,7,0
John FitzPatrick,2025,7,1.6
Ja'Sir Taylor,2025,7,0
James Houston,2025,7,0
Montaric Brown,2025,7,0
Cameron Goode,2025,7,0
Chase Lucas,2025,7,0
Rodney Thomas,2025,7,0
Tanner Conner,2025,7,3.8000000000000003
Arron Mosby,2025,7,0
Ja'Quan McMillian,2025,7,0
Jake Hansen,2025,7,0
Tristin McCollum,2025,7,0
Ryan Wright,2025,7,0
Isaiah Pola-Mao,2025,7,0
Jordan Mason,2025,7,11.7
John Parker Romo,2025,7,4
Rashid Shaheed,2025,7,8
Daniel Whelan,2025,7,0
Darrell Baker Jr.,2025,7,0
Markquese Bell,2025,7,0
Malik Davis,2025,7,0
Nate Landman,2025,7,0
Tre Avery,2025,7,0
Julius Chestnut,2025,7,0
Jack Gibbens,2025,7,0
Sam Okuayinonu,2025,7,0
Kayvon Thibodeaux,2025,7,0
Nakobe Dean,2025,7,0
Nick Cross,2025,7,0
Hassan Haskins,2025,7,2.5
Jermaine Johnson II,2025,7,0
Alec Pierce,2025,7,14.8
Jalen Tolbert,2025,7,2.6
Brandon Aubrey,2025,7,17
Daxton Hill,2025,7,0
Trey McBride,2025,7,29.4
Brian Robinson Jr.,2025,7,3.6
Tycen Anderson,2025,7,0
Cordale Flott,2025,7,0
Dondrea Tillman,2025,7,0
KaVontae Turpin,2025,7,2.7
Jeremy Ruckert,2025,7,0
DeAngelo Malone,2025,7,0
Chigoziem Okonkwo,2025,7,0
Cameron Thomas,2025,7,0
Romeo Doubs,2025,7,13.2
Leo Chenal,2025,7,0
Charles Cross,2025,7,0
Kalia Davis,2025,7,0
Cobie Durant,2025,7,0
Kyren Williams,2025,7,8.5
Quentin Lake,2025,7,0
Daniel Hardy,2025,7,0
Jack Jones,2025,7,0
Jake Ferguson,2025,7,21.9
Skyy Moore,2025,7,2.5
Percy Butler,2025,7,0
Kenny Pickett,2025,7,-1.68
Tyquan Thornton,2025,7,4.9
Eyioma Uwazurike,2025,7,0
Micheal Clemons,2025,7,0
Kyler Gordon,2025,7,0
Daniel Bellinger,2025,7,17.8
Arnold Ebiketie,2025,7,0
Wan'Dale Robinson,2025,7,15.5
Jalyn Armour-Davis,2025,7,0
Breece Hall,2025,7,7.200000000000001
Alontae Taylor,2025,7,0
Dane Belton,2025,7,0
Roger McCreary,2025,7,0
Logan Hall,2025,7,0
Cade Otton,2025,7,13.5
Ed Ingram,2025,7,0
Boye Mafe,2025,7,0
Kenneth Walker III,2025,7,6.6000000000000005
Jaquan Brisker,2025,7,0
Coby Bryant,2025,7,0
Lucas Havrisik,2025,7,11
Xavier Smith,2025,7,3.5
Alex Ward,2025,7,0
Kyu Blu Kelly,2025,7,0
Jalen Carter,2025,7,0
Colby Wooden,2025,7,0
Dontayvion Wicks,2025,7,1.5
Karl Brooks,2025,7,0
Zaire Barnes,2025,7,0
Moro Ojomo,2025,7,0
Kendall Williamson,2025,7,0
Andre Szmyt,2025,7,7
Zavier Scott,2025,7,1.5999999999999999
Malik Heath,2025,7,0
Brady Russell,2025,7,0
Claudin Cherelus,2025,7,0
Xavier Gipson,2025,7,0
E.J. Jenkins,2025,7,0
Nikko Remigio,2025,7,0
Tyree Wilson,2025,7,0
Bijan Robinson,2025,7,21.2
Jaxon Smith-Njigba,2025,7,26.3
Quentin Johnston,2025,7,11
Mazi Smith,2025,7,0
Myles Murphy,2025,7,0
DJ Turner II,2025,7,0
Kendre Miller,2025,7,0.7000000000000001
Riley Moss,2025,7,0
Daiyan Henley,2025,7,0
Ji'Ayir Brown,2025,7,0
Tank Bigsby,2025,7,2
Darnell Washington,2025,7,9.2
Michael Wilson,2025,7,7
Jordan Battle,2025,7,0
Jake Moody,2025,7,14
Tre Tucker,2025,7,8.3
Cameron Latu,2025,7,0
Mekhi Blackmon,2025,7,0
Chad Ryland,2025,7,12
Ventrell Miller,2025,7,0
Derius Davis,2025,7,0
Isaiah McGuire,2025,7,0
Charlie Jones,2025,7,0
Nick Herbig,2025,7,0
Yasir Abdullah,2025,7,0
Cameron Mitchell,2025,7,0
Jordan Howden,2025,7,0
Mike Morris,2025,7,0
Darrell Luter Jr.,2025,7,0
Antonio Johnson,2025,7,0
Chase Brown,2025,7,12
Henry To'oTo'o,2025,7,0
Owen Pappoe,2025,7,0
JL Skinner,2025,7,0
Parker Washington,2025,7,10.2
Kayshon Boutte,2025,7,13.5
Luke Wypler,2025,7,0
Bryce Baringer,2025,7,0
Chris Rodriguez Jr.,2025,7,7.2
Xavier Hutchinson,2025,7,2.3
Andrei Iosivas,2025,7,7.9
Erick Hallett,2025,7,0
DeMario Douglas,2025,7,4.7
Dante Stills,2025,7,0
Dee Winters,2025,7,0
D.J. Ivey,2025,7,0
Cory Durden,2025,7,0
Trevor Nowaske,2025,7,0
Ethan Bonner,2025,7,0
Chris Brooks,2025,7,0
Brandon Pili,2025,7,0
Blake Whiteheart,2025,7,0.3999999999999999
Ronnie Hickman Jr.,2025,7,0
Julian Hill,2025,7,1.1
Hunter Luepke,2025,7,1.3
Tyrus Wheat,2025,7,0
Jake Bobo,2025,7,1.3
Ty Okada,2025,7,0
Jalen Redmond,2025,7,0
Nate Adkins,2025,7,4
Art Green,2025,7,0
Thomas Incoom,2025,7,0
PJ Mustipher,2025,7,0
Emanuel Wilson,2025,7,2.5
Kaevon Merriweather,2025,7,0
Ryan Miller,2025,7,2.4000000000000004
Brycen Tremayne,2025,7,0
Nick Whiteside,2025,7,0
Shaka Heyward,2025,7,0
Jacob Saylors,2025,7,0
Blake Grupe,2025,7,1
Drake Thomas,2025,7,0
Juice Scruggs,2025,7,0
Jalin Hyatt,2025,7,0
Sean Tucker,2025,7,1.5999999999999999
Natrone Brooks,2025,7,0
Marvin Mims Jr.,2025,7,15.8
Zach Harrison,2025,7,0
Chamarri Conner,2025,7,0
Kei'Trel Clark,2025,7,0
Jordan Addison,2025,7,21.8
Bryan Bresee,2025,7,0
Tucker Kraft,2025,7,16.8
Deonte Banks,2025,7,0
Tyler Steen,2025,7,0
Dylan Horton,2025,7,0
Jack Campbell,2025,7,0
Anthony Bradford,2025,7,0
Roschon Johnson,2025,7,1.1
Adetomiwa Adebawore,2025,7,0
Tyjae Spears,2025,7,7
De'Von Achane,2025,7,12.8
Elijah Higgins,2025,7,1.3
Matthew Bergeron,2025,7,0
SirVocea Dennis,2025,7,0
Josh Hayes,2025,7,0
Marte Mapu,2025,7,0
Ethan Evans,2025,7,0
Sam LaPorta,2025,7,4.5
Michael Mayer,2025,7,2
Rashee Rice,2025,7,23.2
Yaya Diaby,2025,7,0
Gervon Dexter Sr.,2025,7,0
Tyrique Stevenson,2025,7,0
Davis Allen,2025,7,1.4
Will Anderson Jr.,2025,7,0
Broderick Jones,2025,7,0
Keeanu Benton,2025,7,0
Tuli Tuipulotu,2025,7,0
Byron Young,2025,7,0
Kobie Turner,2025,7,0
Jahmyr Gibbs,2025,7,36.800000000000004
Kelee Ringo,2025,7,0
Will McDonald IV,2025,7,0
Christian Gonzalez,2025,7,0
Keion White,2025,7,0
Quan Martin,2025,7,0
Bryce Young,2025,7,10.52
Emmanuel Forbes,2025,7,0
Julius Brents,2025,7,0
C.J. Stroud,2025,7,14.66
Zach Charbonnet,2025,7,19.5
Joey Porter Jr.,2025,7,0
Jake Bates,2025,7,7
Austin Ajiake,2025,7,0
Beau Brade,2025,7,0
Braiden McGregor,2025,7,0
Jackson Sirmon,2025,7,0
George Holani,2025,7,0
Byron Murphy II,2025,7,0
Ryan Rehkow,2025,7,0
Christian Roland-Wallace,2025,7,0
Laiatu Latu,2025,7,0
Xavier Legette,2025,7,24.200000000000003
Kamari Lassiter,2025,7,0
Renardo Green,2025,7,0
Trevin Wallace,2025,7,0
Marist Liufau,2025,7,0
Jarrian Jones,2025,7,0
Luke McCaffrey,2025,7,0
Ja'Tavion Sanders,2025,7,0
Mason McCormick,2025,7,0
Malik Mustapha,2025,7,0
Isaac Guerendo,2025,7,0
Tarheeb Still,2025,7,0
Jordan Magee,2025,7,0
Cam Hart,2025,7,0
JD Bertrand,2025,7,0
Jarvis Brownlee Jr.,2025,7,0
Josh Newton,2025,7,0
Spencer Rattler,2025,7,13.52
Jamari Thrash,2025,7,3.3000000000000003
Chau Smith-Wade,2025,7,0
Tyrone Tracy Jr.,2025,7,10.600000000000001
Caelen Carson,2025,7,0
Jaylan Ford,2025,7,0
Kimani Vidal,2025,7,7.5
Casey Washington,2025,7,2.7
Jamal Hill,2025,7,0
Khristian Boyd,2025,7,0
Will Reichard,2025,7,18
Dylan Laube,2025,7,1.4000000000000001
Cam Little,2025,7,0
Ryan Flournoy,2025,7,0
Myles Harden,2025,7,0
Levi Drake Rodriguez,2025,7,0
Jonah Laulu,2025,7,0
Jowon Briggs,2025,7,0
Tatum Bethune,2025,7,0
Jaylen Harrell,2025,7,0
Hogan Hatten,2025,7,0
Loren Strickland,2025,7,0
Isaiah Williams,2025,7,0
Theo Benedet,2025,7,0
Carl Jones,2025,7,0
Reddy Steward,2025,7,0
Jalen Coker,2025,7,0
Xavier Weaver,2025,7,0
Brevyn Spann-Ford,2025,7,0
Kameron Johnson,2025,7,0
Mason Tipton,2025,7,0
PJ Jules,2025,7,0
Austin McNamara,2025,7,0
Maema Njongmeta,2025,7,0
Thomas Harper,2025,7,0
Tyler Owens,2025,7,0
Colson Yankoff,2025,7,0
JC Latham,2025,7,0
Bo Nix,2025,7,38.96
Ruke Orhorhoro,2025,7,0
Braden Fiske,2025,7,0
Jackson Powers-Johnson,2025,7,0
Blake Corum,2025,7,5.300000000000001
Roman Wilson,2025,7,3.7
Jalyx Hunt,2025,7,0
Payton Wilson,2025,7,0
Tanor Bortolini,2025,7,0
Tory Taylor,2025,7,0
Will Shipley,2025,7,1.7000000000000002
Joshua Karty,2025,7,5
Jordan Whittington,2025,7,2.9
Terrell Jennings,2025,7,1.8
Josh Wallace,2025,7,0
Omar Speights,2025,7,0
Jaylen McCollough,2025,7,0
AJ Barner,2025,7,1.9
Nehemiah Pritchett,2025,7,0
Isaiah Davis,2025,7,5.2
Max Melton,2025,7,0
Ty'Ron Hopper,2025,7,0
Evan Williams,2025,7,0
Tyrice Knight,2025,7,0
Anthony Gould,2025,7,1.3
Kitan Oladapo,2025,7,0
Andru Phillips,2025,7,0
Jaden Hicks,2025,7,0
Darius Muasau,2025,7,0
Kamren Kinchens,2025,7,0
Calen Bullock,2025,7,0
Cooper DeJean,2025,7,0
Tykee Smith,2025,7,0
Theo Johnson,2025,7,15.600000000000001
Marvin Harrison Jr.,2025,7,7.800000000000001
Edgerrin Cooper,2025,7,0
Drake Maye,2025,7,23.080000000000002
Jared Verse,2025,7,0
Darius Robinson,2025,7,0
Blake Fisher,2025,7,0
Cedric Gray,2025,7,0
Brandon Dorlus,2025,7,0
Kool-Aid McKinstry,2025,7,0
Tyler Nubin,2025,7,0
Dadrion Taylor-Demerson,2025,7,0
Javon Bullard,2025,7,0
Troy Franklin,2025,7,10.9
Malik Washington,2025,7,8
T'Vondre Sweat,2025,7,0
Quinyon Mitchell,2025,7,0
Maason Smith,2025,7,0
Adonai Mitchell,2025,7,1.8
Brian Thomas Jr.,2025,7,6.1
Xavier Worthy,2025,7,7.8
Zach Frazier,2025,7,0
Mike Sainristil,2025,7,0
Chris Braswell,2025,7,0
Jer'Zhan Newton,2025,7,0
Kris Jenkins,2025,7,0
Jayden Daniels,2025,7,17.740000000000002
Chop Robinson,2025,7,0
Ladd McConkey,2025,7,15.7
Michael Penix Jr.,2025,7,12.24
Caleb Williams,2025,7,3.6799999999999997
Rome Odunze,2025,7,5.1
Malachi Corley,2025,7,3.7
Dallas Turner,2025,7,0
Amarius Mims,2025,7,0
Jude McAtamney,2025,7,0
Tyler Booker,2025,7,0
Savion Williams,2025,7,0
Shemar James,2025,7,0
Warren Brinson,2025,7,0
Nazir Stackhouse,2025,7,0
Alijah Clark,2025,7,0
Brashard Smith,2025,7,13.100000000000001
Cooper McDonald,2025,7,0
Ashton Jeanty,2025,7,4.4
Armand Membou,2025,7,0
Tetairoa McMillan,2025,7,6.300000000000001
Colston Loveland,2025,7,5.4
Kenneth Grant,2025,7,0
Tyler Warren,2025,7,16.9
Emeka Egbuka,2025,7,9.8
Jayden Higgins,2025,7,0
Kyle Williams,2025,7,0
Azareye'h Thomas,2025,7,0
Pat Bryant,2025,7,1.6
Nick Martin,2025,7,0
Princely Umanmielen,2025,7,0
Jaylin Noel,2025,7,11.7
Kevin Winston Jr.,2025,7,0
Jacob Parrish,2025,7,0
Jamaree Caldwell,2025,7,0
Xavier Watts,2025,7,0
Tai Felton,2025,7,0
Danny Stutsman,2025,7,0
Barrett Carter,2025,7,0
Lathan Ransom,2025,7,0
Jack Sawyer,2025,7,0
Dylan Sampson,2025,7,2.7
Jaylin Lane,2025,7,9
Malachi Moore,2025,7,0
Quincy Riley,2025,7,0
Que Robinson,2025,7,0
Elic Ayomanor,2025,7,4.9
Joshua Farmer,2025,7,0
Jordan Phillips,2025,7,0
Jalen Rivers,2025,7,0
Elijah Roberts,2025,7,0
Marques Sigle,2025,7,0
Francisco Mauigoa,2025,7,0
Mitchell Evans,2025,7,4.4
Oronde Gadsden II,2025,7,29.400000000000002
Ollie Gordon,2025,7,2.3000000000000003
Andy Borregales,2025,7,7
Devin Neal,2025,7,0.1
Tahj Brooks,2025,7,0
Jimmy Horn Jr.,2025,7,2.5
R.J. Mickens,2025,7,0
Jeremy Crawshaw,2025,7,0
Thomas Fidone II,2025,7,0
Carson Bruener,2025,7,0
Quinn Ewers,2025,7,0.1200000000000001
Kyle Monangai,2025,7,17.400000000000002
Tez Johnson,2025,7,15.8
LeQuint Allen Jr.,2025,7,1.4
Jacory Croskey-Merritt,2025,7,4.200000000000001
Connor Colby,2025,7,0.9
Julian Ashby,2025,7,0
Trikweze Bridges,2025,7,0
Adin Huntington,2025,7,0
Dom Jones,2025,7,0
Gage Larvadain,2025,7,0
Easton Mascarenas-Arnold,2025,7,0
Donovan McMillon,2025,7,0
Ryan Fitzgerald,2025,7,7
Bam Martin-Scott,2025,7,0
BJ Green II,2025,7,0
Johnathan Edwards,2025,7,0
Ja'Markis Weston,2025,7,0
Beaux Collins,2025,7,0
Marlowe Wax,2025,7,0
Carter Runyon,2025,7,1.3
Tyler Batty,2025,7,0
Austin Keys,2025,7,0
Myles Price,2025,7,0
Ke'Shawn Williams,2025,7,0
Efton Chism III,2025,7,0
Elijah Ponder,2025,7,0
James Pearce Jr.,2025,7,0
Carson Schwesinger,2025,7,0
Josaiah Stewart,2025,7,0
Dont'e Thornton,2025,7,0
Arian Smith,2025,7,1
Woody Marks,2025,7,12.5
Gunnar Helm,2025,7,7.6
Ty Hamilton,2025,7,0
Jaydon Blue,2025,7,4.4
Konata Mumpfield,2025,7,7.5
Elijah Williams,2025,7,0
Grey Zabel,2025,7,0
Ashton Gillotte,2025,7,0
Jonas Sanker,2025,7,0
Trevor Etienne,2025,7,0
Cody Simon,2025,7,0
Tory Horton,2025,7,0
Kai Kroeger,2025,7,0
Mykel Williams,2025,7,0
Harold Fannin,2025,7,7.6
Matthew Golden,2025,7,7.7
Isaac TeSlaa,2025,7,0
Nohl Williams,2025,7,0
Tyleik Williams,2025,7,0
Cameron Ward,2025,7,11.200000000000001
Abdul Carter,2025,7,0
Derrick Harmon,2025,7,0
Mason Graham,2025,7,0
Josh Conerly Jr.,2025,7,0
Jaxson Dart,2025,7,29.42
Darius Alexander,2025,7,0
Will Campbell,2025,7,0
Dillon Gabriel,2025,7,5.84
Chimere Dike,2025,7,16.9
Jihaad Campbell,2025,7,0
Cam Skattebo,2025,7,18.4
Craig Woodson,2025,7,0
Travis Hunter,2025,7,24.1
Bhayshul Tuten,2025,7,2.2
Jahdae Barron,2025,7,0
Alfred Collins,2025,7,0
Donovan Ezeiruaku,2025,7,0
Tre Harris,2025,7,4.300000000000001
Jack Bech,2025,7,3.3
RJ Harvey,2025,7,7.2
Trey Amos,2025,7,0
Nick Emmanwori,2025,7,0
TreVeyon Henderson,2025,7,0.5
Luther Burden,2025,7,3.1
Mason Taylor,2025,7,6.1
Terrance Ferguson,2025,7,10.1
Demetrius Knight Jr.,2025,7,0
Elijah Arroyo,2025,7,6.199999999999999
JT Tuimoloau,2025,7,0
Nic Scourton,2025,7,0
Andrew Mukuba,2025,7,0
Will Johnson,2025,7,0
Quinshon Judkins,2025,7,26.4
NA,2025,7,0
