historical_value,age,position,tva_adj,median_ktc,q05,q10,q90,q95
5000,23,QB,-28,3643.374679920446,3307.399468830428,3381.6069756690977,3905.142384171794,3979.3498910104645
5000,23,QB,-16,3667.0082434747596,1904.2832046551287,2293.6197570409986,5040.396729908521,5429.733282294392
5000,23,QB,-4,3743.396163881885,1577.951542233111,2056.237562348768,5430.554765415002,5908.8407855306605
5000,23,QB,8,4457.859715757372,3273.4635946365515,3535.063499500422,5380.655932014322,5642.255836878194
5000,23,QB,20,4907.603303908374,3835.8143765858717,4072.5425086878126,5742.664099128935,5979.392231230877
5000,23,QB,32,4979.768865324044,3725.25722154727,4002.343680047368,5957.1940506007195,6234.280509100819
5000,23,QB,44,5080.5975031865555,3915.6783400073627,4172.976330795606,5988.218675577505,6245.516666365749
5000,23,QB,56,5162.451713149166,4054.693885931772,4299.366539822299,6025.536886476032,6270.20954036656
5000,23,QB,68,5622.868360770851,4114.010351636911,4447.2747929869865,6798.461928554715,7131.726369904793
5000,23,QB,80,5964.831837795911,3833.0972789064767,4303.937691042218,7625.725984549605,8096.566396685347
5000,23,QB,92,6155.167915936493,4157.477986656733,4598.711697345141,7711.624134527845,8152.857845216255
5000,23,QB,104,6297.95636374315,4974.172551109943,5266.559290030926,7329.353437455375,7621.740176376358
5000,23,QB,116,6388.17200954303,5365.551894823488,5591.4200144094875,7184.924004676573,7410.792124262573
5000,23,QB,128,6646.8914961399705,5379.689327703036,5659.57876738871,7634.204224891231,7914.093664576906
5000,23,QB,140,6807.143676205966,4798.089775332707,5241.833468817176,8372.453883594755,8816.197577079225
5000,23,QB,152,7374.968094275204,5064.7043574083,5574.976860836383,9174.959327714025,9685.231831142108
5000,23,QB,164,7630.4923714214965,6173.891374833879,6495.6137068619055,8765.371035981087,9087.093368009115
5000,23,QB,176,7875.2333635943005,7198.064765454294,7347.632327937179,8402.834399251422,8552.401961734307
5000,23,QB,188,7981.681378696824,7583.551053599176,7671.486882931686,8291.875874461963,8379.811703794472
5000,23,QB,200,8133.920169094003,7650.546375777971,7757.31009788937,8510.530240298636,8617.293962410035
5000,24,QB,-28,3482.827610501067,3167.418263238613,3237.08334721318,3728.571873788954,3798.236957763521
5000,24,QB,-16,3507.539361082051,1810.908648155866,2185.646816557326,4829.431905606776,5204.170074008237
5000,24,QB,-4,3581.5540546256734,1455.6237097136877,1925.1821336723035,5237.925975579044,5707.48439953766
5000,24,QB,8,4296.027808675362,3109.5054744035997,3371.575000155354,5220.480617195371,5482.550142947126
5000,24,QB,20,4743.477063584546,3645.5720445829083,3888.0684893100315,5598.885637859061,5841.382082586184
5000,24,QB,32,4823.255431960717,3529.129224968338,3814.965430097646,5831.545433823788,6117.381638953097
5000,24,QB,44,4913.35979590631,3737.6566650349996,3997.336532014836,5829.383059797784,6089.062926777621
5000,24,QB,56,4995.214005868921,3923.7998366369666,4160.44519518107,5829.982816556772,6066.628175100876
5000,24,QB,68,5519.714238260409,4122.414961225636,4431.039205615038,6608.38927090578,6917.0135152951825
5000,24,QB,80,5812.681639241424,3896.516892748891,4319.743975687652,7305.619302795196,7728.8463857339575
5000,24,QB,92,5983.659279787112,4220.681608836844,4610.073960579164,7357.244598995059,7746.63695073738
5000,24,QB,104,6125.993769898815,4971.233473950352,5226.287655717532,7025.699884080098,7280.754065847279
5000,24,QB,116,6227.587784998664,5342.432588651015,5537.938560871844,6917.237009125483,7112.742981346313
5000,24,QB,128,6494.716311623008,5400.093951324249,5641.86534875591,7347.567274490105,7589.338671921767
5000,24,QB,140,6688.141524487757,4945.3481714360405,5330.28237311535,8046.000675860164,8430.934877539476
5000,24,QB,152,7233.011694033305,5217.883350116312,5662.968717804204,8803.054670262405,9248.1400379503
5000,24,QB,164,7491.820397112837,6226.867444690419,6506.260095603381,8477.380698622292,8756.773349535255
5000,24,QB,176,7722.535553549683,7148.614219158223,7275.377355070955,8169.693752028411,8296.456887941144
5000,24,QB,188,7863.989708236999,7542.551252876696,7613.547997835865,8114.4314186381325,8185.428163597302
5000,24,QB,200,8031.712709557104,7667.719964461197,7748.115759238133,8315.309659876075,8395.70545465301
5000,25,QB,-28,3161.7869819807615,2833.5819526625182,2906.073244143823,3417.5007198177,3489.992011299005
5000,25,QB,-16,3193.760337479012,1383.2405817751176,1783.1336474481864,4604.387027509838,5004.280093182907
5000,25,QB,-4,3268.1278731517855,953.6973262795273,1464.8901612432744,5071.365585060296,5582.558420024045
5000,25,QB,8,3954.0475705094777,2635.885491129611,2927.0305467505405,4981.064594268415,5272.209649889345
5000,25,QB,20,4389.643908240765,3142.868415636377,3418.2461751846467,5361.041641296883,5636.419400845154
5000,25,QB,32,4450.303553413121,2973.927688110027,3300.0177343532678,5600.589372472975,5926.679418716217
5000,25,QB,44,4530.465180690705,3223.085553909291,3511.84906798035,5549.08129340106,5837.84480747212
5000,25,QB,56,4633.591826382995,3493.6172499612785,3745.4056807245793,5521.777972041412,5773.566402804713
5000,25,QB,68,5189.383243575672,3762.554945106951,4077.7013226409067,6301.065164510437,6616.211542044394
5000,25,QB,80,5435.825260978376,3529.788113946147,3950.7782940379047,6920.872227918847,7341.862408010606
5000,25,QB,92,5588.44491288854,3862.291294575462,4243.550245258113,6933.339580518967,7314.598531201618
5000,25,QB,104,5746.345167241079,4627.221552327324,4874.4045901401305,6618.285744342028,6865.468782154834
5000,25,QB,116,5850.706925535506,4997.900391360604,5186.261450831419,6515.152400239594,6703.513459710409
5000,25,QB,128,6131.374307077706,5075.759735406569,5308.915405707785,6953.833208447628,7186.988878748844
5000,25,QB,140,6359.318060193586,4669.026523454104,5042.364545521255,7676.271574865916,8049.609596933068
5000,25,QB,152,6873.641736190842,4915.303809731908,5347.845766022818,8399.437706358865,8831.979662649777
5000,25,QB,164,7135.341180873786,5923.950007088858,6191.512362422461,8079.16999932511,8346.732354658714
5000,25,QB,176,7385.931257167427,6857.259736636619,6974.028457007149,7797.8340573277055,7914.6027776982355
5000,25,QB,188,7529.382073326698,7251.310300503134,7312.72856084591,7746.035585807487,7807.4538461502625
5000,25,QB,200,7707.229603936444,7417.0203765060305,7481.119460362003,7933.339747510884,7997.438831366858
5000,26,QB,-28,3130.7227968139505,2852.572518716756,2914.008118673996,3347.437474953905,3408.873074911145
5000,26,QB,-16,3162.934197142274,1589.031316593857,1936.6623468498535,4389.2060474346945,4736.837077690692
5000,26,QB,-4,3237.2670193271906,1184.311462100096,1637.7518009219896,4836.782237732392,5290.222576554286
5000,26,QB,8,3893.310846412435,2700.0858139627785,2963.6357778672755,4822.985914957594,5086.5358788620915
5000,26,QB,20,4328.907184143718,3175.7147962738923,3430.422671094526,5227.39169719291,5482.099572013544
5000,26,QB,32,4376.188121791442,3007.790524298207,3310.0311977828696,5442.345045800015,5744.585719284679
5000,26,QB,44,4460.438214017349,3283.3486938913115,3543.334775397415,5377.541652637284,5637.5277341433875
5000,26,QB,56,4594.193563118682,3613.04463407476,3829.7529311707403,5358.634195066623,5575.342492162604
5000,26,QB,68,5135.282231621434,3953.2786674991557,4214.350123584751,6056.214339658118,6317.285795743714
5000,26,QB,80,5363.459508247751,3820.545478171868,4161.3319399672855,6565.587076528216,6906.373538323634
5000,26,QB,92,5502.353606290093,4124.019168908653,4428.454611797781,6576.252600782405,6880.688043671533
5000,26,QB,104,5664.605231345545,4778.962209447398,4974.575928658719,6354.6345340323705,6550.248253243692
5000,26,QB,116,5790.52650039759,5118.009200221573,5266.549421358794,6314.503579436387,6463.043800573607
5000,26,QB,128,6102.437627171463,5267.035359504069,5451.552304340093,6753.322950002833,6937.839894838858
5000,26,QB,140,6306.868275577917,4961.717202437544,5258.823370286229,7354.913180869606,7652.019348718291
5000,26,QB,152,6813.0138719953875,5262.330338220172,5604.832865605758,8021.194878385017,8363.697405770605
5000,26,QB,164,7072.1357542749165,6138.652707278665,6344.832947091646,7799.438561458187,8005.618801271168
5000,26,QB,176,7340.302040512348,6954.071162788326,7039.37873773418,7641.225343290516,7726.53291823637
5000,26,QB,188,7504.997815274228,7316.522292409514,7358.1512524941845,7651.844378054271,7693.4733381389415
5000,26,QB,200,7657.881587625372,7478.28546703634,7517.953216045473,7797.809959205271,7837.477708214404
5000,27,QB,-28,2976.6822432879644,2760.1106193607507,2807.9452206442797,3145.419265931649,3193.253867215178
5000,27,QB,-16,3010.310913215378,1753.0630798593218,2030.7538859428555,3989.867940487901,4267.558746571435
5000,27,QB,-4,3084.643735400295,1410.9874860283155,1780.6512393984335,4388.636231402157,4758.299984772276
5000,27,QB,8,3623.890857103711,2631.1242994073436,2850.3986050337708,4397.383109173651,4616.657414800079
5000,27,QB,20,4039.0895046796263,3059.168196239283,3275.6053463537955,4802.573663005457,5019.0108131199695
5000,27,QB,32,4082.803714044447,2920.6369274054637,3177.3269953643185,4988.280432724576,5244.970500683431
5000,27,QB,44,4149.583965092474,3181.5289928687125,3395.345201923064,4903.822728261883,5117.638937316235
5000,27,QB,56,4336.881964582,3565.7289102212226,3736.055004725279,4937.708924438722,5108.035018942778
5000,27,QB,68,4818.867771777377,3921.7540606630578,4119.901333602023,5517.834209952731,5715.981482891697
5000,27,QB,80,5023.670336053414,3876.276598114005,4129.703713699544,5917.636958407284,6171.064073992823
5000,27,QB,92,5154.25936599482,4141.516159051519,4365.202746556707,5943.315985432932,6167.002572938121
5000,27,QB,104,5330.7023676305525,4684.86291234825,4827.510745320973,5833.893989940132,5976.541822912856
5000,27,QB,116,5451.107238877908,4961.108456034117,5069.335452635596,5832.879025120219,5941.106021721698
5000,27,QB,128,5774.994537794911,5163.105120309056,5298.254341542599,6251.734734047222,6386.883955280766
5000,27,QB,140,5982.4308243716505,4994.423493424057,5212.6466192614735,6752.2150294818275,6970.438155319245
5000,27,QB,152,6492.820499989702,5370.338369589115,5618.263209334714,7367.377790644689,7615.302630390289
5000,27,QB,164,6763.072326463804,6114.358905065919,6257.641516597109,7268.503136330498,7411.785747861688
5000,27,QB,176,7034.371509603063,6783.111091810281,6838.607475341533,7230.135543864592,7285.631927395844
5000,27,QB,188,7212.124876915191,7099.530180720626,7124.39919311219,7299.850560718191,7324.719573109755
5000,27,QB,200,7372.234819913439,7274.979001628521,7296.460085834298,7448.009553992581,7469.490638198358
5000,28,QB,-28,2893.92758665873,2648.8248130911065,2702.9611456100647,3084.8940277073953,3139.030360226354
5000,28,QB,-16,2926.9607028116357,1466.9540353846355,1789.4285846410812,4064.49282098219,4386.967370238637
5000,28,QB,-4,3001.0616023282455,1017.1241130618898,1455.3202952283805,4546.80290942811,4984.999091594602
5000,28,QB,8,3530.499820649564,2329.435256276116,2594.716753042693,4466.2828882564345,4731.564385023012
5000,28,QB,20,3944.7133733278047,2734.5191271684303,3001.817114739094,4887.609631916515,5154.9076194871795
5000,28,QB,32,3987.8098625650014,2557.1420247746833,2873.1364489235675,5102.483276206435,5418.47770035532
5000,28,QB,44,4064.574179807955,2913.8171633882803,3167.987132918355,4961.161226697554,5215.331196227629
5000,28,QB,56,4239.629006484532,3363.2364921435556,3556.807033524635,4922.450979444428,5116.021520825508
5000,28,QB,68,4737.51526829995,3749.735355650845,3967.9082511605966,5507.122285439303,5725.295180949055
5000,28,QB,80,4920.048525870993,3679.194581677365,3953.264437161042,5886.832614580944,6160.902470064622
5000,28,QB,92,5057.5249037928825,3973.980125753065,4213.304795765256,5901.745011820509,6141.069681832701
5000,28,QB,104,5233.496103478925,4546.530620575423,4698.262040298628,5768.730166659222,5920.4615863824265
5000,28,QB,116,5399.03879924914,4876.922231879327,4992.243146830095,5805.834451668185,5921.155366618952
5000,28,QB,128,5714.027803868997,5058.224469832561,5203.07304433734,6224.982563400653,6369.831137905432
5000,28,QB,140,5886.150261183323,4830.357419174472,5063.552464396421,6708.748057970225,6941.943103192175
5000,28,QB,152,6400.815189700429,5232.167863189652,5490.289300758468,7311.34107864239,7569.462516211207
5000,28,QB,164,6690.557554664155,6050.726914735262,6192.0475688218285,7189.067540506481,7330.388194593049
5000,28,QB,176,6993.589964956417,6764.145730125971,6814.823530342344,7172.35639957049,7223.034199786864
5000,28,QB,188,7134.673936478851,7041.024337499192,7061.708908941756,7207.638964015946,7228.3235354585095
5000,28,QB,200,7312.009939724134,7238.828040171603,7254.991870514599,7369.028008933668,7385.191839276665
5000,29,QB,-28,2714.364367693039,2368.5240617574873,2444.910491531689,2983.8182438543895,3060.204673628591
5000,29,QB,-16,2744.7794252756057,630.694458577525,1097.6365705113244,4391.9222800398875,4858.864391973688
5000,29,QB,-4,2817.6414752413093,-115.32874636779206,532.4821652513924,5102.800785231226,5750.611696850412
5000,29,QB,8,3356.3705339340354,1544.1027905605863,1944.3819377142547,4768.359130153816,5168.638277307486
5000,29,QB,20,3752.287917830464,1889.2945524103168,2300.7775676491146,5203.798268011813,5615.2812832506115
5000,29,QB,32,3795.5479340352786,1606.1339845846169,2089.714157358162,5501.381710712395,5984.961883485941
5000,29,QB,44,3869.3754027588125,2173.051547319069,2547.7219395029038,5191.028866014722,5565.699258198557
5000,29,QB,56,4092.212302022576,2855.9386820544287,3128.9968723019033,5055.427731743248,5328.485921990723
5000,29,QB,68,4546.797355864577,3192.5820923758756,3491.6902858057883,5601.904425923366,5901.01261935328
5000,29,QB,80,4713.687263278163,3039.232908343689,3409.0729408618863,6018.30158569444,6388.141618212639
5000,29,QB,92,4857.45539509738,3409.2394991387728,3729.109797469874,5985.800992724885,6305.671291055987
5000,29,QB,104,5055.367191690875,4140.654091136188,4342.688575896571,5768.0458074851795,5970.080292245563
5000,29,QB,116,5219.265598688926,4521.334229612938,4675.487706220925,5763.043491156926,5917.196967764914
5000,29,QB,128,5544.7132132399265,4664.063223753872,4858.574122058662,6230.852304421191,6425.363202725981
5000,29,QB,140,5712.87407537892,4310.80025832763,4620.47906477766,6805.26908598018,7114.94789243021
5000,29,QB,152,6240.542519161046,4747.245550083668,5077.072993856846,7404.012044465246,7733.839488238424
5000,29,QB,164,6530.680881364546,5765.211230985272,5934.282020854036,7127.079741875055,7296.15053174382
5000,29,QB,176,6835.073506466444,6583.266021599741,6638.883236913485,7031.263776019403,7086.880991333147
5000,29,QB,188,7009.556811071,6916.487977461872,6937.044274112776,7082.069348029224,7102.625644680128
5000,29,QB,200,7126.370973786566,7060.265066553431,7074.866008531157,7177.875939041975,7192.4768810197
5000,30,QB,-28,2601.902238922391,2280.164796780541,2351.2275795392384,2852.5768983055436,2923.639681064241
5000,30,QB,-16,2640.7456148919637,622.2463998304381,1068.076298469583,4213.414931314344,4659.24482995349
5000,30,QB,-4,2713.5742986972637,-146.056953759115,485.55543524500854,4941.593162149518,5573.205551153644
5000,30,QB,8,3252.3033573899847,1448.790163540402,1847.1356760918209,4657.471038688149,5055.816551239568
5000,30,QB,20,3622.9830081394766,1732.6437382433285,2150.166697282828,5095.799318996125,5513.3222780356255
5000,30,QB,32,3666.2430243442914,1463.768490593864,1950.2333803547058,5382.2526683338765,5868.7175580947205
5000,30,QB,44,3751.5502966240188,2111.350067547123,2473.62432379694,5029.476269451097,5391.750525700915
5000,30,QB,56,4012.1575561734676,2866.530228373207,3119.56719347099,4904.747918875945,5157.784883973729
5000,30,QB,68,4417.565480448073,3194.4505598599676,3464.6023622490507,5370.528598647095,5640.680401036178
5000,30,QB,80,4572.103439395909,3080.7736389607057,3410.1665903200137,5734.040288471804,6063.433239831113
5000,30,QB,92,4732.854458862866,3453.8440852957074,3736.341626513963,5729.367291211768,6011.864832430025
5000,30,QB,104,4928.368762341054,4121.696494921173,4299.867787996386,5556.869736685722,5735.041029760936
5000,30,QB,116,5138.574739865336,4519.805043141636,4656.473925206518,5620.675554524153,5757.3444365890355
5000,30,QB,128,5426.291414723265,4644.800891066865,4817.410242781954,6035.172586664576,6207.781938379665
5000,30,QB,140,5595.039168944748,4376.742355999778,4645.829973460701,6544.248364428795,6813.335981889719
5000,30,QB,152,6139.61682787016,4906.536951594746,5178.889733380237,7100.343922360083,7372.696704145575
5000,30,QB,164,6462.264488500179,5876.536641057902,6005.907504770304,6918.621472230055,7047.9923359424565
5000,30,QB,176,6731.901051478468,6556.469583209514,6595.21747725518,6868.584625701756,6907.332519747421
5000,30,QB,188,6894.27032830214,6835.582170848745,6848.544739817576,6939.995916786705,6952.958485755536
5000,30,QB,200,7015.536614491299,6977.308536750711,6985.75204760129,7045.321181381308,7053.764692231886
5000,31,QB,-28,2558.1783619600005,2346.9270923954655,2393.5865765283224,2722.7701473916786,2769.4296315245356
5000,31,QB,-16,2597.02173792957,1236.7248893015433,1537.1763344236044,3656.867141435536,3957.3185865575974
5000,31,QB,-4,2669.8504217348736,701.5329405696891,1136.2791007710857,4203.421742698662,4638.167902900059
5000,31,QB,8,3206.321063509332,1939.2042840384652,2219.0748636949634,4193.5672633237,4473.437842980199
5000,31,QB,20,3581.1720823021487,2227.929357621038,2526.8227444883446,4635.521420115952,4934.414806983261
5000,31,QB,32,3614.3677254622003,2055.460101419561,2399.7790998262735,4828.956351098127,5173.27534950484
5000,31,QB,44,3717.701536680655,2603.80724683911,2849.835273319983,4585.567800041327,4831.5958265222
5000,31,QB,56,3962.799616747925,3215.712002375265,3380.722715733492,4544.876517762358,4709.887231120585
5000,31,QB,68,4367.391571480656,3587.966988493775,3760.1200318227056,4974.663111138607,5146.816154467538
5000,31,QB,80,4518.9867029520165,3580.4392690574887,3787.738089982952,5250.235315921082,5457.534136846544
5000,31,QB,92,4685.87462989483,3886.629900477306,4063.160658599609,5308.58860119005,5485.119359312354
5000,31,QB,104,4892.992020966588,4388.451512398914,4499.890368612298,5286.093673320878,5397.532529534262
5000,31,QB,116,5094.75841036508,4705.519298653833,4791.491308167509,5398.025512562651,5483.997522076326
5000,31,QB,128,5392.779492960865,4903.650919262777,5011.685711055689,5773.873274866041,5881.908066658953
5000,31,QB,140,5557.842931334089,4819.443772947062,4982.535449913052,6133.150412755127,6296.242089721117
5000,31,QB,152,6123.150179836483,5420.894690860899,5576.003244350836,6670.297115322131,6825.405668812069
5000,31,QB,164,6448.5659233354945,6142.151705227251,6209.830017302605,6687.3018293683845,6754.980141443738
5000,31,QB,176,6749.495420916986,6666.379210744758,6684.7372518477,6814.253589986273,6832.611631089215
5000,31,QB,188,6860.106423847423,6834.81009614971,6840.3973458891505,6879.815501805695,6885.402751545135
5000,31,QB,200,6981.0778554864455,6965.7978490034275,6969.1727741412215,6992.98293683167,6996.357861969464
5000,32,QB,-28,2509.8474041817376,2314.483231528588,2357.6337012645986,2662.0611070988766,2705.2115768348876
5000,32,QB,-16,2548.9124976217,1257.6850682169422,1542.8810146290689,3554.943980614331,3840.1399270264583
5000,32,QB,-4,2620.053691746623,711.3992523572647,1132.9675189687403,4107.139864524505,4528.7081311359825
5000,32,QB,8,3153.007736160787,1898.7755328418782,2175.8002707774717,4130.2152015441025,4407.239939479696
5000,32,QB,20,3513.730595856123,2149.904480110329,2451.135441414336,4576.3257502979095,4877.556711601917
5000,32,QB,32,3547.34199319983,1998.16635577464,2340.3358311224183,4754.348155277242,5096.517630625021
5000,32,QB,44,3650.758716883482,2590.1195011881305,2824.3849745149296,4477.132459252035,4711.397932578834
5000,32,QB,56,3917.9387664719047,3233.2881456825703,3384.508277249692,4451.369255694117,4602.58938726124
5000,32,QB,68,4304.588233263427,3604.962819803216,3759.490463332088,4849.686003194767,5004.21364672364
5000,32,QB,80,4451.765936373075,3618.7415801332386,3802.733310987107,5100.798561759044,5284.790292612913
5000,32,QB,92,4623.1426910674145,3917.656010109805,4073.478243339165,5172.807138795664,5328.629372025024
5000,32,QB,104,4877.185678274492,4430.501036442318,4529.161153377578,5225.210203171406,5323.8703201066655
5000,32,QB,116,5053.937193005884,4707.7370310340375,4784.202942919992,5323.671443091776,5400.137354977732
5000,32,QB,128,5350.6364369858475,4921.163514707141,5016.022045232721,5685.250828738974,5780.109359264554
5000,32,QB,140,5540.062708116509,4919.454206931285,5056.529229360544,6023.596186872474,6160.671209301734
5000,32,QB,152,6112.657745477661,5563.579955768988,5684.855849018895,6540.459641936426,6661.735535186333
5000,32,QB,164,6414.868355614303,6196.396915560891,6244.651132975383,6585.0855782532235,6633.339795667715
5000,32,QB,176,6703.594188735683,6649.958920289227,6661.805447707489,6745.382929763877,6757.229457182139
5000,32,QB,188,6808.367652227648,6793.389442905665,6796.697709509877,6820.037594945419,6823.345861549631
5000,32,QB,200,6940.547092588142,6932.050181411938,6933.92691092472,6947.167274251564,6949.044003764346
5000,33,QB,-28,2449.5362776867073,2127.017520165791,2198.252873591673,2700.8196817817416,2772.055035207624
5000,33,QB,-16,2498.5860456412806,310.6100323540031,793.8726053340049,4203.299485948556,4686.562058928559
5000,33,QB,-4,2575.9624008120654,-728.5883684643554,1.2942708358077653,5150.630530788323,5880.513170088489
5000,33,QB,8,3108.5844904309342,891.8768938165472,1381.48546821527,4835.6835126465985,5325.292087045323
5000,33,QB,20,3464.957082032037,1012.6703935150836,1554.3117860990844,5375.6023779649895,5917.243770548992
5000,33,QB,32,3499.078667757084,759.7234958366566,1364.770269955256,5633.387065558913,6238.433839677513
5000,33,QB,44,3638.747210282829,1843.446995918161,2239.978491508878,5037.515929056781,5434.047424647499
5000,33,QB,56,3888.302393041515,2770.1713970693654,3017.1351931808017,4759.469592902228,5006.433389013666
5000,33,QB,68,4254.849849511134,3133.389083576035,3381.088332539767,5128.611366482502,5376.310615446235
5000,33,QB,80,4407.444952572808,3085.7064759882655,3377.6414575062954,5437.24844763932,5729.1834291573505
5000,33,QB,92,4591.163269162952,3475.9001890376953,3722.2305429254316,5460.095995400472,5706.426349288209
5000,33,QB,104,4844.322649158808,4134.962279147538,4291.640101710432,5397.005196607185,5553.683019170079
5000,33,QB,116,5017.359514463212,4466.672889531381,4588.304129386883,5446.414899539541,5568.046139395043
5000,33,QB,128,5305.527530140729,4637.286616067006,4784.8823033801355,5826.172756901323,5973.768444214453
5000,33,QB,140,5516.872271447158,4602.681096672926,4804.600302657841,6229.144240236475,6431.06344622139
5000,33,QB,152,6094.844922092217,5348.914342000682,5513.669498917555,6676.020345266878,6840.775502183752
5000,33,QB,164,6402.783413752268,6133.636802696423,6193.083744974495,6612.4830825300405,6671.930024808114
5000,33,QB,176,6658.775249516301,6598.718093247471,6611.9830356819775,6705.567463350625,6718.832405785131
5000,33,QB,188,6774.364286653312,6758.813066752872,6762.247895332539,6786.480677974085,6789.915506553752
5000,33,QB,200,6898.319952871699,6889.91885277677,6891.774420307256,6904.865485436141,6906.721052966627
5000,34,QB,-28,2443.552875940956,1902.203884668145,2021.772702979627,2865.3330489022846,2984.9018672137668
5000,34,QB,-16,2492.6026438955305,-1276.9650599758775,-444.37321411818266,5429.578501909244,6262.170347766941
5000,34,QB,-4,2569.9789990663135,-3248.2087564527005,-1963.134163432614,7103.0921615652405,8388.16675458533
5000,34,QB,8,3101.9635326713337,-882.2663510999778,-2.2616466232052517,6206.188711965873,7086.1934164426475
5000,34,QB,20,3454.8689947806624,-1025.6202450481505,-36.00575882910471,6945.74374839043,7935.358234609477
5000,34,QB,32,3476.3277357849715,-1432.8588551335147,-348.5571403255035,7301.212611895447,8385.51432670346
5000,34,QB,44,3625.4758248581666,547.5273486910673,1227.3598930422231,6023.59175667411,6703.424301025267
5000,34,QB,56,3891.7941279782617,2037.518040858275,2447.075653663438,5336.512602293085,5746.07021509825
5000,34,QB,68,4228.063104399097,2399.2772481877255,2803.204783469212,5652.921425328982,6056.8489606104695
5000,34,QB,80,4395.358384051747,2259.744525277647,2731.4417660222207,6059.275002081273,6530.972242825848
5000,34,QB,92,4580.570468305329,2781.595700807567,3178.938802188689,5982.202134421969,6379.5452358030925
5000,34,QB,104,4862.430640159244,3711.909178504866,3966.027120589821,5758.834159728667,6012.952101813622
5000,34,QB,116,5018.1939557295855,4127.868667764214,4324.516568307177,5711.871343151994,5908.519243694957
5000,34,QB,128,5302.677655558848,4256.501515684094,4487.572500958089,6117.782810159606,6348.853795433602
5000,34,QB,140,5550.557567842875,4209.110252877956,4505.398364360988,6595.716771324762,6892.004882807795
5000,34,QB,152,6105.600170378106,5103.673755597038,5324.9712169052455,6886.229123850966,7107.526585159175
5000,34,QB,164,6423.600426366446,6096.482159982966,6168.733415993643,6678.46743673925,6750.718692749927
5000,34,QB,176,6665.286153064235,6598.43911895227,6613.2037550839505,6717.368551044519,6732.1331871761995
5000,34,QB,188,6780.8949266612535,6764.654059637047,6768.241211935738,6793.548641386769,6797.13579368546
5000,34,QB,200,6883.089264203357,6874.643477762141,6876.508915253976,6889.669613152738,6891.535050644573
5000,23,RB,-28,3119.826803575445,2894.6421826842547,2944.3791535772325,3295.2744535736574,3345.011424466635
5000,23,RB,-16,3142.6066423886305,1961.154688495355,2222.104309342844,4063.108975434417,4324.058596281906
5000,23,RB,-4,3216.328626344655,1764.9571855623883,2085.524455295998,4347.132797393311,4667.700067126922
5000,23,RB,8,3904.917630915177,3111.085875726165,3286.4210595655422,4523.414202264812,4698.749386104189
5000,23,RB,20,4341.511983522061,3623.154273465209,3781.8193562512497,4901.204610792873,5059.869693578914
5000,23,RB,32,4411.366126204829,3570.5400188532158,3756.254937846776,5066.477314562882,5252.192233556443
5000,23,RB,44,4501.21077107894,3720.4332866974955,3892.885148023038,5109.536394134841,5281.988255460384
5000,23,RB,56,4583.230785946439,3840.7652166804924,4004.7550498292767,5161.706522063601,5325.696355212386
5000,23,RB,68,5031.221271693265,4019.9216056758614,4243.289355452567,5819.153187933964,6042.52093771067
5000,23,RB,80,5368.45658419247,3939.6790356144943,4255.255947860649,6481.65722052429,6797.234132770445
5000,23,RB,92,5558.291722776415,4219.356484299895,4515.08974849944,6601.493697053389,6897.226961252935
5000,23,RB,104,5697.788216727617,4810.533008158568,5006.50281421635,6389.073619238883,6585.043425296665
5000,23,RB,116,5787.286079265708,5101.883361304096,5253.269610055501,6321.3025484759155,6472.688797227322
5000,23,RB,128,6029.895965313547,5180.564138223754,5368.157732294535,6691.634198332559,6879.227792403341
5000,23,RB,140,6184.753349453906,4838.201502517511,5135.61706203444,7233.889636873371,7531.305196390302
5000,23,RB,152,6747.280636732767,5198.845375520437,5540.851322515333,7953.7099509502,8295.715897945096
5000,23,RB,164,7003.958936697557,6027.684103378289,6243.315849348233,7764.602024046881,7980.233770016825
5000,23,RB,176,7246.124826034705,6792.258144749339,6892.504572889254,7599.745079180156,7699.99150732007
5000,23,RB,188,7353.464980347107,7086.621405693085,7145.5596717834605,7561.370288910753,7620.308555001128
5000,23,RB,200,7499.447560369732,7175.470252509829,7247.0277588228355,7751.867361916628,7823.424868229635
5000,24,RB,-28,2959.8811188271716,2748.480598954282,2795.17304829681,3124.589189357533,3171.281638700061
5000,24,RB,-16,2983.3421374956247,1846.189361720541,2097.354535815283,3869.3297391759666,4120.494913270709
5000,24,RB,-4,3055.087901759546,1630.2005798439468,1944.9182500623476,4165.257553456745,4479.9752236751465
5000,24,RB,8,3743.6871085042703,2948.430276444925,3124.0802198204533,4363.293997188088,4538.943940563616
5000,24,RB,20,4177.987127869339,3442.125322242914,3604.6565691053747,4751.317686633303,4913.848933495764
5000,24,RB,32,4255.2235452101095,3387.8461028045313,3579.4254674850235,4931.021622935195,5122.600987615688
5000,24,RB,44,4334.574448469806,3546.569098471209,3720.6173927165305,4948.531504223081,5122.579798468403
5000,24,RB,56,4416.594463337301,3698.4879318071958,3857.0975362971417,4976.091390377461,5134.700994867407
5000,24,RB,68,4930.193718034882,3993.6653743223287,4200.518234821126,5659.869201248639,5866.722061747437
5000,24,RB,80,5216.609002782639,3932.3153472951335,4215.979817400681,6217.238188164598,6500.902658270146
5000,24,RB,92,5387.983736231194,4206.362457730967,4467.34947763801,6308.617994824377,6569.60501473142
5000,24,RB,104,5525.616747978529,4751.6481607731985,4922.596127564019,6128.637368393039,6299.58533518386
5000,24,RB,116,5625.11160373763,5031.843616278852,5162.8798855728855,6087.343321902374,6218.379591196407
5000,24,RB,128,5878.045970272087,5144.38433963216,5306.429629510392,6449.662311033782,6611.707600912015
5000,24,RB,140,6064.702460742883,4896.609555241326,5154.608536749471,6974.796384736295,7232.795366244441
5000,24,RB,152,6605.87635777327,5255.2531653661945,5553.567970978923,7658.184744567617,7956.499550180346
5000,24,RB,164,6865.345374516204,6017.521065954001,6204.78169143736,7525.909057595049,7713.169683078408
5000,24,RB,176,7094.366434194896,6709.700381937605,6794.662330799478,7394.070537590314,7479.032486452187
5000,24,RB,188,7235.858257202232,7020.416777233146,7068.0017613939435,7403.714753010521,7451.299737171319
5000,24,RB,200,7393.637938493573,7149.6747959580225,7203.559415925534,7583.716461061611,7637.601081029123
5000,25,RB,-28,2643.9224757004076,2423.9457552101303,2472.532446880537,2815.3125045202783,2863.899196190685
5000,25,RB,-16,2674.7369644727773,1461.2509948339127,1729.2760318551082,3620.1978970904465,3888.2229341116426
5000,25,RB,-4,2746.8355708658464,1195.6075395311707,1538.2303311655278,3955.440810566165,4298.063602200523
5000,25,RB,8,3406.8807209185634,2523.3934328079863,2718.5310108502476,4095.230430986879,4290.368009029141
5000,25,RB,20,3829.3278231057457,2993.6868074257995,3178.2564850057565,4480.399161205734,4664.968838785692
5000,25,RB,32,3887.4455172426997,2897.9167408708468,3116.4759113567925,4658.415123128607,4876.974293614553
5000,25,RB,44,3957.2736913119916,3081.0132533395,3274.5546227528444,4639.992759871138,4833.534129284484
5000,25,RB,56,4059.5145518506597,3295.455971503967,3464.215095554432,4654.814008146887,4823.5731321973535
5000,25,RB,68,4605.248697703515,3648.928770334186,3860.1530369102156,5350.3443584968145,5561.568625072845
5000,25,RB,80,4844.2517929246205,3566.7460776473686,3848.911282024535,5839.5923038247065,6121.757508201873
5000,25,RB,92,4994.90482833354,3837.9645681318957,4093.5002428988155,5896.309413768264,6151.845088535184
5000,25,RB,104,5150.798563823267,4400.715168869429,4566.387566187147,5735.209561459386,5900.881958777105
5000,25,RB,116,5253.273366639715,4681.686803843412,4807.934254153768,5698.6124791256625,5824.859929436019
5000,25,RB,128,5518.761668937311,4811.244687676177,4967.515357333837,6070.007980540785,6226.278650198445
5000,25,RB,140,5741.870538533234,4608.966543439723,4859.193280974038,6624.54779609243,6874.774533626746
5000,25,RB,152,6253.077463760809,4940.5175813939495,5230.42526872272,7275.7296587988985,7565.63734612767
5000,25,RB,164,6514.529760317976,5702.604793191143,5881.93626039992,7147.123260236032,7326.45472744481
5000,25,RB,176,6764.161958524022,6409.824221699735,6488.087495776649,7040.236421271396,7118.49969534831
5000,25,RB,188,6903.010294946291,6716.63497713441,6757.80006079107,7048.220529101512,7089.385612758171
5000,25,RB,200,7073.428467073876,6878.918120176487,6921.880003735547,7224.976930412206,7267.9388139712655
5000,26,RB,-28,2615.5504024762286,2429.1224671506247,2470.299172541211,2760.801632411246,2801.978337801833
5000,26,RB,-16,2646.602936078668,1591.7074801728781,1824.704317958142,3468.501554199194,3701.498391984458
5000,26,RB,-4,2718.6668289838794,1342.6902580910253,1646.604914363161,3790.728743604598,4094.6433998767343
5000,26,RB,8,3348.8361087641492,2549.086848399632,2725.729043266265,3971.9431742620336,4148.585369128667
5000,26,RB,20,3771.283210951332,2998.365501235252,3169.081358644499,4373.485063258166,4544.200920667412
5000,26,RB,32,3816.022197563645,2898.864966766133,3101.43929138887,4530.6051037384195,4733.179428361157
5000,26,RB,44,3890.3747734152435,3101.4402074256204,3275.6937394376955,4505.055807392791,4679.3093394048665
5000,26,RB,56,4023.0232827052837,3365.416285725508,3510.6632388183034,4535.383326592264,4680.63027968506
5000,26,RB,68,4550.156022697297,3757.9278591510392,3932.908854544757,5167.403190849836,5342.384186243555
5000,26,RB,80,4774.3849773683005,3740.259543521195,3968.6688656116,5580.101089125002,5808.510411215406
5000,26,RB,92,4911.505633677712,3987.6883177036116,4191.733668461534,5631.277598893889,5835.322949651812
5000,26,RB,104,5071.497790384623,4477.902841864362,4609.01132769225,5533.984253076996,5665.092738904884
5000,26,RB,116,5195.5088582488415,4744.759671153822,4844.3175322095785,5546.7001842881045,5646.258045343862
5000,26,RB,128,5490.8669793098015,4930.94548294107,5054.616447046123,5927.11751157348,6050.788475678533
5000,26,RB,140,5692.063602471486,4790.487163353379,4989.620127819365,6394.507077123607,6593.640041589593
5000,26,RB,152,6195.1925433435035,5155.859663567961,5385.419164500706,7004.965922186301,7234.5254231190465
5000,26,RB,164,6454.554639549612,5828.895307826228,5967.085917148001,6942.023361951224,7080.213971272997
5000,26,RB,176,6719.813710724574,6460.945642766271,6518.122342978782,6921.505078470365,6978.681778682877
5000,26,RB,188,6878.9250425677155,6752.600874109382,6780.502342090749,6977.347743044682,7005.249211026049
5000,26,RB,200,7026.470181135939,6906.097358994803,6932.684341389272,7120.256020882606,7146.843003277076
5000,27,RB,-28,2473.4817780215744,2328.3264289956232,2360.387176931657,2586.576379111492,2618.6371270475256
5000,27,RB,-16,2505.951581223109,1663.2915653188447,1849.4115433077422,3162.4916191384755,3348.6115971273734
5000,27,RB,-4,2578.015474128324,1456.2611435208098,1704.025232692143,3452.0057155645054,3699.769804735839
5000,27,RB,8,3093.822901341218,2428.4292843448393,2575.396083542523,3612.249719139913,3759.2165183375973
5000,27,RB,20,3496.2531265648204,2839.468932193957,2984.5341512533705,4007.9721018762702,4153.037320935684
5000,27,RB,32,3535.646533048507,2756.713806397092,2928.7582124481132,4142.534853648901,4314.579259699923
5000,27,RB,44,3593.7827564253025,2944.951876269584,3088.2604311480427,4099.305081702562,4242.613636581022
5000,27,RB,56,3771.8150491035176,3254.9560593229025,3369.1157227526446,4174.514375454391,4288.674038884134
5000,27,RB,68,4247.6586224057855,3646.375538817095,3779.1821181853247,4716.135126626246,4848.941705994476
5000,27,RB,80,4448.816858210904,3679.785645900464,3849.643084970239,5047.990631451568,5217.848070521344
5000,27,RB,92,4576.70978938555,3897.9269875955915,4047.8510824190753,5105.568496352024,5255.492591175509
5000,27,RB,104,4749.5738200504,4316.705238995018,4412.313775365001,5086.8338647358,5182.442401105783
5000,27,RB,116,4870.3518286640865,4541.93417608239,4614.472430082821,5126.231227245352,5198.769481245783
5000,27,RB,128,5177.686121868179,4767.572274311235,4858.154927860223,5497.217315876134,5587.799969425123
5000,27,RB,140,5383.066007541378,4720.862223115328,4867.124477708339,5899.007537374417,6045.269791967429
5000,27,RB,152,5889.531565824799,5137.197153499156,5303.3667374589195,6475.696394190679,6641.865978150442
5000,27,RB,164,6159.901262146515,5725.106428948627,5821.140420424581,6498.66210386845,6594.696095344404
5000,27,RB,176,6425.683907980799,6257.278680279431,6294.474674727273,6556.8931412343245,6594.089135682167
5000,27,RB,188,6599.74506352373,6524.279394807658,6540.947645745469,6658.542481301991,6675.210732239802
5000,27,RB,200,6751.5207672133165,6686.335855210734,6700.733375157269,6802.308159269364,6816.705679215899
5000,28,RB,-28,2403.838815621642,2239.5606982982295,2275.8451297453303,2531.8325014979537,2568.1169329450545
5000,28,RB,-16,2435.713065048672,1457.155608870537,1673.2915222487245,3198.1346078486195,3414.2705212268074
5000,28,RB,-4,2507.545035285577,1177.8272565755128,1471.5246422754656,3543.5654282956884,3837.2628139956414
5000,28,RB,8,3013.5435591163687,2208.539916982151,2386.3426575028607,3640.7444607298767,3818.5472012505866
5000,28,RB,20,3414.9886894423025,2603.8659532084007,2783.020230099236,4046.957148785369,4226.111425676205
5000,28,RB,32,3453.7643757983615,2494.8710287897516,2706.663691631866,4200.865059964856,4412.657722806972
5000,28,RB,44,3522.4199508869015,2751.134528847501,2921.489859661536,4123.350042112267,4293.7053729263025
5000,28,RB,56,3687.6737852353513,3100.278913293822,3230.0179759918788,4145.329594478824,4275.068657176881
5000,28,RB,68,4179.119045631198,3517.067686448556,3663.2962745777363,4694.94181668466,4841.17040481384
5000,28,RB,80,4358.8980711153745,3527.225924536338,3710.918990178194,5006.877152052555,5190.570217694411
5000,28,RB,92,4492.8892296156955,3766.652257340528,3927.05764829708,5058.720810934311,5219.126201890864
5000,28,RB,104,4665.431788736994,4204.998826045854,4306.695561697275,5024.168015776714,5125.864751428135
5000,28,RB,116,4828.743325925219,4478.798992524147,4556.091886930742,5101.394764919697,5178.687659326291
5000,28,RB,128,5130.3719853031225,4690.825196493736,4787.908761768284,5472.835208837961,5569.918774112509
5000,28,RB,140,5299.940034342391,4592.303568854182,4748.600629228494,5851.279439456289,6007.5764998306
5000,28,RB,152,5811.1682075772205,5027.891952397419,5200.895722152472,6421.440693001969,6594.444462757022
5000,28,RB,164,6099.079105413704,5670.237883409525,5764.9568890508435,6433.201321776565,6527.9203274178835
5000,28,RB,176,6395.660896637627,6241.877786067246,6275.844164694704,6515.47762858055,6549.444007208008
5000,28,RB,188,6535.118539753697,6472.35066656916,6486.21433038971,6584.022749117685,6597.886412938235
5000,28,RB,200,6703.864659194804,6654.8150931468535,6665.64876744124,6742.080550948367,6752.914225242754
5000,29,RB,-28,2241.884169808507,2010.087550265273,2061.284926328016,2422.4834132889982,2473.680789351741
5000,29,RB,-16,2271.1403606651934,854.1923060358804,1167.15641464618,3375.1243066842067,3688.0884152945073
5000,29,RB,-4,2341.733481351193,375.9343222541845,810.1242556985835,3873.3427070038024,4307.532640448202
5000,29,RB,8,2849.3746220587363,1634.7170780664717,1903.000883023432,3795.748361094041,4064.0321660510017
5000,29,RB,20,3239.7057977144354,1991.0498229064071,2266.8429282640714,4212.5686671648,4488.361772522464
5000,29,RB,32,3278.658302331434,1811.2216168051427,2135.3372487983943,4421.979355864473,4746.094987857726
5000,29,RB,44,3344.3637376072343,2207.416630537671,2458.5363781802,4230.191097034269,4481.310844676797
5000,29,RB,56,3558.924828723837,2730.3226067708665,2913.3376121119527,4204.512045335721,4387.527050676808
5000,29,RB,68,4004.869014790174,3097.2173766695796,3297.692182309087,4712.045847271261,4912.520652910769
5000,29,RB,80,4166.640980712743,3044.351726418631,3292.2339652385726,5041.047996186913,5288.930235006856
5000,29,RB,92,4309.709335203938,3339.054546590208,3553.4449822129777,5065.973688194899,5280.36412381767
5000,29,RB,104,4504.169245522819,3891.090315966243,4026.502267074519,4981.8362239711205,5117.248175079396
5000,29,RB,116,4665.7706524562545,4197.987894783287,4301.307994133497,5030.233310779012,5133.553410129222
5000,29,RB,128,4979.971387164094,4389.7229775362875,4520.092306725381,5439.850467602808,5570.219796791901
5000,29,RB,140,5143.418172464209,4203.689732589623,4411.249404632814,5875.586940295605,6083.146612338796
5000,29,RB,152,5668.185919280427,4667.315912327571,4888.380042757342,6447.991795803511,6669.055926233283
5000,29,RB,164,5953.883492114162,5440.833757090153,5554.152062916506,6353.614921311819,6466.933227138172
5000,29,RB,176,6253.66984787889,6084.897952972394,6122.17493392827,6385.164761829511,6422.441742785388
5000,29,RB,188,6424.977834907775,6362.599214934406,6376.376903631267,6473.578766184283,6487.356454881145
5000,29,RB,200,6535.282031167022,6490.975090751192,6500.761251977911,6569.802810356133,6579.5889715828525
5000,30,RB,-28,2135.5309733950644,1919.8890999956539,1967.5183454482383,2303.5436013418903,2351.172846794475
5000,30,RB,-16,2172.9065685432265,820.0240774864326,1118.8378988433753,3226.975238243078,3525.7890596000216
5000,30,RB,-4,2243.4663230688243,326.82200462695505,750.155011567057,3736.7776345705915,4160.110641510694
5000,30,RB,8,2751.1074637763622,1542.3175845716548,1809.3053868460452,3692.9095407066793,3959.8973429810703
5000,30,RB,20,3116.200906285115,1849.216563999091,2129.0578919936347,4103.343920576594,4383.185248571139
5000,30,RB,32,3155.153410902115,1678.9629762089778,2005.0120660280472,4305.294755776183,4631.343845595253
5000,30,RB,44,3232.1197568919356,2132.7890486172546,2375.6003881431216,4088.6391256407496,4331.4504651666175
5000,30,RB,56,3484.8822249095847,2717.0349344612146,2886.6308783766567,4083.1335714425127,4252.729515357955
5000,30,RB,68,3881.243982867007,3061.461270906165,3242.528293698386,4519.9596720356285,4701.0266948278495
5000,30,RB,80,4030.8571750921697,3031.3056467362317,3252.0785622005296,4809.63578798381,5030.408703448108
5000,30,RB,92,4188.716781576264,3331.47060215366,3520.812254817679,4856.621308334849,5045.962960998869
5000,30,RB,104,4382.970834434679,3842.3053843467155,3961.723227569933,4804.218441299426,4923.636284522643
5000,30,RB,116,4591.4779144900795,4176.752616383635,4268.353810101339,4914.60201887882,5006.203212596524
5000,30,RB,128,4866.755802529784,4342.9682090085635,4458.658206797782,5274.8533982617855,5390.5433960510045
5000,30,RB,140,5031.721317825396,4215.167902869865,4395.521664469904,5667.920971180888,5848.2747327809275
5000,30,RB,152,5571.649103164215,4745.187461643765,4927.729672767178,6215.5685335612525,6398.110744684665
5000,30,RB,164,5888.921892661133,5496.342622173337,5583.052379137037,6194.791406185229,6281.501163148929
5000,30,RB,176,6156.018069665056,6038.436571475462,6064.407028649065,6247.629110681047,6273.59956785465
5000,30,RB,188,6313.635139757381,6274.299885099547,6282.987940297286,6344.282339217476,6352.970394415214
5000,30,RB,200,6430.314476921155,6404.69242234908,6410.351616025034,6450.277337817276,6455.936531493231
5000,31,RB,-28,2092.7798730354034,1951.190447746146,1982.4635830805883,2203.0961629902185,2234.369298324661
5000,31,RB,-16,2130.1554681835637,1218.4276976614947,1419.8028066956379,2840.5081296714898,3041.8832387056336
5000,31,RB,-4,2200.7152227091656,881.4666259103717,1172.8516627743631,3228.578782643968,3519.96381950796
5000,31,RB,8,2706.0979464984384,1856.8233506605814,2044.4043039519856,3367.791589044891,3555.3725423362957
5000,31,RB,20,3074.9870306503276,2167.9872286636514,2368.318061971961,3781.655999328694,3981.9868326370042
5000,31,RB,32,3104.2508886227592,2059.4058800117705,2290.1828557008366,3918.318921544682,4149.0958972337485
5000,31,RB,44,3198.6121909704116,2452.0337081203033,2616.9319685960127,3780.2924133448105,3945.19067382052
5000,31,RB,56,3436.497062086776,2935.7677354522084,3046.3648084029314,3826.629315770621,3937.2263887213444
5000,31,RB,68,3832.0428505023174,3309.639936716664,3425.024097564481,4239.061603440154,4354.445764287971
5000,31,RB,80,3977.7493793191975,3348.69568394608,3487.6360130550156,4467.862745583379,4606.803074692316
5000,31,RB,92,4142.618026311632,3606.9308224573397,3725.2491106263874,4559.986941996876,4678.3052301659245
5000,31,RB,104,4347.231133384689,4009.067008783189,4083.7579852619124,4610.704281507466,4685.39525798619
5000,31,RB,116,4548.585098203852,4287.700786166805,4345.322818181554,4751.84737822615,4809.4694102408985
5000,31,RB,128,4834.267489205627,4506.433087143917,4578.842517452832,5089.692460958421,5162.101891267336
5000,31,RB,140,4996.78179537424,4501.875834877033,4611.186689475336,5382.376901273144,5491.687755871447
5000,31,RB,152,5553.693727963844,5083.01276450623,5186.972996278372,5920.414459649316,6024.374691421458
5000,31,RB,164,5875.578950060901,5670.207341493362,5715.568173317234,6035.589726804567,6080.9505586284395
5000,31,RB,176,6172.419072498751,6116.711116495619,6129.015442498298,6215.822702499204,6228.127028501884
5000,31,RB,188,6279.818922321815,6262.864266815928,6266.609074982931,6293.028769660699,6296.773577827702
5000,31,RB,200,6398.161808274708,6387.920509650532,6390.182525455879,6406.141091093537,6408.403106898884
5000,32,RB,-28,2046.3095157114483,1915.3682864109528,1944.2895337174302,2148.329497705466,2177.2507450119438
5000,32,RB,-16,2083.9068283300016,1218.4722677519146,1409.6225042951478,2758.1911523648555,2949.3413889080894
5000,32,RB,-4,2152.7790931752284,873.5191592301983,1156.0718213408186,3149.486365009638,3432.039027120259
5000,32,RB,8,2654.645219604205,1814.0064049202829,1999.6799562133112,3309.610482995099,3495.2840342881277
5000,32,RB,20,3009.4061446586056,2095.3129118890165,2297.210485230393,3721.6018040868184,3923.4993774281947
5000,32,RB,32,3039.0857568146985,2000.7635321610753,2230.0998077057684,3848.0717059236285,4077.407981468322
5000,32,RB,44,3133.5299716275426,2422.6452640510156,2579.6597700553198,3687.4001731997655,3844.41467920407
5000,32,RB,56,3389.813037270453,2930.9315918650777,3032.285640836668,3747.3404337042384,3848.694482675829
5000,32,RB,68,3771.058933841412,3302.1407568582053,3405.7116385085624,4136.406229174261,4239.977110824619
5000,32,RB,80,3912.5427895505195,3354.215068751097,3477.534012505972,4347.551566595067,4470.870510349942
5000,32,RB,92,4081.707162622924,3608.8605193250046,3713.2990890704705,4450.1152361753775,4554.553805920844
5000,32,RB,104,4331.635269483018,4032.2485635336143,4098.374695152279,4564.895843813758,4631.021975432423
5000,32,RB,116,4511.395910019535,4279.3580999288015,4330.608748222983,4692.183071816087,4743.433720110269
5000,32,RB,128,4794.2551962369735,4506.404503703436,4569.982653309763,5018.527739164184,5082.105888770511
5000,32,RB,140,4980.345735254812,4564.3879935873765,4656.261399542656,5304.430070966968,5396.303476922248
5000,32,RB,152,5542.668787790628,5174.653916948882,5255.938086564015,5829.399489017241,5910.683658632374
5000,32,RB,164,5843.462641306485,5697.0339561532865,5729.375948348574,5957.549334264397,5989.891326459684
5000,32,RB,176,6126.52221012856,6090.573612753391,6098.513650284444,6154.530769972675,6162.470807503729
5000,32,RB,188,6230.54640166797,6220.507380107847,6222.724718579514,6238.368084756426,6240.585423228093
5000,32,RB,200,6359.491645830713,6353.796661025876,6355.054523540435,6363.928768120992,6365.1866306355505
5000,33,RB,-28,1989.610857964893,1773.4453143611831,1821.1902238835683,2158.031492046218,2205.776401568603
5000,33,RB,-16,2037.6686771526824,571.1957565088373,895.0985198536166,3180.2388344517485,3504.1415977965285
5000,33,RB,-4,2112.1628281215344,-102.68513575345787,386.5126978981177,3837.812958344951,4327.010791996528
5000,33,RB,8,2613.696999755221,1127.9669717845343,1456.1230903664853,3771.2709091439565,4099.427027725908
5000,33,RB,20,2964.1076567153846,1320.4826806981987,1683.5133675524282,4244.701945878341,4607.732632732572
5000,33,RB,32,2994.2974572528224,1158.267192180843,1563.7948143208855,4424.800100184759,4830.327722324802
5000,33,RB,44,3125.2083730840604,1921.9231758042495,2187.695148136124,4062.721598031997,4328.493570363872
5000,33,RB,56,3363.3065173385417,2613.888417063235,2779.4138694344892,3947.199165242594,4112.724617613849
5000,33,RB,68,3725.394840903051,2973.7449897068086,3139.763373301144,4311.026308504957,4477.044692099294
5000,33,RB,80,3871.3533995534294,2985.469060642359,3181.1360800177868,4561.570719089073,4757.2377384645
5000,33,RB,92,4052.9265714037383,3305.4306681281305,3470.531561060795,4635.321581746682,4800.422474679346
5000,33,RB,104,4302.247266248208,3826.804314734076,3931.8163361907104,4672.678196305705,4777.69021776234
5000,33,RB,116,4477.6994529783915,4108.606273565528,4190.128611319333,4765.27029463745,4846.792632391255
5000,33,RB,128,4752.300946411083,4304.417971915814,4403.342766947423,5101.2591258747425,5200.183920906352
5000,33,RB,140,4957.060139395303,4344.3310262987725,4479.665712756281,5434.454566034325,5569.789252491833
5000,33,RB,152,5527.862248026017,5027.908414098513,5138.334202447089,5917.390293604945,6027.816081953522
5000,33,RB,164,5831.365337457604,5650.972035885959,5690.81585982939,5971.914815085818,6011.75863902925
5000,33,RB,176,6085.092070930347,6044.839256080338,6053.729974605572,6116.454167255122,6125.344885780357
5000,33,RB,188,6201.351375730147,6190.928298544438,6193.2304641388255,6209.472287321469,6211.774452915856
5000,33,RB,200,6321.040718284719,6315.409950068792,6316.653628938833,6325.4278076306055,6326.671486500647
5000,34,RB,-28,1993.1961727247565,1630.361465443529,1710.5014821266777,2275.8908633228352,2356.0308800059843
5000,34,RB,-16,2041.2539919125452,-485.267746301412,72.77008797299527,4009.737895852095,4567.775730126504
5000,34,RB,-4,2115.7481428813967,-1783.8443292824963,-922.5336566668484,5154.029942429642,6015.340615045292
5000,34,RB,8,2616.644758501232,-53.75253958992016,536.0633730696918,4697.226143932772,5287.042056592386
5000,34,RB,20,2963.5882859696235,-39.42276238887689,623.8582046344832,5303.318367304764,5966.599334328126
5000,34,RB,32,2981.5352492639395,-308.8066714198985,417.9376314962119,5545.132867031667,6271.877169947779
5000,34,RB,44,3121.50570416502,1058.536062804793,1514.1882321197204,4728.823176210319,5184.4753455252485
5000,34,RB,56,3376.251688885183,2133.4383981336923,2407.941018352066,4344.5623594183,4619.064979636674
5000,34,RB,68,3705.321908348088,2479.5932351341917,2750.322342215558,4660.321474480618,4931.050581561985
5000,34,RB,80,3866.574450028119,2435.196832620609,2751.348027192007,4981.800872864231,5297.95206743563
5000,34,RB,92,4052.0859746824513,2846.3379383987267,3112.653882833877,4991.518066531025,5257.834010966177
5000,34,RB,104,4330.705563980705,3559.5780205846468,3729.8984804316615,4931.512647529748,5101.833107376763
5000,34,RB,116,4488.336930216616,3891.6037313896218,4023.405368745989,4953.268491687242,5085.07012904361
5000,34,RB,128,4760.487214522306,4059.2962645150324,4214.1696911856,5306.804737859013,5461.6781645295805
5000,34,RB,140,4998.692014923029,4099.597989248187,4298.18265816591,5699.201371680148,5897.786040597871
5000,34,RB,152,5548.2715988589025,4876.738663017118,5025.061465664363,6071.481732053442,6219.804534700688
5000,34,RB,164,5863.388416279244,5644.1400897043095,5692.565899575494,6034.210932982994,6082.636742854179
5000,34,RB,176,6101.62624538249,6056.822570773978,6066.718446660542,6136.534044104438,6146.429919991002
5000,34,RB,188,6217.838499854558,6206.953192358434,6209.357451672206,6226.31954803691,6228.723807350682
5000,34,RB,200,6315.766513732836,6310.10579486098,6311.356088991407,6320.176938474265,6321.427232604692
5000,23,WR,-28,3705.4042036179108,3523.939868483384,3564.0202537200857,3846.7881535157358,3886.868538752438
5000,23,WR,-16,3729.405282268989,2777.335853823316,2987.621304327405,4471.189260210573,4681.474710714662
5000,23,WR,-4,3800.2585580899226,2630.67534013981,2889.0034898948,4711.513626285046,4969.841776040036
5000,23,WR,8,4516.728096748565,3877.0212149288914,4018.314534318037,5015.141659179093,5156.434978568239
5000,23,WR,20,4988.090753651195,4409.204399297465,4537.064168951742,5439.1173383506475,5566.977108004926
5000,23,WR,32,5060.025242258246,4382.448106082326,4532.105903166139,5587.9445813503535,5737.602378434167
5000,23,WR,44,5160.116816216066,4530.9296784330245,4669.899481229959,5650.3341512021725,5789.303953999107
5000,23,WR,56,5241.196601460172,4642.88300280538,4775.033706185543,5707.359496734801,5839.510200114964
5000,23,WR,68,5708.887498027307,4893.934768176842,5073.934983303928,6343.840012750686,6523.840227877771
5000,23,WR,80,6055.581190828847,4904.205191518826,5158.511877019461,6952.650504638233,7206.957190138869
5000,23,WR,92,6251.684603419622,5172.707753771736,5411.023496439903,7092.345710399341,7330.66145306751
5000,23,WR,104,6395.001719944092,5680.009835150033,5837.931501478662,6952.071938409522,7109.993604738152
5000,23,WR,116,6485.01677783829,5932.687102649677,6054.681246252663,6915.352309423917,7037.346453026904
5000,23,WR,128,6733.522965454108,6049.091521150832,6200.263242775639,7266.782688132577,7417.954409757384
5000,23,WR,140,6889.919617641164,5804.804947458806,6044.476362641648,7735.3628726406805,7975.034287823522
5000,23,WR,152,7448.581527767786,6200.779728236705,6476.384170217985,8420.778885317586,8696.383327298867
5000,23,WR,164,7704.4132801760525,6917.685204183443,7091.451384402474,8317.37517594963,8491.141356168662
5000,23,WR,176,7945.175194584371,7579.4281234335385,7660.211399662739,8230.138989506002,8310.922265735204
5000,23,WR,188,8052.99811692194,7837.963041844985,7885.458262556526,8220.537971287353,8268.033191998895
5000,23,WR,200,8200.097172108059,7939.021053602261,7996.685450289675,8403.508893926442,8461.173290613857
5000,24,WR,-28,3543.6483739854934,3373.2919143213867,3410.9188812173124,3676.3778667536744,3714.0048336496
5000,24,WR,-16,3568.0082251714407,2651.6371533560296,2854.037837495437,4281.978612847444,4484.379296986852
5000,24,WR,-4,3637.2076886206755,2488.9666165184635,2742.580884470026,4531.834492771325,4785.4487607228875
5000,24,WR,8,4353.687429453522,3712.832153814737,3854.3791212093674,4852.995737697676,4994.542705092307
5000,24,WR,20,4822.755753114333,4229.76377710628,4360.739083207372,5284.772423021294,5415.747729122386
5000,24,WR,32,4902.89222259805,4203.9187746161415,4358.302417245266,5447.482027950833,5601.8656705799585
5000,24,WR,44,4991.67034872279,4356.658657631149,4496.914940993354,5486.425756452225,5626.68203981443
5000,24,WR,56,5072.750133966885,4494.06619105749,4621.881253697251,5523.619014236519,5651.43407687628
5000,24,WR,68,5606.457146176342,4851.758656759709,5018.450399084453,6194.46389326823,6361.155635592974
5000,24,WR,80,5903.0460316357285,4868.101933818574,5096.692075833041,6709.399987438416,6937.990129452883
5000,24,WR,92,6079.462841787294,5127.256963627157,5337.572552048524,6821.353131526063,7031.668719947431
5000,24,WR,104,6221.983183726066,5598.282974820197,5736.040868825245,6707.925498626888,6845.683392631936
5000,24,WR,116,6323.085666390623,5845.00248080387,5950.597655962125,6695.573676819122,6801.168851977377
5000,24,WR,128,6580.456270149796,5989.237298397202,6119.820997555076,7041.091542744516,7171.675241902391
5000,24,WR,140,6767.7734447272815,5826.46936439836,6034.377051253153,7501.16983820141,7709.077525056203
5000,24,WR,152,7305.41636731285,6217.020815887296,6457.416885774575,8153.415848851124,8393.811918738404
5000,24,WR,164,7564.469055988098,6881.252440860232,7032.155840771513,8096.782271204684,8247.685671115965
5000,24,WR,176,7791.438550636684,7481.4565938518945,7549.922919398181,8032.954181875188,8101.420507421475
5000,24,WR,188,7933.509532330234,7759.896677383628,7798.24289072161,8068.776173938858,8107.12238727684
5000,24,WR,200,8091.989817899699,7895.392868772632,7938.815624277352,8245.164011522047,8288.586767026767
5000,25,WR,-28,3227.904372095691,3050.63680750419,3089.7902437622406,3366.0185004291416,3405.171936687192
5000,25,WR,-16,3259.7455123138457,2281.861570665822,2497.8487235627317,4021.6423010649596,4237.629453961869
5000,25,WR,-4,3329.2978178922326,2079.245473135501,2355.346997474975,4303.24863830949,4579.350162648965
5000,25,WR,8,4017.2235020330804,3305.2679843680453,3462.519002306394,4571.928001759767,4729.179019698116
5000,25,WR,20,4474.4389085159955,3801.040162538692,3949.7750703467377,4999.102746685254,5147.837654493299
5000,25,WR,32,4535.456654795902,3738.0479295012656,3914.1731657755045,5156.7401438163,5332.8653800905395
5000,25,WR,44,4614.483422798542,3908.3516401214233,4064.3163582386023,5164.650487358482,5320.615205475661
5000,25,WR,56,4716.872744325928,4101.158484010438,4237.152505815774,5196.592982836081,5332.5870046414175
5000,25,WR,68,5280.911454211876,4510.26397789142,4680.47840437758,5881.344504046172,6051.558930532332
5000,25,WR,80,5531.66647568155,4502.192418634993,4729.574381966946,6333.758569396154,6561.140532728107
5000,25,WR,92,5689.111204714079,4756.794449346923,4962.7170880298645,6415.505321398293,6621.427960081235
5000,25,WR,104,5847.093025339193,5242.640625250483,5376.147217798513,6318.038832879874,6451.545425427904
5000,25,WR,116,5951.005722211204,5490.3944460984385,5592.130566186621,6309.880878235786,6411.616998323969
5000,25,WR,128,6221.967184002215,5651.816797653332,5777.747036842077,6666.187331162352,6792.117570351098
5000,25,WR,140,6444.95433221571,5532.007127263241,5733.651575182654,7156.257089248766,7357.901537168179
5000,25,WR,152,6952.072248499868,5894.3498985661845,6127.971118005162,7776.173378994574,8009.794598433552
5000,25,WR,164,7212.481468866501,6558.194227776508,6702.707939845079,7722.254997887923,7866.768709956495
5000,25,WR,176,7460.356004221526,7174.814027280916,7237.882246325417,7682.829762117634,7745.897981162136
5000,25,WR,188,7601.7385630568315,7451.548585613563,7484.721341847757,7718.755784265906,7751.9285405001
5000,25,WR,200,7773.2693184422105,7616.52375279554,7651.144454712563,7895.394182171858,7930.014884088882
5000,26,WR,-28,3200.154247701277,3049.9218685961782,3083.1039901689637,3317.2045052335907,3350.386626806376
5000,26,WR,-16,3232.2334327495023,2382.1491695134487,2569.908955638364,3894.5579098606404,4082.3176959855564
5000,26,WR,-4,3301.7510248400295,2192.9245312296653,2437.83322357198,4165.668826108079,4410.577518450395
5000,26,WR,8,3959.8008387084315,3315.32535351754,3457.6719237287703,4461.929753688092,4604.276323899323
5000,26,WR,20,4417.016245191352,3794.1628826826295,3931.7337320554147,4902.29875832729,5039.869607700075
5000,26,WR,32,4464.65528394663,3725.5669463779914,3888.8108437077,5040.499724185561,5203.743621515269
5000,26,WR,44,4548.292989262589,3912.532492318483,4052.954165904679,5043.631812620499,5184.053486206695
5000,26,WR,56,4681.092219530797,4151.1616407262645,4268.208451778409,5093.975987283185,5211.022798335329
5000,26,WR,68,5229.439833142042,4591.025200722562,4732.033098440594,5726.8465678434895,5867.8544655615215
5000,26,WR,80,5462.614783723324,4629.267978972188,4813.330929664061,6111.898637782587,6295.96158847446
5000,26,WR,92,5606.1967530326365,4861.741406279596,5026.170725502374,6186.222780562899,6350.652099785677
5000,26,WR,104,5768.586242537169,5290.239576383216,5395.892947013479,6141.279538060859,6246.932908691122
5000,26,WR,116,5894.456607271383,5531.221759239067,5611.4501557982985,6177.463058744468,6257.6914553036995
5000,26,WR,128,6194.40930388574,5743.198285726658,5842.85815231947,6545.96045545201,6645.620322044823
5000,26,WR,140,6395.8186083724395,5669.286003925286,5829.756691742143,6961.880525002736,7122.351212819593
5000,26,WR,152,6894.694955410547,6057.151746351638,6242.14156513106,7547.248345690034,7732.238164469456
5000,26,WR,164,7152.841542421923,6648.655891543231,6760.016369639679,7545.666715204166,7657.027193300616
5000,26,WR,176,7417.99697106326,7209.388933561839,7255.464601821009,7580.529340305512,7626.605008564683
5000,26,WR,188,7578.89185199593,7477.093908823825,7499.578221102693,7658.205482889167,7680.689795168035
5000,26,WR,200,7727.240002796725,7630.237933775934,7651.662971881786,7802.817033711664,7824.242071817516
5000,27,WR,-28,3059.252053952932,2942.27906175671,2968.115117012629,3150.3889908932347,3176.225046149154
5000,27,WR,-16,3092.7485086002544,2413.693522849673,2563.6777354808182,3621.8192817196905,3771.8034943508355
5000,27,WR,-4,3162.2661006907742,2258.303818620331,2457.963748919978,3866.5684524615704,4066.2283827612173
5000,27,WR,8,3703.519209177349,3167.3138065475196,3285.7465503011163,4121.291868053581,4239.724611807179
5000,27,WR,20,4140.336925504899,3611.069399655682,3727.969760895186,4552.704090114613,4669.6044513541165
5000,27,WR,32,4183.0548017919045,3555.3542563597935,3693.995712575175,4672.113891008634,4810.755347224016
5000,27,WR,44,4250.158881663317,3727.30050964732,3842.7852684518534,4657.53249487478,4773.017253679313
5000,27,WR,56,4438.087985193166,4021.578755710026,4113.573969865745,4762.602000520586,4854.597214676306
5000,27,WR,68,4926.077387249873,4441.535261063634,4548.557035158018,5303.597739341728,5410.619513436112
5000,27,WR,80,5135.798922654062,4516.077482143056,4652.956577733443,5618.6412675746815,5755.520363165068
5000,27,WR,92,5270.822654062971,4723.827617989505,4844.643489340397,5697.001818785546,5817.817690136438
5000,27,WR,104,5446.883964524198,5098.058147952131,5175.103993342911,5718.663935705485,5795.709781096265
5000,27,WR,116,5567.496936879946,5302.842580217744,5361.297309416894,5773.696564342998,5832.151293542147
5000,27,WR,128,5879.6863558347995,5549.1973713657235,5622.193124521224,6137.1795871483755,6210.175340303876
5000,27,WR,140,6084.61082677581,5550.975940925831,5668.8409295736255,6500.380723977994,6618.245712625789
5000,27,WR,152,6586.197043102476,5979.930667578256,6113.837916454767,7058.556169750184,7192.463418626696
5000,27,WR,164,6856.422182086134,6506.044101141135,6583.43279822236,7129.4115659499075,7206.800263031133
5000,27,WR,176,7121.911933624603,6986.203098105264,7016.1773759908165,7227.64649125839,7257.620769143942
5000,27,WR,188,7299.030999255294,7238.217221898528,7251.649280723483,7346.412717787105,7359.84477661206
5000,27,WR,200,7451.948055044171,7399.418993909632,7411.0211911393735,7492.874918948969,7504.47711617871
5000,28,WR,-28,2988.980348449739,2856.5973321528595,2885.8370297939523,3092.1236671055253,3121.363364746618
5000,28,WR,-16,3021.8812493225532,2233.313728709756,2407.486190686269,3636.2763079588376,3810.448769935351
5000,28,WR,-4,3091.1669187447737,2019.617930740052,2256.2930669721272,3926.0407705174202,4162.715906749496
5000,28,WR,8,3622.6111238492513,2973.9014112470554,3117.1832036092337,4128.039044089269,4271.320836451448
5000,28,WR,20,4058.443745279123,3404.8029794903005,3549.1739032853643,4567.713587272881,4712.084511067946
5000,28,WR,32,4100.5439014384965,3327.8226428054827,3498.495109676949,4702.592693200044,4873.265160071511
5000,28,WR,44,4176.235794732369,3554.6978062346457,3691.9781263579666,4660.493463106772,4797.773783230093
5000,28,WR,56,4353.31797822174,3879.9676247364314,3984.517449943436,4722.1185065000445,4826.668331707049
5000,28,WR,68,4858.031634472865,4324.519580037144,4442.357438668459,5273.705830277272,5391.543688908587
5000,28,WR,80,5045.155698327796,4374.955253325852,4522.983746095922,5567.3276505596705,5715.35614332974
5000,28,WR,92,5185.966094351832,4600.730260739088,4729.992452387557,5641.939736316107,5771.201927964576
5000,28,WR,104,5361.826684970196,4990.788196115574,5072.740198198584,5650.913171741808,5732.865173824818
5000,28,WR,116,5525.4856128929905,5243.484046607497,5305.770288175002,5745.200937610979,5807.487179178484
5000,28,WR,128,5831.690614072089,5477.4831842922695,5555.717677195531,6107.663550948648,6185.898043851909
5000,28,WR,140,6000.813214713534,5430.5665423672335,5556.518048433938,6445.10838099313,6571.059887059835
5000,28,WR,152,6506.926123321152,5875.725358764742,6015.139915274519,6998.712331367785,7138.126887877562
5000,28,WR,164,6796.34648413695,6450.766102487046,6527.095122272152,7065.597846001747,7141.926865786853
5000,28,WR,176,7091.88470774157,6967.959060403256,6995.330762299086,7188.438653184055,7215.810355079884
5000,28,WR,188,7234.429863595001,7183.8485657685205,7195.020556678772,7273.83917051123,7285.011161421481
5000,28,WR,200,7403.361927682413,7363.835485528847,7372.565768685461,7434.158086679365,7442.888369835979
5000,29,WR,-28,2825.835054826263,2639.0424608854514,2680.2997091428583,2971.3704005096674,3012.627648767075
5000,29,WR,-16,2856.4661402686106,1714.6229023251437,1966.8240680405397,3746.1082124966815,3998.309378212078
5000,29,WR,-4,2924.1647170000465,1340.0315022103975,1689.9221265468775,4158.407307453215,4508.297931789696
5000,29,WR,8,3470.0838795145955,2491.2558282721484,2707.451508515339,4232.716250513852,4448.911930757043
5000,29,WR,20,3881.9702057409168,2875.7446234451354,3097.991650352881,4665.948761128952,4888.195788036699
5000,29,WR,32,3924.247180161235,2741.71783407542,3002.905420659239,4845.588939663231,5106.776526247051
5000,29,WR,44,3996.988933642368,3080.7835993216313,3283.1476766940405,4710.830190590696,4913.194267963105
5000,29,WR,56,4223.785720591447,3556.0591649207454,3703.5412448799693,4744.030196302925,4891.512276262149
5000,29,WR,68,4683.226149560076,3951.797864655558,4113.349871060894,5253.102428059258,5414.6544344645945
5000,29,WR,80,4854.0927707739875,3949.6994220936126,4149.454562924717,5558.730978623258,5758.486119454363
5000,29,WR,92,5001.767593936583,4219.568413709058,4392.334287797263,5611.200900075903,5783.966774164107
5000,29,WR,104,5199.966938566986,4705.919166136166,4815.040471045375,5584.893406088597,5694.014710997806
5000,29,WR,116,5361.752060643132,4984.790762075867,5068.050946809702,5655.453174476562,5738.713359210397
5000,29,WR,128,5678.83746768618,5203.187599620471,5308.245323143537,6049.429612228824,6154.48733575189
5000,29,WR,140,5842.400773574012,5085.12349649368,5252.384820730638,6432.416726417387,6599.6780506543455
5000,29,WR,152,6362.529294890623,5555.9812737646635,5734.125124316138,6990.9334654651075,7169.077316016583
5000,29,WR,164,6649.547078941513,6236.107525704603,6327.424734419696,6971.6694234633305,7062.986632178424
5000,29,WR,176,6949.564228085132,6813.559914924686,6843.599455539003,7055.52900063126,7085.568541245577
5000,29,WR,188,7123.463529670268,7073.195910348492,7084.298618469375,7162.628440871162,7173.731148992044
5000,29,WR,200,7234.532661570309,7198.828049716337,7206.714197684604,7262.3511254560135,7270.237273424281
5000,30,WR,-28,2713.2300133972035,2539.4556720202404,2577.8375531842685,2848.6224736101385,2887.004354774167
5000,30,WR,-16,2752.754385421863,1662.5381851184302,1903.3363853105554,3602.17238553317,3842.970585725296
5000,30,WR,-4,2820.419595992896,1275.8976585756834,1617.039262033608,4023.7999299521844,4364.9415334101095
5000,30,WR,8,3366.338758507445,2392.2391469126633,2607.390447374524,4125.287069640366,4340.438370102227
5000,30,WR,20,3752.987351586821,2731.991910650903,2957.5011853372516,4548.473517836391,4773.98279252274
5000,30,WR,32,3795.2643260071404,2605.6807980406556,2868.4264556751714,4722.1021963391095,4984.847853973626
5000,30,WR,44,3878.3142841264416,2992.422009243128,3188.0907814523807,4568.5377868005025,4764.206559009755
5000,30,WR,56,4143.322022254031,3524.554641539391,3661.223012062789,4625.421032445273,4762.0894029686715
5000,30,WR,68,4554.316329680466,3893.696949049517,4039.6092532545863,5069.023406106346,5214.935710311415
5000,30,WR,80,4712.693796573249,3907.208267375166,4085.1174432411244,5340.270149905373,5518.179325771332
5000,30,WR,92,4877.393338528401,4186.584137705124,4339.164526978469,5415.622150078332,5568.202539351678
5000,30,WR,104,5073.072766536415,4637.379174131499,4733.611676324316,5412.533856748513,5508.7663589413305
5000,30,WR,116,5281.914050373319,4947.708942642099,5021.525483264312,5542.302617482325,5616.119158104539
5000,30,WR,128,5560.780476686141,5138.687853158491,5231.9162825576705,5889.644670814611,5982.873100213791
5000,30,WR,140,5725.100600966429,5067.0835394090545,5212.421064273046,6237.780137659812,6383.117662523804
5000,30,WR,152,6261.924533840757,5595.922958337228,5743.024038528235,6780.8250291532795,6927.9261093442865
5000,30,WR,164,6579.766861231322,6263.408061839386,6333.282853176478,6826.250869286166,6896.125660623258
5000,30,WR,176,6847.1234342637845,6752.370745076338,6773.298958226491,6920.947910301078,6941.876123451232
5000,30,WR,188,7006.685623774811,6974.9874296193575,6981.9886722167885,7031.382575332833,7038.383817930264
5000,30,WR,200,7122.793461049154,7102.146007065389,7106.706450908048,7138.880471190259,7143.440915032918
5000,31,WR,-28,2670.8005584003477,2556.7011548953005,2581.902514955226,2759.6986018454695,2784.899961905395
5000,31,WR,-16,2710.324930425018,1975.6119067438121,2137.8894198746098,3282.7604409754263,3445.0379541062243
5000,31,WR,-4,2777.990140996053,1714.8777110804747,1949.6894481050194,3606.2908338870866,3841.102570911632
5000,31,WR,8,3321.6508865923283,2637.265561917651,2788.427097009221,3854.8746761754355,4006.036211267006
5000,31,WR,20,3712.116210707391,2981.213205949399,3142.6491926938224,4281.58322872096,4443.019215465384
5000,31,WR,32,3744.4460012731056,2902.460860121574,3088.4317771941437,4400.460225352068,4586.431142424637
5000,31,WR,44,3845.9884252481365,3244.3604478135585,3377.243204565067,4314.733645931206,4447.616402682715
5000,31,WR,56,4095.2585047940333,3691.747314818021,3780.8716263780248,4409.645383210042,4498.769694770046
5000,31,WR,68,4505.436842678582,4084.460059063062,4177.442030702333,4833.431654654832,4926.413626294103
5000,31,WR,80,4660.871482094904,4153.9504936941985,4265.915131178515,5055.8278330112935,5167.79247049561
5000,31,WR,92,4831.326502592605,4399.6446146253775,4494.991043754862,5167.661961430347,5263.008390559832
5000,31,WR,104,5038.587604977124,4766.079083772151,4826.268577768766,5250.9066321854825,5311.096126182098
5000,31,WR,116,5239.392142838605,5029.159321238827,5075.59385876308,5403.19042691413,5449.624964438383
5000,31,WR,128,5528.499487223018,5264.3151412010075,5322.666058224006,5734.332916222031,5792.68383324503
5000,31,WR,140,5689.55349843979,5290.735050180237,5378.822866631311,6000.284130248269,6088.371946699344
5000,31,WR,152,6243.877659917652,5864.580851120101,5948.356884600108,6539.398435235195,6623.174468715203
5000,31,WR,164,6567.606780906574,6402.108700901259,6438.662587909579,6696.55097390357,6733.104860911891
5000,31,WR,176,6864.211101191825,6819.319015942821,6829.234419261744,6899.187783121906,6909.103186440829
5000,31,WR,188,6973.73546618822,6960.072609121718,6963.090351281649,6984.380581094791,6987.398323254722
5000,31,WR,200,7091.247297035217,7082.994377993076,7084.817216482475,7097.67737758796,7099.500216077358
5000,32,WR,-28,2626.778699271279,2521.2601117999197,2544.5662101158746,2708.9911884266835,2732.2972867426383
5000,32,WR,-16,2666.5247887663345,1969.1170061379275,2123.1548371756253,3209.8947403570437,3363.932571394742
5000,32,WR,-4,2732.5025096569943,1701.6148208847346,1929.3090158411937,3535.696003472795,3763.3901984292543
5000,32,WR,8,3272.646657892971,2595.2204509380695,2744.8449119874626,3800.448403798479,3950.0728648478726
5000,32,WR,20,3648.9838229105526,2912.364598742244,3075.0631381303765,4222.904507690729,4385.603047078862
5000,32,WR,32,3681.7293676599274,2845.000591926987,3029.810525213041,4333.648210106814,4518.458143392869
5000,32,WR,44,3783.3547041001493,3210.4904458433216,3337.0201032674618,4229.689304932837,4356.2189623569775
5000,32,WR,56,4054.0220832792224,3684.233879864152,3765.909728938717,4342.134437619728,4423.810286694293
5000,32,WR,68,4447.195772910007,4069.319500178805,4152.7817770589845,4741.609768761029,4825.072045641209
5000,32,WR,80,4598.155383984223,4148.228704972697,4247.604897047481,4948.705870920964,5048.082062995749
5000,32,WR,92,4772.569695885964,4391.527680640564,4475.689181307253,5069.450210464675,5153.611711131365
5000,32,WR,104,5025.1550999515985,4783.895242470141,4837.182782541528,5213.127417361669,5266.414957433056
5000,32,WR,116,5203.389552412638,5016.402595809894,5057.702773331391,5349.076331493886,5390.376509015383
5000,32,WR,128,5489.640848269189,5257.677251768293,5308.911508360666,5670.3701881777115,5721.604444770085
5000,32,WR,140,5675.494219952573,5340.2959513629385,5414.331853380754,5936.656586524392,6010.692488542208
5000,32,WR,152,6235.917810427199,5939.35415704527,6004.8567554811525,6466.978865373245,6532.4814638091275
5000,32,WR,164,6538.585165484583,6420.586059281022,6446.648754359474,6630.521576609692,6656.584271688143
5000,32,WR,176,6820.762737016515,6791.793670230839,6798.192125088963,6843.3333489440665,6849.73180380219
5000,32,WR,188,6925.974603438904,6917.884688747575,6919.6715241448455,6932.277682732962,6934.0645181302325
5000,32,WR,200,7054.924596769839,7050.335310755896,7051.348955399973,7058.500238139704,7059.513882783782
5000,33,WR,-28,2565.075846795332,2390.8795073925853,2429.3545960920223,2700.7970974986415,2739.272186198079
5000,33,WR,-16,2615.4731862664403,1433.7204871511285,1694.7365341883606,3536.20983834452,3797.225885381753
5000,33,WR,-4,2687.6860682029564,902.8576389877915,1297.0762107601895,4078.2959256457234,4472.514497418122
5000,33,WR,8,3227.4982616436464,2030.2272817334483,2294.6708820252043,4160.3256412620885,4424.769241553845
5000,33,WR,20,3599.4851585669853,2274.97501971705,2567.522183740588,4631.448133393383,4923.995297416921
5000,33,WR,32,3632.7408916976988,2153.1815415982737,2479.9747304008365,4785.507052994561,5112.300241797124
5000,33,WR,44,3770.921724676808,2801.2580441046475,3015.4295717415157,4526.413877612101,4740.585405248969
5000,33,WR,56,4023.9924319556226,3420.076157540283,3553.464334954518,4494.5205289567275,4627.908706370962
5000,33,WR,68,4397.227873368361,3791.5131493277727,3925.2985538541852,4869.157192882536,5002.942597408949
5000,33,WR,80,4552.351383189892,3838.464209499355,3996.1418761099594,5108.560890269824,5266.238556880429
5000,33,WR,92,4740.18237288774,4137.815095020954,4270.861142515553,5209.503603259926,5342.549650754526
5000,33,WR,104,4991.566920316436,4608.432678069061,4693.056293035948,5290.077547596924,5374.701162563812
5000,33,WR,116,5166.086723350474,4868.654118318324,4934.3486438172695,5397.824802883679,5463.519328382624
5000,33,WR,128,5443.976717214561,5083.051597802742,5162.7698400507525,5725.18359437837,5804.90183662638
5000,33,WR,140,5648.962569418569,5155.196695507684,5264.255736935376,6033.669401901761,6142.7284433294535
5000,33,WR,152,6218.00441693508,5815.118155375283,5904.104437764713,6531.904396105448,6620.890678494879
5000,33,WR,164,6523.380174100034,6378.010786071362,6410.118809223644,6636.641538976424,6668.749562128706
5000,33,WR,176,6776.494688961678,6744.057081743466,6751.22163996092,6801.767737962436,6808.932296179889
5000,33,WR,188,6893.282518188124,6884.88311345047,6886.738306524054,6899.826729852195,6901.681922925779
5000,33,WR,200,7012.390564351589,7007.85302707859,7008.855241876296,7015.925886826883,7016.928101624589
5000,34,WR,-28,2569.818787123993,2277.4295526374417,2342.010138947129,2797.627435300857,2862.208021610544
5000,34,WR,-16,2620.216126595101,584.226343574059,1033.9194184197372,4206.512834770465,4656.205909616144
5000,34,WR,-4,2692.4290085316184,-450.04560832406196,244.0389518555412,5140.8190652076955,5834.9036253873
5000,34,WR,8,3231.603645958453,1079.6721848960897,1554.973526608317,4908.233765308589,5383.535107020817
5000,34,WR,20,3600.1234133900243,1180.1561832329708,1714.6591133706402,5485.587713409408,6020.090643547079
5000,34,WR,32,3620.9076803459125,969.3957492062109,1555.0404136577963,5686.774947034029,6272.419611485615
5000,34,WR,44,3768.376681326571,2105.938931845265,2473.124833040945,5063.628529612197,5430.814430807878
5000,34,WR,56,4039.217796171903,3037.700522878404,3258.907616300129,4819.527976043677,5040.735069465402
5000,34,WR,68,4380.697377041349,3392.94769031845,3611.1139097683267,5150.28084431437,5368.447063764248
5000,34,WR,80,4550.955610004785,3397.48435321408,3652.2538223627175,5449.657397646852,5704.42686679549
5000,34,WR,92,4740.23885153789,3768.5904997185407,3983.2003856041338,5497.277317471646,5711.887203357239
5000,34,WR,104,5021.072782059153,4399.662019581267,4536.914239042915,5505.2313250753905,5642.483544537039
5000,34,WR,116,5177.767504655718,4696.891889130601,4803.103833791211,5552.431175520224,5658.643120180835
5000,34,WR,128,5452.391385456302,4887.338811964163,5012.143087183121,5892.639683729482,6017.443958948441
5000,34,WR,140,5691.677627152587,4967.145467954431,5127.174313487704,6256.1809408174695,6416.209786350742
5000,34,WR,152,6239.878414799431,5698.725660933746,5818.251135902474,6661.505693696388,6781.031168665117
5000,34,WR,164,6556.2516661749905,6379.571075583046,6418.594865737312,6693.908466612669,6732.932256766935
5000,34,WR,176,6792.850053452381,6756.745149874859,6764.719711064793,6820.980395839969,6828.954957029903
5000,34,WR,188,6910.8262318650695,6902.054340251417,6903.991805235206,6917.660658494933,6919.598123478722
5000,34,WR,200,7008.273985368521,7003.712312451429,7004.7198581364,7011.828112600641,7012.835658285612
5000,23,TE,-28,3555.7883774697666,3371.8433685743516,3412.471665112242,3699.105089827291,3739.733386365182
5000,23,TE,-16,3570.8817955707764,2605.7972826571936,2818.9574005110694,4322.806190630483,4535.96630848436
5000,23,TE,-4,3635.2502180358756,2449.6784346313275,2711.5380103401885,4558.962425731563,4820.822001440424
5000,23,TE,8,4330.3903583045785,3681.93848494035,3825.163327842023,4835.617388767134,4978.8422316688075
5000,23,TE,20,4771.96097694726,4185.1610665291,4314.7687189032495,5229.15323499127,5358.76088736542
5000,23,TE,32,4841.486490289742,4154.64666444291,4306.350330044428,5376.622650535055,5528.326316136573
5000,23,TE,44,4934.288740275911,4296.500419113063,4437.369982229834,5431.207498321987,5572.077061438758
5000,23,TE,56,5020.824478340981,4414.33174716483,4548.288991660166,5493.359965021796,5627.317209517132
5000,23,TE,68,5489.15821074823,4663.064824240327,4845.525698153552,6132.790723342908,6315.251597256134
5000,23,TE,80,5833.399411548172,4666.283745111347,4924.06688190183,6742.731941194514,7000.515077984996
5000,23,TE,92,6028.548789919982,4934.821991983117,5176.3955847913985,6880.701995048565,7122.275587856847
5000,23,TE,104,6177.589143597197,5452.823097910628,5612.903602413419,6742.274684780975,6902.355189283766
5000,23,TE,116,6269.297224677716,5709.417031468114,5833.0788728630305,6705.515576492402,6829.177417887318
5000,23,TE,128,6522.64129231267,5828.853457819824,5982.091743780509,7063.190840844831,7216.429126805517
5000,23,TE,140,6678.474516302428,5578.525991920125,5821.4737897069535,7535.475242897903,7778.423040684731
5000,23,TE,152,7228.999536428067,5964.139899164895,6243.511939374777,8214.487133481356,8493.85917369124
5000,23,TE,164,7483.616830667204,6686.133937792133,6862.275555605994,8104.958105728415,8281.099723542276
5000,23,TE,176,7720.705958055969,7349.959010968894,7431.846619647287,8009.565296464651,8091.452905143044
5000,23,TE,188,7823.0009802233435,7605.026308955113,7653.170804069248,7992.831156377439,8040.975651491574
5000,23,TE,200,7969.020309598578,7704.375199553526,7762.827886434126,8175.21273276303,8233.66541964363
5000,24,TE,-28,3395.940234034622,3223.254948713544,3261.3962879207634,3530.4841801484804,3568.6255193557
5000,24,TE,-16,3411.392424670503,2482.494275997791,2687.6618402845183,4135.123009056488,4340.290573343215
5000,24,TE,-4,3474.107034763899,2310.169150962429,2567.2504046411195,4380.963664886678,4638.04491856537
5000,24,TE,8,4169.257377206812,3519.641411123675,3663.123369477762,4675.391384935861,4818.873343289949
5000,24,TE,20,4608.5336626076705,4007.4353023108815,4140.201081481673,5076.866243733668,5209.6320229044595
5000,24,TE,32,4686.06361863846,3977.5349867650125,4134.029101686649,5238.098135590271,5394.592250511908
5000,24,TE,44,4767.7499589799,4124.0574610576505,4266.231091328152,5269.268826631648,5411.44245690215
5000,24,TE,56,4854.285697044967,4267.690965098386,4397.253299299259,5311.318094790674,5440.880428991547
5000,24,TE,68,5388.820818262019,4623.805366348655,4792.775836507356,5984.865800016682,6153.836270175384
5000,24,TE,80,5681.72880699048,4632.636702263109,4864.351742439369,6499.10587154159,6730.82091171785
5000,24,TE,92,5862.175078549373,4896.952250611399,5110.1429183772325,6614.207238721514,6827.397906487347
5000,24,TE,104,6007.225717472937,5374.999333207342,5514.6404203630445,6499.811014582829,6639.452101738531
5000,24,TE,116,6110.370837059903,5625.752106000109,5732.790799963848,6487.950874155958,6594.989568119699
5000,24,TE,128,6371.345692472478,5772.0445739494,5904.413392788561,6838.277992156394,6970.646810995557
5000,24,TE,140,6559.2360563698,5605.064057221695,5815.813906659483,7302.658206080117,7513.408055517906
5000,24,TE,152,7089.104387315672,5985.83013102568,6229.512489771582,7948.696284859762,8192.378643605665
5000,24,TE,164,7345.842069025797,6653.285670800092,6806.25196700618,7885.432171045414,8038.398467251503
5000,24,TE,176,7564.683960135252,7250.464453828817,7319.866735287108,7809.501184983396,7878.903466441688
5000,24,TE,188,7705.491798391588,7529.505601854198,7568.376019825483,7842.607576957694,7881.477994928979
5000,24,TE,200,7868.743026129049,7669.458535712899,7713.474893757347,8024.011158500752,8068.027516545199
5000,25,TE,-28,3079.2351964458444,2899.5443292488335,2939.2330051279478,3219.237387763741,3258.9260636428558
5000,25,TE,-16,3099.661693651654,2108.409775131252,2327.3495394186207,3871.973847884687,4090.913612172056
5000,25,TE,-4,3162.729145874201,1895.5881977339145,2175.4641155720465,4149.994176176356,4429.870094014488
5000,25,TE,8,3829.3254316251146,3107.6372611482657,3267.0379492892102,4391.612913961019,4551.013602101964
5000,25,TE,20,4256.748799848075,3574.1444840902286,3724.9126442332517,4788.584955462898,4939.353115605922
5000,25,TE,32,4315.160032675062,3506.8504827083216,3685.3834056055643,4944.9366597445605,5123.469582641804
5000,25,TE,44,4386.874393790033,3671.089570565208,3829.186374767351,4944.562412812715,5102.659217014858
5000,25,TE,56,4494.728491546628,3870.597226266296,4008.4503285420724,4981.006654551184,5118.859756826961
5000,25,TE,68,5060.6344831931465,4279.452016776783,4451.9933272823055,5669.2756391039875,5841.81694960951
5000,25,TE,80,5307.103875311016,4263.556588508667,4494.046933824984,6120.160816797048,6350.651162113365
5000,25,TE,92,5469.718928331879,4524.657113666097,4733.39477870766,6206.043077956098,6414.780742997663
5000,25,TE,104,5629.465663490851,5016.750211560607,5152.081880649402,6106.8494463322995,6242.181115421095
5000,25,TE,116,5735.407041965996,5268.499066803386,5371.625951216967,6099.188132715024,6202.315017128605
5000,25,TE,128,6008.730023438189,5430.785504417851,5558.437249046364,6459.0227978300145,6586.674542458528
5000,25,TE,140,6232.170330886473,5306.742854398978,5511.143844481961,6953.196817290984,7157.597807373967
5000,25,TE,152,6732.184954762504,5660.003212145186,5896.818106135249,7567.55180338976,7804.366697379823
5000,25,TE,164,6986.340236580876,6323.108685911523,6469.597945259681,7503.082527902071,7649.571787250229
5000,25,TE,176,7230.1603625251155,6940.714938169875,7004.645319335728,7455.675405714503,7519.605786880357
5000,25,TE,188,7372.533385683564,7220.290264651966,7253.916502755782,7491.150268611346,7524.776506715162
5000,25,TE,200,7545.370144020526,7386.481817860902,7421.57579551426,7669.164492526792,7704.25847018015
5000,26,TE,-28,3053.970470261794,2901.684367924494,2935.3200993939854,3172.620841129603,3206.2565725990944
5000,26,TE,-16,3074.635012297677,2212.9298334431905,2403.256354097206,3746.013670498148,3936.3401911521637
5000,26,TE,-4,3137.667751032361,2013.6832552391584,2261.9399253891042,4013.395576675618,4261.652246825564
5000,26,TE,8,3774.3881665108265,3121.10250148783,3265.394993477098,4283.381339544555,4427.673831533823
5000,26,TE,20,4201.811534733796,3570.443573518332,3709.8950590836184,4693.728010383974,4833.179495949261
5000,26,TE,32,4246.8440600361455,3497.6521555896093,3663.1276476424937,4830.560472429797,4996.035964482682
5000,26,TE,44,4322.648627704619,3678.19708752158,3820.538368951748,4824.75888645749,4967.100167887657
5000,26,TE,56,4461.2709630843,3924.0960688557043,4042.7429461288907,4879.798980039709,4998.445857312896
5000,26,TE,68,5012.183286676826,4365.041328163016,4507.976847590779,5516.389725762874,5659.325245190637
5000,26,TE,80,5240.3896885320255,4395.650774412768,4582.229922746424,5898.549454317627,6085.128602651283
5000,26,TE,92,5389.983820037483,4635.351537725872,4802.028656756884,5977.938983318083,6144.616102349095
5000,26,TE,104,5553.954307427621,5069.068493939529,5176.166178925434,5931.7424359298075,6038.840120915713
5000,26,TE,116,5681.206734503382,5313.006353404275,5394.331497035458,5968.081971971306,6049.40711560249
5000,26,TE,128,5984.6575683160445,5527.27835554979,5628.300603438559,6341.01453319353,6442.036781082299
5000,26,TE,140,6186.882330398826,5450.417799840983,5613.082171746582,6760.682489051069,6923.346860956669
5000,26,TE,152,6677.738858105515,5828.7461735296565,6016.264860525179,7339.212855685851,7526.731542681373
5000,26,TE,164,6928.481817409883,6417.403792259276,6530.28660264107,7326.677032178695,7439.559842560489
5000,26,TE,176,7189.251816350367,6977.792042255325,7024.497579194647,7354.0060535060875,7400.7115904454095
5000,26,TE,188,7354.45166507449,7251.262112436249,7274.053792239762,7434.849537909218,7457.641217712731
5000,26,TE,200,7501.752603304451,7403.4244859051,7425.142410929011,7578.362795679892,7600.080720703803
5000,27,TE,-28,2918.1799849636323,2799.607935673031,2825.797177819976,3010.5627921072887,3036.7520342542334
5000,27,TE,-16,2940.325938639886,2251.9880605562053,2404.0226039068584,3476.6292733729133,3628.663816723567
5000,27,TE,-4,3003.358677374574,2087.038950452493,2289.4282939441464,3717.289060805002,3919.678404296656
5000,27,TE,8,3526.346941669608,2982.81144482725,3102.863200931906,3949.83068240731,4069.8824385119665
5000,27,TE,20,3933.3726197371975,3396.869842603528,3515.368268049699,4351.3769714246955,4469.875396870868
5000,27,TE,32,3972.282206276962,3336.0007996437016,3476.5375275792794,4468.026884974644,4608.563612910222
5000,27,TE,44,4032.6991779172795,3502.6931697381806,3619.7566410249024,4445.641714809656,4562.705186096378
5000,27,TE,56,4226.5030794523145,3804.3000395794893,3897.5528568543787,4555.45330205025,4648.70611932514
5000,27,TE,68,4717.092805275365,4225.926837894195,4334.411632844125,5099.773977706605,5208.258772656536
5000,27,TE,80,4921.464136577243,4293.270911704889,4432.0211869989535,5410.907086155533,5549.657361449597
5000,27,TE,92,5063.54104425962,4509.06841633695,4631.535878132524,5495.546210386717,5618.013672182291
5000,27,TE,104,5241.823450893126,4888.229077184753,4966.328163185622,5517.318738600631,5595.4178246015
5000,27,TE,116,5361.864565504583,5093.592301677374,5152.8461251603485,5570.883005848817,5630.136829331792
5000,27,TE,128,5677.428834134863,5342.421962713361,5416.415590461545,5938.44207780818,6012.435705556365
5000,27,TE,140,5883.751911035194,5342.8220707345745,5462.298310344983,6305.205511725405,6424.681751335815
5000,27,TE,152,6372.579578835513,5758.025353862768,5893.763156376357,6851.396001294668,6987.133803808258
5000,27,TE,164,6639.474284240559,6284.306426223686,6362.753050803977,6916.195517677142,6994.642142257434
5000,27,TE,176,6903.867125065381,6766.30310766061,6796.687143224425,7011.047106906336,7041.431142470151
5000,27,TE,188,7080.964009305405,7019.318888744601,7032.93456798101,7128.9934506298,7142.609129866209
5000,27,TE,200,7234.659788932638,7181.4126392351645,7193.173442100637,7276.1461357646385,7287.906938630111
5000,28,TE,-28,2853.381022999138,2719.188289797439,2748.8277031769485,2957.934342821328,2987.573756200837
5000,28,TE,-16,2874.93142290088,2075.583939626973,2252.1373931959897,3497.7254526057704,3674.2789061747876
5000,28,TE,-4,2937.7322389672618,1851.534843846734,2091.44540261994,3784.0190753145835,4023.92963408779
5000,28,TE,8,3450.911599880198,2793.333824243508,2938.5743231606816,3963.2488765997145,4108.489375516889
5000,28,TE,20,3856.9521830501167,3194.3759451998712,3340.7204643145233,4373.18390178571,4519.528420900362
5000,28,TE,32,3895.244049462258,3111.9594514857286,3284.9650639307324,4505.523034993783,4678.528647438788
5000,28,TE,44,3967.3075243553426,3337.2729187217037,3476.429903412549,4458.185145298136,4597.3421299889815
5000,28,TE,56,4147.205816019577,3667.3846163444223,3773.3636700987563,4521.047961940397,4627.027015694732
5000,28,TE,68,4653.476664475221,4112.671334732398,4232.120073450586,5074.833255499856,5194.281994218044
5000,28,TE,80,4840.234019854106,4160.87172683823,4310.923815030542,5369.54422467767,5519.596312869983
5000,28,TE,92,4984.756109169833,4391.519920141253,4522.549166053356,5446.963052286309,5577.992298198413
5000,28,TE,104,5162.533356090636,4786.422655978088,4869.494967355313,5455.571744825958,5538.644056203183
5000,28,TE,116,5325.949485098358,5040.092869910307,5103.230583724446,5548.668386472271,5611.806100286411
5000,28,TE,128,5634.817685042502,5275.7681298041725,5355.072112497797,5914.563257587206,5993.8672402808315
5000,28,TE,140,5805.442438358378,5227.400317081165,5355.073619312457,6255.8112574043,6383.484559635592
5000,28,TE,152,6298.077511656104,5658.248036817165,5799.568433568018,6796.586589744191,6937.906986495044
5000,28,TE,164,6583.836418603208,6233.531845919285,6310.904307086054,6856.768530120361,6934.14099128713
5000,28,TE,176,6880.8936179960265,6755.2738686104685,6783.019750163328,6978.767485828725,7006.513367381584
5000,28,TE,188,7021.468763533809,6970.1960036731125,6981.520719165234,7061.416807902383,7072.741523394505
5000,28,TE,200,7191.99223945632,7151.925458575373,7160.775087411323,7223.209391501317,7232.059020337267
5000,29,TE,-28,2702.188021155661,2512.841914502979,2554.663162144192,2849.7128801671297,2891.534127808343
5000,29,TE,-16,2721.1203624870654,1563.6677732222308,1819.316607118769,3622.924117855362,3878.5729517519007
5000,29,TE,-4,2782.6823290025463,1176.8935216868738,1531.5672594121559,4033.7973985929366,4388.47113631822
5000,29,TE,8,3305.1525302868895,2312.943595900999,2532.0947381681667,4078.2103224056123,4297.361464672781
5000,29,TE,20,3696.1590630995643,2676.1780649107127,2901.463277628781,4490.854848570348,4716.140061288416
5000,29,TE,32,3734.6277477726435,2535.9328586442252,2800.690960570509,4668.564534974777,4933.322636901063
5000,29,TE,44,3803.741082852991,2875.0109373579276,3080.1413944517944,4527.3407712541875,4732.471228348055
5000,29,TE,56,4033.5392511444084,3356.6846662944627,3506.1828720432786,4560.895630245538,4710.393835994354
5000,29,TE,68,4494.574241586044,3753.1471051000926,3916.9075775547562,5072.240905617332,5236.0013780719955
5000,29,TE,80,4666.215016904951,3749.4583305586407,3951.944186139256,5380.485847670646,5582.971703251262
5000,29,TE,92,4816.748056870672,4023.855971170898,4198.983608358776,5434.512505382569,5609.640142570447
5000,29,TE,104,5016.217438541922,4515.415879782866,4626.028906785242,5406.405970298602,5517.018997300978
5000,29,TE,116,5178.181470871951,4796.066994400429,4880.465371691181,5475.897570052722,5560.295947343473
5000,29,TE,128,5499.084009683282,5016.931860349986,5123.425755547937,5874.742263818626,5981.236159016577
5000,29,TE,140,5661.783943641394,4894.154451236895,5063.702289669263,6259.865597613525,6429.413436045895
5000,29,TE,152,6169.388069779525,5351.814286971967,5532.393419229894,6806.382720329156,6986.961852587083
5000,29,TE,164,6456.03291894892,6036.941518748982,6129.50706203852,6782.55877585932,6875.124319148858
5000,29,TE,176,6753.940511665113,6616.07697734821,6646.52716780254,6861.353855527686,6891.804045982017
5000,29,TE,188,6923.62289004418,6872.668096770667,6883.922582356195,6963.323197732166,6974.577683317693
5000,29,TE,200,7034.3036825579975,6998.110977582569,7006.104931640252,7062.502433475743,7070.496387533426
5000,30,TE,-28,2595.0024420840627,2418.852551546711,2457.759124934291,2732.2457592338346,2771.152332621415
5000,30,TE,-16,2622.363101802474,1517.2433077995834,1761.3332940963596,3483.392909508588,3727.482895805365
5000,30,TE,-4,2683.891702157547,1118.2556706654536,1464.0607856823733,3903.7226186327207,4249.527733649642
5000,30,TE,8,3206.361903441895,2218.946047940659,2437.038533430866,3975.6852734529234,4193.777758943132
5000,30,TE,20,3572.1307031076294,2537.1779377286575,2765.76999416458,4378.491412050678,4607.083468486602
5000,30,TE,32,3610.5993877807073,2404.753883916739,2671.091356208377,4550.107419353038,4816.444891644676
5000,30,TE,44,3692.17929229839,2794.1765951679345,2992.5202201998354,4391.838364396945,4590.1819894288465
5000,30,TE,56,3958.8574220260184,3331.631299243445,3470.1679687934775,4447.546875258559,4586.083544808592
5000,30,TE,68,4370.471022837476,3700.820770315089,3848.7277409881654,4892.214304686787,5040.121275359864
5000,30,TE,80,4530.464482043049,3713.9677157576625,3894.308965254313,5166.619998831786,5346.961248328436
5000,30,TE,92,4698.382581277513,3998.129804354329,4152.79601488735,5243.969147667676,5398.635358200698
5000,30,TE,104,4893.667852274499,4452.018193286778,4549.566223640858,5237.7694809081395,5335.31751126222
5000,30,TE,116,5102.476607974069,4763.7028127324975,4838.528448366716,5366.424767581423,5441.250403215641
5000,30,TE,128,5385.754738992996,4957.891978346815,5052.39486930015,5719.114608685842,5813.6174996391765
5000,30,TE,140,5545.202473045936,4878.190114106233,5025.514448026313,6064.890498065559,6212.214831985641
5000,30,TE,152,6072.660139685254,5397.554116016544,5546.666113612106,6598.654165758402,6747.766163353965
5000,30,TE,164,6392.745418696163,6072.061896365719,6142.8918977791545,6642.598939613172,6713.428941026607
5000,30,TE,176,6651.9133262731175,6555.865338427306,6577.079646744233,6726.747005802002,6747.961314118929
5000,30,TE,188,6811.893348362448,6779.7618300584745,6786.858781814359,6836.927914910537,6844.024866666421
5000,30,TE,200,6928.609607812802,6907.679896727174,6912.302683252046,6944.916532373558,6949.53931889843
5000,31,TE,-28,2551.08336903706,2435.4241912865778,2460.970061757284,2641.196676316836,2666.742546787543
5000,31,TE,-16,2578.444028755468,1833.687250094656,1998.1831471768082,3158.704910334128,3323.2008074162804
5000,31,TE,-4,2639.9726291105408,1562.3271224456944,1800.3488087660794,3479.596449455002,3717.6181357753876
5000,31,TE,8,3160.1844134766257,2466.44332908201,2619.6712892563887,3700.6975376968626,3853.9254978712415
5000,31,TE,20,3528.6354602481247,2787.7407846512706,2951.3836514202626,4105.887269075987,4269.530135844979
5000,31,TE,32,3558.2390659375965,2704.743726679295,2893.2569238860187,4223.221207989174,4411.734405195899
5000,31,TE,44,3658.1520176738036,3048.299599131658,3182.9989043950463,4133.305130952561,4268.00443621595
5000,31,TE,56,3909.304286515867,3500.2769733828936,3590.619641932882,4227.988931098852,4318.33159964884
5000,31,TE,68,4320.101917785444,3893.3702509291834,3987.6233149685672,4652.5805206023215,4746.833584641705
5000,31,TE,80,4477.89921489444,3964.0484593092533,4077.5436881251876,4878.254741663692,4991.749970479626
5000,31,TE,92,4651.115853325546,4213.532740019815,4310.18258441688,4992.049122234212,5088.6989666312775
5000,31,TE,104,4857.601664358894,4581.367867122846,4642.38017017628,5072.823158541507,5133.835461594941
5000,31,TE,116,5058.465082389191,4845.358312893076,4892.427624951675,5224.502539826706,5271.5718518853055
5000,31,TE,128,5351.630132089905,5083.834304094159,5142.982896256327,5560.277367923482,5619.42596008565
5000,31,TE,140,5508.121002872759,5103.85058269144,5193.142586922785,5823.099418822733,5912.391423054079
5000,31,TE,152,6056.439133665485,5671.957219814234,5756.878497663561,6355.99976966741,6440.921047516737
5000,31,TE,164,6378.782674059105,6211.0221839540745,6248.0757739387,6509.489574179511,6546.543164164136
5000,31,TE,176,6669.082696101511,6623.576922119312,6633.627872077874,6704.537520125148,6714.58847008371
5000,31,TE,188,6777.444737694746,6763.595105133223,6766.654100764739,6788.235374624754,6791.29437025627
5000,31,TE,200,6893.990789989372,6885.6250509834445,6887.472808240531,6900.508771738214,6902.3565289953
5000,32,TE,-28,2503.2514960178196,2396.2904367184155,2419.9151366291044,2586.587855406535,2610.2125553172236
5000,32,TE,-16,2530.8338732066172,1823.892309817806,1980.0358857962715,3081.631860616963,3237.775436595429
5000,32,TE,-4,2590.6749838813143,1545.6947405689928,1776.5015858129927,3404.848381949636,3635.655227193636
5000,32,TE,8,3107.3701708871017,2420.683337510569,2572.3532113637343,3642.387130410469,3794.0570042636346
5000,32,TE,20,3461.6930585611153,2715.0040210611296,2879.926699960181,4043.4594171620497,4208.382096061101
5000,32,TE,32,3491.7124184342497,2643.5453007405945,2830.881643152247,4152.543193716252,4339.879536127905
5000,32,TE,44,3591.7082826356564,3011.012792236411,3139.272149333566,4044.1444159377465,4172.403773034903
5000,32,TE,56,3864.7928774540337,3489.949554570896,3572.7419378423733,4156.843817065695,4239.636200337171
5000,32,TE,68,4257.756485429253,3874.7145268130957,3959.3177589125326,4556.195211945974,4640.798444045411
5000,32,TE,80,4411.3311094304745,3955.2537931263873,4055.988488578457,4766.673730282492,4867.408425734562
5000,32,TE,92,4588.843473941537,4202.59249612884,4287.904510620883,4889.782437262191,4975.094451754234
5000,32,TE,104,4841.359172227166,4596.801217642679,4650.817214919386,5031.9011295349455,5085.917126811652
5000,32,TE,116,5020.091529512068,4830.548403199563,4872.413166961225,5167.76989206291,5209.634655824572
5000,32,TE,128,5304.915252083831,5069.780641251693,5121.7152860271935,5488.115218140468,5540.049862915968
5000,32,TE,140,5490.323427058062,5150.542894141012,5225.590889909167,5755.0559642069575,5830.103959975114
5000,32,TE,152,6046.948862526336,5746.331091993331,5812.729131272117,6281.168593780554,6347.56663305934
5000,32,TE,164,6341.4529109938785,6221.840720399105,6248.259700605272,6434.646121382485,6461.065101588652
5000,32,TE,176,6621.960940067332,6592.595857150997,6599.081780872161,6644.840099262502,6651.326022983666
5000,32,TE,188,6726.60764940892,6718.407143073852,6720.218405065371,6732.996893752469,6734.808155743988
5000,32,TE,200,6849.129576984586,6844.477554006999,6845.505055487846,6852.754098481325,6853.781599962173
5000,33,TE,-28,2446.954501683981,2270.3768442769074,2309.3778993758233,2584.531103992139,2623.532159091055
5000,33,TE,-16,2491.645070368273,1293.7374452154006,1558.3216625962752,3424.968478140271,3689.5526955211462
5000,33,TE,-4,2548.780855449723,739.5532678613276,1139.1609298167932,3958.4007810826524,4358.008443038119
5000,33,TE,8,3065.144087660224,1851.506041999428,2119.5646683512196,4010.7235069692288,4278.782133321021
5000,33,TE,20,3415.116707239998,2072.5001038606074,2369.0464783795696,4461.1869361004265,4757.733310619389
5000,33,TE,32,3445.646255494472,1945.8608700435466,2277.121423125147,4614.171087863797,4945.431640945399
5000,33,TE,44,3582.035214357186,2599.115930431905,2816.215249298626,4347.855179415746,4564.954498282467
5000,33,TE,56,3837.772845831674,3225.600848579092,3360.812483762474,4314.733207900875,4449.944843084257
5000,33,TE,68,4214.6512629744875,3600.6562307323084,3736.2705232457315,4693.032002703243,4828.646295216668
5000,33,TE,80,4369.047544224645,3645.401311385128,3805.234480618046,4932.860607831245,5092.693777064163
5000,33,TE,92,4559.241873232594,3948.6400477919633,4083.5048760335617,5034.978870431627,5169.843698673225
5000,33,TE,104,4810.002861672297,4421.631055465391,4507.411501503488,5112.5942218411055,5198.374667879202
5000,33,TE,116,4985.526991599681,4684.028390577803,4750.6209806221505,5220.433002577212,5287.02559262156
5000,33,TE,128,5261.4695431148775,4895.610465343107,4976.418480695359,5546.520605534396,5627.328620886648
5000,33,TE,140,5466.529781497412,4966.0139748985175,5076.563887258268,5856.495675736556,5967.045588096306
5000,33,TE,152,6030.682466095763,5622.288624344339,5712.491376822169,6348.873555369357,6439.076307847186
5000,33,TE,164,6330.014083449132,6182.657450785025,6215.204400575363,6444.823766322901,6477.37071611324
5000,33,TE,176,6579.788516946421,6546.907477573717,6554.169977524819,6605.4070563680225,6612.669556319124
5000,33,TE,188,6694.83658360356,6686.322356397212,6688.20291053569,6701.47025667143,6703.350810809908
5000,33,TE,200,6809.099599771103,6804.500032955804,6805.515948340733,6812.6832512014735,6813.6991665864025
5000,34,TE,-28,2444.379894053443,2147.9936080172356,2213.4570309780056,2675.3027571288803,2740.7661800896503
5000,34,TE,-16,2489.0704627377377,425.24806771373005,881.0885864105403,4097.052339064935,4552.892857761746
5000,34,TE,-4,2546.2062478191806,-639.2269720066647,64.34593945143251,5028.066556186928,5731.639467645027
5000,34,TE,8,3061.931924015822,880.5828922405781,1362.3817507570086,4761.482097274636,5243.280955791067
5000,34,TE,20,3408.437414103831,955.3884811118487,1497.1982321348844,5319.676596072778,5861.486347095815
5000,34,TE,32,3426.2748750791116,738.5159532049365,1332.1665619167638,5520.38318824146,6114.033796953288
5000,34,TE,44,3572.1726230477434,1887.0088337570721,2259.214280142107,4885.13096595338,5257.336412338415
5000,34,TE,56,3844.637530526921,2829.429205385173,3053.6602684038257,4635.614792650016,4859.845855668669
5000,34,TE,68,4192.166723705267,3190.914192313955,3412.062811670128,4972.270635740406,5193.41925509658
5000,34,TE,80,4361.941289241341,3192.7017225040154,3450.9539693385477,5272.9286091441345,5531.180855978668
5000,34,TE,92,4551.413647504247,3566.482561260081,3784.0262308687884,5318.801064139706,5536.344733748413
5000,34,TE,104,4832.103024587468,4202.197384192832,4341.3258840772405,5322.880165097696,5462.008664982104
5000,34,TE,116,4989.536225555926,4502.086891174156,4609.750786070702,5369.32166504115,5476.985559937695
5000,34,TE,128,5262.521913801026,4689.744896320791,4816.2552847027155,5708.788542899337,5835.298931281262
5000,34,TE,140,5506.999072636009,4772.56233403436,4934.778823535277,6079.219321736741,6241.4358112376585
5000,34,TE,152,6045.165292719976,5496.614812815445,5617.774238109963,6472.556347329988,6593.715772624508
5000,34,TE,164,6356.013861911637,6176.917992830867,6216.475250303733,6495.55247351954,6535.109730992407
5000,34,TE,176,6589.959717071438,6553.361248260408,6561.444824175928,6618.474609966947,6626.558185882468
5000,34,TE,188,6700.33425047206,6691.442444378556,6693.406395109775,6707.262105834346,6709.226056565565
5000,34,TE,200,6797.665472828827,6793.041440427693,6794.062759574769,6801.268186082884,6802.289505229961
