historical_value,age,position,median_tva,q05,q10,q90,q95
100,22,QB,-1.9241261209408425,-9.743550008891553,-8.016458448305876,4.168206206424191,5.895297767009872
200,22,QB,-1.9241261209408425,-10.001002752339412,-8.217047097054433,4.368794855172747,6.152750510457732
300,22,QB,-2.0206689745457584,-10.365243878753384,-8.522161178512533,4.4808232294210155,6.323905929661873
400,22,QB,-2.2188060785952937,-10.842882544900405,-8.938065783942761,4.500453626752175,6.405270387709824
500,22,QB,-2.3743725044766166,-11.292030393597091,-9.32236972534463,4.573624716391398,6.543285384643863
600,22,QB,-2.5638981182467466,-11.791852667766122,-9.753656164760073,4.625859928266579,6.664056431272635
700,22,QB,-2.5491376935725945,-12.107475143038583,-9.996306317974524,4.898030930829336,7.009199755893398
800,22,QB,-2.722272508022844,-12.635114714087283,-10.445645724959716,5.001100708914029,7.190569698041601
900,22,QB,-2.8145168042729463,-13.110751068225353,-10.836601519882391,5.207567911336499,7.481717459679466
1000,22,QB,-2.8687499895751776,-13.582833513597421,-11.216392775902822,5.478892796752468,7.845333534447074
1100,22,QB,-2.670952286833095,-13.843524810083672,-11.375816703777833,6.033912130111642,8.501620236417487
1200,22,QB,-2.5761223323564106,-14.254294713915728,-11.674913770731981,6.52266910601916,9.102050049202912
1300,22,QB,-2.3477187393755607,-14.58523682065004,-11.882312090702596,7.186874611951476,9.889799341898927
1400,22,QB,-1.9577524885577948,-14.814943029518645,-11.975150022472057,8.059645045356469,10.899438052403063
1500,22,QB,-1.5265785750036736,-15.070072034508888,-12.078693949634536,9.025536799627188,12.016914884501547
1600,22,QB,-1.2042211548669297,-15.50584128131227,-12.347014265789092,9.938571956055231,13.097398971578418
1700,22,QB,-1.0120676019591115,-16.147143266334183,-12.80422928400774,10.780094080089516,14.123008062415968
1800,22,QB,-0.7727097623669702,-16.818553951886862,-13.274476730942732,11.729057206208791,15.27313442715293
1900,22,QB,0.08041863955186995,-16.954118384714235,-13.191666629358052,13.35250390846179,17.114955663817984
2000,22,QB,1.2360684180447594,-16.86441235418359,-12.866523503007404,15.338660339096922,19.336549190273118
2100,22,QB,1.7001372466396547,-17.54164511172051,-13.291674730531776,16.691949223811086,20.941919604999832
2200,22,QB,2.427075852751813,-18.02843971984432,-13.510389692233087,18.364541397736712,22.88259142534796
2300,22,QB,3.0833322612446956,-18.654671425262336,-13.853355721071,20.020020243560392,24.821335947751738
2400,22,QB,3.9431853953480314,-19.14199108761755,-14.043122673564884,21.929493464260947,27.02836187831363
2500,22,QB,4.1683259221788616,-20.324962826870713,-14.91508188223273,23.251733726590455,28.661614671228453
2600,22,QB,3.9217789395435365,-22.0372867426525,-16.303656758799573,24.147214637886645,29.880844621739588
2700,22,QB,4.255888866660623,-23.224164836315254,-17.154591231540504,25.66636896486175,31.735942569636514
2800,22,QB,4.4951904837237855,-24.559506789211337,-18.142138556651055,27.132519524098626,33.549887756658926
2900,22,QB,6.36764243530173,-24.31498131302233,-17.538049752372018,30.273334622975476,37.05026618362581
3000,22,QB,6.810605734170845,-25.554226637485588,-18.405742343777955,32.02695381211964,39.1754381058273
3100,22,QB,7.736190072391761,-26.3677576018427,-18.83515148471067,34.30753162949419,41.84013774662624
3200,22,QB,8.427249236706231,-27.477242979112148,-19.546947041503696,36.40144551491616,44.33174145252463
3300,22,QB,8.817494608104077,-28.95552279628059,-20.61252201875581,38.247511234963966,46.590512012488766
3400,22,QB,10.589875877666584,-29.128223160648098,-20.355608370281878,41.53536012561505,50.30797491598129
3500,22,QB,14.410998491403289,-27.33917056282491,-18.117728464297087,46.93972544710367,56.161167545631514
3600,22,QB,14.724258542258289,-29.15701370762841,-19.46487064740562,48.9133877319222,58.60553079214501
3700,22,QB,14.827195079824653,-31.29748345622093,-21.10983482943584,50.76422498908515,60.95187361587027
3800,22,QB,15.862470637519547,-32.631723696131544,-21.92071544651989,53.64565672155898,64.35666497117067
3900,22,QB,16.154525086400866,-34.84932478084563,-23.584003968804808,55.89305414160654,67.15837495364738
4000,22,QB,17.076809968378132,-36.590886198273054,-24.737196405559803,58.89081634231607,70.74450613502935
4100,22,QB,19.933404288213886,-36.56625098995655,-24.08706080852982,63.95386938495759,76.43305956638434
4200,22,QB,22.44766001118161,-37.06595745274463,-23.921067505000785,68.81638752736401,81.96127747510788
4300,22,QB,22.33348541053841,-40.38788126765188,-26.534489430789616,71.20146025186644,85.05485208872874
4400,22,QB,21.816794319491027,-44.312582188974545,-29.70645650616599,73.34004514514804,87.94617082795662
4500,22,QB,21.642357648875468,-48.09626464689729,-32.69295773582164,75.97767303357259,91.38097994464826
4600,22,QB,26.37628652353787,-47.16950468204034,-30.92530087266745,83.67787391974319,99.92207772911613
4700,22,QB,47.955286037321336,-29.586837358490406,-12.459955784367487,108.37052785901017,125.49740943313313
4800,22,QB,48.43121348751026,-33.28229999852732,-15.234075276370028,112.09650225139055,130.1447269735479
4900,22,QB,48.154494306553204,-37.8843484911319,-18.880779761801463,115.18976837490787,134.19333710423837
5000,22,QB,48.175152615137506,-42.31454488120467,-22.32790710515212,118.67821233542713,138.66485011147972
5100,22,QB,48.68294417853697,-46.34710433038664,-25.357630280422725,122.72351863749667,143.71299268746066
5200,22,QB,48.85770921333373,-50.75843438623668,-28.756020477710457,126.47143890437792,148.4738528129042
5300,22,QB,48.17905174108435,-56.01799889058398,-33.00379102020908,129.36189450237777,152.37610237275274
5400,22,QB,48.06014208194946,-60.6552771326405,-36.64308829090472,132.76337245480363,156.77556129653948
5500,22,QB,48.07488589464592,-65.03347228785577,-40.05100636095783,136.20077815024968,161.18324407714766
5600,22,QB,48.12972575519795,-69.17971375221624,-43.269346715778624,139.52879822617453,165.43916526261222
5700,22,QB,48.079784303786084,-73.17103465055807,-46.39012737005619,142.54969597762835,169.33060325813028
5800,22,QB,48.50013031215765,-76.36913423246773,-48.789013745089676,145.78927436940498,173.3693948567831
5900,22,QB,51.254491674655696,-76.84993280842238,-48.55525617126757,151.06423952057895,179.35891615773383
6000,22,QB,52.49757815020602,-78.40378647922759,-49.49134416119217,154.4865004616042,183.39894277963967
6100,22,QB,54.8678155383445,-78.34487142100372,-48.921922786008054,158.65755386269706,188.0805024976928
6200,22,QB,56.75703124084482,-78.24839163416249,-48.42947788528358,161.94354036697322,191.7624541158522
6300,22,QB,60.423181180732286,-75.83755225035893,-45.741375585644576,166.58773794710913,196.68391461182358
6400,22,QB,61.34460035351656,-75.6263098501193,-45.37327504240597,168.0624757494391,198.3155105571525
6500,22,QB,62.794757164511914,-74.34664468144805,-44.05595304877833,169.64546737780216,199.93615901047195
6600,22,QB,63.59470243469736,-73.20755908352626,-42.99177404324504,170.18117891263975,200.39696395292103
6700,22,QB,64.14181482709144,-71.86466838429409,-41.824648466550244,170.10827812073313,200.14829803847704
6800,22,QB,65.67758631555783,-69.14232980646376,-39.36438929961706,170.7195619307327,200.4975024375795
6900,22,QB,77.11745252343658,-56.19478267652184,-26.749846625484707,180.98475167235787,210.4296877233951
7000,22,QB,77.57979789791604,-53.97747331376554,-24.920159616589444,180.07975541242152,209.1370691095977
7100,22,QB,78.48406288967428,-51.14439065562814,-22.513098716735954,179.4812244960845,208.11251643497675
7200,22,QB,78.08913884765873,-49.50765929767073,-21.325103089900438,177.5033807852179,205.68593699298827
7300,22,QB,78.14050650263145,-47.389222304873684,-19.663223774453897,175.9442367797168,203.67023531013666
7400,22,QB,77.33907770354008,-46.15007636800797,-18.874783600022496,173.55293900710268,200.82823177508823
7500,22,QB,76.2986402954769,-45.23128295566082,-18.388729359212547,170.98600995016636,197.8285635466147
7600,22,QB,76.28457250794621,-43.41619916965128,-16.977653885191486,169.5467989010839,195.98534418554377
7700,22,QB,75.23831253305374,-42.807379904544035,-16.734395232792394,167.21102029889988,193.2840049706516
7800,22,QB,76.95102439944917,-39.65090131865709,-13.896804246864136,167.79885304576248,193.5529501175555
7900,22,QB,77.7062711668156,-37.694501031767686,-12.205705104440455,167.61824743807165,193.10704336539897
8000,22,QB,78.4114132368789,-36.05797725915721,-10.774897443554252,167.59772391731207,192.88080373291507
8100,22,QB,81.99750560737725,-31.835052679713186,-6.692631248837785,170.68764246359228,195.83006389446774
8200,22,QB,83.5555415019103,-29.955913689517146,-4.884414932043825,171.99549793586442,197.0669966933378
8300,22,QB,85.40965071573177,-28.11310852391884,-3.0391130190423183,173.85841445050585,198.93240995538244
8400,22,QB,87.7897085445898,-26.092755853664727,-0.9393115616875036,176.5187286508671,201.67217294284438
8500,22,QB,95.05296956267789,-19.546572774940415,5.765253934348351,184.34068519100742,209.65251190029625
8600,22,QB,98.68278468542914,-16.99125410688741,8.557898751409368,188.8076706194489,214.35682347774576
8700,22,QB,99.38060064499824,-17.727205402118827,8.138626454668596,190.6225748353279,216.48840669211538
8800,22,QB,98.35742586496737,-20.547588242872507,5.71519649928976,190.99965523064498,217.2624399728073
8900,22,QB,103.2540393113573,-17.809146677057868,8.93031774056982,197.5777608821448,224.31722529977253
9000,22,QB,102.20889855343259,-21.361809728724438,5.931496078442876,198.4863010284223,225.77960683558968
9100,22,QB,101.9645568907631,-24.446696984783415,3.4740057242658366,200.45510805726036,228.37581076630968
9200,22,QB,103.10387889945083,-26.461326250221916,2.1559958909105035,204.05176190799116,232.66908404912368
9300,22,QB,108.35064946106768,-24.66034827624209,4.718052862897707,211.98324605923764,241.3616471983775
9400,22,QB,108.84077904662844,-27.881391925618104,2.3167033579723437,215.36485473528455,245.56295001887509
9500,22,QB,113.7895323362988,-26.878392737385127,4.191209028829945,223.38785564376767,254.45745740998282
9600,22,QB,119.17310964185701,-25.640217777433534,6.344987172458758,232.00123211125526,263.9864370611476
9700,22,QB,122.41535381053967,-26.703948211153232,6.23232583314703,238.5983817879323,271.5346558322326
9800,22,QB,122.93346347607933,-30.609843315556745,3.303569378808689,242.56335757334995,276.4767702677155
9900,22,QB,123.20533391533391,-34.83654473489477,0.07047638932390043,246.3401914413439,281.2472125655627
10000,22,QB,123.86292269799301,-38.705639157338254,-2.7988005947754715,250.52464599076148,286.43148455332437
100,23,QB,-0.7892885750421239,-5.866418215427511,-4.745022588388924,3.1664454383046756,4.287841065343265
200,23,QB,-0.7892885750421239,-6.036701634153021,-4.877695172914527,3.299118022830279,4.458124484068776
300,23,QB,-0.88583142864704,-6.310440362838509,-5.112296299545492,3.340633442251412,4.538777505544432
400,23,QB,-1.0839685326965773,-6.693893508575021,-5.454818326030123,3.286881260636969,4.525956443181871
500,23,QB,-1.2395349585778974,-7.044579595968274,-5.762407949344881,3.283338032189086,4.565509678812482
600,23,QB,-1.4290605723480267,-7.441026470339947,-6.113151717194683,3.2550305724986304,4.582905325643898
700,23,QB,-1.4816066560788048,-7.7148685602792,-6.338115722227589,3.3749024100699794,4.751655248121593
800,23,QB,-1.6363927076063278,-8.108383315842831,-6.6789019985683895,3.4061165833557334,4.835597900630179
900,23,QB,-1.6796792583742268,-8.41147451395134,-6.9246096323308945,3.5652511155824405,5.052115997202891
1000,23,QB,-1.7339124436764581,-8.75080003935954,-7.200966250868171,3.733141363515254,5.282975152006627
1100,23,QB,-1.5361147409343734,-8.867927881694003,-7.248535867570093,4.176306385701347,5.795698399825259
1200,23,QB,-1.4304042588853099,-9.111684767582286,-7.41510520735351,4.55429668958289,6.25087624981167
1300,23,QB,-1.1770562170926844,-9.247058343929913,-7.464621074012096,5.110508639826727,6.89294590974455
1400,23,QB,-0.8229149426590753,-9.325478338690454,-7.447500408978934,5.801670523660784,7.679648453372309
1500,23,QB,-0.39174102910495584,-9.374719064303711,-7.3906310066879675,6.607148948478057,8.591237006093804
1600,23,QB,-0.0693836089682138,-9.583425773737195,-7.482040535478276,7.343273317541849,9.444658555800773
1700,23,QB,0.1888001478138823,-9.908501358262553,-7.678290480104878,8.055890775732642,10.286101653890324
1800,23,QB,0.42107572093231377,-10.312155493284498,-7.9414855675303135,8.78363700939494,11.15430693514913
1900,23,QB,1.4592469648106736,-9.962059573233109,-7.439413095004256,10.357907024625604,12.880553502854463
2000,23,QB,2.3671159383077494,-9.792944634273518,-7.107128096884118,11.841359973499618,14.527176510889023
2100,23,QB,3.036761342907877,-9.910459061867527,-7.050780981416185,13.124303667231938,15.983981747683288
2200,23,QB,3.907780851848727,-9.872148302180419,-6.82854819961206,14.644109903309515,17.68771000587788
2300,23,QB,4.7203122157357456,-9.934719211502761,-6.6978335456542,16.13845797712569,19.375343642974258
2400,23,QB,5.069100429178501,-10.500510756976045,-7.061620057797548,17.19982091615455,20.638711615333058
2500,23,QB,5.298810323394599,-11.222332265135176,-7.573274950330831,18.17089559712003,21.819952911924382
2600,23,QB,5.13947927700959,-12.368232026620474,-8.501269335895383,18.780227889914563,22.647190580639666
2700,23,QB,5.482482499955549,-13.045660888566978,-8.953313352714822,19.918278352625922,24.01062588847808
2800,23,QB,6.374468722864976,-13.207674324295311,-8.882527807165456,21.63146525289541,25.956611770025273
2900,23,QB,7.842595546671266,-12.827925938347843,-8.262387131237912,23.947578224580443,28.513117031690385
3000,23,QB,8.433011118740223,-13.362307539972063,-8.548332564943214,25.41435480242366,30.228329777452522
3100,23,QB,9.014126746807333,-13.945930163298842,-8.874697155824217,26.902950649438885,31.974183656913517
3200,23,QB,10.013026334617402,-14.156704170672763,-8.818288172834235,28.844340842069037,34.182756839907576
3300,23,QB,11.625999275957668,-13.804789408339087,-8.187841005865742,31.439839557781077,37.05678796025444
3400,23,QB,11.976019994446531,-14.7749058471572,-8.866376149709708,32.81841613860277,38.72694583605028
3500,23,QB,15.907582662454235,-12.231294491209429,-6.01620525281464,37.831370577723106,44.04645981611792
3600,23,QB,16.08738290532437,-13.516567740229405,-6.97788483307594,39.152650643724684,45.69133355087816
3700,23,QB,16.5956786832928,-14.559905839054451,-7.678510500380515,40.86986786696612,47.75126320564007
3800,23,QB,18.094879103270102,-14.708409318572436,-7.463082373179038,43.65284057971924,50.898167525112655
3900,23,QB,21.045067086004106,-13.511271946790789,-5.878745258955899,47.96887943096411,55.60140611879902
4000,23,QB,24.080896359043894,-12.34312012619721,-4.2980758395931105,52.4598685576809,60.504912844285016
4100,23,QB,24.365726813199533,-14.048694424967348,-5.564025518929984,54.295479145329054,62.78014805136644
4200,23,QB,23.80130116613915,-16.730779459927763,-7.778378952503118,55.38098128478142,64.33338179220608
4300,23,QB,23.90813707573576,-18.86918039888971,-9.420870004978816,57.237144156450334,66.68545455036124
4400,23,QB,28.176187208903244,-16.97106626668498,-6.999303438804091,63.35167785661058,73.32344068449149
4500,23,QB,49.01351669076267,1.3784346566633445,11.899689079981272,86.12734430154407,96.64859872486203
4600,23,QB,49.479532278438825,-0.7505392328111213,10.343875629180772,88.61518892769688,99.7096037896888
4700,23,QB,49.766829784799754,-3.149604787744785,8.538152376482486,90.99550719311702,102.68326435734431
4800,23,QB,49.67344964012169,-5.999686631392301,6.296948668560404,93.04995061168297,105.34658591163571
4900,23,QB,49.09490221029322,-9.378823234428367,3.536383714155356,94.65342070643109,107.56862765501484
5000,23,QB,49.15137491281491,-12.134974832386924,1.4014619871011007,96.90128783852872,110.43772465801678
5100,23,QB,49.93289896196853,-14.141427974797907,0.01079486008651287,99.85500306385055,114.00722589873502
5200,23,QB,50.11094990455606,-16.68573013875575,-1.93221580943095,102.15411561854307,116.90762994786792
5300,23,QB,49.42532542886237,-19.983918310714664,-4.653361890313924,103.50401274803866,118.83456916843946
5400,23,QB,49.1455237388754,-22.720381409280407,-6.84721734325619,105.13826482100698,121.01142888703124
5500,23,QB,48.868055788358404,-25.253758724707936,-8.882327512482973,106.61843908919978,122.98987030142479
5600,23,QB,49.1979809874404,-26.937603675906118,-10.121387082897847,108.51734905777866,125.33356565078697
5700,23,QB,49.47784603560732,-28.390928775392148,-11.191899059601994,110.14759113081664,127.34662084660684
5800,23,QB,49.89819204397889,-29.389629781790752,-11.877172355928444,111.67355644388621,129.18601386974856
5900,23,QB,53.33828622789807,-27.0294177435906,-9.278444620533215,115.95501707632934,133.70599019938678
6000,23,QB,56.22376804139639,-24.870744026446694,-6.959239367132092,119.40677544992488,137.3182801092395
6100,23,QB,57.930322712422495,-23.532451301476414,-5.5396079005573355,121.40025332540233,139.39309672632146
6200,23,QB,59.53420708968372,-21.941389021874173,-3.945713578982037,123.01412775834947,141.00980320124165
6300,23,QB,61.523580474733734,-19.628072618377402,-1.7039471082280286,124.75110805769549,142.6752335678449
6400,23,QB,62.26754119712366,-18.259069237442105,-0.47299813079465736,125.00808052504198,142.7941516316895
6500,23,QB,63.82143138281534,-15.824702571656665,1.7668959600473286,125.87596680558335,143.4675653372874
6600,23,QB,64.71007383078697,-13.84850138126312,3.502885908206977,125.91726175336696,143.2686490428371
6700,23,QB,64.99164667356442,-12.323139882525439,4.753529355890883,125.22976399123795,142.30643322965432
6800,23,QB,66.66756310959775,-9.297446312562656,7.4810949908438715,125.85403122835163,142.6325725317582
6900,23,QB,78.09021637933776,3.532860526413131,20.000490612510966,136.17994214616456,152.64757223226243
7000,23,QB,78.99542732094922,5.8584757466176,22.012378341108537,135.9784763007899,152.13237889528088
7100,23,QB,79.17796597870627,7.4335118010751415,23.279850751947166,135.07608120546536,150.92242015633744
7200,23,QB,77.63557584682387,7.220193980713333,22.7729781114953,132.49817358215245,148.05095771293443
7300,23,QB,75.20073220922511,6.019878746574207,21.299990156517488,129.10147426193274,144.38158567187605
7400,23,QB,75.14841434761296,7.080013927519545,22.11441564210925,128.18241305311665,143.2168147677064
7500,23,QB,75.31442882332205,8.21422974469884,23.034782921370336,127.59407472527376,142.4146279019453
7600,23,QB,75.26934614909291,8.97430736837174,23.61702320365444,126.92166909453138,141.5643849298141
7700,23,QB,76.46893540716366,10.800133272034245,25.304530985543586,127.63333982878373,142.1377375422931
7800,23,QB,78.31052813502787,13.074802169963888,27.483545496509592,129.13751077354613,143.54625410009186
7900,23,QB,79.25995612048207,14.25323469200869,28.61139733535459,129.90851490560956,144.2666775489555
8000,23,QB,80.02813423263832,15.037314774260764,29.391965118140263,130.66430334713638,145.0189536910159
8100,23,QB,83.78369897753036,18.588601084762345,32.988370808931364,134.57902714612936,148.97879687029842
8200,23,QB,85.385882064233,19.76670510635995,34.260142009193196,136.5116221192728,151.00505902210608
8300,23,QB,87.26775655503569,21.005649013332686,35.64109126096968,138.8944218491017,153.52986409673872
8400,23,QB,89.87175890905552,22.746949440395483,37.57293836240377,142.17057945570727,156.9965683777156
8500,23,QB,97.13501992714366,28.92956796652784,43.99424052490262,150.2757993293847,165.34047188775952
8600,23,QB,106.95261134273761,37.457027923141936,52.80665435878173,161.0985683266935,176.44819476233334
8700,23,QB,109.10093609942066,38.11747517579879,53.79573204728805,164.40614015155327,180.08439702304258
8800,23,QB,109.59663840816789,36.941585467625075,52.98905016139587,166.2042266549399,182.25169134871075
8900,23,QB,113.42856265383689,38.933444823596375,55.387328274997635,171.46979703267615,187.92368048407747
9000,23,QB,116.5083180587977,40.02297711363812,56.91644506572823,176.10019105186717,192.9936590039573
9100,23,QB,114.54302825845255,35.938334691929285,53.29990823321794,175.78614828368717,193.14772182497586
9200,23,QB,118.91916225921968,38.08959267425071,55.942578965362046,181.8957455530773,199.74873184418868
9300,23,QB,122.01592573866064,38.88203304481546,57.24397972114588,186.7878717561754,205.14981843250587
9400,23,QB,123.11524720019703,37.625450956741034,56.50775069186349,189.72274370853057,208.60504344365307
9500,23,QB,124.55640163163932,36.687302635061144,56.09512365715817,193.01767960612045,212.42550062821755
9600,23,QB,124.87401350625399,34.63266633712239,54.56445048708427,195.1835765254237,215.11536067538566
9700,23,QB,125.30548719230852,32.73049365203936,53.17771487393101,197.433259510686,217.88048073257772
9800,23,QB,125.73103453465406,30.891705979638445,51.839055337611,199.6230137316971,220.57036308966974
9900,23,QB,126.1125894456152,29.110840815034152,50.53580815566974,201.68937073556066,223.1143380761963
10000,23,QB,127.65386391523197,28.626180134769157,50.49861976361851,204.80910806684543,226.6815476956948
100,24,QB,1.0867331759917493,-5.408653373197996,-3.9740045483486592,6.1474709003321575,7.582119725181499
200,24,QB,1.0867331759917493,-5.630498647321705,-4.146850419679371,6.3203167716628705,7.803964999305208
300,24,QB,0.8905134060819561,-6.057766040390742,-4.523085868992729,6.304112681156641,7.838792852554658
400,24,QB,0.7920532183372969,-6.398297406140584,-4.810150496708581,6.394256933383175,7.982403842815181
500,24,QB,0.6364867924559765,-6.809402294388999,-5.164814101291672,6.437787686203624,8.082375879300956
600,24,QB,0.44696117868584667,-7.270923343560058,-5.566258982738577,6.46018134011027,8.164845700931755
700,24,QB,0.39441509495506855,-7.6157502746142445,-5.846529267169354,6.63535945707949,8.404580464524386
800,24,QB,0.23962904342754407,-8.087662962741648,-6.248397570242692,6.72765565709778,8.56692104959674
900,24,QB,0.15968886775413077,-8.515019532159886,-6.59901959626696,6.918397331775222,8.834397267668152
1000,24,QB,0.19785472587891823,-8.860740108556168,-6.859950419506832,7.255659871264669,9.256449560314007
1100,24,QB,0.35702197871660873,-9.128442130693863,-7.033368983828747,7.747412941261964,9.842486088127085
1200,24,QB,0.46273246076567237,-9.499229056808888,-7.298910988569286,8.224375910100632,10.424693978340237
1300,24,QB,0.7095179473758577,-9.785087191961345,-7.467123077525988,8.886158972277704,11.204123086713066
1400,24,QB,1.1865620692774548,-9.902880181437503,-7.453533222216516,9.826657360771426,12.27600431999242
1500,24,QB,1.5527377545074488,-10.198282502778623,-7.602811505752401,10.708287014767299,13.303758011793528
1600,24,QB,1.8952378296759924,-10.586682298189743,-7.829776006671238,11.620251666023222,14.377157957541732
1700,24,QB,2.1381122753187167,-11.144932494189138,-8.211080224631331,12.487304775268765,15.421157044826579
1800,24,QB,2.307649885400856,-11.846110117807529,-8.71994125902953,13.335241029831243,16.461409888609246
1900,24,QB,3.345821129279215,-11.746180770771609,-8.412780575638834,15.104422834197266,18.437823029330048
2000,24,QB,4.459266678781522,-11.635187966900471,-8.080374058727607,16.998907416290653,20.55372132446352
2100,24,QB,5.27355610525759,-11.883325996388873,-8.093851642737638,18.64096385325282,22.430438206904064
2200,24,QB,6.3008505695925825,-11.973701898761156,-7.937365489091786,20.539066628276952,24.575403037946334
2300,24,QB,6.602317012819025,-12.84071502067329,-8.546294227219919,21.750928252857967,26.04534904631135
2400,24,QB,6.955674593647049,-13.702805949591369,-9.139926649016562,23.051275836310662,27.61415513688548
2500,24,QB,7.275757385729111,-14.642206359604238,-9.801142522648242,24.352657294106464,29.19372113106247
2600,24,QB,7.1253196351729775,-16.094350675273635,-10.965776344554744,25.2164156149007,30.344989945619606
2700,24,QB,8.121007463965205,-16.442088440484326,-11.016789051893513,27.258803979823924,32.684103368414746
2800,24,QB,8.608668559102973,-17.34073747914013,-11.60924103987929,28.826578158085237,34.55807459734609
2900,24,QB,9.879778945955312,-17.50183254418325,-11.454002064916594,31.21355995682722,37.26139043609389
3000,24,QB,10.655835033940514,-18.20906586014302,-11.833618327731687,33.14528839561272,39.52073592802407
3100,24,QB,11.236950662007619,-19.169636867071606,-12.453673970034526,34.92757529404976,41.64353819108686
3200,24,QB,13.45857781976011,-18.557409250899077,-11.485975106145604,38.40313074566583,45.474564890419316
3300,24,QB,13.654447848067356,-20.04963522636401,-12.60534799123569,39.9142436873704,47.35853092249874
3400,24,QB,13.98144881284236,-21.501633376931395,-13.664415102071137,41.62731272775586,49.464531002616134
3500,24,QB,18.33659323538492,-19.029016564777738,-10.776000707504501,47.44918717827434,55.7022030355476
3600,24,QB,19.489593503790754,-19.87477138548252,-11.180286553570376,50.159473561151884,58.85395839306405
3700,24,QB,22.140223520938832,-19.35155055578494,-10.187180665048956,54.46762770692662,63.631997597662625
3800,24,QB,22.672673986907977,-21.087418446874015,-11.422040611392436,56.767388585208394,66.43276642068999
3900,24,QB,26.04340980581743,-20.137300065158588,-9.937275687029999,62.02409529866486,72.22411967679348
4000,24,QB,26.06308019680948,-22.69791436670272,-11.9279774246505,64.05413781826945,74.82407476032171
4100,24,QB,26.695122064834308,-24.806891640054715,-13.431540399671576,66.82178452934019,78.19713576972336
4200,24,QB,30.915437641988785,-23.484538453626985,-11.469108550206872,73.29998383418445,85.31541373760459
4300,24,QB,52.04446793014143,-5.401190075878951,7.286945591938185,96.80199026834467,109.49012593616185
4400,24,QB,52.0436180924927,-8.580680637731419,4.8095276696526454,99.27770851533276,112.66791682271685
4500,24,QB,51.57525182548671,-12.338889733554012,1.7779526413420967,101.37255100963132,115.48939338452746
4600,24,QB,51.47195981829582,-15.814088025228266,-0.9524860656790182,103.89640570227067,118.75800766181996
4700,24,QB,51.457429075785335,-19.245883581550352,-3.629503609606232,106.5443617611769,122.16074173312106
4800,24,QB,51.41422936478488,-22.70753603787667,-6.336115672763569,109.16457440233333,125.53599476744648
4900,24,QB,51.1094144207105,-26.3812608997355,-9.265742763385731,111.48457160480673,128.60008974115655
5000,24,QB,51.162206027578634,-29.591407849900435,-11.755198045556398,114.07961010071367,131.91581990505773
5100,24,QB,51.97182583984956,-31.87848824961293,-13.358304168081816,117.30195584778093,135.82213992931207
5200,24,QB,51.96088898846769,-34.75768282018541,-15.603981004946021,119.5257589818814,138.67946079712084
5300,24,QB,50.97669442725964,-38.32312812564141,-18.59930037273343,120.5526892272527,140.27651698016075
5400,24,QB,50.97197807580267,-40.56817902899574,-20.349524169523974,122.29348032112931,142.51213518060112
5500,24,QB,51.03949168533019,-42.35177717316505,-21.724263613445913,123.8032469841063,144.43076054382547
5600,24,QB,52.053269287830716,-42.75993796878319,-21.81835807345489,125.92489664911632,146.86647654444468
5700,24,QB,53.97552967394566,-41.80534423900173,-20.650033902714853,128.60109325060617,149.7564035868931
5800,24,QB,54.39587568231722,-41.88751305214162,-20.621211277132637,129.41296264176708,150.6792644167761
5900,24,QB,57.17199412900396,-39.14930811947207,-17.87463231192187,132.21862056992978,153.49329637748005
6000,24,QB,58.09536806242577,-37.81588318539496,-16.631776150274753,132.8225122751263,154.00661931024655
6100,24,QB,59.62446428305758,-35.47038595400123,-14.466599018666557,133.7155275847817,154.71931452011643
6200,24,QB,61.41017814740005,-32.521653357723245,-11.77474466118364,134.59510095598375,155.34200965252342
6300,24,QB,63.41676447058869,-29.070921154971543,-8.64298380422268,135.47651274540004,155.904450096149
6400,24,QB,63.9666698830096,-26.864316892515248,-6.802297880934205,134.73563764695342,154.7976566585345
6500,24,QB,65.70591150321243,-23.324320035734956,-3.660037381248685,135.07186038767355,154.73614304215988
6600,24,QB,66.55064355860985,-20.600078739114082,-1.350926993896195,134.4522141111159,153.70136585633384
6700,24,QB,67.27513805565444,-17.978223676497734,0.8518543022708656,133.698421809038,152.52849978780665
6800,24,QB,68.2745346446307,-15.118216597676764,3.3009046762763177,133.24816461298508,151.6672858869382
6900,24,QB,78.57252344165231,-3.0434500411233785,14.983230828332353,142.16181605497226,160.18849692442802
7000,24,QB,76.99152309069233,-2.9721440679579985,14.68958864818216,139.29345753320248,156.9551902493427
7100,24,QB,77.94802669066722,-0.5230730397860555,16.808993367712574,139.08706001362185,156.41912642112055
7200,24,QB,77.5983091355959,0.4322412584612181,17.476062709239287,137.7205555619525,154.76437701273062
7300,24,QB,77.44133588635499,1.3697663039193486,18.17184375987921,136.71082801283077,153.51290546879068
7400,24,QB,77.18918675958193,1.9824119315260305,18.593480466198287,135.78489305296557,152.39596158763786
7500,24,QB,77.48500464022699,2.8969630677655545,19.371370769196936,135.59863851125704,152.07304621268847
7600,24,QB,77.63410318408556,3.4070255588966347,19.801706442093916,135.4664999260772,151.86118080927452
7700,24,QB,79.39899525983883,5.265103836448347,21.639202499651503,137.15878802002615,153.53288668322935
7800,24,QB,81.0979278192733,6.785185249252791,23.198787117598947,138.99706852094764,155.41067038929384
7900,24,QB,82.07099683393757,7.310923131138949,23.82332790814936,140.31866575972577,156.83107053673623
8000,24,QB,83.06397971606056,7.590032142881597,24.26011164817428,141.86784778394684,158.53792728923958
8100,24,QB,87.04348898611437,10.590101576682201,27.476511888378788,146.61046608384996,163.49687639554656
8200,24,QB,94.92553273021598,17.23603088940463,34.3954642310514,155.45560122938056,172.61503457102737
8300,24,QB,98.25791601813275,19.09062694816039,36.576462066766474,159.939369969499,177.42520508810514
8400,24,QB,102.7565118318445,21.888519652975006,39.749992418104426,165.76303124558459,183.62450401071405
8500,24,QB,110.00205671704973,27.23074305119897,45.51260618323407,174.49150725086537,192.77337038290054
8600,24,QB,118.77472682609513,33.92082753582032,52.662675457998645,184.8867781941916,203.62862611637
8700,24,QB,123.40650734017888,36.31790465922282,55.55333592229216,191.2596787580656,210.49511002113496
8800,24,QB,127.14406518581437,37.69887694924546,57.45481190711625,196.8333184645125,216.58925342238334
8900,24,QB,128.82598234930754,36.93564765893885,57.2316469316834,200.42031776693167,220.71631703967626
9000,24,QB,128.3900334673585,34.001600258470845,54.84935947295408,201.93070746176295,222.7784666762462
9100,24,QB,127.04204097167069,30.138407030558895,51.541703586417995,202.5423783569234,223.94567491278252
9200,24,QB,126.35220954149436,26.954452755288827,48.90863113806398,203.79578794492474,225.74996632769995
9300,24,QB,126.63820253830728,24.806793898175584,47.29849776090283,205.97790731571172,228.46961117843904
9400,24,QB,127.64496167664969,23.478444557597484,46.485908430881295,208.80401492241808,231.81147879570193
9500,24,QB,128.57850327514106,22.21555102083525,45.7081458500346,211.4488607002475,234.94145552944693
9600,24,QB,130.45506160211693,22.07657174087359,46.01434233249054,214.8957808717433,238.83355146336032
9700,24,QB,131.09276114995288,20.923381483976996,45.25670943531948,216.9288128645863,241.26214081592883
9800,24,QB,131.39021044894645,19.699144907628778,44.36857061640515,218.41185028148774,243.08127599026417
9900,24,QB,131.66037473492796,18.76117435198053,43.6974431835915,219.6233062862644,244.55957511787545
10000,24,QB,131.93805962262232,18.17659971870222,43.30331750960306,220.57280173564158,245.69951952654247
100,25,QB,1.4579876834708139,-4.6400966158301085,-3.293200721710367,6.209176088651995,7.556071982771741
200,25,QB,1.4579876834708139,-4.852125445796274,-3.458398326245756,6.374373693187383,7.768100812737906
300,25,QB,1.2617679135610202,-5.269377810648025,-3.826830786356589,6.35036661347863,7.792913637770069
400,25,QB,1.0162088675995937,-5.74696518180118,-4.253169604163893,6.28558733936308,7.779382917000371
500,25,QB,1.0077412999350432,-6.0010559108970485,-4.453009061648039,6.468491661518126,8.016538510767138
600,25,QB,0.8182156861649124,-6.4530752607796895,-4.84705090284937,6.483482275179194,8.089506633109519
700,25,QB,0.7656696024341332,-6.789133804790927,-5.1204894911595495,6.651828696027815,8.320473009659198
800,25,QB,0.6108835509066087,-7.25342896492974,-5.5164227646598,6.738189866473017,8.475196066742962
900,25,QB,0.5309433752331956,-7.674789730602009,-5.862373291924883,6.924260042391274,8.736676481068404
1000,25,QB,0.5691092333579837,-8.016505952556354,-6.12018421037811,7.258402677094077,9.154724419272327
1100,25,QB,0.7391570137680507,-8.271595713624675,-6.281373005020131,7.759687032556232,9.749909741160781
1200,25,QB,0.8632493894464498,-8.624676822113704,-6.529059865895758,8.255558644788657,10.35117560100661
1300,25,QB,1.2036753023229085,-8.819961210813284,-6.606020864786979,9.013371469432796,11.227311815459107
1400,25,QB,1.5578165767565182,-9.065500336514948,-6.719107398972505,9.834740552485542,12.18113349002799
1500,25,QB,1.9239922619865129,-9.36633572980882,-6.872618741154264,10.72060326512729,13.214320253781851
1600,25,QB,2.2664923371550576,-9.759544563023985,-7.103330098222218,11.636314772532332,14.292529237334104
1700,25,QB,2.509366782797782,-10.320713076737377,-7.486908059312913,12.505641624908478,15.339446642332948
1800,25,QB,2.930944290453297,-10.769555429850357,-7.743499062807167,13.605387643713762,16.631444010756958
1900,25,QB,3.9269113053410694,-10.706997258017473,-7.474777040732035,15.328599651414173,18.56081986869962
2000,25,QB,5.195634660332174,-10.430195599013125,-6.978887682371673,17.37015700303602,20.82146491967748
2100,25,QB,6.16619904220238,-10.504953486420735,-6.822763180586398,19.155161264991158,22.8373515708255
2200,25,QB,6.682428585876784,-11.08252989755314,-7.1587485153767,20.523605687130267,24.44738706930672
2300,25,QB,6.99005744325037,-11.912903946838385,-7.7377696204839115,21.717884506984653,25.893018833339134
2400,25,QB,7.428116031676355,-12.653735297712254,-8.218217227721427,23.07444929107414,27.509967361064973
2500,25,QB,7.757092119587292,-13.542424273199497,-8.83795812151487,24.352142360689452,29.05660851237409
2600,25,QB,8.25933897487742,-14.29592923628384,-9.314102706292232,25.83278065604707,30.814607186038693
2700,25,QB,8.84871147766466,-15.001503032173668,-9.733659161786543,27.431082117115864,32.698925987502996
2800,25,QB,9.139356135848482,-16.048116177026778,-10.484909540910662,28.763621812607624,34.32682844872375
2900,25,QB,10.608486527783533,-15.963982192408913,-10.09486867097802,31.311841726545087,37.180955247975994
3000,25,QB,12.607270185711144,-15.405600619943733,-9.218342651901423,34.43288302332371,40.620140991366036
3100,25,QB,13.321845621763119,-16.196518591660173,-9.676739328400599,36.320430571926835,42.84020983518643
3200,25,QB,13.987652420457104,-17.11262198546899,-10.243443101185404,38.21874794209961,45.08792682638322
3300,25,QB,14.16050269505048,-18.61042015598092,-11.372241857981814,39.69324724808278,46.931425546081904
3400,25,QB,14.91108541436035,-19.631707523194315,-12.002172788104737,41.82434361682544,49.45387835191504
3500,25,QB,19.705408053632738,-16.722901938099092,-8.67690933625698,48.08772544352246,56.13371804536459
3600,25,QB,22.537202636473793,-15.902224566550387,-7.412032543786243,52.486437816733826,60.976629839497996
3700,25,QB,25.614519683679127,-14.973297482011276,-6.008586335263402,57.237625702621656,66.20233684936954
3800,25,QB,26.209492637628664,-16.673201667167056,-7.201616485154602,59.62060176041193,69.0921869424244
3900,25,QB,26.907951043656038,-18.41920615998617,-8.40770764122929,62.22360972854136,72.23510824729827
4000,25,QB,31.65493012892712,-16.26347717489459,-5.679644141022983,68.98950439887722,79.57333743274886
4100,25,QB,31.875478081761326,-18.772901462771852,-7.586094081284767,71.33705024480741,82.52385762629453
4200,25,QB,52.59261220568183,-0.9105841850442573,10.90677221804981,94.27845219331385,106.09580859640795
4300,25,QB,52.93175637045695,-3.530430009064439,8.940484342893456,96.92302839802045,109.39394274997838
4400,25,QB,52.36159893794116,-7.135467618248349,6.005766697893755,98.71743117798857,111.8586654941307
4500,25,QB,51.591404422063775,-10.980403350443702,2.8399551162474808,100.34285372788007,114.16321219457129
4600,25,QB,51.538292848550455,-14.10444128994638,0.39419873378547976,102.68238696331542,117.18102698704732
4700,25,QB,51.80648711500207,-16.85294568908799,-1.6880014873456943,105.30097571734984,120.46591991909216
4800,25,QB,51.759606308348076,-19.806195424445484,-3.999315791060063,107.51852840775621,123.32540804114169
4900,25,QB,51.29389933342159,-23.00808859083132,-6.596862122285522,109.18466078912871,125.59588725767455
5000,25,QB,51.353657943734056,-25.452950260726148,-8.488523376087869,111.19583926355598,128.1602661481943
5100,25,QB,51.86409898934723,-27.158514689310323,-9.704634309434958,113.43283228812942,130.8867126680048
5200,25,QB,52.0837420271158,-28.81431587591566,-10.946202435052705,115.1136864892843,132.9817999301473
5300,25,QB,51.42935396548657,-30.958195204727247,-12.761094892966952,115.61980282394009,133.81690313570044
5400,25,QB,52.10849001744806,-31.347139822077565,-12.914130428468468,117.13111046336459,135.56411985697372
5500,25,QB,53.81839896492362,-30.264695848320727,-11.693097029684722,119.32989495953196,137.901493778168
5600,25,QB,54.18657794997524,-30.077898973794255,-11.466237931033042,119.83939383098351,138.4510548737448
5700,25,QB,54.14790252623147,-29.858601004192188,-11.303919053099058,119.59972410556199,138.15440605665518
5800,25,QB,54.496764294955355,-28.839722338024373,-10.433028339190528,119.42655692910124,137.83325092793513
5900,25,QB,57.166908530895476,-25.138808297480672,-6.959782456294697,121.29359951808564,139.4726253592717
6000,25,QB,58.192843768795704,-22.785522898350898,-4.899671502527077,121.2853590401185,139.17121043594236
6100,25,QB,59.810637167213756,-19.610991682475984,-2.068980035603147,121.69025437003066,139.23226601690354
6200,25,QB,61.51616291645073,-16.188298475619057,0.9744390115886716,122.05788682131279,139.22062430852057
6300,25,QB,63.46032981455652,-12.432747721457282,4.329905844530096,122.59075378458294,139.35340735057036
6400,25,QB,64.45315688124467,-9.596115771848062,6.759292976836761,122.14702078565257,138.50242953433744
6500,25,QB,65.49269322350094,-6.73618702597571,9.217148065839801,121.76823838116206,137.72157347297764
6600,25,QB,65.22523601963384,-5.254540240358935,10.312466807074777,120.13800523219291,135.70501227962666
6700,25,QB,65.77234841202794,-3.0702738844192936,12.135131741434506,119.40956508262137,134.6149707084752
6800,25,QB,65.18458605994934,-2.1676838063488333,12.708544741846453,117.66062737805223,132.53685592624754
6900,25,QB,76.66377395553953,10.627659179147074,25.213185959440906,128.11436195163816,142.69988873193202
7000,25,QB,77.36064399293724,12.444662090608276,26.78278291603239,127.9385050698421,142.27662589526625
7100,25,QB,78.09613341407248,14.086618869195632,28.22452646338484,127.96774036476012,142.10564795894936
7200,25,QB,77.88907602743106,14.557647684533684,28.545785043272055,127.23236701159007,141.22050437032846
7300,25,QB,77.92628399627777,15.034546127884305,28.925568185205677,126.92699980734987,140.81802186467127
7400,25,QB,78.05084211577717,15.352291641505403,29.200644018453865,126.90104021310049,140.74939259004898
7500,25,QB,78.41340924800163,15.659639158981456,29.520188001037496,127.30663049496576,141.16717933702182
7600,25,QB,78.41873150735071,15.366230735464079,29.292760812027907,127.54470220267352,141.47123227923737
7700,25,QB,80.21893572818631,16.627176351191153,30.67281353835571,129.7650579180169,143.8106951051815
7800,25,QB,82.31128518717618,17.943094468180774,32.16022357564002,132.46234679871236,146.67947590617163
7900,25,QB,89.54123051088935,24.171153392158118,38.60957112272369,140.47288989905502,154.9113076296206
8000,25,QB,92.02656191481108,25.44582344584525,40.15164233417891,143.90148149544325,158.60730038377696
8100,25,QB,97.9597151086006,29.979207754430092,44.994196354375454,150.92523386282576,165.94022246277115
8200,25,QB,104.75237027515422,35.20407457041949,50.565343672335914,158.9393968779725,174.30066597988898
8300,25,QB,110.56820932047165,39.30875402135078,55.047970314342685,166.08844832660063,181.82766461959255
8400,25,QB,117.87710665995087,44.79080505210558,60.93352048870407,174.82069283119768,190.96340826779618
8500,25,QB,125.12265154515603,50.12436872422177,66.68938721849344,183.55591587181863,200.12093436609035
8600,25,QB,131.72554667785312,54.76315532326737,71.76199033921029,191.68910301649595,208.68793803243892
8700,25,QB,132.84162290502715,53.89678939111741,71.33349031275623,194.34975549729808,211.78645641893695
8800,25,QB,132.1498108328264,51.23872461563832,69.10971564591847,195.18990601973434,213.06089705001455
8900,25,QB,131.02345344699847,48.19894558977637,66.49255782766711,195.55434906632985,213.84796130422063
9000,25,QB,130.49494224185534,45.844859662914075,64.54169018648417,196.4481942972265,215.14502482079666
9100,25,QB,128.63111345532374,42.27921582567255,61.351929592545005,195.9102973181025,214.98301108497498
9200,25,QB,129.5507989652951,41.65853479207739,61.07147235238068,198.0301255782095,217.44306313851283
9300,25,QB,130.11143502289204,40.87915810861338,60.58806692323502,199.63480312254904,219.34371193717075
9400,25,QB,130.60156460845283,40.26904107557233,60.22096352863839,200.9821656882673,220.9340881413334
9500,25,QB,131.82387715228109,40.66985799375679,60.80322580423514,202.84452850032704,222.97789631080542
9600,25,QB,132.3141640205652,40.646075668677994,60.89298695475463,203.73534108637574,223.98225237245242
9700,25,QB,132.35082982273602,40.48144351637602,60.77281587827038,203.92884376720167,224.22021612909606
9800,25,QB,132.3432858765341,40.57464771916452,60.84376763888932,203.8428041141789,224.11192403390376
9900,25,QB,132.72303431569796,41.33820409331736,61.52255159823207,203.92351703316385,224.10786453807862
10000,25,QB,132.94431289253473,42.20488685290083,62.24668266434536,203.64194312072408,223.6837389321687
100,26,QB,1.3754583352229206,-3.456423392261051,-2.3891961549520424,5.140112825397884,6.207340062706895
200,26,QB,1.3754583352229206,-3.62740316439333,-2.52241128793545,5.273327958381291,6.378319834839174
300,26,QB,1.1792385653131272,-4.002049201308759,-2.85764796370765,5.216125094333904,6.3605263319350165
400,26,QB,0.9336795193516989,-4.435300839574983,-3.2494435693045647,5.116802608007963,6.3026598782783845
500,26,QB,0.8642943447993764,-4.703977414579878,-3.474102260031653,5.202690949630406,6.432566104178634
600,26,QB,0.668379829512088,-5.113797076877965,-3.8366762710564446,5.173435930080621,6.450556735902144
700,26,QB,0.6831402541862395,-5.331329870262545,-4.002902003685726,5.369182512058204,6.6976103786350265
800,26,QB,0.5283542026587148,-5.7413632358842435,-4.356558392134783,5.413266797452213,6.798071641201677
900,26,QB,0.4484140269853016,-6.104870595570355,-4.657433709181276,5.554261763151879,7.001698649540962
1000,26,QB,0.48657988511008887,-6.384378825177208,-4.8667766371239605,5.839936407344139,7.35753859539739
1100,26,QB,0.6566276655201574,-6.572026468426448,-4.975419387389452,6.288674718429767,7.8852817994667666
1200,26,QB,0.780720041198556,-6.851422952310642,-5.1656964918760515,6.727136574273164,8.412863034707758
1300,26,QB,1.121145954075015,-6.965551993888685,-5.179427085063221,7.421718993213251,9.207843902038718
1400,26,QB,1.533191847652483,-7.062873715118514,-5.1642437776137715,8.230627472918737,10.129257410423486
1500,26,QB,1.919510187914276,-7.242513928522354,-5.218879610172699,9.057899986001251,11.08153430435091
1600,26,QB,2.2467009519434535,-7.537982149802313,-5.376819914554924,9.87022181844183,12.031384053689226
1700,26,QB,2.674618239545705,-7.788025330347448,-5.477120630728438,10.826357109819847,13.137261809438863
1800,26,QB,3.0539915182106334,-8.139143516151757,-5.666893727502748,11.774876763924015,14.247126552573029
1900,26,QB,4.205236338587201,-7.767052769525622,-5.122709685455718,13.533182362630122,16.17752544670003
2000,26,QB,5.1144003359609895,-7.68114188095467,-4.854965260704399,15.083765932626378,17.909942552876657
2100,26,QB,6.084964717831204,-7.573356476861665,-4.556616163873633,16.72654559953604,19.74328591252408
2200,26,QB,6.601194261505607,-7.955400450919599,-4.740256696219736,17.94264521923095,21.15778897393082
2300,26,QB,6.996039055129499,-8.491156532829386,-5.070469129206165,19.06254723946516,22.483234643088394
2400,26,QB,7.44299093938436,-9.005014124693286,-5.372110839016078,20.2580927177848,23.89099600346201
2500,26,QB,8.424651633141552,-9.013547569233689,-5.16193815327105,22.011241419554153,25.862850835516802
2600,26,QB,8.522573360660022,-9.935979557426883,-5.859002605892556,22.9041493272126,26.981126278746938
2700,26,QB,8.914929426493321,-10.596726050544357,-6.287148261907728,24.11700711489437,28.42658490353101
2800,26,QB,9.403594089759848,-11.198560737546158,-6.648122208826772,25.45531038834647,30.005748917065866
2900,26,QB,12.083072562470859,-9.653610271759584,-4.852586306813029,29.018731431754745,33.81975539670132
3000,26,QB,12.65949566932484,-10.264110462703567,-5.200928410401215,30.519919749050896,35.583101801353266
3100,26,QB,13.351051351662933,-10.821598930842471,-5.482538036057635,32.184640739383504,37.523701634168354
3200,26,QB,14.550879959162788,-10.943335286255959,-5.31237773425952,34.4141376525851,40.04509520458155
3300,26,QB,14.613290179485176,-12.285419042166318,-6.344248138393052,35.57082849736341,41.511999401136684
3400,26,QB,15.80305111552488,-12.593260713948414,-6.321311371489177,37.927413602538934,44.19936294499819
3500,26,QB,22.31467966285882,-7.682125314229115,-1.0566718968366935,45.686031222554334,52.31148463994677
3600,26,QB,25.573161275757123,-6.136074842118521,0.8676066153084001,50.27871593620584,57.282397393632785
3700,26,QB,25.634319440914666,-7.90469894313604,-0.49686987139574157,51.76550875322508,59.173337824965394
3800,26,QB,26.57317386402989,-8.912520609895985,-1.0747253546881161,54.22107308274789,62.058868337955786
3900,26,QB,31.655059495170597,-5.889120214090397,2.4033367308381024,60.90678225950309,69.1992392044316
4000,26,QB,52.89376716916318,13.18946713816424,21.959034114596726,83.82850022372963,92.59806720016215
4100,26,QB,53.63015637539601,11.679634695831666,20.945329073468244,86.31498367732378,95.58067805496037
4200,26,QB,53.01226438686722,8.751502431584647,18.527464130739176,87.49706464299527,97.27302634214982
4300,26,QB,52.533739049372286,5.927484812896822,16.221500013474802,88.84597808526976,99.13999328584778
4400,26,QB,52.01376205053406,3.062179720039431,13.874212157696313,90.15331194337182,100.96534438102873
4500,26,QB,51.512320129514535,0.25701882159663825,11.577878208768276,91.44676205026079,102.76762143743247
4600,26,QB,51.44996027407717,-2.021048362863354,9.789198667633208,93.11072188052114,104.92096891101772
4700,26,QB,51.73928330020182,-3.809563757012228,8.459619539293499,95.01894706111014,107.2881303574159
4800,26,QB,51.5103817030227,-5.927218044886942,6.7591377795842575,96.26162562646115,108.94798145093237
4900,26,QB,50.93448375540787,-8.154951382322878,4.896248579276232,96.9727189315395,110.02391889313864
5000,26,QB,51.08033991028099,-9.381128139077454,3.9731154350017803,98.1875643855602,111.54180795963947
5100,26,QB,51.92141156205374,-9.595273558132156,3.992037889453769,99.85078523465371,113.43809668223966
5200,26,QB,52.824907003240746,-9.40219344339016,4.342028837064738,101.30778516941675,115.05200744987168
5300,26,QB,53.812199848650884,-8.76678936029625,5.0551552844107945,102.56924441289098,116.39118905759806
5400,26,QB,53.8254376780026,-8.745014907611754,5.075044236280249,102.57583111972495,116.39589026361699
5500,26,QB,53.574410815619416,-8.636268769197038,5.104326603155208,102.04449502808362,115.7850904004359
5600,26,QB,53.765131350276754,-7.76290777746383,5.8269114521412675,101.70335124841225,115.29317047801737
5700,26,QB,53.82901723101141,-6.74102311589855,6.637201035458716,101.02083342656411,114.39905757792141
5800,26,QB,54.26657617752159,-5.125654709625252,7.992424345739785,100.5407280093034,113.65880706466848
5900,26,QB,56.92873382725219,-1.1234133373942896,11.69867878584202,102.15878886866236,114.98088099189869
6000,26,QB,57.87448095004698,1.267269429682898,13.770215770238842,101.97874612985512,114.48169247041109
6100,26,QB,59.42985492338218,4.318427967663126,16.4909974243116,102.36871242245276,114.54128187910126
6200,26,QB,61.57830232688635,7.964100478549533,19.805974875777906,103.3506297779948,115.1925041752232
6300,26,QB,62.8459493779351,10.68733158489799,22.20770826392426,103.48419049194594,115.00456717097224
6400,26,QB,62.50399859376393,11.72321678196218,22.939268113090407,102.06872907443746,113.28478040556571
6500,26,QB,61.95637599496532,12.445343232671505,23.380942589473833,100.53180940045681,111.46740875725916
6600,26,QB,62.860093844268,14.4860586209739,25.170527091133927,100.54966059740207,111.23412906756212
6700,26,QB,63.37619134996365,15.98779516616672,26.45456359968818,100.29781910023911,110.7645875337606
6800,26,QB,64.89007940106251,18.32134061468416,28.607069703883255,101.17308909824176,111.45881818744088
6900,26,QB,76.49814815812155,30.571102960819026,40.71509992268294,112.28119639356017,122.4251933554241
7000,26,QB,77.38919941360697,31.917754172481693,41.96112187436528,112.81727695284866,122.86064465473228
7100,26,QB,78.50139608101463,33.293731627811326,43.2788375473446,113.72395461468466,123.70906053421797
7200,26,QB,78.20770964038218,33.070088315996266,43.03972367166307,113.37569560910129,123.34533096476811
7300,26,QB,78.26929915919928,33.01275563553696,43.00865757166797,113.52994074673059,123.52584268286162
7400,26,QB,78.45403002821328,32.89330988865474,42.956395913251825,113.95166414317474,124.01475016777185
7500,26,QB,79.022466178633593,32.97596857259167,43.146349223328535,114.89858313393864,125.06896378467555
7600,26,QB,85.48859717788349,38.78503252202126,49.100540866657965,121.87665348910902,132.19216183374576
7700,26,QB,88.76583977329419,41.24839720168741,51.74366836514194,125.78801118144644,136.28328234490098
7800,26,QB,92.7954486065276,44.324078159784165,55.03004525252508,130.56085196053013,141.26681905327106
7900,26,QB,98.94196390240718,49.39458226767445,60.33821007154982,137.54571773326455,148.48934553713994
8000,26,QB,103.90001973634305,53.1753700054151,64.37902333324482,143.4210161394413,154.62466946727105
8100,26,QB,112.64347445590022,60.6634006650166,72.14434197850557,153.14260693329487,164.62354824678386
8200,26,QB,117.45039505916154,64.1620087302583,75.93191961176159,158.96887050656147,170.7387813880648
8300,26,QB,119.75052981756929,65.12783190065895,77.19245481157273,162.30860482356584,174.37322773447966
8400,26,QB,122.51936211264703,66.56326154533292,78.92239572681787,166.1163284984762,178.47546267996117
8500,26,QB,129.5674836953591,72.30691694213786,84.95417114026768,174.18079625045053,186.82805044858037
8600,26,QB,133.4224825454839,74.91478799691707,87.83749776839574,179.00746732257204,191.93017709405075
8700,26,QB,134.44599644946388,74.77572428800592,87.95521486744718,180.93677803148057,194.11626861092188
8800,26,QB,133.24657154431227,72.52663106024704,85.93796395024302,180.55517913838153,193.96651202837754
8900,26,QB,133.38061421071504,71.75325818356168,85.36501373242217,181.3962146890079,195.00797023786845
9000,26,QB,132.9592334014914,70.59649040133236,84.37067231983882,181.54779448314395,195.32197640165043
9100,26,QB,131.38417556029654,68.48760701681253,82.37969603485894,180.38865508573414,194.2807441037806
9200,26,QB,130.9263161496801,67.72340886197958,81.68315952203417,180.16947277732604,194.12922343738066
9300,26,QB,130.88591846161196,67.61238667268421,81.58773630547489,180.18410061774904,194.15945025053975
9400,26,QB,131.46353946027824,68.34880940720464,82.28908418771334,180.63799473284314,194.57826951335187
9500,26,QB,132.39698074024545,69.65518452361391,83.5130886728836,181.2808728076073,195.13877695687702
9600,26,QB,132.83086129767187,70.65852548174543,84.39065179031498,181.27107080502878,195.00319711359833
9700,26,QB,132.88017546262162,71.45479015608672,85.02193603394535,180.7384148912979,194.30556076915656
9800,26,QB,132.78529683110156,72.26437769220877,85.63175234556874,179.93884131663438,193.30621596999438
9900,26,QB,133.09538802297092,73.61599708450126,86.75332735213166,179.43744869381018,192.57477896144061
10000,26,QB,133.1971995370809,74.87588101151769,87.7574255435826,178.6369735305792,191.51851806264415
100,27,QB,7.687139197544736,0.33375127987215336,1.9579085574811774,13.416369837608295,15.040527115217323
200,27,QB,7.687139197544736,0.06901168067552987,1.751642515170233,13.62263587991924,15.305266714413946
300,27,QB,7.4909194276349425,-0.4037939382238731,1.3399269576887143,13.64191189758117,15.385632793493762
400,27,QB,7.299266828015056,-0.8870430813244417,0.9210833176735438,13.677450338356568,15.485576737354556
500,27,QB,7.229881653462733,-1.2670583014213515,0.6096775677642121,13.850085739161253,15.726821608346821
600,27,QB,7.0339671381754405,-1.7979314462471967,0.15278739540681485,13.915146880944066,15.865865722598084
700,27,QB,6.9997698173673895,-2.197992753490724,-0.16646481229823706,14.166004447033016,16.197532388225508
800,27,QB,6.85728788641655,-2.7452405850213175,-0.6243112018656465,14.338886974698747,16.45981635785442
900,27,QB,6.873686785983129,-3.1817448802116397,-0.9607818760839342,14.708155448050192,16.929118452177903
1000,27,QB,6.870274149097647,-3.6959331377015348,-1.3621541158799753,15.10270241407527,17.436481435896837
1100,27,QB,7.058703823137051,-4.085915500818368,-1.624381472716479,15.741789118990582,18.203323147092476
1200,27,QB,7.294350784549086,-4.505627181018487,-1.8993427985037394,16.488044367601912,19.094328750116667
1300,27,QB,7.5118738499575555,-5.028118626192591,-2.258385780689726,17.282133480604838,20.05186632610771
1400,27,QB,7.92391974353502,-5.445155286149417,-2.492301343522712,18.340140830592752,21.292994773219462
1500,27,QB,8.310238083796815,-5.978187054302946,-2.822274441853475,19.442750609447103,22.598663221896583
1600,27,QB,8.63742884782599,-6.659054116964089,-3.2804897861774176,20.5553474818294,23.933911812616078
1700,27,QB,9.065346135428237,-7.32384200803393,-3.7039297314988637,21.83462200235534,25.454534278890414
1800,27,QB,9.444719414093166,-8.115638674730652,-4.237047784830914,23.126486613017246,27.005077502916997
1900,27,QB,10.599040821153817,-8.203322728372136,-4.050407645268676,25.248489287576312,29.40140437067978
2000,27,QB,12.014700371802919,-8.092434232744859,-3.6513317959544977,27.680732539560335,32.12183497635071
2100,27,QB,12.732762504503706,-8.734654914121824,-3.993104132048172,29.45862914105558,34.20017992312925
2200,27,QB,13.340777351813689,-9.536582599918557,-4.4836150325761395,31.165169736203516,36.218137303545944
2300,27,QB,13.74451544126645,-10.58833039788981,-5.213886794877407,32.70291767741031,38.07736128042272
2400,27,QB,14.844151931367577,-10.987839089150913,-5.282276336195363,34.97058019893052,40.67614295188608
2500,27,QB,15.434412664316785,-11.941179565511163,-5.894678572128939,36.76350390076251,42.81000489414475
2600,27,QB,15.368626964532812,-13.59891961973257,-7.2008005314900245,37.93805446055565,44.33617354879821
2700,27,QB,15.959003035448834,-14.656261349307993,-7.894207584005578,39.812213654903246,46.57426742020568
2800,27,QB,17.658015779491322,-14.671514525706307,-7.530827468972383,42.84685902795503,49.987546084688965
2900,27,QB,18.915133701128678,-15.20889905423547,-7.671856705661092,45.50212410791845,53.039166456492836
3000,27,QB,19.478608104407293,-16.536043462541087,-8.581416412003794,47.538632620818376,55.493259671355695
3100,27,QB,20.593745541280253,-17.424425782977732,-9.027277376148682,50.21476845870919,58.61191686553826
3200,27,QB,22.232888315212943,-17.918362770929004,-9.050076834328387,53.51585346475427,62.384139401354915
3300,27,QB,24.947292875506236,-17.48261918842072,-8.111040912056723,58.005626663069194,67.37720493943321
3400,27,QB,28.299688505577432,-16.569820525664642,-6.659403660440791,63.25878067159566,73.16919753681952
3500,27,QB,32.22184520092082,-15.261202303236438,-4.773528046097397,69.21721844793903,79.7048927050781
3600,27,QB,32.80804940093704,-17.467454439693803,-6.3630048495971465,71.97910365147122,83.0835532415679
3700,27,QB,32.806685078114185,-20.435669631301764,-8.6759258442898,74.28929600051816,86.04903978753016
3800,27,QB,38.12896672634271,-18.24220644412263,-5.79139435897045,82.04932781165587,94.5001398968081
3900,27,QB,59.70258094620495,0.061732276405656705,13.234724031271767,106.17043786113813,119.34342961600427
4000,27,QB,60.17557010261525,-2.8446314039335476,11.07476467025652,109.27637553497397,123.19577160916407
4100,27,QB,60.34265171398108,-6.124288734221501,8.556395361052218,112.12890806690993,126.80959216218369
4200,27,QB,59.47639781804928,-10.451255599069569,4.993802988222015,113.95899264787654,129.40405123516817
4300,27,QB,59.29641482163497,-14.04199173197631,2.1564066207108326,116.4364230225591,132.6348213752463
4400,27,QB,58.74664807657406,-17.87996459945974,-0.955293681826582,118.44858983497471,135.3732607526079
4500,27,QB,58.269394727477945,-21.443739656121195,-3.837342607626283,120.37613206258217,137.98252911107713
4600,27,QB,58.00977076265055,-24.506173146540974,-6.280714035809112,122.3002555611102,140.52571467184214
4700,27,QB,58.00426253517614,-26.952267796453313,-8.187751553959117,124.1962766243114,142.96079286680566
4800,27,QB,58.05044627652708,-28.915112727270383,-9.706858363605548,125.80775091665971,145.01600528032458
4900,27,QB,57.862999547205405,-30.62014398060242,-11.07669773305308,126.80269682746389,146.3461430750133
5000,27,QB,58.70299869466596,-30.76087619796386,-11.000813881550961,128.40681127088288,148.1668735872958
5100,27,QB,61.18575125347805,-28.699983481299434,-8.846744150369382,131.2182466573255,151.07148598825557
5200,27,QB,61.42345814772741,-28.32371324482775,-8.501078672302917,131.34799496775773,151.17062954028262
5300,27,QB,60.449705507606716,-28.615506789709237,-8.943497866200211,129.84290888141365,149.5149178049227
5400,27,QB,60.28729769626937,-27.601155115388927,-8.189059378022726,128.76365477056146,148.17575050792772
5500,27,QB,60.12907953987835,-26.167223542409886,-7.106789052750315,127.36494813250701,146.42538262216664
5600,27,QB,60.408497252321936,-23.971275543741683,-5.334148874501707,126.15114337914558,144.78827004838558
5700,27,QB,60.392195017951124,-21.84032125893232,-3.6774633677801063,124.46185340368235,142.6247112948346
5800,27,QB,60.76733453937844,-19.17899951126161,-1.5210951928387502,123.05576427159562,140.71366859001853
5900,27,QB,63.59948973773309,-14.00690323501069,3.1341736871982633,124.0648057882679,141.2058827104769
6000,27,QB,64.1000445043645,-11.189177134997394,5.440101589331306,122.7599874193977,139.38926614372645
6100,27,QB,64.53296906396508,-8.526763657962618,7.610083456455115,121.45585467147505,137.5927017858928
6200,27,QB,66.50403436281873,-4.46742970051767,11.208177400803166,121.79989132483429,137.47549842615516
6300,27,QB,66.24371796327601,-2.8250653709681615,12.430292888904397,120.05714303764762,135.3125012975202
6400,27,QB,67.08983189757386,-0.29552990281973734,14.588007726059573,119.59165606908815,134.47519369796748
6500,27,QB,68.820079687133,2.8735054658060903,17.439255247282645,120.20090412698336,134.76665390845994
6600,27,QB,69.50278335759603,4.730759663605227,19.03708415591572,119.96848255927634,134.27480705158686
6700,27,QB,70.1925559184199,6.316251169950263,20.424736453946423,119.96037538289337,134.06886066688958
6800,27,QB,72.10002184993431,8.832028925110052,22.806155178073084,121.39388852179553,135.3680147747586
6900,27,QB,83.72186549058894,20.769460907938438,34.67388254196817,132.7698484392097,146.67427007323948
7000,27,QB,84.63729829604475,21.714130559476402,35.61209459370719,133.6625019983823,147.56046603261314
7100,27,QB,85.75478038680974,22.582918524460105,36.53581212024926,134.97374865337022,148.92664224915941
7200,27,QB,85.85451084573279,22.16227599375585,36.23010539704445,135.47891629442114,149.54674569770975
7300,27,QB,92.31662926840652,27.84706391707587,42.08658383931541,142.54667469749762,156.7861946197372
7400,27,QB,93.96700267080779,28.485985425894256,42.94890672071282,144.98509862090276,159.44801991572135
7500,27,QB,96.48908274496388,29.789352401653645,44.52145325972105,148.4567122302067,163.18881308827417
7600,27,QB,101.8443704187053,33.74723239975518,48.78798144442547,154.90075939298512,169.94150843765544
7700,27,QB,107.60016211682664,37.95962137097257,53.341264816869575,161.8590594167837,177.24070286268073
7800,27,QB,114.43447040821451,43.14075175970889,58.8875358661878,169.98140495024123,185.72818905672017
7900,27,QB,118.59476003834983,45.577483421677826,61.70495317247732,175.48456690422233,191.61203665502188
8000,27,QB,120.03711158537601,45.267541676301164,61.78204389910199,178.29217927165,194.80668149445088
8100,27,QB,124.23243841960392,47.72323051770759,64.62197001155673,183.84290682765112,200.7416463215003
8200,27,QB,126.08178568949377,47.88859929740961,65.15928243829558,187.00428894069196,204.27497208157797
8300,27,QB,128.2102263119021,48.43131122371071,66.0522373860353,190.36821523776888,207.9891414000935
8400,27,QB,130.45514997188442,49.22978478478316,67.17019123036559,193.74010871340326,211.6805151589857
8500,27,QB,139.09289875141903,56.602949369705,74.82266701793642,203.36313048490163,221.5828481331331
8600,27,QB,142.5359065135709,59.0068250300633,77.456057832999,207.6157551941428,226.06498799707853
8700,27,QB,143.67021844706153,59.37107447408985,77.99039249631215,209.3500443978109,227.96936242003324
8800,27,QB,142.75956448724682,58.00180753888513,76.72242031257777,208.7967086619159,227.51732143560855
8900,27,QB,141.4749856296957,56.59901993544918,75.34574170774972,207.6042295516417,226.3509513239423
9000,27,QB,140.452571074807,55.79922462597234,74.49677604691654,206.40836610269747,225.1059175236417
9100,27,QB,138.50756262052926,54.398597336556875,72.97591021703465,204.03921502402386,222.61652790450168
9200,27,QB,137.91349621621944,54.64376087952563,73.03571138803007,202.79128104440883,221.1832315529133
9300,27,QB,137.89490596765367,55.72991237887909,73.8778564008701,201.91195553443725,220.0598995564283
9400,27,QB,138.41627662222598,57.590622631374174,75.44274407749803,201.3898091669539,219.24193061307784
9500,27,QB,139.27268632723082,59.989261455716374,77.50074771762911,201.04462493683252,218.5561111987453
9600,27,QB,139.35012932225456,61.78002691114669,78.91308826550456,199.78717037900458,216.92023173336247
9700,27,QB,139.4100117920655,63.69305886546621,80.4168114419574,198.40321214217357,215.1269647186648
9800,27,QB,139.37973194404373,65.62554036857138,81.91577397824986,196.8436899098376,213.1339235195161
9900,27,QB,139.71750526549374,68.00694511762568,83.84579782736321,195.58921270362427,211.42806541336182
10000,27,QB,139.67085346431998,70.05785095072476,85.43341197300472,193.90829495563523,209.28385597791524
100,28,QB,12.195573935847603,0.1560244893299565,2.8152234968650305,21.575924374830176,24.23512338236526
200,28,QB,12.195573935847603,-0.28486140020351236,2.471716942421441,21.919430929273766,24.676009271898725
300,28,QB,11.999354165937811,-0.9422707702203539,1.9161714280528592,22.082536903822763,24.940979102095984
400,28,QB,11.807701566317917,-1.6212910227312598,1.344797029286699,22.270606103349134,25.2366941553671
500,28,QB,11.738316391765592,-2.2116929941122336,0.8694730643702115,22.607159719160972,25.688325777643424
600,28,QB,11.53697378748383,-2.977636703879279,0.2282339131939306,22.84571366177373,26.05158427884695
700,28,QB,11.502776466675774,-3.632319689758601,-0.2894011813106445,23.294954114662193,26.63787262311016
800,28,QB,11.360294535724938,-4.466134967508772,-0.970520300633023,23.6911093720829,27.18672403895866
900,28,QB,11.376693435291513,-5.228810614134124,-1.5611202172460175,24.314507087829043,27.98219748471716
1000,28,QB,11.37328079840603,-6.116519884941871,-2.2535131482074373,25.000074745019496,28.863081481753945
1100,28,QB,11.576682793394301,-6.919787719955256,-2.8344358344469853,25.987801421235588,30.073153306743865
1200,28,QB,11.812329754806333,-7.828904911233062,-3.4907067118143456,27.11536622142701,31.453564420845737
1300,28,QB,12.087757439358672,-8.847504751690657,-4.2234921432265295,28.399007021943873,33.023019630408015
1400,28,QB,12.519945987967942,-9.863284216216426,-4.919456059788834,29.959348035724716,34.90317619215232
1500,28,QB,12.96401518809687,-11.02025831904098,-5.722804573786554,31.650834949980293,36.94828869523473
1600,28,QB,13.476248794085585,-12.256370599364178,-6.5727562534692225,33.52525384164039,39.20886818753536
1700,28,QB,13.861961852697247,-13.756199714057148,-7.6561219532984826,35.38004565869298,41.48012341945166
1800,28,QB,14.3972298880255,-15.230338054597883,-8.686438748507967,37.48089852455897,44.02479783064889
1900,28,QB,15.69719246686744,-16.048701118108774,-9.036923053697878,40.43130798743276,47.44308605184367
2000,28,QB,16.860349768347113,-17.098795503683135,-9.59817217842722,43.318871715121446,50.81949504037738
2100,28,QB,17.41726739810981,-18.838392599663447,-10.83053354215578,45.665068338375406,53.67292739588308
2200,28,QB,18.07399139231644,-20.5528770465428,-12.021284508708057,48.16926729334094,56.70085983117569
2300,28,QB,19.127073333154488,-21.94116159192524,-12.870339628103572,51.12448629441255,60.195308258234235
2400,28,QB,19.83530986244761,-23.744669083335047,-14.119073268821872,53.78969299371709,63.41528880823029
2500,28,QB,20.248938001130735,-25.919016915347637,-15.721809749149767,56.219685751411234,66.41689291760913
2600,28,QB,20.347863296777977,-28.496568186514015,-17.70820236759594,58.40392896115189,69.19229478007
2700,28,QB,22.143664576468147,-29.48420596639768,-18.0810564782374,62.368385631173695,73.771535119334
2800,28,QB,22.43693997104222,-32.1051055708012,-20.05829650887621,64.93217645096065,76.97898551288567
2900,28,QB,23.654414937360496,-33.960216504903855,-21.23475934129853,68.54358921601953,81.26904637962487
3000,28,QB,24.651566761896053,-36.223167166542424,-22.77764474350131,72.08077826729341,85.52630069033457
3100,28,QB,26.205882415498856,-38.14515937809545,-23.931817987577723,76.34358281857544,90.55692420909318
3200,28,QB,29.574336067206293,-38.49646661380221,-23.461534307111062,82.61020644152364,97.64513874821482
3300,28,QB,32.715041408066305,-39.34482620052558,-23.428821263704506,88.85890407983712,104.77490901665823
3400,28,QB,33.05127815608971,-43.28666940383496,-26.425756519147917,92.52831283132733,109.38922571601442
3500,28,QB,37.31902241389754,-43.58916293193802,-25.71881262282902,100.3568574506241,118.22720775973315
3600,28,QB,42.288653839027134,-43.468925467124635,-24.527479959336972,109.10478763739124,128.04623314517895
3700,28,QB,63.571034064708,-27.287109016375652,-7.219091938080311,134.36116006749631,154.4291771457917
3800,28,QB,64.61932578407584,-31.546504457453878,-10.306168058401283,139.54481962655296,160.7851560256056
3900,28,QB,64.87448386485468,-36.7427843069695,-14.298378071393998,144.04734580110335,166.49175203667892
4000,28,QB,64.52980351899492,-42.599342326176256,-18.937516808946597,147.99712384693646,171.65894936416618
4100,28,QB,64.74706556403837,-47.85156706599085,-22.98168522616953,152.47581635424626,177.34569819406767
4200,28,QB,64.14956426296443,-53.75627979975005,-27.714183714099335,156.0133122400282,182.05540832567897
4300,28,QB,63.96590017089661,-58.95168256025489,-31.80263388037833,159.73443422217156,186.88348290204817
4400,28,QB,63.271265492709155,-64.22194720515785,-36.06227011926092,162.60480110467924,190.76447819057623
4500,28,QB,62.49449381978322,-68.99850433037918,-39.955386750936746,164.94437439050319,193.98749196994572
4600,28,QB,62.51464226371659,-72.27865022995849,-42.506590136360664,167.53587466379383,197.3079347573917
4700,28,QB,62.89637426135183,-74.39042092108818,-44.06761597572456,169.86036449842823,200.18316944379194
4800,28,QB,63.61100553574287,-75.27871356930106,-44.60186765894303,171.82387873042876,202.50072464078684
4900,28,QB,65.06523971346056,-74.49204008771244,-43.66774873111895,173.79822815804005,204.6225195146336
5000,28,QB,65.23945031398343,-74.04486609434336,-43.28086470014212,173.75976532810898,204.5237667223103
5100,28,QB,65.76115738726472,-72.3370686632341,-41.83504138329636,173.3573561578258,203.85938343776363
5200,28,QB,65.82321864082505,-70.25548714935053,-40.19951528833063,171.84595256998074,201.9019244310007
5300,28,QB,64.96480465448239,-68.39741831203735,-38.94144136450991,168.8710506734747,198.32702762100217
5400,28,QB,64.89109402093135,-65.21689789601493,-36.47968937215292,166.2618774140156,194.99908593787768
5500,28,QB,64.63517629004258,-61.84405413751185,-33.90833731348778,163.17868989357294,191.1144067175971
5600,28,QB,64.85217457740328,-57.78278076195217,-30.696156550956687,160.40050570576324,187.48712991675876
5700,28,QB,65.2693615379013,-53.45201122070816,-27.229787705175283,157.7685107809779,183.99073429651082
5800,28,QB,64.97824136674173,-49.88986883172643,-24.51872300985788,154.47520574334135,179.84635156520994
5900,28,QB,66.44519507883504,-44.737983629704985,-20.18073588636345,153.07112604403352,177.62837378737515
6000,28,QB,65.3483307499414,-42.40605575269291,-18.606132099550265,149.30279359943307,173.10271725257576
6100,28,QB,66.96526074480197,-37.687564382874484,-14.572688701562925,148.50321019116686,171.61808587247847
6200,28,QB,68.87816083638819,-33.052063238811755,-10.538533816246911,148.2948554890233,170.80838491158818
6300,28,QB,70.71461794440991,-28.910159305472746,-6.905838465591344,148.33507435441118,170.3393951942926
6400,28,QB,71.67272307487727,-26.09285289917844,-4.499177508235917,147.84462365799044,169.438299048933
6500,28,QB,73.62032875967182,-22.750757556223235,-1.4650858436136502,148.7057433629573,169.99141507556692
6600,28,QB,74.6797396764072,-20.772152054395747,0.3104953391338938,149.0489840136805,170.1316314072102
6700,28,QB,75.44142369738583,-19.56561487591533,1.4187769242316506,149.46407047054,170.44846227068703
6800,28,QB,77.31154642352135,-17.7075626504146,3.279495184989841,151.34359766205284,172.33065549745737
6900,28,QB,89.0814732968978,-6.39297582976333,14.694653860233899,163.4682927335617,184.55592242355897
7000,28,QB,96.3639243796245,0.009249539603970902,21.29129641720195,171.43655234204707,192.7185992196451
7100,28,QB,99.09707839748597,1.4733054370137069,23.035660516954422,175.15849627801754,196.72085135795828
7200,28,QB,101.19148567164208,1.954599321677776,23.873245934240543,178.50972540904363,200.42837202160644
7300,28,QB,106.45383162075038,5.308202140962109,27.648436609367394,185.25922663213336,207.5994611005387
7400,28,QB,110.51963452732058,7.223325871242977,30.038585086755305,191.00068396788583,213.81594318339825
7500,28,QB,115.85201612724441,10.223208822811799,33.5536516104616,198.15038064402722,221.4808234316771
7600,28,QB,119.24434862699752,11.166436962453645,35.03781825554239,203.45087899845265,227.32226029154145
7700,28,QB,121.48416876323724,10.909715440763776,35.33251280872537,207.6358247177491,232.05862208571074
7800,28,QB,123.77841201022356,10.728941688968547,35.69840093792736,211.85842308251978,236.82788233147863
7900,28,QB,124.97845706618523,9.54587881071437,35.04169980449319,214.91521432787727,240.41103532165613
8000,28,QB,126.32791159989435,8.674264532439906,34.66065737084887,217.99516582893983,243.98155866734885
8100,28,QB,130.0233177544403,10.377262017566451,36.8037220843929,223.2429134244877,249.66937349131425
8200,28,QB,133.13205912643346,11.790860668390906,38.59173024794758,227.67238800491936,254.47325758447607
8300,28,QB,135.4449618978003,12.775634635195715,39.86985064060154,231.02007315499907,258.11428916040495
8400,28,QB,137.97825979222196,14.416978115913139,41.70820185007369,234.24831773437023,261.53954146853084
8500,28,QB,145.23343130304488,21.282329736649146,48.65965375798751,241.80720884810225,269.18453286944066
8600,28,QB,148.6218335151938,24.8209638540866,52.16510585850499,245.0785611718826,272.42270317630107
8700,28,QB,149.17938554764135,26.060472198165087,53.25398916838871,245.10478192689396,272.29829889711766
8800,28,QB,147.97986032396557,26.036350797478008,52.970254009443536,242.9894666384876,269.9233698504532
8900,28,QB,146.65420646242902,26.331966591008154,52.90777677990404,240.40063614495398,266.97644633384994
9000,28,QB,145.6090657045044,27.303032605898508,53.43351923239099,237.78461217661777,263.9150988031103
9100,28,QB,143.65508453294638,27.707392844267915,53.316987956956964,233.9931811089358,259.6027762216249
9200,28,QB,142.97427824349518,29.673728761187334,54.698644359144126,231.24991212784624,256.2748277258031
9300,28,QB,142.59925043252684,32.18196049658253,56.570044877705584,228.6284559873481,253.01654036847123
9400,28,QB,143.140868252084,35.79192485869615,59.50229749346312,226.7794390107049,250.48981164547192
9500,28,QB,144.02760652390094,39.883535055855575,62.88604131397729,225.1691717338246,248.17167799194635
9600,28,QB,144.24879850975245,43.40066071973972,65.67518761248238,222.82240940702252,245.09693629976522
9700,28,QB,144.15566223133126,46.652605209304866,68.18829752207685,220.12302694058567,241.6587192533577
9800,28,QB,144.06682038969166,49.91991152316842,70.71432478028305,217.41931599910026,238.21372925621495
9900,28,QB,144.3565767142837,53.54277693019192,73.60099981711197,215.11215361145543,235.17037649837553
10000,28,QB,144.46552051466605,56.93166766689035,76.26544221157262,212.66559881775947,231.99937336244182
100,29,QB,12.921531972262075,0.356148072597664,3.131489171840336,22.711574772683814,25.48691587192649
200,29,QB,12.921531972262075,-0.11176269337842903,2.7669267786605776,23.07613716586357,25.954826637902585
300,29,QB,12.725312202352283,-0.7981049810547276,2.1888388171619297,23.261785587542636,26.2487293857593
400,29,QB,12.533659602732394,-1.508998173302711,1.5926313176570357,23.474687887807754,26.576317378767506
500,29,QB,12.464274428180058,-2.135590208659991,1.0891106594992426,23.839438196860876,27.064139065020115
600,29,QB,12.262931823898294,-2.9439114130058925,0.4148540144672648,24.111009633329324,27.469775060802487
700,29,QB,12.228734503090243,-3.6494860035111696,-0.14243215567882217,24.599901161859307,28.106955009691664
800,29,QB,12.082552945244547,-4.549150665053208,-0.8756735195348053,25.0407794100239,28.71425655554231
900,29,QB,12.098951844811126,-5.387840441714928,-1.5254981755139205,25.72340186513617,29.58574413133719
1000,29,QB,12.095539207925642,-6.367767754846833,-2.289740768096003,26.480819183947286,30.558846170698125
1100,29,QB,12.298941202913918,-7.281305813147549,-2.9565780761422022,27.55446048197004,31.879188218975393
1200,29,QB,12.534588164325944,-8.319206558880692,-3.7131878305526964,28.782364159204583,33.38838288753259
1300,29,QB,12.836988498984022,-9.456235422253242,-4.53228713087775,30.206264128845795,35.1302124202213
1400,29,QB,13.269177047593294,-10.631274080194183,-5.352334349020429,31.890688444207015,37.16962817538079
1500,29,QB,13.713246247722223,-11.95794991361871,-6.287902238020594,33.71439473346504,39.38444240906317
1600,29,QB,14.43105642971616,-13.164614757721866,-7.069504491355149,35.93161735078747,42.0267276171542
1700,29,QB,14.972047293816614,-14.68755336301894,-8.13657892822757,38.080673515860795,44.63164795065218
1800,29,QB,15.652956500926157,-16.192965584650075,-9.159094028227505,40.46500703007982,47.49887858650241
1900,29,QB,16.70041683059868,-17.43714311801978,-9.897112991618968,43.29794665281633,50.83797677921716
2000,29,QB,17.702429629140276,-18.81734240202065,-10.751148399324013,46.15600765760456,54.222201660301224
2100,29,QB,18.262607689814356,-20.718696378217626,-12.108818944630094,48.634034324258806,57.24391175784636
2200,29,QB,19.572016289867257,-21.943349973190436,-12.773769229775667,51.91780180951018,61.08738255292497
2300,29,QB,20.23369826989732,-23.886807872012863,-14.141824750701115,54.60922129049575,64.35420441180753
2400,29,QB,20.765302204924357,-26.03641975576142,-15.699231213810972,57.22983562365968,67.56702416561016
2500,29,QB,21.34364133903868,-28.227759212006024,-17.278826302760837,59.9661089808382,70.9150418900834
2600,29,QB,22.647991843460044,-29.801213747657908,-18.216654369130215,63.51263805605031,75.09719743457802
2700,29,QB,23.042978645683593,-32.41811141259329,-20.168311177548663,66.25426846891585,78.5040687039605
2800,29,QB,23.29661108493856,-35.34096665764194,-22.389569329195226,68.98279149907235,81.9341888275191
2900,29,QB,24.979930731667352,-37.0309154147676,-23.33445764767849,73.2943191110132,86.99077687810234
3000,29,QB,26.406165106210675,-39.20627803210178,-24.714328441262392,77.52665865368374,92.01860824452316
3100,29,QB,29.673347137414428,-39.79872047330777,-24.45428802070658,83.80098229553543,99.14541474813664
3200,29,QB,33.4684878191791,-40.14901493747273,-23.88897205652237,90.82594769488057,107.08599057583098
3300,29,QB,33.593034277991336,-44.47483404145585,-27.231830150184905,94.41789870616758,111.66090259743856
3400,29,QB,34.273152495180405,-48.54900208080915,-30.255909616780876,98.80221460714168,117.09530707117003
3500,29,QB,42.92432397810164,-44.937082405193195,-25.530960465748663,111.37960842195194,130.78573036139653
3600,29,QB,64.3878687694755,-28.761058171043956,-8.187071148229549,136.96280868718054,157.53679570999503
3700,29,QB,64.90234570005131,-33.7264447350133,-11.942109465293598,141.7468008653962,163.53113613511596
3800,29,QB,65.38132982455214,-38.841104273994176,-15.821289907277404,146.5839495563817,169.6037639230985
3900,29,QB,65.39515783463214,-44.43350497846551,-20.17543182972581,150.96574749899008,175.22382064772984
4000,29,QB,65.32400504388562,-50.00088391591521,-24.52884846904908,155.17685855682032,180.6488940036865
4100,29,QB,65.51147734270627,-55.05973357765545,-28.428932662637337,159.45188734804987,186.08268826306806
4200,29,QB,64.92599221429965,-60.48951212760038,-32.78874257995297,162.6407270085523,190.34149655619976
4300,29,QB,64.54397162993398,-65.15767502517751,-36.51021677991088,165.59816003977883,194.2456182850455
4400,29,QB,63.7318394184418,-69.55296136416234,-40.11408480693972,167.57776364382332,197.01664020104602
4500,29,QB,63.34765061735059,-72.69251157384753,-42.645052913475446,169.34035414817663,199.38781280854874
4600,29,QB,63.3131533562252,-74.55312425476683,-44.10232788366629,170.7286345961167,201.17943096721729
4700,29,QB,64.41797859195933,-74.28112058340406,-43.646377272489204,172.48233445640784,203.11707776732277
4800,29,QB,66.05119753529085,-72.47234740414062,-41.87637910320704,173.97877417378874,204.57474247472237
4900,29,QB,65.93646036750874,-71.42600790243225,-41.08648889313508,172.95940962815257,203.2989286374498
5000,29,QB,65.60432561719227,-69.68509694081393,-39.80345562239219,171.01210685677674,200.89374817519857
5100,29,QB,66.24137134425156,-66.204714545562,-36.95108659921317,169.4338292877163,198.68745723406522
5200,29,QB,66.39212977559814,-62.61618504600136,-34.12186436886033,166.9061239200566,195.4004445971977
5300,29,QB,65.44370138834789,-59.71338765797171,-32.06969480580962,162.9570975825054,190.60079043466754
5400,29,QB,65.30757132971395,-55.76203894409366,-29.02115558189371,159.6362982413216,186.37718160352165
5500,29,QB,65.48719069706583,-51.421031512836706,-25.599282131410874,156.57366352554254,182.39541290696843
5600,29,QB,65.03792929183965,-47.778004968985684,-22.860127289825385,152.93598587350468,177.85386355266502
5700,29,QB,64.09540413011688,-44.815376545694164,-20.760037833101734,148.95084609333549,173.006184805928
5800,29,QB,62.20686486343229,-43.08048850708421,-19.8254633225783,144.23919304944286,167.49421823394886
5900,29,QB,64.90360207913153,-37.11704519307419,-14.583543820827657,144.39074797909072,166.92424935133732
6000,29,QB,66.08460813859564,-33.079210405221104,-11.176702422966187,143.34591870015748,165.24842668241246
6100,29,QB,67.4636342893172,-29.2913938712085,-7.920920166902434,142.84818874553685,164.21866244984295
6200,29,QB,69.5502094360317,-25.272063795693597,-4.3284814805799385,143.42890035264332,164.37248266775703
6300,29,QB,71.78024442446917,-21.600740030281912,-0.9754980070809012,144.53598685601924,165.1612288792203
6400,29,QB,72.76610686961999,-19.673012500630406,0.7441979256190621,144.78801581362092,165.20522623987043
6500,29,QB,74.74194117446217,-17.244923323612554,3.0723966779507634,146.41148567097358,166.72880567253696
6600,29,QB,75.7808795199617,-16.22249837486106,4.098468973178015,147.4632900667454,167.78425741478452
6700,29,QB,76.67452179018032,-15.797959127647658,4.626619929346845,148.7224236510138,169.14700270800836
6800,29,QB,84.94335954533216,-8.421384839378518,12.200270207555192,157.6864488831091,178.30810393004288
6900,29,QB,98.00267668444197,3.367736883439065,24.26994249460978,171.73541087427415,192.63761648544494
7000,29,QB,101.07547566659153,4.844481455775764,26.099210749115827,176.05174058406723,197.30646987740735
7100,29,QB,107.48839160430225,9.39075380445881,31.057772345117826,183.91901086348668,205.58602940414573
7200,29,QB,111.2687061281516,11.096316038128677,33.22158920496244,189.31582305134077,211.44109621817458
7300,29,QB,116.34897964771665,13.961745117905323,36.57621534001872,196.12174395541456,218.73621417752804
7400,29,QB,119.72719631476305,15.05775612710977,38.17630160945474,201.27809102007137,224.39663650241638
7500,29,QB,120.51140744160364,13.566441119895927,37.18758654289297,203.8352283403143,227.4563737633114
7600,29,QB,121.1514728246696,12.01093284814759,36.11701895017819,206.185926699161,230.29201280119167
7700,29,QB,123.19142093210453,12.01008954595089,36.5669292675572,209.81591259665186,234.37275231825825
7800,29,QB,125.30104355567231,12.303408766344404,37.26141899923597,213.34066811210863,238.29867834500027
7900,29,QB,126.20145323616977,11.682504590359116,36.976530412146204,215.42637606019332,240.72040188198048
8000,29,QB,128.64336587542286,12.969653570939414,38.518734317225224,218.7679974336205,244.31707817990636
8100,29,QB,132.93017926000215,16.538985437829496,42.246537740566765,223.61382077943753,249.32137308217486
8200,29,QB,134.82746239799354,18.223421528738854,43.9779857781334,225.67693901785367,251.43150326724827
8300,29,QB,136.66621313905648,20.39491116706442,46.0759827206318,227.25644355748116,252.93751511104858
8400,29,QB,138.88362519606227,23.48117802441304,48.97034390634151,228.79690648578304,254.28607236771154
8500,29,QB,146.00899457059546,31.969383639010402,57.157537195427,234.86045194576394,260.0486055021806
8600,29,QB,149.5452039402867,37.310155163532286,62.09973152131883,236.9906763592546,261.7802527170412
8700,29,QB,150.09113049089103,40.04692619998043,64.35260641960171,235.82965456218034,260.1353347818017
8800,29,QB,148.83174741357533,41.30770358141113,65.05675099508751,232.60674383206316,256.35579124573957
8900,29,QB,147.15979556080254,42.428233356927265,65.56049985139295,228.75909127021214,251.89135776467788
9000,29,QB,146.1601369625115,44.43764537528257,66.90529251393811,225.4149814110849,247.8826285497405
9100,29,QB,144.2353800086367,45.685148340081525,67.45213218025953,221.01862783701387,242.78561167719192
9200,29,QB,143.47814829150266,48.21314209573302,69.25451171292303,217.7017848700823,238.74315448727236
9300,29,QB,143.19162766492644,51.27838708285583,71.5794456250316,214.80380970482128,235.1048682469971
9400,29,QB,143.6958265341563,55.15867978252581,74.71405382852234,212.67759923979028,232.23297328578684
9500,29,QB,144.53753183891394,59.363036413298886,78.17569503555393,210.89936864227394,229.71202726452904
9600,29,QB,144.85659661697733,62.998044404280535,81.07830411576194,208.63488911819272,226.71514882967415
9700,29,QB,144.8853717013139,66.2672198600909,83.63176595702906,206.1389774455987,223.5035235425369
9800,29,QB,144.57686529285192,69.0992494959378,85.77013920903428,203.38359137666956,220.05448108976609
9900,29,QB,144.597717895295,72.14425590375231,88.14719480742684,201.04824098316317,217.05117988683776
10000,29,QB,144.64846311155344,75.09235950275016,90.45535315182195,198.84157307128493,214.20456672035675
100,30,QB,12.446181306437625,1.9290417790844945,4.2519831081999815,20.640379504675266,22.96332083379076
200,30,QB,12.446181306437625,1.530890560252633,3.9417723335408716,20.950590279334378,23.361472052622624
300,30,QB,12.249961536527833,0.9170091565882963,3.4201406778342403,21.079782395221425,23.582913916467376
400,30,QB,12.058308936907935,0.28170665095972325,2.882828001060311,21.23378987275556,23.834911222856153
500,30,QB,11.988923762355602,-0.265713921433381,2.44099204885185,21.536855475859355,24.243561446144593
600,30,QB,11.787581158073841,-0.9906670749842341,1.8316897889774229,21.743472527170262,24.565829391131924
700,30,QB,11.753383837265789,-1.607955483043293,1.3431898582121633,22.163577816319414,25.11472315757488
800,30,QB,11.666887729754569,-2.353679969780643,0.7430704424589383,22.590705017050198,25.68745542928979
900,30,QB,11.634481706559052,-3.1393508065070854,0.12377468923962098,23.145188723878483,26.408314219625197
1000,30,QB,11.653023414012681,-3.985959268558828,-0.5317463502854487,23.83779317831081,27.292006096584196
1100,30,QB,11.950065835267216,-4.6825775862612975,-1.008892862784668,24.909024533319098,28.582709256795738
1200,30,QB,12.120714568355131,-5.646626776927738,-1.7223190873589296,25.963748224069192,29.888055913638006
1300,30,QB,12.443257558045012,-6.605116287683163,-2.3978644257483666,27.28437954183839,31.491631403773198
1400,30,QB,12.949286490696789,-7.525263177589135,-3.003009051760399,28.90158203315398,33.42383615898272
1500,30,QB,13.511702607899643,-8.527401578724874,-3.659581213820317,30.682986429619604,35.55080679452417
1600,30,QB,13.981731984897753,-9.74872195855379,-4.507329840426358,32.47079381022186,37.712185928349314
1700,30,QB,14.522722848998216,-11.010861906824031,-5.3712087334958145,34.41665443149225,40.056307604820475
1800,30,QB,15.203632056107745,-12.228540613723672,-6.169542587078576,36.57680669929407,42.635804725939174
1900,30,QB,16.25109238578027,-13.160356681111491,-6.664191976919103,39.16637674847965,45.66254145267205
2000,30,QB,17.253105184321857,-14.206531758322441,-7.2579797625091125,41.76419013115283,48.71274212696618
2100,30,QB,17.813283244995944,-15.755549424840247,-8.34113521305602,43.96770170304791,51.382115914832156
2200,30,QB,19.12904023615254,-16.606879902468265,-8.71381681168462,46.971897283989705,54.86496037477337
2300,30,QB,19.97148349903395,-17.99212649982833,-9.607029160440515,49.54999615850842,57.935093497896254
2400,30,QB,20.667798429492194,-19.593532416125754,-10.700932946161728,52.03652980514612,60.929129275110164
2500,30,QB,22.451562772380637,-20.193831182337373,-10.774658996194706,55.67778454095598,65.09695672709867
2600,30,QB,22.35509879933541,-22.783057045512365,-12.813303629257994,57.52350122792881,67.4932546441832
2700,30,QB,22.71044264623985,-25.055955694614976,-14.505697179894074,59.92658247237378,70.4768409870947
2800,30,QB,23.397752506751775,-27.16090544040873,-15.993915044910015,62.78942005841357,73.95641045391231
2900,30,QB,25.51015470348829,-28.0326894724288,-16.206575984902358,67.22688539187894,79.05299887940541
3000,30,QB,28.649255455632574,-28.095813384706876,-15.562418226270463,72.8609291375356,85.39432429597205
3100,30,QB,32.309052453727865,-27.88038618683509,-14.586226284250593,79.20433119170633,92.49849109429084
3200,30,QB,33.08803425344479,-30.803343328974023,-16.6915288784458,82.86759738533539,96.97941183586363
3300,30,QB,33.5564621814227,-34.29096139221136,-19.30536726908538,86.418291631930785,101.40388575505679
3400,30,QB,38.620007623725066,-33.41768339536525,-17.506576645561474,94.74659189301161,110.65769864281543
3500,30,QB,63.76509247289069,-12.660664885759097,4.21964272218225,123.31054222359913,140.19084983154053
3600,30,QB,64.46593874611156,-16.49092049848423,1.3901805105451501,127.54169698167797,145.4227979907074
3700,30,QB,64.4116475132189,-21.143739099988494,-2.2469522906676644,131.07024731710544,149.9670341264263
3800,30,QB,64.62988788900458,-25.495370524131218,-5.589227126433471,134.8490029044426,154.75514630214042
3900,30,QB,64.91128676697416,-29.640623260855833,-8.756756599277722,138.57933013322605,159.46319679480422
4000,30,QB,64.83645288057413,-33.87018841737199,-12.068658074179666,141.74156383532792,163.54309417852028
4100,30,QB,64.85167733766619,-37.600915269349514,-14.972009279950285,144.67536395528265,167.30426994468195
4200,30,QB,63.96667388542976,-41.687221538232045,-18.351237488257475,146.284585259117,169.62056930909162
4300,30,QB,63.87607434136682,-44.31562227820092,-20.419109077907834,148.17125776064148,172.0677709609346
4400,30,QB,63.4018792966506,-46.564301045644235,-22.275854129282727,149.07961272258393,173.36805963894548
4500,30,QB,63.68613802859953,-47.218391727625516,-22.722689727398233,150.0949657845973,174.59066778482463
4600,30,QB,65.29332167451355,-45.683662972795915,-21.17195771801839,151.7586010670455,176.27030632182306
4700,30,QB,65.75304204906662,-44.440154578210084,-20.101566127699,151.60765022583223,175.9462386763434
4800,30,QB,65.43519035537662,-43.16527331816853,-19.178474933277926,150.04885564403116,174.03565402892184
4900,30,QB,65.1448075469055,-41.161780074555864,-17.681634612866958,147.97124970667795,171.4513951683669
5000,30,QB,65.00104132616967,-38.462552950772604,-15.610345030580376,145.6124276829197,168.46463560311201
5100,30,QB,65.82632844042419,-34.4059239010781,-12.267428840814688,143.92008572166307,166.05858078192654
5200,30,QB,65.69715945803513,-31.074840930088413,-9.70061853643277,141.09493745250302,162.46915984615873
5300,30,QB,64.96611306995986,-28.26350925457156,-7.671698883297935,137.60392502321764,158.19573539449135
5400,30,QB,64.33372086736301,-25.40074675413655,-5.580918088554753,134.2483598232808,154.06818848886263
5500,30,QB,63.15362811249416,-23.239680133058386,-4.157819921861304,130.46507614684964,149.54693635804676
5600,30,QB,61.10694761174298,-22.183619565796292,-3.787067887559772,126.00096311104573,144.3975147892823
5700,30,QB,61.39420595362615,-19.098110262295585,-1.3196137872892564,124.10802569454155,141.88652216954793
5800,30,QB,61.78353707529928,-16.261112462062556,0.9767630510617025,122.59031109953685,139.82818661266117
5900,30,QB,64.23297048911067,-11.746629849781897,5.035134178151452,123.43080680006989,140.21257082800327
6000,30,QB,65.58513994170889,-8.734566119618677,7.680573788772492,123.48970609464529,139.90484600303648
6100,30,QB,67.35774397284602,-5.7184488868245325,10.422033810647541,124.2934541350445,140.43393683251662
6200,30,QB,69.47113132552452,-2.782303129471856,13.176455298095455,125.7658073529536,141.72456578052095
6300,30,QB,71.72939493400963,-0.10943582290339293,15.757748268982894,127.70104159903637,143.5682256909227
6400,30,QB,72.69478480792462,0.8815927869746787,16.74311400073332,128.6464556151159,144.5079768288746
6500,30,QB,74.80257736200669,2.642478025611595,18.580621341637126,131.02453338237626,146.96267669840182
6600,30,QB,82.24023073652265,9.391694960913696,25.481894589680905,138.9985668833644,155.08876651213163
6700,30,QB,84.42326327247474,10.587211752033724,26.89552592904444,141.95100061590506,158.2593147929158
6800,30,QB,88.48244892704926,13.406625160883038,29.988770276505463,146.97612757759305,163.55827269321554
6900,30,QB,109.26652104167786,32.749172953282425,49.64971038616207,168.88333169719365,185.78386913007336
7000,30,QB,115.15170445801992,37.047412570183894,54.29846140676952,176.00494750927032,193.25599634585598
7100,30,QB,119.60166522174242,39.8256094779793,57.44590409126632,181.75742635221852,199.3777209655056
7200,30,QB,119.95494853069322,38.48586067406464,56.480098625867456,183.429798435519,201.42403638732185
7300,30,QB,120.50207218912617,37.381161603166944,55.740240895750205,185.26390348250214,203.62298277508543
7400,30,QB,120.92146366421774,36.25333442149255,54.95415094724959,186.8887763811859,205.58959290694298
7500,30,QB,121.61354174968632,35.56344080847141,54.569496146144985,188.65758735322765,207.66364269090127
7600,30,QB,121.74599429980157,34.53743788907772,53.799363568783306,189.69262503081984,208.95455071052544
7700,30,QB,124.98638903354042,36.90214530891484,56.35748577099103,193.61529229608982,213.07063275816606
7800,30,QB,127.28004452424457,38.661644078525086,58.23496478802757,196.32512426046156,215.8984449699641
7900,30,QB,128.46882843918124,39.714146920697374,59.31756829925318,197.62008857910928,217.22350995766516
8000,30,QB,129.52816380972263,41.07784638662474,60.61404226775018,198.4422853516951,217.97848123282057
8100,30,QB,133.13661169559785,45.430783817070605,64.80254282563392,201.4706805655618,220.84243957412514
8200,30,QB,134.69528279313747,48.14131331576074,67.25865908977845,202.13190649649647,221.24925227051423
8300,30,QB,136.41667801594681,51.37673699250816,70.15967631884466,202.67367971304895,221.45661903938552
8400,30,QB,138.72245056480065,55.51073035972183,73.88986695180041,203.5550341778009,221.93417076987953
8500,30,QB,145.80788056865273,64.68940022966018,82.60619880824777,209.0095623290577,226.92636090764535
8600,30,QB,148.9999402346782,70.19071923031683,87.59746714977709,210.40241331957932,227.8091612390396
8700,30,QB,149.56611395026766,73.23451630954442,90.09402667506632,209.038201225469,225.89771159099095
8800,30,QB,148.34014416696647,74.60917796036011,90.8942817370567,205.78600659687623,222.07111037357285
8900,30,QB,146.80180173385503,75.75215564770721,91.44503096644686,202.1585725012632,217.85144782000287
9000,30,QB,145.6431069258152,77.31671313396198,92.40809835289144,198.87811549873896,213.96950071766844
9100,30,QB,143.67195396891483,78.0758821039919,92.56421573942174,194.77969219840793,209.26802583383778
9200,30,QB,142.97644327921637,80.08695155441221,93.97747750157347,191.97540905685926,205.86593500402057
9300,30,QB,142.85664603230106,82.62324017553999,95.92711120379388,189.78618086080823,203.09005188906215
9400,30,QB,143.36998201073405,85.71935872190134,98.45276547557222,188.28719854589588,201.0206052995668
9500,30,QB,143.9906597127032,88.83104951904531,101.01426130239182,186.9670581230146,199.15026990636113
9600,30,QB,144.00218800093273,91.23043829270104,102.88623862587784,185.11813737598763,196.77393770916444
9700,30,QB,144.00362319559366,93.50994608372773,104.6625840341045,183.34466235708283,194.49730030745962
9800,30,QB,143.89657857348135,95.57326480977221,106.24653033121824,181.54662681574445,192.21989233719052
9900,30,QB,144.16676908163438,97.91154670835849,108.12802880968053,180.20550935358824,190.4219914549103
10000,30,QB,144.21751429789273,99.93327450995649,109.71442180426713,178.72060679151832,188.501754085829
100,31,QB,11.454891362458227,2.0632030664659187,4.13756376465676,18.772218960259693,20.84657965845054
200,31,QB,11.454891362458227,1.7018314477736443,3.856009007388299,19.053773717528156,21.207951277142815
300,31,QB,11.258671592548428,1.1259365123309895,3.3639736738232466,19.15336951127361,21.39140667276587
400,31,QB,11.067018992928539,0.529848874781683,2.8572143999516513,19.276823585905426,21.6041891110754
500,31,QB,10.90872664698305,-0.06612387138049947,2.357912986138242,19.459540307827858,21.88357716534661
600,31,QB,10.727064036957039,-0.7299808489216986,1.8005592286080105,19.65356884530607,22.184108922835783
700,31,QB,10.70228343486858,-1.2955184612929287,1.3544596825406234,20.050107187196538,22.700085331030095
800,31,QB,10.652440952262877,-1.9612413887837299,0.824767482368479,20.480114422157275,23.26612329330949
900,31,QB,10.620034929067357,-2.70205552171622,0.24042084439587796,20.999649013738836,23.942125379850943
1000,31,QB,10.638576636520988,-3.5014427224251197,-0.37830878681824665,21.65546205986022,24.778595995467104
1100,31,QB,10.939470048527397,-4.143116630061648,-0.8117959934437593,22.690736090498554,26.02205672711645
1200,31,QB,11.110118781615313,-5.049216045612372,-1.480071923909394,23.700309487140018,27.269453608843005
1300,31,QB,11.432661771305188,-5.939834462531092,-2.102736990682894,24.96806053329327,28.80515800514148
1400,31,QB,11.938690703956965,-6.779505386781903,-2.645180536134202,26.52256194404813,30.656886794695843
1500,31,QB,12.70668339716503,-7.480564332782844,-3.021767152140077,28.43513394647014,32.893931127112914
1600,31,QB,13.331990579651935,-8.434216443565402,-3.6266714128263953,30.290652572130263,35.098197602869284
1700,31,QB,14.018622615533685,-9.420521154004154,-4.24347128795163,32.280716519019,37.45776638507154
1800,31,QB,14.44702957347381,-10.743473358293386,-5.179597343411444,34.07365649035906,39.63753250524102
1900,31,QB,15.348286606060784,-11.658966995047306,-5.693821680320648,36.39039489244222,42.355540207168886
2000,31,QB,16.353559835513757,-12.526352926229897,-6.147589693030888,38.8547093640584,45.233472597257425
2100,31,QB,17.57317114122539,-13.230369226918931,-6.42673057420933,41.57307285666011,48.37671150936973
2200,31,QB,18.491179780470297,-14.287487804968478,-7.04759891222152,44.02995847316211,51.269847365909094
2300,31,QB,18.97622916623425,-15.836035465350474,-8.1469819862658,46.0994403187343,53.78849379781899
2400,31,QB,19.672544096692487,-17.245677684534687,-9.091477300483369,48.43656549386834,56.59076587791968
2500,31,QB,21.606391449171035,-17.510274858519175,-8.87049970035682,52.08328259869889,60.723057756861266
2600,31,QB,21.47028452080669,-19.962123843804758,-10.810866174870096,53.75143521648347,62.90269288541816
2700,31,QB,22.25930578896809,-21.633115386257682,-11.938509840928756,56.45712141886493,66.15172696419388
2800,31,QB,23.36430791185492,-23.158838546663755,-12.883179524748673,59.611795348458514,69.88745437037362
2900,31,QB,27.189576486192397,-22.159665688206683,-11.259801337325417,65.63895430971021,76.5388186605915
3000,31,QB,30.72129220522821,-21.67195655614516,-10.09975647285377,71.54234088331019,83.1145409666016
3100,31,QB,31.36493032127569,-24.30436581142691,-12.008578690499629,74.738439333051,87.03422645397832
3200,31,QB,32.48779359015828,-26.685165541879122,-13.615517471091849,78.59110465140841,91.66075272219572
3300,31,QB,37.339648743249526,-25.543899630103226,-11.654686402687098,86.33398388918616,100.22319711660231
3400,31,QB,58.89710755179635,-7.866958845354134,6.87935204368501,110.9148630599077,125.66117394894687
3500,31,QB,63.22136219578697,-7.537804611853282,8.090911976316924,118.35181241525703,133.98052900342725
3600,31,QB,63.10453896673776,-11.688641091190163,4.831075951706445,121.37800198176907,137.89771902466572
3700,31,QB,63.099888736124136,-15.670883193528319,1.7273724030455426,124.47240506920272,141.87066066577663
3800,31,QB,63.588985887590205,-18.990653191691713,-0.7511256032446525,127.92909737842507,146.16862496687216
3900,31,QB,63.89767514309727,-22.197512977633615,-3.1814991457859847,130.97684943198053,149.99286326382818
4000,31,QB,63.62448476439949,-25.562989158385967,-5.863976068769865,133.11294559756885,152.81195868718498
4100,31,QB,63.53854738995958,-28.194292697358783,-7.93307956789841,135.01017434781758,155.27138747727798
4200,31,QB,63.00707700967797,-30.61953541990384,-9.940041061946104,135.95419508130203,156.63368943925985
4300,31,QB,62.861831760556235,-31.923245390053914,-10.987878646662843,136.71154216777532,157.64690891116643
4400,31,QB,63.11282688050614,-32.044626514126016,-11.02701229603236,137.25266605704465,158.27028027513833
4500,31,QB,64.41054301651843,-30.32619060310921,-9.401501590656537,138.2225876236934,159.14727663614613
4600,31,QB,64.04838628018005,-29.502010381500554,-8.839349950365559,136.93612251072568,157.59878294186072
4700,31,QB,64.33246101404406,-27.341363354179308,-7.09318514287294,135.75810717096107,156.00628538226746
4800,31,QB,64.13149361028715,-25.1068590032,-5.396608236923356,133.65959545749766,153.36984622377435
4900,31,QB,63.929807979602266,-22.46606720529183,-3.383640029144779,131.24325598834932,150.3256831644964
5000,31,QB,63.70432075298877,-19.594937553136255,-1.1964662482050485,128.6051077541826,147.00357905911383
5100,31,QB,64.46718844216038,-15.624856358201953,2.0652313806030307,126.86914550371773,144.55923324252274
5200,31,QB,64.77940191630229,-12.1220311221971,4.863339910366875,124.6954639222377,141.68083495480172
5300,31,QB,63.380277342019426,-10.45336620656228,5.854416116959499,120.90613856707935,137.21392089060117
5400,31,QB,62.09963919673293,-8.87233383952492,6.803385679647889,117.39589271381797,133.07161223299082
5500,31,QB,59.80659516599581,-8.574417856232209,6.529031219725304,113.08415911226632,128.18760818822386
5600,31,QB,60.037785053602335,-6.068152813197116,8.532795930645953,111.54277417655871,126.14372292040183
5700,31,QB,60.07773959359761,-4.099270947419626,10.075631817451118,110.0798473697441,124.25475013461488
5800,31,QB,60.638234108404845,-1.976549891769558,11.853300819001618,109.42316739780807,123.25301810857928
5900,31,QB,63.313724608214876,1.884633467812364,15.45259786049887,111.17485135593088,124.74281574861743
6000,31,QB,64.68549111207825,4.0628118068143735,17.452662428616748,111.91831979553976,125.30817041734215
6100,31,QB,66.48632376326316,6.303558316960796,19.59624429798089,113.37640322854543,126.66908920956556
6200,31,QB,68.57923854470577,8.489014356886976,21.761260567813622,115.39721652159793,128.6694627325246
6300,31,QB,70.97013028654149,10.642191751003615,23.96694239827478,117.9733181748082,131.29806882207941
6400,31,QB,78.3342351894728,17.469513184161322,30.912824254015092,125.75564612493052,139.19895719478433
6500,31,QB,84.07083142285013,22.41130753988689,36.03016806643979,132.11149477926048,145.73035530581342
6600,31,QB,90.28550337512212,27.617600764834364,41.459183887679806,139.11182286256442,152.95340598540992
6700,31,QB,94.8674194761715,31.025910620032093,45.12671046673163,144.6081284856114,158.70892833231096
6800,31,QB,101.7389895649384,36.611874520054116,50.99662873866582,152.48135039121098,166.86610460982268
6900,31,QB,116.52530279692343,50.057375350345566,64.73827744589511,168.31232814795175,182.99323024350133
7000,31,QB,117.83013449871434,50.024526063438756,65.00088439456796,170.6593846028607,185.63574293398997
7100,31,QB,119.49951998541248,50.4161443571783,65.67472564577534,173.3243143250496,188.5828956136467
7200,31,QB,119.65435064777732,49.410526698842915,64.92541849444106,174.38328280111358,189.89817459671178
7300,31,QB,120.10123583615665,48.86724778922816,64.60083908005072,175.60163259226258,191.33522388308518
7400,31,QB,120.22099193578404,48.21963137960182,64.12271374848191,176.31927012308617,192.2223524919663
7500,31,QB,122.70661982853667,50.213249631638504,66.22500313926025,179.1882365178131,195.1999900254349
7600,31,QB,123.1367246121685,50.47765473661062,66.52600665873268,179.74744256560433,195.79579448772643
7700,31,QB,124.99454207719569,52.54201328490305,68.54474607102057,181.4443380833708,197.44707086948836
7800,31,QB,126.62762307676932,54.76995959072744,70.64130330460218,182.61394284893646,198.48528656281124
7900,31,QB,127.47799574265434,56.582495984403764,72.24132469998935,182.71466678531934,198.37349550090497
8000,31,QB,128.39995534445148,58.793802365182586,74.16785051732039,182.63206017158257,198.0061083237204
8100,31,QB,132.15621038786892,64.12260845374783,79.14932415817808,185.16309661755977,200.18981232199005
8200,31,QB,133.6908093855293,67.46768756091454,82.09451895640548,185.28709981465312,199.91393121014409
8300,31,QB,135.33689067184235,71.11698393710101,85.30136126879711,185.3724200748876,199.5567974065837
8400,31,QB,137.29851351703059,75.23061962561397,88.93967764053721,185.65734939352396,199.36640740844723
8500,31,QB,144.42034363664695,84.61153545759751,97.82162476019894,191.01906251309495,204.2291518156964
8600,31,QB,147.74386443476317,90.26243351197351,102.95847041440014,192.52925845512618,205.22529535755285
8700,31,QB,148.15701940212048,93.03593422734204,105.21063691386357,191.1034018903774,203.27810457689895
8800,31,QB,146.93481243506073,94.17549175484471,105.82854686411503,188.04107800600644,199.69413311527677
8900,31,QB,145.45819102938478,95.03441549544048,106.17161414657602,184.74476791219354,195.88196656332912
9000,31,QB,144.45509182290118,96.31690386561237,106.94928028544467,181.9609033603577,192.59327978019002
9100,31,QB,142.49307597520365,96.57054568240265,106.71354542841368,178.27260652199362,188.41560626800467
9200,31,QB,141.62289723070677,97.83026985653498,107.5028337484034,175.74296071301012,185.41552460487856
9300,31,QB,141.1955634939576,99.4377005503114,108.6608420133541,173.73028497456107,182.9534264376038
9400,31,QB,141.681559582715,101.85845791313074,110.65426484155006,172.70885432387996,181.50466125229931
9500,31,QB,142.49713025141855,104.51177142430654,112.90167247024115,172.09258803259596,180.4824890785306
9600,31,QB,142.7579964453581,106.51853476478912,114.52281606806065,170.99317682265553,178.99745812592707
9700,31,QB,142.75943164001905,108.17890551774863,115.81677445569132,169.7020888243468,177.3399577622895
9800,31,QB,142.65238701790673,109.64844542582627,116.93809103227304,168.36668300354043,175.6563286099872
9900,31,QB,142.92257752605988,111.41722247160965,118.37587231685504,167.46928273526473,174.42793258051012
10000,31,QB,142.9733227423182,112.89266679028309,119.53664053772198,166.41000494691443,173.05397869435333
100,32,QB,7.247738442645119,-1.640453366948007,0.3226990702628223,14.172777815027416,16.13593025223825
200,32,QB,7.247738442645119,-1.987977790401569,0.05193305093784861,14.44354383435239,16.48345467569181
300,32,QB,7.051518672735324,-2.549937013429811,-0.4292445784710157,14.532281923941664,16.652974358900465
400,32,QB,6.782775892233891,-3.20943221216935,-1.0024335207026551,14.567985305170438,16.77498399663714
500,32,QB,6.701573727169941,-3.715462285126457,-1.4146310166134972,14.817778470953378,17.118609739466343
600,32,QB,6.519911117143924,-4.368015752111691,-1.9631778922353407,15.00300012652319,17.407837986399546
700,32,QB,6.495130515055469,-4.924720687700396,-2.402395652244002,15.39265668235494,17.91498171781134
800,32,QB,6.452521780844687,-5.5775846261377735,-2.9204713213502673,15.825514883039641,18.482628187827153
900,32,QB,6.407155753691909,-6.3293457482638855,-3.5162095670535356,16.330521074437353,19.14365725564771
1000,32,QB,6.425697461145531,-7.130318554868221,-4.136174588264885,16.987569510555947,19.98171347715929
1100,32,QB,6.749177754012713,-7.753481025514349,-4.550250206582584,18.04860571460801,21.25183653353978
1200,32,QB,6.939969142132432,-8.643354352852626,-5.201434989005646,19.081373273270508,22.523292637117496
1300,32,QB,7.322775735383843,-9.47473997802632,-5.764639586597221,20.410191057364905,24.120291448794013
1400,32,QB,7.9271184759713,-10.211474803806171,-6.205167967995303,22.059404919937904,26.06571175574878
1500,32,QB,8.447330364183562,-11.147335492815673,-6.819423038003247,23.714083766370372,28.041996221182806
1600,32,QB,9.072637546670471,-12.077491958764181,-7.406021183223007,25.55129627656395,30.222767052105134
1700,32,QB,9.74704562958639,-13.04106728931267,-8.007811889953755,27.501903149126534,32.53515854848546
1800,32,QB,10.175452587526511,-14.318134997049892,-8.908188048020307,29.25909322307333,34.669040172102925
1900,32,QB,11.164640228133804,-15.090271734187466,-9.29129759954329,31.620578055810896,37.419552190455086
2000,32,QB,12.817011276619793,-15.247828935797523,-9.049092382489315,34.6831149357289,40.881851489037125
2100,32,QB,13.638473982332139,-16.283029078260697,-9.6742077435304,36.951155708194676,43.55997704292499
2200,32,QB,14.371752957100831,-17.457747937002203,-10.427503361494662,39.17100927569632,46.20125385120389
2300,32,QB,15.021513338296005,-18.77917315866472,-11.313548935266555,41.35657561185857,48.82219983525675
2400,32,QB,16.924546561014758,-18.929186801006416,-11.0101020714453,44.85919519347482,52.778279923035946
2500,32,QB,17.30854055299228,-20.70411112478678,-12.308181853150778,46.92526295913534,55.32119223077136
2600,32,QB,17.70456771100691,-22.5997853627116,-13.69768348846117,49.106818910474985,58.00892078472544
2700,32,QB,18.920450574460606,-23.835030116962724,-14.391542856382262,52.23244400530348,61.67593126588396
2800,32,QB,21.73831907494838,-23.6525779855124,-13.627001118994642,57.1036392688914,67.12921613540918
2900,32,QB,25.956202616177343,-22.27696026275507,-11.623606544852166,63.53601177720685,74.18936549510978
3000,32,QB,26.471759453165372,-24.82520722448022,-13.495145125004381,66.43866403133512,77.76872613081099
3100,32,QB,27.459279038378547,-27.118729508887128,-15.063977227097332,69.98253530385443,82.03728758564425
3200,32,QB,32.99430719807503,-25.06045387538945,-12.237784412962377,78.22639880911242,91.04906827153954
3300,32,QB,54.81213714185814,-6.876607706054003,6.748706912600646,102.87556737111564,116.5008819897703
3400,32,QB,55.03292449183134,-10.389419919379094,4.060542191057564,106.00530679260511,120.4552689030418
3500,32,QB,58.61903506173244,-10.557972290755679,4.721289621258045,112.51678050220684,127.79604241422058
3600,32,QB,58.80075417376384,-14.053429791505984,2.0380173640401296,115.56349098348755,131.6549381390337
3700,32,QB,58.765132469959184,-17.573555663085116,-0.7124792065540007,118.24274414647238,135.10382060300353
3800,32,QB,59.29785363554455,-20.20617058840022,-2.6459601128737233,121.24166738396282,138.80187785948937
3900,32,QB,59.40818639875387,-22.812263886649944,-4.652071034809225,123.46844383231696,141.62863668415773
4000,32,QB,59.033834188524054,-25.335592269476834,-6.700750816309963,124.76841919335807,143.40326064652498
4100,32,QB,59.333110197186535,-26.51975259905344,-7.557261639074845,126.22348203344791,145.18597299342656
4200,32,QB,59.494071005310644,-27.103365942629296,-7.976419422745209,126.9645614333665,146.09150795325064
4300,32,QB,60.99654882982119,-25.573359792778184,-6.452493508350578,128.44559116799294,147.5664574524206
4400,32,QB,60.587868607293096,-25.191503051284563,-6.245244223679556,127.42098143826576,146.3672402658708
4500,32,QB,59.82966952265168,-24.442414098710778,-5.829072949664869,125.48841199496823,144.10175314401417
4600,32,QB,59.70208892993773,-22.45034354033642,-4.305173917337527,123.70935177721299,141.85452140021192
4700,32,QB,59.88313793370286,-19.684478729599455,-2.1102224666971594,121.87649833410288,139.45075459700521
4800,32,QB,59.60948717707552,-17.062321410766728,-0.12766798304384963,119.3466423371949,136.28129576491781
4900,32,QB,59.34538212130776,-14.26932555271295,1.9900999728295758,116.70066426978593,132.9600897953285
5000,32,QB,59.55260691891532,-10.978207477521913,4.600072463667701,114.50514137416295,130.0834213153526
5100,32,QB,59.68716458311612,-7.847539473672818,7.06898367362259,112.30534549260966,127.2218686399051
5200,32,QB,58.63966593503724,-6.077112796581076,8.217009632042156,109.06232223803232,123.3564446666556
5300,32,QB,55.69659434528806,-6.449725652146519,7.276654491334291,104.11653419924184,117.84291434272268
5400,32,QB,55.52046845151469,-4.352611654112501,8.87167351554585,102.16926338748353,115.39354855714191
5500,32,QB,55.29184051166547,-2.6374474447239464,10.157508523117592,100.42617250021334,113.22112846805491
5600,32,QB,55.696138726576194,-0.6399091578576304,11.803144736162125,99.58913271699026,112.03218661101005
5700,32,QB,56.12967114698711,1.0256100685793896,13.196552609393272,99.06278968458093,111.23373222539485
5800,32,QB,56.71948952975238,2.4837901276394234,14.462935914094494,98.97604314541027,110.95518893186537
5900,32,QB,59.42312121941831,5.703389322924636,17.568572349813152,101.27767008902347,113.14285311591202
6000,32,QB,60.77441515204582,7.23867838613112,19.063222046006743,102.4856082580849,114.31015191796055
6100,32,QB,62.77832488846226,9.11251590076558,20.965788868544884,104.59086090837963,116.44413387615896
6200,32,QB,71.2699546989212,17.190965658605045,29.135498518686774,113.40441087915562,125.34894373923737
6300,32,QB,77.2896501200522,22.555510302037263,34.644747605219756,119.93455263488465,132.02378993806718
6400,32,QB,83.43855978614201,27.85170473959213,40.129282935388844,126.74783663689517,139.02541483269192
6500,32,QB,89.23462617105484,32.64569181756117,45.14460124425931,133.32465109785036,145.82356052454855
6600,32,QB,95.26323489543287,37.57556655169671,50.317155519633246,140.2093142712325,152.95090323916907
6700,32,QB,99.17991170917142,40.35274432233515,53.34601668905331,145.01380672928954,158.00707909600771
6800,32,QB,101.50880712590568,41.55793807847302,54.79940464497394,148.2182096068374,161.45967617333838
6900,32,QB,113.51454508086618,52.510808771561116,65.98482420463503,161.04426595709734,174.5182813901713
7000,32,QB,115.13798297067497,53.20673146005816,66.8856090031104,163.39035693823953,177.0692344812918
7100,32,QB,116.32806378475958,53.64471092525757,67.48970657508829,165.16642099443087,179.01141664426163
7200,32,QB,117.68309154010129,54.47301239176883,68.43434711481177,166.9318359653908,180.89317068843377
7300,32,QB,118.31400959561697,54.85182517228752,68.868842884137,167.75917630709694,181.77619401894646
7400,32,QB,118.72623365653384,55.333266497934716,69.33499605614583,168.11747125692185,182.11920081513298
7500,32,QB,119.13063469913872,56.16387646987167,70.0714684221103,168.18980097616713,182.0973929284058
7600,32,QB,119.18540697966068,56.99946088672389,70.73459332399275,167.6362206353286,181.37135307259751
7700,32,QB,120.9855163835283,59.90299568049604,73.3944123778398,168.57662038921683,182.0680370865606
7800,32,QB,122.75624242743261,63.057519092886466,76.2432937389845,169.26919111588072,182.45496576197877
7900,32,QB,123.58234220203836,65.50371472056426,78.33165560355192,168.8330288005248,181.6609696835125
8000,32,QB,124.43914998055064,68.17255000540129,80.60026480286555,168.27803515823572,180.70574995570001
8100,32,QB,127.85125532030241,73.54525119726142,85.53992532594785,170.16258531465698,182.15725944334343
8200,32,QB,129.3980164223501,77.15987817493246,88.69781869339532,170.0982141513049,181.6361546697678
8300,32,QB,131.07442627547525,80.9730081467431,92.0390070826551,170.1098454682954,181.17584440420742
8400,32,QB,133.1675102527543,85.23671298331504,95.8232826133043,170.51173789220434,181.0983075221936
8500,32,QB,140.09801068171066,94.34060296666303,104.44713176358798,175.74888959983335,185.8554183967583
8600,32,QB,143.44993593818833,99.84153955489782,109.47341198482366,177.426459891553,187.05833232147887
8700,32,QB,144.01683619564935,102.50990888480162,111.67762570021466,176.35604669108403,185.5237635064971
8800,32,QB,142.80376633779244,103.33144797414135,112.04977670263789,173.55775597294698,182.27608470144355
8900,32,QB,141.10611732932793,103.58616156043104,111.87326811592337,170.3389665427325,178.62607309822485
9000,32,QB,139.79548163301038,104.13635879050287,112.0124595111818,167.57850375483895,175.4546044755179
9100,32,QB,137.80612589563734,103.91164064332418,111.39798238262684,164.21426940864785,171.70061114795053
9200,32,QB,137.1374089374902,104.91398868603483,112.03123900613218,162.2435788688482,169.36082918894556
9300,32,QB,136.95965076315855,106.31895784569613,113.08662806111856,160.83267346519852,167.60034368062097
9400,32,QB,137.44564685191588,108.30428234737845,114.74079294214144,160.15050076169032,166.58701135645333
9500,32,QB,138.2612175206196,110.5404316910668,116.66317627494827,159.85925876629094,165.98200335017242
9600,32,QB,138.52208371455896,112.14750413073375,117.97290948871822,159.0712579403997,164.89666329838417
9700,32,QB,138.52235355229797,113.42372981686657,118.96731229262609,158.07739481196984,163.62097728772937
9800,32,QB,138.41530893018563,114.52627293363695,119.80269138228299,157.02792647808826,162.30434492673433
9900,32,QB,138.68912216591914,115.9469628846852,120.9700684135515,156.4081759182868,161.43128144715308
10000,32,QB,138.7398673821775,117.08531930326828,121.86820200297858,155.61153276137642,160.3944154610867
100,33,QB,5.969216271165772,-1.856511147664441,-0.12802731379368826,12.066459856125231,13.79494368999599
200,33,QB,5.969216271165772,-2.167370749141776,-0.3702267426122887,12.308659284943833,14.105803291473325
300,33,QB,5.6798040893807515,-2.7845201708562692,-0.9149881944094513,12.274596373170954,14.144128349617777
400,33,QB,5.504253720754544,-3.311327679033587,-1.364212846099221,12.37272028760831,14.319835120542681
500,33,QB,5.423051555690587,-3.776282709920104,-1.744407625410937,12.590510736792112,14.622385821301283
600,33,QB,5.241388945664573,-4.386024059590165,-2.259598380420865,12.742376271750011,14.868801950919316
700,33,QB,5.216608343576114,-4.897970247157382,-2.66394334527081,13.097160032423037,15.331186934309615
800,33,QB,5.173999609365335,-5.503509718130697,-3.145147195284247,13.493146414014918,15.851508936861373
900,33,QB,5.164485318313141,-6.168540920487788,-3.6653930858896073,13.994363722515889,16.497511557114077
1000,33,QB,5.273095001323266,-6.823632231302063,-4.1518042534931405,14.697994256139673,17.3698222339486
1100,33,QB,5.473672446722462,-7.506384653240783,-4.63945386722582,15.586798760670744,18.453729546685715
1200,33,QB,5.6644638348421745,-8.322391591347522,-5.2330872753443805,16.56201494502873,19.65131926103188
1300,33,QB,6.047270428093586,-9.066860016457728,-5.728572246101705,17.823113102288875,21.161400872644908
1400,33,QB,6.651613168681052,-9.701534867718113,-6.089582840639152,19.392809178001254,23.004761205080225
1500,33,QB,7.532679438387337,-10.157864878765544,-6.25051950011145,21.315878376886126,25.22322375554023
1600,33,QB,8.291403839689702,-10.818832259389717,-6.597916759671273,23.180724439050678,27.40163993876913
1700,33,QB,8.725533626402028,-11.870957007120014,-7.321769540041737,24.772836792845794,29.322024259924078
1800,33,QB,8.992796081404064,-13.143525113566154,-8.254232236483558,26.239824399291685,31.129117276374295
1900,33,QB,9.889134920843551,-13.831472328387944,-8.592255069013634,28.370524910700738,33.60974217007506
2000,33,QB,11.536672173050286,-13.80845593639623,-8.21042755386537,31.28377189996594,36.88180028249682
2100,33,QB,12.538896161613994,-14.472697250522327,-8.50659339318322,33.584385716411205,39.550489573750326
2200,33,QB,13.436886131813905,-15.291704017018395,-8.946363707481025,35.82013597110883,42.16547628064622
2300,33,QB,15.287450538108915,-15.224160353962636,-8.485000739816014,39.05990181603384,45.79906143018048
2400,33,QB,15.794290467035351,-16.587555323127567,-9.435313242153216,41.02389417622392,48.176136257198294
2500,33,QB,16.13864150369378,-18.225398180831025,-10.6353450289321,42.91262803631966,50.5026811882186
2600,33,QB,16.419539089738752,-20.0636960113719,-12.005571992403446,44.84465017188095,52.90277419084943
2700,33,QB,20.314215990629133,-18.4486998427429,-9.88705824883067,50.515490230088936,59.077131824001185
2800,33,QB,23.534326199081626,-17.689941446589955,-8.584656228343029,55.65330862650628,64.75859384475322
2900,33,QB,24.712970390098672,-19.16924819864599,-9.476896118695098,58.902836898892446,68.59518897884335
3000,33,QB,25.572408696252367,-21.16174563341157,-10.839480887252066,61.9842982797568,72.30656302591632
3100,33,QB,30.943355506578854,-18.816949310292756,-7.8262927436600975,69.71300375681781,80.70366032345049
3200,33,QB,53.28043129521364,0.35583802287345634,12.045397215199515,94.51546537522776,106.20502456755385
3300,33,QB,53.28952835597565,-2.8830955539351635,9.52386256484072,97.05519414711057,109.46215226588649
3400,33,QB,53.29482840096187,-6.1351267798883455,6.991284514554373,99.59837228736936,112.72478358181212
3500,33,QB,57.152882793832894,-5.450296634325504,8.376990951760241,105.92877463590554,119.75606222199133
3600,33,QB,57.31315683496589,-8.27034401855223,6.215213032820223,108.41110063711156,122.89665768848405
3700,33,QB,57.29154618645192,-10.960758186497209,4.114262756502008,110.46882961640182,125.54385055940108
3800,33,QB,57.31218216892293,-13.177464490248369,2.3917226516993466,112.23264168614651,127.80182882809427
3900,33,QB,57.68158763812963,-14.507769154423002,1.4368363135894242,113.92633896266983,129.8709444306823
4000,33,QB,57.645172594675785,-15.620449977939657,0.5618724334601097,114.72847275589146,130.91079516729127
4100,33,QB,58.62045962293376,-15.038958470491814,1.2303423334767132,116.0105769123908,132.27987771635935
4200,33,QB,59.70000809999827,-13.653422586772649,2.5482941758072144,116.85172202418933,133.05343878676922
4300,33,QB,59.62422291309038,-12.74381187874269,3.2402585510164883,116.00818727516426,131.99225770492347
4400,33,QB,58.76127597680219,-12.003126389915629,3.6267465865035433,113.89580536710083,129.52567834352004
4500,33,QB,58.125368100948855,-10.534558075437353,4.63049509841607,111.62024110348165,126.78529427733508
4600,33,QB,58.07538648754159,-8.122123497027204,6.499050960890294,109.6517220141929,124.27289647211042
4700,33,QB,58.17584766324586,-5.344844380037507,8.685096025107583,107.66659930138414,121.69653970652926
4800,33,QB,58.10249195713268,-2.6605788382733095,10.76028032856729,105.44470358569806,118.8655627525387
4900,33,QB,58.05359093693318,0.012686889323823891,12.832295723148057,103.27488615071832,116.09449498454256
5000,33,QB,56.24915815722281,0.8006755720119614,13.047691169640238,99.45062514480537,111.69764074243369
5100,33,QB,54.83976880595726,1.7822665696025126,13.501181626678331,96.1783559852362,107.89727104231204
5200,33,QB,54.98820415706628,4.067210094366537,15.314230381607985,94.66217793252457,105.90919821976604
5300,33,QB,54.23158120800001,5.158357573010214,15.997257165258368,92.46590525074166,103.30480484298982
5400,33,QB,53.842001016756875,6.306229222482628,16.80554879746142,90.87845323605234,101.37777281103115
5500,33,QB,53.99177134192049,7.6709878056043195,17.901950530180926,90.08159215366005,100.31255487823668
5600,33,QB,54.61173643332622,9.180767324734127,19.215194983475804,90.00827788317665,100.04270554191834
5700,33,QB,55.073410043592936,10.214067349307221,20.122238755656987,90.02458133152888,99.93275273787867
5800,33,QB,55.64275585512234,11.056575784254072,20.904413223762795,90.38109848648187,100.22893592599064
5900,33,QB,58.47843322422007,13.884221642390884,23.73383301754987,93.22303343089027,103.07264480604928
6000,33,QB,66.22844218586391,21.371731149317355,31.27932129623717,101.17756307549065,111.0851532224105
6100,33,QB,69.52174218801383,24.1856717101861,34.19913892137398,104.84434545465368,114.85781266584159
6200,33,QB,79.13759017519297,33.14634914453653,43.30452516659708,114.97065518378886,125.12883120584942
6300,33,QB,85.2167557478596,38.438621232224676,48.77059996871287,121.66291152700632,131.99489026349454
6400,33,QB,91.17960218605523,43.53101443757319,54.055251894636875,128.3039524774736,138.8281899345373
6500,33,QB,96.3211911988071,47.769481445161276,58.493193238908646,134.14918915870555,144.87290095245294
6600,33,QB,97.811116049503255,48.374829185624115,59.29391926857325,136.32831283043328,147.24740291338242
6700,33,QB,99.34577551823836,49.09312308455166,60.19252543937289,138.4990255971038,149.5984279519251
6800,33,QB,101.58395727581969,50.63164663185703,61.885583874104455,141.2823306775349,152.53626791978238
6900,33,QB,113.11039055816684,61.61959103938724,72.9924653803893,153.22831573594436,164.60119007694647
7000,33,QB,115.4169667063487,63.59303997785003,75.03949278201661,155.7944406306808,167.2408934348474
7100,33,QB,117.19845475046665,65.28977303864824,76.7549458429717,157.6419636579616,169.1071364622851
7200,33,QB,117.3420242718066,65.6369326745669,77.05713812915384,157.62691041445936,169.0471158690463
7300,33,QB,117.51331986565845,66.3241069096988,77.63036923236086,157.39627049895603,168.70253282161812
7400,33,QB,117.58713267752356,67.21408045204745,78.34007574610251,156.8341896089446,167.96018490299969
7500,33,QB,117.87064694359665,68.57977777069297,79.46674916172279,156.27454472547052,167.16151611650037
7600,33,QB,118.0969122427147,70.11469732399111,80.71262367148495,155.48120081394444,166.0791271614383
7700,33,QB,119.76316460212074,73.27558632684253,83.543389334046,155.98293987019548,166.25074287739898
7800,33,QB,121.40940175454067,76.56238288074724,86.4678323005835,156.35097120849784,166.25642062833413
7900,33,QB,122.0740472904461,78.97501965889732,88.49438680902693,155.65370777186527,165.1730749219949
8000,33,QB,122.96118363577057,81.68155223559444,90.7990657553809,155.12330151616024,164.2408150359467
8100,33,QB,126.50475010761315,87.08300865443985,95.79016636106849,157.2193338541578,165.92649156078647
8200,33,QB,127.90657752202648,90.3518456288339,98.64663325541812,157.16652178863484,165.4613094152191
8300,33,QB,129.5376040750728,93.83337976679498,101.71944213708112,157.3557660130645,165.24182838335065
8400,33,QB,131.6924090797875,97.8003601754643,105.28616379378614,158.09865436578886,165.5844579841107
8500,33,QB,138.78311301153929,106.64676349257712,113.744782328435,163.82144369464356,170.91946253050145
8600,33,QB,141.91401066522832,111.46226042515099,118.18819849914941,165.63982283130724,172.36576090530565
8700,33,QB,142.1733744328553,113.32542991760647,119.69713226121577,164.64961660449484,171.02131894810415
8800,33,QB,140.93749389328653,113.60767647504838,119.64406709560556,162.23092069096748,168.2673113115247
8900,33,QB,139.4416076631953,113.54512638619522,119.26493322916372,159.61828209722688,165.3380889401954
9000,33,QB,138.3803098725878,113.83722539519874,119.2581048204666,157.50251492470898,162.92339434997683
9100,33,QB,136.39095413521466,113.12601701583537,118.26458951583152,154.5173187545978,159.65589125459394
9200,33,QB,135.72223717706737,113.66460048691283,118.53651416238628,152.90796019174846,157.7798738672219
9300,33,QB,135.54447900273587,114.62742923038284,119.24741922604596,151.84153877942578,156.4615287750889
9400,33,QB,136.03047509149332,116.19118013580729,120.57312430163448,151.48782588135217,155.86977004717934
9500,33,QB,136.8419719472897,118.02124507724534,122.17821610313258,151.50572779144682,155.66269881733405
9600,33,QB,137.10283814122903,119.24491687425976,123.18923112959924,151.0164451528588,154.96075940819833
9700,33,QB,137.10310797896807,120.15544692214175,123.89871021139953,150.3075057465366,154.0507690357944
9800,33,QB,136.99606335685576,120.90914008856763,124.46229052657658,149.52983618713495,153.0829866251439
9900,33,QB,137.26987659258933,121.99700972809643,125.37035792428014,149.1693952608985,152.54274345708222
10000,33,QB,137.32062180884773,122.81780045750264,126.02106718399217,148.6201764337033,151.82344316019282
100,22,RB,3.7732452719622636,-6.258352021760288,-4.042653362440908,11.589143906365436,13.80484256568482
200,22,RB,3.7732452719622636,-6.5886400687368365,-4.299990037721834,11.846480581646361,14.135130612661369
300,22,RB,3.6963253741397857,-7.008992079657011,-4.6444875211647165,12.037138269444288,14.401642827936588
400,22,RB,3.492297635773106,-7.571594459085029,-5.127890813129097,12.112486084675309,14.556189730631248
500,22,RB,3.331631188812071,-8.1088987055571,-5.582006326741265,12.245268704365408,14.772161083181249
600,22,RB,3.1311703565104048,-8.707441440478906,-6.092623927498575,12.354964640519384,14.96978215349972
700,22,RB,3.1287844700688985,-9.133678016240854,-6.425243766405808,12.682812706543606,15.391246956378657
800,22,RB,2.9630422665525655,-9.754217019094895,-6.9453309041131215,12.871415437218253,15.680301552200035
900,22,RB,2.9065801371017486,-10.302535682410078,-7.38501224569862,13.198172519902117,16.115695956613582
1000,22,RB,2.841709762766697,-10.903467992581563,-7.867543499909836,13.550963025443231,16.586887518114963
1100,22,RB,3.0390838637515563,-11.294292852257723,-8.128451696228186,14.206619423731297,17.372460579760844
1200,22,RB,3.0865185358289136,-11.895496013733812,-8.586388941409215,14.759426013067042,18.068533085391646
1300,22,RB,3.3257736116088057,-12.37382971276947,-8.906227393900597,15.55777461711821,19.02537693598709
1400,22,RB,3.653834533781251,-12.840751216241348,-9.197559562682489,16.50522863024499,20.148420283803855
1500,22,RB,4.102793681919507,-13.272255206947943,-9.434593925153564,17.64018128899258,21.477842570786965
1600,22,RB,4.435295827308164,-13.912359423531129,-9.8598766582612285,18.730468312877555,22.782951078147466
1700,22,RB,4.674853352312393,-14.74204823157422,-10.453398922009562,19.80310562663435,24.091754936199017
1800,22,RB,4.95890129474915,-15.626432030781409,-11.079708900302233,20.997511489800534,25.54423462027972
1900,22,RB,5.829898594848077,-16.023836150977182,-11.196958699691647,22.8567558893878,27.683633340673346
2000,22,RB,7.187106246928071,-16.0341356925916,-10.905214233062793,25.279426726918935,30.408348186447757
2100,22,RB,7.660970094086778,-17.024456172414265,-11.572137435732078,26.894077623905634,32.34639636058783
2200,22,RB,9.27267156599658,-16.969862104029772,-11.173621987193476,29.718965119186635,35.51520523602295
2300,22,RB,10.168971088200529,-17.718876159538983,-11.559232391064846,31.897174567465903,38.05681833594005
2400,22,RB,11.207770158269259,-18.408375129426243,-11.866998767636076,34.282539084174594,40.82391544596478
2500,22,RB,11.502903243559581,-19.91971978471122,-12.979343125093338,35.9851496122125,42.9255262718304
2600,22,RB,11.94052839592139,-21.36255080488293,-14.0068340854125,37.88789087725528,45.243607596725724
2700,22,RB,12.647404781034492,-22.60696130889104,-14.820260009639004,40.11506957170799,47.90177087096005
2800,22,RB,12.998268779781206,-24.276219303955386,-16.043329679724465,42.03986723928688,50.27275686351782
2900,22,RB,17.7149274401303,-21.64803967465814,-12.953863571950464,48.38371845221106,57.07789455491876
3000,22,RB,18.53862197038981,-22.982463148373522,-13.811619270031304,50.888863210810925,60.059707089153164
3100,22,RB,20.456056566155624,-23.296152560310716,-13.63251592644827,54.54462905875952,64.20826569262198
3200,22,RB,21.78362645754838,-24.27851470603558,-14.104678831922214,57.671931747018974,67.84576762113235
3300,22,RB,22.363996428746855,-26.09528965158192,-15.39199165666059,60.1199845141543,70.82328250907565
3400,22,RB,25.44878841470952,-25.505857417770436,-14.251404397834222,65.14898122725326,76.4034342471895
3500,22,RB,29.389418053130427,-24.172185576292193,-12.341928651308613,71.12076475756948,82.95102168255308
3600,22,RB,29.762993570173112,-26.532618261970693,-14.098495558490573,73.6244826988368,86.05860540231694
3700,22,RB,30.051142466550743,-29.12255204168772,-16.05274154691002,76.15502648001151,89.22483697478924
3800,22,RB,31.291427047779692,-30.922136970451774,-17.180904507608012,79.76375860316739,93.5049910660112
3900,22,RB,31.577216750249946,-33.85600309170351,-19.403638903451004,82.55807240395089,97.01043659220343
4000,22,RB,32.99069278550784,-35.85999536497139,-20.652808218045557,86.63419378906124,101.8413809359871
4100,22,RB,37.5124547467028,-34.97137489426734,-18.961728628030997,93.9866381214366,109.99628438767299
4200,22,RB,40.4850750310471,-35.865389203374406,-19.00171173612989,99.9718617982241,116.83553926546865
4300,22,RB,40.37556668157934,-40.09014297218023,-22.317523140981038,103.06865650413972,120.84127633533897
4400,22,RB,40.04046821426341,-44.797402698466996,-26.0590949956173,106.14003142414413,124.87833912699386
4500,22,RB,39.877284688330334,-49.59091459528203,-29.829897142112557,109.58446651877323,129.34548397194277
4600,22,RB,44.66854743265904,-49.68389727358617,-28.844086910589013,118.18118177590709,139.02099213890432
4700,22,RB,66.5956528471916,-32.88371626663549,-10.911512008259422,144.10281770264262,166.07502196101876
4800,22,RB,67.16546150125478,-37.665415107216745,-14.511212844530718,148.84213584704028,171.99633810972637
4900,22,RB,67.0184225446309,-43.36145133511582,-18.98163111204525,153.01847620130704,177.39829642437766
5000,22,RB,67.15466835825548,-48.9352402490627,-23.29423340534656,157.6035701218575,183.2445769655737
5100,22,RB,67.68873241730799,-54.226026406986875,-27.298473419261583,162.67593825387758,189.6034912416029
5200,22,RB,67.85688592947507,-59.941408531118924,-31.71434743519201,167.42811929414216,195.65518039006912
5300,22,RB,67.28912733672438,-66.38604696111703,-36.860947836438854,171.4392025098876,200.96430163456586
5400,22,RB,67.23347893586872,-72.23834415579533,-41.432927791004715,175.89988566274215,206.7053020275328
5500,22,RB,67.36877568818701,-77.73878160761686,-45.68858952518384,180.42614090155786,212.47633298399094
5600,22,RB,67.45361065356234,-83.04354524357088,-49.802941899044285,184.71016320616894,217.95076655069562
5700,22,RB,67.4232568264081,-88.13032419358905,-53.77289826960251,188.61941192241872,222.97683784640535
5800,22,RB,67.84860819033997,-92.34710369646973,-56.964361181632995,192.66157756231294,228.04432007714976
5900,22,RB,71.02241809139339,-93.32370463749267,-57.02425270249533,199.0690888852821,235.36854082027952
6000,22,RB,72.25079688643588,-95.68354124104492,-58.59155310117113,203.09314687404287,240.18513501391675
6100,22,RB,74.52244228671277,-96.37710851652803,-58.63018801066009,207.67507258408563,245.42199308995367
6200,22,RB,76.44470212226167,-96.75476297359052,-58.49985586643854,211.38926011096189,249.64416721811398
6300,22,RB,80.1875722062538,-94.62234017542974,-56.01173040322422,216.38687481573183,254.99748458793746
6400,22,RB,81.15789407328765,-94.5631093928146,-55.75126513768899,218.0670532842643,256.87889753939
6500,22,RB,82.59095406849497,-93.34877439861103,-54.488619921564265,219.6705280585542,258.53068253560104
6600,22,RB,83.38291966846795,-92.12172313981402,-53.35766688947227,220.12350622640815,258.88756247675
6700,22,RB,83.95851493915487,-90.52521793718455,-51.98665207498931,219.90368195329904,258.4422478154944
6800,22,RB,85.4118599659454,-87.54961713131699,-49.3472749023165,220.1709948342073,258.3733370632079
6900,22,RB,96.9902311740707,-74.03703081037862,-36.26190248429039,230.2423648324318,268.0174931585201
7000,22,RB,97.5284770447622,-71.2473285347585,-33.96948382082623,229.02643791035064,266.30428262428296
7100,22,RB,98.44940550294336,-67.85190548984062,-31.12060727072793,228.01941827661466,264.75071649572743
7200,22,RB,98.04965384222062,-65.64523126750684,-29.489619468573466,225.5889271530147,261.7445389519482
7300,22,RB,98.06899761004136,-62.974028811323066,-27.404138265792398,223.54213348587513,259.1120240314059
7400,22,RB,97.40058428078571,-61.02457357478717,-26.03289681731681,220.83406537888823,255.82574213635866
7500,22,RB,96.31614848050464,-59.595497525929034,-25.158985082900017,217.7912820439093,252.2277944869384
7600,22,RB,96.37810263938408,-57.18691115502571,-23.26870399218876,216.02490927095693,249.94311643379396
7700,22,RB,95.34962642802363,-56.09207385086462,-22.642847127722945,213.3420999837702,246.79132670691195
7800,22,RB,97.06625508445094,-52.52322608935265,-19.48310264934115,213.61561281824305,246.65573625825462
7900,22,RB,97.9245987558823,-50.123913598676126,-17.42414697791125,213.27334448967585,245.97311111044078
8000,22,RB,98.70528339003847,-48.14835242366742,-15.712500538721926,213.12306731879886,245.55891920374444
8100,22,RB,102.287960539052,-43.748678478552335,-11.49327828567418,216.06919936377818,248.32459955665638
8200,22,RB,103.91829760826737,-41.706395850224695,-9.541982884635743,217.3785781011705,249.5429910667595
8300,22,RB,105.77409496371301,-39.8651005426522,-7.697484481176431,219.24567440860244,251.41329047007832
8400,22,RB,108.1991501165559,-37.90151382371138,-5.631972320017667,222.03027255312946,254.29981405682327
8500,22,RB,115.45839610464667,-31.562212478472688,0.9105190110362571,230.00627319825708,262.4790046877661
8600,22,RB,119.17802249267359,-29.22106561547514,3.5561333627175884,234.7999116226296,267.5771106008224
8700,22,RB,119.93160694648836,-30.306871878826627,2.8765969511812415,236.9866169417955,270.17008577180343
8800,22,RB,118.92141423985179,-33.622716226370514,0.07000642434371684,237.77282205535985,271.4655447060742
8900,22,RB,123.74946263035257,-31.56340265659334,2.740855909156778,244.75806935154836,279.06232791729855
9000,22,RB,122.71009100477804,-35.81969335655282,-0.804907536612177,246.22508954616825,281.239875366109
9100,22,RB,122.25862317958041,-39.915318333948164,-4.095640343791899,248.61288670295272,284.4325646931091
9200,22,RB,123.28273676467786,-42.9374323890752,-6.224056127821413,252.78952965717713,289.502905918431
9300,22,RB,128.4636899141005,-42.17711228016759,-4.487342089370657,261.4147219175717,299.10449210836873
9400,22,RB,128.9042751447911,-46.497618904018395,-7.75625697462516,265.56480726420733,304.3061691936007
9500,22,RB,133.69315478766543,-46.770776660941266,-6.911352557424067,274.2976621327549,314.1570862362722
9600,22,RB,138.78305238303605,-46.99904668859185,-5.964988423899001,283.5310931899711,324.56515145466403
9700,22,RB,141.88580863881685,-49.420457403073385,-7.166265495503353,290.93788277313706,333.19207468070715
9800,22,RB,142.3553975733645,-54.626457222060935,-11.118686843998944,295.82948199072797,339.3372523687901
9900,22,RB,142.6060362827687,-60.14706994101499,-15.364591888990589,300.576664454528,345.35914250655253
10000,22,RB,143.2895540010904,-65.27086790739742,-19.205716598054835,305.78482460023565,351.84997590957835
100,23,RB,4.878293741603984,-1.6351937851243585,-0.19654696170207764,9.953134444910045,11.39178126833233
200,23,RB,4.878293741603984,-1.853651654518666,-0.3667536110601075,10.123341094268074,11.610239137726637
300,23,RB,4.801373843781504,-2.1578974636088777,-0.6207894982329334,10.22353718579594,11.76064515117189
400,23,RB,4.597346105414825,-2.5996685356161677,-1.0100497317181016,10.204741942547752,11.794360746445822
500,23,RB,4.436679658453789,-3.010655453295171,-1.3657478738282256,10.239107190735805,11.884014770202754
600,23,RB,4.236218826152123,-3.476577115909765,-1.7730366798194561,10.245474332123703,11.949014768214015
700,23,RB,4.166526431305686,-3.8301718095449093,-2.063925313354135,10.396978175965506,12.163224672156286
800,23,RB,4.059917713232358,-4.243047364620488,-2.409155108709622,10.528990535174337,12.362882791085209
900,23,RB,4.0116286067434626,-4.624641793151678,-2.717131734056542,10.740388947543467,12.647899006638609
1000,23,RB,3.9467582324084116,-5.055259259401648,-3.066965919491107,10.96048238430793,12.948775724218477
1100,23,RB,4.144132333393272,-5.261905491753899,-3.1843753847860334,11.472640051572577,13.55017015854045
1200,23,RB,4.195520539695921,-5.6588515812612945,-3.4822969950337965,11.87333807442564,14.049892660653143
1300,23,RB,4.45003689737028,-5.903029090094941,-3.6163270070052995,12.51640080174586,14.803102884835507
1400,23,RB,4.787686039541777,-6.1203160301204775,-3.7110441211765473,13.286416200260101,15.695688109204037
1500,23,RB,5.236645187680027,-6.287684409840448,-3.7422830254807113,14.215573400840766,16.76097478520051
1600,23,RB,5.5691473330686785,-6.636488401749076,-3.9406055884806763,15.078900254618034,17.77478306788644
1700,23,RB,5.874735061947184,-7.079168437048739,-4.218014248409344,15.967484372303712,18.828638560943112
1800,23,RB,6.133379520469336,-7.636362949605906,-4.595012799993065,16.861771840931738,19.903121990544584
1900,23,RB,7.323152388232829,-7.329327052658101,-4.093005049062256,18.739309825527915,21.975631829123767
2000,23,RB,8.317167727052855,-7.283064781045377,-3.8374106901566023,20.471746144262312,23.917400235151096
2100,23,RB,8.99660815021679,-7.613477584349166,-3.944775221636915,21.937991522070497,25.606693884782757
2200,23,RB,10.734310088953906,-6.944063917890654,-3.0394066196532776,24.50802679756109,28.412684095798475
2300,23,RB,11.966519644469441,-6.8345296030900915,-2.6819048124514975,26.61494410139038,30.767568892028983
2400,23,RB,12.35032025638898,-7.624050193078183,-3.2122716368030275,27.912912149580986,32.324690705856156
2500,23,RB,12.632401604637122,-8.56269558605049,-3.881292709268566,29.146095918542812,33.82749879532474
2600,23,RB,13.157802574441085,-9.302970987586605,-4.342015676930039,30.65762082581221,35.61857613646879
2700,23,RB,13.94583111541234,-9.824062387920595,-4.573959176495183,32.46562140731986,37.715724618745284
2800,23,RB,14.932235063510868,-10.189842472135235,-4.641079709311741,34.50554983633348,40.05431259915698
2900,23,RB,19.212254030380766,-7.3061123301485615,-1.4489485034932557,39.87345656425479,45.730620390910104
3000,23,RB,20.772695402860272,-7.188681650693962,-1.012797209135229,42.55818801485577,48.73407245641452
3100,23,RB,22.32230176945315,-7.133326683949441,-0.6274039916126455,45.27200753051895,51.77793022285576
3200,23,RB,23.422417224594447,-7.5851105167383785,-0.7364167710004033,47.5812512201893,54.42994496592729
3300,23,RB,26.458542017546726,-6.166806677992554,1.0392183694611674,51.877865665632285,59.08389071308603
3400,23,RB,26.833946491351288,-7.485016020800511,0.09508084722174459,53.57281213548083,61.1529090035031
3500,23,RB,31.013936877045946,-5.085638737221242,2.887745654971507,59.14012809912039,67.11351249131316
3600,23,RB,31.254052586103775,-6.725076750656548,1.6634483754702494,60.8446567967373,69.23318192286412
3700,23,RB,31.89648455816492,-8.073247465230025,0.7549459983382931,63.03802311799155,71.86621658155988
3800,23,RB,33.98139418843637,-8.102189471075071,1.192894568241769,66.76989380863097,76.06497784794783
3900,23,RB,38.581593624478764,-5.750991753904472,4.040833726222544,73.12235352273498,82.91417900286203
4000,23,RB,41.95522915699659,-4.773413571132934,5.5476338167362655,78.36282449725691,88.68387188512614
4100,23,RB,42.24895105279202,-7.033196795277426,3.851848299552813,80.64605380603123,91.53109890086151
4200,23,RB,41.83773014586645,-10.16117874356555,1.3239227152502053,82.3515375764827,93.83663903529848
4300,23,RB,41.89665513491575,-12.982684872782315,-0.8613769176194879,84.65468718745097,96.77599514261384
4400,23,RB,46.3608587537248,-11.558889845990933,1.233959145346887,91.48775836210271,104.28060735344056
4500,23,RB,67.4898333083076,6.378430874188176,19.87622673638225,115.10343988023294,128.60123574242704
4600,23,RB,68.03731227197524,3.5967784607557434,17.829886129530664,118.24473841441981,132.47784608319478
4700,23,RB,68.44490092276719,0.5580118810600254,15.552322819877325,121.33747902565705,136.3317899644744
4800,23,RB,68.44563737492028,-2.977844860768343,12.797600384882259,124.0936743649583,139.86911961060895
4900,23,RB,68.01780879965416,-6.998570198425057,9.570445234147158,126.46517236516117,143.0341877977334
5000,23,RB,68.15094324602387,-10.473772469090704,6.8922234036065575,129.4096630884412,146.77565896113848
5100,23,RB,68.99833613709086,-13.20309633499052,4.952896014951264,133.04377625923047,151.19976860917228
5200,23,RB,69.16977555704875,-16.524184043311237,2.4032096547095705,135.93634145938793,154.86373515740877
5300,23,RB,68.66170286969701,-20.38393420469241,-0.7162488992398437,138.03965463863386,157.70733994408647
5400,23,RB,68.40873779462594,-23.78856854479298,-3.4247678391026284,140.2422434283545,160.6060441340449
5500,23,RB,68.19177560460327,-26.89965370400158,-5.896622355874712,142.28017356508124,163.28320491320818
5600,23,RB,68.6358754601085,-29.039034611172397,-7.465384776812954,144.73713569702994,166.31078553138946
5700,23,RB,68.92392718731764,-30.974505466169575,-8.909741818116288,146.75759619275158,168.8223598408049
5800,23,RB,69.34927855124954,-32.3696601135525,-9.902797715873646,148.60135481837273,171.06821721605164
5900,23,RB,73.06029268050025,-30.044034852556862,-7.271178885942618,153.39176424694313,176.16462021355744
6000,23,RB,75.94776419358362,-28.088990873384276,-5.1101878002118895,157.00571618737914,179.98451926055156
6100,23,RB,77.68000658549312,-26.829194481892685,-3.7460413297571193,159.10605450074337,182.18920765287896
6200,23,RB,79.31693509580283,-25.208715536412598,-2.121929136482862,160.75579932808853,183.84258572801832
6300,23,RB,81.37112646036434,-22.738935254593628,0.2560592023549333,162.48619371837373,185.48118817532236
6400,23,RB,82.10829737230489,-21.199892448793165,1.617990983046468,162.5986037615633,185.416487193403
6500,23,RB,83.64509074220842,-18.533529228033217,4.034863885278938,163.25531759913792,185.82371071245012
6600,23,RB,84.5955081598552,-16.18787457889995,6.072349738085862,163.11866658162455,185.3788908986104
6700,23,RB,84.91353050318557,-14.274186481431371,7.6335999965297106,162.19346100984143,184.10124748780254
6800,23,RB,86.48375355110173,-10.972324269571047,10.552991654435786,162.41451544776766,183.93983137177455
6900,23,RB,97.94670868565274,2.2965201399435244,23.42296574168175,172.4704516296237,193.596897231362
7000,23,RB,98.88256124190092,5.054619951399644,25.778582211542883,171.98654027225894,192.71050253240224
7100,23,RB,99.08154401382126,7.040048031366538,27.369434596524187,170.79365343111834,191.12303999627602
7200,23,RB,97.55224976482725,7.215830575044734,27.168613469526278,167.9358860601282,187.88866895460984
7300,23,RB,95.14620947321167,6.393575990487761,25.996545015350065,164.2958739310733,183.8988429559356
7400,23,RB,95.22712643369479,7.9016672659878395,27.189413487959428,163.26483937943016,182.5525856014018
7500,23,RB,95.34769082158022,9.264344384433656,28.277742720296587,162.41763892286383,181.4310372587268
7600,23,RB,95.39980411490207,10.349403836089834,29.134653318768372,161.66495491103575,180.45020439371433
7700,23,RB,96.62012603450556,12.373129424450639,30.980929555880607,162.2593225131305,180.86712264456054
7800,23,RB,98.50502313644243,14.813623178757013,33.298707582897194,163.71133868998766,182.1964230941279
7900,23,RB,99.53384315461422,16.136234826904712,34.55642889488037,164.51125741434805,182.93145148232378
8000,23,RB,100.35107995904242,16.97387238750926,35.38956050027305,165.31259941781178,183.72828753057564
8100,23,RB,104.10450479151598,20.465226891150138,38.9387989937951,169.27021058923685,187.74378269188185
8200,23,RB,105.74639658931176,21.563064489711692,40.15680291528059,171.33599026334292,189.92972868891187
8300,23,RB,107.64001383639162,22.631861290014413,41.407779432790164,173.87224823999307,192.64816638276886
8400,23,RB,110.24575742126778,24.130838130976244,43.15121002512066,177.3403048174149,196.3606767115594
8500,23,RB,117.50500340935865,30.00371979694758,49.33030071044435,185.67970610827297,205.00628702176977
8600,23,RB,127.26000989468942,38.10360700010307,57.7957573705022,196.72426241887663,216.41641278927582
8700,23,RB,129.18522360504065,38.12001155051364,58.23376436095725,200.13668284912404,220.2504356595677
8800,23,RB,129.6498145848364,36.4401046499742,57.027516932508604,202.2721122371642,222.85952451969865
8900,23,RB,133.5067056357341,37.93636271405954,59.045172655499,207.9682386159692,229.07704855740872
9000,23,RB,136.5922301730451,38.46861515618572,60.14137133594943,213.04308901014076,234.7158451899045
9100,23,RB,134.69116998630327,33.84862166622736,56.121914001732236,213.26042597087428,235.53371830637923
9200,23,RB,138.7727822295662,35.07592385221089,57.97965327385691,219.56591118527547,242.46964060692153
9300,23,RB,141.8014577029117,35.14836600273,58.70504450299589,224.89787090282752,248.45454940309347
9400,23,RB,142.85123480957785,33.175736853998714,57.39998017888064,228.30248944027505,252.52673276515702
9500,23,RB,144.13187913819164,31.403955914307588,56.302394422332284,231.961363854051,256.85980236207575
9600,23,RB,144.42119882294003,28.649900704839553,54.22053542205033,234.62186222382974,260.19249694104053
9700,23,RB,144.7707022501082,26.00555177706856,52.23744456264198,237.3039599375744,263.5358527231479
9800,23,RB,145.15787526894147,23.487792497626742,50.36130340345001,239.95444713443294,266.82795804025625
9900,23,RB,145.51819845005218,21.07393081693958,48.56018139910891,242.47621550099547,269.9624660831648
10000,23,RB,146.90794396641527,19.864589001801377,47.924905123809026,245.89098280902152,273.9512989310292
100,24,RB,5.236531297472939,-3.0964486077270097,-1.2559269177623769,11.728989512708255,13.569511202672892
200,24,RB,5.236531297472939,-3.3810555664255757,-1.4776721767378111,11.950734771683688,13.85411816137146
300,24,RB,5.054043849028439,-3.8599557358605345,-1.8911030844715695,11.999190782528448,13.968043433917417
400,24,RB,4.95558366128378,-4.268970845420724,-2.231525316570231,12.14269263913779,14.18013816798829
500,24,RB,4.794917214322743,-4.757469493865801,-2.647615020752318,12.237449449397804,14.347303922511294
600,24,RB,4.594456382021078,-5.306875301241319,-3.1199486639639913,12.308861428006146,14.495788065283481
700,24,RB,4.5247639871746435,-5.751536977588727,-3.481790136311827,12.531318110661115,14.80106495193802
800,24,RB,4.418155269101317,-6.264989825750061,-3.905382519863795,12.741693058066428,15.1013003639527
900,24,RB,4.338251063525784,-6.790597117029365,-4.3325464924438615,13.009048619495431,15.467099244080941
1000,24,RB,4.346855472439037,-7.274483481454608,-4.707655449417141,13.401366394295215,15.968194426332687
1100,24,RB,4.502369889262233,-7.666602844942896,-4.978817860856181,13.983557639380646,16.671342623467368
1200,24,RB,4.553758095564883,-8.226516721594265,-5.403712242009266,14.511228433139031,17.334032912724037
1300,24,RB,4.801711898056792,-8.66189539872741,-5.688161928011351,15.291585724124936,18.265319194841
1400,24,RB,5.255400859064558,-8.97132740957256,-5.829041906241407,16.339843624370523,19.482129127701683
1500,24,RB,5.656369532762305,-9.419102100527535,-6.089352977983513,17.402092043508123,20.731841166052153
1600,24,RB,5.99886960793084,-10.014278926976704,-6.477423259686392,18.47516247554807,22.01201814283839
1700,24,RB,6.270826808229088,-10.77009051146264,-7.006229527684831,19.547883144143007,23.311744127920825
1800,24,RB,6.485054521155839,-11.672909873506828,-7.662324501384748,20.632433543696425,24.643018915818516
1900,24,RB,7.674827388919342,-11.686814541082624,-7.410370540148454,22.760025317987136,27.03646931892132
2000,24,RB,8.874419303744599,-11.773276738972037,-7.212779432275962,24.96161803976516,29.522115346461245
2100,24,RB,9.680423312783082,-12.330268846367767,-7.468723901950964,26.829570527517127,31.69111547193394
2200,24,RB,11.754035284831811,-11.690524533445654,-6.512278414036874,30.020348983700497,35.198595103109284
2300,24,RB,12.33124638219815,-12.612364595267232,-7.103020092778197,31.7655128571745,37.27485735966355
2400,24,RB,12.701995257075517,-13.800923689333295,-7.947171763470518,33.351162277621555,39.20491420348434
2500,24,RB,13.075009384381463,-15.043709966593436,-8.83307302179503,34.98309179055796,41.19372873535638
2600,24,RB,13.681562510043586,-16.107125913196732,-9.527639609100506,36.89076462918768,43.47025093328392
2700,24,RB,15.105131000366649,-16.407048148818852,-9.446891052323911,39.65715305305721,46.61731014955217
2800,24,RB,15.654895254985973,-17.635791516462277,-10.282811937280279,41.592602447252226,48.945582026434245
2900,24,RB,20.303832834902913,-14.824241005102706,-7.065434123921566,47.67309979372739,55.431906674908554
3000,24,RB,21.51461986355162,-15.516377028541068,-7.337267783554346,50.366507510657584,58.54561675564433
3100,24,RB,23.064226230144484,-15.9446119578041,-7.3286530089006625,53.45710546918963,62.07306441809309
3200,24,RB,26.620096507039595,-14.453452370236132,-5.381456703322964,58.62164971740215,67.69364538431535
3300,24,RB,26.95209142587436,-16.28712841970373,-6.736796739043559,60.640979590792284,70.19131127145248
3400,24,RB,27.433396838967756,-18.08811425552236,-8.033688409962327,62.90048208789784,72.95490793345789
3500,24,RB,31.985892814478785,-15.950727008268874,-5.362871339458334,69.3346569684159,79.92251263722648
3600,24,RB,33.65775326411667,-16.84308438721466,-5.688864874377899,73.00437140261124,84.15859091544803
3700,24,RB,38.020951146792676,-15.20915563654652,-3.452117073098968,79.49401936668431,91.2510579301319
3800,24,RB,38.68056610801169,-17.45958323319809,-5.059797836395198,82.42093005241858,94.8207154492215
3900,24,RB,42.35019700175184,-16.895380524456513,-3.809693085870137,88.51008708937381,101.59577452796023
4000,24,RB,42.40251383098016,-20.153330194345358,-6.336497671947306,91.14152533390762,104.95835785630571
4100,24,RB,42.99086996892201,-23.08144798014723,-8.487924933773883,94.46966487161791,109.06318791799129
4200,24,RB,47.3789511481215,-22.41118439118239,-6.996499648512511,101.75440194475551,117.16908668742543
4300,24,RB,68.74046244376774,-4.957001160591588,11.320702830337183,126.1602220571983,142.4379260481271
4400,24,RB,68.95989559808568,-8.815469926359356,8.362928296267086,129.55686289990427,146.73526112253074
4500,24,RB,68.55535964748493,-13.440569807403136,4.67003268623268,132.4406866087372,150.55128910237306
4600,24,RB,68.53376640924247,-17.788006796133757,1.2780533297955259,135.78947948868944,154.85553961461875
4700,24,RB,68.66056544139222,-22.045242310440784,-2.0108718364602822,139.3320027192447,159.3663731932253
4800,24,RB,68.67255656603056,-26.418809738469292,-5.415792306183235,142.76090543824438,163.76392287053048
4900,24,RB,68.55805682277901,-30.85530917099706,-8.897683151791284,146.0137967973493,167.97142281655513
5000,24,RB,68.75416308233851,-34.84525115071443,-11.963044409212714,149.47137057388971,172.3535773153915
5100,24,RB,69.56901676003321,-38.003177298125834,-14.243494849164549,153.38152836923098,177.1412108181923
5200,24,RB,69.575678719148,-41.67622458432621,-17.10379750429486,156.25515494259088,180.82758202262227
5300,24,RB,68.70898876715438,-45.854420390391624,-20.550574487777894,157.96855202208667,183.27239792470044
5400,24,RB,68.81528858221316,-48.62226250060664,-22.683599208093526,160.31417637251985,186.25283966503304
5500,24,RB,68.93190700701962,-50.88044916692432,-24.417257994903792,162.28107200894303,188.74426318096363
5600,24,RB,69.91133067271952,-51.72524088982716,-24.85913167071095,164.68179301614998,191.54790223526624
5700,24,RB,71.85847511796943,-51.019523223583164,-23.879217625829654,167.59616786176852,194.7364734595221
5800,24,RB,72.28382648190127,-51.23885187646147,-23.95615453319499,168.52380749699753,195.80650484026407
5900,24,RB,75.45514458266457,-48.116173305932165,-20.822732853789418,171.73302201911855,199.02646247126137
6000,24,RB,76.36860605107834,-46.676654346914674,-19.4994052492021,172.2366173513588,199.41386644907143
6100,24,RB,77.86769748789449,-44.13019595730145,-17.184280862059254,172.91967583784822,199.86559093309052
6200,24,RB,79.65918920294436,-40.8466588267561,-14.230294742181528,173.54867314807024,200.16503723264486
6300,24,RB,81.82879664108043,-36.82434585624836,-10.617192492957258,174.27478577511812,200.48193913840927
6400,24,RB,82.35143036976375,-34.1763208022351,-8.438606808585504,173.14146754811298,198.87918154176265
6500,24,RB,84.0735751741786,-30.14397365852217,-4.91651860729867,173.06366895565588,198.29112400687944
6600,24,RB,84.85861213737388,-26.9477002554099,-2.2528197474816523,171.97004402222942,196.66492453015772
6700,24,RB,85.57429725339627,-23.79787710216786,0.3593705415463546,170.78922396524618,194.94647160896045
6800,24,RB,86.49104802843723,-20.49413523647125,3.135892982009196,169.8462030748653,193.4762312933458
6900,24,RB,96.82399526542379,-7.88174654452898,15.244816948657629,178.40317358218994,201.5297370753766
7000,24,RB,95.33446376223556,-7.251521926676276,15.406846855543066,175.26208066892804,197.92044945114745
7100,24,RB,96.30083570818195,-4.370324082050573,17.865113331184418,174.73655808517947,196.97199549841451
7200,24,RB,95.96955746084498,-3.0273672200534207,18.838278585871095,173.10083633581888,194.96648214174343
7300,24,RB,95.8390266049078,-1.7537580410698865,19.801752588792766,171.87630062102284,193.43181125088552
7400,24,RB,95.7465961720508,-0.7367368260849787,20.573727032388504,170.9194653117131,192.22992917018664
7500,24,RB,96.03635154891302,0.3467960644789372,21.481936719537217,170.59076637828883,191.72590703334714
7600,24,RB,96.25894118897523,1.0324690478256286,22.065327572448837,170.45255480550162,191.48541333012489
7700,24,RB,98.01935736350687,2.9124344964685207,23.918887937373242,172.1198267896405,193.12628023054526
7800,24,RB,99.7290018334245,4.392629494887615,25.449761892641916,174.00824177420708,195.06537417196142
7900,24,RB,100.78399373101296,4.873736942000178,26.057624329044103,175.5103631329818,196.69425052002578
8000,24,RB,101.83355906985436,5.007468162013254,26.393637635332382,177.27348050437632,198.65964997769552
8100,24,RB,105.76767233436134,7.685050747084574,29.348752627287837,182.18659204143484,203.85029392163815
8200,24,RB,113.53702859401704,13.868586572620686,35.882551736618126,191.19150545141596,213.20547061541345
8300,24,RB,116.60227509763318,15.037968805264995,37.47067724617533,195.73387294909105,218.16658139000143
8400,24,RB,121.05851873985569,17.312367729882837,40.226984512415385,201.890052967296,224.80466974982858
8500,24,RB,128.30004859506357,22.112112237284308,45.56605096058753,211.03404622953963,234.4879849528429
8600,24,RB,137.10366563496387,28.243964628882225,52.28802127418028,221.91930999574748,245.96336664104558
8700,24,RB,141.78369087884704,30.057072206263783,54.73435060519242,228.83303115250166,253.51030955143034
8800,24,RB,145.31082406161732,30.56092418304395,55.90596065864992,234.71568746458473,260.06072394019077
8900,24,RB,147.01543743643796,29.128640914303602,55.16652993213741,238.86434494073853,264.90223395857237
9000,24,RB,146.58525768683907,25.493631921920837,52.23937788901907,240.93113748465908,267.67688345175736
9100,24,RB,145.30085834872207,20.98246278335489,48.44091175391809,242.16080494352605,269.6192539140893
9200,24,RB,144.58189268136312,17.06376829433573,45.22894767410051,243.93483768862572,272.10001706839057
9300,24,RB,144.85731532609586,14.217040803515886,43.071815635229925,246.64281501696178,275.49758984867594
9400,24,RB,145.82467651704752,12.188673890535995,41.7051210909884,249.94423194310664,279.4606791435591
9500,24,RB,146.59834446874302,10.144518806368211,40.28334413265192,252.91334480483414,283.0521701311179
9600,24,RB,148.26851626090394,9.228942352509733,39.938886988539636,256.5981455332682,287.3080901692982
9700,24,RB,148.84282857722036,7.505708765707396,38.72311689216774,258.96254026227297,290.1799483887334
9800,24,RB,149.09175714522195,5.8024551617593545,37.45104561088357,260.7324686795603,292.3810591286846
9900,24,RB,149.34068970135306,4.501462508384861,36.492387992319124,262.18899141038696,294.1799168943213
10000,24,RB,149.64493998074244,3.699513609800931,35.93476748569621,263.35511247578864,295.590366351684
100,25,RB,5.264365145743077,-2.5589127364067927,-0.8309699365289003,11.359700228015054,13.087643027892952
200,25,RB,5.264365145743077,-2.830926105595961,-1.0429031769227732,11.571633468408926,13.35965639708212
300,25,RB,5.081877697298573,-3.296977920548459,-1.44632357154347,11.610078966140616,13.46073331514561
400,25,RB,4.836318651337146,-3.8402078374607527,-1.9238063366939002,11.596443639368193,13.51284514013505
500,25,RB,4.822751062592881,-4.168887214080704,-2.1828863518673147,11.828388477053078,13.81438933926647
600,25,RB,4.622290230291214,-4.706103220489639,-2.645722579469214,11.890303040051641,13.950683681072071
700,25,RB,4.552597835444775,-5.139515867625844,-2.9987996178514633,12.103995288741014,14.2447115385154
800,25,RB,4.44598911737145,-5.643196132250306,-3.414777907647074,12.306756142389975,14.535174366993212
900,25,RB,4.366084911795915,-6.161111362133066,-3.835948779586764,12.568118603178593,14.893281185724902
1000,25,RB,4.374689320709169,-6.639860510344119,-4.207055187412835,12.956433828831173,15.38923915176246
1100,25,RB,4.534157271757653,-7.025804685772915,-4.472533111852025,13.540847655367331,16.09411922928823
1200,25,RB,4.5942442047723215,-7.577887178665227,-4.889404537499125,14.077892947043768,16.766375588209876
1300,25,RB,4.945585565163194,-7.913812564331005,-5.073531962855489,14.964703093181877,17.804983694657402
1400,25,RB,5.283234707334684,-8.34549788532443,-5.335292865165422,15.901762279834792,18.911967299993805
1500,25,RB,5.684203381032434,-8.800242704856487,-5.601034559452685,16.969441321517554,20.168649466921366
1600,25,RB,6.026703456200978,-9.401589081813697,-5.99391171088715,18.047318623289105,21.454995994215658
1700,25,RB,6.298660656499214,-10.161144597886098,-6.525634980925959,19.12295629392439,22.75846591088453
1800,25,RB,6.880339775263509,-10.696133617952672,-6.81398330902013,20.574662859547146,24.456813168479698
1900,25,RB,7.9124969057722705,-10.861453661990607,-6.714814210150685,22.539808021695226,26.68644747353516
2000,25,RB,9.249286190084925,-10.797208128168146,-6.369499430890034,24.868071811059885,29.295780508338005
2100,25,RB,10.391200232435024,-10.99634583052701,-6.272436392147684,27.054836857017733,31.77874629539707
2200,25,RB,11.809813746334536,-10.980984143530735,-5.947135709344371,29.56676320201344,34.600611636199815
2300,25,RB,12.375566153420559,-11.875184162898853,-6.518873159766587,31.270005466607707,36.62631646973998
2400,25,RB,12.831575917087717,-12.931581105165693,-7.241221853029197,32.90437368720463,38.59473293934114
2500,25,RB,13.285742200251821,-14.039566424176336,-8.004171669791543,34.57565607029518,40.61105082467999
2600,25,RB,14.527835275265762,-14.408486733691156,-8.017264278918145,37.072934829449665,43.46415728422269
2700,25,RB,15.512773873876306,-15.084844411055926,-8.326688174589528,39.35223592234214,46.11039215880855
2800,25,RB,16.431456741542693,-15.881739564249369,-8.744660230146707,41.60757371323209,48.74465304733478
2900,25,RB,20.743119466795317,-13.346899071753317,-5.817369510264513,47.30360844385515,54.83313800534397
3000,25,RB,24.40966131719784,-11.528259812315728,-3.5905803646750982,52.40990299907078,60.34758244671143
3100,25,RB,26.092727491775566,-11.77660237212812,-3.412328871906869,55.597783855458005,63.96205735567928
3200,25,RB,26.805750448527668,-13.093023813508289,-4.280502930497981,57.89200382755332,66.70452471056365
3300,25,RB,27.243646306651293,-14.798415320391861,-5.51250233419632,59.999794947498906,69.28570793369447
3400,25,RB,28.097457309561054,-16.217749682089394,-6.429762600480334,62.62467721960245,72.41266430121154
3500,25,RB,33.46983168856203,-13.264319211104194,-2.942055222535039,69.88171859965911,80.20398258822829
3600,25,RB,38.01821793731019,-11.296010249794989,-0.4038795072746808,76.44031538189506,87.3324461244154
3700,25,RB,41.456986471565685,-10.613427240735689,0.8874676291917467,82.02650531393962,93.52740018386709
3800,25,RB,42.1791239207651,-12.835404809210296,-0.6842374545984455,85.04248529612865,97.19365265074052
3900,25,RB,42.818740408658726,-15.331808027123948,-2.48798182125374,88.1254626385712,100.96928884444144
4000,25,RB,47.61292679407631,-13.861955744168164,-0.28387731521843307,95.50973090337105,109.08780933232082
4100,25,RB,47.842366188550294,-17.13481812208679,-2.7831794001537915,98.46791177725439,112.81955049918741
4200,25,RB,68.94051980892368,0.30086964930347904,15.461444419384357,122.41959519846301,137.58016996854394
4300,25,RB,69.32302059310949,-3.112739918001381,12.886289224813304,125.75975196140567,141.75878110422042
4400,25,RB,68.97338154551738,-7.355849405782564,9.503138224383378,128.4436248666514,145.30261249681737
4500,25,RB,68.28805597627445,-11.985783440623834,5.74445763332173,130.83165431922717,148.5618953931728
4600,25,RB,68.27771741051727,-15.935836372007202,2.6645771762143937,133.89085764482013,152.4912711930418
4700,25,RB,68.72683779788954,-19.356861228503092,0.09835892500119314,137.35531667077788,156.81053682428222
4800,25,RB,68.80180073571768,-23.01050069125185,-2.7317367791416416,140.335338250577,160.61410216268723
4900,25,RB,68.48998431825072,-26.832590804925687,-5.778505825312436,142.75847446181388,163.8125594414272
5000,25,RB,68.62640467241121,-29.909366510317142,-8.145576586134922,145.39838593095735,167.16217585513962
5100,25,RB,69.14868531316401,-32.23001583939086,-9.838302371405177,148.1356729977332,170.52738646571893
5200,25,RB,69.47010671302901,-34.314615838972884,-11.391479683955652,150.33169311001367,173.25482926503096
5300,25,RB,68.9218223153988,-36.77377970534695,-13.428583837100788,151.2722284678984,174.6174243361446
5400,25,RB,69.56344594065229,-37.502404746143725,-13.854559355253585,152.98145123655814,176.62929662744835
5500,25,RB,71.3391570834995,-36.53167310337979,-12.706030304271295,155.3843444712703,179.20998727037886
5600,25,RB,71.79726184049566,-36.306264810361995,-12.42922588477741,156.02374956576875,179.90078849135338
5700,25,RB,71.77156831129373,-36.0010023469455,-12.19706232352651,155.740198946114,179.54413896953304
5800,25,RB,72.15388393112634,-34.75911704634608,-11.145031871910945,155.45279973416365,179.0668849085988
5900,25,RB,75.1350868208956,-30.455531877462036,-7.133523882478258,157.40369752426943,180.72570551925327
6000,25,RB,76.15110959378768,-27.736641671365504,-4.790749361479129,157.0929685490545,180.03886085894092
6100,25,RB,77.80865284827756,-24.081947846652596,-1.5771701181570847,157.1944758147122,179.69925354320776
6200,25,RB,79.52792307048219,-20.159710670926955,1.858493406082772,157.1973527348816,179.2155568118914
6300,25,RB,81.51364102165807,-15.850154845159778,5.654778581877835,157.37250346143833,178.87743688847598
6400,25,RB,82.43393752303339,-12.564427291739122,8.41804871827189,156.44982632779488,177.43230233780596
6500,25,RB,83.4561576972421,-9.20681211000715,11.25984060331028,155.65247479117392,176.11912750449142
6600,25,RB,83.14692890276855,-7.272102335760323,12.69892724469669,153.5949305608404,173.56596014129747
6700,25,RB,83.72252417345543,-4.596190020563611,14.910938396059976,152.53410995085088,172.04123836747453
6800,25,RB,83.07587033352104,-3.3308595993539285,15.753965086366549,150.39777558067553,169.48260026639605
6900,25,RB,94.58856497347075,9.870340233205141,28.582221450206077,160.59490849673543,179.3067897137364
7000,25,RB,95.37454290596098,12.093344993896892,30.487827264007834,160.2612585479141,178.65574081802512
7100,25,RB,96.15317966533998,14.034895494770979,32.17252271553229,160.13383661514766,178.271463835909
7200,25,RB,95.99715405002215,14.748791731261349,32.694277598624204,159.30003050142008,177.245516368783
7300,25,RB,96.03709954082544,15.352819414987408,33.17371533699959,158.9004837446513,176.7213796666635
7400,25,RB,96.29616779148635,15.859729216103062,33.625883886549076,158.96645169642363,176.73260636686967
7500,25,RB,96.62007995633873,16.112799724868296,33.89460133147216,159.3455585812053,177.12736018780922
7600,25,RB,96.70142416209804,15.810900106947315,33.67734953198507,159.725498792211,177.59194821724878
7700,25,RB,98.50340093709195,16.921057990787475,34.94031081739124,162.06649105679267,180.08574388339647
7800,25,RB,100.56448152250294,17.98604900991043,36.225310101595525,164.90365294341035,183.1429140350955
7900,25,RB,107.72395353360122,23.860193477672098,42.38334739630902,173.0645596708934,191.58771358953038
8000,25,RB,109.98698785366341,24.570061311474035,43.43626617210403,176.5377095352228,195.40391439585284
8100,25,RB,115.83065163956091,28.61795114242649,47.880792134662585,183.78051114445924,203.04335213669538
8200,25,RB,122.60415118278671,33.38012330399134,53.08721013789287,192.12109222768055,211.82817906158212
8300,25,RB,128.42420921993485,37.004921920221946,57.19688002769712,199.65153841217258,219.84349651964783
8400,25,RB,135.51144105401124,41.74847898372005,62.45808915546823,208.56479295255426,229.2744031243025
8500,25,RB,142.75297090921887,46.537113863835316,67.78849978162191,217.71744203681584,238.9688279546025
8600,25,RB,149.38454237886958,50.648915829607716,72.45684820236721,226.31223655537195,248.1201689281315
8700,25,RB,150.54886333584298,49.269946937429864,71.63962075016435,229.45810592152162,251.82777973425615
8800,25,RB,149.91137766506571,46.109940991549436,69.03676882751705,230.78598650261438,253.71281433858206
8900,25,RB,148.86523414458063,42.609054561488406,66.07806630042477,231.65240198873647,255.12141372767292
9000,25,RB,148.35263847926734,39.75441545406095,63.740718942538265,232.96455801599643,256.9508615044738
9100,25,RB,146.5530393063393,35.771545045073495,60.240071953114764,232.86600665956382,257.33453356760515
9200,25,RB,147.26549623417895,34.507854232209,59.412856785303845,235.11813568305405,260.02313823614895
9300,25,RB,147.83414496706246,33.35739061367042,58.64209689895644,237.0261930351685,262.31089932045455
9400,25,RB,148.27473019775312,32.38646124178257,57.98293153841901,238.56652885708723,264.1629991537237
9500,25,RB,149.3371690947856,32.394997266544365,58.224245167062904,240.45009302250827,266.2793409230269
9600,25,RB,149.79916377320353,32.197488738227094,58.17240241142318,241.42592513498388,267.40083880818
9700,25,RB,149.756003324789,31.896081640921594,57.92803476027642,241.58397188930155,267.61592500865646
9800,25,RB,149.69993864759508,31.96926751635688,57.972672811492714,241.42720448369744,267.43060977883334
9900,25,RB,150.05968268062517,32.821401615091304,58.71605174626876,241.40331361498158,267.2979637461591
10000,25,RB,150.3075266491569,33.897239428919306,59.60900892810652,241.0060443702073,266.71781386939455
100,26,RB,4.533826954717898,-1.6650301932757676,-0.29587640151453787,9.363530310950335,10.732684102711566
200,26,RB,4.533826954717898,-1.8843814196552993,-0.4667790903403013,9.534432999776097,10.9520353290911
300,26,RB,4.3513395062733995,-2.295773258355574,-0.8276123653590561,9.530291377905854,10.998452270902376
400,26,RB,4.105780460311971,-2.782124532490994,-1.26077938562959,9.472340306253532,10.993685453114939
500,26,RB,4.032694287377858,-3.1108831311805147,-1.5330671118962638,9.59845568665198,11.176271705936234
600,26,RB,3.8244455308611096,-3.593552398033511,-1.9551245799460668,9.604015641668287,11.242443459755734
700,26,RB,3.8220596444196024,-3.893948988462931,-2.1896989590211655,9.833818247860371,11.538068277302141
800,26,RB,3.715450926346273,-4.3280163917269405,-2.551439917301832,9.9823417699943775,11.758918244419492
900,26,RB,3.6355467207707397,-4.771711055076959,-2.9147834654741596,10.18587690701564,12.042804496618444
1000,26,RB,3.6441511296839946,-5.170653105396491,-3.2237099263623343,10.512012185730324,12.458955364764485
1100,26,RB,3.803619080732481,-5.470075284282876,-3.421776138107989,11.029014299572951,13.077313445747844
1200,26,RB,3.863706013747147,-5.927627222064351,-3.764996158603237,11.492408186097531,13.655039249558651
1300,26,RB,4.215047374138023,-6.1594378069185245,-3.86800482433856,12.298099572614607,14.589532555194577
1400,26,RB,4.620745860705282,-6.407210836850667,-3.971444312899661,13.212936034310225,15.648702558261238
1500,26,RB,5.031712464182914,-6.722316687899993,-4.126181110351628,14.189606038717457,16.785741616265828
1600,26,RB,5.340582010771197,-7.21226100297795,-4.439689833916438,15.120853855458831,17.89342502452035
1700,26,RB,5.931314778734014,-7.49128878195238,-4.526611887217082,16.38924144468511,19.353918339420414
1800,26,RB,6.35537816024356,-8.004378354811895,-4.832710640591439,17.543466961078558,20.71513467529902
1900,26,RB,7.524732660239732,-7.834606433996776,-4.442158946055101,19.491624266534565,22.88407175447625
2000,26,RB,8.520043022936473,-7.89545363183862,-4.269730542574736,21.30981658844768,24.935539677711574
2100,26,RB,9.661957065286563,-7.86040518247521,-3.990206508853289,23.314120639426413,27.18431931304835
2200,26,RB,11.080570579186078,-7.594193471909589,-3.4694615414311567,25.630602699803312,29.75533463028176
2300,26,RB,11.734098803714257,-8.13454005942798,-3.7461146469452338,27.21431225437375,31.602737666856505
2400,26,RB,12.27126072323958,-8.830007791208283,-4.169329039016192,28.711850485495354,33.37252923768745
2500,26,RB,13.360966955755508,-9.010629012523435,-4.069370532702976,30.791304444213992,35.73256292403447
2600,26,RB,14.166420337290246,-9.51419503188668,-4.283810857855224,32.61665153243572,37.84703570646719
2700,26,RB,15.520277548947842,-9.511370956655139,-3.982581431867775,35.02313652976346,40.55192605455083
2800,26,RB,16.10168556194989,-10.328972702903432,-4.491181136149585,36.69455226004936,42.53234382680323
2900,26,RB,22.856723619789847,-5.0294290967012,1.1298403973173876,44.583606842262306,50.74287633628091
3000,26,RB,23.813877958034226,-5.5949875199933565,0.9006065418362041,46.72714937423225,53.222743436061826
3100,26,RB,25.602845071900816,-5.408428473423495,1.441092615422363,49.76459752837927,56.614118617225145
3200,26,RB,26.927734365743014,-5.778984738667695,1.445012751315943,52.410455980170084,59.634453470153744
3300,26,RB,27.126269476592924,-7.382285437325031,0.23968707802541545,54.012851875160436,61.6348243905109
3400,26,RB,28.79995888299266,-7.6298815991430935,0.41644904513002956,57.18346872085529,65.22979936512843
3500,26,RB,37.087370654730215,-1.3957544374101758,7.1040892242201394,67.07065208524028,75.57049574687062
3600,26,RB,40.711327555057856,0.0313117656266968,9.01638700405729,72.40626810605842,81.39134334448903
3700,26,RB,40.82877738602394,-2.1986797357217824,7.304879494893683,74.35267527715419,83.85623450776968
3800,26,RB,41.84221913266626,-3.6826432806686356,6.372522777287671,77.31191548804485,87.36708154600117
3900,26,RB,46.93240087930621,-1.2333076132105276,9.405147321460724,84.4596544371517,95.09810937182297
4000,26,RB,68.43156974785309,17.49462676489609,28.7451697215786,108.11796977412757,119.36851273081012
4100,26,RB,69.21554076396107,15.396903255455705,27.283931759740987,111.14714976818115,123.03417827246648
4200,26,RB,68.78977927675945,12.007317267902259,24.548971529144197,113.0305870243747,125.57224128561666
4300,26,RB,68.33695882066912,8.545447250409104,21.75171621694807,114.92220142439018,128.12847039092918
4400,26,RB,67.99857444556235,5.198223950850412,19.069061098888035,116.92808779223668,130.79892494027433
4500,26,RB,67.62159781743769,1.8657890446513932,16.389404085647442,118.85379154922794,133.37740659022404
4600,26,RB,67.60201096975644,-0.9963452801855084,14.155108822704179,121.04891311680869,136.20036721969842
4700,26,RB,68.07827804915543,-3.185752625436635,12.554474239750355,123.6020818585605,139.34230872374752
4800,26,RB,67.9287776207415,-5.758347984116426,10.517072632493708,125.34048260898929,141.61590322559948
4900,26,RB,67.48916562717564,-8.31711193358774,8.426369950845817,126.55196130350546,143.29544318793904
5000,26,RB,67.82007341062291,-9.746395417478055,7.385863380241894,128.25428344100393,145.3865422387239
5100,26,RB,68.66158371231977,-10.258630975282955,7.172632337683453,130.1505350869561,147.58179839992255
5200,26,RB,69.51832892237955,-10.313282892211845,7.319282499900034,131.71737534485908,149.349940736971
5300,26,RB,70.6284228118814,-9.65462972344946,8.077646270116738,133.17919935364608,150.91147534721233
5400,26,RB,70.72842792327013,-9.543672914243757,8.186184156247698,133.27067169029257,151.00052876078405
5500,26,RB,70.53130109166557,-9.279244276688999,8.348668127935753,132.71393405539538,150.34184646002018
5600,26,RB,70.75625489356831,-8.178525935107032,9.255954630137467,132.25655515699916,149.6910357222437
5700,26,RB,70.83312266884485,-6.872634370497522,10.290389288876085,131.3758560488136,148.53887970818727
5800,26,RB,71.3738901063512,-4.820846382322685,12.008435190891298,130.7393450218111,147.56862659502514
5900,26,RB,74.34710640991095,-0.12842666472235464,16.32113106312049,132.37308175670142,148.8226394845443
6000,26,RB,75.29090768995772,2.669093342751694,18.70921656292286,131.8725988169926,147.9127220371638
6100,26,RB,76.7645614574875,6.061700297332379,21.67798054620465,131.85114236877035,147.46742261764268
6200,26,RB,78.88149445238405,10.099434562313974,25.291463650146355,132.47152525462172,147.66355434245418
6300,26,RB,80.21374013068473,13.299059894048057,28.07863715856594,132.34884310280353,147.12842036732144
6400,26,RB,79.83120761567014,14.684163447702659,29.07331945099569,130.5890957803446,144.97825178363766
6500,26,RB,79.29002317490357,15.771949543803593,29.801311615090732,128.7787347347164,142.80809680600356
6600,26,RB,80.15051773799412,18.091106739671304,31.798291121283235,128.50274435470502,142.20992873631698
6700,26,RB,80.71627214312332,19.921344828367417,33.34924020740309,128.08330407884355,141.51119945787926
6800,26,RB,82.17421760436727,22.430834885165822,35.626473537544165,128.72196167119037,141.91760032356876
6900,26,RB,93.8551806898265,34.93503146759562,47.948840915497634,139.76152046415535,152.7753299120574
7000,26,RB,94.81163496905715,36.47597833258449,49.36068975145607,140.26258018665823,153.14729160552986
7100,26,RB,95.94177041195405,37.94452011796536,50.754487061217276,141.12905376269083,153.93902070594277
7200,26,RB,95.66652327905581,37.759131838041185,50.549251479389625,140.783795078722,153.57391472007046
7300,26,RB,95.73338117003603,37.673423551574004,50.49724078513333,140.96952155493872,153.7933387884981
7400,26,RB,96.05887062559168,37.60868255530061,50.51869075761865,141.5990504935647,154.5090586958828
7500,26,RB,96.5466710245778,37.473275415220314,50.52093269458526,142.57240935457034,155.62006663393532
7600,26,RB,102.93642777469883,43.02007594078767,56.25391862232952,149.61893692706815,162.85277960861004
7700,26,RB,105.93656338369003,44.97608149441977,58.440543238517286,153.43258352886278,166.89704527296033
7800,26,RB,109.89080994099923,47.706526857708354,61.44129198276015,158.34032789923833,172.07509302429014
7900,26,RB,116.06038378538207,52.49567791441221,66.53533974039799,165.58542783036614,179.62508965635197
8000,26,RB,121.06749831158999,55.99246640931547,70.36571692160058,171.7692797015794,186.14253021386455
8100,26,RB,129.5421502893411,62.85652548626052,77.58551082586554,181.49878975281666,196.22777509242172
8200,26,RB,134.32764467537345,65.96357594805875,81.06328250421376,187.59200684653314,202.69171340268818
8300,26,RB,136.63199842561198,66.55613139869877,82.03392621800793,191.23007063321603,206.70786545252525
8400,26,RB,139.44391627957546,67.65741703590196,83.5130425633513,195.37478999579963,211.230415523249
8500,26,RB,146.48802283228994,73.0280141782284,89.25327102643217,203.7227746381477,219.9480314863515
8600,26,RB,150.42921567338388,75.36925745833317,91.94789831842114,208.9105330283466,225.48917388843464
8700,26,RB,151.51112071464271,74.95968299901237,91.86774987502551,211.15449155425992,228.0625584302731
8800,26,RB,150.36665866694733,72.4685936223397,89.67409272973686,211.0592246041578,228.264723711555
8900,26,RB,150.4064381280509,71.34424290751666,88.80686574053306,212.00601051556873,229.46863334858517
9000,26,RB,150.0057922042375,70.00016354487792,87.67116438035563,212.34042002811938,230.01142086359715
9100,26,RB,148.49496397664632,67.80448654166406,85.62675127555735,211.36317667773528,229.18544141162863
9200,26,RB,148.0079703288469,66.92448863146878,84.83355699112587,211.18238366656794,229.09145202622508
9300,26,RB,147.95914629699973,66.78505989964192,84.71414029790014,211.20415229609932,229.1332326943576
9400,26,RB,148.48722294079576,67.5168644761424,85.40094708450313,211.5734987970884,229.45758140544916
9500,26,RB,149.26201789768385,68.77009903651017,86.5485077469904,211.9755280483773,229.75393675885755
9600,26,RB,149.6676062652438,69.90625240431243,87.52329978377156,211.81191274671602,229.42896012617518
9700,26,RB,149.6292597891427,70.8261743142114,88.23156706719774,211.02695251108767,228.43234526407406
9800,26,RB,149.48586042663078,71.8431213518433,88.99222610922263,209.97949474403893,227.1285995014183
9900,26,RB,149.77471988864968,73.46816511930706,90.32214421648567,209.2272955608137,226.08127465799234
10000,26,RB,149.9049898931895,75.08413486972556,91.60996453678754,208.20001524959147,224.7258449166535
100,27,RB,9.715326669223987,0.28161040167568707,2.3652539007509708,17.065399437697003,19.149042936772293
200,27,RB,9.715326669223987,-0.058026006952117015,2.1006336548755913,17.330019683572385,19.488679345400097
300,27,RB,9.532839220779485,-0.5953475063401452,1.641685051441871,17.423993390117097,19.66102594789912
400,27,RB,9.34118662115959,-1.1610914889514614,1.158567369656616,17.523805872662564,19.843464731270647
500,27,RB,9.268100448225477,-1.632687266798511,0.7749911934221672,17.761209703028786,20.16888816324947
600,27,RB,9.05985169170873,-2.27065695029631,0.2319348177371925,17.88776856568027,20.390360333713772
700,27,RB,9.049292782305303,-2.7505854998150703,-0.14432313457970913,18.242908699190316,20.849171064425683
800,27,RB,8.919241988107265,-3.399913490265707,-0.6789573475725934,18.517441323787125,21.238397466480244
900,27,RB,8.916752597593005,-3.9834357711752038,-1.1341457491830482,18.96765094436906,21.816940966361223
1000,27,RB,8.890737252508746,-4.664728973909792,-1.6707064404175913,19.45218094543508,22.446203478927295
1100,27,RB,9.058903930269238,-5.238611417636907,-2.080691032637244,20.19849889317572,23.356419278175395
1200,27,RB,9.240292580650237,-5.897987262162603,-2.55436556663148,21.034950727931957,24.378572423463083
1300,27,RB,9.475594122204834,-6.6120558619447305,-3.0587449127716244,22.009933157181294,25.563244106354404
1400,27,RB,9.881292608772089,-7.269993574090687,-3.481755202046731,23.24434041959091,27.032578791634876
1500,27,RB,10.292259212249725,-8.038468089513657,-3.9897242337089533,24.574242658208405,28.622986514013117
1600,27,RB,10.601128758838012,-9.02284345598413,-4.6884580481776315,25.890715565853654,30.225100973660165
1700,27,RB,11.191861526800826,-9.833950321001785,-5.189937831442387,27.573660885044042,32.21767337460345
1800,27,RB,11.615924908310385,-10.912389607557481,-5.936516393351647,29.16836620997242,34.14423942417827
1900,27,RB,12.788355994990628,-11.3333366005037,-6.005530830449906,31.582242820431162,36.91004859048497
2000,27,RB,14.451716552878738,-11.34387657186697,-5.646353093864798,34.549786199622275,40.24730967762446
2100,27,RB,15.197194808570789,-12.343515295627842,-6.260544392004931,36.65493400914651,42.73790491276944
2200,27,RB,16.690532402870282,-12.659003505133754,-6.176513682331155,39.55757848807172,46.04006831087433
2300,27,RB,17.425212783256633,-13.79157683788005,-6.896663008445312,41.74708857495858,48.64200240439333
2400,27,RB,18.59791465213378,-14.542139516334139,-7.222430456960801,44.41825976122836,51.73796882060172
2500,27,RB,19.263906358134182,-15.856445327872958,-8.099344054060264,46.627156770328625,54.38425804414133
2600,27,RB,20.471587362367462,-16.691094452117934,-8.482899698866174,49.426074423601094,57.63426917685288
2700,27,RB,21.488169719360695,-17.78838156493241,-9.113292296969618,52.08963173569101,60.76472100365382
2800,27,RB,24.51295306495013,-16.962842769151624,-7.802002024345182,56.827908154245435,65.9887488990519
2900,27,RB,28.558603610631955,-15.219372816391548,-5.550044908086242,62.66725212935015,72.33658003765548
3000,27,RB,29.631729938303717,-16.57173547940742,-6.366685038836639,65.63014491544408,75.83519535601488
3100,27,RB,31.793202641986692,-16.980593232719155,-6.207828839841429,69.79423412381482,80.56699851669256
3200,27,RB,33.93810628902185,-17.572233539974917,-6.1950432921553045,74.07125587019901,85.44844611801865
3300,27,RB,38.44491193956208,-15.988739072664323,-3.965871324063407,80.85569520318757,92.87856295178852
3400,27,RB,42.127851146190615,-15.435577031947425,-2.721429234174451,86.97713152655568,99.69127932432869
3500,27,RB,46.16951486621818,-14.746841334192204,-1.292125717933125,93.63115545036948,107.0858710666286
3600,27,RB,46.763457360699306,-17.735361925127506,-3.489380628737365,97.01629535013598,111.26227664652616
3700,27,RB,46.81838470368497,-21.486629715268876,-6.399966600555054,100.03673600792499,115.12339912263884
3800,27,RB,52.28239170907358,-20.036607276541986,-4.06336748191633,108.62815090006349,124.60139069468919
3900,27,RB,74.07755593884289,-2.436134159632317,14.46359532580638,133.6915165518794,150.59124603731814
4000,27,RB,74.62188190172482,-6.227205184744406,11.630091975378242,137.6136718280714,155.4709689881941
4100,27,RB,74.83678071592273,-10.434153495696265,8.39980575123488,141.27375568061058,160.10771492754176
4200,27,RB,74.14477019035502,-15.565938530333256,4.248642460014651,144.0408979206954,163.85547891104335
4300,27,RB,73.9694534451161,-20.11693594257332,0.6641102580109646,147.27479663222124,168.05584283280558
4400,27,RB,73.66191430027621,-24.642939275001964,-2.9301525777495954,150.253981178302,171.9667678755544
4500,27,RB,73.3151441764287,-28.949431144632868,-6.3620529036290066,152.9923412564864,175.57971949749032
4600,27,RB,73.12250355248369,-32.73781703762393,-9.356239454421114,155.6012465593885,178.98282414259137
4700,27,RB,73.2438921991561,-35.74747493622692,-11.674336933530938,158.16212133184314,182.23525933453917
4800,27,RB,73.45365666087197,-38.11510835951378,-13.472695407761904,160.38000872950585,185.02242168125778
4900,27,RB,73.39109494038392,-40.12459059770343,-15.052157475228356,161.83434735599621,186.90678047847132
5000,27,RB,74.26761712319488,-40.5062560059729,-15.155924511274137,163.6911587576639,189.04149025236273
5100,27,RB,76.76750571202395,-38.547574558674995,-13.077705576296665,166.61271700034456,192.08258598272295
5200,27,RB,77.08274208389099,-38.0545742404143,-12.623968331120665,166.78945249890265,192.22005840819634
5300,27,RB,76.21988832326893,-38.042537585545176,-12.80517044610012,165.24494709263797,190.4823142320831
5400,27,RB,76.08855528926959,-36.66419708849622,-11.760274516333268,163.93738509487247,188.84130766703547
5500,27,RB,75.98423716365718,-34.725934437670475,-10.273160706055336,162.2416350333697,186.6944087649849
5600,27,RB,76.36764278323369,-31.88379780310774,-7.974088835160998,160.7093744016284,184.61908336957518
5700,27,RB,76.3722890656649,-29.124420098592125,-5.823154087433224,158.567732218763,181.868998229922
5800,27,RB,76.72916701621118,-25.834581899007475,-3.181124596806413,156.63945862922878,179.2929159314299
5900,27,RB,79.83508860907999,-19.726732424896042,2.263683151536682,157.40649406662328,179.39690964305606
6000,27,RB,80.32551155844357,-16.2635930695496,5.070232777210208,155.58079033967692,176.91461618643677
6100,27,RB,80.69463941383447,-13.03423723432239,7.6678444230811635,153.72143440458777,174.4235160619914
6200,27,RB,82.67148256339536,-8.378338629490514,11.732014771018115,153.61095035577262,173.7213037562813
6300,27,RB,82.4995191171842,-6.1093387609758025,13.461874262828289,151.5371639715401,171.10837699534426
6400,27,RB,83.30359962503293,-3.1455841971914538,15.948617362715666,150.65858188735018,169.75278344725737
6500,27,RB,85.03792461994482,0.4345721263746327,19.121081283917476,150.95476795597216,169.64127711351506
6600,27,RB,85.71068399646784,2.614171144820986,20.967861661756302,150.45350633117937,168.80719684811473
6700,27,RB,86.4615318991739,4.514143571096085,22.614024690413714,150.3090391079341,168.40892022725177
6800,27,RB,88.28404051880605,7.117059971565425,25.044570886707753,151.52351015090434,169.45102106604674
6900,27,RB,99.9474613333379,19.185351426779434,37.023437765805795,162.87148490087,180.7095712398964
7000,27,RB,100.93082801274545,20.206226274338192,38.0360281103634,163.8256279151275,181.65542975115275
7100,27,RB,102.07249733437963,21.028844045001122,38.92911542571023,165.21587924304905,183.1161506237582
7200,27,RB,102.14868631697492,20.437442633563023,38.48516601994224,165.8122066140076,183.85993000038684
7300,27,RB,108.46367691627286,25.7551901308901,44.0231765660497,172.90417726649602,191.17216370165568
7400,27,RB,109.97592936463802,25.969843392436402,44.52443311662233,175.4274256126537,193.98201533683968
7500,27,RB,112.37328028501442,26.80369817871265,45.703620374562334,179.04294019546649,197.94286239131623
7600,27,RB,117.74572557074534,30.3833987228806,49.67928798200829,185.8121631594824,205.1080524186101
7700,27,RB,123.49576605857867,34.15339632773484,53.88662155966489,193.10491055749245,212.83813578942255
7800,27,RB,130.0753987401284,38.6121547336444,58.81382164555113,201.3369758347057,221.53864274661245
7900,27,RB,134.2564763248657,40.582066931162444,61.272118298759096,207.2408343509723,227.93088571856902
8000,27,RB,135.7478865641639,39.825447021210934,61.012025237121065,210.48374789120675,231.67032610711692
8100,27,RB,139.93916172087427,41.78492760700185,63.46444668705102,216.41387675469753,238.09339583474673
8200,27,RB,141.8246004275506,41.50997773429893,63.666666096445866,219.98253475865533,242.1392231208023
8300,27,RB,143.96740644926945,41.618440571098475,64.22445832072411,223.71035457781477,246.3163723274405
8400,27,RB,146.25605212417008,42.05142461342179,65.06730600400765,227.4447982443325,250.46067963491845
8500,27,RB,154.7116915287583,48.884719512053564,72.25893133014287,237.16445172737374,260.5386635454631
8600,27,RB,158.24451055618573,51.084428206859684,74.75308673071558,241.73593438165588,265.40459290551183
8700,27,RB,159.44203297253594,51.29403170539699,75.18089382710706,243.7031721179648,267.590034239675
8800,27,RB,158.58634187017725,49.84998259243366,73.86679650717596,243.30588723317854,267.3227011479209
8900,27,RB,157.4216384075178,48.5336282470103,72.58393759102336,242.25933922401225,266.30964856802535
9000,27,RB,156.40351971897368,47.8011094507096,71.78833778381112,241.01870165413624,265.00592998723783
9100,27,RB,154.52274087829935,46.61872127134747,70.45169468305984,238.59378707353886,262.4267604852513
9200,27,RB,153.90076756052343,47.073402319490185,70.66857296009161,237.13296216095526,260.72813280155674
9300,27,RB,153.87522423418417,48.46514043069601,71.74727332774569,236.00317514062266,259.2853080376724
9400,27,RB,154.33774287741525,50.645907844990816,73.54852775054457,235.12695800428594,258.02957790983976
9500,27,RB,155.03427893562431,53.3209811562684,75.78659764046465,234.28196023078397,256.74757671498026
9600,27,RB,155.08532283951644,55.570059238047236,77.550191582631,232.6204540964019,254.6005864409857
9700,27,RB,155.08436793505115,57.94652364477892,79.40155070191705,230.76718516818525,252.22221222532343
9800,27,RB,154.99754065630555,60.37773755939136,81.27659989690645,228.71848141570464,249.61734375321979
9900,27,RB,155.31408224790528,63.31606916932128,83.6358515798275,226.99231291598306,247.31209532648933
10000,27,RB,155.29507587651796,65.98803514946778,85.7134571947219,224.876694558314,244.60211660356816
100,28,RB,13.481745883119723,-1.9638820014913314,1.4476242615934432,25.515867504646003,28.927373767730785
200,28,RB,13.481745883119723,-2.5294978012818614,1.00693713792411,25.956554628315338,29.492989567521313
300,28,RB,13.299258434675224,-3.303648831420144,0.36346800881741537,26.235048860533034,29.902165700770603
400,28,RB,13.107605835055342,-4.1205490321226605,-0.3153325223211727,26.530544192431854,30.33576070223335
500,28,RB,13.034519662121225,-4.862051544156158,-0.9092006005704878,26.97823992481294,30.931090868398613
600,28,RB,12.820842816610003,-5.800059363787685,-1.6872240108132779,27.328909644033285,31.4417449970077
700,28,RB,12.810283907206575,-6.606643966095941,-2.317988849936196,27.938556664349345,32.2272117805091
800,28,RB,12.680233113008526,-7.623611473109506,-3.139061315115992,28.499527541133045,32.98407769912657
900,28,RB,12.677743722494274,-8.625581416306172,-3.9202740193852144,29.275761464373762,33.98106886129473
1000,28,RB,12.651728377410011,-9.786067516118559,-4.83018732837583,30.133644083195854,35.0895242709386
1100,28,RB,12.834867376119378,-10.894392759151858,-5.653264319789342,31.322999072028097,36.56412751139062
1200,28,RB,13.016256026500377,-12.181630588243886,-6.6161237247548765,32.64863577775563,38.214142641244656
1300,28,RB,13.319606912450745,-13.538397276671471,-7.606216973633252,34.24543079853474,40.17761110157298
1400,28,RB,13.735303328797906,-14.98030983639544,-8.637835778802698,36.10844243639851,42.45091649399127
1500,28,RB,14.185699574701792,-16.58390399888851,-9.78776103285704,38.15916018226062,44.95530314829211
1600,28,RB,14.81334468895465,-18.199224877135904,-10.907673593070012,40.534362970979316,47.82591425504523
1700,28,RB,15.246461719662738,-20.185083979959785,-12.359248671220543,42.85217211054602,50.67800741928529
1800,28,RB,15.808339421834209,-22.201088721687764,-13.805871438414393,45.42255028208281,53.817767565356206
1900,28,RB,17.306046758213206,-23.420997169483762,-14.425534733495802,49.037628249922214,58.033090685910196
2000,28,RB,18.572971529443297,-24.99346951399141,-15.370863842643285,52.516806901529876,62.13941257287803
2100,28,RB,19.140244058961642,-27.372412874272484,-17.099070694474307,55.37955881239759,65.6529009921958
2200,28,RB,20.75454966018705,-28.800148288000198,-17.854904515556942,59.364003835931044,70.30924760837432
2300,28,RB,22.12190552814818,-30.56483971496745,-18.92781448548342,63.171625541779775,74.80865077126384
2400,28,RB,22.870892870509756,-33.038187532032914,-20.68943878698392,66.43122452800344,78.77997327305246
2500,28,RB,23.926187032245057,-35.303027067596645,-22.220953851232398,70.07332791572252,83.15540113208678
2600,28,RB,24.763284172162514,-37.89960170057446,-24.059126634436232,73.58569497876127,87.42617004489952
2700,28,RB,28.21831898974134,-38.01546163654509,-23.386276010528114,79.82291399001079,94.45209961602782
2800,28,RB,28.550338024777826,-41.42205946792831,-25.9671181685034,83.06779421805905,98.522735517484
2900,28,RB,32.68526630814328,-41.22897457930309,-24.903390562746964,90.27392317903352,106.5995071955897
3000,28,RB,34.14099389235339,-43.95565681788794,-26.70629570325292,94.9882834879597,112.23764460259477
3100,28,RB,37.12234499952634,-45.43408702861755,-27.199685227279737,101.44437522633243,119.67877702767026
3200,28,RB,42.194291009011366,-45.13425003716134,-25.845823114620856,110.23440513264359,129.52283205518413
3300,28,RB,45.77628106164059,-46.6698611665952,-26.25109958786551,117.80366171114669,138.22242328987642
3400,28,RB,46.137901564979686,-51.79662137737108,-30.1656303366684,122.44143346662777,144.07242450733048
3500,28,RB,50.472575675749006,-53.32513944824826,-30.39913359825541,131.34428494975342,154.27029079974633
3600,28,RB,55.517083428976406,-54.501955417279305,-30.20183353900191,141.23600039695472,165.53612227523217
3700,28,RB,77.083570076784,-39.47902012239315,-13.733611164168053,167.90075131773605,193.64616027596122
3800,28,RB,78.29771665963702,-45.07414503033418,-17.824758861766398,174.42019218104042,201.6695783496083
3900,28,RB,78.58553575519713,-51.780016361597916,-22.98592000892961,180.15699151932387,208.95108787199223
4000,28,RB,78.29454047780285,-59.14224066348345,-28.786308023875108,185.37538897948082,215.73132161908924
4100,28,RB,78.52069396448606,-65.93293261391501,-34.02717549746136,191.06856342643346,222.9743205428872
4200,28,RB,78.13703238003659,-73.12525537446193,-39.715655849075105,195.98972060914826,229.39932013453517
4300,28,RB,78.02468744798742,-79.66719726705054,-44.83747999288347,200.8868548888583,235.71657216302546
4400,28,RB,77.53585572665769,-86.02613883904455,-49.8998788364016,204.97159028971697,241.09785029236002
4500,28,RB,76.82952009985276,-91.86382908911612,-54.604196680627226,208.26323688033273,245.5228692888217
4600,28,RB,77.00083143626837,-95.92649000938881,-57.73169180645458,211.7333546789913,249.92815288192566
4700,28,RB,77.49805936283501,-98.62819530129748,-59.72684241560465,214.72296114127465,253.62431402696762
4800,28,RB,78.22774276436725,-99.95491496915433,-60.59936028583583,217.05484581457034,256.41040049788893
4900,28,RB,79.82355933101141,-99.21551700426957,-59.67080345699608,219.3179221190189,258.8626356662925
5000,28,RB,80.1585726756297,-98.53031688474326,-59.06294978040967,219.38009513166907,258.8474622360028
5100,28,RB,80.68551361433477,-96.48173176940877,-57.35045321243233,218.72148044110185,257.8527589980784
5200,28,RB,80.76941184081376,-93.80697592114343,-55.24794519180573,216.78676887343323,255.34579960277108
5300,28,RB,80.02189673396967,-91.06949492946143,-53.28020215482309,213.32399562276242,251.11328839740085
5400,28,RB,80.04901551764415,-86.86749883284885,-50.00031943599616,210.09835047128445,246.96552986813725
5500,28,RB,79.85496443979413,-82.40618469988836,-46.567244989520034,206.2771738691083,242.1161135794767
5600,28,RB,80.05448057241055,-77.27481935130525,-42.525186894391055,202.63414803921216,237.38378049612646
5700,28,RB,80.44735716813535,-71.86117843990384,-38.22049208970434,199.11520642597503,232.75589277617462
5800,28,RB,80.16102300027647,-67.20413329693137,-34.655300874956254,194.9773468755092,227.52617929748442
5900,28,RB,81.93369194135329,-60.70403823193294,-29.19936173230124,193.06674561500782,224.5714221146396
6000,28,RB,80.85045012127165,-57.388456928164686,-26.855357158810662,188.55625740135395,219.08935717070807
6100,28,RB,82.4021317163168,-51.857759085735125,-22.20351247471676,187.00777590735038,216.6620225183688
6200,28,RB,84.34198367975124,-46.42506190233557,-17.542286896933774,186.22625425643625,215.10902926183815
6300,28,RB,86.26974263910536,-41.53962799594193,-13.31012048354036,185.8496057617511,214.07911327415272
6400,28,RB,87.22520192716445,-38.19898550841327,-10.496298108757145,184.94670196308604,212.64938936274223
6500,28,RB,89.15317994596442,-34.48200629446329,-7.174459113613111,185.48081900554195,212.7883661863922
6600,28,RB,90.17743800600535,-32.278506637554386,-5.231420871640481,185.5862968836512,212.63338264956514
6700,28,RB,90.96760490527693,-30.91763430079193,-3.99660136930612,185.93181117985998,212.85284411134586
6800,28,RB,92.76282493418285,-29.13789960728127,-2.213446399256256,187.73909626762196,214.66354947564702
6900,28,RB,104.53107288830797,-17.95381080683495,9.099666784420151,199.9624789921958,227.015956583451
7000,28,RB,111.72906164944754,-11.885070186035762,15.417826666911282,208.0402966319838,235.3431934849309
7100,28,RB,114.20752335760044,-11.034743933003767,16.62776240579845,211.78728430940242,239.44979064820473
7200,28,RB,116.23429575308339,-11.07744675006579,17.042148656376725,215.42644284979005,243.54603825623263
7300,28,RB,121.44304573993401,-8.317437577108024,20.343016037603917,222.5430754422641,251.2035290569761
7400,28,RB,125.64208346859957,-6.877522222889269,22.392344186910194,228.89182275028895,258.1616891600885
7500,28,RB,130.67042258082978,-4.8415630434704156,25.089236217915214,236.25160894374434,266.18240820513006
7600,28,RB,134.07764209867108,-4.576317796751056,26.04845551246615,242.106828684876,272.7316019940933
7700,28,RB,136.3117110246228,-5.545080805507894,25.787108303603887,246.83631374564175,278.16850285475357
7800,28,RB,138.61602972605962,-6.415979892833462,25.617525825350185,251.61453362676906,283.64803934495274
7900,28,RB,139.8943803906386,-8.194936191797808,24.513842939174225,255.27491784210295,287.98369697307504
8000,28,RB,141.32278498890335,-9.615957357213574,23.72218005634899,258.9233899214577,292.26152733502033
8100,28,RB,145.01477592196443,-8.480042383525443,25.422660563368993,264.60689128055986,298.5095942274544
8200,28,RB,147.9851316601019,-7.684397900056354,26.69863780644664,269.27162551375716,303.6546612202602
8300,28,RB,150.31721917635977,-7.05617674434842,27.703195282302957,272.9312430704166,307.6906150970681
8400,28,RB,152.8942390856998,-5.623451812599654,29.388662900333742,276.3998152710659,311.41192998399936
8500,28,RB,160.14539556652528,1.1276018204366096,36.25017523470382,284.04061589834674,319.163189312614
8600,28,RB,163.6221357779442,4.797075664936301,39.877079621925745,287.36719193396266,322.44719589095223
8700,28,RB,164.2279325401913,6.277759271562786,41.16452524746215,287.2913398329204,322.17810580881985
8800,28,RB,163.08459749768835,6.642358570347312,41.196064117233746,284.97313087814297,319.5268364250295
8900,28,RB,161.87881903104338,7.516519050256136,41.61082438395523,282.14681367813154,316.24111901183073
9000,28,RB,160.83944740546866,9.063754148601674,42.58675055884919,279.09214425208813,312.61514066233576
9100,28,RB,158.94038819104318,10.190228738777478,43.04496953645415,274.8358068456322,307.69054764330895
9200,28,RB,158.23044766440898,12.87632671498983,44.98097779739625,271.47991753142173,303.5845686138282
9300,28,RB,157.85035987440176,16.19519412639295,47.482849685486656,268.21787006331687,299.5055256224107
9400,28,RB,158.35994894939228,20.641187892263986,51.059401991463716,265.66049590732086,296.0787100065206
9500,28,RB,159.07878687468144,25.471579941448937,54.98166698039121,263.1759067689717,292.68599380791403
9600,28,RB,159.27168667066658,29.892857663816898,58.4690145390708,260.0743588022624,288.65051567751635
9700,28,RB,159.10127744575726,34.013877533974764,61.64217800968454,256.56037688183,284.18867735753986
9800,28,RB,158.9581503717769,38.176377989147426,64.85368602920164,253.06261471435215,279.7399227544064
9900,28,RB,159.2266749665187,42.72097311416512,68.45381703114131,249.99953290189606,275.73237681887235
10000,28,RB,159.36218415859614,47.06435072230373,71.86779445154579,246.85657386564648,271.6600175948886
100,29,RB,14.195812526707522,-1.9244123042670065,1.6360935155058964,26.75553153790915,30.316037357682063
200,29,RB,14.195812526707522,-2.5246985198413316,1.1683936990973596,27.223231354317683,30.916323573256385
300,29,RB,14.013325078263026,-3.33596780608789,0.4960046962423821,27.530645460283672,31.36261796261395
400,29,RB,13.821672478643135,-4.193758039175302,-0.2146544052634436,27.857999362549712,31.83710299646158
500,29,RB,13.748586305709026,-4.981689054516266,-0.8446962318175544,28.341868843235606,32.478861665934325
600,29,RB,13.53490946019779,-5.974063278377029,-1.665078031470438,28.73489695186602,33.04388219877262
700,29,RB,13.524350550794358,-6.84593710026906,-2.346711531609621,29.395412633198337,33.89463820185779
800,29,RB,13.390600129701477,-7.94633662137471,-3.2336053614261235,30.01480562082908,34.72753688077768
900,29,RB,13.388110739187217,-9.045825659594813,-4.090797926061041,30.867019404435474,35.822047137969264
1000,29,RB,13.362095394102969,-10.324618974499707,-5.092887702448348,31.817078490654286,37.04880976270566
1100,29,RB,13.545234392812338,-11.574410710379366,-6.026185203704651,33.11665398932933,38.664879496004055
1200,29,RB,13.726623043193333,-13.026865923113489,-7.117770103262755,34.57101618964942,40.48011200950017
1300,29,RB,14.056946579249445,-14.543196853471475,-8.226226823197614,36.3401199816965,42.65709001197038
1400,29,RB,14.472642995596589,-16.189424221620925,-9.41703302249824,38.36231901369142,45.13471021281412
1500,29,RB,14.923039241500474,-18.010730001468566,-10.736583500029218,40.582661983030164,47.85680848446953
1600,29,RB,15.756260931758565,-19.64643169230064,-11.826969219209705,43.33949108272684,51.15895355581779
1700,29,RB,16.32657533195405,-21.72394781981995,-13.319653801105282,45.97280446501338,54.377098483728076
1800,29,RB,17.21372928382429,-23.64164195420822,-14.617835612345726,49.0452941799943,58.069100521856825
1900,29,RB,18.315000833545234,-25.480329730712192,-15.807168779923522,52.43717044701399,62.11033139780268
2000,29,RB,19.403719878601617,-27.44776835439796,-17.09958783782807,55.90702759503131,66.25520811160122
2100,29,RB,20.04651169906063,-29.96289436437371,-18.917218314613557,59.01024171273482,70.055917762495
2200,29,RB,22.29635724963782,-30.964016125712735,-19.200292520453974,63.793007019729615,75.5567306249884
2300,29,RB,23.239998591083417,-33.36252818750391,-20.860616575094443,67.34061375726128,79.84252536967077
2400,29,RB,24.378288389179936,-35.663990184032805,-22.402333815470485,71.15891059383036,84.42056696239271
2500,29,RB,25.062998686599393,-38.53252123145717,-24.486053446179056,74.61205081937784,88.65851860465598
2600,29,RB,28.338548287102423,-38.948929205519875,-24.087011476557503,80.76410805076235,95.62602577972477
2700,29,RB,29.10574166613009,-42.045704899241244,-26.330344708080037,84.54182804034022,100.25718823150144
2800,29,RB,29.527038438850216,-45.6995478956422,-29.084103554509095,88.13818043220952,104.75362477334266
2900,29,RB,34.076735237907634,-45.47744232018503,-27.90615437892918,96.05962485474444,113.63091279600033
3000,29,RB,36.34224555888572,-47.83244767331841,-29.24061733141224,101.92510844918368,120.5169387910899
3100,29,RB,42.20012246516893,-46.92611182261014,-27.240624851837126,111.64086978217499,131.32635675294804
3200,29,RB,46.34763912623348,-48.09680486435101,-27.236674438157486,119.93195269062446,140.79208311681802
3300,29,RB,46.608310475573255,-53.545540726532984,-31.42436228040018,124.6409832315467,146.76216167767956
3400,29,RB,47.261235276355244,-58.99192526467164,-35.52358034750461,130.0460509002151,153.5143958173822
3500,29,RB,56.04647464587087,-56.67157966700387,-31.775320924798308,143.86827021654005,168.76452895874567
3600,29,RB,77.7981496597506,-41.703304258054715,-15.308782679912,170.9050819994132,197.299603577556
3700,29,RB,78.40760862437023,-48.12400308888385,-20.17671670708151,176.99193395582196,204.93922033762436
3800,29,RB,79.05268300531314,-54.65505593173275,-25.122764191032005,183.2281302016583,212.76042194235907
3900,29,RB,79.08128489921141,-61.818726717601194,-30.697863539329845,188.86043333775268,219.9812965160241
4000,29,RB,79.04277854670114,-68.90838263418415,-36.23011815895754,194.31567525235982,226.9939397275865
4100,29,RB,79.29977726365122,-75.38192953489649,-41.21707618803778,199.81663071534024,233.981484062199
4200,29,RB,78.93414978422281,-81.96233721729938,-46.42481312215294,204.29311269059855,239.83063678574507
4300,29,RB,78.58100578415886,-87.81420519572487,-51.06216710145219,208.2241786697699,244.97621676404268
4400,29,RB,77.95707192611381,-93.0349942394581,-55.26763968323094,211.18178353545858,248.94913809168582
4500,29,RB,77.74510332615395,-96.78183656486863,-58.23372748421039,213.7239341365183,252.27204321717664
4600,29,RB,77.74858385728507,-99.12109314144928,-60.05553909996283,215.55270681453297,254.6182608560195
4700,29,RB,78.93356152895261,-99.00454847341713,-59.70300752930562,217.57013058721083,256.8716715313224
4800,29,RB,80.6338734725161,-97.0790166897079,-57.8272204954355,219.0949674404677,258.34676363474017
4900,29,RB,80.73295752931465,-95.49037870382584,-56.56758322070836,218.03349827933766,256.95629376245523
5000,29,RB,80.50593301839457,-93.057877391411,-54.722496616903854,215.73436265369298,254.06974342820024
5100,29,RB,81.1482126108776,-88.76785995602422,-51.238162225943924,213.5345874476991,251.06428517777954
5200,29,RB,81.39056265503034,-84.1151677385209,-47.559590973877235,210.34071628393792,246.89629304858164
5300,29,RB,80.56099976953882,-80.00396431968852,-44.53966434337359,205.66166388245125,241.12596385876626
5400,29,RB,80.40422906625318,-74.9168779843929,-40.61079904405574,201.4192571765621,235.72533611689934
5500,29,RB,80.6004562050686,-69.38197502518544,-36.255059931984135,197.45597234212133,230.58288743532273
5600,29,RB,80.15676021927996,-64.57564424386717,-32.60831290673917,192.9218333452991,224.88916468242718
5700,29,RB,79.22187352725336,-60.50058024178105,-29.639806585467056,188.0835536399738,218.94432729628787
5800,29,RB,77.36187458994917,-57.712057232883495,-27.87801177771661,182.60176095761494,212.43580641278191
5900,29,RB,80.36287533902626,-50.52017483769197,-21.611777668912396,182.33752834696492,211.24592551574455
6000,29,RB,81.55514295462301,-45.66286031442,-17.563969277307038,180.67425518655307,208.77314622366606
6100,29,RB,82.90219969780146,-41.22554840200806,-13.809208112791467,179.6136075083944,207.02994779761104
6200,29,RB,85.02714515881269,-36.62105721090029,-9.752379072489319,179.80666939011468,206.67534752852572
6300,29,RB,87.31946727655499,-32.47969495903173,-6.019417958171914,180.6583525112819,207.11862951214178
6400,29,RB,88.27136672477455,-30.319469760971558,-4.126078049219018,180.66881149876812,206.86220321052073
6500,29,RB,90.2301042138287,-27.780531119402667,-1.7152895793647502,182.17549800702216,208.24073954706012
6600,29,RB,91.24013815801382,-26.79168233521162,-0.7217615871451102,183.20203790317277,209.27195865123934
6700,29,RB,92.12028252246321,-26.51335374178184,-0.3105087586246924,184.5510738035511,210.75391878670834
6800,29,RB,100.15429762040026,-19.624030108066435,6.831645134155977,193.47695010664455,219.93262534886702
6900,29,RB,112.98256084818935,-8.42531006442546,18.390285591535985,207.57483610484272,234.39043176080423
7000,29,RB,116.03721951788323,-7.418241514866338,19.84960940525501,212.22482963051146,239.49268055063285
7100,29,RB,122.40793458759589,-3.442257443800443,24.354522430282444,220.46134674490935,248.2581266189923
7200,29,RB,126.20668841917956,-2.305218817524917,26.07945933827844,226.33391750008067,254.71859565588412
7300,29,RB,131.02684279058633,-0.3265049162320963,28.685767794638494,233.36791778653418,262.3801904974048
7400,29,RB,134.47715935140593,0.1959529648446221,29.854907591011226,239.09941111180063,268.7583657379673
7500,29,RB,135.22271551087425,-1.9777803444868312,28.32596349847107,242.11946752327742,272.42321136623536
7600,29,RB,135.93816638431824,-4.07904730721782,26.846830553938688,245.0295022146978,275.95538007585435
7700,29,RB,137.96874600715816,-4.666614222444423,26.83753882305642,249.09995319125989,280.6041062367608
7800,29,RB,140.0992269486888,-4.8662824792375545,27.15253521074328,253.0459186866343,285.0647363766152
7900,29,RB,141.08155951211032,-5.835654821993529,26.61423977601973,255.5488792482009,287.99877384621425
8000,29,RB,143.41418146349068,-4.9844877909790455,27.792618674176353,259.035744252805,291.8128507179605
8100,29,RB,147.71254537964535,-1.6065862713236925,31.37382453691508,264.0512662223756,297.03167703061445
8200,29,RB,149.6495372287298,0.057342511723987855,33.098065297369004,266.2010091600906,299.24173194573564
8300,29,RB,151.49250696162326,2.3271854604869304,35.273623917883114,267.7113900053634,300.65782846275965
8400,29,RB,153.75216776754186,5.701506577529955,38.40174781581524,269.1025877192685,301.80282895755386
8500,29,RB,160.87474943579434,14.572481034499475,46.886551312717586,274.8629475588711,307.1770178370893
8600,29,RB,164.50077007076112,20.513587932617753,52.316320546525574,276.6852195949967,308.4879522089046
8700,29,RB,165.08563369469388,23.909102306540433,55.09104095152921,275.0802264378585,306.2621650828474
8800,29,RB,163.8812134748343,25.93781475731967,56.405645019168006,271.35678193050063,301.82461219234904
8900,29,RB,162.33103011568772,27.970126930648235,57.646684345719734,267.0153758856557,296.69193330072727
9000,29,RB,161.35465626005018,30.854112237926046,59.678024518696205,263.03128800140416,291.8552002821744
9100,29,RB,159.48610222004714,33.055274134948675,60.980300238228324,257.99190420186596,285.9169303051457
9200,29,RB,158.69973626573005,36.48354847054439,63.47767866896979,253.92179386249032,280.9159240609158
9300,29,RB,158.4073425994716,40.49115993783386,66.5355395301987,250.2791456687445,276.3235252611094
9400,29,RB,158.85623261248296,45.27126593530981,70.359001319478,247.3534639054879,272.44119928965614
9500,29,RB,159.53806427044466,50.2670680884341,74.40196830960622,244.6741602312831,268.8090604524553
9600,29,RB,159.82883685864186,54.81188898473066,78.00718917442683,241.6504845428569,264.8457847325531
9700,29,RB,159.7792589583988,58.919444917217305,81.19655076656109,238.36196715023652,260.6390729995803
9800,29,RB,159.4023966511803,62.571599751718665,83.95880864667915,234.8459846556815,256.233193550642
9900,29,RB,159.42003699560863,66.4689495945043,86.9992394084488,231.84083458276845,252.37112439671301
10000,29,RB,159.49734760356213,70.26330290633534,89.97260217465976,229.0220930324645,248.73139230078897
100,30,RB,13.791145742045961,0.29862891061118013,3.2787476872053887,24.303543796886533,27.283662573480747
200,30,RB,13.791145742045961,-0.21216226103519986,2.8807759680421423,24.70151551604978,27.79445374512713
300,30,RB,13.608658293601462,-0.9304709381152367,2.280815181448652,24.93650140575427,28.14778752531817
400,30,RB,13.417005693981576,-1.6912853148998224,1.6457126877944646,25.188298700168687,28.52529670286298
500,30,RB,13.343919521047466,-2.3776466692292466,1.0948066311036087,25.593032410991324,29.065485711324186
600,30,RB,13.130242675536238,-3.2630673982133267,0.35775529718567256,25.902730053886803,29.523552749285813
700,30,RB,13.119683766132805,-4.0216782174095584,-0.23563182282295259,26.474999355088563,30.26104574967518
800,30,RB,13.03173306101455,-4.955357932714916,-0.9825137053253847,27.045979827354486,31.01882405474403
900,30,RB,12.987397488750947,-5.966062558908096,-1.7797744945595788,27.754569472061473,31.940857536409997
1000,30,RB,12.973653321088484,-7.089714339131028,-2.6582787935675825,28.60558543574455,33.037020981308004
1100,30,RB,13.260179877696821,-8.077962564224904,-3.364965000963714,29.885324756357356,34.59832231961856
1200,30,RB,13.393578053637317,-9.400276827491982,-4.365753189622005,31.152909296896638,36.18743293476663
1300,30,RB,13.733899519473328,-10.703401521985024,-5.30588669263417,32.77368573158083,38.171200560931695
1400,30,RB,14.205115102422091,-12.06183755109285,-6.260203965261194,34.67043417010538,40.47206775593705
1500,30,RB,14.907590991104938,-13.366540336561682,-7.121577242266271,36.93675922447615,43.18172231877157
1600,30,RB,15.37762036810306,-15.066356191955855,-8.342135105979434,39.097375842185556,45.821596928161995
1700,30,RB,15.947934768298532,-16.80929177498213,-9.57413860746149,41.47000814405855,48.70516131157921
1800,30,RB,16.835088720168766,-18.35785043480664,-10.584716623705294,44.25489406404283,52.02802787514419
1900,30,RB,17.93636026988972,-19.7958073541901,-11.46182914812675,47.33454968790619,55.668527893969554
2000,30,RB,19.025079314946083,-21.334723828816408,-12.420374588343204,50.470533218235374,59.384882458708596
2100,30,RB,19.667871135405107,-23.39783495619905,-13.885827600249769,53.221569871059984,62.733577227009285
2200,30,RB,21.917716685982313,-23.928162101032164,-13.802092524129122,57.63752589609375,67.76359547299683
2300,30,RB,23.631413879299423,-25.072384863645247,-14.315080875173557,61.5779086337724,72.33521262224411
2400,30,RB,24.399119813080095,-27.252442161317273,-15.844059899995873,64.64229952615607,76.05068178747749
2500,30,RB,27.522282571085093,-27.18781176784683,-15.10388543700573,70.14845057917591,82.23237691001705
2600,30,RB,28.109990733036987,-29.798086448269544,-17.007815346111727,73.2277968121857,86.01806791434355
2700,30,RB,28.966461849748317,-32.3134072548505,-18.778401827221142,76.71132552671777,90.24633095434716
2800,30,RB,29.770359879006833,-35.091719924407,-20.76550456177251,80.30622431978617,94.63243968242071
2900,30,RB,35.12983941483219,-33.560675184460734,-18.388865885372155,88.64854471503654,103.82035401412516
3000,30,RB,40.271875534920525,-32.526796997466604,-16.44761076147435,96.9913618313154,113.0705480673077
3100,30,RB,45.2053230927833,-32.01215717552223,-14.956980168609455,105.36762635417605,122.42280336108888
3200,30,RB,46.03152105055841,-35.93520432874213,-17.83105219682153,109.89409429793835,127.998246429859
3300,30,RB,46.58349669734104,-40.458469624002525,-21.23333902556748,114.40033242024955,133.62546301868466
3400,30,RB,51.68698675686928,-40.73070495910164,-20.318227301071353,123.69220081480992,144.10467847284025
3500,30,RB,77.17939338703732,-20.867781401776313,0.7880912742102879,153.57069549986437,175.226568175851
3600,30,RB,77.97924549468118,-25.88091373748499,-2.941115734288502,158.89960672365086,181.83940472684742
3700,30,RB,78.02017168878936,-31.739472641909188,-7.496643741362718,163.53698711894145,187.77981601948795
3800,30,RB,78.38661519005409,-37.23575179614117,-11.698011791470321,168.4712421715785,194.0089821762494
3900,30,RB,78.7223842981023,-42.57896709852331,-15.78689861793167,173.23166721413628,200.02373569472797
4000,30,RB,78.7468497587818,-47.88463740777766,-19.91529133782116,177.4089908553848,205.37833692534133
4100,30,RB,78.79517599063996,-52.64202008145466,-23.611227616940766,181.2015795982207,210.23237206273467
4200,30,RB,78.06998300825406,-57.47418835153913,-27.536280163340237,183.67624617984836,213.6141543680473
4300,30,RB,78.09243960009265,-60.70749586376523,-30.05048064313489,186.23535984332017,216.89237506395062
4400,30,RB,77.79504196360823,-63.281391918258905,-32.12156200670371,187.71164593392018,218.87147584547546
4500,30,RB,78.10299230346477,-64.17725704821645,-32.75153804198993,188.95752264891948,220.38324165514604
4600,30,RB,79.76485112172801,-62.60835115074818,-31.162101449762403,190.69180369321845,222.1380533942043
4700,30,RB,80.42900364095959,-60.938671128048156,-29.714514267924116,190.57252154984332,221.79667840996743
4800,30,RB,80.16634278290856,-59.15800298677267,-28.385160228660013,188.7178457944771,219.49068855258986
4900,30,RB,80.03408869431898,-56.347426359703306,-26.224572419958548,186.2927498085965,216.4156037483413
5000,30,RB,79.96698421743116,-52.76723344619177,-23.44996526726139,183.38393370212373,212.70120188105415
5100,30,RB,80.89570833254531,-47.69299663357528,-19.291356011962748,181.08277267705336,209.48441329866597
5200,30,RB,80.76789444978674,-43.38162744754018,-15.960477936765443,177.49626683633892,204.91741634711371
5300,30,RB,80.12448001476858,-39.4804986137337,-13.063111328766695,173.31207135830385,199.72945864327093
5400,30,RB,79.45720248238686,-35.66381607917181,-10.23680988884719,169.1512148536209,194.5782210439456
5500,30,RB,78.32566633345088,-32.50895391616885,-8.02869296640678,164.68002563330856,189.16028658307067
5600,30,RB,76.30830557821683,-30.54578498698895,-6.944711471381154,159.56132262781483,183.16239614342265
5700,30,RB,76.60175069419041,-26.662442817733222,-3.854276937386004,157.05777832576683,179.8659442061141
5800,30,RB,77.01726119256465,-23.106802460634597,-0.9922032491186883,155.02672563424798,177.14132484576396
5900,30,RB,79.8042371320261,-17.670559484673262,3.858890896693225,155.74958336735898,177.2790337487255
6000,30,RB,81.17908658320555,-14.166219270325726,6.892886290486899,155.4652868759242,176.5243924367369
6100,30,RB,82.89070648477211,-10.859286997003352,9.84745877704762,155.9339541924966,176.64069996654763
6200,30,RB,85.01114699722432,-7.683323583633154,12.790286767616465,157.23200722683217,177.70561757808184
6300,30,RB,87.33422858522097,-4.828343815507225,15.527785136708928,159.140672033733,179.49680098594922
6400,30,RB,88.27190391758462,-3.8577763573313604,16.49108764624995,160.0527201889193,180.40158419250065
6500,30,RB,90.32061887181672,-2.2541113884510366,18.193051682267978,162.44818606136545,182.89534913208453
6600,30,RB,97.56944788503291,4.111517376322183,24.753754626066524,170.3851411439993,191.0273783937437
6700,30,RB,99.50960752314639,4.784785691581277,25.706843723935023,173.31237132235776,194.23442935471155
6800,30,RB,103.40029252963764,7.084957626615363,28.358315414817852,178.44226964445744,199.71562743265997
6900,30,RB,124.16580217465635,26.001124954741414,47.68295062419804,200.64865372511466,222.33047939457134
7000,30,RB,129.85353194462857,29.652952674654713,51.784452041204815,207.92261184805233,230.05411121460247
7100,30,RB,134.2590212464516,31.913723642598455,54.51893117324798,213.9991113196552,236.6043188503048
7200,30,RB,134.6307438631368,30.113442719767463,53.198384951644925,216.06310277462865,239.14804500650615
7300,30,RB,135.18249943770013,28.54606258066316,52.09906249290897,218.2659363824913,241.81893629473717
7400,30,RB,135.73150846058044,27.110133235650622,51.10155039609718,220.3614665250637,244.35288368551033
7500,30,RB,136.39507798615654,26.000760950010573,50.383771261492114,222.40638471082096,246.78939502230256
7600,30,RB,136.60355248268226,24.723044274481865,49.43431255834771,223.77279240701682,248.48406069088273
7700,30,RB,139.66010166118411,26.656167659195916,51.61556921159898,227.70463411076923,252.66403566317237
7800,30,RB,141.97943481543152,28.290227167387897,53.40098646017614,230.5578831706869,255.66864246347518
7900,30,RB,143.2501416132924,29.386097959384543,54.53547362526389,231.96480960132095,257.11418526720036
8000,30,RB,144.37828064090982,30.90470795766832,55.96783953091948,232.78872175090015,257.85185332415136
8100,30,RB,147.9818400392947,35.46337855190842,60.31555283349459,235.6481272450948,260.500301526681
8200,30,RB,149.58021984792728,38.53948610433797,63.06527174761439,236.09516794824017,260.62095359151664
8300,30,RB,151.30706138628392,42.208686051547176,66.30545916607052,236.3086636064973,260.4054367210207
8400,30,RB,153.65655595005623,46.90361875457252,70.48235032610934,236.83076157400313,260.40949314554
8500,30,RB,160.72866326743966,56.66115912644236,79.6467538081799,241.81057272669943,264.796167408437
8600,30,RB,164.0124272974754,62.907489200184514,85.23873608276419,242.7861185121866,265.11736539476635
8700,30,RB,164.64436135316765,66.7179847695754,88.34717650796847,240.94154619836684,262.57073793676
8800,30,RB,163.465327727591,68.87532062981956,89.76760186629753,237.16305358888445,258.0553348253625
8900,30,RB,162.04686068937127,70.89673919563313,91.02924612121068,233.06447525753185,253.19698218310947
9000,30,RB,160.89501505177282,73.23857426099103,92.59942504617761,229.19060505736803,248.55145584255465
9100,30,RB,158.98232720712733,74.82863680379938,93.41582820951022,224.54882620474444,243.13601761045533
9200,30,RB,158.25768228024586,77.57628374879066,95.39654320737395,221.11882135311777,238.9390808117011
9300,30,RB,158.13093195555703,80.85704581728642,97.92468129983374,218.33718261128033,235.40481809382769
9400,30,RB,158.59472357912,84.63430848295889,100.97009108796996,216.21935607027004,232.55513867528117
9500,30,RB,159.03569246652862,88.27101667063609,103.90095003989582,214.17043489316143,229.8003682624212
9600,30,RB,159.0369480367275,91.33567628781347,106.28898956945352,211.78490650400147,226.73821978564155
9700,30,RB,158.96003024680888,94.18131484220828,108.4891173458257,209.43094314779205,223.73874565140952
9800,30,RB,158.80446489370456,96.81012483462194,110.50293686967592,207.1059929177332,220.7988049527872
9900,30,RB,159.05342367200717,99.7122535002112,112.81905467477279,205.28779266924155,218.39459384380316
10000,30,RB,159.13073427996056,102.31815238428241,114.86645928427112,203.39500927565,215.94331617563876
100,31,RB,13.075404991312967,1.0267379483680958,3.6879507773902684,22.462859205235667,25.124072034257843
200,31,RB,13.075404991312967,0.5631316003765541,3.326742076913904,22.824067905712027,25.587678382249386
300,31,RB,12.89291754286847,-0.10644395297723719,2.7647506329913494,23.02108445274559,25.892279038714186
400,31,RB,12.701264943248582,-0.8169492826852558,2.1688453280630196,23.233684558434142,26.219479169182428
500,31,RB,12.53927159892129,-1.5404460806231288,1.5693689042431043,23.50917429359948,26.61898927846572
600,31,RB,12.386059470186098,-2.3122689640015945,0.9341797970790573,23.837939143293138,27.0843879043738
700,31,RB,12.349171082800845,-3.0428985577289893,0.35677819046083137,24.341563975140858,27.74124072333069
800,31,RB,12.29283547676923,-3.889351785299496,-0.31516020128748146,24.900831154825944,28.475022738837964
900,31,RB,12.248499904505628,-4.842509411250958,-1.0675845096070482,25.564584318618305,29.339509220262222
1000,31,RB,12.234755736843153,-5.905580682694671,-1.8988888361704603,26.368400309856767,30.375092156380987
1100,31,RB,12.525133284203369,-6.824429787880442,-2.5506536680933873,27.600920236500123,31.87469635628719
1200,31,RB,12.658531460143866,-8.072399851941164,-3.493518207302909,28.81058112759064,33.38946277222891
1300,31,RB,12.998852925979874,-9.288452213355695,-4.365811215000493,30.36351706696024,35.286158065315455
1400,31,RB,13.47006850892863,-10.543645025208196,-5.2396888031854125,32.17982582104267,37.48378204306547
1500,31,RB,14.37812097361673,-11.520249877910745,-5.800025680893393,34.556267628126854,40.27649182514422
1600,31,RB,14.985347720102249,-12.93868179889648,-6.7710463808801205,36.74174182108462,42.90937723910099
1700,31,RB,15.880938369996485,-14.189314192725103,-7.547638262381472,39.30951500237444,45.95119093271809
1800,31,RB,16.37165653520869,-15.945427774191405,-8.807489689071378,41.55080275948876,48.6887408446088
1900,31,RB,17.309663564608467,-17.338143744220442,-9.685414278039811,44.30474140725674,51.9574708734374
2000,31,RB,18.473901900605515,-18.576353828604507,-10.39299084631838,47.34079464752941,55.52415762981556
2100,31,RB,19.752633918503975,-19.765458030742117,-11.03701920020843,50.54228703721638,59.27072586775009
2200,31,RB,21.578764942565638,-20.473232462081295,-11.185124941110143,54.342654826241414,63.630762347212595
2300,31,RB,22.91170873974615,-21.749205500326074,-11.88486137761804,57.708278857110344,67.57262297981839
2400,31,RB,23.679414673526825,-23.683247719071563,-13.222163158714896,60.58099250576855,71.04207706612524
2500,31,RB,26.95266044112188,-23.230402850326712,-12.146370786461702,66.05169166870546,77.1357237325705
2600,31,RB,27.629646340757397,-25.524299727224346,-13.784082931035726,69.04337561255052,80.78359240873917
2700,31,RB,28.868718714007162,-27.44119615770671,-15.003914313695756,72.74135174171008,85.17863358572106
2800,31,RB,30.463080422085937,-29.221811559261674,-16.03909187139623,76.96525271556811,90.14797240343358
2900,31,RB,38.69908575702156,-24.611425520769536,-10.627908155413664,88.02607966945678,102.00959703481269
3000,31,RB,42.91669252868944,-24.29899752921841,-9.452935632402756,95.28632068978163,110.13238258659733
3100,31,RB,44.528821383262724,-26.88973430966624,-11.115377199221633,100.17301996574707,115.94737707619173
3200,31,RB,45.6463236384807,-30.267107478259042,-13.499958376794481,104.79260565375588,121.5597547552205
3300,31,RB,50.648864544009626,-30.024909217493985,-12.206333856872824,113.50406294489207,131.3226383055133
3400,31,RB,72.45952186419031,-13.192597445977384,5.725554904711572,139.19348882366904,158.11164117435806
3500,31,RB,76.98089966229277,-13.796563796025495,6.253633415028219,147.70816590955732,167.75836312061108
3600,31,RB,76.94543052966054,-19.00729864954829,2.185969698000733,151.70489136132034,172.89815970886943
3700,31,RB,76.99707196485541,-24.058539527385264,-1.7381875092502668,155.73233143896107,178.05268345709612
3800,31,RB,77.67396858806092,-28.268067011375322,-4.868440873060649,160.21637804918248,183.6160041874972
3900,31,RB,78.04304600600028,-32.40911370940782,-8.013327571391386,164.09941958339195,188.49520572140844
4000,31,RB,77.82671239866497,-36.592563862388715,-11.320552876605404,166.97397767393534,192.2459886597187
4100,31,RB,77.75627219558059,-39.92847332427691,-13.93521170941304,169.44775610057422,195.44101771543816
4200,31,RB,77.48639644015994,-42.627883758455255,-16.098006032230728,171.0707989125506,197.60067663877518
4300,31,RB,77.341022226714,-44.25946101278521,-17.4013226926846,172.0833671461126,198.9415054662133
4400,31,RB,77.73347126189769,-44.344736241615664,-17.381082022071723,172.8480245458671,199.8116787654111
4500,31,RB,79.19106087915571,-42.34740208346345,-15.502962304114646,173.88508406242607,200.72952384177495
4600,31,RB,78.87167715057352,-41.144825270295826,-14.636543914491625,172.37989821563866,198.88817957144292
4700,31,RB,79.30449152441702,-38.304542288754774,-12.328003267719836,170.93698631655388,196.91352533758888
4800,31,RB,79.15871495629895,-35.32583395696864,-10.039406071885452,168.35683598448335,193.64326386956662
4900,31,RB,79.18491268538315,-31.653000709891714,-7.172012396560362,165.54183776732668,190.0228260806581
5000,31,RB,79.04405382487789,-27.821186654093637,-4.217650435063959,162.30575808481973,185.9092943038495
5100,31,RB,79.7888884530319,-22.961793871037827,-0.26704821851268434,159.8448251245765,182.5395707771017
5200,31,RB,80.05719814522907,-18.600224525153664,3.1904348027942575,156.92396148766386,178.71462081561185
5300,31,RB,78.7687530981852,-15.9529795282958,4.96839618524443,152.56911001112599,173.49048572466626
5400,31,RB,77.48539780984282,-13.565076348209686,6.545421274001839,148.4253743456838,168.5358719678954
5500,31,RB,75.2629936632528,-12.463518546025128,6.912809051425015,143.6131782750806,162.98950587253077
5600,31,RB,75.52114234369716,-9.286658960627562,9.445007208568015,141.5972774788263,160.32894364802195
5700,31,RB,75.60056265005511,-6.732603384665879,11.452485216808114,139.74864008330212,157.93372868477616
5800,31,RB,76.19865498401202,-4.130318956260311,13.612099788493332,138.7852101795307,156.5276289242844
5900,31,RB,79.18267328744473,0.37483357057750766,17.781276402347416,140.58407017254206,157.990513004312
6000,31,RB,80.5458026353664,2.7725146832995478,19.95045402842141,141.1411512423114,158.3190905874333
6100,31,RB,82.28818200718727,5.079262829631986,22.132548931563008,142.44381508281154,159.4971011847426
6200,31,RB,84.39439840378355,7.3042010977451355,24.33126486599891,144.4575319415682,161.48459570982203
6300,31,RB,86.80812734106864,9.41296452332135,26.507386625013687,147.1088680571236,164.20329015881597
6400,31,RB,93.98459774246346,15.900791403165513,33.14731555628326,154.82187992864368,172.06840408176146
6500,31,RB,99.34666719751398,20.24320359455848,37.71494145651052,160.97839293851743,178.45013080046954
6600,31,RB,105.46604664960452,25.068926447779475,42.82639679158947,168.10569650761957,185.8631668514296
6700,31,RB,110.07644562894677,28.173697210966083,46.26371862538744,173.8891726325061,191.97919404692752
6800,31,RB,116.60020173571641,33.04813953853534,51.50244813697853,181.6979553344543,200.15226393289754
6900,31,RB,131.36568190419,46.093481464980584,64.92772038609445,197.80364342228557,216.6378823433995
7000,31,RB,132.73844747993274,45.750126111829076,64.96340804374645,200.51348691611904,219.72676884803644
7100,31,RB,134.4238599770208,45.796281535945056,65.37162940736509,203.47609054667652,223.0514384180966
7200,31,RB,134.5935126728133,44.477186415999,64.38135695073116,204.8056683948954,224.70983892962764
7300,31,RB,135.05581264083528,43.66919746912994,63.853939219318846,206.25768606235172,226.44242781254067
7400,31,RB,135.30880356255807,42.93772046873785,63.33990358856167,207.27770353655447,227.67988665637833
7500,31,RB,137.59264789604993,44.59036196030458,65.1319600954707,210.05333569662915,230.59493383179532
7600,31,RB,138.09877462609222,44.88391133530992,65.47246184971995,210.7250874024645,231.31363791687457
7700,31,RB,139.9508408808312,47.00095068800775,67.53097607220043,212.370705689462,232.9007310736547
7800,31,RB,141.59316052488225,49.40642747532479,69.7678928376511,213.41842821211338,233.77989357443977
7900,31,RB,142.52545607369146,51.57309005503306,71.66191833919609,213.38899380818683,233.47782209234992
8000,31,RB,143.5174466562811,54.219193247958756,73.94267442081198,213.0922188917502,232.81570006460348
8100,31,RB,147.270286478214,59.98947054800722,79.26735633015248,215.27321662627548,234.5511024084208
8200,31,RB,148.83528653049618,63.877149051674095,82.64202026793525,215.0285527930571,233.7934240093183
8300,31,RB,150.48558680863988,68.09738892668315,86.29463252068423,214.67654109659554,232.87378469059666
8400,31,RB,152.49282476748127,72.86546023136985,90.45291312465953,214.53273641030302,232.12018930359272
8500,31,RB,159.62012876767173,82.89096216062521,99.8382843670611,219.40197316828235,236.34929537471828
8600,31,RB,163.03346083106365,89.2901038846594,105.57794442846836,220.48897723365894,236.77681777746795
8700,31,RB,163.49594056631165,92.780688804803,108.39970579020918,218.59217534241412,234.2111923278203
8800,31,RB,162.32293195535928,94.63760549929063,109.58739691268323,215.05846699803533,230.00825841142796
8900,31,RB,160.96618594457513,96.27714779625103,110.56514310758536,211.3672287815649,225.6552240928993
9000,31,RB,159.9688558704416,98.212015090752,111.85237019202637,208.0853415488568,221.72569665013123
9100,31,RB,158.07106963634774,99.15671261881806,112.16924273105545,203.97289654164004,216.98542665387745
9200,31,RB,157.1519214869034,100.97003282772499,113.37903726992576,200.92480570388105,213.33381014608185
9300,31,RB,156.73565414421643,103.16417996660593,114.99661701901552,198.47469126941735,210.30712832182695
9400,31,RB,157.17210587810376,106.08275138591318,117.36695777293346,196.97725398327407,208.26146037029437
9500,31,RB,157.82780290001142,109.0961024229088,119.85956912237819,195.79603667764465,206.55950337711408
9600,31,RB,158.06037690408456,111.56850091294777,121.83725316512064,194.28350064304848,204.5522528952214
9700,31,RB,157.98345911416592,113.61984393809135,123.41852303077184,192.54839519756,202.34707429024053
9800,31,RB,157.82789376106155,115.4868906511711,124.83883143168151,190.81695609044158,200.168896870952
9900,31,RB,158.07685253936415,117.65839728858504,126.58570113549608,189.56800394323224,198.49530779014327
10000,31,RB,158.1541631473176,119.56346501329747,128.0870685446368,188.22125774999841,196.74486128133776
100,32,RB,8.889035033250142,-2.513692607669954,0.004850312945562152,17.77321975355472,20.291762674170243
200,32,RB,8.889035033250142,-2.959534285493749,-0.34251743506438004,18.120587501564664,20.73760435199404
300,32,RB,8.706547584805634,-3.6112316093299075,-0.8905794492479799,18.303674618859247,21.02432677894118
400,32,RB,8.439203827002121,-4.3798745622524375,-1.5484994612448268,18.42690711524907,21.25828221625669
500,32,RB,8.352901640858455,-5.011191643633358,-2.0594380288827807,18.76524131059969,21.716994925350278
600,32,RB,8.199689512123264,-5.768513168917519,-2.683328721486548,19.082707745733074,22.167892193164057
700,32,RB,8.16280112473802,-6.487811255645008,-3.2519016333821753,19.577503882858217,22.81341350512106
800,32,RB,8.113699267101325,-7.3198140715777065,-3.910983572121985,20.138382106324634,23.547212605780363
900,32,RB,8.056403690880472,-8.283349189814825,-4.6743557771683815,20.787163158929324,24.396156571575776
1000,32,RB,8.042659523217997,-9.348454646901546,-5.5072449947839175,21.592564041219912,25.43377369333755
1100,32,RB,8.365768676690887,-10.239800563349604,-6.130351827122077,22.86188918050385,26.97133791673139
1200,32,RB,8.50916478241127,-11.48279729044591,-7.067133237652179,24.08546280247472,28.50112685526846
1300,32,RB,8.891428634367923,-12.658229701916312,-7.8985142063217495,25.681371475057595,30.44108697065217
1400,32,RB,9.594690750957414,-13.67544600908293,-8.535725054209236,27.72510655612406,32.86482751099777
1500,32,RB,10.139550902385519,-14.99859223950973,-9.446281034580249,29.725382839351287,35.27769404428078
1600,32,RB,10.746777648871026,-16.386881422295204,-10.393816682342644,31.887371980084694,37.880436720037274
1700,32,RB,11.630144345799435,-17.604895877371,-11.147694942066144,34.40798363366501,40.86518456896989
1800,32,RB,12.120862511011644,-19.302143895586145,-12.361682558441817,36.6034075804651,43.54386891760945
1900,32,RB,13.2196188896529,-20.463003713018963,-13.023456494571299,39.4626942738771,46.90224149232478
2000,32,RB,15.00746199708483,-20.99713107241932,-13.044725662030588,43.05964965620025,51.01205506658901
2100,32,RB,15.86207924038013,-22.5244404608093,-14.045934222217983,45.770092702978246,54.24859894156958
2200,32,RB,18.069415649966626,-22.764888718905073,-13.745735457941755,49.88456675787501,58.90372001883834
2300,32,RB,19.031775582831298,-24.3313775148528,-14.753672452616772,52.81722361827937,62.39492868051542
2400,32,RB,22.239227060683884,-23.75779519034315,-13.598342258748719,58.07679638011649,68.23624931171095
2500,32,RB,22.675592506693413,-26.091122172332035,-15.319921817096173,60.671106830483,71.44230718571887
2600,32,RB,23.96255702099211,-27.74419849108666,-16.32362552435085,64.24873956633508,75.66931253307091
2700,32,RB,26.00126240597946,-28.850063029489547,-16.734942708091502,68.73746752005042,80.8525878414485
2800,32,RB,30.480078683483303,-27.75224209055602,-14.890354667220667,75.85051203418728,88.71239945752265
2900,32,RB,37.791654669998536,-24.08703014584117,-10.41976311223545,86.00307245223252,99.67033948583827
3000,32,RB,38.68794273837695,-27.12131884834571,-12.585897579018528,89.96178305577243,104.49720432509964
3100,32,RB,40.591375890393145,-29.42715881050207,-13.962027095001226,95.14477887578752,110.60991059128838
3200,32,RB,46.18818107005791,-28.29070540772038,-11.840407007117761,104.21676914723358,120.66706754783624
3300,32,RB,68.40864102892199,-10.732310368160327,6.7477074967419455,130.06957456110203,147.54959242600435
3400,32,RB,68.69373789540315,-15.237076260333723,3.3008880294430725,134.0865877613632,152.62455205114009
3500,32,RB,72.42039412021786,-16.32730515905412,3.2745740385699946,141.56621420186573,161.16809339948992
3600,32,RB,72.66242869843694,-20.802747914959497,-0.158910203796367,145.48376760067026,166.12760531183343
3700,32,RB,72.74373363693036,-25.191739392211034,-3.560538503966967,149.04800577782768,170.6792066660718
3800,32,RB,73.47027220660888,-28.52603412919602,-5.997908987530806,152.93845340074859,175.46657854241386
3900,32,RB,73.59855055653344,-31.88267905715115,-8.584832044826243,155.78193315789312,179.0797801702181
4000,32,RB,73.2634505142556,-34.9747166777227,-11.067939430541244,157.59484045905242,181.50161770623396
4100,32,RB,73.67521263378443,-36.46606611338392,-12.138944867345131,159.489370134914,183.8164913809528
4200,32,RB,73.94923947354566,-37.1472590126084,-12.609156500769558,160.50763544786088,185.0457379596998
4300,32,RB,75.4682857138247,-35.59289647818251,-11.062594345814858,161.99916577346426,186.52946790583195
4400,32,RB,75.3253391152755,-34.7216573026253,-10.415360380414427,161.06603861096542,185.37233553317634
4500,32,RB,74.63097034703937,-33.48231499295353,-9.603120646472306,158.86506134055105,182.7442556870323
4600,32,RB,74.57461125762991,-30.81935779314587,-7.5407841932783555,156.6900067085382,179.96858030840576
4700,32,RB,74.87595140582609,-27.201938145277296,-4.655793558107334,154.4076963697595,176.95384095692953
4800,32,RB,74.76366124253366,-23.599174505488378,-1.873581171500959,151.4009036565683,173.12649699055575
4900,32,RB,74.60596948465769,-19.834888673559064,1.0244497427742942,148.1874892265411,169.04682764287452
5000,32,RB,74.85256376679821,-15.631944678083727,4.353546981948909,145.35158055164752,165.3370722116802
5100,32,RB,74.99213594416331,-11.648640173928811,7.487878753857089,142.49639313446954,161.63291206225546
5200,32,RB,73.93268234860916,-9.092956328289617,9.245080070027129,138.6202846271912,156.95832102550798
5300,32,RB,71.12404461217857,-8.603933360944296,9.005742220414739,133.2423470039424,150.85202258530148
5400,32,RB,70.94374987974344,-5.86787166183008,11.097662528454094,130.78983723103278,147.75537142131697
5500,32,RB,70.81667986363443,-3.501236215328305,12.91350833613118,128.7198513911377,145.13459594259723
5600,32,RB,71.25935531383159,-1.0145811800484665,14.948705573241838,127.57000505442134,143.5332918077117
5700,32,RB,71.70333877857776,1.009927357422555,16.624120423823285,126.78255713333223,142.396750199733
5800,32,RB,72.29943782596982,2.720054083423662,18.088189661503627,126.510685990436,141.878821568516
5900,32,RB,75.3141281694649,6.3966829926144015,21.61861489548489,129.0096414434449,144.23157334631543
6000,32,RB,76.66303340153068,7.981636951597153,23.151432307071417,130.17463449598995,145.34442985146427
6100,32,RB,78.56650907452098,9.718242000010136,24.92489439911663,132.20812374992533,147.41477614903187
6200,32,RB,86.91152054014839,17.5331816909122,32.856912087292066,140.9661289930047,156.28985938938462
6300,32,RB,92.63860397825192,22.419767304267637,37.92914011121562,147.34806784528823,162.85744065223625
6400,32,RB,98.69341100392326,27.38061959600965,43.13161634043767,154.25520566740886,170.0062024118369
6500,32,RB,104.47238057304797,31.874014139692022,47.90895837293217,161.03580277316377,177.07074700640396
6600,32,RB,110.19917361134381,36.191233137634725,52.53751276642313,167.86083445626448,184.20711408505292
6700,32,RB,114.08319837505313,38.613386070277784,55.282552210690525,172.88384453941575,189.5530106798285
6800,32,RB,116.32966733011155,39.41824977424342,56.40582610683092,176.25350855339218,193.24108488597972
6900,32,RB,128.37507069385043,50.11292186593519,67.39883687589847,189.3513045118024,206.6372195217657
7000,32,RB,130.0729715907837,50.62090658532212,68.16964072588803,191.9763024556794,209.52503659624534
7100,32,RB,131.27971587129093,50.86277442938146,68.6246227295423,193.93480901303957,211.69665731320043
7200,32,RB,132.47508858941828,51.38240605847825,69.29350662437238,195.65667055446417,213.56777112035834
7300,32,RB,133.1262407701571,51.71013049945502,69.69266718747357,196.55981435284062,214.54235104085922
7400,32,RB,133.6716996531695,52.34438872823732,70.30731212979612,197.03608717654288,214.99901057810172
7500,32,RB,134.037445728402,53.25692142142462,71.09907498535304,196.97581647145094,214.8179700353794
7600,32,RB,134.16676668932868,54.387952102387715,72.0088560668031,196.32467731185426,213.9455812762697
7700,32,RB,135.962352206625,57.599130291711745,74.90736951354255,197.01733489970746,214.32557412153832
7800,32,RB,137.7437901610124,61.15585222297727,78.0719809750286,197.41559934699623,214.3317280990476
7900,32,RB,138.64250516207113,64.1330002912461,80.59006143664777,196.6949488874945,213.15201003289621
8000,32,RB,139.5681165976597,67.38327534516206,83.32688345694567,195.80934973837373,211.75295785015737
8100,32,RB,142.9786998146613,73.30912162066905,88.69717862494824,197.26022100437436,212.64827800865356
8200,32,RB,144.58268523810534,77.56598761676611,92.36809766204604,196.79727281416464,211.59938285944463
8300,32,RB,146.2552873833293,81.97980395719684,96.17645662222213,196.33411814443645,210.53077080946179
8400,32,RB,148.39209337552674,86.90131565787178,100.48290488641584,196.30128186463764,209.88287109318173
8500,32,RB,155.31389431122832,96.61137428167363,109.57711554099882,201.05067308145783,214.01641434078306
8600,32,RB,158.75563083298152,102.81009348766298,115.16689454949326,202.34436711646978,214.7011681783001
8700,32,RB,159.370775820242,106.12122883969853,117.88256119780522,200.85899044267876,212.62032280078546
8800,32,RB,158.21266881984113,107.57333685013582,118.75814587594442,197.66719176373783,208.85200078954648
8900,32,RB,156.61506003850394,108.48042861996393,119.1120195000754,194.11810057693248,204.74969145704398
9000,32,RB,155.3282129463723,109.58085798398668,119.68516640962443,190.97125948312018,201.07556790875796
9100,32,RB,153.40308682260283,109.91959860128392,119.52388231937105,187.2822913258346,196.88657504392177
9200,32,RB,152.70523562727263,111.36556917344141,120.49634275381452,184.91412850073073,194.04490208110388
9300,32,RB,152.5205243751675,113.211350636388,121.89364529014857,183.1474034601864,191.82969811394702
9400,32,RB,152.9569761090549,115.57130198674678,123.82874949038461,182.08520272772518,190.34265023136302
9500,32,RB,153.61267313096272,118.04946999829971,125.90438474367662,181.32096151824882,189.17587626362575
9600,32,RB,153.84524713503586,120.0091020471749,127.48255807940856,180.20793619066316,187.68139222289685
9700,32,RB,153.76716398819528,121.56795218583906,128.67985553808649,178.85447243830407,185.9663757905515
9800,32,RB,153.61159863509084,122.96417597497845,129.73333260191944,177.48986466826224,184.25902129520324
9900,32,RB,153.86418014097396,124.68809418269797,131.13227377335917,176.59608650858874,183.04026609924995
10000,32,RB,153.94149074892746,126.16070932333912,132.29670525272508,175.58627624512985,181.7222721745158
100,33,RB,7.727895609189515,-2.3117885313664353,-0.09430371425361006,15.55009493263264,17.767579749745472
200,33,RB,7.727895609189515,-2.7105926353007526,-0.40502316999623034,15.86081438837526,18.16638385367979
300,33,RB,7.452215748869789,-3.4067290479485015,-1.0082925155141789,15.912724013253758,18.311160545688086
400,33,RB,7.278064402941508,-4.031510801055665,-1.5335426427196914,16.089671448602708,18.587639606938687
500,33,RB,7.191762216797844,-4.610132404257172,-2.0034246862685645,16.386949119864255,18.993656837852868
600,33,RB,7.038550088062651,-5.31252994455842,-2.5845225626682193,16.661622738793522,19.389630120683726
700,33,RB,7.001661700677414,-5.974406699234296,-3.108356905258572,17.1116803066134,19.97773010058913
800,33,RB,6.952559843040714,-6.7456966024842355,-3.720135711961298,17.625255398042725,20.65081628856567
900,33,RB,6.914505842656036,-7.624718143144621,-4.413411095059516,18.242422780371587,21.4537298284567
1000,33,RB,7.000576782182752,-8.518404911173196,-5.090696847823399,19.091850412188904,22.51955847553871
1100,33,RB,7.20764611681936,-9.444566059194708,-5.766559146358929,20.18185137999765,23.859858292833437
1200,33,RB,7.35104222253974,-10.592799043985238,-6.629507469057432,21.33159191413691,25.294883489064727
1300,33,RB,7.733306074496386,-11.656724730478654,-7.374010422795151,22.84062257178792,27.123336879471438
1400,33,RB,8.43656819108588,-12.543007534251865,-7.909207308159386,24.782343690331146,29.416143916423636
1500,33,RB,9.32420228800663,-13.371129112290317,-8.358366549750619,27.006771125763876,32.01953368830359
1600,33,RB,10.244481331225062,-14.272183256986276,-8.857139244695682,29.34610190714581,34.76114591943641
1700,33,RB,10.743636194461256,-15.67975543389041,-9.843568863457993,31.330841252380505,37.16702782281294
1800,33,RB,11.056148633499749,-17.34270312009747,-11.070192779592617,33.182490046592115,39.45500038709699
1900,33,RB,12.061496329781352,-18.36984783273537,-11.648416889293454,35.771409548856155,42.49284049229809
2000,33,RB,13.844505640934036,-18.67094846349797,-11.48919605090522,39.17820733277329,46.35995974536606
2100,33,RB,15.469178736100838,-19.184196148697737,-11.530236961043004,42.46859443324468,50.12255362089943
2200,33,RB,17.30593128137149,-19.5501915378041,-11.409707073853454,46.02156963659643,54.162054100547095
2300,33,RB,20.665045728355327,-18.478527716190914,-9.832809525696575,51.16290098240723,59.80861917290159
2400,33,RB,21.189276951331106,-20.35363480907154,-11.177970037385851,53.556523940048066,62.73218871173377
2500,33,RB,21.71492013502429,-22.37096297356081,-12.633627109836642,56.063467379885225,65.80080324360941
2600,33,RB,22.757834384350573,-24.046780348267824,-13.70895287408105,59.224621642782196,69.56244911696899
2700,33,RB,28.98420002119571,-20.74503414528477,-9.761240214421882,67.7296402568133,78.71343418767623
2800,33,RB,32.54821369135237,-20.338707094114504,-8.657468698189497,73.75389608089424,85.43513447681929
2900,33,RB,36.51539050641388,-19.78143539091395,-7.347044534464587,80.37782554729235,92.81221640374173
3000,33,RB,37.702982872235225,-22.25261268261349,-9.010102163107042,84.41606790757749,97.65857842708397
3100,33,RB,44.05698128299768,-19.78088532824561,-5.680889951352519,93.79485251734789,107.89484789424101
3200,33,RB,66.70777835424408,-1.1895775443560126,13.807045229765862,119.6085114787223,134.6051342528442
3300,33,RB,66.89192606672589,-5.172352589955153,10.744626623748374,123.0392255097034,138.95620472340698
3400,33,RB,66.94364849725702,-9.299484769501802,7.540486295443003,126.34681069907103,143.18678176401588
3500,33,RB,70.92120991481232,-9.392876433378177,8.346254059579621,133.49616577004502,151.23529626300285
3600,33,RB,71.20243439862257,-12.935128560310801,5.648500744981035,136.75636805226412,155.339997357556
3700,33,RB,71.30376832476036,-16.257622597276495,3.082234336125552,139.52530231339517,158.86515924679725
3800,33,RB,71.48238486532325,-18.949309182009216,1.0245172579775215,141.940252472669,161.91407891265578
3900,33,RB,71.95391547284513,-20.658349396388232,-0.20289598263329367,144.11072692832354,164.56618034207852
4000,33,RB,71.94535165212788,-22.04766262286722,-1.2872403673988373,145.1779436716546,165.93836592712304
4100,33,RB,72.88939141352805,-21.608826075586464,-0.7368185908237734,146.51560141787985,167.3876089026426
4200,33,RB,74.13404679532049,-19.971617164979804,0.8136862484333562,147.45440734220762,168.23971075562082
4300,33,RB,74.14706885983544,-18.694423348879283,1.8116599589889262,146.48247776068195,166.9885610685502
4400,33,RB,73.49416304282713,-17.290017153325778,2.7616635968473133,144.22666248880694,164.27834323898009
4500,33,RB,72.92208548337898,-15.162246494021403,4.293113460619054,141.5510575061389,161.0064174607794
4600,33,RB,73.01308001316376,-11.912199844819,6.845414043988669,139.18074598233886,157.93835987114656
4700,33,RB,73.2417989555592,-8.249371177669161,9.749744130074518,136.73385378104388,154.73296908878763
4800,33,RB,73.2003671586435,-4.753030084442955,12.464690354652134,133.93604396263487,151.15376440173
4900,33,RB,73.24385410346214,-1.2172550923757939,15.229116804938435,131.25859140198585,147.70496329930012
5000,33,RB,71.51052029049455,0.37524794646405724,16.08703570548996,126.93400487549914,142.6457926345251
5100,33,RB,70.12989977847288,2.062033977511021,17.096317609719783,123.16348194722596,138.19776557943476
5200,33,RB,70.26492848650076,4.938004974890802,19.366891283226813,121.16296568977472,135.59185199811077
5300,33,RB,69.64037843807388,6.683973405529585,20.58927862680936,118.6914782493384,132.59678347061822
5400,33,RB,69.27990840044124,8.295911814542464,21.765567296014858,116.79424950486762,130.26390498634007
5500,33,RB,69.51617121997275,10.090892142561906,23.216270616824737,115.81607182312075,128.94145029738362
5600,33,RB,70.14066554193542,11.856936038129277,24.73017820889781,115.55115287497303,128.4243950457416
5700,33,RB,70.61532104674403,13.064935338202908,25.77620242001869,115.45443967346937,128.16570675528519
5800,33,RB,71.1971959782802,13.997252639034684,26.631116824274585,115.76327513228583,128.39713931752576
5900,33,RB,74.30195121714499,17.09170419250968,29.72784417304277,118.87605826124721,131.5121982417803
6000,33,RB,81.88965151824189,24.342641983065015,37.053163362817834,126.72613967366595,139.4366610534188
6100,33,RB,84.8531424648963,26.69115912310206,39.53751097919301,130.1687739505996,143.01512580669055
6200,33,RB,94.32982978195457,35.32732324576502,48.35932311586805,140.3003364480411,153.33233631814414
6300,33,RB,100.47381333413273,40.461795270300534,53.7167679405343,147.23085872773117,160.48583139796494
6400,33,RB,106.13603394600938,45.00730493006428,58.50892774852441,153.76314014349435,167.26476296195452
6500,33,RB,111.1993912146509,48.9120402346424,62.66957016911482,159.72921226018698,173.48674219465943
6600,33,RB,112.65288789958625,49.2307063396959,63.23888854028075,162.06688725889174,176.07506945947662
6700,33,RB,114.21177651627498,49.74227347105261,63.98177963161925,164.4417734009307,178.68127956149738
6800,33,RB,116.37767821965994,51.01057843209853,65.44833855366244,167.30701788565744,181.74477800722138
6900,33,RB,127.94441336681781,61.88648218084124,76.47682759450436,179.41199913913127,194.0023445527944
7000,33,RB,130.14082904400271,63.65552647321438,78.34026624668213,181.9413918413233,196.6261316147911
7100,33,RB,131.9539463076036,65.35991093583874,80.06866673729223,183.83922587791494,198.54798167936846
7200,33,RB,132.1159551366779,65.78310704312717,80.43417389582947,183.79773637752635,198.4488032302287
7300,33,RB,132.2910458366872,66.62002230410816,81.12491066204899,183.45718101132542,197.96206936926626
7400,33,RB,132.4980934706477,67.87412863350254,82.14775107438413,182.84843586691125,197.12205830779288
7500,33,RB,132.7441800930653,69.50855597476557,83.47553286565591,182.01282732047468,195.97980421136506
7600,33,RB,133.0464673385936,71.48972553473465,85.08588438096632,181.00705029622088,194.60320914245258
7700,33,RB,134.69766083124026,75.05839953775373,88.23104068568605,181.16428097679446,194.3369221247268
7800,33,RB,136.35460989414332,78.82003450693409,91.52780953192655,181.1814102563601,193.88918528135258
7900,33,RB,137.12058702201116,81.82852265177375,94.04098985007317,180.20018419394916,192.41265139224862
8000,33,RB,138.0685003246798,85.11055296515623,96.80747914043538,179.32952150892424,191.0264476842034
8100,33,RB,141.60865157503753,91.03420510144348,102.2046827398834,181.01262041019166,192.18309804863162
8200,33,RB,143.05126773863515,94.87202177056184,105.51346675413188,180.5890687231384,191.23051370670848
8300,33,RB,144.68074878216362,98.87553281257246,108.99262111287408,180.36887645145316,190.4859647517548
8400,33,RB,146.87927580179675,103.39891318950154,113.00250654816527,180.75604505542822,190.359638414092
8500,33,RB,153.96596470355095,112.73800194259502,121.84410330823522,186.08782609886669,195.1939274645069
8600,33,RB,157.16683845475112,118.10006068762954,126.72881686554211,187.60486004396012,196.2336162218727
8700,33,RB,157.49246642401351,120.48322299693956,128.65752751124717,186.32740533677986,194.5017098510875
8800,33,RB,156.31154874190076,121.24992190348206,128.99405250450351,183.62904497929802,191.3731755803195
8900,33,RB,154.9355379067011,121.71274870664038,129.0507316154528,180.82034419794937,188.15832710676182
9000,33,RB,153.8800092484436,122.39350290846171,129.34798960100522,178.41202889588197,185.3665155884255
9100,33,RB,151.95488312467407,122.10812157424373,128.70043460436273,175.2093316449854,181.80164467510443
9200,33,RB,151.2570319293438,122.95912511451738,129.20933954750615,173.30472431118147,179.55493874417024
9300,33,RB,151.0723206772387,124.23768133605313,130.16470099909228,171.97994035538514,177.90696001842431
9400,33,RB,151.5087724111262,126.05679277187292,131.67842166231964,171.33912315993274,176.96075205037945
9500,33,RB,152.16039562012676,128.0151445836213,133.34815375295793,170.9726374872956,176.30564665663226
9600,33,RB,152.3929696242,129.48290908517492,134.54309929566202,170.24283995273797,175.3030301632251
9700,33,RB,152.31488647735938,130.57260555886927,135.37486598371606,169.2549069710027,174.0571673958495
9800,33,RB,152.15932112425503,131.52128714183516,136.07965037023652,168.23899187827354,172.7973551066749
9900,33,RB,152.41190263013814,132.81822768672828,137.14592127650383,167.67788398377246,172.00557757354804
10000,33,RB,152.48921323809168,133.88343543345403,137.99293023575507,166.9854962404283,171.09499104272933
100,22,WR,-5.425853180519051,-10.538907560595081,-9.409577165519229,-1.442129195518874,-0.31279880044301844
200,22,WR,-5.425853180519051,-10.707253706859742,-9.54074036676938,-1.3109659942687228,-0.14445265417835618
300,22,WR,-5.632314224972613,-11.088760361570374,-9.883584352653678,-1.3810440972915474,-0.17586808837484913
400,22,WR,-5.867294129803886,-11.506503946539933,-10.260960563495482,-1.47362769611229,-0.2280843130678356
500,22,WR,-6.022860555685205,-11.854040753019948,-10.566096493777273,-1.4796246175931378,-0.19168035835046027
600,22,WR,-6.189812559749778,-12.223893088530037,-10.89113383331054,-1.4884912861890163,-0.15573203096951538
700,22,WR,-6.188668900945453,-12.438783981359947,-11.058308749072452,-1.319029052818454,0.061446179469043294
800,22,WR,-6.358122955710225,-12.840045663446137,-11.408370623786244,-1.3078752876342046,0.12379975202569238
900,22,WR,-6.455369807681321,-13.187989301901865,-11.700942369068263,-1.2097972462943787,0.27724968653922755
1000,22,WR,-6.506950820861587,-13.512798371269731,-11.965403019330216,-1.0484986223929589,0.4988967295465594
1100,22,WR,-6.352786369331522,-13.658435953663194,-12.044822735797059,-0.6607500028659858,0.9528632150001553
1200,22,WR,-6.324559120635946,-13.960816126580628,-12.274180996113657,-0.374937245158236,1.3116978853087407
1300,22,WR,-6.115167072125551,-14.117175445547877,-12.349756089913537,0.11942194566243458,1.88684130129678
1400,22,WR,-5.797704344401432,-14.204911237511922,-12.347994886479544,0.7525861976766786,2.609502548709062
1500,22,WR,-5.415565700631385,-14.271540200409879,-12.315503663894926,1.4843722626321565,3.4404087991471144
1600,22,WR,-5.117884581368172,-14.469591622392809,-12.40406166276094,2.168292500024595,4.233822459656468
1700,22,WR,-4.9589662528668725,-14.855662739389786,-12.669759887148944,2.7518273814151986,4.937730233656046
1800,22,WR,-4.744450635704644,-15.236690868602317,-12.919249095711788,3.4303478243024985,5.747789597193035
1900,22,WR,-3.9377127057503167,-15.076450724379162,-12.616215711772572,4.740790300271939,7.201025312878535
2000,22,WR,-2.999040804421437,-14.834790320000362,-12.220605004754638,6.2225233959117645,8.836708711157494
2100,22,WR,-2.5292957325716703,-15.111332590745096,-12.332313319745548,7.273721854602208,10.052741125601763
2200,22,WR,-1.8170898112472587,-15.192776433932817,-12.238462175733266,8.604282553238749,11.558596811438306
2300,22,WR,-1.2835871862094004,-15.49788181406166,-12.358342553468413,9.791168181049612,12.930707441642868
2400,22,WR,-0.5820048708964499,-15.677204264413804,-12.343097832599122,11.179088090806223,14.513194522620914
2500,22,WR,-0.3477753266254338,-16.363727283619184,-12.826252418969167,12.130701765718298,15.668176630368322
2600,22,WR,-0.5943223092607558,-17.568733262164322,-13.819561670655174,12.630917052133663,16.380088643642818
2700,22,WR,-0.2716621527745787,-18.24063415942468,-14.271791908410844,13.728467602861688,17.697309853875534
2800,22,WR,-0.17109951676973195,-19.169717481716678,-14.973455299203046,14.63125626566358,18.827518448177223
2900,22,WR,1.0641971926357001,-18.998907966599802,-14.567530400145895,16.695924785417294,21.127302351871215
3000,22,WR,1.5349706508705856,-19.628116334773544,-14.953783615048641,18.023724916789813,22.69805763651473
3100,22,WR,2.1542903286397737,-20.14598927409808,-15.220482580447886,19.529063237727435,24.45456993137764
3200,22,WR,2.7058923223710134,-20.771747951279437,-15.58619528651467,20.997979931256697,26.18353259602148
3300,22,WR,2.904727354137213,-21.794725553867572,-16.339308725240045,22.148763433514475,27.604180262142016
3400,22,WR,4.453510182932216,-21.517814964062893,-15.781477208065215,24.68849757392965,30.42483532992734
3500,22,WR,8.277644651096962,-19.022433693623917,-12.992611600828786,29.547900903022708,35.57772299581786
3600,22,WR,8.590904701951962,-20.102683789436696,-13.765074364941968,30.946883768845893,37.28449319334064
3700,22,WR,8.704749037215882,-21.45578363089109,-14.794167355793912,32.203665430225676,38.86528170532287
3800,22,WR,9.764307026575223,-21.945631748837783,-14.941795094056152,34.470409147206595,41.474245801988246
3900,22,WR,10.04112163058531,-23.309859426512865,-15.943562529662744,36.02580579083337,43.392102687683504
4000,22,WR,10.760144309043064,-24.332703052298918,-16.58167671286624,38.10196533095237,45.852991670385066
4100,22,WR,12.645019271581868,-24.299621923529145,-16.13958623147966,41.42962477464339,49.5896604666929
4200,22,WR,15.02655536533025,-23.88888991664042,-15.29355884289049,45.34666957355099,53.942000647300944
4300,22,WR,14.901861527674837,-26.11110352112302,-17.052489123772858,46.85621217912253,55.91482657647272
4400,22,WR,14.268698577609808,-28.97273494146521,-19.421914322378218,47.959311477597836,57.51013209668484
4500,22,WR,13.639837780825657,-31.961650679127807,-21.889560075280095,49.16923563693141,59.24132624077915
4600,22,WR,18.277074682589554,-29.813888954680582,-19.19194306345594,55.74609242863505,66.36803831985972
4700,22,WR,38.997038020533914,-11.70709304470703,-0.5079717149951222,78.50204775606295,89.7011690857749
4800,22,WR,39.186132161102215,-14.245635195183176,-2.444055463661222,80.81631978586566,92.61789951738763
4900,22,WR,38.94081201840331,-17.319251168767124,-4.8929801645430615,82.77460420134967,95.20087520557377
5000,22,WR,38.908956867289376,-20.2614821273774,-7.192390684296548,85.01030441887531,98.07939586195619
5100,22,WR,39.360508956444676,-22.77882671969438,-9.053989217019186,87.77500712990854,101.49984463258376
5200,22,WR,39.52231560736674,-25.615828411517576,-11.228638201688327,90.27326941642181,104.66045962625111
5300,22,WR,38.891038292493896,-29.24252164204514,-14.193728017117351,91.97580460210514,107.02459822703298
5400,22,WR,38.772128633358975,-32.31595385996775,-16.614589016243997,94.15884628296195,109.86021112668573
5500,22,WR,38.674136238861024,-35.28645146113419,-18.950630732774194,96.29890321049623,112.63472393885627
5600,22,WR,38.7462004135431,-37.961438421830344,-21.018871096739623,98.51127192382583,115.45383924891658
5700,22,WR,38.716198110422944,-40.56867502423878,-23.056868881591228,100.48926510243712,118.00107124508472
5800,22,WR,39.15818822805267,-42.49275551993946,-24.45835069910416,102.7747271552095,120.80913197604485
5900,22,WR,42.20109082559583,-41.565296327249314,-23.063649353568437,107.46583100476009,125.96747797844101
6000,22,WR,43.48721257502091,-42.10806980988466,-23.20247114286301,110.17689629290484,129.08249495992652
6100,22,WR,45.850285058636196,-41.256351222940246,-22.016936842970644,113.71750696024304,132.9569213402127
6200,22,WR,47.76741076795468,-40.51148019084993,-21.013147610651068,116.54796914656043,136.04630172675934
6300,22,WR,51.59548770135153,-37.50424009007338,-17.82460766137534,121.0155830640784,140.6952154927765
6400,22,WR,52.54601811497278,-37.01808819200018,-17.23588756561736,122.32792379556292,142.11012442194578
6500,22,WR,54.04227634924677,-35.633312983975095,-15.826488881931901,123.91104158042543,143.71786568246867
6600,22,WR,55.10514902409754,-34.348679350383506,-14.59083602822858,124.80113407642366,144.55897739857863
6700,22,WR,55.843112103748105,-33.09036364429232,-13.447451631979668,125.13367583947587,144.77658785178858
6800,22,WR,57.41738830132393,-30.740201378834293,-11.268660851047535,126.10343745369539,145.5749779814822
6900,22,WR,68.93928594924697,-18.232444075159535,1.0213476880418426,136.8572242104521,156.1110159736535
7000,22,WR,69.46250398938086,-16.561670097954305,2.438658724419682,136.48634925434203,155.4866780767161
7100,22,WR,70.38645483490674,-14.376481882672138,4.345274956853089,136.4276347129604,155.14939155248567
7200,22,WR,70.07902736454795,-13.355427269116547,5.072905115052933,135.08514961404296,153.5134819982125
7300,22,WR,70.25004884746535,-11.832766831322743,6.297026393776058,134.20307130115464,152.3328645262535
7400,22,WR,69.647102347036,-11.101398970348626,6.733681612774177,132.56052308129782,150.39560366442066
7500,22,WR,68.65594141832865,-10.811435628083117,6.740680513136468,130.57120232352082,148.12331846474046
7600,22,WR,68.72696399506343,-9.544346486995792,7.743592075569289,129.71033591455756,146.9982744771227
7700,22,WR,68.17669617557037,-9.01237215172759,8.036529453795367,128.31686289734537,145.3657645028684
7800,22,WR,69.96505738103632,-6.279944240753295,10.56043949144835,129.36967527062427,146.21005900282597
7900,22,WR,70.85410870972288,-4.6054689022958115,12.061436681362558,129.6467807380832,146.3136863217416
8000,22,WR,71.64794019225158,-3.20261489305166,13.329774685186202,129.96610569931696,146.49849527755487
8100,22,WR,75.31544761310472,0.8813116607174578,17.321725924605907,133.30916930160353,149.74958356549203
8200,22,WR,77.00474037376858,2.7805709883938903,19.17460952293336,134.8348712246038,151.22890975914333
8300,22,WR,78.91423052681054,4.682669521011917,21.07834065731798,136.7501203963031,153.14579153260922
8400,22,WR,81.335277903391,6.868508771892735,23.316130790347927,139.35442501643408,155.8020470348893
8500,22,WR,88.63458495338915,13.698924692408866,30.25011161847953,147.01905828829877,163.5702452143695
8600,22,WR,92.406946488784655,16.768682189093,33.47505465352049,151.33883832404882,168.04521078847637
8700,22,WR,93.12459954116783,16.548807100377402,33.46225325252226,152.7869458298134,169.7003919819583
8800,22,WR,92.21880026985505,14.467828854441308,31.640839102142778,152.79676143756734,169.96977168526882
8900,22,WR,97.15977355968339,17.997592016125196,35.48229902530893,158.83724809405783,176.32195510324163
9000,22,WR,96.12390946156172,15.322080543604528,33.1689396989361,159.07887922418735,176.92573837951898
9100,22,WR,96.15853638568785,13.499299006927558,31.756407628611342,160.56066514276438,178.8177737644482
9200,22,WR,97.28438172375505,12.562802590947214,31.275424699238044,163.29333874827205,182.00596085656292
9300,22,WR,102.53489897235818,15.560145547495168,34.77043070105633,170.29936724366001,189.50965239722123
9400,22,WR,102.9829667903969,13.581508938708609,33.327785080309724,172.63814850048408,192.38442464208524
9500,22,WR,107.99624255981715,16.01468985969069,36.33083663397545,179.66164848565884,199.97779525994366
9600,22,WR,113.33293350447984,18.640737677173476,39.555589539684235,187.11027746927545,208.02512933178627
9700,22,WR,116.5039551971238,18.996119417718816,40.5328672240485,192.47504317019911,214.01179097652886
9800,22,WR,116.97426513105646,16.573610482816946,38.74930089236908,195.19922936974382,217.37491977929602
9900,22,WR,117.22512337039707,13.882891072030816,36.70829353289787,197.74195320789627,220.56735566876338
10000,22,WR,117.84387859936417,11.54168688189904,35.020861411611136,200.6668957871172,224.14607031682937
100,23,WR,-4.3749476870064,-7.694839320709391,-6.9615683144575335,-1.7883270595552663,-1.0550560533034075
200,23,WR,-4.3749476870064,-7.806186191328838,-7.048321782378759,-1.701573591634041,-0.9437091826839596
300,23,WR,-4.581408731459965,-8.12851410247168,-7.345057950385776,-1.817759512534154,-1.0343033604482486
400,23,WR,-4.81638863629124,-8.484670581462646,-7.67444992069032,-1.9583273518921605,-1.1481066911198314
500,23,WR,-4.97195506217256,-8.767824084631053,-7.929423014716068,-2.0144871096290515,-1.1760860397140647
600,23,WR,-5.1389070662371354,-9.070080130657063,-8.201794190407217,-2.0760199420670533,-1.2077340018172054
700,23,WR,-5.20506991583774,-9.280946545386177,-8.380699643599867,-2.0294401880756134,-1.1291932862893006
800,23,WR,-5.356175207679787,-9.588154494318161,-8.653428891094462,-2.0589215242651107,-1.1241959210414096
900,23,WR,-5.404464314168679,-9.806327636905657,-8.834079411909752,-1.9748492164276046,-1.002600991431697
1000,23,WR,-5.456045327348945,-10.0443280921309,-9.030905037672035,-1.8811856170258556,-0.8677625625669876
1100,23,WR,-5.301880875818874,-10.096090760133333,-9.037184177049252,-1.566577574588497,-0.5076709915044129
1200,23,WR,-5.269700092898011,-10.292423699186449,-9.183044840093972,-1.3563553457020503,-0.2469764866095714
1300,23,WR,-5.052818940063086,-10.329724286687268,-9.164203805797653,-0.9414340743285194,0.22408640656109924
1400,23,WR,-4.746798850888792,-10.306552310595844,-9.078558609679654,-0.4150390920979312,0.8129546088182629
1500,23,WR,-4.364660207118741,-10.238552689117757,-8.941174483406126,0.2118540691686448,1.5092322748802784
1600,23,WR,-4.066979087855524,-10.28812986058161,-8.914052032001049,0.7800938562900006,2.1541716848705645
1700,23,WR,-3.8420305554799454,-10.444569621324469,-8.986253809001138,1.3021926980412464,2.760508510364582
1800,23,WR,-3.634597204791427,-10.65296526599646,-9.102804484168326,1.8336100745854722,3.3837708564136113
1900,23,WR,-2.6428164328775936,-10.111111061401333,-8.461574112168227,3.1759412464130397,4.82547819564615
2000,23,WR,-1.9519253365445215,-9.903284907731251,-8.147052452839006,4.243201779749963,5.999434234642213
2100,23,WR,-1.2791629918888694,-9.745239642683199,-7.875320612281287,5.316994628503549,7.186913658905464
2200,23,WR,-0.4383973005378135,-9.448975078104935,-7.458791011013072,6.581996409937445,8.572180477029313
2300,23,WR,0.22262926039050324,-9.360170406558801,-7.243598563321788,7.688857084102795,9.805428927339813
2400,23,WR,0.4605154675908657,-9.720320078889763,-7.471658872642571,8.392689807824302,10.641351014071502
2500,23,WR,0.6987770222042282,-10.104256767319796,-7.718169409226893,9.115723453635349,11.501810811728257
2600,23,WR,0.5369208215902644,-10.911221810000432,-8.382647990915256,9.456489634095785,11.985063453180969
2700,23,WR,0.8696668974352052,-11.245727544007444,-8.569776503007414,10.309110297877826,12.985061338877863
2800,23,WR,1.5569324303026548,-11.247663370270912,-8.419487067160025,11.533351927765336,14.36152823087623
2900,23,WR,2.4542304639240338,-11.062046685379544,-8.076679920563178,12.985140848411246,15.970507613227621
3000,23,WR,3.072456195358761,-11.17931620245167,-8.031499152966063,14.176411543683585,17.324228593169202
3100,23,WR,3.3482949506692785,-11.66508982463461,-8.349053948742437,15.045643850080992,18.361679725973175
3200,23,WR,4.004767800156816,-11.799612189494702,-8.308867642127566,16.3184032424412,19.809147789808343
3300,23,WR,5.395213752537119,-11.233761391193282,-7.560886887461454,18.35131439253569,22.024188896267525
3400,23,WR,5.7557222473261,-11.736479288935664,-7.872942271087794,19.384386765739993,23.247923783587872
3500,23,WR,9.694164508982547,-8.705606515409334,-4.641612836552211,24.029941854517304,28.09393553337444
3600,23,WR,9.873964751852684,-9.483805294230988,-5.208216483926545,24.956145987631913,29.23173479793637
3700,23,WR,10.408517503884513,-9.963852658997864,-5.464167121849838,26.281202129618862,30.7808876667669
3800,23,WR,11.734354759296483,-9.71543488628777,-4.977777585177392,28.44648710377036,33.18414440488075
3900,23,WR,13.703442198015983,-8.892652243581074,-3.9018083436340074,31.308692739665972,36.29953663961305
4000,23,WR,16.65586753312849,-7.161485215429611,-1.900899587003316,35.212634653260295,40.4732202816866
4100,23,WR,16.934839329130476,-8.184022058159115,-2.63596965235984,36.50564831062079,42.05370071642008
4200,23,WR,16.29626446790172,-10.207316275181412,-4.353418176983251,36.9459471127867,42.79984521098487
4300,23,WR,16.256755760512366,-11.714966148383795,-5.5367968182434275,38.050308339268156,44.22847766940854
4400,23,WR,20.40143031889031,-9.119972464692147,-2.599522066454682,43.4023827042353,49.92283310247278
4500,23,WR,40.16145994722103,9.01328735421886,15.893045605454773,64.42987428898729,71.30963254022322
4600,23,WR,40.25271059701942,7.407696586732378,14.6622395450566,65.84318164898224,73.09772460730649
4700,23,WR,40.43967303487512,5.838069202390088,13.480593615716867,67.39875245403337,75.04127686736017
4800,23,WR,40.356367684182274,3.9521801961143836,11.992844813044155,68.71989055532039,76.76055517225018
4900,23,WR,39.78816875803957,1.5526999704745137,9.99784329616103,69.5784942199181,78.02363754560463
5000,23,WR,39.780196578008244,-0.29442317581357713,8.55693704743232,71.00345610858417,79.85481633183008
5100,23,WR,40.52653168749001,-1.3711224989361526,7.882894931327229,73.17016844365278,82.4241858739162
5200,23,WR,40.691624246202856,-2.986153345092532,6.6610434489457475,74.72220504345997,84.36940183749826
5300,23,WR,39.89002988280629,-5.496080757295907,4.528438923126657,75.25162084248592,85.27614052290852
5400,23,WR,39.621667735252316,-7.3708327815866355,3.008493395948527,76.2348420745561,86.6141682520913
5500,23,WR,39.40177087637028,-9.065849473412463,1.639289328024006,77.16425242471655,87.86939122615304
5600,23,WR,39.72203512760937,-10.062372294328753,0.9336078621738224,78.51046239304492,89.50644254954751
5700,23,WR,39.9861920151289,-10.93153361578809,0.31476476648578,79.65761926377202,90.90391764604593
5800,23,WR,40.42818213275864,-11.417446200249685,0.03379988006317092,80.82256438545411,92.273810465767
5900,23,WR,44.13004985691079,-8.421704172086422,3.1855052819647867,85.07459443185678,96.68180388590802
6000,23,WR,47.078533409664765,-5.948474215222781,5.7637054369353535,88.39336138239418,100.10554103455235
6100,23,WR,48.85227910300425,-4.415531857688826,7.349834501698659,90.35472370430983,102.12009006369735
6200,23,WR,50.50391659426894,-2.7722786263819756,8.994939581021733,92.01289360751613,103.78011181491988
6300,23,WR,52.663940562636604,-0.4004310897951058,11.320001228744303,94.0078798965289,105.72831221506834
6400,23,WR,53.413986763877425,0.7583251582222132,12.38848488345689,94.43948864429797,106.06964836953267
6500,23,WR,54.9993694209037,2.9194438525300868,14.422439624849218,95.57629921695818,107.07929498927734
6600,23,WR,56.148969182392975,4.780188970919895,16.126112667104977,96.17182569768097,107.51774939386608
6700,23,WR,56.64125508117723,6.085777630413055,17.252065543406253,96.0304446189482,107.19673253194142
6800,23,WR,58.40473042651877,8.731860695412998,19.703205302380958,97.10625555065658,108.07760015762457
6900,23,WR,69.9022684769527,21.149851371378716,31.917893793396125,107.88664316050927,118.65468558252671
7000,23,WR,70.97971860836418,23.15609170808007,33.7189904074784,108.24044680924996,118.80334550864832
7100,23,WR,71.22306015016548,24.309975383863247,34.6717608481061,107.77435945222486,118.13614491646774
7200,23,WR,69.71198324532045,23.667967492443815,33.83779997138212,105.5861665192588,115.75599899819713
7300,23,WR,67.7461175593292,22.50934936728168,32.500883486955985,102.99135163170243,112.98288575137676
7400,23,WR,67.8511649661025,23.341820300824274,33.17268695291306,102.52964297929194,112.36050963138075
7500,23,WR,68.06931725456607,24.19307116288325,33.88410408564061,102.25453042349153,111.94556334624892
7600,23,WR,68.16764800194626,24.817889340389286,34.392635947127125,101.94266005676539,111.51740666350327
7700,23,WR,69.40473156288974,26.464463686026015,35.94876525633718,102.86069786944229,112.34499943975348
7800,23,WR,71.34807217043468,28.690989095928543,38.11274308098965,104.58340125987971,114.00515524494084
7900,23,WR,72.36701602509312,29.85967705778088,39.24835676684826,105.48567528333798,114.87435499240539
8000,23,WR,73.20182838568262,30.70488758056193,40.091270627058776,106.31238614430646,115.69876919080332
8100,23,WR,77.07840486126521,34.4478881356314,43.86377435887394,110.29303536365649,119.70892158689904
8200,23,WR,78.78477992926884,35.8769615312374,45.354095921224314,112.21546393731336,121.6925983273003
8300,23,WR,80.75329806654462,37.425072860435925,46.995063330441965,114.51153280264727,124.08152327265333
8400,23,WR,83.37334018287844,39.48100156770842,49.17558887783517,117.5710914879217,127.26567879804847
8500,23,WR,90.67264723287653,46.073685737815765,55.924346235668864,125.42094823008419,135.27160872793732
8600,23,WR,100.6237765840506,55.181209165876304,65.2181985661073,136.0293546019939,146.06634400222492
8700,23,WR,102.7518554357462,56.336377647445964,66.58825567803247,138.91545519345993,149.16733322404644
8800,23,WR,103.35462059320082,55.84610308659243,66.33940295335589,140.36983823304575,150.86313809980925
8900,23,WR,107.28114201251411,58.56942181748656,69.32847543268727,145.23380859234095,155.9928622075417
9000,23,WR,110.37203608486321,60.3589260226428,71.40542018191275,149.33865198781368,160.38514614708365
9100,23,WR,108.7044027255403,57.30546611664963,68.65805051574888,148.7507549353317,160.103339334431
9200,23,WR,113.063343592088,60.20957958999368,71.88349458184705,154.24319260232897,165.91710759418237
9300,23,WR,116.06148997705135,61.700948809045116,73.70766864230626,158.41531131179644,170.42203114505762
9400,23,WR,117.11874967106566,61.217703328255396,73.56467757470195,160.67282176742935,173.01979601387595
9500,23,WR,118.58373102098075,61.12687896438584,73.81748708420878,163.34997495775272,176.0405830775757
9600,23,WR,118.84993683447686,59.84189199397455,72.87511512026315,164.82475854869057,177.85798167497921
9700,23,WR,119.26770569850802,58.733709461784194,72.10397247950766,166.4314389175084,179.8017019352319
9800,23,WR,119.655103117349,57.64047758734068,71.33777011432608,167.97243612037192,181.66972864735735
9900,23,WR,120.02088848736578,56.592274970851314,70.60187781036848,169.43989916436308,183.4495020038803
10000,23,WR,121.51429696980705,56.76094179198087,71.06314293234388,171.96545100727022,186.26765214763327
100,24,WR,-4.008554219879089,-8.255831912139424,-7.317727319923861,-0.69938111983431694,0.23872347238124814
200,24,WR,-4.008554219879089,-8.400894638858372,-7.430749756378214,-0.5863586833799648,0.38378619910019385
300,24,WR,-4.351534981419268,-8.894955464419745,-7.891441230529207,-0.8116287323093285,0.19188550158121043
400,24,WR,-4.4499951691639295,-9.151703924385686,-8.113228247937428,-0.7867620903904311,0.25171358605782856
500,24,WR,-4.6055615950452475,-9.47436476451103,-8.398982615565922,-0.8121405745245727,0.26324157442053764
600,24,WR,-4.772513599109822,-9.81917225668662,-8.704506815657332,-0.8405203825623113,0.27414505846697956
700,24,WR,-4.838676448710429,-10.076455051699336,-8.919576571767081,-0.7577763256537775,0.39910215427847984
800,24,WR,-4.989781740552474,-10.434926737989489,-9.232246833945636,-0.7473166471593125,0.45536325688454493
900,24,WR,-5.0747244719468805,-10.747042076880515,-9.494186111425252,-0.6552628324685088,0.5975931329867574
1000,24,WR,-5.033906441700125,-10.957244101769064,-9.648944842156286,-0.4188680412439636,0.8894312183688156
1100,24,WR,-4.93548740869156,-11.137951235522731,-9.768000829500494,-0.1029739878826259,1.2669764181396141
1200,24,WR,-4.903306625770701,-11.417348031055251,-9.978578871384965,0.1719656198435633,1.6107347795138525
1300,24,WR,-4.686425472935768,-11.54875798537843,-10.03306108263915,0.6602101367676161,2.1759070395068987
1400,24,WR,-4.2643655649252015,-11.515656975279361,-9.914049954400458,1.3853188245500547,2.9869258454289627
1500,24,WR,-3.9460235910295207,-11.629915199650554,-9.932758920636955,2.0407117385779134,3.7378680175915173
1600,24,WR,-3.6225383465525485,-11.784359127222261,-9.981641690324011,2.7365649972189137,4.539282434117167
1700,24,WR,-3.4128991253163408,-12.098568455013687,-10.180147556963417,3.354349306330736,5.27277020438101
1800,24,WR,-3.2682037376641144,-12.52322630914306,-10.479051238795218,3.9426437634669904,5.986818833814837
1900,24,WR,-2.276422965750279,-12.144953886305334,-9.965272018113861,5.412426086613304,7.592107954804782
2000,24,WR,-1.3825145966113246,-11.906540790899635,-9.582078390089512,6.817049196866863,9.141511597676992
2100,24,WR,-0.5806293628817748,-11.799367780867636,-9.321462922431879,8.16020419666833,10.638109055104094
2200,24,WR,0.38766026435973877,-11.561913244019385,-8.922587399218752,9.697907927938228,12.337233772738866
2300,24,WR,0.5849907171754704,-12.128641581745413,-9.320556566468117,10.490538000819058,13.29862301609636
2400,24,WR,0.8269089347181794,-12.681494745773469,-9.69786700952653,11.351684878962889,14.335312615209835
2500,24,WR,1.153018232968553,-13.178950737674935,-10.013420513137993,12.319456979075097,15.484987203612048
2600,24,WR,1.0012479517133537,-14.181895804912145,-10.82836492834275,12.830860831769456,16.184391708338858
2700,24,WR,1.9206969244208978,-14.140901334243736,-10.593344481007676,14.434738329849473,17.98229518308554
2800,24,WR,2.2699637815042935,-14.698130812862987,-10.950354327908743,15.490281890917329,19.238058375871585
2900,24,WR,2.971233165866843,-14.933368320046577,-10.978743712775799,16.921210044509486,20.875834651780274
3000,24,WR,3.5721298454785178,-15.302381891169336,-11.133531295824136,18.27779098678117,22.446641582126382
3100,24,WR,3.8479686007890375,-16.034638836351025,-11.643128157407377,19.33906535898545,23.73057603792911
3200,24,WR,5.696052370890676,-15.238927657029102,-10.614977370491339,22.00708211227269,26.631032398810465
3300,24,WR,5.903481627305584,-16.135329934721383,-11.26757420238824,23.07453745699941,27.942293189332563
3400,24,WR,6.2448381076013915,-16.957245755453886,-11.832555778020545,24.32223199322333,29.446921970656685
3500,24,WR,10.622211300158572,-13.810841261083059,-8.414264801928368,29.658687402245512,35.05526386140022
3600,24,WR,11.596782887921217,-14.1432385254406,-8.457989280823616,31.651555056666048,37.336804301283046
3700,24,WR,13.28859226440284,-13.842523815264137,-7.850020750854423,34.4272052796601,40.41970834406983
3800,24,WR,13.826108246449868,-14.788241799959211,-8.46813392692904,36.120350419828775,42.44045829285896
3900,24,WR,17.123033805437096,-13.074137273197259,-6.404428600178967,40.65049621105316,47.320204884071465
4000,24,WR,17.117870673552833,-14.766526489517812,-7.724156866922375,41.959898214028044,49.002267836623496
4100,24,WR,17.60822850345027,-16.06849762496494,-8.630252772404049,43.84670977930459,51.2849546318655
4200,24,WR,21.74749115066451,-13.824187791095525,-5.9674009770636545,49.46238327839267,57.319170092424564
4300,24,WR,42.10730109447117,4.544076809287489,12.840740167223174,71.37386202171916,79.67052537965486
4400,24,WR,41.705002717053645,2.0632924576500287,10.819035107910885,72.59097032619641,81.34671297645728
4500,24,WR,40.91803770385273,-0.874872634569833,8.356009815610292,73.48006559209517,82.71094804227533
4600,24,WR,40.73688886238999,-3.260882146605738,6.456992224076622,75.01678550070335,84.73465987138574
4700,24,WR,40.60097251680189,-5.631318717023078,4.580098538347684,76.6218464952561,86.83326375062688
4800,24,WR,40.55591617693187,-7.91167205997597,2.793459648626552,78.3183727052372,89.02350441383973
4900,24,WR,40.28250027111563,-10.387989337816855,0.8037015371571243,79.76129900507414,90.95298988004814
5000,24,WR,40.10749695035138,-12.696600264464301,-1.0336552737746487,81.248649174477407,92.91159416516709
5100,24,WR,40.881927822950445,-13.94707516619603,-1.8368852474987136,83.6007408933996,95.71093081209695
5200,24,WR,40.86947213012692,-15.83506004178868,-3.3106182971756226,85.04956255742947,97.57400430204255
5300,24,WR,39.93961498004529,-18.45277496925737,-5.55553275180052,85.4347627118911,98.33200492934799
5400,24,WR,39.91945290904832,-19.93787263622138,-6.717067207350077,86.55597302544672,99.77677845431805
5500,24,WR,40.0088903012717,-21.058861382275843,-7.570706747364774,87.58848734990818,101.07664198481928
5600,24,WR,40.9862392611172,-21.01130577535269,-7.317785850628482,89.29026437286288,102.98378429758712
5700,24,WR,42.91275795196567,-19.71753603206335,-5.884259600599194,91.70977550453054,105.54305193599473
5800,24,WR,43.35474806959539,-19.604136056878943,-5.6982832732383315,92.40777941242911,106.31363219606976
5900,24,WR,46.46699598335157,-16.516679465563804,-2.605350973689788,95.53934294039294,109.45067143226699
6000,24,WR,47.481938353022656,-15.23360825481717,-1.3815019083603914,96.3453786144057,110.19748496086251
6100,24,WR,49.05519983398162,-13.126509137760621,0.607687438201701,97.50271222976153,111.23690880572389
6200,24,WR,50.846791578042414,-10.574429395270322,2.991796698104636,98.70178645798019,112.26801255135518
6300,24,WR,53.03117514389935,-7.445731194372328,5.9119222649969245,100.15042802280178,113.50808148217106
6400,24,WR,53.59791165342317,-5.795693480947811,7.3226891071092695,99.87313419973707,112.99151678779418
6500,24,WR,55.36341158971931,-2.8526951020854483,10.005611084960478,100.72121209447815,113.57951828152412
6600,24,WR,56.51624265472394,-0.4708690246683105,12.115986612521844,100.91649869692603,113.50335433411622
6700,24,WR,57.56281673192095,1.8163728932028889,14.12919977996038,100.99643368388152,113.30926057063903
6800,24,WR,58.63660090504203,4.106794346901033,16.150900160381447,101.12230164970262,113.16640746318306
6900,24,WR,69.00757949357833,15.639592710906271,27.42708510146867,110.588073885688,122.37556627625042
7000,24,WR,67.94814245608119,15.660584642199858,27.209440557677922,108.68684435448445,120.23570026996254
7100,24,WR,68.92529825404323,17.61371751157523,28.94700744834219,108.90358905974426,120.23687899651125
7200,24,WR,68.60878891518853,18.150557336211037,29.29536636190111,107.92221146847595,119.06702049416604
7300,24,WR,68.49856365833995,18.756015150120277,29.742749845876077,107.25437747080382,118.24111216655965
7400,24,WR,68.4258349639844,19.248768346772195,30.110603943103555,106.74106598486524,117.60290158119663
7500,24,WR,68.7998891979943,20.02740696295144,30.79988120964856,106.79989718634005,117.5723714330372
7600,24,WR,69.02811247134639,20.491661473143807,31.21200303551241,106.84422190718037,117.564563469549
7700,24,WR,70.84804036627604,22.372523028159506,33.07940605296853,108.61667467958355,119.3235577043926
7800,24,WR,72.62165592056148,24.02918934785145,34.76190318052788,110.48140866059508,121.21412249327153
7900,24,WR,73.6702064392021,24.785233865977084,35.58255407530596,111.75785880309826,122.55517901242715
8000,24,WR,74.75512064223878,25.40335205282718,36.30377441797001,113.20646686650755,124.1068892316504
8100,24,WR,78.83069185757465,28.83847593898156,39.88035516758123,117.78102854756807,128.82290777616777
8200,24,WR,86.80791910591326,36.00741853640402,47.22782518839857,126.38801302342794,137.6084196754225
8300,24,WR,90.18686304250136,38.4200500472742,49.853888028643055,130.51983805635967,141.95367603772854
8400,24,WR,94.69118595851624,41.81229775100209,53.49176197560825,135.89060994142423,147.57007416603042
8500,24,WR,101.97277687563135,47.849323031932904,59.803676920745794,144.1418768305169,156.09623071932984
8600,24,WR,110.92922225046296,55.443983484827655,67.69911749244625,154.15932700847966,166.4144610160983
8700,24,WR,115.55740479246604,58.61091259900461,71.18879653030547,159.92601305462662,172.50389698592753
8800,24,WR,119.40221095211531,60.91476762596016,73.83300447004419,164.97141743418644,177.88965427827048
8900,24,WR,121.07636150778865,60.99005783531139,74.26143811429003,167.89128490128726,181.16266518026595
9000,24,WR,120.6496892856427,58.92990036476286,72.56207174897939,168.73730682230598,182.36947820652256
9100,24,WR,119.56051967728517,56.196062516781474,70.19149501554057,168.92954433902977,182.9249768377889
9200,24,WR,118.84897541266628,53.853632662598216,68.20928207482555,169.488668750507,183.84431816273437
9300,24,WR,119.09386896901677,52.50718209314209,67.21431481782975,170.9734231202038,185.68055584489147
9400,24,WR,120.06821614793944,51.954621816067984,66.99900559899675,173.13742669688213,188.18181047981093
9500,24,WR,121.06966087756516,51.519836402681946,66.88144316707316,175.25787858805717,190.6194853524484
9600,24,WR,122.84694715624691,51.97917988442188,67.63188327108989,178.06201104140393,193.714714428072
9700,24,WR,123.47382872678072,51.435013933867694,67.34636889380985,179.6012885597516,195.51264351969377
9800,24,WR,123.7234782941673,50.68964612638021,66.82077253437356,180.62618405396103,196.75731046195443
9900,24,WR,123.97263038023493,50.14880917588518,66.45442201888368,181.49083874158617,197.79645158458473
10000,24,WR,124.25031526792927,49.86266994000631,66.29281572806978,182.20781480778874,198.63796059585226
100,25,WR,-4.016519873207866,-8.00400502344495,-7.123281321850095,-0.9097584245656356,-0.02903472297077947
200,25,WR,-4.016519873207866,-8.14264886131528,-7.2313026220828345,-0.801737124332897,0.10960911489955105
300,25,WR,-4.359500634748045,-8.630160945610506,-7.686891788353988,-1.0321094811421019,-0.08884032388558083
400,25,WR,-4.605059680709471,-9.027441328261634,-8.050661180436954,-1.1594581809819866,-0.18267803315730546
500,25,WR,-4.613527248374021,-9.196519779720223,-8.184265189543552,-1.0427893072044903,-0.030534717027817848
600,25,WR,-4.780479252438594,-9.53511419202426,-8.484948604956145,-1.076009899921043,-0.025844312852926876
700,25,WR,-4.846642102039197,-9.786663413768764,-8.695551173422178,-0.9977330306562164,0.09337920969037317
800,25,WR,-4.997747393881242,-10.140154063680153,-9.00434057054098,-0.9911542172215029,0.14465927591767436
900,25,WR,-5.082690125275656,-10.448348797799625,-9.263225194949626,-0.9021550556016846,0.2829685472483163
1000,25,WR,-5.041872095028901,-10.655932409578519,-9.415943846633542,-0.6678003434242585,0.5721882195207195
1100,25,WR,-4.939499527795044,-10.831553643389313,-9.530164041881998,-0.34883501370809,0.9525545877992299
1200,25,WR,-4.899829640549649,-11.103903414911523,-9.733597416606134,-0.06606186449316542,1.3042441338122277
1300,25,WR,-4.578351307428265,-11.132721464640788,-9.68504481407324,0.528342199216711,1.9760188497842632
1400,25,WR,-4.272331218253977,-11.21882725845935,-9.68454099151741,1.1398785550094566,2.6741648219513996
1500,25,WR,-3.9539892443582936,-11.336638122096991,-9.706017918585882,1.798039429869294,3.4286596333804082
1600,25,WR,-3.630503999881323,-11.494226638344106,-9.75735072545189,2.4963427256892428,4.233218638581464
1700,25,WR,-3.4208647786451145,-11.810344229120611,-9.957343373271048,3.1156138159808187,4.968614671830387
1800,25,WR,-3.024129493419516,-11.98276904384359,-10.00405667531366,3.955797688474626,5.9345100570045615
1900,25,WR,-2.0771122536956117,-11.646099860673909,-9.532578714336317,5.378354206945093,7.4918753532826905
2000,25,WR,-1.0434472118699059,-11.261043929318946,-9.004263210810164,6.917368787070352,9.174149505579141
2100,25,WR,-0.11403804224990044,-11.015162048167934,-8.607409310714901,8.3793332262151,10.787085963668138
2200,25,WR,0.3905554768790273,-11.22579888466627,-8.660071809361824,9.44118276311988,12.006909838424331
2300,25,WR,0.5935109867989693,-11.766973739055793,-9.036889124041188,10.223911097639128,12.95399571265374
2400,25,WR,0.9176050577106791,-12.213745713282387,-9.313398396056183,11.14860851147754,14.048955828703752
2500,25,WR,1.2538002753198183,-12.673771262713059,-9.597561095892969,12.105161646532606,15.181371813352703
2600,25,WR,1.6887328909272228,-13.059964017367502,-9.802390272170836,13.179856054025283,16.437429799221956
2700,25,WR,2.2681929896173965,-13.327258224274782,-9.882660187257786,14.41904616649258,17.863644203509583
2800,25,WR,2.4214311974419647,-14.048441452745905,-10.410708230239267,15.253570625123198,18.891303847629842
2900,25,WR,3.1177510191479234,-14.257758932239952,-10.419995814658265,16.655497852954113,20.49326097053581
3000,25,WR,4.910258619373708,-13.407117932121984,-9.361322882833619,19.181840121581033,23.22763517086941
3100,25,WR,5.319557182669092,-13.982248627691485,-9.719020748396414,20.358135113734598,24.621362993029678
3200,25,WR,5.845906810779836,-14.490296540187877,-9.99859923804619,21.69041285960586,26.182110161747563
3300,25,WR,6.034184052701565,-15.394442023037186,-10.66145916129674,22.72982726669987,27.46281012844033
3400,25,WR,6.814471463898107,-15.772765301917657,-10.783877814272506,24.412820742068718,29.401708229713883
3500,25,WR,11.433377276955365,-12.386782958762588,-7.125577235115763,29.992331789026494,35.25353751267333
3600,25,WR,13.30545035453491,-11.829762219231872,-6.278098294658966,32.888999003728784,38.440662928301705
3700,25,WR,16.325097851284287,-10.21492853819705,-4.3529806182707915,37.003176320839366,42.86512424076564
3800,25,WR,16.9251363213117,-11.115490595264298,-4.922102080315533,38.772374722938935,44.965763237887714
3900,25,WR,17.472529502494115,-12.166510789668227,-5.6200775631319,40.56513656812013,47.111569794656475
4000,25,WR,22.18777134911704,-9.145665213723372,-2.224987344447406,46.600530042681484,53.52120791195747
4100,25,WR,22.4024606437976,-10.716081410556622,-3.4011237742124614,48.20604506180766,55.52100269815183
4200,25,WR,42.28674444621595,7.301462080950351,15.028730327766489,69.54475856466541,77.27202681148157
4300,25,WR,42.33039269322768,5.410252090371969,13.564876288337,71.09590909811836,79.2505332960834
4400,25,WR,41.655694824548966,2.7510720395430113,11.344012727064996,71.96737692203294,80.56031760955494
4500,25,WR,40.54585102790429,-0.3693187320423945,8.667695427175111,72.42400662863346,81.461020787851
4600,25,WR,40.40295119726437,-2.520271039631183,6.960265626595529,73.84563676793321,83.32617343415995
4700,25,WR,40.57081039521075,-4.325005289297856,5.591221978264443,75.55039881215706,85.46662607971938
4800,25,WR,40.35872291460776,-6.437542546504346,3.8984408076344295,76.81900502158109,87.1549883757199
4900,25,WR,39.9358545203725,-8.649579681483075,2.0815808975869885,77.79012814315801,88.5212887222281
5000,25,WR,39.931168248131996,-10.292015726295567,0.8008778718679892,79.06145862439601,90.1543522225596
5100,25,WR,40.41337760782322,-11.258833386815162,0.15410966429121942,80.67264555135523,92.08558860246163
5200,25,WR,40.604616542177105,-12.293931385133988,-0.6101248794811269,81.81935796383533,93.50316446948823
5300,25,WR,39.96891858273517,-13.903594940621055,-2.004666734784827,81.94250390025516,93.84143210609142
5400,25,WR,40.605841220344566,-13.965081114549342,-1.911893978447921,83.12357641913705,95.1767635552385
5500,25,WR,42.357640415896924,-12.623575896940856,-0.47976632153697807,85.19504715333082,97.33885672873473
5600,25,WR,42.76374668513006,-12.336073837939018,-0.1660679169378625,85.69356128719798,97.86356720819917
5700,25,WR,42.75789626311344,-12.173237665176117,-0.04048988472372628,85.5562824109506,97.68903019140302
5800,25,WR,43.13751889159381,-11.355496719888109,0.6804830047152493,85.59455477847237,97.63053450307575
5900,25,WR,46.11165008211886,-7.7073539730386,4.179755491127928,88.04354467310978,99.93065413727635
6000,25,WR,47.21454480432438,-5.7365163367486645,5.9588888658935275,88.47020074275524,100.16560594539746
6100,25,WR,48.87453337192188,-3.0585902292202505,8.411981103355494,89.33708564048825,100.80765697306404
6200,25,WR,50.60056521438622,-0.2097172777015004,11.012849926806084,90.18828050196636,101.41084770647397
6300,25,WR,52.76967105124978,3.1438369650705127,14.104792716470165,91.4345493860294,102.39550513742907
6400,25,WR,53.890695739186384,5.470509890999679,16.16517174060938,91.61621973776339,102.31088158737312
6500,25,WR,54.997607427812646,7.767760597709284,18.199509923093835,91.79570493253146,102.22745425791604
6600,25,WR,54.982065888933505,8.895943192831858,19.07507591528274,90.88905586258427,101.06818858503517
6700,25,WR,55.72002896858406,10.704427242328308,20.647111888943336,90.79294604822479,100.73563069483984
6800,25,WR,55.64609018693251,11.605017163817259,21.33245573567529,89.95972463818973,99.6871632100478
6900,25,WR,67.20112920743607,24.020678737047675,33.558029910017574,100.84422850485456,110.38157967782448
7000,25,WR,67.9973325990816,25.549327431578348,34.92490196737772,101.06976323078548,110.44533776658488
7100,25,WR,68.77456303801654,26.919289120134238,36.163945936983346,101.38518013904974,110.62983695589887
7200,25,WR,68.62777875242142,27.21589960054459,36.36262294181426,100.89293456302858,110.03965790429828
7300,25,WR,68.64744602154474,27.523076709108153,36.60629718566579,100.68859485742368,109.77181533398135
7400,25,WR,68.96896608976517,27.97092036150159,37.026239499130114,100.91169268040024,109.96701181802878
7500,25,WR,69.38270469052478,28.34855132861692,37.41184563043059,101.35356375061896,110.41685805243264
7600,25,WR,69.4731173141395,28.243626514540445,37.35006538108641,101.59616924719259,110.70260811373858
7700,25,WR,71.31405774629633,29.731950358524216,38.916272345653354,103.7118431469393,112.89616513406847
7800,25,WR,73.49573709506454,31.40592789563342,40.70238698221837,106.28908720791071,115.58554629449569
7900,25,WR,80.79215544568984,38.04722130126155,47.48837912522757,114.09593176615212,123.53708959011816
8000,25,WR,83.32933517272323,39.7927599293715,49.408769082611315,117.24990126283515,126.865910416075
8100,25,WR,89.34823765178426,44.89636551032938,54.71453809284435,123.98193721072417,133.80010979323916
8200,25,WR,96.2863136527809,50.809278122341404,60.85388056244026,131.71874674312156,141.76334918322044
8300,25,WR,102.16536127967612,55.56941313055035,65.86115200530952,138.46957055404272,148.76130942880192
8400,25,WR,109.48017118676505,61.68966386622164,72.24524737878781,146.7150949947423,157.27067850730847
8500,25,WR,116.7617621038803,67.72102662634035,78.55275049524178,154.97077371251882,165.80249758142028
8600,25,WR,123.4460687208995,73.12101947743025,84.23641225827015,162.65572518352886,173.77111796436878
8700,25,WR,124.55668496840747,72.93533375803858,84.33704330838535,164.7763266284296,176.17803617877638
8800,25,WR,123.92876795630538,71.02170092583292,82.70738906258605,165.15014685002473,176.83583498677788
8900,25,WR,122.85216161667303,68.69392454634851,80.655961074959,165.04836215838708,177.01039868699758
9000,25,WR,122.34257687943538,66.99061211755735,79.21630963337898,165.46884412549178,177.69454164131344
9100,25,WR,120.78164719289565,64.31688012949259,76.7883644821841,164.7749299036072,177.24641425629875
9200,25,WR,121.63175388124905,64.1597543138451,76.85370809422528,166.40979966827283,179.10375344865304
9300,25,WR,122.15417734310466,63.805954909001144,76.6934417603536,167.61491292585572,180.5023997772082
9400,25,WR,122.60224516114334,63.53458087646037,76.58097226685214,168.62351805543454,181.66990944582636
9500,25,WR,123.88721817713639,64.28238493127498,77.44742188849546,170.32701446577732,183.49205142299783
9600,25,WR,124.32609898430199,64.38512029109593,77.62440235557206,171.0277956130319,184.2670776775081
9700,25,WR,124.35267723875627,64.28007153535614,77.54842631691588,171.15692816059666,184.42528294215643
9800,25,WR,124.29733356094738,64.29060621020533,77.54441031021469,171.05025681168007,184.30406091168948
9900,25,WR,124.65729712391395,64.9015384981356,78.09991064138359,171.2146836064443,184.41305574969235
10000,25,WR,124.87929471122155,65.54556035868805,78.65071916919848,171.1078702532446,184.21302906375507
100,26,WR,-5.148502833236982,-8.308028954949158,-7.610178195295662,-2.6868274711783022,-1.9889767115248054
200,26,WR,-5.148502833236982,-8.419831165103338,-7.697286431011436,-2.5997192354625276,-1.8771745013706256
300,26,WR,-5.491483594777167,-8.879483336085794,-8.131169157915043,-2.8517980316392917,-2.103483853468538
400,26,WR,-5.737042640738596,-9.247772962323168,-8.472351039073269,-3.001734242403924,-2.2263123191540215
500,26,WR,-5.8064278152909194,-9.44747307856393,-8.643268237386389,-2.96958739319545,-2.1653825520179075
600,26,WR,-5.979768720872647,-9.760684729678424,-8.925586361350536,-3.0339510803947567,-2.198852712066868
700,26,WR,-5.978625062068321,-9.911435618743198,-9.042788002352683,-2.9144621217839584,-2.0458145053934413
800,26,WR,-6.129730353910365,-10.229444945464694,-9.323932906042684,-2.9355278017780475,-2.030015762356035
900,26,WR,-6.214673085304775,-10.499809832383391,-9.553343236137179,-2.8760029344723717,-1.929536338226157
1000,26,WR,-6.173855055058017,-10.666716170195997,-9.674369083501357,-2.673341026614677,-1.680993939920035
1100,26,WR,-6.071482487824163,-10.79823758017606,-9.754229869897573,-2.388735105750752,-1.3447273954722618
1200,26,WR,-6.031812600578777,-11.022405606089137,-9.920123496096792,-2.1435017050607623,-1.0412195950684158
1300,26,WR,-5.7103342674573945,-10.998156868672393,-9.830225072251256,-1.5904434626635329,-0.4225116662423938
1400,26,WR,-5.35207102932119,-10.972964755887578,-9.731466883766725,-0.9726751748756559,0.26882269724520125
1500,26,WR,-5.007924930211756,-10.998894112876709,-9.67565694561512,-0.34019291480839176,0.9830442524532019
1600,26,WR,-4.699748996874149,-11.09786956278031,-9.684704067300034,0.2852060735517359,1.698371569032017
1700,26,WR,-4.305066933678418,-11.146500049313577,-9.635419237524832,1.025285370167997,2.536366181956743
1800,26,WR,-3.9530951806427463,-11.272190415064934,-9.65560742997161,1.7494170686861166,3.3660000537794437
1900,26,WR,-2.86632126823209,-10.694898685310024,-8.965785366711003,3.2331428302468233,4.962256148845848
2000,26,WR,-2.1741351480223132,-10.541030729480838,-8.693018017277597,4.34474772123297,6.192760433436216
2100,26,WR,-1.2447259784023066,-10.175785351794286,-8.203164671306101,5.713712714501489,7.686333394989677
2200,26,WR,-0.7401324592733785,-10.2585652005966,-8.15621020704348,6.675945288496724,8.778300282049848
2300,26,WR,-0.4524861673320803,-10.579430859271252,-8.3426726322467,7.4377002975825395,9.674458524607095
2400,26,WR,-0.11830617706160583,-10.873515965085087,-8.497991588430281,8.261379234307071,10.636903610961882
2500,26,WR,0.804591937410138,-10.598097325891542,-8.079562881816221,9.688746756636496,12.207281200711824
2600,26,WR,0.9015258772334902,-11.168363950982613,-8.502463603562756,10.305515358029737,12.9714157054496
2700,26,WR,1.2849573266648318,-11.473547254872129,-8.655551210122463,11.225465863452127,14.0434619082018
2800,26,WR,1.4332459718328068,-12.038326804913709,-9.062833982944149,11.929325926609764,14.90481874857933
2900,26,WR,3.3087972249864146,-10.904633708863287,-7.765285214066103,14.382879664038931,17.522228158836125
3000,26,WR,3.9130304912061695,-11.076519432173145,-7.7657480069868825,15.591808989399222,18.902580414585493
3100,26,WR,4.303177040008381,-11.503112166983065,-8.011945927020367,16.61830000703713,20.109466246999837
3200,26,WR,5.3827653925115655,-11.28768383688146,-7.60564887013377,18.3711796551569,22.053214621904598
3300,26,WR,5.4567348409416,-12.132100983150938,-8.247220159753285,19.160689841636483,23.045570665034145
3400,26,WR,6.478554872638212,-12.089550483745043,-7.988376469315228,20.945486214591654,25.04666022902148
3500,26,WR,12.033473769138684,-7.581180363210308,-3.2488530586388844,27.315800596916255,31.648127901487687
3600,26,WR,15.233384966985977,-5.501013237362365,-0.9213658533991662,31.38813578737112,35.96778317133433
3700,26,WR,15.295443996738578,-6.635433176484737,-1.7915171252676156,32.38240511874477,37.226321169961906
3800,26,WR,16.103538555957957,-7.100253457355205,-1.975186197408867,34.18226330932478,39.30733056927113
3900,26,WR,21.163280626455595,-3.3865372705636503,2.0358293783646424,40.29073187454655,45.713098523474855
4000,26,WR,41.61845367023813,15.656151576068194,21.390496392610434,61.846410947865834,67.58075576440808
4100,26,WR,42.064007537566226,14.632920325285951,20.69167860478307,63.43633647034938,69.49509474984652
4200,26,WR,41.383897757723794,12.44216419475891,18.834581910127934,63.93321360531965,70.3256313206887
4300,26,WR,40.873802648644244,10.3983717502187,17.12954021788401,64.61806507940447,71.3492335470698
4400,26,WR,40.23735379078839,8.228332917490356,15.298228424507311,65.17647915706947,72.24637466408643
4500,26,WR,39.41731312357396,5.90191012075244,13.304523216711736,65.53010303043618,72.9327161263955
4600,26,WR,39.26516501100997,4.300929942557332,12.023549431457319,66.50678059056261,74.22940007946264
4700,26,WR,39.29080292354992,2.9678870893389373,10.990601075953428,67.5910047711464,75.61371875776092
4800,26,WR,39.0714842399343,1.5135291807847793,9.80902871438445,68.33393976548415,76.62943929908384
4900,26,WR,38.53394258432756,-0.10413350370026819,8.429934489688545,68.63795067896658,77.17201867235542
5000,26,WR,38.599908137107676,-0.9353285331999288,7.796897085654514,69.40291918856084,78.1351448074153
5100,26,WR,39.377100794019384,-0.8481332908342267,8.036493416459056,70.71770817157972,79.60233487887302
5200,26,WR,40.22542443697964,-0.4643441517713711,8.522885206660739,71.92796366729854,80.91519302573067
5300,26,WR,41.25137384995799,0.3315082101654667,9.369559557616725,73.13318814229926,82.17123948975055
5400,26,WR,41.296754191794136,0.38247057696261066,9.419289011562576,73.1742193720257,82.21103780662568
5500,26,WR,41.11618427448134,0.43715314677967143,9.422010901034014,72.81035764792867,81.79521540218303
5600,26,WR,41.32180633133405,1.0891479580813694,9.975414482581279,72.66819818008682,81.55446470458676
5700,26,WR,41.40390826185186,1.7976770950819088,10.545583408249023,72.2622331154547,81.01013942862184
5800,26,WR,41.870257976970706,3.0341863390141697,11.611985999622394,72.12852995431902,80.70632961492726
5900,26,WR,44.836402581286286,6.876600224185246,15.260856562235137,74.41194860033744,82.79620493838735
6000,26,WR,45.8737374018954,8.858766100226823,17.034335741481673,74.71313906230912,82.88870870356399
6100,26,WR,47.51844824049957,11.481557668242885,19.441096691699695,75.59579978929945,83.55533881275628
6200,26,WR,49.798768261376665,14.740900377103017,22.48420073051625,77.11333579223708,84.85663614565033
6300,26,WR,51.27818292601981,17.17210900203871,24.705184748141587,77.85118110389803,85.38425685000092
6400,26,WR,50.931305881022105,17.72618711688819,25.060267121701745,76.80234464034247,84.13642464515604
6500,26,WR,50.89260287817584,18.51776215398653,25.668457012237358,76.11674874411433,83.26744360236518
6600,26,WR,52.05109772586507,20.41972996467452,27.406212484737946,76.69598296699219,83.68246548705564
6700,26,WR,52.816368976160966,21.82950215011476,28.673632478785592,76.95910547353634,83.80323580220718
6800,26,WR,54.38347448185998,23.93257461528385,30.658324865611583,78.10862409810838,84.83437434843611
6900,26,WR,66.09349290444251,36.06219098565728,42.69526381053102,89.49172199835401,96.12479482322777
7000,26,WR,67.01958882205994,37.28619981666513,43.85347202938649,90.1857056147334,96.75297782745477
7100,26,WR,68.19106802357092,38.630163018582124,45.15933835029204,91.2227976968498,97.75197302855973
7200,26,WR,67.930589799155,38.41548539683547,44.93454465919382,90.92663493911618,97.44569420147454
7300,26,WR,67.98060425302074,38.38773764205105,44.92397239664727,91.03723610939421,97.57347086399045
7400,26,WR,68.34799746290062,38.55623236522509,45.136398220465736,91.55959670533551,98.13976256057617
7500,26,WR,68.98225197678343,38.872841149916525,45.52316604321467,92.44133791035219,99.09166280365035
7600,26,WR,75.52446486323493,44.98540351412632,51.730626164803795,99.31830356166606,106.06352621234356
7700,26,WR,78.8023606721649,47.73111151720563,54.5938795371203,103.01084180720949,109.87360982712417
7800,26,WR,82.91098673516564,51.2159723041277,58.216512589562086,107.60546088076919,114.60600116620358
7900,26,WR,89.17421238816357,56.77560344727471,63.93154803837801,114.41687673794912,121.57282132905243
8000,26,WR,94.20076447811802,61.03235000142106,68.35832305795068,120.04320589828535,127.369178954815
8100,26,WR,103.030153948253,69.04082841972004,76.54811771769327,129.51219017881272,137.01947947678596
8200,26,WR,107.88013160449314,73.03531170081345,80.73155572698874,135.02870748199754,142.72495150817286
8300,26,WR,110.24161293689346,74.5242981017191,82.41325180247287,138.06997407131405,145.95892777206785
8400,26,WR,112.97300454566594,76.38378912551909,84.46532122636397,141.4806878649679,149.5622199658128
8500,26,WR,120.057172160288,82.61497746173282,90.88490877640771,149.2294355441683,157.4993668588432
8600,26,WR,124.05110014875032,85.7934192548078,94.24346861219398,153.85873168530668,162.30878104269286
8700,26,WR,125.0788038811666,86.06092343276187,94.67887956354804,155.47872819878518,164.09668432957136
8800,26,WR,123.98735024877524,84.28310066481262,93.0526564989088,154.9220439986417,163.6915998327379
8900,26,WR,124.12689524850494,83.8292944044469,92.72990490042844,155.52388559658144,164.424496092563
9000,26,WR,123.71406066949875,82.935596575506,91.94241628493583,155.48570505406167,164.49252476349153
9100,26,WR,122.43665926932633,81.30913121977797,90.39304937282508,154.48026916582756,163.5641873188747
9200,26,WR,121.95708702426738,80.62924669080297,89.75740821266989,154.15676583586486,163.28492735773182
9300,26,WR,121.87920717004347,80.50518607946509,89.6435476361448,154.11486670394214,163.25322826062188
9400,26,WR,122.41476640118753,81.14458440703203,90.26001081789272,154.56952198448235,163.68494839534307
9500,26,WR,123.41209547703632,82.38577172783894,91.44733668766672,155.3768542664059,164.43841922623372
9600,26,WR,123.79528898381507,83.14133051853477,92.12065042443993,155.4699275431902,164.4492474490954
9700,26,WR,123.82520794457703,83.65967402674065,92.5311146405188,155.11930124863528,163.99074186241344
9800,26,WR,123.68252958144998,84.10841835233865,92.84923027158983,154.51582889131015,163.25664081056135
9900,26,WR,123.95983718182973,85.06677233202417,93.65716019562608,154.2625141680334,162.8529020316353
10000,26,WR,124.06492267554862,85.92911146848004,94.35224322800897,153.77760212308826,162.20073388261721
100,27,WR,-0.2734565498192239,-5.081773996170958,-4.019751448063857,3.4728383484254093,4.534860896532512
200,27,WR,-0.2734565498192239,-5.254884955066242,-4.15462704839089,3.6077139487524423,4.707971855427796
300,27,WR,-0.6164373113594015,-5.778722836888969,-4.638518661717655,3.405644038998852,4.545848214170168
400,27,WR,-0.8080899109792924,-6.161047921492867,-4.978729538884964,3.3625497169263787,4.544868099534285
500,27,WR,-0.8774750855316148,-6.433551425184805,-5.206369897019867,3.451419725956637,4.6786012541215785
600,27,WR,-1.0508159911133461,-6.825918912832867,-5.550360551943258,3.4487285697165655,4.724286930606178
700,27,WR,-1.0986300777912235,-7.1129683300367175,-5.784569590333264,3.587309434750818,4.9157081744542745
800,27,WR,-1.2374312490565789,-7.516442460655646,-6.129584882939947,3.6547223848267896,5.0415799625424915
900,27,WR,-1.226034905211,-7.801195640980323,-6.348926934363674,3.8968571239416745,5.349125830558327
1000,27,WR,-1.233722363321604,-8.142874907386634,-6.616836772014355,4.149392045371147,5.675430180743431
1100,27,WR,-1.123860691763218,-8.41123191823368,-6.8016558772818305,4.553934493755395,6.163510534707248
1200,27,WR,-0.9616794647640022,-8.677584099965507,-6.973357040696456,5.049998111168451,6.754225170437508
1300,27,WR,-0.7562409504788977,-8.956034742845093,-7.144930132035977,5.6324482310781825,7.443552841887303
1400,27,WR,-0.3979777123427012,-9.139901493124704,-7.20905556362635,6.413100138940948,8.343946068439307
1500,27,WR,-0.05383161323326469,-9.396910564270032,-7.333286307873538,7.225623081407009,9.28924733780351
1600,27,WR,0.25434432010433833,-9.747895019215132,-7.538680709128149,8.047369349336826,10.256583659423816
1700,27,WR,0.6490263833000677,-10.06772352354985,-7.7006938566265815,8.998746623226717,11.365776290149991
1800,27,WR,1.000998136335739,-10.481569777666015,-7.9453923786272656,9.947388651298743,12.483566050337497
1900,27,WR,2.090848635430483,-10.203856023160034,-7.48830038120723,11.669997652068195,14.385553294021005
2000,27,WR,3.242698853410505,-9.905184434894103,-7.001185547995614,13.486583254816622,16.39058214171512
2100,27,WR,3.9669745864090893,-10.070385995917297,-6.9699265065689495,14.903875679387127,18.004335168735484
2200,27,WR,4.560290897901718,-10.399019043847911,-7.094926782985427,16.215508578788864,19.519600839651353
2300,27,WR,4.8580231092017865,-11.053016601706354,-7.53871391155576,17.254760129959333,20.769062820109937
2400,27,WR,5.778905996334869,-11.112411922504341,-7.381593253145525,18.939405245815262,22.67022391517409
2500,27,WR,6.376730601986217,-11.523934941108791,-7.570179673283227,20.32364087725566,24.277396145081237
2600,27,WR,6.310944902202246,-12.630685973054627,-8.44701064132136,21.068900445725852,25.25257577745913
2700,27,WR,6.689426788977002,-13.329632658724176,-8.907983555359234,22.286837133313238,26.70848623667819
2800,27,WR,8.016946865592626,-13.123056400825629,-8.453822227647532,24.487715958832784,29.156950132010895
2900,27,WR,8.704223784740194,-13.609189280706786,-8.68078177327143,26.089229342751818,31.017636850187188
3000,27,WR,9.299376086605285,-14.250296444263196,-9.04883387292297,27.64758604613354,32.84904861747378
3100,27,WR,10.128453566308238,-14.731303392450886,-9.240479892289393,29.49738702490587,34.98821052506737
3200,27,WR,11.449710489014512,-14.80484907615673,-9.0059527761654,31.90537375419442,37.70427005418577
3300,27,WR,13.215952772153946,-14.528603710964815,-8.400608855995385,34.832514400303275,40.96050925527272
3400,27,WR,16.5202657634742,-12.819522304233764,-6.339185506123332,39.37971703307173,45.860053831182185
3500,27,WR,20.445434313245613,-10.60332420138035,-3.7455237335089535,44.63639236000018,51.494192827871586
3600,27,WR,20.895813133288115,-11.978908688478462,-4.717804107300051,46.509430373876285,53.770534955054714
3700,27,WR,20.895349675060338,-13.91937054646673,-6.229774696393292,48.02047404651397,55.71006989658742
3800,27,WR,26.215793123594924,-10.644834720536739,-2.5033552228478833,54.93494147003773,63.076420967726605
3900,27,WR,47.01546639125215,8.016825712305682,16.630532317303874,77.40040046520042,86.01410707019863
4000,27,WR,47.178645344035054,5.970274757698647,15.072048761128556,79.28524192694155,88.38701593037149
4100,27,WR,47.35179972010197,3.889636028910637,13.489209756013189,81.21438968419076,90.81396341129333
4200,27,WR,46.390346075429434,0.6652517825131667,10.76464345022547,82.0160487006334,92.11544036834573
4300,27,WR,46.199843842002814,-1.7555127456553237,8.836481349337667,83.56320633466797,94.15520042966097
4400,27,WR,45.53360523792424,-4.571881200444764,6.495016311032444,84.57219416481604,95.63909167629328
4500,27,WR,44.574403097553834,-7.549333478191571,3.9633389176457143,85.18546727746195,96.69813967329927
4600,27,WR,44.23643041803285,-9.720039326639657,2.197432455215953,86.27542838084975,98.1929001627054
4700,27,WR,44.13754437580307,-11.414803949698026,0.8551526786327415,87.4199360729734,99.68989270130419
4800,27,WR,44.166425768744475,-12.699609216940814,-0.1394960276446966,88.47234756513365,101.03246075442979
4900,27,WR,43.98168802249173,-13.87668249952167,-1.0973902051379625,89.06076625012142,101.84005854450515
5000,27,WR,44.715028873047316,-13.784633497629564,-0.8636978091070873,90.29375555520173,103.21469124372422
5100,27,WR,47.15386890237937,-11.621644009792654,1.3602193313326367,92.9475184734261,105.92938181455143
5200,27,WR,47.410759925238445,-11.274147602953882,1.6877035484938432,93.13381630198305,106.0956674534308
5300,27,WR,46.504230549679555,-11.734749760738445,1.1286085675180146,91.8798525318411,104.74321086009758
5400,27,WR,46.350939488840496,-11.118567861849257,1.5748354577148902,91.1270435199661,103.82044683953028
5500,27,WR,46.24856932557589,-10.179844938954837,2.28361009942455,90.21352855172724,102.67698359010666
5600,27,WR,46.54091846906707,-8.634293038463206,3.5523646378172415,89.52947230031691,101.71612997659739
5700,27,WR,46.55746049798853,-7.2136783428261495,4.6628590371406204,88.45206195883644,100.32859933880323
5800,27,WR,47.008532484114085,-5.267691358734581,6.2786612002304025,87.73840376799777,99.28475632696278
5900,27,WR,50.27590352994963,-0.47025286177989756,10.738150684595205,89.81365637530405,101.02205992167919
6000,27,WR,50.889300655921595,1.6583227741825084,12.532065857730203,89.24653545411299,100.12027853766071
6100,27,WR,51.35537873617199,3.5822445828166423,14.133990849715978,88.57676662262801,99.12851288952737
6200,27,WR,53.327087759502554,6.919454615503341,17.16959998404694,89.48457553495817,99.7347209035018
6300,27,WR,53.72008322313661,8.556596729220146,18.53194497584279,88.90822147043043,98.88356971705309
6400,27,WR,54.56413223000654,10.501420674309294,20.233638591492678,88.89462586852041,98.62684378570381
6500,27,WR,56.378961393002704,13.257060725494618,22.781479888142847,89.97644289786257,99.50086206051081
6600,27,WR,57.33753088166489,14.983658754937899,24.338441940552578,90.33661982277721,99.69140300839192
6700,27,WR,58.24521901457508,16.47704984286704,25.702467662807905,90.78797036634225,100.01338818628314
6800,27,WR,60.177881601885396,18.80748232715593,27.94504392623309,92.41071927753771,101.54828087661488
6900,27,WR,71.91420670356939,30.750167945723902,39.84215029084891,103.98626311628988,113.0782454614149
7000,27,WR,72.87064980592922,31.725728771596657,40.8134885474621,104.92781106439634,114.0155708402618
7100,27,WR,74.0331148229423,32.72557482750062,41.84925257371111,106.21697707217348,115.340654818384
7200,27,WR,74.18070039300933,32.532892951780234,41.73172623916391,106.62967454685474,115.82850783423845
7300,27,WR,80.6222352736677,38.46613806947838,47.777238318280205,113.46723222905518,122.77833247785703
7400,27,WR,82.41518801913315,39.59771107535855,49.05489157034581,115.7754844679205,125.23266496290778
7500,27,WR,84.99277379674092,41.378390784807564,51.01158549319708,118.97396210028475,128.6071568086743
7600,27,WR,90.47438068788983,45.94624475258678,55.78126186951001,125.16749950626965,135.00251662319292
7700,27,WR,96.24747353243714,50.71011975882597,60.76804480813797,131.7269022567363,141.78482730604833
7800,27,WR,103.16098451889883,56.54263185875565,66.8393192620064,139.48264977579126,149.77933717904205
7900,27,WR,107.33562072468833,59.590248255319366,70.13586274437833,144.53537870499832,155.08099319405733
8000,27,WR,108.84460652014782,59.953424458885046,70.75211617007125,146.9370968702244,157.73578858141062
8100,27,WR,113.08251485103841,63.0537983900044,74.10373956532928,152.06129013674754,163.11123131207245
8200,27,WR,115.03243682792251,63.902581239684785,75.19573318358748,154.86914047225753,166.16229241616026
8300,27,WR,117.23187383242607,65.06512381674382,76.58729667580849,157.87645098904366,169.39862384810834
8400,27,WR,119.4834330187645,66.37086165872677,78.10193994165203,160.86492609587697,172.59600437880226
8500,27,WR,128.10936184303364,74.16988969747864,86.08360718612713,170.13511649994015,182.04883398858868
8600,27,WR,131.69491601782966,77.0759642813625,89.13975976602077,174.25007226963854,186.31386775429684
8700,27,WR,132.82303754206862,77.70054853212538,89.87556128648569,175.77051379765155,187.9455265520119
8800,27,WR,132.0151121960447,76.5927400852261,88.83398861093042,175.19623578115898,187.43748430686333
8900,27,WR,130.819945914238,75.32027811583797,87.57859909235253,174.06129273612345,186.31961371263804
9000,27,WR,129.80680801915227,74.45270904067469,86.67887794512166,172.9347380931829,185.16090699762987
9100,27,WR,128.1594560058966,73.16132321358768,85.30886916514254,171.01004284665066,183.15758879820555
9200,27,WR,127.54490409086098,73.09553658091968,85.1218756633368,169.96793251838517,181.9942716008023
9300,27,WR,127.4895506866104,73.76256435384961,85.6293496823697,169.3497516908511,181.21653701937123
9400,27,WR,127.9595519171895,75.10834828858938,86.78169776570444,169.13740606867458,180.81075554578965
9500,27,WR,128.8668507027837,77.02409750054551,88.47470854506035,169.25899286050702,180.7096039050219
9600,27,WR,128.89616161629795,78.17373531233278,89.37689754746846,168.41542568512745,179.61858792026314
9700,27,WR,128.94230085426886,79.4316331433245,90.36715187051603,167.51744983802172,178.45296856521327
9800,27,WR,128.86422127464002,80.63698641849882,91.28903080232797,166.43941174695206,177.09145613078124
9900,27,WR,129.1809823961761,82.29006064594913,92.64695092116409,165.7150138711881,176.07190414640309
10000,27,WR,129.13541063309358,83.61606387394902,93.67001167849693,164.60080958769024,174.65475739223817
100,28,WR,3.1532982370799916,-4.71926013982499,-2.9804326599741664,9.28702913413415,11.025856613984978
200,28,WR,3.1532982370799916,-5.007551650925502,-3.205048657002928,9.511645131162911,11.314148125085492
300,28,WR,2.810317475539816,-5.6521003461988135,-3.782989448579352,9.403624399658984,11.272735297278452
400,28,WR,2.6186648759199262,-6.162438484297008,-4.22293888389412,9.460268635733973,11.399768236136863
500,28,WR,2.549279701367603,-6.572512084658154,-4.557763960395302,9.656323363130507,11.671071487393364
600,28,WR,2.3705107067913995,-7.120468911581652,-5.024177543384875,9.765198956967675,11.861490325164457
700,28,WR,2.322696620113521,-7.574013265991366,-5.388107454158452,10.033500694385495,12.219406506218412
800,28,WR,2.183895448848167,-8.164871397922264,-5.879118874508391,10.246909772204726,12.532662295618604
900,28,WR,2.1952917926937467,-8.662905234342325,-6.264633863293117,10.65521744868061,13.053488819729823
1000,28,WR,2.187604334583144,-9.248826695642382,-6.722839641025864,11.098048310192151,13.624035364808675
1100,28,WR,2.312438327090396,-9.782245492258344,-7.110868847165918,11.73574550134671,14.407122146439141
1200,28,WR,2.474619554089608,-10.368615750501064,-7.5319050640072795,12.481144172186497,15.317854858680288
1300,28,WR,2.732301217336618,-10.957087614611252,-7.933485331370765,13.398087766044,16.421690049284496
1400,28,WR,3.1163685806865744,-11.519834146742959,-8.287107212919015,14.519844374292163,17.752571308116117
1500,28,WR,3.518265539663149,-12.164845705601302,-8.700886024740312,15.73741710406661,19.201376784927607
1600,28,WR,4.011484314960273,-12.814855347127807,-9.09838855336297,17.121357183283518,20.837823977048366
1700,28,WR,4.361402845966075,-13.69787671120675,-9.709088053577808,18.431893745509957,22.420682403138912
1800,28,WR,4.8537482228630235,-14.519464971712585,-10.240465202773406,19.94796164849945,24.226961417438645
1900,28,WR,6.060488874235378,-14.697879334221675,-10.112937648223365,22.233915396694123,26.818857082692443
2000,28,WR,7.007205655593971,-15.198388895220607,-10.293795475544766,24.308206786732708,29.21280020640856
2100,28,WR,7.567274374382585,-16.13999150741881,-10.903720982155015,26.038269730920184,31.27454025618399
2200,28,WR,8.210492456301752,-17.047286337895933,-11.468550970726687,27.88953588333019,33.468271250499456
2300,28,WR,9.091586810003458,-17.762580642056285,-11.831247766692504,30.014421386699418,35.94575426206322
2400,28,WR,9.687396188316129,-18.809179189278176,-12.515084439398194,31.88987681603045,38.183971565910454
2500,28,WR,10.109575987396504,-20.079254735618754,-13.411388213378888,33.63054018817189,40.298406710411776
2600,28,WR,10.005531715304441,-21.93342413575313,-14.879004028246134,34.890067458855015,41.94448756636203
2700,28,WR,11.558322161525039,-22.20070067645709,-14.744278787506596,37.860923110556676,45.317344999507185
2800,28,WR,11.714191105739861,-23.950385831411975,-16.07308045410286,39.50146266558258,47.37876804289172
2900,28,WR,12.365692808789024,-25.30802176067699,-16.986954195955075,41.71833981353312,50.03940737825506
3000,28,WR,13.409871708276906,-26.39559598460315,-17.60368390736237,44.42342732391619,53.21533940115698
3100,28,WR,14.480481808479944,-27.598113855351635,-18.304131524468353,47.26509514142824,56.55907747231154
3200,28,WR,16.749756784342633,-27.761158698795068,-17.929945097070703,51.42945866575597,61.26067226748036
3300,28,WR,19.84345093825927,-27.275879971982565,-16.868540515565133,56.55544239208368,66.96278184850114
3400,28,WR,20.190175462582783,-29.726555326080227,-18.701348646855056,59.081699572020625,70.10690625124582
3500,28,WR,24.32510619484503,-28.580063980669554,-16.894794806008303,65.54500719569836,77.23027637035965
3600,28,WR,29.287833904202696,-26.78831349224456,-14.402664331083113,72.9783321394885,85.36398130064998
3700,28,WR,49.81241388714487,-9.598948523091181,3.523356149473024,96.10147162481672,109.22377629738097
3800,28,WR,50.580794441839444,-12.301219191896074,1.587655054556933,99.57393382912196,113.462808075575
3900,28,WR,50.83264410060183,-15.614018155157474,-0.9378129442024132,102.60310114540607,117.27930635636116
4000,28,WR,50.44207969729338,-19.608752211370387,-4.136486947955163,105.02064634254192,120.49291160595718
4100,28,WR,50.65348308418316,-22.973799438085926,-6.71159648103481,108.01856264940113,124.28076560645229
4200,28,WR,49.98183256894085,-27.115790102516847,-10.087086279172873,110.05075141705458,127.0794552403986
4300,28,WR,49.62429919478125,-30.750456513284796,-12.997925859275668,112.24652424883817,129.99905490284735
4400,28,WR,48.82463220000918,-34.54208879580065,-16.12871687367837,113.77798127369672,132.19135319581903
4500,28,WR,47.73621903463823,-38.24592744766489,-19.254881345220475,114.72731941449695,133.71836551694142
4600,28,WR,47.65113350190509,-40.48904721545722,-21.021351839583716,116.3236188433939,135.79131421926746
4700,28,WR,47.90384037584588,-41.866820416163186,-22.03899769370029,117.84667844539206,137.674501167855
4800,28,WR,48.57440160701536,-42.244397423928135,-22.18507034350604,119.33387355753676,139.3932006379589
4900,28,WR,50.05131123318292,-41.20400002554363,-21.04825962931981,121.15088209568566,141.3066224919095
5000,28,WR,50.19321946363724,-40.88360336788387,-20.767286062249077,121.15372498952357,141.27004229515842
5100,28,WR,50.699580704432044,-39.60166778988209,-19.656653116204758,121.05581452506885,141.00082919874623
5200,28,WR,50.75780032461598,-38.222901149781556,-18.5695582982405,120.08515894747245,139.73850179901356
5300,28,WR,49.95200065089114,-37.25241594639452,-17.991404635439622,117.8954059372219,137.15641724817684
5400,28,WR,49.885436676690574,-35.191066079341354,-16.400051291090122,116.17092464447127,134.96193943272255
5500,28,WR,49.6999951524373,-33.003691512092736,-14.736765289083472,114.13675559395807,132.4036818169674
5600,28,WR,49.977066566935214,-30.2128815076965,-12.501169679806779,112.4553028136772,130.16701464156696
5700,28,WR,50.53846431487098,-27.092425593451964,-9.945937984815828,111.02286661455778,128.16935422319398
5800,28,WR,50.31010528324615,-24.801169204169064,-8.211194017896531,108.83140458438884,125.42137977066142
5900,28,WR,52.079150960745366,-20.622578352390576,-4.56480415623961,108.72310607773034,124.78088027388134
6000,28,WR,51.536673240774796,-18.922998184465875,-3.360431731496014,106.4337782130456,121.99634466601552
6100,28,WR,53.18961808968367,-15.241968888346001,-0.1273494431257305,106.50658562249308,121.62120506771336
6200,28,WR,55.16148496309072,-11.489816480344707,3.2315877911888578,107.09138213499259,121.81278640652619
6300,28,WR,57.19064781846233,-7.9531416704965,6.435295465431267,107.9460001714934,122.33443730742121
6400,28,WR,58.17278656211211,-5.755287119257261,8.364632470947754,107.98094065327646,122.10086024348152
6500,28,WR,60.140684928227735,-2.8755438964378897,11.042974723677347,109.23839513277812,123.15691375289339
6600,28,WR,61.493503179465975,-0.9216721703152047,12.864090584558696,110.12291577437325,123.9086785292472
6700,28,WR,62.44603788770121,0.3217482116024257,14.043262474603893,110.84881330079853,124.57032756380002
6800,28,WR,64.37261997688513,2.24043750369227,15.963695064338928,112.78154488943133,126.50480245007802
6900,28,WR,76.23207852588244,13.802153087942834,27.591173723850098,124.8729833279148,138.6620039638221
7000,28,WR,83.54653142844921,20.541033927447046,34.45718229896102,132.6358805579374,146.5520289294514
7100,28,WR,86.28458537475703,22.449235470751013,36.548674977557994,136.02049577195606,150.11993527876308
7200,28,WR,88.41653510004637,23.52638415188534,37.85879964356817,138.97427055652457,153.30668604820744
7300,28,WR,93.70853483734531,27.570273087132662,42.1783612707923,145.23870840389833,159.846796587558
7400,28,WR,97.9335650198862,30.388992556754673,45.30769535840249,150.5594346813699,165.47813748301775
7500,28,WR,103.3216377885677,34.251864415319304,49.50744134705739,157.13583423007802,172.3914111618161
7600,28,WR,106.7379257242646,36.06670396361942,51.67599595598345,161.79985549254576,177.40914748490982
7700,28,WR,108.993184999345,36.68949600811658,52.65935425411696,165.32701574457303,181.2968739905735
7800,28,WR,111.32327768749026,37.40119625613819,53.72851202907485,168.9180433459057,185.24535911884237
7900,28,WR,112.59518697312164,37.11481165262356,53.78631086713108,171.4040630791122,188.07556229361978
8000,28,WR,114.04067052817032,37.107957314206104,54.1002372607557,173.98110379558494,190.9733837421346
8100,28,WR,117.82273439204036,39.58720219549207,56.86723833764311,178.77823044643762,196.0582665885887
8200,28,WR,120.9878017581591,41.643830239286615,59.16868955849516,182.80691395782304,200.33177327703163
8300,28,WR,123.36132067393329,43.148897092765395,60.86557313006681,185.8570682177998,203.57374425510125
8400,28,WR,125.89601143574163,45.10034649470016,62.945844200305594,188.84617867117765,206.69167637678314
8500,28,WR,133.18722897847434,52.13666414646768,70.03846209321473,196.33599586373396,214.23779381048104
8600,28,WR,136.7181776032674,55.76584812879726,73.64594863857407,199.79040656796076,217.6705070777376
8700,28,WR,137.27026965604884,56.76386557917681,74.54547366778826,199.99506564430942,217.77667373292093
8800,28,WR,136.17470036988044,56.43688279651458,74.04873166976606,198.30066906999483,215.91251794324634
8900,28,WR,134.93917809455925,56.26149487762555,73.6391897868104,196.23916640230811,213.61686131149298
9000,28,WR,133.90331399643748,56.544011138289974,73.63051278005136,194.1761152128236,211.26261685458502
9100,28,WR,132.2376816094306,56.4204780220884,73.16637315953976,191.30899005932145,208.05488519677286
9200,28,WR,131.52339109396118,57.4371311473442,73.80070935242506,189.2460728354973,205.6096510405782
9300,28,WR,131.1141550964461,58.913233899034225,74.86039361993303,187.36791657295916,203.315076293858
9400,28,WR,131.61005546435783,61.415499819424085,76.91950962764525,186.3006013010704,201.8046111092916
9500,28,WR,132.55945420833953,64.46053689562434,79.50167893641424,185.61722948026483,200.65837152105476
9600,28,WR,132.72924013307255,66.78550565356743,81.35062821567271,184.1078520504724,198.67297461257772
9700,28,WR,132.6270963450262,68.87068156036838,82.95268651184064,182.30150617821175,196.38351112968402
9800,28,WR,132.49516430432465,70.93330608451913,84.53059500362168,180.45973360502762,194.0570225241302
9900,28,WR,132.76390842900258,73.38154172128381,86.49744205590338,179.0303748021018,192.14627513672139
10000,28,WR,132.8728522293849,75.63521476124475,88.2774045230016,177.46829993576821,190.11048969752508
100,29,WR,3.7431541377494773,-4.473242889212796,-2.658471089265425,10.144779364764378,11.959551164711755
200,29,WR,3.7431541377494773,-4.7792057358032745,-2.896855319097006,10.38316359459596,12.265514011302233
300,29,WR,3.4001733762093025,-5.44267341839417,-3.489536423986479,10.289883176405084,12.24302017081278
400,29,WR,3.208520776589411,-5.973852999093239,-3.9457240114113916,10.362765564590214,12.390894552272067
500,29,WR,3.139135602037088,-6.4075909726589675,-4.298986664382018,10.577257868456194,12.68586217673315
600,29,WR,2.9603666074608865,-6.9832580807205735,-4.786990104117714,10.707723319039488,12.903991295642353
700,29,WR,2.912552520783006,-7.470080019984453,-5.176847514012559,11.00195255557857,13.29518506155047
800,29,WR,2.770051722622805,-8.105276973113883,-5.703221696644587,11.243325141890196,13.6453804183595
900,29,WR,2.781448066468383,-8.653015798813804,-6.127463235794187,11.690359368730952,14.215911931750576
1000,29,WR,2.7737606083577835,-9.299237849003992,-6.632650892539861,12.180172109255427,14.846759065719564
1100,29,WR,2.898594600865034,-9.90476140119407,-7.076858934823823,12.87404813655389,15.701950602924144
1200,29,WR,3.0607758278642496,-10.575342123868436,-7.563505884899623,13.685057540628122,16.69689377959694
1300,29,WR,3.3454301412170024,-11.23191824785527,-8.012190587703817,14.703050870137822,17.922778530289282
1400,29,WR,3.7294975045669543,-11.898803003994797,-8.446949478541827,15.905944487675734,19.357798013128715
1500,29,WR,4.1313944635435345,-12.654781072583793,-8.947185408454478,17.209974335541546,20.917569999670874
1600,29,WR,4.827630511646546,-13.216942778910607,-9.23140232336453,18.88666334665762,22.87220380220371
1700,29,WR,5.317305715339092,-14.076853396998612,-9.793227261933994,20.427838692612177,24.711464827676807
1800,29,WR,5.926541244513645,-14.897234744677496,-10.297846313276812,22.1509288023041,26.7503172337048
1900,29,WR,6.9281484592645715,-15.394109922116852,-10.463748732323308,24.32004565085245,29.250406840646008
2000,29,WR,7.710658226413201,-16.169308254370918,-10.894893007541285,26.316209460367688,31.590624707197332
2100,29,WR,8.275179999643091,-17.21436122004414,-11.584436029320164,28.134796028606345,33.76472121933034
2200,29,WR,9.505100978424855,-17.641441830038616,-11.64553143364464,30.655733390494348,36.651643786888336
2300,29,WR,10.061121823306161,-18.788899663275174,-12.41673857491545,32.538982221527775,38.911143309887514
2400,29,WR,10.481286395047858,-20.121959175884655,-13.362560029672045,34.32513281976776,41.08453196598039
2500,29,WR,10.865207621820128,-21.549107082947017,-14.389693528831172,36.120108772471426,43.27952232658728
2600,29,WR,11.935471909173907,-22.360614889805937,-14.785570625623533,38.656514443971346,46.23155870815377
2700,29,WR,12.321534094995506,-23.943998188427784,-15.933958619737435,40.57702680972845,48.58706637841882
2800,29,WR,12.441627823111922,-25.900982580160154,-17.432174674713455,42.315430320937296,50.78423822638402
2900,29,WR,13.574323382937449,-26.974038369112996,-18.018041817313993,45.166688583188886,54.12268513498792
3000,29,WR,14.849939236203364,-28.05347597483204,-18.577314125432444,48.27719259783917,57.75335444723879
3100,29,WR,16.85212288938903,-28.575067742555937,-18.541474643395972,52.24572042217403,62.27931352133402
3200,29,WR,20.449235985519465,-27.688619221456044,-17.056316296841054,57.954788267879984,68.587091192495
3300,29,WR,20.585341672439338,-30.46256950027721,-19.187516780884113,60.35820012576279,71.63325284515591
3400,29,WR,21.14012228595477,-33.016575993904866,-21.05487934097621,63.33512391288575,75.29682056581444
3500,29,WR,29.787401907532207,-27.664420015052087,-14.974922910838835,74.54972672590324,87.23922383011654
3600,29,WR,50.492245591572306,-10.417040785201813,3.036113305181189,97.94837787796342,111.40153196834646
3700,29,WR,50.72264670599208,-13.76987552607018,0.47471492764803713,100.97057848433612,115.21516893805436
3800,29,WR,51.21862776942549,-16.931530196929096,-1.8790705320114327,104.3163260708624,119.36878573578011
3900,29,WR,51.19616540006196,-20.619857557810263,-4.757711069435857,107.15004186955977,123.01218835793422
4000,29,WR,51.10017908643914,-24.30977912497012,-7.653833076088468,109.85419124896674,126.51013729784844
4100,29,WR,51.2817927271062,-27.558690528618506,-10.145037654104229,112.70862310831663,130.12227598283096
4200,29,WR,50.42465015766533,-31.583475120328153,-13.47017891121385,114.31947922654452,132.43277543565887
4300,29,WR,50.04354987872045,-34.76724718714322,-16.034919338194037,116.12201909563493,134.85434694458417
4400,29,WR,49.12190306196047,-38.0318878316574,-18.782058319618415,117.02586444353935,136.2756939555784
4500,29,WR,48.40366979513445,-40.551828349659814,-20.904052207185856,117.71139179745475,137.35916793992874
4600,29,WR,48.250694221693294,-41.898885172499604,-21.987369951796637,118.48875839518323,138.40027361588625
4700,29,WR,49.21297097457013,-41.48118331524042,-21.4493867643774,119.87532871351766,139.90712526438074
4800,29,WR,50.835609699223774,-39.74375117767092,-19.737309274093782,121.40852867254134,141.41497057611852
4900,29,WR,50.78441408218421,-39.03572869430165,-19.196976788434,120.76580495280243,140.60455685867012
5000,29,WR,50.41679430699831,-38.04780161471737,-18.50845201346958,119.3420406274662,138.88139022871405
5100,29,WR,51.023885249627206,-35.58147715134613,-16.452780121035197,118.5005506202896,137.62924765060058
5200,29,WR,51.16883195644965,-33.188601355389835,-14.556408852045493,116.8940727649448,135.5262652682892
5300,29,WR,50.28764609532629,-31.551503631793274,-13.47552938552964,114.05082157618222,132.1267958224459
5400,29,WR,50.20580439213244,-28.960577936680046,-11.474943091780474,111.88655187604536,129.37218672094497
5500,29,WR,50.56726649026536,-25.87801978693998,-8.993398788279833,110.12793176881056,127.01255276747074
5600,29,WR,50.16490688701289,-23.604467312474938,-7.3108802867161415,107.64069406074192,123.93428108650076
5700,29,WR,49.233468630652865,-21.982359050721968,-6.252778875620258,104.719716136926,120.44929631202774
5800,29,WR,47.84923475308555,-20.997264814137445,-5.791002807848102,101.4894723140192,116.69573432030859
5900,29,WR,50.85092526758924,-15.859503130739007,-1.1250393721816039,102.82688990736008,117.56135366591752
6000,29,WR,52.16197971346103,-12.680392821400865,1.6414697579997366,102.68248966892233,117.00435224832296
6100,29,WR,53.598109538043666,-9.669175573955691,4.304794342994114,102.89142473309322,116.86539465004306
6200,29,WR,55.712393294064945,-6.2910799059667895,7.4037493839234685,104.02103720420642,117.71586649409672
6300,29,WR,58.10711323104792,-2.953913568879436,10.532755727736536,105.6814707343593,119.16814003097531
6400,29,WR,59.129541084887045,-1.3156081945569014,12.035031020658778,106.22405114911531,119.57469036433102
6500,29,WR,61.13163370582249,0.9822100179564188,14.26753173909809,107.99573567254689,121.28105739368858
6600,29,WR,62.44967977796969,2.2894581212597984,15.577164811055027,109.32219474488436,122.60990143467961
6700,29,WR,63.54881963037214,3.081855520400424,16.437313020216095,110.66032624052818,124.01578374034389
6800,29,WR,71.83981119902782,10.789403641955616,24.273727445479288,119.40589495257635,132.89021875610007
6900,29,WR,84.95922719350986,23.078249721071806,36.74602313825758,133.17243124876214,146.84020466594797
7000,29,WR,88.0773707074801,25.15274691174853,39.05103254863555,137.10370886632467,151.0019945032117
7100,29,WR,94.55120135210039,30.405995283853173,44.57387333215948,144.5285293720413,158.69640742034767
7200,29,WR,98.36658609975159,32.864717259807094,47.33224408750362,149.40092811199955,163.8684549396961
7300,29,WR,103.43980425458827,36.48966758490411,51.27707618164829,155.60253232752825,170.38994092427248
7400,29,WR,106.91425126169813,38.47179983810031,53.58881893481921,160.23968358857704,175.356702685296
7500,29,WR,107.74963385707368,37.8192353630231,53.26490026086517,162.23436745328218,177.68003235112428
7600,29,WR,108.43595605071327,37.069890728343694,52.832654187222126,164.03925791420443,179.80202137308288
7700,29,WR,110.48772602268211,37.787204657851746,53.84471205208046,167.13073999328375,183.1882473875125
7800,29,WR,112.6816814492033,38.79349482869377,55.113324187977355,170.25003871042924,186.56986806971287
7900,29,WR,113.66281529264664,38.77985455721219,55.31940163524274,172.00622895005054,188.54577602808112
8000,29,WR,116.14324115796146,40.505190345874766,57.21151565687431,175.07496665904858,191.7812919700482
8100,29,WR,120.5107391633101,44.40353332532726,61.21348183126323,179.80799649535697,196.61794500129298
8200,29,WR,122.51221428260257,46.26582958157769,63.106518797215074,181.91790976799007,198.7585989836275
8300,29,WR,124.41231159765819,48.383502014755734,65.17613498536954,183.64848820994683,200.44112118056069
8400,29,WR,126.63111652205066,51.17044365947466,67.83759115328156,185.42464189081977,202.0917893846267
8500,29,WR,133.79375925221038,59.22423334706227,75.69455145657311,191.89296704784766,208.36328515735852
8600,29,WR,137.47323404501648,64.08369589370963,80.29338778312336,194.6530803069096,210.86277219632336
8700,29,WR,138.00439295948357,66.04742927336692,81.94070561808135,194.06808030088578,209.96135664560026
8800,29,WR,136.83596710438306,66.52691478062957,82.05621369589215,191.61572051287396,207.1450194281366
8900,29,WR,135.25670180696326,66.77362932845207,81.89962047760454,188.61378313632198,203.73977428547448
9000,29,WR,134.26266418435182,67.74719723751413,82.43859947615218,186.08672889255146,200.77813113118953
9100,29,WR,132.63556367149948,68.19441034473647,82.42765484713011,182.84347249586887,197.07671699826253
9200,29,WR,131.85661911992284,69.56364662257441,83.32241819265766,180.39082004718801,194.1495916172713
9300,29,WR,131.53369636528208,71.43241472619408,84.70710321816883,178.36028951239535,191.6349780043701
9400,29,WR,132.0005429995353,74.10686023149447,86.89395201123327,177.10713398783733,189.89422576757616
9500,29,WR,132.90490877645766,77.21003494083011,89.51147145939767,176.29834609351764,188.59978261208522
9600,29,WR,133.18168505919755,79.65507812044729,91.47760525740878,174.8857648609863,186.70829199794784
9700,29,WR,133.20037259581758,81.79263573624223,93.14716386404916,173.253581327586,184.60810945539296
9800,29,WR,132.8931122751968,83.53894506567023,94.4398972187638,171.34632733162982,182.24727948472344
9900,29,WR,132.90255258976183,85.52585367996564,95.99003851353166,169.815066665992,180.27925149955803
10000,29,WR,132.9532978060202,87.4711567539126,97.51688686064159,168.3897087513988,178.43543885812784
100,30,WR,3.2153081358419096,-3.661759420127839,-2.142807959292572,8.573424230976391,10.092375691811661
200,30,WR,3.2153081358419096,-3.9221070956794506,-2.3456521307872977,8.776268402471118,10.352723367363273
300,30,WR,2.872327374301731,-4.538193226164905,-2.90141694033978,8.646071688943241,10.282847974768371
400,30,WR,2.6806747746818433,-5.019944703610475,-3.319093707063993,8.68044325642768,10.381294252974167
500,30,WR,2.6112896001295214,-5.401913134907251,-3.632021258567101,8.854600458826145,10.624492335166298
600,30,WR,2.4325206055533157,-5.923066587822312,-4.077551581575632,8.942592792682262,10.78810779892895
700,30,WR,2.3847065188754404,-6.352158947729794,-4.422430258049957,9.191843295800838,11.121571985480678
800,30,WR,2.301891171049712,-6.8660380926041,-4.841099492753795,9.444881834853218,11.46982043470353
900,30,WR,2.2575555987861087,-7.402927081765354,-5.269197238256749,9.784308435828965,11.918038279337576
1000,30,WR,2.2609296957098097,-7.965267278759614,-5.706587004537826,10.228446395957445,12.48712667017924
1100,30,WR,2.4903608685035157,-8.38558236175627,-5.983391351836053,10.964113088843083,13.366304098763306
1200,30,WR,2.5887454256283555,-9.029167068895312,-6.463095845689976,11.640586696946686,14.206657920152027
1300,30,WR,2.899203864194865,-9.556364822304074,-6.80527882555997,12.6036865539497,15.354772550693811
1400,30,WR,3.357111611587332,-10.031021243420716,-7.073957961365535,13.788181184540198,16.745244466595388
1500,30,WR,3.8773554876378182,-10.533826181131541,-7.350800091888347,15.105511067163983,18.288537156407187
1600,30,WR,4.325810730745015,-11.191330073415912,-7.764028610889687,16.41565007237972,19.84295153490595
1700,30,WR,4.815485934437561,-11.880706680977088,-8.192985721837125,17.823957590712247,21.511678549852217
1800,30,WR,5.424721463612121,-12.512941545118187,-8.551014574162386,19.400457501386626,23.36238447234244
1900,30,WR,6.42632867836305,-12.805566232408601,-8.557779711249779,21.410437067975877,25.65822358913471
2000,30,WR,7.208838445511674,-13.362348993636807,-8.818750292954196,23.236427183977543,27.780025884660166
2100,30,WR,7.7733602187415665,-14.17701226087701,-9.328790242925155,24.875510680408286,29.723732698360152
2200,30,WR,9.009629588627025,-14.357782845986318,-9.196576421209379,27.21583559846343,32.37704202324038
2300,30,WR,9.746411716359676,-15.077668058530465,-9.594724648264153,29.087548080983503,34.570491491249825
2400,30,WR,10.128317715793278,-16.19822206229466,-10.383427350855252,30.64006278244181,36.454857493881235
2500,30,WR,11.686547502011406,-16.198910745908734,-10.039794640531701,33.41288964455451,39.57200574993156
2600,30,WR,11.590083528966177,-17.92537039170957,-11.406233930543236,34.58640098847559,41.10553744964194
2700,30,WR,11.940370498689369,-19.29366870380206,-12.394944925346994,36.27568592272573,43.174409701180814
2800,30,WR,12.509490824428578,-20.55038304503167,-13.248383566277788,38.267365215134944,45.56936469388884
2900,30,WR,13.873623338032123,-21.13758437475679,-13.404589945352994,41.15183662141724,48.88483105082106
3000,30,WR,16.080812744280685,-21.024302279462162,-12.828822416704401,44.99044790526577,53.185927768023554
3100,30,WR,19.376762454568336,-19.98059651271553,-11.287659092596805,50.04118400173348,58.73412142185222
3200,30,WR,20.016287083702004,-21.76173808516691,-12.53414335171405,52.56671751911806,61.79431225257094
3300,30,WR,20.360448859813836,-24.004400936167734,-14.205449150555836,54.92634687018351,64.72529865579543
3400,30,WR,25.427578362644503,-21.67725146545606,-11.273114891622356,62.12827161691136,72.53240819074509
3500,30,WR,49.81697395890439,-0.15717490587647376,10.880713816950532,88.75323410085825,99.79112282368528
3600,30,WR,50.23284355137415,-2.7041540701044013,8.988144895255886,91.47754220749242,103.16984117285273
3700,30,WR,50.19138460593128,-5.752550718487974,6.603896501829851,93.77887271003272,106.13531993035056
3800,30,WR,50.393639963222455,-8.538495432948928,4.4779614248074395,96.30931850163748,109.32577535939387
3900,30,WR,50.65979899632088,-11.16688601781312,2.4888957171356907,98.83070227550607,112.48648401045492
4000,30,WR,50.3967815419651,-14.14664670327059,0.10918746187633133,100.68437562205386,114.94020978720081
4100,30,WR,50.41758688333657,-16.57528687385465,-1.77843885238876,102.6136126190619,117.41046064052782
4200,30,WR,49.4312332888952,-19.654944990874,-4.395744675110414,103.25821125290082,118.51741156866444
4300,30,WR,49.31466878828006,-21.430955980952973,-5.805230449487382,104.4345680260475,120.06029355751313
4400,30,WR,48.695311829356974,-23.210632664301322,-7.328625029147247,104.7192486878612,120.60125632301532
4500,30,WR,48.61875840075902,-23.900764746483034,-7.883234785190204,105.12075158670825,121.1382815480011
4600,30,WR,50.12743019973819,-22.43947058088525,-6.411476228360279,106.66633662783667,122.69433098036168
4700,30,WR,50.51895801827042,-21.535430481869717,-5.620635726527752,106.65855176306859,122.57334651841057
4800,30,WR,50.21909280289617,-20.79382124566078,-5.109059004436212,105.54724461022855,121.23200685145316
4900,30,WR,49.96922578318149,-19.543742340518854,-4.19027611103072,104.1287276773937,119.48219390688186
5000,30,WR,49.76624883513402,-17.887710264241747,-2.9448470207243673,102.47734469099241,117.42020793450983
5100,30,WR,50.56349366906724,-14.977518584955462,-0.5013460742679925,101.62833341240247,116.10450592308997
5200,30,WR,50.44122867155399,-12.837154434859492,1.1392667179827143,99.74319062512527,113.71961177796751
5300,30,WR,49.811850796295246,-11.150201601682816,2.314607023767337,97.30909456882316,110.77390319427334
5400,30,WR,49.35180451687098,-9.324796124115444,3.635220268788224,95.06838876495374,108.02840515785743
5500,30,WR,48.22043061070813,-8.271414500137283,4.20605063424415,92.2348105871721,104.71227572155357
5600,30,WR,46.662196161513116,-7.800793110925532,4.228554637013048,89.09583768601318,101.1251854339518
5700,30,WR,46.963402742157584,-5.669834167335644,5.955372571074811,87.97143291324036,99.59663965165083
5800,30,WR,47.432701030432646,-3.6000275793329166,7.6716717374672925,87.193730323398,98.46542964019824
5900,30,WR,50.20817656286115,0.5257659561361692,11.499217875100342,88.91713525062195,99.89058716958615
6000,30,WR,51.65913622935308,3.062116289255897,13.795835833158534,89.52243662554763,100.25615616945029
6100,30,WR,53.460823135547074,5.6769258389494865,16.231049382503137,90.69059688859102,101.24472043214467
6200,30,WR,55.61445089303824,8.368548278024015,18.803843876256217,92.42505790982025,102.8603535080525
6300,30,WR,58.043365084841014,11.068568280799383,21.443984204407734,94.64274596527429,105.01816188888267
6400,30,WR,59.03102075958907,12.072988905637608,22.444701921687894,95.61733959749024,105.98905261354055
6500,30,WR,61.179718524691744,13.994846945185685,24.416662498356978,97.9427745510265,108.36459010419782
6600,30,WR,68.86217407631072,21.22713979922669,31.748383674358564,105.97596447826288,116.49720835339477
6700,30,WR,71.22127137419793,22.94050900040478,33.604376112521905,108.83816663587395,119.50203374799109
6800,30,WR,75.31595355425699,26.22451471604157,37.067437536115214,113.56446957239876,124.40739239247245
6900,30,WR,96.21800131030665,46.18396205096618,57.23507888324041,135.20092373737288,146.25204056964714
7000,30,WR,102.14871472377553,51.076986491313974,62.35729973161923,141.94012971593182,153.2204429562371
7100,30,WR,106.55722641294349,54.39234609812077,65.91410599267275,147.20034683321424,158.72210672776623
7200,30,WR,106.94371793811082,53.67177840967281,65.43805665395256,148.4493792222691,160.21565746654886
7300,30,WR,107.44043297790043,53.08838069917353,65.09322557473405,149.7876403810668,161.79248525662734
7400,30,WR,108.01357244707086,52.6498071261431,64.87811105469244,151.14903383944926,163.37733776799865
7500,30,WR,108.76647180917699,52.49904701827314,64.92694399441822,152.60599962393576,165.03389660008088
7600,30,WR,108.9892573825274,51.96432847145462,64.55953687511659,153.41897788993822,166.0141862936002
7700,30,WR,112.19722526793126,54.599691914372336,67.32137258943726,157.07307794642526,169.79475862149022
7800,30,WR,114.56483332390087,56.61801946047673,69.41684640993597,159.71282023786577,172.51164718732502
7900,30,WR,115.82909874281411,57.79317185188252,70.61168137130494,161.04651611432328,173.86502563374574
8000,30,WR,116.9748133265928,59.137907513601384,71.91245885541193,162.03716779777366,174.81171913958423
8100,30,WR,120.66467626282285,63.31458579343083,75.98161327113806,165.34773925450764,178.0147667322149
8200,30,WR,122.32753934166337,65.7306392258894,78.23130806619719,166.42377061712955,178.92443945743736
8300,30,WR,124.11150846218189,68.50461859894025,80.78662192417386,167.43639500018992,179.71839832542355
8400,30,WR,126.41939288889364,72.00796097715669,84.02592114925466,168.81286462853262,180.83082480063064
8500,30,WR,133.5197898766086,80.47710960427753,92.19275090495601,174.84682884826117,186.5624701489397
8600,30,WR,136.85766993488704,85.32499458425931,96.7071181227488,177.0082217470253,188.3903452855148
8700,30,WR,137.41472798668673,87.50214935586042,98.5264389398033,176.30301703357014,187.32730661751305
8800,30,WR,136.2914868171764,88.0794388310265,98.72812886095828,173.85484477339452,184.50353480332635
8900,30,WR,134.84255695980923,88.38380125999035,98.64523816816359,171.03987575145487,181.30131265962814
9000,30,WR,133.69421884966377,89.01617452589284,98.88430220393846,168.50413549538908,178.37226317343473
9100,30,WR,132.025431866331,89.13272169090054,98.60651909799415,165.44434463466783,174.91814204176146
9200,30,WR,131.30820834218986,90.18530776383027,99.2682038381985,163.3482128461812,172.43110892054946
9300,30,WR,131.15092892911906,91.76482017532913,100.46410761743857,161.83775024079955,170.53703768290902
9400,30,WR,131.62220314002997,93.92495381002655,102.25121954367842,160.99318673638152,169.3194524700334
9500,30,WR,132.3545871336123,96.28618995430507,104.25268790413797,160.45648636308664,168.42298431291957
9600,30,WR,132.3334268385541,97.82643120096819,105.44805931588296,159.2187943612252,166.84042247614002
9700,30,WR,132.32477448549855,99.30739102828602,106.60000556596873,158.04954340502837,165.3421579427111
9800,30,WR,132.16993013177907,100.57172869905494,107.55088570680303,156.7889745567551,163.76813156450322
9900,30,WR,132.4191084400181,102.17321427363362,108.85368451104141,155.9845323689948,162.6650026064026
10000,30,WR,132.4698536562765,103.51276813940817,109.9085766710835,155.03113064146953,161.42693917314486
100,31,WR,2.4710475771682368,-3.6700970475820234,-2.3136903345393915,7.2557854888758655,8.6121922019185
200,31,WR,2.4710475771682368,-3.9063948572757687,-2.4977965814332452,7.439891735769718,8.848490011612245
300,31,WR,2.128066815628061,-4.497641961190002,-3.034208609153127,7.290342240409249,8.753775592446127
400,31,WR,1.9364142160081719,-4.953751171907257,-3.431906767123752,7.3047351991400955,8.826579603923603
500,31,WR,1.778121870062671,-5.398238986914084,-3.8131820249938126,7.369425765119155,8.95448272703943
600,31,WR,1.6190328697422147,-5.872630758665571,-4.217932252384604,7.455997991869034,9.110696498150004
700,31,WR,1.5806355017839295,-6.26462450912083,-4.531826473153899,7.693097476721759,9.425895512688694
800,31,WR,1.5344737788637146,-6.7135051856928705,-4.891757820963786,7.960705378691214,9.782452743420304
900,31,WR,1.490138206600111,-7.221062760022489,-5.297002639020066,8.277279052220289,10.201339173222715
1000,31,WR,1.493512303523813,-7.752525378232699,-5.7103348181806,8.697359425228226,10.73954998528033
1100,31,WR,1.726794467069403,-8.135579920725423,-5.9572578580547955,9.410846792193603,11.589168854864235
1200,31,WR,1.8251790241942456,-8.74127176571496,-6.40743896088172,10.05779700927021,12.391629814103455
1300,31,WR,2.1356374627607555,-9.22408919154528,-6.715043983567192,10.986318909088702,13.495364117066796
1400,31,WR,2.5935452101532173,-9.646123067244272,-6.9427234192426495,12.129813839549083,14.833213487550712
1500,31,WR,3.316806359009591,-9.88346221657333,-6.967892888059996,13.60150560607918,16.517074934592518
1600,31,WR,3.905018274803534,-10.32771827362491,-7.184105709698254,14.99414225930532,18.137754823231983
1700,31,WR,4.511583630773693,-10.81507194301212,-7.429843328628074,16.45301059017546,19.838239204559514
1800,31,WR,4.915685723326832,-11.55616862262627,-7.91799769907147,17.749369145725133,21.38754006927994
1900,31,WR,5.768027129720327,-11.891784935431698,-7.991227449828173,19.527281709268827,23.427839194872362
2000,31,WR,6.5549899513102305,-12.329337917164818,-8.158319213442418,21.268299116062877,25.439317819785288
2100,31,WR,7.712963260594024,-12.429208241821659,-7.980367136366714,23.406293657554762,27.855134763009715
2200,31,WR,8.617810730555377,-12.815879560751732,-8.081778155740782,25.317399616851535,30.051501021862496
2300,31,WR,8.998186768865713,-13.765255232171414,-8.737448947049279,26.733822484780703,31.761628769902856
2400,31,WR,9.380092768299317,-14.760416595056466,-9.428454728410816,28.18864026500945,33.52060213165511
2500,31,WR,11.08840556410753,-14.48964786598025,-8.840172808951271,31.01698393716633,36.666458994195324
2600,31,WR,10.956166374963901,-16.136130973465868,-10.152201878708278,32.06453462863608,38.04846372339368
2700,31,WR,11.755479942309895,-16.94539873597168,-10.606179113534202,34.11713899815399,40.45635862059149
2800,31,WR,12.544646934194299,-17.87644049926395,-11.157274979777808,36.246568848166405,42.965734367652566
2900,31,WR,14.84035300078048,-17.42869424220561,-10.301366198590914,39.982072200151876,47.109400243766586
3000,31,WR,18.341308464131046,-15.918188642621978,-8.351226015853644,45.03384294411573,52.600805570884084
3100,31,WR,18.679669707421933,-17.72200674672794,-9.681896746807077,47.04123616165094,55.081346161571815
3200,31,WR,19.527250425747557,-19.165441287556714,-10.61931023340502,49.67381108490014,58.21994213905184
3300,31,WR,24.383761091174577,-16.735253180522513,-7.65321548236394,56.420737664713094,65.50277536287169
3400,31,WR,45.193006568687764,1.5365547615888033,11.179041287653853,79.20697184972167,88.84945837578675
3500,31,WR,49.24722780921009,2.9784140243734782,13.197898087545838,85.29655753087434,95.51604159404673
3600,31,WR,49.10935404558846,0.2027335099949923,11.004835147424735,87.2138729437522,98.01597458118195
3700,31,WR,49.1056046795699,-2.4019291500654134,8.974641331146628,89.23656802799317,100.61313850920524
3800,31,WR,49.59976734711386,-4.398352124329463,7.528318914739636,91.67121577948808,103.59788681855721
3900,31,WR,49.72986671267038,-6.567040199162449,5.867368551120258,93.5923648742205,106.02677362450324
4000,31,WR,49.44328235352927,-8.875643787751407,4.005372333683361,94.88119237337517,107.76220849480998
4100,31,WR,49.35844357468555,-10.62487572432066,2.623758193181388,96.09312895618972,109.3417628736918
4200,31,WR,48.703220078909226,-12.51842075225634,1.0037236818938169,96.40271647592463,109.92486091007483
4300,31,WR,48.51876553758607,-13.460385463234054,0.2290717345947968,96.80845934057734,110.49791653840623
4400,31,WR,48.61107538416629,-13.611569256705955,0.1316688611518373,97.09048190718075,110.83372002503857
4500,31,WR,49.61361169665982,-12.333927882861161,1.3485472380619967,97.87867615525764,111.56115127618082
4600,31,WR,49.181509810380135,-11.99029418223028,1.520842691195675,96.8421769295646,110.35331380299058
4700,31,WR,49.37436622623722,-10.570363198977475,2.6697472970673886,96.07898515540705,109.31909565145195
4800,31,WR,49.17677634885208,-9.17541893298479,3.7129454090741447,94.64060728863001,107.52897163068899
4900,31,WR,49.01363641577586,-7.479887194746368,4.997948673165794,93.02932415838593,105.50716002629812
5000,31,WR,48.74356667535979,-5.725105651705917,6.305497323705346,91.18163602701424,103.21223900242552
5100,31,WR,49.525533780299696,-2.845969075144417,8.721427947058856,90.32963961354054,101.89703663574383
5200,31,WR,49.95601776346284,-0.32917135865699976,10.777417438644854,89.13461808828083,100.2412068855827
5300,31,WR,48.64539037683308,0.36620255524238843,11.02972189291225,86.2610588607539,96.9245781984238
5400,31,WR,47.362857242367554,0.95489128532828,11.205110162943768,83.52060432179134,93.77082319940686
5500,31,WR,45.60405467359414,0.8902953023816167,10.766311433324304,80.44179791386398,90.3178140448067
5600,31,WR,45.899352390241475,2.6732451984166588,12.220680661406746,79.5780241190762,89.12545958206633
5700,31,WR,45.97434398881075,4.009545872087614,13.278393514528027,78.67029446309348,87.93914210553392
5800,31,WR,46.58354749770596,5.6402759501809,14.683497006589231,78.48359798882268,87.52681904523104
5900,31,WR,49.554345753787146,9.386388622889022,18.25836445651052,80.85032705106377,89.72230288468529
6000,31,WR,51.03743426705023,11.396782935771704,20.152291698491187,81.92257683560928,90.67808559832878
6100,31,WR,52.87331542806402,13.520320005415883,22.212293640833504,83.53433721529453,92.22631085071217
6200,31,WR,54.99217100646414,15.699687520987766,24.378295765616805,85.60604624731147,94.28465449194053
6300,31,WR,57.56836022654477,18.120437362895665,26.8333778092408,88.30334264384874,97.0162830901939
6400,31,WR,64.92042538076463,25.121504398762184,33.91197049107258,95.92888027045667,104.71934636276708
6500,31,WR,70.67282823983051,30.354193110073872,39.2594494901811,102.08620698947992,110.99146336958717
6600,31,WR,77.18253969941148,36.204534347197594,45.25542712748286,109.1096522713401,118.16054505162539
6700,31,WR,81.95716849530274,40.21175205989089,49.43214443813675,114.48219255246872,123.70258493071461
6800,31,WR,88.86442057486066,46.27835725182538,55.684424964450336,122.04441618527099,131.45048389789596
6900,31,WR,103.66448365921724,60.201674578231476,69.80139085384953,137.52757646458497,147.12729274020302
7000,31,WR,105.0103256579122,60.672818423152584,70.4657310033949,139.55492031242952,149.34783289267185
7100,31,WR,106.66056344468578,61.487535174579705,71.46499093210932,141.85613595726224,151.83359171479188
7200,31,WR,106.84498504896051,60.9131495503332,71.05820455548894,142.63176554243208,152.77682054758785
7300,31,WR,107.289944980491,60.71064964968824,70.9987103836537,143.5811795773283,153.8692403112938
7400,31,WR,107.57230900747345,60.491235358240395,70.8901248580413,144.2544931569056,154.65338265670653
7500,31,WR,110.06051195200028,62.65771740816549,73.12766603583731,146.99335786816326,157.4633064958351
7600,31,WR,110.57570709989771,63.06456295385578,73.55844297164614,147.59297122814928,158.08685124593967
7700,31,WR,112.44896370376534,65.07287500497193,75.53692506003148,149.3610023474992,159.82505240255878
7800,31,WR,114.15672769818997,67.16961633369452,77.54775219853343,150.7657031978465,161.14383906268546
7900,31,WR,115.08258186805134,68.7246211332224,78.963795258884,151.20136847721867,161.4405426028803
8000,31,WR,116.09214800680232,70.57728009954957,80.63023865125555,151.55405736234908,161.60701591405507
8100,31,WR,119.93053711104554,75.44394687802347,85.26978771382724,154.59128650826383,164.41712734406764
8200,31,WR,121.56002043353568,78.25728765428039,87.8216475617401,155.29839330533127,164.862753212791
8300,31,WR,123.25567690226585,81.26282933147134,90.53787231209778,155.9734814924339,165.24852447306037
8400,31,WR,125.22196659444973,84.63630181003631,93.60053755609074,156.84339563280872,165.80763137886316
8500,31,WR,132.3761870618523,93.26771909681328,101.90568347088123,162.84669065282338,171.48465502689135
8600,31,WR,135.84225427261256,98.25563838321187,106.55746829085896,165.12704025436616,173.42887016201328
8700,31,WR,136.251029298395,100.20782329932644,108.16875722354635,164.33330137324364,172.29423529746356
8800,31,WR,135.13626047767107,100.63739207516619,108.2572251116557,162.01529584368643,169.63512888017596
8900,31,WR,133.74905164773946,100.77737623427831,108.05989514628001,159.4382081491989,166.72072706120065
9000,31,WR,132.7552291010589,101.27807984928138,108.23049982331712,157.27995837880064,164.2323783528364
9100,31,WR,131.09086969438397,101.06252003302669,107.69494078698554,154.4867986017824,161.11921935574128
9200,31,WR,130.2480239348929,101.61239956931968,107.93720634314,152.5588415266458,158.88364830046612
9300,31,WR,129.81731691601667,102.5122076028316,108.54314089554383,151.0914929364895,157.12242622920175
9400,31,WR,130.261251237252,104.22126576803548,109.97276866468225,150.54973380982173,156.30123670646853
9500,31,WR,131.13948237812048,106.30118123051462,111.78726574339274,150.49169901284822,155.97778352572635
9600,31,WR,131.35806007673625,107.66138613596694,112.89531719834588,149.82080295512662,155.05473401750558
9700,31,WR,131.3494077236807,108.73749755121061,113.73183470279702,148.9669807445644,153.96131789615083
9800,31,WR,131.19456336996134,109.61356833307927,114.38020522747695,148.00892151244574,152.77555840684343
9900,31,WR,131.44374167820035,110.84265955689014,115.39286115492271,147.494622201478,152.04482379951057
10000,31,WR,131.4944868944588,111.82500332699077,116.16944091692628,146.8195328719913,151.16397046192682
100,32,WR,-1.7602030365001613,-7.572115616533772,-6.288427033886997,2.7680209608866746,4.051709543533452
200,32,WR,-1.7602030365001613,-7.799358863732676,-6.465478617344269,2.945072544343947,4.278952790732356
300,32,WR,-2.103183798040338,-8.381493524527494,-6.994790885210586,2.7884232891299106,4.175125928446823
400,32,WR,-2.3719265785417716,-8.90574596817457,-7.4626084061331195,2.7187552490495768,4.161892811091029
500,32,WR,-2.453128743605724,-9.264739467530136,-7.760245586157006,2.8539880989455577,4.358481980318691
600,32,WR,-2.6122177439261813,-9.731739970439584,-8.159237068817767,2.934801580965404,4.507304482587225
700,32,WR,-2.6506151118844667,-10.117958109114346,-8.468631348560095,3.167401124791161,4.816727885345415
800,32,WR,-2.689543086409764,-10.555926740554252,-8.818463083885472,3.4393769110659442,5.176840567734729
900,32,WR,-2.7468386626306165,-11.075128025708889,-9.235642345024353,3.7419650197631196,5.581450700447662
1000,32,WR,-2.743464565706915,-11.607627458048235,-9.649782335134505,4.162853203720674,6.1206983266344075
1100,32,WR,-2.493256991482523,-11.97642148774092,-9.881856260963584,4.895342277998539,6.9899075047758785
1200,32,WR,-2.369068309143929,-12.558870217051108,-10.308228592889392,5.570091974601533,7.8207335987632565
1300,32,WR,-1.9983462670158847,-12.982098078347438,-10.556095174712814,6.559402640681045,8.985405544315674
1400,32,WR,-1.442124711687742,-13.302795669875081,-10.683105906498218,7.7988564831227345,10.418546246499604
1500,32,WR,-0.9666443678271814,-13.77942872661221,-10.949443800515406,9.016155064861044,11.846139990957855
1600,32,WR,-0.3784324520332383,-14.208321182528884,-11.15368640987202,10.396821505805544,13.451456278462418
1700,32,WR,0.21590895097109672,-14.685043119575935,-11.393840476707311,11.825658378649504,15.116861021518137
1800,32,WR,0.6200110435242343,-15.39613631946286,-11.858618295106089,13.098640382154558,16.63615840651134
1900,32,WR,1.5589505272389839,-15.608911777082174,-11.817012204432105,14.934913258910074,18.726812831560153
2000,32,WR,2.9270294588782466,-15.424329443065774,-11.371028645079145,17.22508756283564,21.278388360822277
2100,32,WR,3.7531806201503404,-15.81223423326002,-11.490782505242935,18.997143745543617,23.318595473560713
2200,32,WR,4.474286213330626,-16.33875209924779,-11.741735319636788,20.69030774629804,25.287324525909053
2300,32,WR,4.8164036793328515,-17.28557603418224,-12.403868227770975,22.036675586436676,26.918383392847957
2400,32,WR,6.373911321698672,-17.070538171726113,-11.892316419984919,24.64013906338226,29.81836081512347
2500,32,WR,6.766456974073457,-18.08969073507834,-12.599664416988848,26.13257836513576,31.622604683225262
2600,32,WR,7.185568786895369,-19.16910285806589,-13.348094605762519,27.71923217955326,33.540240431856645
2700,32,WR,8.214098353303923,-19.74334466988104,-13.56832914536111,29.996525851968954,36.171541376488904
2800,32,WR,9.93483889817094,-19.745880341027032,-13.190241403339753,33.05991919968163,39.61555813736893
2900,32,WR,13.524311021859127,-18.014941518608914,-11.048804668839242,38.09742671255749,45.06356356232719
3000,32,WR,14.067678018212902,-19.47496961340036,-12.06633894260029,40.201694979026094,47.61032564982619
3100,32,WR,14.614095350695754,-21.073997488015806,-13.19149810719629,42.4196888085878,50.30218818940734
3200,32,WR,20.002762624037167,-17.958748945677627,-9.574115090470109,49.57964033854444,57.96427419375198
3300,32,WR,40.78847400784303,0.4507315391106488,9.360208194824246,72.21673982086182,81.12621647657542
3400,32,WR,41.031680556971054,-1.747430722830515,7.701275872363922,74.36208524157819,83.81079183677264
3500,32,WR,44.59975244672779,-0.634500806792829,9.356477833453908,79.84302706000167,89.83400570024844
3600,32,WR,44.7814715587592,-2.857256021222831,7.664803600996962,81.89813951652144,92.42019913874125
3700,32,WR,44.74675071954961,-5.170464323541658,5.854849313913199,83.63865212518601,94.66396576264091
3800,32,WR,45.12118735613343,-6.865813875283635,4.6166575156449525,85.6257171966219,97.10818858755053
3900,32,WR,45.227719816904575,-8.535529175315503,3.3392655582469644,87.11617407556218,98.99096880912468
4000,32,WR,44.83549133754827,-10.332954788044788,1.852208604997486,87.81877407009905,100.00393746314136
4100,32,WR,45.084772913328024,-11.053679542070903,1.345731060219606,88.82381476643644,101.22322536872699
4200,32,WR,45.09521291114529,-11.530110211740691,0.97683647414919506,89.21358934814138,101.7205360340313
4300,32,WR,46.57844790883531,-10.02887467762676,2.4740961943170774,90.68279962335353,103.1857704952974
4400,32,WR,46.085438339774036,-10.004958889471972,2.3838376603358924,89.78703901921219,102.17583556902008
4500,32,WR,45.02848361612304,-10.076310861423394,2.0947936667032607,87.96217356554283,100.1332780936695
4600,32,WR,44.82023151678081,-8.89854120806261,2.966429964693674,86.67403306886794,98.53900424162427
4700,32,WR,44.90617960728207,-7.1224041761562304,4.3692516349665524,85.44310757959758,96.9347633907204
4800,32,WR,44.65768124988613,-5.477358408535466,5.5960665808828765,83.71929591888939,94.79272090830776
4900,32,WR,44.47926358781663,-3.656763938542859,6.9751353026534275,81.98339187297984,92.61529111417616
5000,32,WR,44.75327239576712,-1.3662237010924372,8.820280270138781,80.68626452139546,90.8727684926267
5100,32,WR,44.89375815057276,0.7333929711424574,10.487179836604739,79.30033646454078,89.05412333000308
5200,32,WR,43.8314061294401,1.513658210955498,10.860462571520884,76.80234968735931,86.14915404792472
5300,32,WR,41.41837597692637,0.7814290327741347,9.756991570490289,73.07976038336245,82.05532292107864
5400,32,WR,41.24321642737255,2.0927215994324584,10.739968529514055,71.74646432523105,80.39371125531267
5500,32,WR,41.145580546784366,3.2661147748251764,11.632627013029222,70.65853408053951,79.02504631874358
5600,32,WR,41.58272841822198,4.745068698109819,12.881475180992851,70.28398165545111,78.42038813833418
5700,32,WR,42.02327709840261,5.991203010298655,13.94967820741083,70.09687598939439,78.05535118650658
5800,32,WR,42.6743362707618,7.210076453388318,15.043137393771186,70.30553514775241,78.1385960881353
5900,32,WR,45.67924135147098,10.552368271584491,18.310909938512285,73.04757276442967,80.80611443135749
6000,32,WR,47.127557685643026,12.120997447444168,19.85296537997844,74.40214999130761,82.1341179238419
6100,32,WR,49.18116282681566,14.089549475645981,21.840303256820558,76.52202239681075,84.27277617798535
6200,32,WR,57.6644278846876,22.302639632134017,30.113067476097445,85.21578829327775,93.02621613724119
6300,32,WR,63.84432219873141,28.05413645788142,35.959185299147855,91.72945909831498,99.63450793958143
6400,32,WR,70.03142944631568,33.683660513059856,41.71186385262794,98.35099504000343,106.37919837957153
6500,32,WR,75.8556161549071,38.85259613628065,47.025526074102615,104.68570623571158,112.85863617353355
6600,32,WR,82.14255523367514,44.421082459212734,52.75269847276924,111.53241199458104,119.86402800813757
6700,32,WR,86.18894780634812,47.72236635675768,56.21855599146238,116.15933962123387,124.65552925593859
6800,32,WR,88.54900551365039,49.34764516219421,58.00612686067413,119.09188416662664,127.75036586510657
6900,32,WR,100.59079469561263,60.70097344958654,69.5115168623108,131.67007252891446,140.48061594163875
7000,32,WR,102.26127541612121,61.76495991544838,70.70946090915993,133.8130899230825,142.75759091679407
7100,32,WR,103.47628474294281,62.48817660494999,71.54130080743556,135.41126867845006,144.46439288093563
7200,32,WR,104.81665472732573,63.48412477555244,72.6133221026551,137.01998735199635,146.14918467909905
7300,32,WR,105.43526728830459,63.93788785413529,73.10349581121439,137.76703876539477,146.93264672247392
7400,32,WR,106.004856617607,64.55273776064621,73.70834892486126,138.30136431035277,147.45697547456783
7500,32,WR,106.46042912874684,65.28700464418648,74.38106003326351,138.53979822423017,147.63385361330722
7600,32,WR,106.60029177353431,65.93743366456013,74.91871925230276,138.28186429476585,147.26314988250851
7700,32,WR,108.4170676399591,68.47572995292654,77.29765190347771,139.5364833764405,148.35840532699166
7800,32,WR,110.26319568918531,71.22671126211515,79.84877649032418,140.67761488804643,149.2996801162555
7900,32,WR,111.15546931129612,73.17835170157646,81.56643249358812,140.74450612900412,149.1325869210158
8000,32,WR,112.08688491147028,75.29463658506302,83.4210129639453,140.75275685899527,148.87913323787757
8100,32,WR,115.58367928118574,80.0734478083,87.91666259881289,143.2506959635586,151.0939107540715
8200,32,WR,117.23097668041085,83.07290501166219,90.61746560210199,143.8444877587197,151.38904834915954
8300,32,WR,118.9687331075287,86.20784444335484,93.44380647073257,144.49365974432484,151.72962177170257
8400,32,WR,121.06320995219464,89.72167169683978,96.64413900290401,145.48228090148527,152.40474820754952
8500,32,WR,128.0355459836973,98.11516856319852,104.72374127558342,151.34735069181116,157.95592340419606
8600,32,WR,131.53001765281908,103.01486035596722,109.3130593309652,153.74697597467295,160.04517494967095
8700,32,WR,132.09145793061387,104.95043328080132,110.94512487062174,153.23779099060602,159.23248258042645
8800,32,WR,130.9811166865476,105.17050541990156,110.8713459844952,151.0908873886,156.79172795319366
8900,32,WR,129.42192607327578,104.88794800360823,110.30681607866046,148.5370360678911,153.95590414294335
9000,32,WR,128.13016694879727,104.81297160906028,109.96308648515016,146.2972474124444,151.44736228853426
9100,32,WR,126.43846765244677,104.27515373531607,109.17040854812547,143.70652675676808,148.6017815695775
9200,32,WR,125.74803785985692,104.67741904973965,109.33132814134774,142.1647475783661,146.81865666997422
9300,32,WR,125.55730649136224,105.52161954368165,109.94694119572787,141.1676717869966,145.59299343904283
9400,32,WR,126.00124081259753,106.94595188639926,111.15473109578214,140.84775052941293,145.0565297387958
9500,32,WR,126.87947195346592,108.753087268866,112.75669756820565,141.0022463387262,145.00585663806586
9600,32,WR,127.09804965208176,109.85193771389348,113.66112043734945,140.53497886681404,144.34416159027006
9700,32,WR,127.08823194210416,110.67645661654878,114.30135776849585,139.87510611571247,143.50000726765956
9800,32,WR,126.93338758838478,111.31255133647532,114.76275621685483,139.10401895991473,142.55422384029424
9900,32,WR,127.1861886242044,112.31528524416335,115.59985097355559,138.77252627485322,142.05709200424548
10000,32,WR,127.23693384046278,113.07721012040095,116.20469619707056,138.26917148385502,141.39665756052463
100,33,WR,-2.908401623958314,-8.025577828945067,-6.895337038280034,1.078533790363406,2.2087745810284423
200,33,WR,-2.908401623958314,-8.228846262745686,-7.053709172611393,1.2369059246947653,2.4120430148290604
300,33,WR,-3.344574797373722,-8.879324013345824,-7.656853049008731,0.9677034542612879,2.190174418598384
400,33,WR,-3.5201251659999295,-9.284558420291315,-8.011356689868789,0.9711063578689298,2.244308088291458
500,33,WR,-3.601327331063881,-9.616693301061382,-8.288067567313151,1.0854129051853882,2.4140386389336217
600,33,WR,-3.760416331384336,-10.05569932674316,-8.665247768088474,1.1444151053198022,2.5348666639744897
700,33,WR,-3.798813699342621,-10.4126501030277,-8.951839025436605,1.354211626751363,2.8150227043424607
800,33,WR,-3.8377416738679195,-10.8196736700836,-9.277560593718912,1.602077245983072,3.144190322347764
900,33,WR,-3.8770052966400894,-11.287574192783856,-9.650787239797367,1.8967766465171878,3.533563599503681
1000,33,WR,-3.772606470139707,-11.68255291218669,-9.935467456722998,2.390254516443584,4.137339971907281
1100,33,WR,-3.638438714751593,-12.125986999590456,-10.251325487071998,2.9744480575688126,4.849109570087273
1200,33,WR,-3.514250032412999,-12.660135128957116,-10.640065467729507,3.6115654029035094,5.631635064131123
1300,33,WR,-3.1435279902849538,-13.026528576763956,-10.843650764950569,4.556594784380662,6.739472596194055
1400,33,WR,-2.587306434956812,-13.280490024144031,-10.918665496235166,5.744052626321542,8.105877154230413
1500,33,WR,-1.7690521456036157,-13.336747720482244,-10.781768007260297,7.243663716053065,9.798643429275018
1600,33,WR,-1.076174030497886,-13.57219391519211,-10.812173382602428,8.659825321606657,11.419845854196343
1700,33,WR,-0.6747421111491502,-14.1426111200401,-11.167936356574257,9.818452134275956,12.793126897741805
1800,33,WR,-0.43484703280598674,-14.909598071577893,-11.712531290332782,10.842837224720808,14.039904005965928
1900,33,WR,0.4137688039699172,-15.0969333310845,-11.67105399008981,12.498591598029645,15.924470939024342
2000,33,WR,1.7770139393299291,-14.795948487388742,-11.13544562282403,14.689473501483889,18.34997636604861
2100,33,WR,2.7839263834533767,-14.878723446998094,-10.97753917858169,16.545391945488443,20.44657621390486
2200,33,WR,3.466773404325569,-15.318605902230075,-11.16944216233518,18.102988970986317,22.252152710881223
2300,33,WR,4.978578246099329,-14.972703069558822,-10.56602425576012,20.52318074795878,24.92985956175749
2400,33,WR,5.373978811740454,-15.800233102704215,-11.123443198035911,21.87140082151682,26.548190726185133
2500,33,WR,5.730749248016844,-16.73960229499363,-11.77653147680609,23.238029972839776,28.20110079102733
2600,33,WR,6.030863749648371,-17.82521154517307,-12.556073191659337,24.61780069095608,29.886939044469823
2700,33,WR,8.778465848232102,-16.568273173264327,-10.969888985415057,28.52682068187926,34.12520486972855
2800,33,WR,11.802599191274366,-15.15359672181978,-9.199728619242697,32.80492700179143,38.758795104368524
2900,33,WR,12.411402379801602,-16.28280491446648,-9.945058813760562,34.76786357336377,41.105609674069704
3000,33,WR,13.16282546534734,-17.39623820974674,-10.64659760591867,36.97224853661335,43.72188914044144
3100,33,WR,18.221591687145413,-14.316245900848983,-7.129549604140081,43.572732978430906,50.75942927513983
3200,33,WR,39.3755325171121,4.768593780631711,12.412296524715199,66.338768509509,73.98247125359251
3300,33,WR,39.40812022883654,2.677322047462418,10.790125811737234,68.02611464593585,76.13891841021068
3400,33,WR,39.40285751555044,0.5421182846957535,9.125366325149457,69.68034870595142,78.26359674640514
3500,33,WR,43.26392376284947,2.3282403456763774,11.369785396783126,75.15806212891582,84.1996071800226
3600,33,WR,43.424197803982516,0.5397077053540755,10.011689527888578,76.83670608007645,86.30868790261098
3700,33,WR,43.24013797498417,-1.3894599116510804,8.46796730637135,78.012308643597,87.86973586161945
3800,33,WR,43.28423626971595,-2.8083405959621714,7.372217671639582,79.1962548677923,89.37681313539409
3900,33,WR,43.622956174511486,-3.581046605254109,6.844994493812322,80.40091785521065,90.8269589542771
4000,33,WR,43.533017552992085,-4.374746212208493,6.2067359623171185,80.85929914366704,91.44078131819269
4100,33,WR,44.46023250874437,-3.705030778331775,6.933325822936631,81.9871391945521,92.62549579582054
4200,33,WR,45.42275000004586,-2.54243073974002,8.051733235089756,82.79376676500196,93.38793073983177
4300,33,WR,45.36858808861016,-1.9522507061838255,8.499596193721587,82.23757998349873,92.68942688340417
4400,33,WR,44.418129150987994,-1.8541081211410813,8.366132094414787,80.47012620756121,90.6903664231171
4500,33,WR,43.468856684181084,-1.4272816122521235,8.489016911241599,78.44869645712058,88.36499498061431
4600,33,WR,43.336233472997755,0.05024805682256073,9.610908941201785,77.06155800479372,86.62221888917297
4700,33,WR,43.356221948947216,1.820584882660853,10.994642878323894,75.71780101957054,84.89185901523359
4800,33,WR,43.335297969404586,3.6028458438626387,12.378630828884347,74.29196510992483,83.06775009494655
4900,33,WR,43.449024880359225,5.496574301295233,13.879206837645018,73.01884292307344,81.40147545942324
5000,33,WR,41.61936925919328,5.362080894544789,13.370299612652524,69.86843890573402,77.8766576238418
5100,33,WR,40.65745224811504,5.963605477192097,13.626503770076067,67.68840072615401,75.35129901903801
5200,33,WR,40.79389555956878,7.497093204178462,14.851423544435157,66.7363675747024,74.09069791495912
5300,33,WR,40.14297582522277,8.054414743638347,15.141878453175991,65.14407319726955,72.23153690680721
5400,33,WR,39.775450798011825,8.69221632116762,15.557631562741456,63.993270033282194,70.85868527485604
5500,33,WR,40.00289984589027,9.714135795910412,16.404074788973578,63.601724902806964,70.29166389587014
5600,33,WR,40.66228075455673,10.955358745924737,17.516785140923698,63.807776368189764,70.36920276318875
5700,33,WR,41.13693625936529,11.803795872415964,18.282664384179448,63.99120813455114,70.47007664631464
5800,33,WR,41.753223252633376,12.598701568052867,19.038118215095302,64.46832829017146,70.90774493721389
5900,33,WR,44.90482090770171,15.745047486815341,22.185624095203043,67.62401772020038,74.0645943285881
6000,33,WR,52.717546721345606,23.386127152873037,29.864615584069064,75.57047785862216,82.0489662898182
6100,33,WR,56.031109308002975,26.38624070210831,32.93396123978211,79.12825737622384,85.67597791389765
6200,33,WR,65.69316410771762,35.61988508274173,42.26222947376645,89.12409874166879,95.76644313269352
6300,33,WR,71.94484227128703,41.35702032886563,48.11301282786013,95.77667171471393,102.53266421370844
6400,33,WR,77.9091771380584,46.75217327397509,53.63388210545477,102.18447217066202,109.06618100214172
6500,33,WR,83.01588953858152,51.26834192211757,58.280485315722075,107.75129376144096,114.76343715504548
6600,33,WR,84.75962504344463,52.43366002273147,59.5735596080567,109.94569047883256,117.0855900641578
6700,33,WR,86.44268437143751,53.58290488916547,60.84070912637913,112.04465961649589,119.30246385370957
6800,33,WR,88.72167822768917,55.40439822774471,62.763251505700765,114.68010494967757,122.03895822763364
6900,33,WR,100.32823894969954,66.65884568163469,74.0954709108822,126.56100698851688,133.99763221776442
7000,33,WR,102.62795940760995,68.74073710723353,76.22547466403188,129.03044415118802,136.5151817079864
7100,33,WR,104.42840287591001,70.48576001707093,77.98273842181095,130.87406733000907,138.3710457347491
7200,33,WR,104.60518061346662,70.79566358870863,78.26323822818,130.94712299875323,138.4146976382246
7300,33,WR,104.76490114236721,71.29271274746128,78.68578094782538,130.84402133690904,138.23708953727316
7400,33,WR,104.99607922261774,72.05757134658931,79.33276447924892,130.65939396598657,137.93458709864618
7500,33,WR,105.33199228094252,73.10111464421527,80.22001209169078,130.44397247019424,137.56286991766976
7600,33,WR,105.64406695479717,74.26890713848668,81.19880050496307,130.08933340463125,137.01922677110767
7700,33,WR,107.31645079657248,76.9186210938228,83.6326496325031,131.00025196064186,137.71428049932217
7800,33,WR,109.02559955226776,79.70051760610002,86.1776062341707,131.87359287036483,138.3506814984355
7900,33,WR,109.76534488763505,81.58325945956629,87.80789219466133,131.72279758060876,137.94743031570383
8000,33,WR,110.73886044619681,83.74646264770502,89.70832673203773,131.7693941603559,137.7312582446886
8100,33,WR,114.36384196839427,88.5863025107913,94.27983843976088,134.44784549702766,140.14138142599725
8200,33,WR,115.8709414021998,91.31422352238766,96.73811418411032,135.0037686202893,140.42765928201197
8300,33,WR,117.56802406178397,94.2213372594548,99.37796597299383,135.75808215057413,140.91471086411318
8400,33,WR,119.7242219338855,97.5625011238609,102.4574040639649,136.9910398038061,141.8859427439101
8500,33,WR,126.85097189754715,105.83728789446046,110.47862168306222,143.2233221120321,147.86465590063386
8600,33,WR,130.17346178332858,110.26132283586266,114.65935619767731,145.68756736897984,150.0856007307945
8700,33,WR,130.43696548332537,111.57354137772415,115.73994302615435,145.13398794049638,149.30038958892658
8800,33,WR,129.3038135575473,111.43307977211708,115.38022395365329,143.22740316144132,147.17454734297752
8900,33,WR,127.89733990320036,110.9638523574032,114.70398511535419,141.09069469104654,144.83082744899752
9000,33,WR,126.84531877239586,110.79680581467667,114.34147249171122,139.3491650530805,142.89383173011504
9100,33,WR,125.15361947604539,109.94087614034537,113.30094473426442,137.00629421782637,140.36636281174543
9200,33,WR,124.46318968345558,110.0398897691872,113.2255924391901,135.70078692772108,138.88648959772397
9300,33,WR,124.27245831496091,110.5949784277787,113.61595035892483,134.928966270997,137.94993820214313
9400,33,WR,124.71639263619619,111.7436474027394,114.60896320239266,134.82382206999972,137.689137869653
9500,33,WR,125.59054996415735,113.28383768739087,116.00204547562856,135.17905445268613,137.89726224092382
9600,33,WR,125.8091276627732,114.13198573242823,116.71113907782198,134.9071162477244,137.48626959311815
9700,33,WR,125.79930995279558,114.71737938599523,117.16506722478988,134.43355268080128,136.88124051959593
9800,33,WR,125.64446559907628,115.12536410803088,117.4487387799327,133.84019241821986,136.1635670901217
9900,33,WR,125.89726663489591,115.91046966150925,118.11627318580688,133.67826008398495,135.8840636082826
10000,33,WR,125.94801185115435,116.46474105057614,118.55932975699804,133.33669394531066,135.43128265173257
100,22,TE,-3.6036517576344202,-9.796168203853547,-8.428414895386219,1.2211113801173772,2.588864688584711
200,22,TE,-3.6036517576344202,-10.000055391805972,-8.587269118420753,1.3799656031519136,2.7927518765371353
300,22,TE,-3.709772164262564,-10.318176833389112,-8.858565473711998,1.4390211451868695,2.8986325048639867
400,22,TE,-3.879459805065324,-10.709213008922124,-9.200711962260563,1.4417923521299145,2.9502933987914797
500,22,TE,-4.035026230946643,-11.097278377837704,-9.537424831540163,1.467372369646876,3.0272259159444213
600,22,TE,-4.216495003667662,-11.524483562890989,-9.910353731032098,1.477363723696774,3.0914935555556697
700,22,TE,-4.218880890109167,-11.788512963072453,-10.11659341282285,1.6788316326045152,3.350751182854121
800,22,TE,-4.432805119084762,-12.283183774783506,-10.549255173655764,1.6836449354862406,3.417573536613987
900,22,TE,-4.516013848458293,-12.670016103266363,-10.869025559579857,1.8369978626632717,3.6379884063497805
1000,22,TE,-4.517252227081688,-13.002166126034055,-11.128086475516827,2.093582021353451,3.967661671870685
1100,22,TE,-4.313686856170949,-13.1616966441321,-11.207419289208957,2.5800455768670583,4.534322931790208
1200,22,TE,-4.267862216352527,-13.516276878464001,-11.473561310077585,2.937836877372532,4.980552445758954
1300,22,TE,-4.0434762367347785,-13.734859267647128,-11.594304402871973,3.5073519294024162,5.647906794177577
1400,22,TE,-3.6726497179249304,-13.854776306529557,-11.605829945264723,4.2605305094148616,6.509476870679702
1500,22,TE,-3.301914366367121,-14.0275518543774,-11.65855916989222,5.054730437157977,7.423723121643162
1600,22,TE,-2.996583981442329,-14.322612485545022,-11.821010254397137,5.827842291512479,8.32944452266037
1700,22,TE,-2.808324126877669,-14.794399611394788,-12.147011503205444,6.530363249450105,9.177751357639455
1800,22,TE,-2.5689662872855257,-15.276316018022143,-12.469618645958121,7.331686071387071,10.138383443451097
1900,22,TE,-1.8146004375076459,-15.304935811069562,-12.325298857373816,8.696097982358523,11.675734936054278
2000,22,TE,-0.6940564187979196,-15.028555542092372,-11.862466477754301,10.474353640158464,13.640442704496543
2100,22,TE,-0.22431134694815355,-15.462653124572666,-12.096930552349667,11.648307858453359,15.014030430676367
2200,22,TE,0.49045387757560077,-15.709092075468188,-12.131066443179032,13.111974198330232,16.689999830619396
2300,22,TE,1.1773885647188413,-16.037811335633165,-12.235456214879449,14.59023334431713,18.392588465070858
2400,22,TE,2.0382554874670396,-16.243824763344453,-12.205825677531802,16.28233665246588,20.320335738278544
2500,22,TE,2.2765633682431847,-17.120657651352158,-12.836355226798732,17.3894819632851,21.673784387838538
2600,22,TE,2.0300163856078624,-18.528012373158116,-13.987320056137872,18.047352827353595,22.58804514437385
2700,22,TE,2.356101212092902,-19.40645916794695,-14.599719578471458,19.311922002657262,24.118661592132764
2800,22,TE,2.5162608573795824,-20.49332313253788,-15.411150981363125,20.443672696122288,25.525844847297055
2900,22,TE,4.177681291596879,-20.121123185218053,-14.754198364976993,23.109560948170753,28.476485768411823
3000,22,TE,4.643722859685137,-20.98729032140653,-15.326117939827785,24.61356365919806,30.27473604077682
3100,22,TE,5.609371973124136,-21.398916601578172,-15.433542690194571,26.652286636442845,32.61766054782646
3200,22,TE,6.278451594146693,-22.15576066057121,-15.875440176513747,28.43234336480713,34.71266384886461
3300,22,TE,6.688897452973166,-23.225075091783687,-16.617917036923313,29.995711942869644,36.60286999773004
3400,22,TE,8.6722043801707,-22.78215658449404,-15.83476990433221,33.17917866467361,40.126565344835456
3500,22,TE,12.512417357961485,-20.5512216268914,-13.248390539682418,38.27322525560539,45.57605634281438
3600,22,TE,12.828732782073223,-21.922612583302275,-14.247014462573246,39.90448002671969,47.580078147448745
3700,22,TE,12.951484372967554,-23.576504709598083,-15.508495790567794,41.411464536502905,49.47947345553322
3800,22,TE,14.012853179896894,-24.391650816878098,-15.909172351486703,43.93487871128049,52.417357176671906
3900,22,TE,14.304907628778203,-26.08709357863941,-17.165632688407502,45.775447945963904,54.69690883619584
4000,22,TE,15.2078620205306,-27.29374626992069,-17.90633230674262,48.322056347803816,57.70947031098191
4100,22,TE,18.06513558643169,-26.679215088164607,-16.79644219577011,52.926713368633486,62.80948626102801
4200,22,TE,20.54203328715945,-26.589195330239708,-16.17922800380062,57.26329457811953,67.67326190455863
4300,22,TE,20.427858686516256,-29.2437156199414,-18.272657135967815,59.128374509000324,70.09943299297393
4400,22,TE,19.92798047725677,-32.44253395896881,-20.8753552508658,60.73131620537934,72.29849491348239
4500,22,TE,19.67984546689194,-35.54897595161494,-23.35047734867056,62.71016828245444,74.90866688539884
4600,22,TE,24.392075509937545,-33.85179617638177,-20.987357480292605,69.7715085001677,82.6359471962569
4700,22,TE,45.888835422281076,-15.519892545932606,-1.9564258072086034,93.73409665177076,107.29756339049479
4800,22,TE,46.35530471250928,-18.35691493328123,-4.063799478927457,96.77440890394601,111.06752435829982
4900,22,TE,46.119410146375614,-22.01821184126686,-6.968521022666742,99.20734131541798,114.25703213401813
5000,22,TE,46.1253771751151,-25.537055759742692,-9.70883300236683,101.95958735259703,117.78781010997292
5100,22,TE,46.6870205458627,-28.571099068718844,-11.948689909883065,105.32273100160847,121.94514016044428
5200,22,TE,46.87514926118584,-32.01488360936875,-14.590286613800387,108.34058513617207,125.76518213174047
5300,22,TE,46.22669756469757,-36.291139929496175,-18.06526257891398,110.51865770830912,128.74453505889136
5400,22,TE,46.116628413784625,-39.97948698946318,-20.963268346899028,113.19652517446828,132.21274381703248
5500,22,TE,46.18842673239678,-43.38663382024845,-23.602013708041056,115.97886717283461,135.76348728504206
5600,22,TE,46.250515810014925,-46.6515501037889,-26.132087762330507,118.63311938236035,139.1525817238188
5700,22,TE,46.159087689946226,-49.86431521692624,-28.655437023901108,120.97361240379357,142.18249059681872
5800,22,TE,46.54195917232123,-52.34703641102627,-30.50522911752836,123.58914746217081,145.43095475566878
5900,22,TE,49.4130804324183,-52.03796849553538,-29.630275431851985,128.4564362966886,150.86412936037203
6000,22,TE,50.64023977146965,-53.02581861288226,-30.128892046375498,131.4093715893148,154.30629815582162
6100,22,TE,53.04281645208274,-52.453671097589826,-29.15245403488084,135.23808693904633,158.53930400175537
6200,22,TE,54.87977512159224,-52.0364521429912,-28.42165437216517,138.18120461534966,161.79600238617573
6300,22,TE,58.49609101530167,-49.41426719486111,-25.579893763368716,142.57207579397206,166.4064492254645
6400,22,TE,59.14557938239881,-49.327196392890514,-25.368600685668568,143.6597594504662,167.6183551576882
6500,22,TE,60.538344652589934,-48.06945031518257,-24.08103265289126,145.15772195807114,169.1461396203625
6600,22,TE,61.43011490266061,-46.90910119188832,-22.98000507450147,145.8402348798227,169.7693309972096
6700,22,TE,62.0057101733475,-45.703297056296044,-21.91339641258873,145.92481675928374,169.7147174029911
6800,22,TE,63.59048248707413,-43.17883451465494,-19.596485103039896,146.77745007718815,170.35979948880325
6900,22,TE,75.03509259960987,-30.540231207817314,-7.221601425528561,157.29178662474828,180.61041640703712
7000,22,TE,75.53986114948495,-28.645636052349786,-5.63398001078572,156.7137023097556,179.72535835131976
7100,22,TE,76.47495932564864,-26.183029546676494,-3.508757279470231,156.45867593076753,179.13294819797383
7200,22,TE,76.06961471729034,-24.979424485894796,-2.6605241021927384,154.7997535367734,177.11865392047554
7300,22,TE,76.12307664926487,-23.28896716226798,-1.3316331760593414,153.5777864745891,175.53512046079777
7400,22,TE,75.43456962317975,-22.361460938115414,-0.7610589824852525,151.63019822884476,173.23060018447498
7500,22,TE,74.47214584684797,-21.77229098437381,-0.514592592978957,149.4588842866749,170.71658267806978
7600,22,TE,74.51352175174557,-20.282336339649802,0.6554116113739639,148.3716318921172,169.30937984314102
7700,22,TE,73.52292175224679,-19.962212485268637,0.686033305655755,146.3598101988378,167.00805598976228
7800,22,TE,75.19344292736636,-17.148314344911128,3.2473915229284813,147.13949433180426,167.5352001996439
7900,22,TE,76.04534521984996,-15.345170243477753,4.84043297180645,147.25025746789348,167.43586068317774
8000,22,TE,76.82160114621743,-13.831315666194584,6.191372681786049,147.45182961064882,167.47451795862952
8100,22,TE,80.38842726925326,-9.760156489485212,10.151138823253248,150.62571571525325,170.53701102799178
8200,22,TE,82.01997383217306,-7.874315463270108,11.980813330329042,152.05913433401707,171.91426312761627
8300,22,TE,83.90868137453874,-5.994560051595101,13.862546016747899,153.9548167323296,173.81192280067262
8400,22,TE,86.29498249421846,-3.8931239222731904,16.026900837753928,156.56306415068298,176.48308891071014
8500,22,TE,93.52392963445418,2.767940341121232,22.813394511044507,164.23446475786386,184.27991892778718
8600,22,TE,97.23979634966652,5.632870073958728,25.866272371763216,168.61332032756982,188.84672262537435
8700,22,TE,97.9484193709926,5.206035108528951,25.690228249038285,170.2066104929469,190.6908036334563
8800,22,TE,96.96645249964367,2.8007868506249594,23.599342955245476,170.33356204404186,191.1321181486624
8900,22,TE,101.93482753221068,6.060018721785568,27.236076643956395,176.63357842046497,197.80963634263583
9000,22,TE,100.9065887797043,3.0459721571222644,24.660639363361483,177.1525381960471,198.76720540228638
9100,22,TE,100.74156822514978,0.6314092378924698,22.742937298445696,178.74019915185386,200.85172721240713
9200,22,TE,101.79958533981377,-0.8083145827695262,21.854894439418004,181.74427624020956,204.40748526239713
9300,22,TE,107.04097761312174,1.7042158747615446,24.970153982821415,189.11180124342206,212.37773935148198
9400,22,TE,107.48314525593318,-0.7926439122517763,23.122442974940256,191.8438475369261,215.7589344241182
9500,22,TE,112.4614148354721,1.0608242092744575,25.666092151231368,199.25673751971283,223.8620054616698
9600,22,TE,117.8664110379881,3.1829094749731155,28.51328042379842,207.21954165217778,232.54991260100314
9700,22,TE,121.0221808776033,2.9286047458636943,29.01216558348473,213.03219617172186,239.11575700934299
9800,22,TE,121.4759134829972,-0.12121005691402331,26.736186199719043,216.21564076627536,243.0730370229085
9900,22,TE,121.70801634275554,-3.451707283558477,24.192567473477837,219.22346521203326,246.86773996906965
10000,22,TE,122.37081994198911,-6.37376627728608,22.062304143840407,222.67933574013782,251.1154061612644
100,23,TE,-2.510276813600084,-6.531060089733854,-5.642981765465569,0.6224281382654016,1.5105064625336877
200,23,TE,-2.510276813600084,-6.665914381569987,-5.748050524163149,0.727496896962982,1.6453607543698214
300,23,TE,-2.6163972202282255,-6.912363332392989,-5.963504832943317,0.7307103924868663,1.679568891936539
400,23,TE,-2.7860848610309854,-7.228810204098062,-6.247536704162229,0.6753669821002584,1.6566404820360936
500,23,TE,-2.941651286912306,-7.538899741938206,-6.523496417810241,0.6401938439856285,1.6555971681135966
600,23,TE,-3.123120059633328,-7.884237787857732,-6.832640334490072,0.5864002152234153,1.6379976685910775
700,23,TE,-3.192812454479761,-8.129183395417222,-7.038877419659739,0.6532525107002178,1.7435584864577023
800,23,TE,-3.3883879205326286,-8.513817729119687,-7.381753948765546,0.6049781077002883,1.7370418880544332
900,23,TE,-3.422638904423954,-8.753818468301814,-7.576310334111977,0.731032525264069,1.9085406594539083
1000,23,TE,-3.42387728304735,-8.980832943744534,-7.7534571982081,0.9057026321133996,2.133078377649837
1100,23,TE,-3.2203119121366113,-9.026669785217518,-7.744208081639716,1.3035842573664933,2.5860459609442987
1200,23,TE,-3.1705337380928995,-9.253648883113451,-7.910059255593039,1.5689917794072397,2.9125814069276545
1300,23,TE,-2.9161440516591846,-9.307103489025073,-7.8955196861149135,2.0632315827965444,3.474815385706707
1400,23,TE,-2.5792747738905932,-9.312796887466792,-7.825550591317694,2.6670010435365077,4.15424733968561
1500,23,TE,-2.208539422332788,-9.32252122151735,-7.751242044995848,3.334163200330272,4.905442376851779
1600,23,TE,-1.9032090374079953,-9.43776189188877,-7.77359035774128,3.967172282925289,5.631343817072783
1700,23,TE,-1.6489189789690593,-9.645378377360695,-7.8791846347744166,4.581346676836299,6.347540419422581
1800,23,TE,-1.4166434058506268,-9.916721131209169,-8.039292216476627,5.2060054047753725,7.083434319507921
1900,23,TE,-0.4791073991496757,-9.5240996629823,-7.5263144005028035,6.568099602203452,8.565884864682953
2000,23,TE,0.3955284996006853,-9.23451281313151,-7.107506614511162,7.898563613712532,10.025569812332884
2100,23,TE,1.0708501474556817,-9.182574713285984,-6.917880562176687,9.05958085708805,11.324275008197352
2200,23,TE,1.9100263151575074,-9.002854113994365,-6.592504712178231,10.412557342493246,12.822906744309385
2300,23,TE,2.7604651169185797,-8.845444018264077,-6.282024000686368,11.802954234523527,14.366374252101243
2400,23,TE,3.1358752733784465,-9.194326377419578,-6.470930444858893,12.742680991615785,15.46607692417648
2500,23,TE,3.365585167594544,-9.718172492282648,-6.828337159280359,13.559507494469447,16.449342827471742
2600,23,TE,3.1744123475379813,-10.690648779337337,-7.628245410192626,13.977070105268588,17.039473474413306
2700,23,TE,3.4639420416064133,-11.20924031753559,-7.968345619595086,14.896229702807913,18.137124400748423
2800,23,TE,4.166396407243712,-11.34149069664058,-7.916233117126835,16.24902593161426,19.674283511128014
2900,23,TE,5.651236576320125,-10.71858121104288,-7.102947303224459,18.405420455864707,22.02105436368314
3000,23,TE,6.264730417608224,-10.995859515703913,-7.183479008939219,19.712939844155667,23.525320350920367
3100,23,TE,6.84584604567534,-11.337146980326455,-7.321033485087091,21.01272557643777,25.028839071677147
3200,23,TE,7.82276609019349,-11.318216135534009,-7.090509678244329,22.73604185863131,26.963748315921
3300,23,TE,9.643572170087426,-10.496092775112773,-6.047805297888633,25.334949638063485,29.783237115287633
3400,23,TE,10.016885895086258,-11.168248789960789,-6.48904635142862,26.522818141601135,31.202020580133315
3500,23,TE,13.989448920569021,-8.29486026245301,-3.3728809868716496,31.351778828009692,36.273758103591064
3600,23,TE,14.172304536695899,-9.272255302059145,-4.094009178127445,32.438618251519244,37.61686437545096
3700,23,TE,14.697722290157857,-9.975638856499257,-4.525984966608663,33.92142954692438,39.371083436814985
3800,23,TE,16.20379904378302,-9.774445127804707,-4.036579153212845,36.444177240778885,42.18204321537077
3900,23,TE,19.158288719951127,-8.208266776733748,-2.163761744405729,40.48033918430798,46.52484421663601
4000,23,TE,22.15476367644309,-6.690880753932628,-0.3196864346010635,44.629213787487245,51.000408106818824
4100,23,TE,22.435971683229994,-7.985954368879863,-1.266603622039824,46.13854698849981,52.85789773533987
4200,23,TE,21.85421184025261,-10.244773900008227,-3.155007675569223,46.86343135607444,53.95319758051346
4300,23,TE,21.92020928165457,-11.956869871830122,-4.474372651870592,48.31479121517974,55.797288435139286
4400,23,TE,26.17783038472445,-9.576096458915934,-1.6790561917163629,54.034716961165266,61.93175722836486
4500,23,TE,46.901122182104615,9.176983787752235,17.509188562025855,76.29305580218337,84.62526057645701
4600,23,TE,47.36866773215085,7.589452743244891,16.375566334033742,78.36176913026796,87.14788272105682
4700,23,TE,47.65490344999652,5.748249448196468,15.004254685413635,80.3055522145794,89.56155745179659
4800,23,TE,47.56138114160007,3.4715841291629133,13.209784464542373,81.91297781865777,91.65117815403727
4900,23,TE,47.020329611126535,0.7126333310854349,10.940705447583007,83.09995377467007,93.32802589116766
5000,23,TE,47.05680815545962,-1.4783184937956335,9.241730557011635,84.8718857539076,95.5919348047149
5100,23,TE,47.877502949889504,-2.8655350311777354,8.342179745690245,87.41282615408876,98.62054093095676
5200,23,TE,48.0689175730034,-4.83006138610088,6.8538403223933955,89.2839948236134,100.9678965321077
5300,23,TE,47.40585008804016,-7.562123196956385,4.578761364795724,90.2329388112846,102.37382337303674
5400,23,TE,47.15003579451236,-9.763466520939033,2.807130871006457,91.492940718018275,104.06353810996379
5500,23,TE,46.916474657030264,-11.783573066825824,1.181622129468579,92.65132718459195,105.61652238088638
5600,23,TE,47.24431187799387,-13.050521466031903,0.2669171723634918,94.22170658362425,107.53914522201968
5700,23,TE,47.507227358492855,-14.160189010518245,-0.5395852550215423,95.55403997200725,109.17464372750399
5800,23,TE,47.890098840867864,-14.901117964446897,-1.0322981923823562,96.81249587411808,110.68131564618267
5900,23,TE,51.56039458965238,-12.0860243434877,1.9716856075372107,101.14910357176755,115.2068135227925
6000,23,TE,54.46262004191456,-9.759387470948809,4.425453863750221,104.4997862200789,118.68462755477798
6100,23,TE,56.08287099641633,-8.43077797113034,5.81847878627989,106.34726320655278,120.59651996396305
6200,23,TE,57.634498340686704,-6.889304961983143,7.362194603432634,107.90680207794077,122.15830164335658
6300,23,TE,59.53762628121857,-4.729633509020751,9.465202785341958,109.61004977709518,123.80488607145793
6400,23,TE,60.039356253804925,-3.7329071021617253,10.352598354481636,109.72611415312821,123.81161960977161
6500,23,TE,61.55030553210121,-1.5246730671340032,12.40682173144392,110.69378933275851,124.62528413133646
6600,23,TE,62.490856486415524,0.2771594208563357,14.018421270125508,110.96329170270553,124.70455355197475
6700,23,TE,62.80688086770721,1.5781900913611153,15.101891660793662,110.51187007462076,124.03557164405333
6800,23,TE,64.50902785508565,4.349279908846086,17.636881969276388,111.38117374089491,124.66877580132524
6900,23,TE,75.96404287336206,16.919072435412318,29.96045139116289,121.96763435556123,135.00901331131183
7000,23,TE,76.87448605780602,18.954390928000294,31.74731645812185,122.0016556574902,134.79458118761178
7100,23,TE,77.09301173003803,20.275691325576553,32.825044829336406,121.36097863073965,133.91033213449953
7200,23,TE,75.5466256831399,19.781851126718834,32.098726755212034,118.99452461106776,131.31140023956098
7300,23,TE,73.18531943143779,18.398217597620224,30.499152725583038,115.87148613729255,127.97242126525538
7400,23,TE,73.24076951276238,19.334664010698006,31.2410117430571,115.24052728246767,127.14687501482679
7500,23,TE,73.46138177171841,20.32203387433436,32.059026343820584,114.86373719961622,126.60072966910249
7600,23,TE,73.49291681105844,20.991207754850464,32.58736367715911,114.39846994495775,125.99462586726644
7700,23,TE,74.73000037200181,22.72423331646064,34.21084955193744,115.24915119206618,126.73576742754301
7800,23,TE,76.58177813108342,24.918981522473565,36.32984519958885,116.833711062578,128.24457473969332
7900,23,TE,77.59883188565753,26.117393185180028,37.48819998380028,117.70946378751478,129.08027058613507
8000,23,TE,78.41606869008575,26.947223399651484,38.31524866698294,118.51688871318856,129.88491398052005
8100,23,TE,82.15364249658165,30.523020893378337,41.92677801365572,122.38050697950759,133.784264099785
8200,23,TE,83.80227136684132,31.83580448618941,43.31374041460607,124.29080231907658,135.76873824749327
8300,23,TE,85.75189699352522,33.27626751071506,44.866663186263274,126.63713080078716,138.2275264763354
8400,23,TE,88.37151946596212,35.21268161033328,46.95397886529771,129.78906006662655,141.530357321591
8500,23,TE,95.60046660619784,41.58582447396098,53.51614490567382,137.68478830672186,149.61510873843474
8600,23,TE,105.47846892588694,50.44211977379812,62.5981066480345,148.35883120373938,160.5148180779758
8700,23,TE,107.61204141382916,51.39738219111747,63.81362473225301,151.41045809540532,163.8267006365409
8800,23,TE,108.09529060360983,50.556830394472165,63.26546346773814,152.92511773948152,165.6337508127475
8900,23,TE,112.02619191328635,53.03051027008342,66.06100271262554,157.99138111394717,171.0218735564893
9000,23,TE,115.06795649568826,54.49613707719825,67.87475417560066,162.26115881577587,175.6397759141783
9100,23,TE,113.1822500614756,50.93203001511367,64.68135876711324,161.68314135583796,175.43247010783756
9200,23,TE,117.52008805920552,53.50789916034877,67.64639744437075,167.39377867404028,181.5322769580623
9300,23,TE,120.51825546048393,54.6811803611096,69.22274485577657,171.8137660651913,186.3553305598583
9400,23,TE,121.55023344653429,53.847423519923936,68.80107654190243,174.29939035116615,189.2530433731447
9500,23,TE,123.07579699582247,53.4887214710844,68.85855594825206,177.29303804339287,192.6628725205606
9600,23,TE,123.41482776739504,51.94907345077215,67.73385541422653,179.09580012056355,194.880582084018
9700,23,TE,123.8478528504643,50.533990061911965,66.72696738485246,180.96873831607616,197.16171563901668
9800,23,TE,124.23805447350327,49.130973665376146,65.7200225854416,182.75608636156494,199.3451352816304
9900,23,TE,124.57984180496818,47.76025351886592,64.72754733971087,184.4321362702255,201.39943009107049
10000,23,TE,126.01017798910613,47.586170130105586,64.90783526317227,187.11252071503998,204.43418584810672
100,24,TE,-2.150968174119229,-7.2949261698469,-6.158770032293296,1.8568336840548376,2.992989821608446
200,24,TE,-2.150968174119229,-7.47061436992553,-6.295653633465623,1.9937172852271647,3.168678021687075
300,24,TE,-2.3572008977108,-7.859823004118306,-6.644448017770145,1.9300462223485444,3.145421208696708
400,24,TE,-2.4267762215501256,-8.121104235251217,-6.863386787444819,2.009834344344568,3.2675517921509694
500,24,TE,-2.5823426474314433,-8.479041852862775,-7.17662628121102,2.011940986348134,3.3143565579998926
600,24,TE,-2.7638114201524644,-8.875914756521393,-7.525922450063012,1.9982996097580834,3.348291916216466
700,24,TE,-2.833503814998902,-9.177076116332636,-7.775958803523823,2.1089511735260182,3.5100684863348355
800,24,TE,-3.0290792810517684,-9.623796927723086,-8.167208647662925,2.1090500855593883,3.5656383656195536
900,24,TE,-3.09998388984861,-9.969834559461182,-8.45247710653491,2.252509326837691,3.769866779763966
1000,24,TE,-3.012327793218368,-10.18619357869053,-8.601687708129468,2.577032121692732,4.161537992253798
1100,24,TE,-2.8610032726557546,-10.37292401505967,-8.713751280098194,2.991744734786684,4.6509174697481654
1200,24,TE,-2.811225098612042,-10.700503313755581,-8.957982890290245,3.335532693066161,5.0780531165315015
1300,24,TE,-2.5633979673607676,-10.874498101229232,-9.038809039467857,3.9120131047463227,5.7477021665077
1400,24,TE,-2.157144203710158,-10.93931978352067,-8.999583359863577,4.685294952443261,6.625031376100359
1500,24,TE,-1.7978887188905137,-11.103994545334842,-9.048536615814484,5.452759178033457,7.508217107553818
1600,24,TE,-1.4724156789339198,-11.357350525772008,-9.174045490062076,6.229214132194236,8.412519167904172
1700,24,TE,-1.233434931634349,-11.752812621056082,-9.429376944674695,6.962507081405997,9.285942757787389
1800,24,TE,-1.0638973215522096,-12.272829443874366,-9.797090521283,7.6692958781785805,10.145034800769952
1900,24,TE,-0.1263613148512605,-12.07832495202506,-9.438471194768324,9.185748565065802,11.825602322322544
2000,24,TE,0.9538511599043348,-11.791995147250342,-8.976794960503833,10.884497280312504,13.69969746705902
2100,24,TE,1.7541468699846494,-11.833078493766472,-8.832041257037233,12.340334997006533,15.341372233735779
2200,24,TE,2.756827152304303,-11.715526352147155,-8.518989119031215,14.032643423639819,17.229180656755766
2300,24,TE,3.121809187777045,-12.275910306276485,-8.874985663807092,15.11860403936118,18.519528681830582
2400,24,TE,3.4886213576768603,-12.871660723338286,-9.258132985768928,16.23537570112265,19.848903438692012
2500,24,TE,3.77686237608737,-13.580855136804557,-9.747021870169554,17.300746622344295,21.134579888979303
2600,24,TE,3.549134423614199,-14.839456901482798,-10.777932504836073,17.87620135206447,21.937725748711205
2700,24,TE,4.380958838033253,-15.07154527710315,-10.775032366314397,19.5369500423809,23.833462953169665
2800,24,TE,4.906832938529668,-15.643545959467058,-11.10454328226729,20.918209159326626,25.457211836526405
2900,24,TE,6.154591895434029,-15.530008134748469,-10.740487801349689,23.04967159221775,27.83919192561654
3000,24,TE,6.953726252638378,-15.905550347077678,-10.85657688532434,24.7640293906011,29.81300285235445
3100,24,TE,7.5348418807054935,-16.545358405836573,-11.22671712381253,26.296400885223516,31.61504216724757
3200,24,TE,9.922122146291118,-15.432626402703994,-9.832473134735077,29.676717427317314,35.27687069528624
3300,24,TE,10.138192662027004,-16.5534270447344,-10.657996410139225,30.93438173419323,36.829812368788424
3400,24,TE,10.51039662673295,-17.59008406997203,-11.383475532677474,32.404268786143376,38.61087732343795
3500,24,TE,14.90384832891614,-14.687481739155547,-8.151586363816623,37.9592830216489,44.495178396987846
3600,24,TE,16.05990397057871,-15.11432068648622,-8.228808264530908,40.34861620568833,47.234128627643656
3700,24,TE,18.712740741067865,-14.146264862764507,-6.888631553606569,44.314113035742295,51.57174634490025
3800,24,TE,19.25206754068489,-15.403310651797668,-7.748908989627694,46.253044070997476,53.907445733167464
3900,24,TE,22.602779533271367,-13.969583018241416,-5.8917732436966155,51.09733231023935,59.17514208478416
4000,24,TE,22.603119434038554,-16.012674401341528,-7.483527932997298,52.689766801074406,61.21891326941866
4100,24,TE,23.190700386499973,-17.595816811060796,-8.587218396779026,54.968619169778975,63.97721758406077
4200,24,TE,27.366439855851944,-15.715090378762952,-6.199587913168898,60.932467624872785,70.44797009046687
4300,24,TE,48.414292331080055,2.9207640272474293,12.969009258701007,83.8595754034591,93.90782063491271
4400,24,TE,48.42624225732053,0.4154204490910871,11.019665256633672,85.83281925800739,96.43706406555
4500,24,TE,47.92501611875991,-2.6911646155030198,8.488530951319007,87.36150128620082,98.54119685302288
4600,24,TE,47.83257007018148,-5.453958943058822,6.315541709474573,89.34959843088839,101.11909908342182
4700,24,TE,47.813648823687316,-8.1791497132225075,4.188090021112323,91.43920762626232,103.80644736059716
4800,24,TE,47.765004070624734,-10.93500476072549,2.0301818453045115,93.49982629594496,106.465012901975
4900,24,TE,47.483003963833454,-13.884980203124073,-0.3305126280602053,95.29652055572711,108.85098813079101
5000,24,TE,47.50815262748235,-16.443883890002652,-2.3186715809712766,97.33497683593598,111.46018914496739
5100,24,TE,48.37495296256982,-18.02948507023045,-3.362606006593893,100.11251193173354,114.77939099537014
5200,24,TE,48.374516902411294,-20.30140984267789,-5.132822591689447,101.88185639651203,117.05044364750051
5300,24,TE,47.3997316390528,-23.32039144513206,-7.700298521088513,102.49976179919412,118.1198547232377
5400,24,TE,47.40966548887044,-25.084668682530058,-9.072702259960685,103.89203323770155,119.90399966027098
5500,24,TE,47.54562301242177,-26.414681049194982,-10.078922968602491,105.17016899344603,121.50592707403857
5600,24,TE,48.67075430407021,-26.415639996678998,-9.831160146256309,107.17266875439672,123.75714860481946
5700,24,TE,50.608735897779994,-25.243992568973056,-8.490250981412267,109.70772277697225,126.46146436453309
5800,24,TE,50.991607380155,-25.259082795960467,-8.417442621556837,110.40065738186684,127.24229755627051
5900,24,TE,53.87928438270815,-22.401431030873596,-5.553159123112657,113.31172788852896,130.15999979628992
6000,24,TE,54.78299055655363,-21.172988968331907,-4.396442116127908,113.96242322923516,130.73897008143922
6100,24,TE,56.255483116544646,-19.053955594296973,-2.420211485557246,114.93117771864654,131.5649218273863
6200,24,TE,57.97612429896402,-16.412273075846066,0.01803881829511056,115.93420977963292,132.36452167377414
6300,24,TE,59.86884733375518,-13.37587280369089,2.8018328456693737,116.93586182184097,133.1135674712013
6400,24,TE,60.17019202693059,-11.762521622279266,4.125398569004204,116.21498548485698,132.1029056761405
6500,24,TE,61.85204210632913,-8.654581005020965,6.9183557593678415,116.78572845329042,132.35866521767926
6600,24,TE,62.767980871442326,-6.2501832365492405,8.993994655086865,116.54196708779779,131.7861449794339
6700,24,TE,63.489735974438084,-4.025831948070298,10.886464563543015,116.09300738533315,131.00530389694651
6800,24,TE,64.52883658533527,-1.513239015555186,13.073604343790016,115.98406882688053,130.57091218622577
6900,24,TE,74.85729214171405,10.222318349708956,24.498372360141197,125.21621192328692,139.49226593371918
7000,24,TE,73.35296714248138,10.026521220682298,24.01355810225592,122.69237618270682,136.67941306428048
7100,24,TE,74.31499308919827,12.170571377704995,25.89653224302979,122.73345393536675,136.45941480069158
7200,24,TE,73.96317460829043,12.85226013854956,26.349948223089918,121.57640099349095,135.07408907803134
7300,24,TE,73.8606919295337,13.616554704176963,26.92279599095638,120.79858786811101,134.10482915489047
7400,24,TE,73.7383659097294,14.179094451448563,27.33406808687665,120.14266373258215,133.29763736801027
7500,24,TE,74.1411572961148,15.071885602010383,28.118632024088114,120.16368256814148,133.21042899021924
7600,24,TE,74.33784379754539,15.554433979201676,28.538041525552224,120.13764606953856,133.12125361588915
7700,24,TE,76.11945032120569,17.4098384060647,30.37714606413234,121.86175457827903,134.82906223634672
7800,24,TE,77.80150302702768,18.950251691540416,31.94884352744924,123.65416252660611,136.65275436251497
7900,24,TE,78.8500535456683,19.644542684630792,32.721380519938336,124.97872657139827,138.05556440670586
8000,24,TE,79.91739219254372,20.146535885829437,33.3482426836124,126.48654170147503,139.68824849925804
8100,24,TE,83.88828735179683,23.341773224123763,36.71480109308493,131.06177361050874,144.43480147946994
8200,24,TE,91.79113619108954,30.26569330147715,43.85493909485156,139.7273332873275,153.31657908070196
8300,24,TE,95.16571128438937,32.46994921887102,46.31768571448418,144.01373685429456,157.86147334990775
8400,24,TE,99.62626618886962,35.583648891700605,49.728867956010276,149.52366442172897,163.66888348603868
8500,24,TE,106.83749719622239,41.28756302002654,55.76570613324308,157.9092882592017,172.38743137241826
8600,24,TE,115.69779368719358,48.49857614758032,63.340999726824776,168.05458764756239,182.89701122680688
8700,24,TE,120.26019136257682,51.29122227892218,66.524534368605,173.99584835654863,189.2291604462315
8800,24,TE,124.02830498023238,53.19306096134534,68.83858087305703,179.21802908740773,194.86354899911944
8900,24,TE,125.71598141787932,52.944327524615005,69.01754610054992,182.4144167352087,198.48763531114366
9000,24,TE,125.27755300861187,50.52755437001947,67.03773384774796,183.51737216947578,200.02755164720432
9100,24,TE,124.00914387905678,47.26725656387771,64.2173884181822,183.80089933993136,200.7510311942359
9200,24,TE,123.28101644584333,44.56393288111269,61.95033022274517,184.6117026689415,201.99810001057403
9300,24,TE,123.55643909057595,42.912048687676034,60.72413408798896,186.38874409316293,204.2008294934759
9400,24,TE,124.52488609427134,42.03122931744829,60.25176582534205,188.7980063632006,207.01854287109444
9500,24,TE,125.54283681060866,41.30973466121132,59.91446589573988,191.17120772547744,209.77593896000604
9600,24,TE,127.32466093248911,41.49537344286675,60.45265727842275,194.19666458655547,213.1539484221115
9700,24,TE,127.98053030020512,40.73296510520581,60.00350673195254,195.9575538684577,215.22809549520446
9800,24,TE,128.23298407178964,39.78033459640568,59.31704556251434,197.14892258106494,216.68563354717367
9900,24,TE,128.4633807782749,39.05396070402739,58.80199547741296,198.12476607913686,217.8728008525225
10000,24,TE,128.74628048254368,38.654002394579805,58.55286136287636,198.93969960221102,218.8385585705076
100,25,TE,-2.128124998298102,-6.9574433540968545,-5.89078229374252,1.6345322971463156,2.7011933575006535
200,25,TE,-2.128124998298102,-7.125357517013741,-6.0216089246580475,1.7653589280618434,2.8691075204175402
300,25,TE,-2.334357721889678,-7.506634847336283,-6.364223807805045,1.6955083640256885,2.83791940355693
400,25,TE,-2.55103190394577,-7.907061597398386,-6.724064766127662,1.6220009582361223,2.8049977895068503
500,25,TE,-2.559499471610321,-8.11004803097056,-6.8840874345301994,1.765088491309557,2.9910490877499196
600,25,TE,-2.7409682443313415,-8.499396156595186,-7.2275208378984885,1.7455843492358056,3.0174596679325063
700,25,TE,-2.810660639177778,-8.793613477849583,-7.472146896280201,1.8508256179246447,3.1722921994940294
800,25,TE,-3.0062361052306414,-9.234301662281029,-7.858696551662699,1.8462243412014159,3.2218294518197492
900,25,TE,-3.0771407140274825,-9.575590975749485,-8.140265462676776,1.9859840346218105,3.4213095476945226
1000,25,TE,-2.989484617397242,-9.788778785553177,-8.287005286119692,2.3080360513252085,3.809809550758697
1100,25,TE,-2.8342065626093347,-9.970184258252104,-8.394046804741803,2.7256336795231335,4.301771133033439
1200,25,TE,-2.7609872369320994,-10.274857817108185,-8.615254417636242,3.093279943772044,4.75288334324399
1300,25,TE,-2.47117030565762,-10.40929143171222,-8.65598297827975,3.7136423669645104,5.466950820396983
1400,25,TE,-2.134301027889033,-10.547333195156806,-8.689130204343886,4.42052814856582,6.278731139378743
1500,25,TE,-1.7750455430693888,-10.716310625288124,-8.74143578978327,5.191344703644494,7.166219539149351
1600,25,TE,-1.4495725031127937,-10.973475076287269,-8.869911950196064,5.970766943970476,8.074330070061686
1700,25,TE,-1.2105917558132249,-11.371248304808327,-9.127044073494037,6.705860561867588,8.950064793181884
1800,25,TE,-0.7908869331941609,-11.640863997378418,-9.244408185719918,7.6626343193315964,10.059090130990104
1900,25,TE,0.10631752955265716,-11.482863559696748,-8.923138298583249,9.135773357688562,11.695498618802066
2000,25,TE,1.3221378501464198,-11.052585947079807,-8.31935632031643,10.963632020609271,13.696861647372655
2100,25,TE,2.2859376748445674,-10.916618893294192,-8.000544211357063,12.5724195610462,15.488494242983332
2200,25,TE,2.8031611908758864,-11.26562432982688,-8.158223952423414,13.764546334175188,16.87194671157866
2300,25,TE,3.1611382865504454,-11.808877531462205,-8.502420642615933,14.824697215716823,18.1311541045631
2400,25,TE,3.5808096903766655,-12.322816511470776,-8.810151257673105,15.971770638426435,19.484435892224113
2500,25,TE,3.83249557637057,-13.035448590474369,-9.309792527771362,16.974783680512502,20.70043974321552
2600,25,TE,4.147062344248023,-13.715362221547316,-9.77005331372336,18.064178002219403,22.009486910043375
2700,25,TE,4.800316295292876,-14.08762835566948,-9.915810806073033,19.516443396658786,23.688260946255244
2800,25,TE,5.0891091836172455,-14.857863735514755,-10.45213652574553,20.630354892980023,25.03608210274926
2900,25,TE,6.534888145604317,-14.508919163524396,-9.860931980965805,22.93070827217444,27.57869545473304
3000,25,TE,8.744382723876145,-13.440136961408436,-8.54019838880559,26.028963836557878,30.928902409160735
3100,25,TE,9.458958159928136,-13.91782233905222,-8.754546771440827,27.672463091297097,32.835738658908504
3200,25,TE,10.102785415330187,-14.526773424342283,-9.086794236298195,29.292365066958567,34.73234425500267
3300,25,TE,10.317746170773184,-15.634866402833524,-9.902661729789152,30.53815407133552,36.270358744379905
3400,25,TE,11.110838812179576,-16.2449889865624,-10.202853402015599,32.42453102637475,38.466666610921564
3500,25,TE,15.924251815506034,-12.924792815438598,-6.55284748710803,38.4013511181201,44.77329644645068
3600,25,TE,18.763403465037925,-11.678325816932329,-4.9546010916951175,42.48140802177097,49.20513274700819
3700,25,TE,21.81860174582722,-10.324524003113329,-3.225008487989065,46.862211979643504,53.961727494767786
3800,25,TE,22.420451033424648,-11.540080272447042,-4.039150811165694,48.88005287801499,56.38098233929636
3900,25,TE,23.07807097125735,-12.818328874316489,-4.889820314468178,51.045962256982875,58.9744708168312
4000,25,TE,27.778477654418044,-10.170037422605876,-1.7882741283457193,57.34522943718181,65.72699273144198
4100,25,TE,27.99540315988351,-12.11508679413582,-3.255803849097962,59.246610168864976,68.10589311390285
4200,25,TE,48.61402527496247,6.24269097686885,15.601331066678647,81.62671948324629,90.98535957305612
4300,25,TE,48.94915632183892,4.234478775907306,14.110697705909267,83.78761493776858,93.66383386777056
4400,25,TE,48.40111464945472,1.2829933619347713,11.690065646598327,85.11216365231111,95.5192359369747
4500,25,TE,47.594731546554264,-1.9584010439411514,8.986496984864516,86.20296610824401,97.14786413704971
4600,25,TE,47.54716305330964,-4.4379597066688135,7.044096782572005,88.05022932404728,99.53228581328813
4700,25,TE,47.796285753705725,-6.57788207758027,5.431847503647816,90.16072400376363,102.17045358499175
4800,25,TE,47.73631111995897,-8.939527224100978,3.5785768582187245,91.89404538169921,104.41214946401895
4900,25,TE,47.30856587055287,-11.534168428161628,1.4625422330542506,93.15458950805149,106.15130016926739
5000,25,TE,47.348330322676745,-13.47791356689357,-0.043101234276214484,94.7397618796297,108.1745742122471
5100,25,TE,47.895155413194985,-14.686032387912249,-0.8636021358229584,96.65391296221293,110.47634321430226
5200,25,TE,48.11596204700232,-15.950465507034941,-1.7999874243779104,98.03191151838254,112.1823896010396
5300,25,TE,47.49552038421155,-17.750495244433033,-3.3394792196187666,98.33051998804187,112.74153601285619
5400,25,TE,48.30274830471402,-17.789123387673833,-3.1912814674873573,99.7967780769154,114.39461999710193
5500,25,TE,50.11377194147612,-16.47501451405266,-1.7674180510700523,101.99496193402229,116.70255839700492
5600,25,TE,50.47466160667676,-16.257768641357984,-1.5184452909061008,102.46776850425962,117.20709185471154
5700,25,TE,50.41529599218765,-16.112834744288094,-1.4186354294814834,102.24922741385679,116.94342672866344
5800,25,TE,50.73898186457832,-15.258535527983469,-0.6815338279039622,102.1594975570606,116.73649925714015
5900,25,TE,53.53808608260499,-11.643123221440263,2.7535789027731568,104.32259326243683,118.71929538665027
6000,25,TE,54.55880419433783,-9.571223101789379,4.593302381212361,104.52430600746331,118.68883149046508
6100,25,TE,56.08007745857249,-6.817106513648483,7.075118435355613,105.08503648178936,118.9772614307935
6200,25,TE,57.71204855269895,-3.825241407558252,9.766621071651521,105.65747603374638,119.2493385129562
6300,25,TE,59.561650365780295,-0.5411318251350821,12.733888096678285,106.3894126348823,119.6644325566957
6400,25,TE,60.26872578065981,1.6261268749480635,14.578633237588676,105.95881832373094,118.91132468637159
6500,25,TE,61.25602441218137,4.055067507146383,16.68915556065921,105.82289326370352,118.45698131721639
6600,25,TE,61.06619856935715,5.250427501057587,17.578566829606793,104.5538303091075,116.88196963765674
6700,25,TE,61.641793840044066,7.122550877846649,19.164323489077766,104.11926419101036,116.16103680224151
6800,25,TE,61.128802516369866,7.7898296183873015,19.570913655072857,102.68669137766688,114.46777541435246
6900,25,TE,72.61504132283304,20.31838460527664,31.86925021353681,113.36083243212926,124.91169804038947
7000,25,TE,73.36953989654573,21.95996147836091,33.314896354846304,113.42418343824517,124.77911831473058
7100,25,TE,74.15791766611848,23.466207226370372,34.66258518805757,113.6532501441794,124.84962810586661
7200,25,TE,73.97582423847024,23.821117549622123,34.898886434800325,113.05276204214016,124.13053092731838
7300,25,TE,74.03849302180406,24.23199491374571,35.2328542836165,112.84413175999163,123.84499112986244
7400,25,TE,74.27209439330645,24.618589156902523,35.58565668977221,112.95853209684068,123.9255996297104
7500,25,TE,74.7145701464415,25.01733427496991,35.99406067936859,113.43507961351442,124.41180601791312
7600,25,TE,74.77533609821904,24.841523377461698,35.87050297668473,113.68016921975335,124.70914881897642
7700,25,TE,76.61627653037579,26.255403219381726,37.37870853259926,115.85384452815231,126.97714984136988
7800,25,TE,78.70239827241522,27.72663773653173,38.98575440261055,118.4190421422199,129.67815880829875
7900,25,TE,85.98218441173849,34.21298971797951,45.6473537497957,126.31701507368128,137.7513791054975
8000,25,TE,88.51631224991449,35.78834611345601,47.43447588286937,129.5981486169596,141.244278386373
8100,25,TE,94.38719030525498,40.55069085908645,52.44166456473641,136.33271604577354,148.22368975142354
8200,25,TE,101.22786604483032,46.1497719128922,58.31497908307719,144.14075300658345,156.30596017676848
8300,25,TE,107.03126632557137,50.59803605033371,63.06255481048682,150.9999778406559,163.46449660080904
8400,25,TE,114.34513164680585,56.465148263718085,69.24921423331068,159.44104906030103,172.22511502989366
8500,25,TE,121.5563626541586,62.162204406454535,75.28070916174329,167.83201614657392,180.95052090186272
8600,25,TE,128.15366637892743,67.20405154374528,80.66611306019522,175.64121969765964,189.1032812141096
8700,25,TE,129.2358710626414,66.71628050402917,80.52510565180478,177.946636473478,191.75546162125366
8800,25,TE,128.57461476246067,64.4978695621572,78.65062652367371,178.49860300124763,192.65135996276416
8900,25,TE,127.54204237686898,61.94998157988576,76.43742928283683,178.64665547090112,193.13410317385222
9000,25,TE,127.0400829852466,60.00227610133389,74.8090485910296,179.2711173794636,194.07788986915935
9100,25,TE,125.25583756484768,56.87029485781588,71.97474441418075,178.53693071551461,193.64138027187954
9200,25,TE,126.02107396972858,56.415653009397346,71.7895394790701,180.25260846038705,195.62649493005983
9300,25,TE,126.58775809811065,55.92112712332427,71.52940513977055,181.64611105645076,197.25438907289708
9400,25,TE,127.0299257409221,55.49196519272611,71.29269548881453,182.76715599302966,198.56788628911812
9500,25,TE,128.33664740259633,56.14811140981713,72.0925355861664,184.58075921902625,200.52518339537556
9600,25,TE,128.84835316783824,56.2527050936563,72.28704891754975,185.40965741812673,201.4440012420202
9700,25,TE,128.8901876413306,56.13512361636691,72.20467795540358,185.57569732725764,201.64525166629437
9800,25,TE,128.83764816771966,56.16237065624972,72.21430239084927,185.46099394459006,201.51292567918966
9900,25,TE,129.17885635110395,56.807531788555295,72.79232883645419,185.5653838657537,201.55018091365264
10000,25,TE,129.40534974451504,57.54514672664648,73.41705135191935,185.39364813711072,201.26555276238363
100,26,TE,-2.8515117715534934,-6.678073356191107,-5.832893159594681,0.12986961648769402,0.9750498130841225
200,26,TE,-2.8515117715534934,-6.8134791183127135,-5.938391584249231,0.23536804114224497,1.1104555752057292
300,26,TE,-3.0577444951450676,-7.161014782978056,-6.254717389913262,0.13922839962312628,1.0455257926879238
400,26,TE,-3.2744186772011648,-7.526330282007896,-6.587202188398106,0.038364833995776504,0.9774929276055695
500,26,TE,-3.343803851753485,-7.7535423364655545,-6.779554708927938,0.09194700542096745,1.0659346329585873
600,26,TE,-3.5316615259916615,-8.11080010459511,-7.099396744554097,0.03607369257077453,1.0474770526117894
700,26,TE,-3.534047412433167,-8.297148338363822,-7.245112852211326,0.17701802734499283,1.2290535134974894
800,26,TE,-3.7296228784860364,-8.694864424113364,-7.598181741014859,0.13893598404278595,1.2356186671412943
900,26,TE,-3.8005274872828783,-8.990337297243924,-7.844053779139683,0.24299880457392709,1.3892823226781696
1000,26,TE,-3.712871390652634,-9.15426009453286,-7.952409850447845,0.5266670691425763,1.7285173132275964
1100,26,TE,-3.557593335864724,-9.282255440124333,-8.017838041969625,0.9026513702401773,2.167068768394888
1200,26,TE,-3.4843740101874876,-9.528575179538281,-8.193580558495475,1.2248325381204999,2.55982715916331
1300,26,TE,-3.19455707891301,-9.598738608902327,-8.184234416343205,1.7951202585171862,3.2096244510763094
1400,26,TE,-2.799783182000562,-9.607353424133503,-8.103751971934535,2.5041856079334117,4.007787060132384
1500,26,TE,-2.420385042149117,-9.676160638240836,-8.073563186422975,3.232793102124741,4.835390553942606
1600,26,TE,-2.1102213133318934,-9.859105616940353,-8.147594273331078,3.927151646667291,5.63866299027657
1700,26,TE,-1.6880704091092547,-9.97385888993702,-8.143760462853788,4.767619644635278,6.597718071718514
1800,26,TE,-1.3086971304443225,-10.172991198431626,-8.215117102494517,5.597722841605871,7.555596937542987
1900,26,TE,-0.27588482185933016,-9.757222355577287,-7.6630606536158865,7.111291009897226,9.205452711858632
2000,26,TE,0.6000461007677452,-9.533258699172755,-7.295095702562758,8.495187904098248,10.73335090070825
2100,26,TE,1.5638459254658867,-9.252728266938497,-6.863650213383026,9.9913420643148,12.380420117870276
2200,26,TE,2.0810694414972075,-9.446883697933226,-6.900681974732443,11.062820857726859,13.609022580927647
2300,26,TE,2.494420699750527,-9.770512722266727,-7.0615327119935305,12.050374111494586,14.759354121767789
2400,26,TE,2.877536971160141,-10.148300139902151,-7.271257832636306,13.026331774956589,15.903374082222442
2500,26,TE,3.6715175775046656,-10.13849411908002,-7.088249626066389,14.431284781075721,17.481529274089358
2600,26,TE,3.809504080241233,-10.808566784902112,-7.579844671226162,15.198852831708628,18.427574945384585
2700,26,TE,4.225676819114039,-11.226388341428382,-7.813460264525412,16.264813902753488,19.677741979656467
2800,26,TE,4.712489712521125,-11.60318576738685,-7.999510377691524,17.424489802733774,21.02816519242911
2900,26,TE,7.5562494064092025,-9.657904457872055,-5.855780377166267,20.96827918998467,24.770403270690473
3000,26,TE,8.155750782482336,-9.998375405506874,-5.988637785655099,22.300139350619773,26.309876970471553
3100,26,TE,8.869216458241441,-10.27407805656034,-6.045860879426966,23.784293795909846,28.012510973043234
3200,26,TE,10.066282438035918,-10.123612553330164,-5.664230666842114,25.796795542913948,30.25617742940201
3300,26,TE,10.148893145786936,-11.153277145021484,-6.448224821651898,26.74601111322577,31.451063436595366
3400,26,TE,11.361947088336603,-11.126234974148204,-6.159225893993256,28.88312007066646,33.85012915082142
3500,26,TE,17.896967693158707,-5.858709299986714,-0.6117461171769243,36.405681503494336,41.65264468630414
3600,26,TE,21.138480852990757,-3.973339272219196,1.5731579161512919,40.70380378983022,46.25030097820072
3700,26,TE,21.19754407805526,-5.3633542578588695,0.5032036899995767,41.89188446611094,47.758442413969405
3800,26,TE,22.102436366623714,-6.000113103025413,0.20695236822537666,43.997920365022054,50.204985836272854
3900,26,TE,27.157080085878917,-2.575666679219875,3.9914636806219086,50.32269649113593,56.88982685097773
4000,26,TE,48.29527945672206,16.851846481250803,23.796819474908272,72.79373943853584,79.73871243219332
4100,26,TE,49.02403309768755,15.801726806238555,23.13960305407443,74.90846314130067,82.24633938913655
4200,26,TE,48.39410979158553,13.342231257078097,21.08420873100777,75.7040108521633,83.44598832609299
4300,26,TE,47.91225573862213,11.00288747930923,19.155132368531426,76.66937910871283,84.82162399793505
4400,26,TE,47.4090916215718,8.642363663883529,17.20484724920444,77.61333599393916,86.1758195792601
4500,26,TE,46.85678005145735,6.26564432926056,15.231088452122489,78.4824716507922,87.44791577365416
4600,26,TE,46.79996327628867,4.454119755717649,13.807129647272063,79.79279690530528,89.14580679685972
4700,26,TE,47.080575728867395,3.0892083468828773,12.805668335850335,81.35548312188445,91.07194311085195
4800,26,TE,46.84336620032317,1.356219555368142,11.403055257251772,82.28367714339456,92.33051284527821
4900,26,TE,46.2874963896202,-0.507805173713912,9.827965282423492,82.74702749681691,93.08279795295434
5000,26,TE,46.40115830181713,-1.4807113375999705,9.095051550345168,83.70726505328909,94.28302794123425
5100,26,TE,47.30315109948377,-1.4143874023798233,9.345951313715467,85.26035088525208,96.02068960134739
5200,26,TE,48.32125180397599,-0.9588931834414964,9.925709535610345,86.71679407234163,97.60139679139351
5300,26,TE,49.37516182348732,-0.1836580355203168,10.762496151487156,87.98782749548748,98.93398168249499
5400,26,TE,49.39784851238103,-0.15421085107838906,10.790450131957279,88.00524689280479,98.94990787584048
5500,26,TE,49.21152494094426,-0.05561570519384418,10.82611471937743,87.59693516251109,98.47866558708239
5600,26,TE,49.42465621163409,0.6981260142799144,11.460450743874361,87.38886167939381,98.15118640898828
5700,26,TE,49.48230253503236,1.5144501240164203,12.109204196134726,86.85540087393,97.45015494604831
5800,26,TE,49.85476911166667,2.81967140925979,13.20840611109972,86.50113211223362,96.88986681407357
5900,26,TE,52.64588674348385,6.672055268590412,16.826386007767894,88.4653874791998,98.6197182183773
6000,26,TE,53.577934766923775,8.748405975855277,18.64999232665972,88.50587720718784,98.4074635579923
6100,26,TE,55.05608680944862,11.41113000850303,21.051077609910607,89.06109600898664,98.70104361039424
6200,26,TE,57.09378862527908,14.634544638220476,24.01260151423866,90.17497573631951,99.55303261233772
6300,26,TE,58.28034406187924,16.9738356638436,26.09728555910248,90.46340256465601,99.5868524599149
6400,26,TE,57.68196890906193,17.466624271458905,26.34906667705297,89.01487114107088,97.89731354666498
6500,26,TE,57.1171756060121,17.90739633797098,26.56773753914463,87.66661367287956,96.32695487405323
6600,26,TE,58.07510896787342,19.765763806034926,28.22722435206435,87.92299358368248,96.38445412971194
6700,26,TE,58.64086337300269,21.112085430640107,29.40114055696796,87.88058618903742,96.16964131536528
6800,26,TE,60.21135677998509,23.33169851530127,31.477381299472736,88.94533226049744,97.09101504466892
6900,26,TE,71.87885217041035,35.507376881956944,43.540816290905674,100.21688804991504,108.25032745886378
7000,26,TE,72.79850220621356,36.787834857315865,44.74158190576228,100.85542250666484,108.80916955511127
7100,26,TE,73.94280736709298,38.141038639220305,46.04864583765216,101.8369688965338,109.74457609496568
7200,26,TE,73.6470200006239,37.90072124513822,45.79607668147759,101.49796331977021,109.3933187561096
7300,26,TE,73.74192606878444,37.90144803802312,45.81760503645216,101.66624710111671,109.58240409954578
7400,26,TE,74.05972195321564,37.97835421964704,45.94771700135527,102.17172690507601,110.14108968678426
7500,26,TE,74.71871886120849,38.252644403269,46.30697811716897,103.130459605248,111.18479331914799
7600,26,TE,81.21465286452076,44.228220568128386,52.39748674305805,110.03181898598346,118.20108516091315
7700,26,TE,84.50707234075442,46.87609737079906,55.18772495596808,113.82641972554076,122.1380473107098
7800,26,TE,88.47679242938851,50.09036358713534,58.56884975753439,118.38473510124263,126.86322127164169
7900,26,TE,94.70036401870934,55.46179861583211,64.12849786732376,125.27223017009491,133.93892942158658
8000,26,TE,99.65258571694012,59.481694333048964,68.35431826091033,130.95085317296991,139.8234771008313
8100,26,TE,108.37677418903478,67.21166197127447,76.30388141360588,140.4496669644637,149.5418864067951
8200,26,TE,113.138497575464,70.93728000971684,80.25834608167568,146.01864906925232,155.33971514121117
8300,26,TE,115.46170486453552,72.2037922568625,81.75825264471655,149.1651570843545,158.71961747220857
8400,26,TE,118.23550514136863,73.92161731603517,83.70931303078066,152.7616972519566,162.54939296670213
8500,26,TE,125.2493128462282,79.90236575393088,89.91823530438663,160.58039038806976,170.59625993852552
8600,26,TE,129.18674601450743,82.85214823414404,93.08616213802128,165.2873298909936,175.52134379487086
8700,26,TE,130.2054197158665,82.95012993939227,93.38749889847148,167.02334053326152,177.46070949234075
8800,26,TE,129.03655058273483,80.94998622082264,91.57096043543118,166.5021407300385,177.12311494464706
8900,26,TE,129.15184242162732,80.3466591749163,91.12635615849072,167.17732868476392,177.95702566833836
9000,26,TE,128.76036476638063,79.37279898229494,90.28112794435593,167.23960158840532,178.14793055046636
9100,26,TE,127.26489029131861,77.45456657725998,88.45627091626557,166.07350966637165,177.07521400537726
9200,26,TE,126.76873487766485,76.71580918437363,87.77109750052611,165.7663722548036,176.8216605709561
9300,26,TE,126.72138411182324,76.61252803393822,87.68016980433445,165.76259841931204,176.8302401897083
9400,26,TE,127.2510431677401,77.26794857497926,88.30781315837079,166.19427317710938,177.23413776050097
9500,26,TE,128.27012088926995,78.58236760919546,89.55699957494889,166.983242203591,177.95787416934445
9600,26,TE,128.72542034365406,79.48864567113029,90.3636691032799,167.08717158402823,177.96219501617787
9700,26,TE,128.7705955234541,80.125361018109,90.86972980803414,166.67146123887403,177.4158300287992
9800,26,TE,128.63072136452504,80.70177001487423,91.28793193292285,165.97351079612724,176.55967271417586
9900,26,TE,128.9010449768981,81.79692172235275,92.20090223389317,165.60118771990304,176.00516823144346
10000,26,TE,129.00183597972926,82.81483687212861,93.01625036634204,164.9874215931165,175.18883508732995
100,27,TE,2.230391541826175,-3.5930522653044505,-2.306816757809014,6.767599841461364,8.053835348956804
200,27,TE,2.230391541826175,-3.8027102075625026,-2.470167137275693,6.930950220928043,8.263493291214857
300,27,TE,2.0241588182345978,-4.227982395339954,-2.8470596470293477,6.895377283498544,8.276300031809152
400,27,TE,1.8613910825200395,-4.6216771682685,-3.1897491102575333,6.912531275297612,8.344459333308583
500,27,TE,1.7920059079677153,-4.937062776265641,-3.4508001178299987,7.034811933765429,8.521074592201076
600,27,TE,1.604148233729537,-5.39018766864463,-3.845334917087549,7.053631384546623,8.598484136103709
700,27,TE,1.5528046018058277,-5.731273714529673,-4.122424985127287,7.228034188738942,8.836882918141333
800,27,TE,1.369533256329651,-6.235095465269124,-4.555446136282207,7.2945126489415095,8.97416197792843
900,27,TE,1.3914631545994154,-6.571837832663208,-4.812967853674348,7.595894162873179,9.354764141862043
1000,27,TE,1.4341183310456824,-6.933686424812293,-5.085472901468116,7.953709563559481,9.801923086903662
1100,27,TE,1.6128375374671138,-7.213034987079094,-5.263647133143014,8.489322208077242,10.438710062013326
1200,27,TE,1.7459608226349208,-7.598916583154352,-5.534895098513212,9.026816743783053,11.090838228424197
1300,27,TE,1.96639326802738,-7.964531408365275,-5.771068508388788,9.703855044443547,11.89731794442004
1400,27,TE,2.3611671649398334,-8.226341349546654,-5.8878574835964175,10.610191813476085,12.948675679426326
1500,27,TE,2.7405653047912772,-8.575013557047512,-6.075719358975176,11.55684996855773,14.056144166630071
1600,27,TE,3.0507290336085053,-9.063171387461626,-6.387550333684912,12.489008400901922,15.164629454678643
1700,27,TE,3.4728799378311423,-9.50637768688446,-6.639623482542633,13.585383358204918,16.45213756254675
1800,27,TE,3.852253216496076,-10.054501018186548,-6.982888810173344,14.687395243165495,17.759007451178707
1900,27,TE,4.888142111765149,-10.002206228046301,-6.713345652077563,16.48962987560786,19.77849045157661
2000,27,TE,6.258127787240602,-9.665521257655245,-6.148433519062866,18.66468909354407,22.181776832136457
2100,27,TE,6.995033517141579,-10.005878228740173,-6.250853354871952,20.240920389155107,23.99594526302334
2200,27,TE,7.559033209191612,-10.558468767581612,-6.556820409421062,21.674886827804286,25.676535185964845
2300,27,TE,7.935829335028317,-11.334330487676706,-7.078092320026571,22.949750990083206,27.20598915773335
2400,27,TE,8.86124032678856,-11.596152893655775,-7.077688146264816,24.800168799841934,29.318633547232906
2500,27,TE,9.491565834955862,-12.188267300759206,-7.399799840733559,26.382931510645285,31.171398970670943
2600,27,TE,9.425780135171891,-13.514785717268602,-8.447857738103437,27.29941800844722,32.3663459876124
2700,27,TE,10.03997287912739,-14.205487007001977,-8.850344511609414,28.930290269864194,34.28543276525677
2800,27,TE,11.924766504435464,-13.678289549600922,-8.023292113758245,31.872825122629173,37.52782255847187
2900,27,TE,13.158532996124862,-13.865661762588122,-7.89677462100245,34.213840613252174,40.18272775483786
3000,27,TE,13.766995662043614,-14.754456215867679,-8.454866944349009,35.98885826843624,42.28844753995492
3100,27,TE,14.901350014503151,-15.206769784887967,-8.556730043372077,38.35943007237838,45.009469813894285
3200,27,TE,16.518513245143918,-15.278878257105195,-8.25572574624092,41.292752236528756,48.31590474739305
3300,27,TE,19.257419986299972,-14.344534842159327,-6.922804873940091,45.43764484654004,52.85937481475929
3400,27,TE,22.613084796558073,-12.920885044608792,-5.072427113922419,50.29859670703857,58.14705463772496
3500,27,TE,26.55433185595559,-11.049404275959716,-2.743792986616736,55.85245669852792,64.15806798787091
3600,27,TE,27.102752961033872,-12.712441717796601,-3.918381222004065,58.12388714407181,66.91794763986437
3700,27,TE,27.09929369811801,-15.065469575752005,-5.75245523506522,59.95104263130124,69.26405697198805
3800,27,TE,32.40120976810893,-12.241390755017179,-2.3810916190541818,67.18351115527204,77.04381029123505
3900,27,TE,53.89364617504657,6.661658045676802,17.09388032404928,90.69341202604386,101.12563430441637
4000,27,TE,54.34329172333339,4.435058090584548,15.458387986241185,93.22819546042558,104.25152535608225
4100,27,TE,54.51205376567425,1.874208861319488,13.50043337663405,95.52367415471446,107.14989867002905
4200,27,TE,53.62513695835699,-1.753385812136571,10.478177623374677,96.7720962933393,109.00365972885058
4300,27,TE,53.44515396194264,-4.634481472907545,8.193682038728241,98.69662588515703,111.52478939679284
4400,27,TE,52.89419032112938,-7.789507866097836,5.613820116388062,100.1745605258707,113.57788850835662
4500,27,TE,52.37642831544794,-10.751610619844229,3.1916037197023073,101.56125291119358,115.50446725074013
4600,27,TE,52.119484541586246,-13.228212047717435,1.2052624512175711,103.03370663195491,117.46718113088995
4700,27,TE,52.09211804768507,-15.188377143655607,-0.32800160933438605,104.51223770470452,119.37261323902578
4800,27,TE,52.12065666248627,-16.750869181700423,-1.5390795723093262,105.78039289728187,120.992182506673
4900,27,TE,51.97777517106534,-18.095586928339976,-2.618345377304877,106.57389571943555,122.05113727047069
5000,27,TE,52.899021743116116,-17.95102099069519,-2.3022324576605797,108.10027594389281,123.74906447692746
5100,27,TE,55.47536622308493,-15.708764296211996,0.013814864249290792,110.93691758192057,126.65949674238189
5200,27,TE,55.709035371640475,-15.3653612608829,0.3329807598002361,111.08508998348071,126.78343200416387
5300,27,TE,54.76548850728084,-15.768837274316418,-0.1897817665680961,109.72075878112977,125.29981428887814
5400,27,TE,54.642229611369,-14.960172978367488,0.4130468178449789,108.87141240489302,124.2446322011055
5500,27,TE,54.563165379333334,-13.778349768405299,1.316375334191875,107.8099554244748,122.904680527072
5600,27,TE,54.825077354266774,-11.998660334775572,2.760830270072873,106.88932443846068,121.64881504330916
5700,27,TE,54.79405358937209,-10.329185252208596,4.054712821742228,105.53339435700195,119.91729243095281
5800,27,TE,55.12339894429657,-8.189320191749118,5.794684827609544,104.45211306098359,118.43611808034228
5900,27,TE,58.053291852396185,-3.406333780126225,10.168374825996302,105.93820887879608,119.51291748491863
6000,27,TE,58.53933268952082,-1.0852317164596101,12.084163300972264,104.99450207806937,118.16389709550128
6100,27,TE,58.901459969638104,1.0425175564938627,13.821936165598423,103.98098377367779,116.76040238278239
6200,27,TE,60.79300195315972,4.587843526886594,17.00198760839352,104.58401629792591,116.99816037943287
6300,27,TE,60.486660945651856,5.788311956447821,17.869644068752898,103.10367782255082,115.18500993485591
6400,27,TE,61.05293466281934,7.687754930540592,19.474627322351942,102.63124200328673,114.41811439509812
6500,27,TE,62.74696493271491,10.521218984007021,22.056422391037557,103.43750747439226,114.97271088142283
6600,27,TE,63.53125011743211,12.235677997598245,23.56543207834254,103.49706815652168,114.82682223726599
6700,27,TE,64.2765704413786,13.690354200035607,24.863431450267967,103.68970943248922,114.8627866827216
6800,27,TE,66.21073082988804,16.106261201381606,27.172934128061065,105.24852753171501,116.31520045839449
6900,27,TE,77.86621152814553,28.011669007716385,39.02314004160845,116.7092830146826,127.72075404857469
7000,27,TE,78.81809884877548,28.986710163308345,39.99306716405282,117.64313053349814,128.64948753424264
7100,27,TE,79.99171119642635,29.963371624800907,41.013229555819535,118.97019283703317,130.02005076805182
7200,27,TE,80.09999286617472,29.6595489832073,40.80042920543289,119.39955652691654,130.54043674914215
7300,27,TE,86.56978714982591,35.5137439630762,46.79059281643114,126.34898148322068,137.62583033657566
7400,27,TE,88.32766623714627,36.4706135930089,47.924382983429915,128.73094949086263,140.1847188812837
7500,27,TE,90.88664604122643,38.06444545100215,49.73138896988702,132.04190311256582,143.70884663145074
7600,27,TE,96.29895219686087,42.37008823380075,54.28146267228051,138.3164417214412,150.22781615992102
7700,27,TE,102.0152902058458,46.86414351371921,59.04548594680703,144.98509446488458,157.1664368979724
7800,27,TE,108.83271864362099,52.3723538431795,64.842865859377,152.822571427865,165.29308344406252
7900,27,TE,112.9768467773434,55.15152706247017,67.92351935996149,158.0301741947253,170.80216649221666
8000,27,TE,114.4488754839049,55.23584419497002,68.3143430820046,160.5834078858052,173.6619067728398
8100,27,TE,118.62493607067027,58.03421544868686,71.41700729314553,165.83286484819502,179.21565669265374
8200,27,TE,120.51711184981048,58.592780894763635,72.27012988107171,168.76409381854924,182.44144280485733
8300,27,TE,122.69765634372216,59.517523021314645,73.47224355078387,171.92306913666044,185.8777896661297
8400,27,TE,124.94754798545972,60.62191262166395,74.82964244397428,175.06545352694516,189.27318334925553
8500,27,TE,133.43482978508854,68.10771930816644,82.53664691189931,184.33301265827777,198.76194026201068
8600,27,TE,136.96388913970154,70.81384813460241,85.42453802549726,188.5032402539058,203.1139301448007
8700,27,TE,138.09671221102752,71.33682773165681,86.08221495227639,190.11120946977866,204.85659669039828
8800,27,TE,137.21661402323264,70.09353547314166,84.9191420837552,189.51408596271006,204.33969257332365
8900,27,TE,136.0654816954665,68.84878888255153,83.69507225984131,188.4358911310917,203.2821745083815
9000,27,TE,135.05996914599623,68.01957747217025,82.82692086950686,187.2930174224856,202.10036081982224
9100,27,TE,133.19454405785095,66.58526973547283,81.29739139397327,185.09169672172862,199.8038183802291
9200,27,TE,132.5634089742206,66.61875461939411,81.18408035617404,183.94273759226718,198.50806332904716
9300,27,TE,132.53786564788135,67.4681007402629,81.84018792106086,183.23554337470182,197.60763055549984
9400,27,TE,133.00196670323317,68.9928787209301,83.13069209940319,182.87324130706315,197.01105468553627
9500,27,TE,133.94278552608378,71.155050845786,85.02310151403728,182.86246953813028,196.7305202063816
9600,27,TE,134.035412090212,72.60452641385427,86.17288716923295,181.89793701119103,195.46629776656974
9700,27,TE,134.08469403394707,74.12139200883573,87.36560467161299,180.80378339628118,194.04799605905845
9800,27,TE,134.01180517136484,75.60289284567699,88.50378439295974,179.51982594976994,192.42071749705272
9900,27,TE,134.31085748443178,77.52037912610444,90.0638039742483,178.55791099461527,191.10133584275917
10000,27,TE,134.27050053792368,79.14116248011675,91.31768799717327,177.2233130786741,189.39983859573064
100,28,TE,5.899151639877811,-3.635452062514398,-1.5295253569286524,13.327828636684274,15.433755342270025
200,28,TE,5.899151639877811,-3.9846073405712676,-1.8015620207874612,13.599865300543083,15.782910620326895
300,28,TE,5.692918916286235,-4.556074667685099,-2.2923592614069204,13.67819709397939,15.941912500257574
400,28,TE,5.530151180571677,-5.104808460379051,-2.755843970634656,13.81614633177801,16.16511082152241
500,28,TE,5.460766006019351,-5.586807803104244,-3.146708409070091,14.068240421108793,16.508339815142953
600,28,TE,5.267480242786704,-6.2272239024552185,-3.688365950110681,14.223326435684088,16.762184388028633
700,28,TE,5.216136610862991,-6.76995510214053,-4.12256340953342,14.554836631259402,17.202228323866517
800,28,TE,5.0328652653868176,-7.500721145591671,-4.732403220325011,14.798133751098646,17.56645167636531
900,28,TE,5.054795163656583,-8.095771731978612,-5.1911801114415566,15.300770438754721,18.205362059291787
1000,28,TE,5.097450340102848,-8.753426645811633,-5.694156155827671,15.889056836033369,18.94832732601734
1100,28,TE,5.291141867473149,-9.356957467238738,-6.121602906324695,16.70388664127099,19.939241202185045
1200,28,TE,5.424265152640953,-10.130418982198911,-6.694825250254758,17.543355555536664,20.978949287480827
1300,28,TE,5.7026022171772714,-10.87687438898929,-7.2149327247751645,18.62013715912971,22.282078823343845
1400,28,TE,6.1175187691215225,-11.608661975793497,-7.693445509125841,19.928483047368886,23.84369951403655
1500,28,TE,6.554667768840114,-12.43944359688779,-8.24417679582293,21.353512333503158,25.54877913456803
1600,28,TE,7.048001654580403,-13.330695175473693,-8.829612254882145,22.92561556404295,27.42669848463451
1700,28,TE,7.42982101484891,-14.442112540256717,-9.611215482108678,24.4708575118065,29.301754569954554
1800,28,TE,7.945419090526544,-15.517844236185487,-10.33546703601762,26.22630521707071,31.408682417238587
1900,28,TE,9.134178316800599,-16.00667233177613,-10.453763114511363,28.72211974811256,34.27502896537734
2000,28,TE,10.277269897478895,-16.61634382777711,-10.67629837633227,31.23083817129006,37.17088362273492
2100,28,TE,10.808021996824909,-17.904294156121196,-11.562548316119539,33.17859230976936,39.52033814977103
2200,28,TE,11.375282407526097,-19.214889132114852,-12.458377672953112,35.208942488005306,41.96545394716706
2300,28,TE,12.291032499252452,-20.232555406326263,-13.049006465048372,37.631071463553276,44.81462040483118
2400,28,TE,13.052788392835454,-21.459950680371257,-13.837054001514735,39.94263078718564,47.565527466042184
2500,28,TE,13.46641653151856,-23.0958448582425,-15.02026614719592,41.95309921023304,50.028677921279645
2600,28,TE,13.565341827165797,-25.116529062657442,-16.572788025108053,43.70347167943965,52.247212716989054
2700,28,TE,15.57259243102052,-25.31359586126764,-16.282982895913474,47.42816775795451,56.458780723308706
2800,28,TE,15.864016055735135,-27.33002469050905,-17.78967180653423,49.5177039180045,59.05805680197934
2900,28,TE,17.080049585526424,-28.547295582298865,-18.469493956438548,52.6295931274914,62.707394753351736
3000,28,TE,18.11949659486771,-30.089654924843973,-19.441604643161252,55.680597832896666,66.32864811457942
3100,28,TE,19.673812248470533,-31.288367363279882,-20.032250342672548,59.37987483961361,70.63599186022097
3200,28,TE,23.024588050320155,-30.883419898836237,-18.976651969239576,65.02582806987988,76.93259599947658
3300,28,TE,26.165470052285745,-30.901638941024675,-18.297114139492304,70.62805424406379,83.2325790455962
3400,28,TE,26.524999806819075,-33.930092858497076,-20.577257428052548,73.6272570416907,86.98009247213525
3500,28,TE,30.770995960486413,-33.30345192305698,-19.151202374419643,80.69319429539247,94.84544384402986
3600,28,TE,35.716440846987226,-32.198437263101155,-17.197944323604197,88.63082601757864,103.63131895707565
3700,28,TE,56.915548319650576,-15.038671500755719,0.8539988009330841,112.97709783836807,128.86976814005692
3800,28,TE,57.96670325476765,-18.190887620004787,-1.36981047172047,117.30321698125577,134.12429412954012
3900,28,TE,58.227164213890205,-22.24763973471366,-4.473011228693892,120.9273396564743,138.7019681624941
4000,28,TE,57.859824662337125,-26.98005702483824,-8.241305198275093,123.96095452294935,142.69970634951252
4100,28,TE,58.073464260011804,-31.09792411524863,-11.40246387220742,127.54939239223103,147.2448526352723
4200,28,TE,57.44061898548066,-35.933763696190105,-15.309979819616679,130.191217790578,150.81500166715148
4300,28,TE,57.2493061083821,-40.094074107272206,-18.593649925331633,133.09226214209582,154.59268632403646
4400,28,TE,56.56862142267956,-44.398384296170526,-22.097602809782465,135.23484565514158,157.53562714152972
4500,28,TE,55.73819340028746,-48.39640337765293,-25.395989813002487,136.8723766135774,159.8727901782279
4600,28,TE,55.751684840001985,-50.99654783905106,-27.418855363327495,138.92222504333148,162.4999175190551
4700,28,TE,56.13609567219937,-52.586842129649035,-28.57299264273177,140.8451839871305,164.85903347404783
4800,28,TE,56.94652348730704,-53.0458342737384,-28.75160549932061,142.64465247393468,166.93888124835254
4900,28,TE,58.47799367818822,-52.04303226210434,-27.632035505311926,144.58802286168836,168.99901961848084
5000,28,TE,58.614808694302425,-51.690046550599064,-27.326795841214462,144.55641322981933,168.91966393920399
5100,28,TE,59.193696290400254,-50.171846269477854,-26.0160634035433,144.4034559843438,168.5592388502784
5200,28,TE,59.28141985415027,-48.48478334201903,-24.682249712493103,143.24508942079365,167.04762305031963
5300,28,TE,58.46766227697766,-47.14724885440083,-23.819875341872844,140.75519989582818,164.0825734083562
5400,28,TE,58.393184085309485,-44.6445705211094,-21.886418647969037,138.672786818588,161.43093869172844
5500,28,TE,58.20793830558856,-41.956054048714286,-19.832635706314896,136.24851231749201,158.37193065989146
5600,28,TE,58.42672905881225,-38.69282715178385,-17.241839418836427,134.09529753646092,155.5462852694084
5700,28,TE,58.7920035562232,-35.2282291182397,-14.461795081252994,132.0458021936994,152.81223623068615
5800,28,TE,58.46856268913653,-32.50011630091453,-12.407684938618871,129.34481031689194,149.43724167918765
5900,28,TE,60.06258139413738,-27.987852059979502,-8.539979338966262,128.66514212724104,148.1130148482543
6000,28,TE,58.98627014222046,-26.348764782544606,-7.5006474848045315,125.47318776924546,144.3213050669856
6100,28,TE,60.508987009113284,-22.36979664975209,-4.064196408613881,125.08217042684045,143.3877706679787
6200,28,TE,62.36353780650839,-18.35910851595392,-0.5297385765011811,125.25681418951797,143.08618412897073
6300,28,TE,64.13580463404419,-14.761065571632571,2.665041599615691,125.60656766847269,143.03267483972098
6400,28,TE,64.86644526987448,-12.55804862747236,4.542851887561568,125.19003865218738,142.29093916722135
6500,28,TE,66.74880367900819,-9.571337740973732,7.285642266501085,126.2119650915153,143.06894509899016
6600,28,TE,67.88901625503199,-7.70317798277587,8.993018896312428,126.78501361375154,143.4812104928399
6700,28,TE,68.67918315430347,-6.560713966292596,10.057670354393188,127.30069595421375,143.91908027489958
6800,28,TE,70.60915314477086,-4.640303091019106,11.980192570273694,129.23811371926803,145.85860938056086
6900,28,TE,82.42209390334546,6.812035556002584,23.512178116161174,141.33200969052973,158.03215225068837
7000,28,TE,89.71535881288027,13.408214301074125,30.262323655832603,149.16839396992793,166.02250332468645
7100,28,TE,92.47908375712962,15.166889372675826,32.24298607303559,152.71518144122365,169.79127814158346
7200,28,TE,94.52838121446257,15.938697421941399,33.29695572487276,155.75980670405238,173.11806500698378
7300,28,TE,99.82561850237919,19.724324213688547,37.41645490520469,162.23478209955368,179.92691279106987
7400,28,TE,103.94429652390913,22.139792847855276,40.208114752557606,167.68047829526066,185.74880019996306
7500,28,TE,109.35658674474338,25.70488352461824,44.181200032119804,174.53197345736697,193.00828996486857
7600,28,TE,112.71271993653566,27.12147241675099,46.02617989516358,179.39925997790775,198.30396745632038
7700,28,TE,114.94859767887947,27.380238354320582,46.72163441251736,183.17556094524156,202.5169570034384
7800,28,TE,117.22596107225311,27.697536186697675,47.47185578722963,186.9800663572766,206.7543859578086
7900,28,TE,118.49787035788444,27.082166398162528,47.27333304627372,189.72240766949517,209.9135743176064
8000,28,TE,119.92577835677196,26.751120624564834,47.33079085803615,192.52076585550776,213.1004360889791
8100,28,TE,123.60191826385524,28.84939192779838,49.77756910864484,197.42626741906565,218.35444459991214
8200,28,TE,126.64095231735223,30.545974244447933,51.77066138541761,201.51124324928685,222.73593039025658
8300,28,TE,129.00931030067858,31.862533580868885,53.31953356131834,204.69908704003882,226.15608702048831
8400,28,TE,131.54757617685553,33.694424862790356,55.30744319162871,207.78770916208236,229.40072749092076
8500,28,TE,138.76843380982584,40.606568437664095,62.28777304876735,215.24909457088432,236.93029918198764
8600,28,TE,142.24288761443583,44.19999693370903,65.85492337030159,218.63085185857005,240.2857782951627
8700,28,TE,142.78594963616,45.28312760190791,66.81876801246719,218.75313125985284,240.2887716704122
8800,28,TE,141.61820750822088,45.046235062005636,66.37627689002096,216.8601381264208,238.19017995443616
8900,28,TE,140.42600017646924,45.137976413254464,66.18442996591715,214.66757038702133,235.71402393968407
9000,28,TE,139.39776142396303,45.70645294036052,66.40023684323914,212.3952860046869,233.0890699075656
9100,28,TE,137.51405596206632,45.690412945386285,65.97168189676196,209.05643002737068,229.3376989787464
9200,28,TE,136.79495366957778,47.067689092453946,66.88592680743245,206.70398053172312,226.52221824670167
9300,28,TE,136.40673745298278,48.96284213878735,68.27674758578621,204.53672732017935,223.85063276717824
9400,28,TE,136.8846241323934,51.87067592168724,70.6478741642624,203.1213741005244,221.89857234309966
9500,28,TE,137.85815803490462,55.38227687237209,73.59888724531456,202.11742882449468,220.3340391974372
9600,28,TE,138.10181548882704,58.236116840933846,75.87621105907769,200.3274199185764,217.9675141367203
9700,28,TE,138.01492791981875,60.79833334487466,77.85331472694963,198.17654111268786,215.23152249476288
9800,28,TE,137.8977081439108,63.33898235146228,79.80691501880192,195.98850126901965,212.45643393635936
9900,28,TE,138.1470255404752,66.22792296142029,82.11283684882102,194.18121423212938,210.06612811953016
10000,28,TE,138.261184157432,68.93960354891217,84.2507976408354,192.27157067402862,207.58276476595188
100,29,TE,6.546765625461942,-3.4042675410136347,-1.206363239213177,14.299894490137062,16.497798791937527
200,29,TE,6.546765625461942,-3.7748249062602337,-1.4950748690960172,14.588606120019902,16.868356157184124
300,29,TE,6.340532901870365,-4.369205375188001,-2.003724380751665,14.684790184492394,17.05027117892874
400,29,TE,6.17776516615581,-4.943180631490975,-2.4868754217883478,14.842405754099968,17.298710963802602
500,29,TE,6.10837999160349,-5.45384034223998,-2.900069956293226,15.116829939500207,17.67060032544697
600,29,TE,5.915094228370844,-6.127816884903602,-3.4678753794085306,15.298063836150218,17.958005341645297
700,29,TE,5.863750596447134,-6.710851194272778,-3.9334741212708524,15.660975314165121,18.438352387167054
800,29,TE,5.676779624076109,-7.494535758137135,-4.585361378489259,15.938920626641476,18.84809500628936
900,29,TE,5.698709522345871,-8.149784993061449,-5.091040724032537,16.488459768724276,19.547204037753197
1000,29,TE,5.741364698792137,-8.880471085650168,-5.650917406830712,17.133646804414987,20.36320048323445
1100,29,TE,5.935056226162433,-9.57132933439372,-6.146403403713321,18.016515856038186,21.441441786718592
1200,29,TE,6.068179511330239,-10.446779728637335,-6.799088142212851,18.93544716487333,22.58313875129782
1300,29,TE,6.3734892259723015,-11.281411921442976,-7.381939119915849,20.128917571860452,24.028390373387587
1400,29,TE,6.788405777916555,-12.139323272422583,-7.958718464149383,21.535530019982495,25.716134828255704
1500,29,TE,7.225554777635146,-13.1044985231181,-8.6141595946846,23.065269149954894,27.555608078388403
1600,29,TE,7.924465239380663,-13.92965727928497,-9.10269417984816,24.951624658609486,29.778587758046307
1700,29,TE,8.441892445487351,-15.046738876670172,-9.858758597366208,26.74254348834091,31.93052376764489
1800,29,TE,9.110360852169952,-16.109706391380776,-10.539300448705232,28.760022153045135,34.33042809572069
1900,29,TE,10.072225983646856,-16.962681503765697,-10.991428220685076,31.13588018797879,37.10713347105943
2000,29,TE,11.009163933770175,-17.912313166815284,-11.524369536202904,33.542697403743254,39.930641034355645
2100,29,TE,11.497728035782098,-19.37313534180364,-12.55462692335354,35.55008299491774,42.36859141336785
2200,29,TE,12.607283166833893,-20.270406038754295,-13.008646045664628,38.223212379332416,45.484972372422106
2300,29,TE,13.359378160383043,-21.581426151339038,-13.863981859843276,40.58273818060936,48.30018247210515
2400,29,TE,13.904436684481857,-23.159730331648127,-14.973294736010859,42.78216810497457,50.968603700611865
2500,29,TE,14.482775818596167,-24.774811130676255,-16.103910552754524,45.06946218994686,53.74036276786861
2600,29,TE,15.974758974142595,-25.561877595031397,-16.387598837196272,48.33711678548146,57.51139554331661
2700,29,TE,16.393562449405664,-27.528306633602753,-17.82719687086125,50.61432176967258,60.3154315324141
2800,29,TE,16.66725311222217,-29.770204396239578,-19.51347166155479,52.84797788599913,63.10471062068394
2900,29,TE,18.346438244589518,-30.762446259995226,-19.915670181217745,56.60854667039678,67.45532274917429
3000,29,TE,19.795750888352,-32.16538320961038,-20.68862514341343,60.280126920117425,71.7568849863144
3100,29,TE,23.067234612989854,-31.950491423725513,-19.79861787367442,65.93308709965413,78.08496064970525
3200,29,TE,26.82037192513957,-31.480291024292065,-18.6033087300246,72.24405258030373,85.12103487457124
3300,29,TE,26.9651188713804,-34.85996765889382,-21.20453898422458,75.13477672698538,88.79020540165466
3400,29,TE,27.627691626884797,-37.96250551199054,-23.47546943887769,78.73085269264729,93.21788876576018
3500,29,TE,36.270711561974615,-33.310271872738134,-17.941782967497495,90.48320609144673,105.8516949966874
3600,29,TE,57.65613391368077,-16.112249830764576,0.1811184312375147,115.13114939612402,131.42451765812615
3700,29,TE,58.164502786264904,-19.94360538024401,-2.6917136346687727,119.02071920719858,136.27261095277385
3800,29,TE,58.6556661227573,-23.882273560338867,-5.651956199686843,122.96328844520144,141.1936058058535
3900,29,TE,58.66616541736886,-28.311572390704484,-9.100628070543593,126.43295890528131,145.64390322544224
4000,29,TE,58.57568213639751,-32.75473833644936,-12.5824084201166,129.73377269291163,149.9061026092444
4100,29,TE,58.74152221030917,-36.743671745652435,-15.653668824037297,133.13671324465565,154.22671616627082
4200,29,TE,58.13105410095489,-41.19053075964296,-19.253176620156786,135.51528482206658,157.4526389615528
4300,29,TE,57.74617062728617,-44.969782814128955,-22.282707798341356,137.7750490529137,160.46212406870134
4400,29,TE,56.93005481967035,-48.62354256864392,-25.309711543351774,139.1698211826925,162.48365220798468
4500,29,TE,56.50080606253697,-51.2348729065362,-27.43908122319027,140.4406933482642,164.2364850316102
4600,29,TE,56.47559250475771,-52.70626075180302,-28.591049704211535,141.54223471372694,165.65744576131848
4700,29,TE,57.68059753475537,-52.16080063305278,-27.89991460142597,143.26110967093672,167.52199570256357
4800,29,TE,59.344782834364885,-50.357586869334376,-26.127408328500287,144.81697399723006,169.0471525380642
4900,29,TE,59.25346885518596,-49.52939750988867,-25.502311483135585,144.00924919350751,168.03633522026064
5000,29,TE,58.91363857634421,-48.22749946593083,-24.56302520849887,142.3903023611873,166.05477661861931
5100,29,TE,59.62231545962898,-45.267069853503585,-22.09994465794054,141.3445755771985,164.5117007727616
5200,29,TE,59.758819727622694,-42.408056333772066,-19.842257120745714,139.35989657599112,161.9256957890175
5300,29,TE,58.84656577635493,-40.27036961251559,-18.37821680506658,136.07134835777643,157.9635011652255
5400,29,TE,58.728966362976976,-37.150930097576676,-15.973748456097866,133.43168118205182,154.60886282353067
5500,29,TE,58.94206674893367,-33.6422590411846,-13.192976586881628,131.07711008474897,151.52639253905198
5600,29,TE,58.50807128014626,-30.83540700119648,-11.101936921533571,128.1180794818261,147.85154956148904
5700,29,TE,57.54296093849908,-28.707869067627954,-9.657478305894784,124.74340018289294,143.79379094462615
5800,29,TE,55.65716798237092,-27.72412412669263,-9.307533854076823,120.62186981881867,139.0384600914345
5900,29,TE,58.45755434249326,-22.33670174849157,-4.4915152183739835,121.4066239033605,139.25181043347814
6000,29,TE,59.64006666352181,-18.89175179291557,-1.5462743207759502,120.82640764781956,138.17188511995923
6100,29,TE,60.97224568797135,-15.65195472936594,1.2721833879360886,120.67230798800662,137.5964461053087
6200,29,TE,63.00636240418368,-12.087211607085031,4.498854040146135,121.51387076822124,138.09993641545245
6300,29,TE,65.14229621324655,-8.80986321518013,7.524095944232464,122.76049648226063,139.09445564167328
6400,29,TE,65.87490458799681,-7.331353977467643,8.837856588708988,122.91195258728463,139.0811631534613
6500,29,TE,67.79334735203467,-5.054752380503643,11.035350938571426,124.55134376549792,140.64144708457303
6600,29,TE,68.93710912023671,-3.924068235718636,12.16892356380712,125.70529467666631,141.79828647619212
6700,29,TE,69.8698864054101,-3.3627925121126765,12.81225356927856,126.92751924154163,143.10256532293292
6800,29,TE,78.14763366404725,4.208335400622886,20.539453889181324,135.75581343891318,152.08693192747165
6900,29,TE,91.23905029367556,16.293833164865788,32.84713093516366,149.63096965218745,166.1842674224854
7000,29,TE,94.30529490001263,18.096098055635466,34.92857351610458,153.6820162839207,170.51449174438983
7100,29,TE,100.75061881159351,23.063151791571485,40.222135698341354,161.27910192484566,178.43808583161558
7200,29,TE,104.4739395816292,25.143392730802802,42.66528691712965,166.28259224612873,183.80448643245563
7300,29,TE,109.58752965053766,28.502958358046016,46.41226737872263,172.76279192235268,190.67210094302936
7400,29,TE,112.98187126013158,30.08992946664712,48.39843597090386,177.56530654935932,195.8738130536161
7500,29,TE,113.82660947514601,29.132586964353536,47.83912258724558,179.81409636304645,198.52063198593854
7600,29,TE,114.52211855064054,28.089332908299,47.17991256990639,181.86432453137468,200.95490419298216
7700,29,TE,116.57388852260961,28.52491803742808,47.97246762961012,185.1753094156091,204.6228590077912
7800,29,TE,118.67628110066724,29.18890685880841,48.954159522785815,188.39840267854868,208.1636553425261
7900,29,TE,119.65217228514102,28.960008379602854,48.99136531037003,190.31297925991203,210.34433619067923
8000,29,TE,122.04673547941701,30.44006776256792,50.67341295196785,193.42005800686616,213.65340319626614
8100,29,TE,126.3272837650923,34.15241356148522,54.51125875365334,198.14330877653128,218.50215396869945
8200,29,TE,128.27101268664077,35.92758034105073,56.32365618563324,200.2183691876483,220.61444503223086
8300,29,TE,130.1522174911045,38.07229446833948,58.4101684896025,201.8942664926065,222.23214051386955
8400,29,TE,132.37459752986544,40.982755587962515,61.16865178518317,203.58054327454772,223.76643947176842
8500,29,TE,139.46688035026264,49.15432327013899,69.10183569344514,209.83192500708014,229.77943743038634
8600,29,TE,143.08914131241497,54.20568962190869,73.83755272207237,212.34072990275757,231.97259300292131
8700,29,TE,143.6112701958248,56.462836417648575,75.71148269304494,211.51105769860465,230.75970397400107
8800,29,TE,142.38244289052903,57.22982559596187,76.03765195230633,208.72723382875174,227.53506018509626
8900,29,TE,140.8377022396879,57.89656352164228,76.21593624755856,205.45946823181725,223.77884095773356
9000,29,TE,139.8391764494179,59.28104184375542,77.07407575618444,202.60427714265134,220.39731105508042
9100,29,TE,137.99638937452417,59.9504950565814,77.18864550684515,198.8041332422032,216.04228369246698
9200,29,TE,137.20190822546593,61.757716163505165,78.4212235104084,195.98259294052346,212.64610028742675
9300,29,TE,136.90951455920742,64.11972056852318,80.1969457835163,193.62208333489855,209.69930854989173
9400,29,TE,137.382369078829,67.26623965327911,82.75292730790336,192.01181084975462,207.4984985043789
9500,29,TE,138.30781215290116,70.85470163227839,85.75320305447866,190.86242125132367,205.76092267352396
9600,29,TE,138.64829582792225,73.82121417783644,88.13969942938922,189.15689222645528,203.4753774780081
9700,29,TE,138.68223958358038,76.42136138789576,90.17304422633578,187.191434940825,200.94311777926504
9800,29,TE,138.1231374711484,78.34937615044494,91.55172458439138,184.69455035790543,197.89689879185187
9900,29,TE,138.11552359071203,80.73671136651619,93.41008267479684,182.8209645066272,195.4943358149079
10000,29,TE,138.17148362354482,83.08720609816825,95.253779006645,181.08918824044463,193.2557611489214
100,30,TE,6.212244273085668,-2.116701749481253,-0.2770710311216549,12.70155957729299,14.541190295652592
200,30,TE,6.212244273085668,-2.4320137220808515,-0.5227394270803272,12.947227973251664,14.856502268252193
300,30,TE,6.006011549494095,-2.969009500987183,-0.9866789182634763,12.998702017251667,14.981032599975379
400,30,TE,5.843243813779536,-3.483121450634381,-1.423188779132917,13.109676406691989,15.16960907819346
500,30,TE,5.773858639227215,-3.931082093843618,-1.7875327126802505,13.335249991134681,15.478799372298052
600,30,TE,5.580572875994567,-4.539036122184538,-2.303898144294143,13.465043896283277,15.700181874173676
700,30,TE,5.529229244070855,-5.0521530508609285,-2.7150222950941085,13.773480783235819,16.110611539002644
800,30,TE,5.398439153860921,-5.705012623255839,-3.252571352335795,14.049449660057636,16.501890930977687
900,30,TE,5.368141704194889,-6.3318507916487405,-3.7476503968312844,14.483933805221062,17.06813420003852
1000,30,TE,5.437810482984451,-6.947329247474764,-4.2117990330159145,15.087419998984817,17.822950213443676
1100,30,TE,5.6734918103779535,-7.498567846168827,-4.589229077182473,15.93621269793838,18.84555146692474
1200,30,TE,5.795135228807597,-8.275537376087069,-5.167720194680056,16.75799065229525,19.86580783370227
1300,30,TE,6.120587598481457,-8.964586194841214,-5.63269413709477,17.873869334057684,21.20576139180414
1400,30,TE,6.609344534468224,-9.605275284923536,-6.0239202580743685,19.242609327010815,22.823964353859992
1500,30,TE,7.16296776622426,-10.29068573706174,-6.4356628992076415,20.76159843165616,24.61662126951027
1600,30,TE,7.615970108010425,-11.177131331023265,-7.026261988513181,22.258202204534033,26.409071547044128
1700,30,TE,8.133397314117104,-12.08767597684604,-7.621407677896006,23.888202306130214,28.35447060508026
1800,30,TE,8.80186572079972,-12.92277574226515,-8.124411378692807,25.72814282029225,30.526507183864602
1900,30,TE,9.763730852276622,-13.5283792396838,-8.383804991695305,27.911266696248546,33.055840944237055
2000,30,TE,10.700668802399948,-14.213483691571573,-8.710645742373286,30.11198334717318,35.61482129637148
2100,30,TE,11.189232904411867,-15.395276564202952,-9.523503578944364,31.901969387768098,37.7737423730267
2200,30,TE,12.305136426567351,-15.995576816538218,-9.744742522205993,34.3550153753407,40.605849669672935
2300,30,TE,13.237992702967848,-16.82691778718533,-10.186421770935262,36.66240717687096,43.30290319312104
2400,30,TE,13.947762222497875,-17.9368058711113,-10.894398494751037,38.78992293974679,45.83233031610707
2500,30,TE,15.919159216511382,-17.85344439269069,-10.39402289204293,42.23234132506569,49.691762825713475
2600,30,TE,15.822695243466162,-19.924026820283892,-12.028577887014135,43.67396837394646,51.56941730721624
2700,30,TE,16.221822156973634,-21.606310905130815,-13.251136623692194,45.694780937639464,54.0499552190781
2800,30,TE,16.926497163212655,-23.11293864727021,-14.269349570911807,48.12234389733712,56.965932973695544
2900,30,TE,19.015547930001226,-23.387185044689993,-14.021609867315902,52.052705727318354,61.418280904692466
3000,30,TE,22.182028644798727,-22.75667490561476,-12.830974910608944,57.1950322002064,67.12073219521224
3100,30,TE,25.82180181657095,-21.844636787008103,-11.316456576407969,62.960060209549866,73.488240420150035
3200,30,TE,26.57880407299594,-24.019348952110416,-12.843635200929437,66.00124334692131,77.17695709810232
3300,30,TE,27.026594020207853,-26.704511024595497,-14.836815988031539,68.89000402844724,80.75769906501122
3400,30,TE,32.08619055713467,-24.963355902518863,-12.362710172398401,76.53509128666775,89.13573701678823
3500,30,TE,57.16918795742985,-3.355444821139713,10.012750071132587,104.32562584372711,117.69382073599944
3600,30,TE,57.86907648600881,-6.243918216698461,7.916845243835638,107.82130772818198,121.9820711887161
3700,30,TE,57.81799319136684,-9.936760388538104,5.028365530487093,110.60762085224658,125.57274677127181
3800,30,TE,58.03978118533197,-13.334037773772657,2.4304382461282756,113.64912412453566,129.41360014443663
3900,30,TE,58.303170285761304,-16.5762922243834,-0.03751780626508605,116.6438583777877,133.18263279590604
4000,30,TE,58.20135712410579,-19.96840427358986,-2.702895057368295,119.10560930557988,136.3711185218015
4100,30,TE,58.2100962445261,-22.926234739444283,-5.00549345372967,121.42568594278187,139.3464272284965
4200,30,TE,57.286962118461126,-26.384609392877998,-7.903904536749913,122.47782877367217,140.95853362980029
4300,30,TE,57.18416248991061,-28.497195914692988,-9.572585467606778,123.940910447428,142.86552089451425
4400,30,TE,56.73052095005966,-30.356122523367013,-11.121123994324869,124.58216589444419,143.8171644234864
4500,30,TE,57.08316139323277,-30.746598742153708,-11.347466571836662,125.5137893583022,144.91292152861928
4600,30,TE,58.73229951775562,-29.154840561611195,-9.743034770012656,127.2076338055239,146.6194395971225
4700,30,TE,59.17355667757325,-28.092870127522666,-8.81816249979125,127.16527585493776,146.43998348266922
4800,30,TE,58.850259941821214,-27.15481754243587,-8.158706624409398,125.85922650805182,144.85533742607834
4900,30,TE,58.61300037783673,-25.57546435058248,-6.9805922711735775,124.20659302684703,142.801465106256
5000,30,TE,58.46369063232125,-23.473293258800744,-5.375710187973191,122.30309145261569,140.40067452344329
5100,30,TE,59.318540425513014,-20.05941375123735,-2.527048615427965,121.164129466454,138.6964946022634
5200,30,TE,59.20870378387182,-17.4289376234968,-0.5018307682440266,118.91923833598767,135.84634519124046
5300,30,TE,58.49954353105132,-15.332746135333515,0.9747371535599143,116.02434990854273,132.3318331974362
5400,30,TE,57.86793317194459,-13.196402833055565,2.499717077004263,113.23614926688492,128.93226917694477
5500,30,TE,56.75064871884311,-11.66768872136845,3.444004272328634,110.05729316535758,125.16898615905471
5600,30,TE,54.754301161014205,-11.206850766893943,3.3621188213573703,106.14648350067104,120.7154530889224
5700,30,TE,54.99555847448853,-8.749545909661933,5.329960891365609,104.66115605761146,118.74066285863903
5800,30,TE,55.36858909130587,-6.438109551064393,7.213257754574215,103.52392042803753,117.17528773367616
5900,30,TE,57.96903765123598,-2.2022654291316357,11.087888836540387,104.85018646593157,118.14034073160363
6000,30,TE,59.328604229087624,0.47183822460933555,13.471648096323648,105.1855603618516,118.18537023356595
6100,30,TE,61.02445023506423,3.1524723764514846,15.934770150080155,106.1141303200483,118.896428093677
6200,30,TE,63.059589581477084,5.839187212982765,18.47757022432286,107.64160893863131,120.27999194997145
6300,30,TE,65.23160774544407,8.339546729945809,20.905408339725284,109.55780715116285,122.12366876094237
6400,30,TE,65.96776531237259,9.096008643641056,21.657385592344923,110.27814503240026,122.83952198110416
6500,30,TE,68.02881846231227,10.88233193022809,23.50438900514539,112.55324791947916,125.17530499439648
6600,30,TE,75.52035749868426,17.82867044632237,30.571147034351057,120.46956796301747,133.21204455104618
6700,30,TE,77.73161065491156,19.257870144593333,32.173080420745066,123.29014088907806,136.20535116522984
6800,30,TE,81.78233761035081,22.32677156771298,35.4588395836593,128.10583563704233,141.23790365298868
6900,30,TE,102.54545343500322,41.948286271752835,55.33250197648263,149.75840489352382,163.14262059825364
7000,30,TE,108.46709136651927,46.61315954668031,60.274959337289005,156.65922339574954,170.32102318635827
7100,30,TE,112.85624231425797,49.6783734217725,63.63259380214328,162.07989082637266,176.03411120674346
7200,30,TE,113.18804316463552,48.669394010949475,62.91975516932408,163.45633115994696,177.7066923183216
7300,30,TE,113.76848337241196,47.941689326702416,62.480983024789886,165.05598372003405,179.59527741812155
7400,30,TE,114.29202551613378,47.23992675293556,62.04985591816806,166.53419511409948,181.34412427933202
7500,30,TE,115.07366203061535,46.927124266061284,61.97878432987445,168.16853973135625,183.22019979516946
7600,30,TE,115.26155827315921,46.19759300372195,61.45188708812767,169.07122945819074,184.3255235425965
7700,30,TE,118.40123904368548,48.64378175094991,64.05124878491495,172.751229302456,188.1586963364211
7800,30,TE,120.69101582933561,50.51053833362455,66.011438673289,175.37059298538222,190.8714933250467
7900,30,TE,121.9552812482488,51.66687728679102,67.19161555759031,176.71894693890727,192.2436852097066
8000,30,TE,123.08342027586616,53.03605448977214,68.50755418386615,177.65928636786617,193.1307860619602
8100,30,TE,126.67260191427881,57.2148273582836,72.55610287572591,180.78910095283172,196.1303764702741
8200,30,TE,128.27771879537534,59.73214726035097,74.87194269925615,181.68349489149452,196.82329033039974
8300,30,TE,130.042795405302,62.69624393050641,77.5712094463037,182.5143813643003,197.3893468800976
8400,30,TE,132.3535359359112,66.4548260984553,81.01000397916003,183.69706789266235,198.25224577336712
8500,30,TE,139.3953444054394,75.1543554541213,89.34338925653057,189.44729955434823,203.63633335675752
8600,30,TE,142.6672203360726,80.25502678109464,94.04013094107539,191.2943097310698,205.0794138910506
8700,30,TE,143.20313484354125,82.75307093477424,96.10479565385171,190.3014740332308,203.6531987523083
8800,30,TE,142.01010734510837,83.61958812366024,96.51641714977,187.50379754044673,200.40062656655653
8900,30,TE,140.60625801289524,84.33918409655504,96.76700357434393,184.44551245144655,196.87333192923546
9000,30,TE,139.46554524836512,85.35512441303176,97.30659967560837,181.62449082112187,193.57596608369852
9100,30,TE,137.59059325073807,85.64242422298878,97.11631866858295,178.06486783289319,189.53876227848738
9200,30,TE,136.85611520947097,87.05139591291245,98.05186239318252,175.66036802575942,186.66083450602952
9300,30,TE,136.7293648847823,89.02810687336401,99.56397771517759,173.89475205438703,184.43062289620065
9400,30,TE,137.19473892046605,91.53889036095765,101.62298758709868,172.7664902538334,182.85058747997448
9500,30,TE,137.69422556371995,94.01111051765969,103.65948620584817,171.72896492159174,181.37734060978025
9600,30,TE,137.73847384552403,95.94640161018339,105.17709894688451,170.29984874416354,179.53054608086467
9700,30,TE,137.74507771150658,97.75710283945305,106.58932563694812,168.90082978606506,177.73305258356012
9800,30,TE,137.59303756198514,99.32386076512516,107.77644924523887,167.40962587873142,175.86221435884514
9900,30,TE,137.82346049064193,101.19208849002693,109.28293179786007,166.3639891834238,174.45483249125695
10000,30,TE,137.8794205234747,102.8089489484932,110.55503310390588,165.2038079430435,172.9498920984562
100,31,TE,5.583937043685935,-1.8537188583451405,-0.21094914499933726,11.378823232371207,13.021592945717014
200,31,TE,5.583937043685935,-2.1399035855077546,-0.4339236876095187,11.601797774981389,13.307777672879627
300,31,TE,5.377704320094359,-2.6468163515783116,-0.8744246602738874,11.629833300462604,13.402224991767032
400,31,TE,5.214936584379798,-3.129872469108898,-1.2867380518549965,11.716611220614592,13.559745637868499
500,31,TE,5.056644238434299,-3.634781537125993,-1.7150892015361636,11.828377678404763,13.748070013994596
600,31,TE,4.883038469457399,-4.190256430208746,-2.1862199087885834,11.952296847703382,13.956333369123548
700,31,TE,4.841111556253281,-4.660430581007015,-2.561806248452492,12.244029360959054,14.342653693513581
800,31,TE,4.746975090948864,-5.242307554883168,-3.035955015215068,12.529905197112797,14.736257736780903
900,31,TE,4.716677641282833,-5.833621894418822,-3.5033564489248965,12.936711731490561,15.266977176984494
1000,31,TE,4.786346420072397,-6.41170393310697,-3.9383684883063017,13.511061328451095,15.98439677325177
1100,31,TE,5.025878738217781,-6.918628606192298,-4.28042173500927,14.332179211444831,16.97038608262787
1200,31,TE,5.147522156647423,-7.649705377183063,-4.823156517665269,15.118200830960117,17.944749690477916
1300,31,TE,5.472974526321286,-8.28500434545865,-5.246252444978877,16.192201497621447,19.230953398101228
1400,31,TE,5.961731462308049,-8.861961279823067,-5.587823057044171,17.51128598166027,20.785424204439174
1500,31,TE,6.7209312700693244,-9.26616258274354,-5.735061664422498,19.176924204561146,22.708025122882194
1600,31,TE,7.309541457693653,-9.92799379995826,-6.120705424830808,20.739788340218112,24.547076715345575
1700,31,TE,7.97983899480531,-10.58256219459858,-6.482648070768302,22.44232606037892,26.54224018420921
1800,31,TE,8.421413306690757,-11.527959681501402,-7.121702363750051,23.964528977131565,28.370786294882926
1900,31,TE,9.192066013465217,-12.196064939480552,-7.472026315298118,25.856158342228554,30.580196966410995
2000,31,TE,10.086815966254456,-12.784349135571361,-7.732749836933365,27.906381769442277,32.95798106808029
2100,31,TE,11.12442342780829,-13.270139786169002,-7.882064544979373,30.130911400595956,35.518986641785595
2200,31,TE,12.070323460682848,-13.888422479766225,-8.154863117902929,32.29551003926863,38.029069401131935
2300,31,TE,12.605721084747806,-14.9635121925782,-8.874241319508009,34.08568348900362,40.17495436207383
2400,31,TE,13.315490604277837,-15.92153488780642,-9.463895462245034,36.09487667080071,42.55251609636211
2500,31,TE,15.43697060788144,-15.541091574536773,-8.698905944851669,39.57284716061455,46.41503279029967
2600,31,TE,15.322773672938101,-17.489217834475884,-10.24196862142481,40.88751596730101,48.134765180352105
2700,31,TE,16.152884929868097,-18.60728971814058,-10.929741456360201,43.23551131609639,50.913059577876794
2800,31,TE,17.25603528289551,-19.587516582627515,-11.449808689978408,45.96187925576943,54.09958714841856
2900,31,TE,21.062254120719118,-18.019396669987557,-9.38735545805173,51.511863699489965,60.143904911425814
3000,31,TE,24.59702428265102,-16.895297821230457,-7.730806886656389,56.92485545195843,66.08934638653253
3100,31,TE,25.240662398698497,-18.84609345327651,-9.108564825000265,59.58988962239726,69.32741825067353
3200,31,TE,26.300707656094527,-20.5607399195078,-10.210359663314552,62.81177497550361,73.16215523169689
3300,31,TE,31.14552138472886,-18.654491132642868,-7.65506424796547,69.94610701742319,80.9455339021006
3400,31,TE,52.645095386861044,-0.2280555134093305,11.450141500841795,93.8400492728803,105.51824628713145
3500,31,TE,56.98973015535087,0.9526984691346456,13.32970806630847,100.64975224439327,113.02676184156712
3600,31,TE,56.87263358408999,-2.359095531839017,10.723533181083717,103.02173398709627,116.10436270001902
3700,31,TE,56.86588841338332,-5.515855772064526,8.262522975674322,105.4692538510923,119.24763259883119
3800,31,TE,57.34385212095698,-8.054287236767735,6.390328655814798,108.29737558609916,122.74199147868173
3900,31,TE,57.64489259143344,-10.537351524974305,4.522195071124294,110.76759011174258,125.82713670784122
4000,31,TE,57.34950883320774,-13.281640849649627,2.3188003439401967,112.38021732247529,127.98065851606515
4100,31,TE,57.23915253348755,-15.407775045719383,0.6378949834839247,113.84041008349118,129.88608011269451
4200,31,TE,56.6781478728015,-17.468534233453383,-1.0916104669247417,114.44790621252776,130.82482997905643
4300,31,TE,56.53664324675717,-18.527473691031354,-1.9479142856584346,115.02120077917277,131.60076018454575
4400,31,TE,56.90569283127366,-18.453323839333713,-1.8086293489380623,115.62001501148538,132.26470950188107
4500,31,TE,58.18955906785121,-16.836272682311275,-0.26516940176186665,116.64428753746428,133.21539081801373
4600,31,TE,57.83294541178154,-16.25337836080496,0.11021394164353637,115.55567688191954,131.9192691843681
4700,31,TE,58.12825698679366,-14.47193366955895,1.5634134834087021,114.69310049017861,130.7284476431463
4800,31,TE,57.93629517438359,-12.735147391101336,2.8741933708626988,112.99839697790448,128.60773773986855
4900,31,TE,57.74781631464277,-10.672553988136052,4.4395880079215715,111.05604462136397,126.16818661742164
5000,31,TE,57.508303590062184,-8.459731192325279,6.110758625556031,108.90584855456834,123.47633837244967
5100,31,TE,58.32003216154412,-5.108081180904925,8.901411184180937,107.7386531389073,121.74814550399319
5200,31,TE,58.61438704387072,-2.2869524477216814,11.16444639847365,106.0643276892678,119.51572653546316
5300,31,TE,57.25062207541841,-1.2212114650795058,11.69357761489075,102.80766653594608,115.72245561591637
5400,31,TE,55.994939226715154,-0.21062227570055114,12.203610834028161,99.78626761940214,112.20050072913088
5500,31,TE,53.78150848581399,-0.3721675160470639,11.588861600385307,95.97415537124266,107.93518448767506
5600,31,TE,54.04398450093051,1.6920320682554504,13.255110950061919,94.832858051799107,106.39593693360561
5700,31,TE,54.085304014212596,3.260946754741404,14.486622680852207,93.68398534757299,104.90966127368381
5800,31,TE,54.63538888785302,5.048221693220377,16.000637012099524,93.27014076360652,104.22255608248568
5900,31,TE,57.43198363489316,8.78381433058027,19.528831335335795,95.33513593445052,106.08015293920607
6000,31,TE,58.7853576882466,10.775818367814772,21.37977990975064,96.19093546674256,106.79489700867845
6100,31,TE,60.51728804912738,12.856134216626053,23.383147169425776,97.65142892882898,108.17844188162874
6200,31,TE,62.555976587718476,14.968109901856721,25.478935778181963,99.63301739725499,110.14384327358026
6300,31,TE,64.87127502169793,17.095152777773734,27.647559030124384,102.09499101327147,112.64739726562215
6400,31,TE,71.95520985679637,23.753987181911626,34.40028620401538,109.51013350957737,120.15643253168115
6500,31,TE,77.591143400365155,28.760485134135656,39.545808835464044,115.63647796526627,126.42180166659469
6600,31,TE,83.88691649232389,34.257682532742734,45.219389220879364,122.55444376376842,133.51615045190508
6700,31,TE,88.44242264368911,37.8837626697413,49.05075351290053,127.8340917744777,139.00108261763694
6800,31,TE,95.34854292430734,43.77175967411269,55.163625411284414,135.53346043733026,146.925326174502
6900,31,TE,110.07557490443945,57.43694835634874,69.06334551485531,151.08780429402358,162.71420145253018
7000,31,TE,111.39747958866789,57.69948963465897,69.55987047587317,153.23508870146262,165.09546954267685
7100,31,TE,113.09769825977136,58.3877930457357,70.47167760418833,155.7237189153544,167.80760347380706
7200,31,TE,113.2468107219929,57.617899784019386,69.90476694741672,156.58885449656907,168.87572165996644
7300,31,TE,113.73666226781816,57.323600534447536,69.7836646290208,157.68965990661553,170.14972400118882
7400,31,TE,113.9641863103823,56.94341140631981,69.53770230626887,158.39067031449574,170.9849612144448
7500,31,TE,116.426570870551,59.01615373254768,71.69650568041152,161.1566360606905,173.83698800855436
7600,31,TE,116.91211934661139,59.37047796498897,72.07981367008945,161.74442502313332,174.45376072823385
7700,31,TE,118.7853759504791,61.40730276431666,74.08051083981076,163.49024106114743,176.16344913664156
7800,31,TE,120.40157709644016,63.494601684874624,76.06375746669902,164.73939672618133,177.30855250800573
7900,31,TE,121.32743126630157,65.18243203018478,77.58328863283144,165.0715738997717,177.47243050241838
8000,31,TE,122.3194218488913,67.1955082129525,79.37083562726338,165.26800807051922,177.44333548483013
8100,31,TE,126.05641064484614,72.17786346418433,84.07812433579764,168.03469695389464,179.93495782550798
8200,31,TE,127.62814776959239,75.18339264500514,86.76696904022153,168.48932649896324,180.07290289417966
8300,31,TE,129.31668311930628,78.45835463779582,89.69153385465125,168.9418323839613,180.17501160081676
8400,31,TE,131.27703861839638,82.1229757088418,92.97973043093907,169.57434680585368,180.43110152795097
8500,31,TE,138.3511721756109,90.98617015184004,101.4477714711435,175.25457288007834,185.7161741993818
8600,31,TE,141.76179113730151,96.23993282110126,106.29443535820454,177.2291469163985,187.2836494535018
8700,31,TE,142.16153613202678,98.50893059873894,108.1505675907291,176.17250467332445,185.81414166531465
8800,31,TE,140.98650253012767,99.20427334224411,108.43279662565982,173.5402084345955,182.76873171801125
8900,31,TE,139.64265630570543,99.71003930619045,108.53003510130742,170.75527751010344,179.57527330522043
9000,31,TE,138.65645910464025,100.5338908837173,108.95409763880386,168.35882057047664,176.77902732556322
9100,31,TE,136.77402662307546,100.40612686918726,108.43877654277176,165.10927670337915,173.14192637696368
9200,31,TE,135.65995169898036,100.97880777792969,108.6389003673342,162.68100303062653,170.34109562003107
9300,31,TE,135.2369659810745,102.16723389557579,109.47141077792953,161.00252118421946,168.3066980665732
9400,31,TE,135.6750001270825,104.13748335320003,111.10323682078399,160.24676343338103,167.21251690096503
9500,31,TE,136.5749799136319,106.49284565117286,113.13714591594777,160.01281391131602,166.65711417609094
9600,31,TE,136.85726500452915,108.15777695083163,114.4966894232773,159.217840585781,165.5567530582267
9700,31,TE,136.8638688705117,109.4781586443356,115.52689441950653,158.20084332151688,164.24957909668782
9800,31,TE,136.7118287209904,110.57467922920544,116.34764293495724,157.0760145070236,162.8489782127754
9900,31,TE,136.9422516496471,111.99189314314623,117.50272798566785,156.38177531362632,161.89261015614795
10000,31,TE,136.99821168247982,113.17612972794011,118.43775990540942,155.55866345955022,160.82029363701955
100,32,TE,1.4674330555719106,-5.571483717167915,-4.016784300936377,6.951650412080197,8.506349828311741
200,32,TE,1.4674330555719106,-5.84670229318204,-4.231214807808623,7.166080918952444,8.781568404325865
300,32,TE,1.261200331980337,-6.342578807789605,-4.663117127615135,7.185517791575809,8.864979471750281
400,32,TE,1.021342415384233,-6.891889289052903,-5.144078211212211,7.186763041980678,8.934574119821374
500,32,TE,0.9401402503202789,-7.309529770306352,-5.487408898691222,7.36768939933178,9.189810270946914
600,32,TE,0.7665344813433767,-7.856052958504816,-5.95156508175451,7.484634044441264,9.389121921191572
700,32,TE,0.72460756813926,-8.319232157113236,-6.3217014581007565,7.770916594379276,9.768447293391763
800,32,TE,0.6377048512297577,-8.889420528147085,-6.785145574500132,8.060555276959647,10.164830230606606
900,32,TE,0.5944473976064734,-9.492100684240851,-7.264264936079916,8.453159731292862,10.680995479453802
1000,32,TE,0.6641161763960394,-10.071438428046832,-7.70025533051569,9.028487683307768,11.399670780838917
1100,32,TE,0.9262353754021816,-10.559003728276497,-8.022236338310814,9.874707089115178,12.411474479080868
1200,32,TE,1.068021448863628,-11.273039531108875,-8.547245077117502,10.68328797484476,13.409082428836136
1300,32,TE,1.4537374220990247,-11.84889123718236,-8.910713435304528,11.818188279502577,14.756366081380415
1400,32,TE,2.0389354809850158,-12.325746470760754,-9.15299086563402,13.230861827604052,16.403617432730794
1500,32,TE,2.552227168786928,-12.96557725215102,-9.538129215279744,14.6425835528536,18.070031589724884
1600,32,TE,3.14083735641126,-13.608801322709631,-9.909275626175162,16.190950338997684,19.89047603553216
1700,32,TE,3.8091378300505805,-14.237685829941096,-10.251648330864157,17.86992399096532,21.85596149004227
1800,32,TE,4.250712141936022,-15.14674553753765,-10.862390841450612,19.363815125322656,23.648169821409702
1900,32,TE,5.032005254813767,-15.760316078635327,-11.167875099022865,21.2318856086504,25.824326588262874
2000,32,TE,6.463463141140382,-15.762213208711922,-10.853184282515853,23.780110564796615,28.689139490992694
2100,32,TE,7.330666865325693,-16.365375509848278,-11.131583942606731,25.792917673258117,31.026709240499674
2200,32,TE,8.05177245850599,-17.155290182693893,-11.58775659216229,27.69130150917427,33.25883509970589
2300,32,TE,8.751881078002139,-18.016242766578642,-12.103914512328732,29.60767666833301,35.520004922582935
2400,32,TE,10.856001540917736,-17.538012734838134,-11.266570857595285,32.97857393943076,39.250015816673624
2500,32,TE,11.239995532895255,-18.863753036329662,-12.21467877703313,34.69466984282364,41.34374410212019
2600,32,TE,11.67714959991744,-20.24148952742741,-13.191556814716476,36.545856014551354,43.59578872726231
2700,32,TE,12.914905536553162,-20.944880189555718,-13.466202602973576,39.2960136760799,46.77469126266207
2800,32,TE,15.735223960615626,-20.21165404259139,-12.271996272610545,43.7424441938418,51.68210196382267
2900,32,TE,19.90973224557364,-18.288050437776487,-9.851230916180096,49.67069540732737,58.10751492892378
3000,32,TE,20.448367351780796,-20.17576485339979,-11.203032732328925,52.09976743589051,61.072499556961404
3100,32,TE,21.395048468799327,-21.827472828659975,-12.280829389223616,55.070926326822274,64.61756976625865
3200,32,TE,26.88085517331836,-19.095046361160186,-8.94025840384355,62.70196875048027,72.85675670779693
3300,32,TE,48.63369467370686,-0.2201048505760852,10.570330106013323,86.69705924140041,97.48749419798983
3400,32,TE,48.88307790853373,-2.927509357478314,8.515997133326366,89.25015868374109,100.6936651745458
3500,32,TE,52.48495012702045,-2.2991058173808767,9.80115655898532,95.16874369505558,107.2690060714218
3600,32,TE,52.66972461230863,-5.026435468740239,7.717029085947658,97.6224201386696,110.36588469335751
3700,32,TE,52.613998190870674,-7.841680964104498,5.511284005466564,99.71671237627478,113.06967734584589
3800,32,TE,53.14594690507331,-9.816489279772291,4.090148053999336,102.20174575614729,116.10838308991895
3900,32,TE,53.253416778979584,-11.860266518385842,2.521521003687063,103.9853125542721,118.36710007634504
4000,32,TE,52.83893760061334,-13.976606406956812,0.7810744433210175,104.89680075790567,119.65448160818354
4100,32,TE,53.126131700496934,-14.864205239787815,0.15295444020963345,106.09930896078424,121.11646864078173
4200,32,TE,53.37099989548279,-15.20899527870295,-0.06159662279200262,106.80359641375759,121.95099506966858
4300,32,TE,54.90988911833342,-13.648305267212145,1.4942782055581887,108.32550003110865,123.46808350387903
4400,32,TE,54.50062035137309,-13.431515999565633,1.5727888015915141,107.42845190115466,122.43275670231183
4500,32,TE,53.709561395177005,-13.028892902787561,1.7117609914413805,105.70736179891263,120.4480156931416
4600,32,TE,53.59982251239507,-11.459994740002834,2.909895282586909,104.28974974220324,118.65963976479301
4700,32,TE,53.79426036105394,-9.218537235606625,4.699223522418649,102.88929719968922,116.80705795771453
4800,32,TE,53.49351537870666,-7.225975269853507,6.185258264088169,100.80177249332516,114.21300602726686
4900,32,TE,53.26191529725609,-5.0365341137635085,7.839959271913607,98.68387132259858,111.56036470827571
5000,32,TE,53.417923664333415,-2.4382665580969984,9.89880022866214,96.93704710000469,109.27411388676386
5100,32,TE,53.61481568142033,0.13136580647225315,11.944360757720268,95.28527060512039,107.09826555636843
5200,32,TE,52.5787857246888,1.3269643137283254,12.64705508920261,92.51051636017499,103.8306071356493
5300,32,TE,49.70614074725362,0.4899690483247028,11.360441861102792,88.05183963340446,98.92231244618256
5400,32,TE,49.531554301579014,2.115652752719569,12.588496350415653,86.47461225274238,96.94745585043849
5500,32,TE,49.410858837849155,3.5343245140782713,13.667165039784692,85.15455263591362,95.28739316162006
5600,32,TE,49.85233404395889,5.237550648355871,15.091705760555314,84.61296232736247,94.46711743956193
5700,32,TE,50.25732053876802,6.618197072480051,16.25685625376849,84.25778482376755,93.89644400505603
5800,32,TE,50.8109397046031,7.859506794398989,17.34627440762229,84.27560500158391,93.76237261480723
5900,32,TE,53.643531376355526,11.100713897417087,20.497229815249945,86.78983293746111,96.186348855294
6000,32,TE,55.00045462188726,12.603350291188598,21.967682258874042,88.03322698490047,97.39755895258594
6100,32,TE,56.94611420466142,14.446000447170505,23.833084309908962,90.05914409941388,99.44622796215236
6200,32,TE,65.33258001142244,22.505252343065486,31.96460858699993,98.70055143584494,108.15990767977942
6300,32,TE,71.22275883903083,27.876590905228703,37.45054442085259,104.99497325720907,114.56892677283298
6400,32,TE,77.11871391511836,33.09724647686288,42.820354724564446,111.41707310567227,121.14018135337386
6500,32,TE,82.80249593124992,37.98744156413293,47.88583092040054,117.71916094209931,127.61755029836694
6600,32,TE,88.91063100584994,43.22544497659854,53.31602202748473,124.50523998421514,134.59581703510136
6700,32,TE,92.76414769749213,46.17654652027553,56.46644178290326,129.061853612081,139.35174887470876
6800,32,TE,95.10821177334114,47.63070603108241,58.117156268352105,132.09926727833016,142.5857175155999
6900,32,TE,107.14631147683805,58.83499778040548,69.50561282334863,144.78701013032747,155.45762517327066
7000,32,TE,108.81223641561668,59.766386106187404,70.59923969808588,147.02523313314748,157.85808672504598
7100,32,TE,110.03315041410671,60.39168078042373,71.35608998600694,148.7102108422065,159.67462004778972
7200,32,TE,111.26992414155872,61.21131876321948,72.26786156259911,150.27198672051833,161.32852951989798
7300,32,TE,111.94715989497648,61.688902204149244,72.78954260315903,151.1047771867939,162.20541758580373
7400,32,TE,112.46715189883015,62.26371014538491,73.3522432403024,151.58206055735792,162.67059365227541
7500,32,TE,112.95146156234549,63.08555181154319,74.0995335480044,151.80338957668658,162.81737131314782
7600,32,TE,113.06167753529589,63.81412433670491,74.69152844314368,151.4318266274481,162.3092307338869
7700,32,TE,114.8784534017208,66.50474717345315,77.18914297783347,152.56776382560815,163.25215962998848
7800,32,TE,116.63229959201267,69.35447818663422,79.79682375098312,153.46777543304222,163.91012099739115
7900,32,TE,117.52457321412362,71.5297709107152,81.68873351810518,153.36041291014206,163.51937551753207
8000,32,TE,118.45018464971197,73.89039984818986,83.73240731255203,153.16796198687192,163.0099694512341
8100,32,TE,121.83678841414802,78.82967836623756,88.32874349856561,155.34483332973042,164.8438984620585
8200,32,TE,123.41422610235506,82.04474225643429,91.18210166294682,155.6463505417633,164.78370994827583
8300,32,TE,125.13547653172934,85.45814733370796,94.2217572091206,156.04919585433808,164.81280572975075
8400,32,TE,127.23457506187687,89.27624787248055,97.66017838733302,156.80897173642072,165.1929022512732
8500,32,TE,134.14845924421277,97.91132670451225,105.91509356585111,162.38182492257442,170.38559178391333
8600,32,TE,137.5857647446202,103.05052075907419,110.67838814226008,164.49314134698034,172.12100873016624
8700,32,TE,138.1381749913578,105.26716893162697,112.52745280512346,163.74889717759214,171.00918105108866
8800,32,TE,136.9556609055208,105.69594354782927,112.60033891101654,161.31098290002507,168.21537826321233
8900,32,TE,135.18585825028032,105.47229539837733,112.03518856951388,158.33652793104676,164.89942110218334
9000,32,TE,133.90342565599798,105.66353128216065,111.9009323930074,155.90591891898856,162.1433200298353
9100,32,TE,131.9936532847577,105.15124643116572,111.07998171997426,152.90732484954114,158.8360601383497
9200,32,TE,131.28664032357327,105.76761709117564,111.40405403213478,151.16922661501175,156.8056635559709
9300,32,TE,131.10192907146822,106.83633130699226,112.19592169525248,150.00793644768396,155.3675268359442
9400,32,TE,131.53996321747633,108.4617439591879,113.55907571731845,149.5208507176342,154.61818247576477
9500,32,TE,132.43994300402554,110.48673716540426,115.33558499294156,149.5443010151095,154.3931488426468
9600,32,TE,132.72222809492277,111.83513715633882,116.44851008536007,148.99594610448545,153.60931903350672
9700,32,TE,132.72766660398335,112.85105644877325,117.2412424962407,148.214090711726,152.60427675919345
9800,32,TE,132.57562645446188,113.65693750591967,117.83554560909745,147.3157072998263,151.4943154030041
9900,32,TE,132.80967211069913,114.79924098563926,118.77724039382232,146.84210382757593,150.820103235759
10000,32,TE,132.86563214353194,115.71652409725627,119.50428137998068,146.2269829070832,150.01474018980764
100,33,TE,0.3683512132081395,-5.82915725278088,-4.460301347071297,5.197003773487577,6.565859679197163
200,33,TE,0.3683512132081395,-6.075339480807351,-4.652108821345657,5.388811247761937,6.812041907223634
300,33,TE,0.0689260777413347,-6.634312925379548,-5.1537553195029195,5.291607474985589,6.77216508086222
400,33,TE,-0.07773942697953815,-7.059153094205791,-5.5171545021862505,5.361675648227174,6.903674240246719
500,33,TE,-0.15894159204349279,-7.44426459670213,-5.835140950537428,5.5172577664504425,7.126381412615148
600,33,TE,-0.3325473610203958,-7.956883146353009,-6.272881079370767,5.607786357329975,7.291788424312222
700,33,TE,-0.3744742742245115,-8.384616091221176,-6.615400285879411,5.8664517374303875,7.635667542772157
800,33,TE,-0.461376991134014,-8.917326312038494,-7.049644124943029,6.126890142675002,7.994572329770472
900,33,TE,-0.470650443999621,-9.445729986284954,-7.463386484361242,6.5220855963619995,8.50442909828572
1000,33,TE,-0.36256431589662413,-9.942449408056124,-7.826521312695464,7.101392680902215,9.217320776262882
1100,33,TE,-0.16982960277250295,-10.449259163848096,-8.178821303339506,7.8391620977945005,10.109599958303097
1200,33,TE,-0.02804352931105669,-11.104797200517051,-8.658252792852261,8.602165734230146,11.048710141894942
1300,33,TE,0.3576724439243395,-11.611815678135873,-8.968091253374135,9.683436141222815,12.32716056598456
1400,33,TE,0.9428705028103289,-12.007845510795104,-9.147395348334143,11.033136353954802,13.89358651641577
1500,33,TE,1.7973466124556463,-12.212507335395943,-9.118123290599813,12.712816515511106,15.807200560307242
1600,33,TE,2.5368300676126263,-12.59733493360216,-9.25462209124219,14.328282226467444,17.67099506882742
1700,33,TE,2.980233509927115,-13.330956266984003,-9.728271643347682,15.688738663201914,19.29142328683824
1800,33,TE,3.2156541912575958,-14.314989373146393,-10.442961588801193,16.874269971316384,20.746297755661594
1900,33,TE,3.935940276639095,-14.849363168990948,-10.700216184648156,18.572096737926348,22.721243722269147
2000,33,TE,5.362564366686447,-14.709262522135964,-10.275958570083946,21.001087303456842,25.43439125550887
2100,33,TE,6.410529373723116,-14.981038450216204,-10.256240717565827,23.077299465012057,27.802097197662444
2200,33,TE,7.296345962334604,-15.45498067280028,-10.429850332415638,25.022542257084844,30.0476725974695
2300,33,TE,9.38489125805565,-14.778481255992858,-9.441469560206897,28.211252076318196,33.548263772104164
2400,33,TE,9.905185776053877,-15.739301015805815,-10.075152691269952,29.885524243377706,35.54967256791358
2500,33,TE,10.271446806133294,-16.94281909814223,-10.931950568142792,31.47484418040938,37.48571271040883
2600,33,TE,10.571561307764819,-18.320980727595895,-11.939428041849881,33.08255065737952,39.46410334312555
2700,33,TE,14.492412975271368,-16.205499970906928,-9.425191455002555,38.41001740554529,45.190325921449684
2800,33,TE,17.69064758754144,-14.956508908542737,-7.745667129215189,43.126962304298075,50.337804083625635
2900,33,TE,18.845940348610505,-15.906154460587238,-8.230390808724575,45.92227150594559,53.59803515780827
3000,33,TE,19.687618455788677,-17.32303903427979,-9.148422193092475,48.52365910466983,56.69827594585716
3100,33,TE,25.031323354229677,-14.375864485043301,-5.671921263791518,55.73456797225087,64.43851119350268
3200,33,TE,47.2612286687493,5.348113464256208,14.605545800042563,79.91691153745603,89.1743438732424
3300,33,TE,47.29582909528371,2.8104677216150264,12.636037136832215,81.9556210537352,91.78119046895242
3400,33,TE,47.321093431311354,0.2561203426160361,10.65145367988837,83.99073318273435,94.3860665200067
3500,33,TE,51.19823818823646,1.620261121168987,12.570646598465693,89.82582977800723,100.77621525530395
3600,33,TE,51.343557825085966,-0.5946557128549372,10.877039844090149,91.81007580608178,103.2817713630269
3700,33,TE,51.31220345144832,-2.7395429915475944,9.19897274238847,93.42543416050816,105.36394989444426
3800,33,TE,51.31605640035261,-4.507531434257984,7.822334398867561,94.80977840183766,107.13964423496323
3900,33,TE,51.67326178507177,-5.4963949039192315,7.1307798092057695,96.21574376093778,108.8429184740628
4000,33,TE,51.62125687447039,-6.400737996859469,6.414694329943536,96.82781941899725,109.64325174580028
4100,33,TE,52.694163038138434,-5.639694353238475,7.244619662823787,98.14370641345309,111.02802042951538
4200,33,TE,53.79278871762606,-4.298744932872104,8.532046561096664,99.05353087415546,111.88432236812426
4300,33,TE,53.69960210449803,-3.6115568824853455,9.046871721996368,98.35233248699969,111.01076109148144
4400,33,TE,52.8657666796611,-3.1754112564780783,9.202514131085493,96.5290192282367,108.90694461580031
4500,33,TE,52.21144956566203,-2.163108987003433,9.846706893625573,94.57619223769848,106.58600811832753
4600,33,TE,52.13939318864416,-0.2850788891387239,11.29401754956671,92.98476882772161,104.56386526642707
4700,33,TE,52.244761236054664,1.9401690065158945,13.051043406382917,91.43847906572641,102.54935346559347
4800,33,TE,52.15764084737315,4.036919856256311,14.665438312855393,89.64984338189092,100.27836183849001
4900,33,TE,52.118342169655364,6.15341457158609,16.305778693946287,87.93090564536445,98.08326976772466
5000,33,TE,50.29717407264686,6.385289354912018,16.084193851223553,84.51015429407016,94.20905879038173
5100,33,TE,48.98518608075095,6.966814919135345,16.24749534555506,81.72287681594685,91.00355724236658
5200,33,TE,49.12167427472287,8.795289913212414,17.702257881405256,80.54109066804048,89.44805863623336
5300,33,TE,48.41643112255848,9.553370520751415,18.137131286981123,78.69573095813584,87.27949172436556
5400,33,TE,48.075756381109734,10.43026576211659,18.745099447288478,77.40641331493099,85.72124700010289
5500,33,TE,48.3172948820495,11.634002358105633,19.736313454224387,76.89827630987462,85.0005874059934
5600,33,TE,48.94079165403442,12.962178983332372,20.90884605184903,76.97273725621982,84.91940432473649
5700,33,TE,49.381775073555794,13.855856363740038,21.70253602518191,77.06101412192967,84.90769378337157
5800,33,TE,49.93894343156916,14.629353195851273,22.428251960991496,77.44963490214681,85.24853366728706
5900,33,TE,52.91423291941534,17.598282206959325,25.39858582312862,80.42988001570205,88.23018363187137
6000,33,TE,60.61893343311696,25.095098838968042,32.941318177676294,88.29654868855762,96.14276802726589
6100,33,TE,63.843068886945,27.93961026085301,35.86967790746213,91.81645986642786,99.74652751303701
6200,33,TE,73.3379594572701,36.915644905015874,44.960313282327874,101.71560563221233,109.76027400952435
6300,33,TE,79.27598675744127,42.23049958825124,50.412809329290354,108.1391641855922,116.32147392663133
6400,33,TE,84.98430381617018,47.24946970310317,55.584036861842854,114.3845707704975,122.7191379292372
6500,33,TE,89.97685828772858,51.52680551532572,60.01934442853388,119.93437214692327,128.42691106013146
6600,33,TE,91.52692795591005,52.376342972750706,61.02360981559321,122.0302460962269,130.67751293906943
6700,33,TE,93.08645302863137,53.28935529854829,62.07941868561494,124.0934873716478,132.88355075871448
6800,33,TE,95.36883478616643,55.01764956370701,63.930095346922286,126.80757422541058,135.72002000862588
6900,33,TE,106.92762981704989,66.14999358474711,75.15663044273435,138.69862919136543,147.7052660493527
7000,33,TE,109.15450737835259,68.11305430296868,77.17796090688029,141.1310538498249,150.19596045373652
7100,33,TE,110.97982975543466,69.8712557980441,78.95098752341146,143.0086719874579,152.08840371282525
7200,33,TE,111.12129835093809,70.17395559816299,79.21807586969632,143.02452083217986,152.06864110371322
7300,33,TE,111.32591049413344,70.78711279737794,79.7409969174401,142.91082407082678,151.86470819088896
7400,33,TE,111.50749124893532,71.61504407860431,80.4261674844036,142.58881501346704,151.39993841926636
7500,33,TE,111.87214145963567,72.83671859786023,81.45854935605105,142.28573356322028,150.90756432141114
7600,33,TE,112.15385045118215,74.15480355616789,82.5477279126294,141.7599729897349,150.15289734619643
7700,33,TE,113.82623429295761,77.01085030307381,85.14233670153187,142.51013188438333,150.64161828284142
7800,33,TE,115.4555915917651,79.93943261133248,87.78395662211611,143.1272265614141,150.97175057219772
7900,33,TE,116.17371410639609,82.04185973337786,89.58062965805428,142.7667985547379,150.30556847941432
8000,33,TE,117.13204062164505,84.4410393404161,91.66156520382506,142.60251603946503,149.82304190287402
8100,33,TE,120.65738741713831,89.43772395017079,96.33327253159646,144.98150230268016,151.87705088410584
8200,33,TE,122.10674065319982,92.36563718900587,98.93461330944183,145.2788679969578,151.8478441173938
8300,33,TE,123.79683886278791,95.52122682323655,101.76651696528336,145.82716076029246,152.07245090233928
8400,33,TE,125.95594050072648,99.11546308914825,105.04377221829768,146.8681087831553,152.79641791230472
8500,33,TE,133.0123305546256,107.56226213919082,113.18346889386709,152.84119221538413,158.4623989700604
8600,33,TE,136.02367962421474,111.90771316939355,117.23425419547476,154.8131050529547,160.13964607903594
8700,33,TE,136.2798544777352,113.4340063167752,118.4800138128027,154.0796951426677,159.1257026386952
8800,33,TE,135.0745297101863,113.43094748984065,118.2114081387642,151.93765128160842,156.718111930532
8900,33,TE,133.7120900098801,113.20362436010885,117.73336957559222,149.69081044416794,154.22055565965132
9000,33,TE,132.66769422469085,113.23103796394429,117.52405052790925,147.81133792147244,152.1043504854374
9100,33,TE,130.7579218534506,112.3334819207313,116.40292426997536,145.11291943692584,149.1823617861699
9200,33,TE,130.05090889226616,112.5825787536505,116.44084324886694,143.6609745356654,147.51923903088183
9300,33,TE,129.8661976401611,113.30114418126497,116.95990017652385,142.77249510379835,146.43125109905722
9400,33,TE,130.30423178616923,114.59269573761406,118.0629336607827,142.54552991155575,146.0157678347244
9500,33,TE,131.20013775981144,116.29524676750513,119.58731940778351,142.81295611183938,146.10502875211776
9600,33,TE,131.4824228507086,117.34001636071054,120.46367754665617,142.501168154761,145.62482934070664
9700,33,TE,131.48786135976923,118.06632656088738,121.03076739609715,141.94495532344132,144.90939615865108
9800,33,TE,131.33582121024781,118.59593930392984,121.40982212171201,141.26182029878362,144.0757031165658
9900,33,TE,131.56986686648492,119.47466898559865,122.14615917247572,140.9935745604941,143.6650647473712
10000,33,TE,131.62582689931773,120.14045904847545,122.67725487508082,140.57439892355464,143.11119475016002
