roster_id,name,position,week,sleeper_points,value_added,type,years_exp,season,projection
1,Justin Herbert,QB,1,10.36,-1.271088235294119,starter,NA,2024,16.9
1,Alvin Kamara,RB,1,22,11.948872549019608,starter,NA,2024,16.8
1,David Montgomery,RB,1,16.3,6.248872549019609,starter,NA,2024,13.8
1,Marvin Harrison Jr.,WR,1,1.4,-9.615735294117647,starter,NA,2024,16.9
1,Keenan Allen,WR,1,6.9,-4.115735294117647,starter,NA,2024,11
1,Mark Andrews,TE,1,3.4,-2.669607843137254,starter,NA,2024,15
1,Zack Moss,RB,1,14.1,4.048872549019608,starter,NA,2024,12.8
1,Kyler Murray,QB,1,14.18,2.548911764705881,starter,NA,2024,21.7
1,Justin Tucker,K,1,7,-1.235784313725489,starter,NA,2024,32
1,New York Jets,DST,1,2,-4.979019607843136,starter,NA,2024,19
2,Brock Purdy,QB,1,10.34,-0.660524675324675,starter,NA,2024,17.3
2,De'Von Achane,RB,1,23,13.7551559714795,starter,NA,2024,17
2,Austin Ekeler,RB,1,10.2,0.955155971479499,starter,NA,2024,9.6
2,CeeDee Lamb,WR,1,13.6,1.9689117647058811,starter,NA,2024,19.6
2,Brandon Aiyuk,WR,1,4.8,-6.831088235294119,starter,NA,2024,14
2,Jake Ferguson,TE,1,4.5,-1.5696078431372538,starter,NA,2024,13.1
2,Deebo Samuel Sr.,WR,1,18.7,7.068911764705881,starter,NA,2024,17.3
2,Mike Evans,WR,1,23.1,11.468911764705883,starter,NA,2024,15.7
2,Younghoe Koo,K,1,4,-4.235784313725489,starter,NA,2024,18
3,Dak Prescott,QB,1,11.46,-0.17108823529411765,starter,NA,2024,18.7
3,Kenneth Walker III,RB,1,18.9,8.848872549019607,starter,NA,2024,15.2
3,Javonte Williams,RB,1,3.3,-6.751127450980392,starter,NA,2024,12.9
3,Justin Jefferson,WR,1,15.9,4.884264705882353,starter,NA,2024,19.8
3,D.J. Moore,WR,1,10,-1.015735294117647,starter,NA,2024,15.7
3,Cole Kmet,TE,1,1.4,-4.669607843137253,starter,NA,2024,8.9
3,Joe Mixon,RB,1,26.8,16.74887254901961,starter,NA,2024,12.4
3,Tua Tagovailoa,QB,1,18.62,6.9889117647058825,starter,NA,2024,18.2
3,Jake Elliott,K,1,10,1.764215686274511,starter,NA,2024,22
3,San Francisco 49ers,DST,1,7,0.02098039215686409,starter,NA,2024,23
4,Joe Burrow,QB,1,8.06,-3.571088235294118,starter,NA,2024,19
4,James Cook,RB,1,13.3,4.0551559714795005,starter,NA,2024,15.6
4,Jaylen Warren,RB,1,4,-5.2448440285205,starter,NA,2024,12
4,Amon-Ra St. Brown,WR,1,4.3,-5.751127450980392,starter,NA,2024,18.7
4,Chris Olave,WR,1,3.1,-6.951127450980392,starter,NA,2024,17.5
4,Trey McBride,TE,1,8,1.9303921568627462,starter,NA,2024,14.8
4,Amari Cooper,WR,1,3.6,-6.451127450980392,starter,NA,2024,14.7
4,Matthew Stafford,QB,1,15.68,4.048911764705881,starter,NA,2024,17.3
4,Ka'imi Fairbairn,K,1,17,8.764215686274511,starter,NA,2024,25
4,Seattle Seahawks,DST,1,11,4.020980392156864,starter,NA,2024,30
5,Trevor Lawrence,QB,1,11.28,0.27947532467532454,starter,NA,2024,19.3
5,Kyren Williams,RB,1,14.4,5.1551559714795,starter,NA,2024,16.5
5,Travis Etienne,RB,1,11.9,2.6551559714795,starter,NA,2024,15.8
5,Ja'Marr Chase,WR,1,12.2,0.5689117647058808,starter,NA,2024,17.2
5,Stefon Diggs,WR,1,21.9,10.26891176470588,starter,NA,2024,14.2
5,David Njoku,TE,1,8.4,2.3303921568627466,starter,NA,2024,12.4
5,Diontae Johnson,WR,1,3.9,-7.731088235294118,starter,NA,2024,13.6
5,Josh Downs,WR,1,0,-11.631088235294119,starter,NA,2024,0
5,Jake Moody,K,1,26,17.76421568627451,starter,NA,2024,29
5,Philadelphia Eagles,DST,1,4,-2.979019607843136,starter,NA,2024,15
6,Josh Allen,QB,1,31.18,19.54891176470588,starter,NA,2024,24.1
6,Jahmyr Gibbs,RB,1,17.4,8.155155971479498,starter,NA,2024,16.2
6,D'Andre Swift,RB,1,5,-4.2448440285205,starter,NA,2024,12.8
6,A.J. Brown,WR,1,22.9,12.848872549019607,starter,NA,2024,17.5
6,Tank Dell,WR,1,8.9,-1.1511274509803915,starter,NA,2024,14
6,Dallas Goedert,TE,1,7.1,1.0303921568627459,starter,NA,2024,11.6
6,DeVonta Smith,WR,1,15.4,5.3488725490196085,starter,NA,2024,15.4
6,Kirk Cousins,QB,1,8.2,-3.431088235294119,starter,NA,2024,16.8
6,Daniel Carlson,K,1,3,-5.235784313725489,starter,NA,2024,30
6,Cincinnati Bengals,DST,1,3,-3.979019607843136,starter,NA,2024,31
7,Patrick Mahomes,QB,1,16.14,4.508911764705882,starter,NA,2024,22.9
7,Bijan Robinson,RB,1,16.1,6.855155971479501,starter,NA,2024,17.1
7,Jerome Ford,RB,1,18.9,9.655155971479498,starter,NA,2024,14.1
7,Nico Collins,WR,1,17.7,7.6488725490196074,starter,NA,2024,15.5
7,Puka Nacua,WR,1,8.2,-1.8511274509803926,starter,NA,2024,17.5
7,Dalton Kincaid,TE,1,2.1,-3.9696078431372537,starter,NA,2024,12.3
7,Zay Flowers,WR,1,11.1,1.0488725490196078,starter,NA,2024,15.7
7,Derek Carr,QB,1,21.3,9.668911764705882,starter,NA,2024,15.1
7,Evan McPherson,K,1,6,-2.235784313725489,starter,NA,2024,26
7,New Orleans Saints,DST,1,15,8.020980392156865,starter,NA,2024,28
8,Jalen Hurts,QB,1,18.42,6.788911764705883,starter,NA,2024,22.4
8,Rachaad White,RB,1,16.6,7.355155971479501,starter,NA,2024,17.1
8,Chuba Hubbard,RB,1,1.4,-7.8448440285205,starter,NA,2024,11.6
8,Garrett Wilson,WR,1,12,1.9488725490196082,starter,NA,2024,17.7
8,Jordan Addison,WR,1,6.5,-3.551127450980392,starter,NA,2024,12.6
8,Evan Engram,TE,1,1.5,-4.569607843137254,starter,NA,2024,15.2
8,Rome Odunze,WR,1,2.1,-7.951127450980392,starter,NA,2024,11
8,Anthony Richardson,QB,1,27.08,15.44891176470588,starter,NA,2024,19.9
8,Cameron Dicker,K,1,12,3.764215686274511,starter,NA,2024,21
8,Dallas Cowboys,DST,1,18,11.020980392156865,starter,NA,2024,32
9,Jared Goff,QB,1,12.38,1.379475324675326,starter,NA,2024,17.4
9,Christian McCaffrey,RB,1,0,-11.631088235294119,starter,NA,2024,21.5
9,Jonathan Taylor,RB,1,10.8,-0.8310882352941178,starter,NA,2024,15.6
9,Cooper Kupp,WR,1,32,20.36891176470588,starter,NA,2024,16.4
9,Terry McLaurin,WR,1,3.7,-7.931088235294118,starter,NA,2024,15.1
9,Travis Kelce,TE,1,6.4,0.3303921568627466,starter,NA,2024,16.5
9,Christian Kirk,WR,1,4,-7.6310882352941185,starter,NA,2024,14.7
9,James Conner,RB,1,19.3,7.668911764705882,starter,NA,2024,14.7
9,Harrison Butker,K,1,9,0.7642156862745111,starter,NA,2024,31
10,C.J. Stroud,QB,1,18.66,7.028911764705882,starter,NA,2024,19.5
10,Isiah Pacheco,RB,1,15.8,6.5551559714795005,starter,NA,2024,15.9
10,Brian Robinson Jr.,RB,1,17.9,8.655155971479498,starter,NA,2024,12.6
10,Tyreek Hill,WR,1,26,15.948872549019608,starter,NA,2024,21.6
10,Davante Adams,WR,1,10.9,0.8488725490196085,starter,NA,2024,18.7
10,George Kittle,TE,1,8,1.9303921568627462,starter,NA,2024,12.9
10,DeAndre Hopkins,WR,1,1.8,-8.251127450980391,starter,NA,2024,13.7
10,Justin Fields,QB,1,11.94,0.308911764705881,starter,NA,2024,19.3
10,Brandon Aubrey,K,1,21,12.764215686274511,starter,NA,2024,27
11,Lamar Jackson,QB,1,25.12,13.488911764705882,starter,NA,2024,23.4
11,Breece Hall,RB,1,18.3,9.0551559714795,starter,NA,2024,19.8
11,Najee Harris,RB,1,8.9,-0.3448440285204999,starter,NA,2024,14.3
11,Jaylen Waddle,WR,1,16.2,6.1488725490196074,starter,NA,2024,16
11,Michael Pittman Jr.,WR,1,7.1,-2.951127450980392,starter,NA,2024,15.8
11,Kyle Pitts,TE,1,11.6,5.530392156862746,starter,NA,2024,13.6
11,DK Metcalf,WR,1,5.9,-4.1511274509803915,starter,NA,2024,16.1
11,Deshaun Watson,QB,1,12.66,1.0289117647058816,starter,NA,2024,18.5
11,Tyler Bass,K,1,10,1.764215686274511,starter,NA,2024,19
11,Tampa Bay Buccaneers,DST,1,5,-1.979019607843136,starter,NA,2024,29
12,Jordan Love,QB,1,17.4,5.76891176470588,starter,NA,2024,18.4
12,Saquon Barkley,RB,1,33.2,23.14887254901961,starter,NA,2024,14.8
12,Josh Jacobs,RB,1,12.4,2.3488725490196085,starter,NA,2024,15.4
12,Rashee Rice,WR,1,17.3,6.284264705882354,starter,NA,2024,18.3
12,Calvin Ridley,WR,1,8,-3.015735294117647,starter,NA,2024,14.7
12,Sam LaPorta,TE,1,8.5,2.4303921568627462,starter,NA,2024,14.1
12,Derrick Henry,RB,1,10.6,0.5488725490196078,starter,NA,2024,14.3
12,Baker Mayfield,QB,1,29.66,18.02891176470588,starter,NA,2024,16.5
12,Chris Boswell,K,1,26,17.76421568627451,starter,NA,2024,6
12,Chicago Bears,DST,1,25,18.020980392156865,starter,NA,2024,27
1,Justin Herbert,QB,2,12,-0.07442156862745009,starter,NA,2024,15.9
1,Alvin Kamara,RB,2,44,32.51387254901961,starter,NA,2024,16.3
1,David Montgomery,RB,2,17,5.513872549019609,starter,NA,2024,12.6
1,Marvin Harrison Jr.,WR,2,29,20.136764705882353,starter,NA,2024,13.9
1,Adam Thielen,WR,2,4,-4.863235294117647,starter,NA,2024,8.6
1,Mark Andrews,TE,2,9.1,2.1612254901960792,starter,NA,2024,13
1,Zack Moss,RB,2,5.7,-5.78612745098039,starter,NA,2024,12.6
1,Kyler Murray,QB,2,28.54,16.46557843137255,starter,NA,2024,21.5
1,Justin Tucker,K,2,12,4.114215686274511,starter,NA,2024,32
1,New York Jets,DST,2,12,4.670980392156864,starter,NA,2024,24
2,Brock Purdy,QB,2,14.96,4.524141991341992,starter,NA,2024,16.4
2,De'Von Achane,RB,2,29.5,20.995989304812834,starter,NA,2024,18.2
2,Austin Ekeler,RB,2,11.5,2.9959893048128343,starter,NA,2024,0
2,CeeDee Lamb,WR,2,19,6.92557843137255,starter,NA,2024,20.3
2,Drake London,WR,2,17.4,5.3255784313725485,starter,NA,2024,14.5
2,Jake Ferguson,TE,2,0,-6.93877450980392,starter,NA,2024,0
2,Brandon Aiyuk,WR,2,8.3,-3.7744215686274494,starter,NA,2024,12.9
2,Mike Evans,WR,2,7.2,-4.87442156862745,starter,NA,2024,16.3
2,Younghoe Koo,K,2,10,2.1142156862745107,starter,NA,2024,24
2,Buffalo Bills,DST,2,18,10.670980392156864,starter,NA,2024,15
3,Dak Prescott,QB,2,14.92,2.84557843137255,starter,NA,2024,17.7
3,Joe Mixon,RB,2,8,-0.5040106951871657,starter,NA,2024,14.3
3,Javonte Williams,RB,2,11.5,2.9959893048128343,starter,NA,2024,11.2
3,Justin Jefferson,WR,2,23.3,11.81387254901961,starter,NA,2024,17.8
3,D.J. Moore,WR,2,11.3,-0.18612745098038985,starter,NA,2024,13.7
3,Brock Bowers,TE,2,18.8,11.86122549019608,starter,NA,2024,12.1
3,Allen Lazard,WR,2,3.1,-8.386127450980391,starter,NA,2024,10.3
3,Tua Tagovailoa,QB,2,8.5,-3.57442156862745,starter,NA,2024,17.8
3,Jake Elliott,K,2,7,-0.8857843137254893,starter,NA,2024,27
3,San Francisco 49ers,DST,2,10,2.6709803921568636,starter,NA,2024,25
4,Joe Burrow,QB,2,17.22,5.145578431372549,starter,NA,2024,16.8
4,James Cook,RB,2,28.5,19.995989304812834,starter,NA,2024,15.9
4,Jordan Mason,RB,2,17.4,8.895989304812833,starter,NA,2024,17.2
4,Amon-Ra St. Brown,WR,2,22.9,11.413872549019608,starter,NA,2024,18.4
4,Chris Olave,WR,2,12.8,1.3138725490196101,starter,NA,2024,16.3
4,Trey McBride,TE,2,18.7,11.761225490196079,starter,NA,2024,14.8
4,Amari Cooper,WR,2,4.1,-7.386127450980391,starter,NA,2024,13.9
4,Matthew Stafford,QB,2,6.64,-5.43442156862745,starter,NA,2024,17.1
4,Ka'imi Fairbairn,K,2,20,12.11421568627451,starter,NA,2024,28
4,Baltimore Ravens,DST,2,8,0.6709803921568636,starter,NA,2024,28
5,Trevor Lawrence,QB,2,13.3,2.8641419913419917,starter,NA,2024,17.5
5,Kyren Williams,RB,2,15.2,6.695989304812834,starter,NA,2024,15.1
5,Travis Etienne,RB,2,14.8,6.295989304812835,starter,NA,2024,15
5,Ja'Marr Chase,WR,2,7.5,-4.57442156862745,starter,NA,2024,17
5,Stefon Diggs,WR,2,7.7,-4.37442156862745,starter,NA,2024,14.2
5,David Njoku,TE,2,0,-6.93877450980392,starter,NA,2024,0
5,Diontae Johnson,WR,2,4.5,-7.57442156862745,starter,NA,2024,11.6
5,Josh Downs,WR,2,0,-12.07442156862745,starter,NA,2024,0
5,Jake Moody,K,2,5,-2.8857843137254893,starter,NA,2024,29
5,Philadelphia Eagles,DST,2,1,-6.329019607843136,starter,NA,2024,22
6,Josh Allen,QB,2,9.76,-2.3144215686274503,starter,NA,2024,23.4
6,Jahmyr Gibbs,RB,2,17.6,9.095989304812836,starter,NA,2024,16.2
6,Tony Pollard,RB,2,15.2,6.695989304812834,starter,NA,2024,13.5
6,Xavier Worthy,WR,2,4.2,-7.28612745098039,starter,NA,2024,13
6,Tank Dell,WR,2,2.3,-9.18612745098039,starter,NA,2024,14.8
6,Dallas Goedert,TE,2,6.8,-0.1387745098039206,starter,NA,2024,11.7
6,DeVonta Smith,WR,2,20.6,9.11387254901961,starter,NA,2024,17.7
6,Kirk Cousins,QB,2,17.54,5.465578431372549,starter,NA,2024,15.7
6,Daniel Carlson,K,2,18,10.11421568627451,starter,NA,2024,6
6,Jacksonville Jaguars,DST,2,4,-3.3290196078431364,starter,NA,2024,19
7,Patrick Mahomes,QB,2,14.94,2.8655784313725494,starter,NA,2024,22.5
7,Bijan Robinson,RB,2,16.2,7.695989304812834,starter,NA,2024,19.3
7,Jerome Ford,RB,2,7.4,-1.1040106951871653,starter,NA,2024,14.2
7,Nico Collins,WR,2,27.5,16.01387254901961,starter,NA,2024,16.8
7,Jayden Reed,WR,2,6.6,-4.886127450980391,starter,NA,2024,10.9
7,Dalton Kincaid,TE,2,7.3,0.3612254901960794,starter,NA,2024,11.9
7,Zay Flowers,WR,2,22.1,10.61387254901961,starter,NA,2024,14.1
7,Malik Willis,QB,2,12.98,0.9055784313725503,starter,NA,2024,16
7,Evan McPherson,K,2,15,7.114215686274511,starter,NA,2024,14
7,Los Angeles Chargers,DST,2,11,3.6709803921568636,starter,NA,2024,31
8,Jalen Hurts,QB,2,24.82,12.74557843137255,starter,NA,2024,22.5
8,Rachaad White,RB,2,3.3,-8.18612745098039,starter,NA,2024,15.8
8,Zach Charbonnet,RB,2,17.9,6.413872549019608,starter,NA,2024,13.3
8,Garrett Wilson,WR,2,10.2,1.3367647058823522,starter,NA,2024,17.4
8,Joshua Palmer,WR,2,3.9,-4.963235294117647,starter,NA,2024,12.8
8,Evan Engram,TE,2,0,-6.93877450980392,starter,NA,2024,0
8,Jaleel McLaughlin,RB,2,0.6,-10.886127450980391,starter,NA,2024,11
8,Anthony Richardson,QB,2,12.86,0.7855784313725493,starter,NA,2024,20.6
8,Cameron Dicker,K,2,9,1.1142156862745107,starter,NA,2024,25
8,Dallas Cowboys,DST,2,1,-6.329019607843136,starter,NA,2024,32
9,Jared Goff,QB,2,10.78,0.3441419913419903,starter,NA,2024,17.3
9,Christian McCaffrey,RB,2,0,-12.07442156862745,starter,NA,2024,0
9,Jaylen Wright,RB,2,0.4,-11.67442156862745,starter,NA,2024,4.8
9,Malik Nabers,WR,2,28.7,16.62557843137255,starter,NA,2024,16.7
9,Cooper Kupp,WR,2,7.7,-4.37442156862745,starter,NA,2024,20.7
9,Travis Kelce,TE,2,1.6,-5.338774509803921,starter,NA,2024,16.1
9,James Conner,RB,2,19.4,7.3255784313725485,starter,NA,2024,15.9
9,Christian Kirk,WR,2,0.9,-11.17442156862745,starter,NA,2024,14.4
9,Harrison Butker,K,2,10,2.1142156862745107,starter,NA,2024,30
10,C.J. Stroud,QB,2,14.3,2.2255784313725506,starter,NA,2024,19.2
10,Isiah Pacheco,RB,2,16.1,7.595989304812836,starter,NA,2024,16
10,Brian Robinson Jr.,RB,2,14.6,6.095989304812834,starter,NA,2024,12.1
10,Tyreek Hill,WR,2,6.6,-4.886127450980391,starter,NA,2024,21.4
10,Davante Adams,WR,2,26,14.51387254901961,starter,NA,2024,16.4
10,George Kittle,TE,2,20.6,13.661225490196081,starter,NA,2024,14.3
10,DeAndre Hopkins,WR,2,1.9,-9.58612745098039,starter,NA,2024,7.5
10,Jayden Daniels,QB,2,13.44,1.3655784313725494,starter,NA,2024,20.5
10,Brandon Aubrey,K,2,17,9.11421568627451,starter,NA,2024,31
10,Kansas City Chiefs,DST,2,13,5.670980392156864,starter,NA,2024,26
11,Lamar Jackson,QB,2,17.38,5.305578431372549,starter,NA,2024,23.6
11,Breece Hall,RB,2,24.4,12.913872549019608,starter,NA,2024,20.6
11,Najee Harris,RB,2,8.4,-3.08612745098039,starter,NA,2024,12.8
11,Jaylen Waddle,WR,2,8.5,-0.3632352941176471,starter,NA,2024,14.9
11,Michael Pittman Jr.,WR,2,5.1,-3.7632352941176475,starter,NA,2024,13.1
11,Kyle Pitts,TE,2,5,-1.9387745098039204,starter,NA,2024,13.2
11,Rhamondre Stevenson,RB,2,17,5.513872549019609,starter,NA,2024,15.5
11,Deshaun Watson,QB,2,15.44,3.3655784313725494,starter,NA,2024,17.8
11,Tyler Bass,K,2,7,-0.8857843137254893,starter,NA,2024,26
11,Tampa Bay Buccaneers,DST,2,5,-2.3290196078431364,starter,NA,2024,5
12,Baker Mayfield,QB,2,19.8,9.364141991341992,starter,NA,2024,18.2
12,Saquon Barkley,RB,2,17.6,5.525578431372551,starter,NA,2024,17
12,Josh Jacobs,RB,2,13.1,1.0255784313725496,starter,NA,2024,16
12,Rashee Rice,WR,2,18.5,6.42557843137255,starter,NA,2024,18.7
12,Calvin Ridley,WR,2,24.7,12.62557843137255,starter,NA,2024,13.4
12,Sam LaPorta,TE,2,3.3,-3.6387745098039206,starter,NA,2024,13.8
12,Derrick Henry,RB,2,16.6,4.525578431372551,starter,NA,2024,14.3
12,George Pickens,WR,2,4.9,-7.17442156862745,starter,NA,2024,14.2
12,Chris Boswell,K,2,9,1.1142156862745107,starter,NA,2024,17
12,Pittsburgh Steelers,DST,2,13,5.670980392156864,starter,NA,2024,30
1,Justin Herbert,QB,3,9,-3.8735882352941164,starter,NA,2024,14.1
1,Alvin Kamara,RB,3,15.7,5.526372549019607,starter,NA,2024,19.2
1,David Montgomery,RB,3,21.2,11.026372549019607,starter,NA,2024,12.1
1,Marvin Harrison Jr.,WR,3,17.4,8.02343137254902,starter,NA,2024,16.2
1,DeVonta Smith,WR,3,14.9,5.523431372549021,starter,NA,2024,17.9
1,Mark Andrews,TE,3,0,-7.545441176470588,starter,NA,2024,12.9
1,Zamir White,RB,3,3.4,-6.773627450980392,starter,NA,2024,12.4
1,Kyler Murray,QB,3,15.78,2.906411764705883,starter,NA,2024,22.5
1,Justin Tucker,K,3,3,-2.9607843137254894,starter,NA,2024,27
1,New York Jets,DST,3,17,10.31264705882353,starter,NA,2024,28
2,Brock Purdy,QB,3,25.78,8.08980865800866,starter,NA,2024,15.4
2,De'Von Achane,RB,3,8.8,0.08598930481283595,starter,NA,2024,19.1
2,Austin Ekeler,RB,3,13.7,4.9859893048128345,starter,NA,2024,9.5
2,CeeDee Lamb,WR,3,8.7,-4.173588235294117,starter,NA,2024,18
2,Drake London,WR,3,18.7,5.826411764705883,starter,NA,2024,10.8
2,Jake Ferguson,TE,3,15.5,7.954558823529412,starter,NA,2024,9.5
2,Brandon Aiyuk,WR,3,9.8,-3.0735882352941157,starter,NA,2024,16.7
2,Mike Evans,WR,3,3.7,-9.173588235294115,starter,NA,2024,15.6
2,Younghoe Koo,K,3,7,1.0392156862745106,starter,NA,2024,19
2,Buffalo Bills,DST,3,14,7.31264705882353,starter,NA,2024,21
3,Dak Prescott,QB,3,29.86,16.986411764705885,starter,NA,2024,17
3,Joe Mixon,RB,3,0,-8.714010695187165,starter,NA,2024,0
3,Kenneth Walker III,RB,3,0,-8.714010695187165,starter,NA,2024,0
3,Justin Jefferson,WR,3,20.1,9.926372549019609,starter,NA,2024,18.7
3,D.J. Moore,WR,3,15.2,5.026372549019607,starter,NA,2024,14
3,Brock Bowers,TE,3,7.1,-0.4454411764705881,starter,NA,2024,14.9
3,Allen Lazard,WR,3,13.8,3.6263725490196084,starter,NA,2024,7.7
3,Sam Darnold,QB,3,23.24,10.366411764705882,starter,NA,2024,15.6
3,Jake Elliott,K,3,0,-5.9607843137254894,starter,NA,2024,13
3,San Francisco 49ers,DST,3,3,-3.68735294117647,starter,NA,2024,29
4,Joe Burrow,QB,3,25.36,12.486411764705883,starter,NA,2024,17.7
4,James Cook,RB,3,18.7,9.985989304812835,starter,NA,2024,16
4,Jordan Mason,RB,3,10.8,2.085989304812836,starter,NA,2024,17.3
4,Amon-Ra St. Brown,WR,3,20.5,10.326372549019608,starter,NA,2024,18.7
4,Chris Olave,WR,3,20.6,10.426372549019609,starter,NA,2024,16.5
4,Trey McBride,TE,3,5.5,-2.0454411764705878,starter,NA,2024,14.4
4,Jaxon Smith-Njigba,WR,3,6.9,-3.273627450980392,starter,NA,2024,13.6
4,Matthew Stafford,QB,3,12.84,-0.033588235294116586,starter,NA,2024,13.9
4,Ka'imi Fairbairn,K,3,0,-5.9607843137254894,starter,NA,2024,29
4,Seattle Seahawks,DST,3,15,8.31264705882353,starter,NA,2024,32
5,Trevor Lawrence,QB,3,10.42,-2.4535882352941165,starter,NA,2024,16
5,Kyren Williams,RB,3,31.6,22.88598930481284,starter,NA,2024,17.3
5,Travis Etienne,RB,3,12.5,3.7859893048128352,starter,NA,2024,14.3
5,Ja'Marr Chase,WR,3,29.8,19.626372549019607,starter,NA,2024,20
5,Stefon Diggs,WR,3,19.92,9.74637254901961,starter,NA,2024,14.2
5,David Njoku,TE,3,0,-7.545441176470588,starter,NA,2024,0
5,Diontae Johnson,WR,3,26.2,16.026372549019605,starter,NA,2024,11.6
5,Geno Smith,QB,3,13.36,0.486411764705883,starter,NA,2024,16.5
5,Jake Moody,K,3,5,-0.9607843137254894,starter,NA,2024,30
5,Cincinnati Bengals,DST,3,-1,-7.68735294117647,starter,NA,2024,24
6,Josh Allen,QB,3,30.92,18.046411764705887,starter,NA,2024,23
6,Jahmyr Gibbs,RB,3,16.3,6.126372549019608,starter,NA,2024,16.4
6,Tony Pollard,RB,3,5.9,-4.273627450980392,starter,NA,2024,14.6
6,Tee Higgins,WR,3,6.9,-2.4765686274509786,starter,NA,2024,11.9
6,Tank Dell,WR,3,11.2,1.8234313725490203,starter,NA,2024,11.4
6,Dallas Goedert,TE,3,27,19.45455882352941,starter,NA,2024,11.8
6,Devin Singletary,RB,3,18.8,8.626372549019608,starter,NA,2024,12.4
6,Kirk Cousins,QB,3,12.1,-0.7735882352941168,starter,NA,2024,15
6,Daniel Carlson,K,3,1,-4.9607843137254894,starter,NA,2024,22
6,Cleveland Browns,DST,3,7,0.31264705882353017,starter,NA,2024,26
7,Patrick Mahomes,QB,3,17.38,4.506411764705883,starter,NA,2024,20.9
7,Bijan Robinson,RB,3,13.2,4.4859893048128345,starter,NA,2024,18.8
7,J.K. Dobbins,RB,3,8.4,-0.3140106951871644,starter,NA,2024,14.4
7,Nico Collins,WR,3,12.6,2.4263725490196073,starter,NA,2024,18.4
7,Zay Flowers,WR,3,5.3,-4.8736274509803925,starter,NA,2024,15.4
7,Dalton Kincaid,TE,3,13.1,5.554558823529412,starter,NA,2024,11.8
7,Jayden Reed,WR,3,10.9,0.726372549019608,starter,NA,2024,10.4
7,Derek Carr,QB,3,8.98,-3.893588235294116,starter,NA,2024,16.4
7,Evan McPherson,K,3,8,2.0392156862745106,starter,NA,2024,23
7,Green Bay Packers,DST,3,22,15.31264705882353,starter,NA,2024,22
8,Jalen Hurts,QB,3,11.94,-0.9335882352941169,starter,NA,2024,23.2
8,Rachaad White,RB,3,8.5,-1.6736274509803923,starter,NA,2024,14.8
8,Zach Charbonnet,RB,3,25.7,15.526372549019607,starter,NA,2024,16.8
8,Garrett Wilson,WR,3,14.3,4.923431372549022,starter,NA,2024,16.8
8,Rome Odunze,WR,3,23.4,14.02343137254902,starter,NA,2024,9.2
8,Colby Parkinson,TE,3,5.1,-2.445441176470588,starter,NA,2024,9.2
8,Chuba Hubbard,RB,3,27.9,17.726372549019608,starter,NA,2024,9.5
8,Anthony Richardson,QB,3,7.08,-5.793588235294116,starter,NA,2024,19.7
8,Cameron Dicker,K,3,4,-1.9607843137254894,starter,NA,2024,28
8,Dallas Cowboys,DST,3,-1,-7.68735294117647,starter,NA,2024,14
9,Jared Goff,QB,3,15.56,-2.13019134199134,starter,NA,2024,16.4
9,James Conner,RB,3,3.5,-9.373588235294116,starter,NA,2024,15.6
9,Samaje Perine,RB,3,7,-5.8735882352941164,starter,NA,2024,6.3
9,Chris Godwin,WR,3,17.3,4.426411764705884,starter,NA,2024,17.5
9,Malik Nabers,WR,3,28.2,15.326411764705883,starter,NA,2024,15.3
9,Travis Kelce,TE,3,7,-0.5454411764705878,starter,NA,2024,15.3
9,Jonathan Taylor,RB,3,26.5,13.626411764705884,starter,NA,2024,13.5
9,Christian Kirk,WR,3,15.9,3.026411764705884,starter,NA,2024,8
9,Harrison Butker,K,3,12,6.0392156862745106,starter,NA,2024,31
9,Miami Dolphins,DST,3,7,0.31264705882353017,starter,NA,2024,5
10,C.J. Stroud,QB,3,11.8,-1.0735882352941157,starter,NA,2024,18.5
10,Chase Brown,RB,3,8.9,0.1859893048128356,starter,NA,2024,5.7
10,Brian Robinson Jr.,RB,3,10.7,1.9859893048128345,starter,NA,2024,12.4
10,Tyreek Hill,WR,3,7,-3.1736274509803923,starter,NA,2024,15.5
10,Davante Adams,WR,3,8,-2.1736274509803923,starter,NA,2024,17
10,Ja'Tavion Sanders,TE,3,0,-7.545441176470588,starter,NA,2024,5.2
10,Ladd McConkey,WR,3,7.4,-2.773627450980392,starter,NA,2024,11.2
10,Jayden Daniels,QB,3,28.06,15.186411764705882,starter,NA,2024,18.9
10,Brandon Aubrey,K,3,11,5.0392156862745106,starter,NA,2024,32
10,Kansas City Chiefs,DST,3,6,-0.6873529411764698,starter,NA,2024,19
11,Lamar Jackson,QB,3,25.98,13.106411764705884,starter,NA,2024,22.5
11,Breece Hall,RB,3,18.3,8.126372549019608,starter,NA,2024,20.3
11,Najee Harris,RB,3,13.6,3.4263725490196073,starter,NA,2024,12.8
11,Jameson Williams,WR,3,1.2,-8.17656862745098,starter,NA,2024,14.3
11,Michael Pittman Jr.,WR,3,7.6,-1.7765686274509793,starter,NA,2024,12.6
11,Kyle Pitts,TE,3,7.9,0.3545588235294126,starter,NA,2024,13.6
11,Rhamondre Stevenson,RB,3,0.3,-9.873627450980392,starter,NA,2024,14.9
11,Deshaun Watson,QB,3,16.44,3.566411764705885,starter,NA,2024,16.3
11,Tyler Bass,K,3,11,5.0392156862745106,starter,NA,2024,24
11,Tampa Bay Buccaneers,DST,3,3,-3.68735294117647,starter,NA,2024,20
12,Baker Mayfield,QB,3,9.52,-8.170191341991341,starter,NA,2024,18.8
12,Saquon Barkley,RB,3,33.6,20.726411764705887,starter,NA,2024,18.8
12,Josh Jacobs,RB,3,5.8,-7.073588235294117,starter,NA,2024,18
12,Rashee Rice,WR,3,29.1,16.226411764705887,starter,NA,2024,18.5
12,Calvin Ridley,WR,3,1.9,-10.973588235294116,starter,NA,2024,13.9
12,Sam LaPorta,TE,3,5.6,-1.9454411764705881,starter,NA,2024,11.6
12,Derrick Henry,RB,3,30.4,17.526411764705884,starter,NA,2024,11.5
12,George Pickens,WR,3,10.7,-2.173588235294117,starter,NA,2024,14.2
12,Chris Boswell,K,3,7,1.0392156862745106,starter,NA,2024,17
12,Pittsburgh Steelers,DST,3,10,3.31264705882353,starter,NA,2024,30
1,Caleb Williams,QB,4,11.48,-2.311754901960784,starter,NA,2024,16.5
1,Alvin Kamara,RB,4,24.9,12.766372549019607,starter,NA,2024,19.8
1,David Montgomery,RB,4,15,2.8663725490196086,starter,NA,2024,13.7
1,Marvin Harrison Jr.,WR,4,15.5,5.248431372549019,starter,NA,2024,17.3
1,Keenan Allen,WR,4,4.9,-5.35156862745098,starter,NA,2024,10.3
1,Mark Andrews,TE,4,0,-5.947107843137254,starter,NA,2024,11.8
1,Zack Moss,RB,4,17.8,5.666372549019609,starter,NA,2024,14.4
1,Kyler Murray,QB,4,9.98,-3.811754901960784,starter,NA,2024,22.1
1,Justin Tucker,K,4,5,-2.769117647058823,starter,NA,2024,26
1,New York Jets,DST,4,7,0.48764705882353,starter,NA,2024,31
2,Brock Purdy,QB,4,15.62,5.021275324675324,starter,NA,2024,16.3
2,De'Von Achane,RB,4,5.9,-4.237344028520498,starter,NA,2024,18.8
2,Austin Ekeler,RB,4,0,-10.137344028520499,starter,NA,2024,0
2,CeeDee Lamb,WR,4,23.6,9.808245098039217,starter,NA,2024,17.8
2,Drake London,WR,4,12.4,-1.391754901960784,starter,NA,2024,13.4
2,Jake Ferguson,TE,4,11.9,5.952892156862746,starter,NA,2024,12.1
2,Brandon Aiyuk,WR,4,6.8,-6.9917549019607845,starter,NA,2024,14.4
2,Mike Evans,WR,4,23.4,9.608245098039214,starter,NA,2024,16.1
2,Younghoe Koo,K,4,20,12.230882352941176,starter,NA,2024,23
2,Buffalo Bills,DST,4,1,-5.51235294117647,starter,NA,2024,12
3,Dak Prescott,QB,4,16.74,2.948245098039214,starter,NA,2024,17
3,Joe Mixon,RB,4,0,-10.137344028520499,starter,NA,2024,0
3,Kenneth Walker III,RB,4,33.6,23.462655971479503,starter,NA,2024,13.6
3,Justin Jefferson,WR,4,20.5,8.366372549019609,starter,NA,2024,18.5
3,D.J. Moore,WR,4,11.2,-0.9336274509803921,starter,NA,2024,14.3
3,Brock Bowers,TE,4,5.1,-0.8471078431372545,starter,NA,2024,14.4
3,Allen Lazard,WR,4,10.8,-1.3336274509803907,starter,NA,2024,8.4
3,Sam Darnold,QB,4,21.5,7.708245098039216,starter,NA,2024,15
3,Jake Elliott,K,4,2,-5.769117647058823,starter,NA,2024,27
3,San Francisco 49ers,DST,4,26,19.48764705882353,starter,NA,2024,32
4,Joe Burrow,QB,4,17.28,3.488245098039217,starter,NA,2024,18
4,James Cook,RB,4,5.8,-4.337344028520499,starter,NA,2024,17.3
4,Jordan Mason,RB,4,24,13.862655971479501,starter,NA,2024,16.7
4,Amon-Ra St. Brown,WR,4,20.78,8.64637254901961,starter,NA,2024,18.2
4,Chris Olave,WR,4,16.7,4.566372549019608,starter,NA,2024,16.7
4,Dalton Schultz,TE,4,6.4,0.4528921568627462,starter,NA,2024,7.2
4,Amari Cooper,WR,4,7.5,-4.633627450980391,starter,NA,2024,13.9
4,Matthew Stafford,QB,4,5.86,-7.931754901960784,starter,NA,2024,12.7
4,Ka'imi Fairbairn,K,4,6,-1.769117647058823,starter,NA,2024,29
4,Tennessee Titans,DST,4,10,3.48764705882353,starter,NA,2024,28
5,Trevor Lawrence,QB,4,14.76,0.9682450980392154,starter,NA,2024,15
5,Kyren Williams,RB,4,20.4,10.2626559714795,starter,NA,2024,18.8
5,Travis Etienne,RB,4,7,-3.1373440285204985,starter,NA,2024,13.2
5,Ja'Marr Chase,WR,4,17.5,5.366372549019609,starter,NA,2024,18.9
5,Stefon Diggs,WR,4,18.5,6.366372549019609,starter,NA,2024,14.6
5,Jonnu Smith,TE,4,0,-5.947107843137254,starter,NA,2024,5.2
5,Diontae Johnson,WR,4,21.3,9.16637254901961,starter,NA,2024,14.2
5,Geno Smith,QB,4,22.6,8.808245098039217,starter,NA,2024,16.4
5,Jake Moody,K,4,13,5.230882352941177,starter,NA,2024,30
5,Cincinnati Bengals,DST,4,2,-4.51235294117647,starter,NA,2024,17
6,Josh Allen,QB,4,7.3,-6.4917549019607845,starter,NA,2024,23.7
6,Jahmyr Gibbs,RB,4,19.8,7.666372549019609,starter,NA,2024,16.9
6,Tony Pollard,RB,4,18.8,6.666372549019609,starter,NA,2024,14.1
6,Tee Higgins,WR,4,12,1.7484313725490193,starter,NA,2024,12.2
6,Khalil Shakir,WR,4,10.2,-0.05156862745098145,starter,NA,2024,13.1
6,Dallas Goedert,TE,4,13.2,7.252892156862745,starter,NA,2024,14.3
6,Devin Singletary,RB,4,4.8,-7.333627450980392,starter,NA,2024,14.3
6,Kirk Cousins,QB,4,8.52,-5.271754901960785,starter,NA,2024,14.6
6,Daniel Carlson,K,4,10,2.230882352941177,starter,NA,2024,20
6,Cleveland Browns,DST,4,12,5.48764705882353,starter,NA,2024,24
7,Patrick Mahomes,QB,4,14,0.20824509803921565,starter,NA,2024,20.2
7,Bijan Robinson,RB,4,11.4,1.2626559714795018,starter,NA,2024,17.3
7,J.K. Dobbins,RB,4,9.2,-0.9373440285204993,starter,NA,2024,14
7,Nico Collins,WR,4,33.1,20.96637254901961,starter,NA,2024,18.3
7,Zay Flowers,WR,4,2,-10.133627450980391,starter,NA,2024,15.4
7,Dalton Kincaid,TE,4,9.7,3.752892156862745,starter,NA,2024,10.4
7,Jayden Reed,WR,4,27.1,14.96637254901961,starter,NA,2024,14.7
7,Bo Nix,QB,4,6.7,-7.091754901960784,starter,NA,2024,14.3
7,Evan McPherson,K,4,13,5.230882352941177,starter,NA,2024,28
7,Miami Dolphins,DST,4,2,-4.51235294117647,starter,NA,2024,6
8,Jalen Hurts,QB,4,16.32,2.528245098039216,starter,NA,2024,21.2
8,Rachaad White,RB,4,10.4,0.2626559714795018,starter,NA,2024,12.4
8,Chuba Hubbard,RB,4,22.1,11.962655971479503,starter,NA,2024,13.5
8,Garrett Wilson,WR,4,7.1,-5.033627450980392,starter,NA,2024,14.7
8,Rome Odunze,WR,4,2,-10.133627450980391,starter,NA,2024,8.8
8,Colby Parkinson,TE,4,7.3,1.3528921568627457,starter,NA,2024,9.4
8,Jordan Addison,WR,4,22.9,10.766372549019607,starter,NA,2024,10.5
8,Anthony Richardson,QB,4,5.24,-8.551754901960784,starter,NA,2024,18.7
8,Cameron Dicker,K,4,5,-2.769117647058823,starter,NA,2024,18
8,Dallas Cowboys,DST,4,5,-1.51235294117647,starter,NA,2024,27
9,Jared Goff,QB,4,27.18,13.388245098039215,starter,NA,2024,14.8
9,James Conner,RB,4,18.3,8.162655971479502,starter,NA,2024,15.1
9,Jonathan Taylor,RB,4,19.8,9.662655971479502,starter,NA,2024,15.1
9,Chris Godwin,WR,4,12.9,0.7663725490196089,starter,NA,2024,16
9,Malik Nabers,WR,4,23.1,10.96637254901961,starter,NA,2024,16.2
9,Zach Ertz,TE,4,7.2,1.252892156862746,starter,NA,2024,9.5
9,Christian Kirk,WR,4,19.1,6.96637254901961,starter,NA,2024,10.6
9,Malik Willis,QB,4,0,-13.791754901960784,starter,NA,2024,0
9,Blake Grupe,K,4,7,-0.769117647058823,starter,NA,2024,22
9,Minnesota Vikings,DST,4,9,2.48764705882353,starter,NA,2024,11
10,C.J. Stroud,QB,4,23.5,9.708245098039216,starter,NA,2024,18
10,Chase Brown,RB,4,23.2,13.0626559714795,starter,NA,2024,5.9
10,Brian Robinson Jr.,RB,4,20.3,10.162655971479502,starter,NA,2024,13.2
10,Tyreek Hill,WR,4,8.2,-3.933627450980392,starter,NA,2024,14.2
10,Jakobi Meyers,WR,4,9.9,-2.233627450980391,starter,NA,2024,12.3
10,George Kittle,TE,4,14.5,8.552892156862747,starter,NA,2024,13.3
10,Ladd McConkey,WR,4,17.7,5.566372549019608,starter,NA,2024,11.4
10,Jayden Daniels,QB,4,25.02,11.228245098039215,starter,NA,2024,19.5
10,Brandon Aubrey,K,4,10,2.230882352941177,starter,NA,2024,32
10,Kansas City Chiefs,DST,4,6,-0.51235294117647,starter,NA,2024,25
11,Lamar Jackson,QB,4,23.64,9.848245098039216,starter,NA,2024,22.2
11,Breece Hall,RB,4,3.8,-8.33362745098039,starter,NA,2024,19.5
11,Najee Harris,RB,4,10.3,-1.8336274509803907,starter,NA,2024,12.6
11,Jameson Williams,WR,4,16,5.748431372549019,starter,NA,2024,13.8
11,DK Metcalf,WR,4,15.4,5.14843137254902,starter,NA,2024,15.3
11,Kyle Pitts,TE,4,0,-5.947107843137254,starter,NA,2024,13
11,Rhamondre Stevenson,RB,4,8.2,-3.933627450980392,starter,NA,2024,13.9
11,Deshaun Watson,QB,4,13.24,-0.5517549019607841,starter,NA,2024,16
11,Tyler Bass,K,4,5,-2.769117647058823,starter,NA,2024,24
11,Tampa Bay Buccaneers,DST,4,12,5.48764705882353,starter,NA,2024,13
12,Andy Dalton,QB,4,16.7,2.908245098039215,starter,NA,2024,14.8
12,Saquon Barkley,RB,4,13.6,1.4663725490196082,starter,NA,2024,20
12,Derrick Henry,RB,4,35.9,23.766372549019607,starter,NA,2024,13.6
12,George Pickens,WR,4,16.3,6.04843137254902,starter,NA,2024,13.9
12,Rashee Rice,WR,4,0,-10.25156862745098,starter,NA,2024,18.5
12,Sam LaPorta,TE,4,9.3,3.3528921568627466,starter,NA,2024,11.2
12,Aaron Jones,RB,4,17.9,5.766372549019607,starter,NA,2024,16.8
12,Baker Mayfield,QB,4,28.88,15.088245098039215,starter,NA,2024,17.2
12,Chris Boswell,K,4,8,0.23088235294117698,starter,NA,2024,21
12,Pittsburgh Steelers,DST,4,3,-3.51235294117647,starter,NA,2024,30
1,Caleb Williams,QB,5,23.56,12.273078431372548,starter,NA,2024,15.2
1,Alvin Kamara,RB,5,12.6,2.9630392156862744,starter,NA,2024,20.1
1,Kareem Hunt,RB,5,18.7,9.063039215686274,starter,NA,2024,10.3
1,Marvin Harrison Jr.,WR,5,5.6,-4.908235294117647,starter,NA,2024,16.6
1,Keenan Allen,WR,5,6.3,-4.208235294117647,starter,NA,2024,8.8
1,Tyler Conklin,TE,5,11.5,3.0212254901960787,starter,NA,2024,7.8
1,Zack Moss,RB,5,8.2,-1.436960784313726,starter,NA,2024,14.1
1,Kyler Murray,QB,5,25.1,13.813078431372551,starter,NA,2024,20.8
1,Justin Tucker,K,5,13,5.230882352941177,starter,NA,2024,31
1,New York Jets,DST,5,9,3.2459803921568637,starter,NA,2024,19
2,Brock Purdy,QB,5,15.06,5.833275324675325,starter,NA,2024,17
2,De'Von Achane,RB,5,2.7,-6.7606773618538325,starter,NA,2024,15.6
2,Austin Ekeler,RB,5,11.7,2.2393226381461666,starter,NA,2024,10.7
2,CeeDee Lamb,WR,5,11.4,0.11307843137254991,starter,NA,2024,17.4
2,Drake London,WR,5,33.4,22.11307843137255,starter,NA,2024,13.9
2,Jake Ferguson,TE,5,13,4.521225490196079,starter,NA,2024,12.3
2,Brandon Aiyuk,WR,5,22.7,11.413078431372549,starter,NA,2024,13.7
2,Mike Evans,WR,5,23.2,11.913078431372549,starter,NA,2024,16
2,Younghoe Koo,K,5,15,7.230882352941177,starter,NA,2024,26
2,Buffalo Bills,DST,5,6,0.24598039215686374,starter,NA,2024,14
3,Dak Prescott,QB,5,18.38,7.093078431372549,starter,NA,2024,16.6
3,Javonte Williams,RB,5,16.1,6.463039215686276,starter,NA,2024,11.8
3,Kenneth Walker III,RB,5,14.6,4.963039215686274,starter,NA,2024,14.8
3,Justin Jefferson,WR,5,15.2,4.691764705882353,starter,NA,2024,18.2
3,D.J. Moore,WR,5,27.5,16.991764705882353,starter,NA,2024,12.8
3,Brock Bowers,TE,5,23.7,15.221225490196078,starter,NA,2024,12.6
3,Justice Hill,RB,5,3.5,-6.136960784313725,starter,NA,2024,6.4
3,Sam Darnold,QB,5,5.26,-6.026921568627451,starter,NA,2024,16.1
3,Austin Seibert,K,5,10,2.230882352941177,starter,NA,2024,16
3,San Francisco 49ers,DST,5,12,6.245980392156864,starter,NA,2024,30
4,Joe Burrow,QB,5,34.78,23.493078431372552,starter,NA,2024,18
4,James Cook,RB,5,17.9,8.263039215686273,starter,NA,2024,17.2
4,D'Andre Swift,RB,5,20,10.363039215686275,starter,NA,2024,15.4
4,Jaxon Smith-Njigba,WR,5,13.1,2.591764705882353,starter,NA,2024,14.4
4,Chris Olave,WR,5,3,-7.508235294117647,starter,NA,2024,13.6
4,Trey McBride,TE,5,11.3,2.8212254901960794,starter,NA,2024,11.8
4,Jordan Mason,RB,5,8.8,-0.8369607843137246,starter,NA,2024,17.7
4,Matthew Stafford,QB,5,13.4,2.11307843137255,starter,NA,2024,12.5
4,Ka'imi Fairbairn,K,5,16,8.230882352941176,starter,NA,2024,29
4,Denver Broncos,DST,5,16,10.245980392156863,starter,NA,2024,32
5,Trevor Lawrence,QB,5,22.24,10.953078431372548,starter,NA,2024,14.6
5,Kyren Williams,RB,5,15.5,6.039322638146167,starter,NA,2024,19.5
5,Travis Etienne,RB,5,12,2.5393226381461673,starter,NA,2024,12.8
5,Ja'Marr Chase,WR,5,41.3,31.663039215686272,starter,NA,2024,18.6
5,Stefon Diggs,WR,5,14.2,4.563039215686274,starter,NA,2024,15
5,Jonnu Smith,TE,5,11.1,2.6212254901960783,starter,NA,2024,3.2
5,Diontae Johnson,WR,5,5.9,-3.736960784313725,starter,NA,2024,15.1
5,Geno Smith,QB,5,22.56,11.273078431372548,starter,NA,2024,17.2
5,Jake Moody,K,5,8,0.23088235294117698,starter,NA,2024,32
5,Chicago Bears,DST,5,16,10.245980392156863,starter,NA,2024,27
6,Josh Allen,QB,5,14.64,3.35307843137255,starter,NA,2024,21.6
6,Devin Singletary,RB,5,0,-9.460677361853833,starter,NA,2024,0
6,Jaylen Wright,RB,5,8.6,-0.860677361853833,starter,NA,2024,1.6
6,Tee Higgins,WR,5,29.3,19.663039215686275,starter,NA,2024,13.9
6,Khalil Shakir,WR,5,0,-9.636960784313725,starter,NA,2024,0
6,Dallas Goedert,TE,5,0,-8.478774509803921,starter,NA,2024,0
6,Tank Dell,WR,5,7.3,-2.3369607843137254,starter,NA,2024,11.2
6,Kirk Cousins,QB,5,35.36,24.07307843137255,starter,NA,2024,14.1
6,Daniel Carlson,K,5,5,-2.769117647058823,starter,NA,2024,9
6,Washington Commanders,DST,5,14,8.245980392156863,starter,NA,2024,17
7,Patrick Mahomes,QB,5,14.44,3.153078431372549,starter,NA,2024,17.8
7,Bijan Robinson,RB,5,10.7,1.2393226381461666,starter,NA,2024,17.1
7,Jerome Ford,RB,5,7.9,-1.5606773618538323,starter,NA,2024,13.9
7,Nico Collins,WR,5,15.8,6.163039215686275,starter,NA,2024,17.5
7,Zay Flowers,WR,5,19,9.363039215686275,starter,NA,2024,13.9
7,Dalton Kincaid,TE,5,5.4,-3.078774509803921,starter,NA,2024,10.4
7,Jayden Reed,WR,5,13.7,4.063039215686274,starter,NA,2024,18
7,Bo Nix,QB,5,23.14,11.85307843137255,starter,NA,2024,13.3
7,Evan McPherson,K,5,3,-4.769117647058823,starter,NA,2024,28
7,Seattle Seahawks,DST,5,12,6.245980392156864,starter,NA,2024,29
8,Joe Flacco,QB,5,26.56,17.333275324675324,starter,NA,2024,14.8
8,Rachaad White,RB,5,9.6,-1.6869215686274508,starter,NA,2024,13.6
8,Chuba Hubbard,RB,5,17.5,6.21307843137255,starter,NA,2024,14.3
8,Garrett Wilson,WR,5,29.1,17.813078431372553,starter,NA,2024,14.7
8,Jordan Addison,WR,5,6.6,-4.686921568627451,starter,NA,2024,10.6
8,Evan Engram,TE,5,0,-8.478774509803921,starter,NA,2024,0
8,Alexander Mattison,RB,5,10.1,-1.1869215686274508,starter,NA,2024,13
8,Darnell Mooney,WR,5,31.5,20.21307843137255,starter,NA,2024,11.1
8,Harrison Butker,K,5,13,5.230882352941177,starter,NA,2024,30
8,Dallas Cowboys,DST,5,8,2.2459803921568637,starter,NA,2024,24
9,Jacoby Brissett,QB,5,7.4,-1.8267246753246749,starter,NA,2024,12
9,James Conner,RB,5,14,4.539322638146167,starter,NA,2024,13.3
9,Dare Ogunbowale,RB,5,14.7,5.239322638146167,starter,NA,2024,6.3
9,Chris Godwin,WR,5,11.6,0.3130784313725492,starter,NA,2024,16.1
9,Jordan Whittington,WR,5,15.9,4.61307843137255,starter,NA,2024,11.9
9,Travis Kelce,TE,5,16,7.521225490196079,starter,NA,2024,14.9
9,Christian Kirk,WR,5,12.8,1.5130784313725503,starter,NA,2024,11.7
9,Terry McLaurin,WR,5,13.4,2.11307843137255,starter,NA,2024,14.4
9,Brayden Narveson,K,5,7,-0.769117647058823,starter,NA,2024,19
9,Minnesota Vikings,DST,5,17,11.245980392156863,starter,NA,2024,28
10,C.J. Stroud,QB,5,16.94,5.653078431372551,starter,NA,2024,18
10,Chase Brown,RB,5,16.4,6.939322638146166,starter,NA,2024,6.9
10,Brian Robinson Jr.,RB,5,13.8,4.339322638146168,starter,NA,2024,12.5
10,Tyreek Hill,WR,5,12.9,3.263039215686275,starter,NA,2024,13.3
10,Jakobi Meyers,WR,5,13.2,3.563039215686274,starter,NA,2024,12.1
10,George Kittle,TE,5,20.4,11.921225490196077,starter,NA,2024,13.2
10,Rashod Bateman,WR,5,15.8,6.163039215686275,starter,NA,2024,7.5
10,Jayden Daniels,QB,5,20.72,9.433078431372548,starter,NA,2024,20.9
10,Brandon Aubrey,K,5,9,1.230882352941177,starter,NA,2024,27
10,Kansas City Chiefs,DST,5,7,1.2459803921568637,starter,NA,2024,23
11,Lamar Jackson,QB,5,33.42,22.133078431372553,starter,NA,2024,22.5
11,Breece Hall,RB,5,6.7,-2.7606773618538325,starter,NA,2024,17.1
11,Najee Harris,RB,5,9.7,0.2393226381461666,starter,NA,2024,13.9
11,Michael Pittman Jr.,WR,5,14.7,5.063039215686274,starter,NA,2024,15
11,DK Metcalf,WR,5,7.5,-2.1369607843137253,starter,NA,2024,17
11,Kyle Pitts,TE,5,15.8,7.321225490196079,starter,NA,2024,7.6
11,Brian Thomas Jr.,WR,5,23.2,13.563039215686274,starter,NA,2024,13.1
11,Deshaun Watson,QB,5,8.4,-2.88692156862745,starter,NA,2024,16.8
11,Tyler Bass,K,5,8,0.23088235294117698,starter,NA,2024,23
11,Tampa Bay Buccaneers,DST,5,5,-0.7540196078431363,starter,NA,2024,15
12,Jordan Love,QB,5,16.96,5.67307843137255,starter,NA,2024,17.8
12,Josh Jacobs,RB,5,16.4,6.763039215686273,starter,NA,2024,13.2
12,Derrick Henry,RB,5,16.6,6.963039215686276,starter,NA,2024,14.4
12,Wan'Dale Robinson,WR,5,16,5.491764705882353,starter,NA,2024,13.6
12,George Pickens,WR,5,5.6,-4.908235294117647,starter,NA,2024,14.2
12,Pat Freiermuth,TE,5,9.2,0.721225490196078,starter,NA,2024,9.2
12,Aaron Jones,RB,5,6.3,-3.3369607843137254,starter,NA,2024,17.5
12,Baker Mayfield,QB,5,23.4,12.113078431372548,starter,NA,2024,17.5
12,Chris Boswell,K,5,6,-1.769117647058823,starter,NA,2024,24
12,Pittsburgh Steelers,DST,5,13,7.245980392156864,starter,NA,2024,20
1,Caleb Williams,QB,6,29.64,16.068745098039216,starter,NA,2024,16.5
1,Alvin Kamara,RB,6,17.4,6.590539215686272,starter,NA,2024,20.1
1,David Montgomery,RB,6,21,10.190539215686274,starter,NA,2024,13.1
1,Marvin Harrison Jr.,WR,6,0,-10.187401960784314,starter,NA,2024,16
1,DeVonta Smith,WR,6,15.4,5.2125980392156865,starter,NA,2024,14.6
1,Tyler Conklin,TE,6,3,-4.37627450980392,starter,NA,2024,9
1,Zack Moss,RB,6,0.5,-10.309460784313726,starter,NA,2024,12.3
1,Kyler Murray,QB,6,11.96,-1.611254901960784,starter,NA,2024,20.1
1,Justin Tucker,K,6,13,5.580882352941177,starter,NA,2024,29
2,Brock Purdy,QB,6,24.1,15.441293506493508,starter,NA,2024,17.4
2,Braelon Allen,RB,6,0.8,-8.8298440285205,starter,NA,2024,6.8
2,Ezekiel Elliott,RB,6,1.7,-7.9298440285205,starter,NA,2024,4
2,CeeDee Lamb,WR,6,16.1,2.5287450980392165,starter,NA,2024,17.8
2,Drake London,WR,6,19.4,5.828745098039214,starter,NA,2024,15.2
2,Jake Ferguson,TE,6,4.1,-3.2762745098039208,starter,NA,2024,13.6
2,Brandon Aiyuk,WR,6,5.7,-7.871254901960785,starter,NA,2024,14.7
2,Mike Evans,WR,6,5.4,-8.171254901960785,starter,NA,2024,16.3
2,Younghoe Koo,K,6,12,4.580882352941177,starter,NA,2024,28
2,Buffalo Bills,DST,6,7,1.3043137254901964,starter,NA,2024,19
3,Dak Prescott,QB,6,5.22,-8.351254901960786,starter,NA,2024,17.2
3,Javonte Williams,RB,6,4.6,-6.209460784313727,starter,NA,2024,12.5
3,Kenneth Walker III,RB,6,20.9,10.090539215686272,starter,NA,2024,14.4
3,Allen Lazard,WR,6,23.4,13.212598039215685,starter,NA,2024,8.8
3,D.J. Moore,WR,6,6,-4.187401960784314,starter,NA,2024,13.3
3,Brock Bowers,TE,6,16.1,8.723725490196081,starter,NA,2024,13.8
3,Joe Mixon,RB,6,27.2,16.390539215686275,starter,NA,2024,12.9
3,Will Levis,QB,6,8.3,-5.271254901960784,starter,NA,2024,14.7
3,Jake Elliott,K,6,9,1.5808823529411766,starter,NA,2024,31
3,San Francisco 49ers,DST,6,8,2.3043137254901964,starter,NA,2024,26
4,Joe Burrow,QB,6,19.82,11.161293506493507,starter,NA,2024,18.9
4,D'Andre Swift,RB,6,21.9,8.328745098039214,starter,NA,2024,15.9
4,Jordan Mason,RB,6,9.2,-4.371254901960786,starter,NA,2024,16.2
4,Amon-Ra St. Brown,WR,6,13.7,0.1287450980392144,starter,NA,2024,18.7
4,Chris Olave,WR,6,-0.5,-14.071254901960785,starter,NA,2024,12.8
4,Trey McBride,TE,6,17.6,10.223725490196081,starter,NA,2024,12
4,Jaxon Smith-Njigba,WR,6,10.3,-3.271254901960784,starter,NA,2024,14.6
4,James Cook,RB,6,0,-13.571254901960785,starter,NA,2024,17.1
4,Ka'imi Fairbairn,K,6,11,3.5808823529411766,starter,NA,2024,25
4,Denver Broncos,DST,6,4,-1.6956862745098036,starter,NA,2024,30
5,Trevor Lawrence,QB,6,18.06,4.488745098039214,starter,NA,2024,14.5
5,Kyren Williams,RB,6,0,-9.6298440285205,starter,NA,2024,0
5,Travis Etienne,RB,6,-0.1,-9.7298440285205,starter,NA,2024,12.1
5,Ja'Marr Chase,WR,6,12.2,1.3905392156862728,starter,NA,2024,18.8
5,Stefon Diggs,WR,6,19.7,8.890539215686273,starter,NA,2024,16.4
5,Jonnu Smith,TE,6,0,-7.37627450980392,starter,NA,2024,0
5,Diontae Johnson,WR,6,19.8,8.990539215686274,starter,NA,2024,14
5,Geno Smith,QB,6,14.48,0.9087450980392155,starter,NA,2024,17.6
5,Jake Moody,K,6,0,-7.419117647058823,starter,NA,2024,0
5,Chicago Bears,DST,6,11,5.304313725490196,starter,NA,2024,27
6,Josh Allen,QB,6,24.4,10.828745098039214,starter,NA,2024,21
6,Tony Pollard,RB,6,17.8,8.1701559714795,starter,NA,2024,12.9
6,Jahmyr Gibbs,RB,6,12.1,2.4701559714794996,starter,NA,2024,14.9
6,Tee Higgins,WR,6,14.7,3.890539215686273,starter,NA,2024,14.3
6,A.J. Brown,WR,6,23.6,12.790539215686275,starter,NA,2024,16.1
6,Dallas Goedert,TE,6,0,-7.37627450980392,starter,NA,2024,11.8
6,Tank Dell,WR,6,18.7,7.890539215686273,starter,NA,2024,11.6
6,Kirk Cousins,QB,6,12.5,-1.0712549019607849,starter,NA,2024,14.4
6,Daniel Carlson,K,6,1,-6.419117647058823,starter,NA,2024,5
6,Los Angeles Chargers,DST,6,8,2.3043137254901964,starter,NA,2024,28
7,Bo Nix,QB,6,21.74,13.081293506493505,starter,NA,2024,14.4
7,Bijan Robinson,RB,6,25.5,11.928745098039215,starter,NA,2024,16.2
7,J.K. Dobbins,RB,6,18.2,4.628745098039214,starter,NA,2024,15
7,Jayden Reed,WR,6,14.8,1.2287450980392158,starter,NA,2024,18
7,Zay Flowers,WR,6,22.4,8.828745098039214,starter,NA,2024,15.4
7,Dalton Kincaid,TE,6,11.1,3.7237254901960792,starter,NA,2024,10
7,Amari Cooper,WR,6,8.2,-5.371254901960786,starter,NA,2024,14.7
7,Rico Dowdle,RB,6,10.5,-3.071254901960785,starter,NA,2024,10.8
7,Evan McPherson,K,6,5,-2.4191176470588234,starter,NA,2024,23
7,Houston Texans,DST,6,15,9.304313725490196,starter,NA,2024,29
8,Jalen Hurts,QB,6,21.86,8.288745098039215,starter,NA,2024,20.8
8,Chuba Hubbard,RB,6,15.3,5.670155971479501,starter,NA,2024,13.4
8,Alexander Mattison,RB,6,17.5,7.8701559714795,starter,NA,2024,11.3
8,Garrett Wilson,WR,6,24.7,13.890539215686273,starter,NA,2024,15
8,Darnell Mooney,WR,6,6.8,-4.009460784313727,starter,NA,2024,11.3
8,Evan Engram,TE,6,18.2,10.823725490196079,starter,NA,2024,6.6
8,Ray-Ray McCloud,WR,6,4.3,-6.509460784313727,starter,NA,2024,7.5
8,Anthony Richardson,QB,6,0,-13.571254901960785,starter,NA,2024,0
8,Brayden Narveson,K,6,10,2.5808823529411766,starter,NA,2024,27
8,Dallas Cowboys,DST,6,0,-5.695686274509804,starter,NA,2024,11
9,Jared Goff,QB,6,25.1,16.44129350649351,starter,NA,2024,14.9
9,James Conner,RB,6,6.6,-3.0298440285205004,starter,NA,2024,13.8
9,Dare Ogunbowale,RB,6,1.8,-7.8298440285205,starter,NA,2024,4.2
9,Chris Godwin,WR,6,35.5,21.928745098039215,starter,NA,2024,16.3
9,Terry McLaurin,WR,6,23.3,9.728745098039216,starter,NA,2024,15.1
9,Zach Ertz,TE,6,10.8,3.4237254901960803,starter,NA,2024,7.5
9,Christian Kirk,WR,6,6.9,-6.6712549019607845,starter,NA,2024,11.8
9,Darius Slayton,WR,6,11.7,-1.8712549019607856,starter,NA,2024,13.5
9,Chase McLaughlin,K,6,9,1.5808823529411766,starter,NA,2024,14
9,Green Bay Packers,DST,6,12,6.304313725490196,starter,NA,2024,22
10,C.J. Stroud,QB,6,19.38,5.808745098039214,starter,NA,2024,17.5
10,Chase Brown,RB,6,14.4,4.7701559714795,starter,NA,2024,7.7
10,Emanuel Wilson,RB,6,8.3,-1.3298440285204993,starter,NA,2024,4.9
10,Ladd McConkey,WR,6,8.3,-2.5094607843137258,starter,NA,2024,12
10,Jakobi Meyers,WR,6,0,-10.809460784313726,starter,NA,2024,0
10,George Kittle,TE,6,22.8,15.42372549019608,starter,NA,2024,13.6
10,Rashod Bateman,WR,6,11.1,0.29053921568627317,starter,NA,2024,8
10,Jayden Daniels,QB,6,20.96,7.388745098039216,starter,NA,2024,22.1
10,Brandon Aubrey,K,6,12,4.580882352941177,starter,NA,2024,30
10,Philadelphia Eagles,DST,6,6,0.3043137254901964,starter,NA,2024,31
11,Lamar Jackson,QB,6,19.92,6.348745098039217,starter,NA,2024,23
11,Breece Hall,RB,6,21.9,12.270155971479499,starter,NA,2024,15.7
11,Najee Harris,RB,6,20.2,10.5701559714795,starter,NA,2024,12.3
11,Michael Pittman Jr.,WR,6,12.5,1.6905392156862735,starter,NA,2024,12.5
11,DK Metcalf,WR,6,7.8,-3.0094607843137267,starter,NA,2024,17.2
11,Tucker Kraft,TE,6,3.5,-3.8762745098039204,starter,NA,2024,10.5
11,Brian Thomas Jr.,WR,6,5.7,-5.109460784313726,starter,NA,2024,13.7
11,Deshaun Watson,QB,6,8.42,-5.151254901960785,starter,NA,2024,14.9
11,Tyler Bass,K,6,3,-4.419117647058823,starter,NA,2024,17
11,Tampa Bay Buccaneers,DST,6,19,13.304313725490196,starter,NA,2024,24
12,Jordan Love,QB,6,26.62,13.048745098039216,starter,NA,2024,17.5
12,Josh Jacobs,RB,6,12,1.1905392156862735,starter,NA,2024,12.5
12,Derrick Henry,RB,6,25.2,14.390539215686273,starter,NA,2024,16.9
12,Wan'Dale Robinson,WR,6,10,-0.18740196078431381,starter,NA,2024,13.7
12,George Pickens,WR,6,8.3,-1.887401960784313,starter,NA,2024,13.7
12,Sam LaPorta,TE,6,12.2,4.823725490196079,starter,NA,2024,9.7
12,Saquon Barkley,RB,6,7.4,-3.409460784313726,starter,NA,2024,18.9
12,Baker Mayfield,QB,6,28.9,15.328745098039214,starter,NA,2024,18.1
12,Chris Boswell,K,6,17,9.580882352941178,starter,NA,2024,32
12,Pittsburgh Steelers,DST,6,15,9.304313725490196,starter,NA,2024,32
1,Justin Herbert,QB,7,14.76,7.083911764705882,starter,NA,2024,11.9
1,Alvin Kamara,RB,7,8.4,0.413872549019608,starter,NA,2024,17.9
1,David Montgomery,RB,7,8,0.01387254901960766,starter,NA,2024,14.2
1,Marvin Harrison Jr.,WR,7,5.1,-0.047401960784313246,starter,NA,2024,13
1,DeVonta Smith,WR,7,0.8,-4.347401960784313,starter,NA,2024,14.1
1,Mark Andrews,TE,7,20.1,13.032892156862747,starter,NA,2024,7.7
1,Kareem Hunt,RB,7,22.3,14.313872549019608,starter,NA,2024,12.8
1,Kyler Murray,QB,7,21.2,13.523911764705883,starter,NA,2024,18.8
1,Justin Tucker,K,7,13,5.405882352941177,starter,NA,2024,32
1,New York Jets,DST,7,-3,-10.037352941176469,starter,NA,2024,28
2,Brock Purdy,QB,7,20.18,12.503911764705883,starter,NA,2024,17.4
2,De'Von Achane,RB,7,10.5,1.1209893048128343,starter,NA,2024,12.8
2,Austin Ekeler,RB,7,4,-5.379010695187166,starter,NA,2024,10.7
2,Mike Evans,WR,7,9.5,1.5138725490196077,starter,NA,2024,15.9
2,Brandon Aiyuk,WR,7,4.3,-3.6861274509803925,starter,NA,2024,11.6
2,Isaiah Likely,TE,7,3.7,-3.367107843137254,starter,NA,2024,8.4
2,Drake London,WR,7,18.3,10.313872549019608,starter,NA,2024,15.9
2,Daniel Jones,QB,7,5.96,-1.7160882352941176,starter,NA,2024,16.9
2,Younghoe Koo,K,7,1,-6.594117647058823,starter,NA,2024,31
2,Buffalo Bills,DST,7,13,5.9626470588235305,starter,NA,2024,31
3,Sam Darnold,QB,7,17.26,9.583911764705885,starter,NA,2024,17.1
3,Javonte Williams,RB,7,26.1,18.11387254901961,starter,NA,2024,13.7
3,Kenneth Walker III,RB,7,23.3,15.313872549019608,starter,NA,2024,16.3
3,Gabe Davis,WR,7,2.3,-2.847401960784313,starter,NA,2024,6.3
3,Justin Jefferson,WR,7,21.4,16.252598039215684,starter,NA,2024,20.8
3,Brock Bowers,TE,7,19.3,12.232892156862746,starter,NA,2024,14
3,Joe Mixon,RB,7,26.4,18.413872549019608,starter,NA,2024,15.7
3,Will Levis,QB,7,0,-7.6760882352941175,starter,NA,2024,0
3,Jake Elliott,K,7,4,-3.594117647058823,starter,NA,2024,22
3,San Francisco 49ers,DST,7,5,-2.0373529411764695,starter,NA,2024,20
4,Joe Burrow,QB,7,14.94,7.263911764705882,starter,NA,2024,18
4,James Cook,RB,7,9.2,-0.1790106951871664,starter,NA,2024,15.7
4,Jordan Mason,RB,7,8.9,-0.4790106951871653,starter,NA,2024,12.6
4,Amon-Ra St. Brown,WR,7,25.2,20.052598039215688,starter,NA,2024,17
4,Jaxon Smith-Njigba,WR,7,5.3,0.15259803921568693,starter,NA,2024,14.4
4,Trey McBride,TE,7,10.1,2.1138725490196073,starter,NA,2024,13.6
4,Dalton Schultz,TE,7,3.8,-4.1861274509803925,starter,NA,2024,6.8
4,Matthew Stafford,QB,7,4.96,-2.7160882352941176,starter,NA,2024,13.8
4,Ka'imi Fairbairn,K,7,12,4.405882352941177,starter,NA,2024,23
4,Denver Broncos,DST,7,22,14.962647058823531,starter,NA,2024,32
5,Trevor Lawrence,QB,7,15.02,7.343911764705882,starter,NA,2024,15.2
5,Kyren Williams,RB,7,19.6,10.220989304812836,starter,NA,2024,18.5
5,Ty Chandler,RB,7,0.4,-8.979010695187165,starter,NA,2024,6.4
5,Ja'Marr Chase,WR,7,17.6,9.613872549019609,starter,NA,2024,18.4
5,Stefon Diggs,WR,7,7.3,-0.6861274509803925,starter,NA,2024,16.6
5,David Njoku,TE,7,23.6,16.532892156862747,starter,NA,2024,9.5
5,Diontae Johnson,WR,7,2.7,-5.286127450980392,starter,NA,2024,16
5,Geno Smith,QB,7,17.78,10.103911764705884,starter,NA,2024,17.8
5,Jason Myers,K,7,12,4.405882352941177,starter,NA,2024,30
5,Indianapolis Colts,DST,7,12,4.9626470588235305,starter,NA,2024,25
6,Josh Allen,QB,7,21.02,13.343911764705883,starter,NA,2024,21.3
6,Tony Pollard,RB,7,8.5,-0.8790106951871657,starter,NA,2024,14.4
6,Jahmyr Gibbs,RB,7,32,22.620989304812834,starter,NA,2024,14.8
6,Tee Higgins,WR,7,18.2,10.213872549019607,starter,NA,2024,14.5
6,A.J. Brown,WR,7,19.9,11.913872549019606,starter,NA,2024,18.1
6,Noah Fant,TE,7,10.5,3.4328921568627457,starter,NA,2024,4.5
6,Cooper Kupp,WR,7,0,-7.986127450980392,starter,NA,2024,2
6,Kirk Cousins,QB,7,9.18,1.5039117647058822,starter,NA,2024,14.3
6,Daniel Carlson,K,7,16,8.405882352941177,starter,NA,2024,0
6,Los Angeles Chargers,DST,7,4,-3.0373529411764695,starter,NA,2024,27
7,Patrick Mahomes,QB,7,14.06,6.383911764705883,starter,NA,2024,18.4
7,Bijan Robinson,RB,7,23.3,13.920989304812835,starter,NA,2024,15.4
7,J.K. Dobbins,RB,7,9.6,0.22098930481283396,starter,NA,2024,13.8
7,Zay Flowers,WR,7,4,-3.9861274509803923,starter,NA,2024,15.9
7,Amari Cooper,WR,7,16.6,8.613872549019609,starter,NA,2024,8.6
7,Dalton Kincaid,TE,7,8.2,1.132892156862745,starter,NA,2024,9.8
7,Jayden Reed,WR,7,3,-4.986127450980392,starter,NA,2024,17.5
7,Bo Nix,QB,7,14.06,6.383911764705883,starter,NA,2024,16.2
7,Evan McPherson,K,7,2,-5.594117647058823,starter,NA,2024,27
7,Cincinnati Bengals,DST,7,16,8.962647058823531,starter,NA,2024,30
8,Jalen Hurts,QB,7,22.76,15.083911764705885,starter,NA,2024,20.5
8,Chuba Hubbard,RB,7,11.2,1.8209893048128336,starter,NA,2024,15.5
8,Rachaad White,RB,7,29.1,19.720989304812836,starter,NA,2024,9.7
8,Garrett Wilson,WR,7,13.1,5.113872549019607,starter,NA,2024,14.8
8,Jordan Addison,WR,7,9.6,1.6138725490196073,starter,NA,2024,11
8,Evan Engram,TE,7,8.5,1.4328921568627457,starter,NA,2024,11.2
8,Darnell Mooney,WR,7,9.6,1.6138725490196073,starter,NA,2024,11.5
8,Anthony Richardson,QB,7,8.76,1.0839117647058822,starter,NA,2024,17.3
8,Will Reichard,K,7,15,7.405882352941177,starter,NA,2024,21
8,New Orleans Saints,DST,7,3,-4.0373529411764695,starter,NA,2024,19
9,Jared Goff,QB,7,18.8,11.123911764705884,starter,NA,2024,14.5
9,James Conner,RB,7,17.2,7.820989304812834,starter,NA,2024,13.3
9,Tyler Goodson,RB,7,11.1,1.720989304812834,starter,NA,2024,7.4
9,Chris Godwin,WR,7,13.5,5.513872549019608,starter,NA,2024,17.7
9,Terry McLaurin,WR,7,15.8,7.813872549019608,starter,NA,2024,15
9,Travis Kelce,TE,7,5.7,-1.367107843137254,starter,NA,2024,15.1
9,Malik Nabers,WR,7,8.1,0.1138725490196073,starter,NA,2024,17.3
9,Tyler Huntley,QB,7,9.48,1.8039117647058829,starter,NA,2024,14.6
9,Chase McLaughlin,K,7,4,-3.594117647058823,starter,NA,2024,26
9,Green Bay Packers,DST,7,4,-3.0373529411764695,starter,NA,2024,13
10,C.J. Stroud,QB,7,5.34,-2.3360882352941177,starter,NA,2024,17.2
10,Chase Brown,RB,7,7.3,-2.079010695187166,starter,NA,2024,11.4
10,Brian Robinson Jr.,RB,7,13.1,3.720989304812834,starter,NA,2024,12.6
10,Ladd McConkey,WR,7,9.6,1.6138725490196073,starter,NA,2024,10.7
10,Tyreek Hill,WR,7,2.3,-5.6861274509803925,starter,NA,2024,12.1
10,George Kittle,TE,7,15.2,8.132892156862745,starter,NA,2024,13.2
10,Davante Adams,WR,7,6,-1.9861274509803923,starter,NA,2024,11
10,Jayden Daniels,QB,7,5.24,-2.4360882352941173,starter,NA,2024,22.1
10,Cameron Dicker,K,7,21,13.405882352941177,starter,NA,2024,12
10,Philadelphia Eagles,DST,7,16,8.962647058823531,starter,NA,2024,22
11,Lamar Jackson,QB,7,34.44,26.76391176470588,starter,NA,2024,22.3
11,Breece Hall,RB,7,26.1,16.720989304812836,starter,NA,2024,17
11,Najee Harris,RB,7,16.2,6.820989304812834,starter,NA,2024,12.8
11,Michael Pittman Jr.,WR,7,9.3,1.3138725490196084,starter,NA,2024,11
11,DK Metcalf,WR,7,19.9,11.913872549019606,starter,NA,2024,17
11,Tucker Kraft,TE,7,12.3,5.2328921568627464,starter,NA,2024,10.5
11,Brian Thomas Jr.,WR,7,22.1,14.113872549019609,starter,NA,2024,13.9
11,Deshaun Watson,QB,7,5.12,-2.5560882352941174,starter,NA,2024,13.5
11,Tyler Bass,K,7,10,2.405882352941177,starter,NA,2024,24
11,Tampa Bay Buccaneers,DST,7,0,-7.0373529411764695,starter,NA,2024,5
12,Jordan Love,QB,7,18.8,11.123911764705884,starter,NA,2024,18.5
12,Josh Jacobs,RB,7,20.2,12.213872549019607,starter,NA,2024,13.7
12,Derrick Henry,RB,7,25.2,17.213872549019605,starter,NA,2024,17.4
12,Wan'Dale Robinson,WR,7,8.3,3.152598039215688,starter,NA,2024,13
12,George Pickens,WR,7,22.1,16.952598039215687,starter,NA,2024,13.4
12,Sam LaPorta,TE,7,3.5,-3.5671078431372543,starter,NA,2024,9.2
12,Saquon Barkley,RB,7,26.7,18.713872549019605,starter,NA,2024,17.8
12,Baker Mayfield,QB,7,29,21.323911764705883,starter,NA,2024,19
12,Chris Boswell,K,7,14,6.405882352941177,starter,NA,2024,28
12,Pittsburgh Steelers,DST,7,9,1.9626470588235305,starter,NA,2024,29
1,Caleb Williams,QB,8,9.94,-3.2789215686274513,starter,NA,2024,17.7
1,Alvin Kamara,RB,8,18.2,5.535539215686276,starter,NA,2024,17.8
1,David Montgomery,RB,8,14.92,2.2555392156862766,starter,NA,2024,12.2
1,Marvin Harrison Jr.,WR,8,23.1,10.048431372549022,starter,NA,2024,11
1,DeVonta Smith,WR,8,20.5,7.44843137254902,starter,NA,2024,13.7
1,Hunter Henry,TE,8,9.5,1.7795588235294115,starter,NA,2024,11.9
1,Kareem Hunt,RB,8,13.3,0.6355392156862774,starter,NA,2024,13.8
1,Kyler Murray,QB,8,22.18,8.961078431372549,starter,NA,2024,18.8
1,Justin Tucker,K,8,6,-1.7107843137254903,starter,NA,2024,31
1,New York Jets,DST,8,3,-2.054019607843137,starter,NA,2024,19
2,Brock Purdy,QB,8,26,12.78107843137255,starter,NA,2024,17.3
2,De'Von Achane,RB,8,26.7,18.318489304812836,starter,NA,2024,14.1
2,Austin Ekeler,RB,8,7.8,-0.5815106951871654,starter,NA,2024,9.8
2,Deebo Samuel Sr.,WR,8,12.6,-0.0644607843137237,starter,NA,2024,15.6
2,CeeDee Lamb,WR,8,39.6,26.935539215686276,starter,NA,2024,16.1
2,Jake Ferguson,TE,8,8.3,0.5795588235294122,starter,NA,2024,11.7
2,Drake London,WR,8,7.4,-5.264460784313723,starter,NA,2024,16.5
2,Daniel Jones,QB,8,7.66,-5.558921568627451,starter,NA,2024,16.4
2,Harrison Butker,K,8,10,2.2892156862745097,starter,NA,2024,30
2,Buffalo Bills,DST,8,8,2.945980392156863,starter,NA,2024,20
3,Dak Prescott,QB,8,15.62,2.4010784313725484,starter,NA,2024,15.4
3,Javonte Williams,RB,8,9.2,-3.464460784313724,starter,NA,2024,13.3
3,Kenneth Walker III,RB,8,8.5,-4.164460784313723,starter,NA,2024,16.3
3,D.J. Moore,WR,8,5.4,-7.651568627450979,starter,NA,2024,14.4
3,Justin Jefferson,WR,8,19.5,6.44843137254902,starter,NA,2024,19.6
3,Brock Bowers,TE,8,10.8,3.0795588235294122,starter,NA,2024,14.3
3,Joe Mixon,RB,8,23.4,10.735539215686275,starter,NA,2024,18.3
3,Sam Darnold,QB,8,18.2,4.9810784313725485,starter,NA,2024,17.9
3,Jake Elliott,K,8,15,7.28921568627451,starter,NA,2024,12
3,San Francisco 49ers,DST,8,8,2.945980392156863,starter,NA,2024,25
4,Joe Burrow,QB,8,13.86,0.6410784313725486,starter,NA,2024,17.8
4,James Cook,RB,8,28.3,15.635539215686277,starter,NA,2024,14.5
4,D'Andre Swift,RB,8,18.9,6.235539215686275,starter,NA,2024,16.1
4,Amon-Ra St. Brown,WR,8,8.7,-4.35156862745098,starter,NA,2024,19.3
4,Chris Olave,WR,8,18.7,5.64843137254902,starter,NA,2024,11.4
4,Trey McBride,TE,8,21.4,13.67955882352941,starter,NA,2024,13.7
4,Jordan Mason,RB,8,1.8,-10.864460784313723,starter,NA,2024,14
4,Matthew Stafford,QB,8,25.76,12.54107843137255,starter,NA,2024,14.2
4,Ka'imi Fairbairn,K,8,11,3.2892156862745097,starter,NA,2024,25
4,Denver Broncos,DST,8,7,1.945980392156863,starter,NA,2024,32
5,Trevor Lawrence,QB,8,24.32,11.10107843137255,starter,NA,2024,15.6
5,Kyren Williams,RB,8,22.6,14.218489304812836,starter,NA,2024,16.3
5,Bucky Irving,RB,8,15.4,7.018489304812835,starter,NA,2024,10.1
5,Ja'Marr Chase,WR,8,20.4,7.735539215686275,starter,NA,2024,20.2
5,Stefon Diggs,WR,8,12.7,0.03553921568627594,starter,NA,2024,16.2
5,David Njoku,TE,8,17.1,9.379558823529413,starter,NA,2024,12.8
5,Diontae Johnson,WR,8,0,-12.664460784313723,starter,NA,2024,0
5,Geno Smith,QB,8,9.08,-4.138921568627451,starter,NA,2024,17.4
5,Jason Myers,K,8,4,-3.7107843137254903,starter,NA,2024,21
5,Indianapolis Colts,DST,8,5,-0.054019607843136974,starter,NA,2024,9
6,Josh Allen,QB,8,20.82,7.6010784313725495,starter,NA,2024,20.4
6,Tony Pollard,RB,8,14.7,6.318489304812834,starter,NA,2024,13.9
6,Jahmyr Gibbs,RB,8,20.3,11.918489304812836,starter,NA,2024,16.7
6,Tee Higgins,WR,8,0,-12.664460784313723,starter,NA,2024,0
6,A.J. Brown,WR,8,13.4,0.735539215686277,starter,NA,2024,17.7
6,Noah Gray,TE,8,5.3,-2.4204411764705887,starter,NA,2024,5
6,Cooper Kupp,WR,8,16.1,3.435539215686278,starter,NA,2024,15.9
6,Kirk Cousins,QB,8,28.64,15.42107843137255,starter,NA,2024,15.5
6,Anders Carlson,K,8,16,8.28921568627451,starter,NA,2024,23
6,Los Angeles Chargers,DST,8,12,6.945980392156863,starter,NA,2024,27
7,Patrick Mahomes,QB,8,19.18,5.961078431372549,starter,NA,2024,17.9
7,Bijan Robinson,RB,8,23.6,10.935539215686278,starter,NA,2024,15.9
7,J.K. Dobbins,RB,8,16.8,4.135539215686277,starter,NA,2024,13.5
7,Jayden Reed,WR,8,7.5,-5.55156862745098,starter,NA,2024,15.2
7,Amari Cooper,WR,8,1.3,-11.751568627450979,starter,NA,2024,11
7,Dalton Kincaid,TE,8,13.1,5.379558823529411,starter,NA,2024,10
7,Nick Chubb,RB,8,5.2,-7.464460784313723,starter,NA,2024,9.4
7,Bo Nix,QB,8,29.76,16.54107843137255,starter,NA,2024,17.1
7,Evan McPherson,K,8,4,-3.7107843137254903,starter,NA,2024,26
7,Detroit Lions,DST,8,19,13.945980392156862,starter,NA,2024,30
8,Jalen Hurts,QB,8,35.14,21.92107843137255,starter,NA,2024,19.4
8,Chuba Hubbard,RB,8,9.1,0.7184893048128345,starter,NA,2024,13.1
8,Rachaad White,RB,8,15.7,7.318489304812834,starter,NA,2024,11.3
8,Garrett Wilson,WR,8,16.3,3.6355392156862774,starter,NA,2024,14.1
8,Jordan Addison,WR,8,4.2,-8.464460784313722,starter,NA,2024,10.8
8,Evan Engram,TE,8,13.6,5.879558823529411,starter,NA,2024,12.7
8,Darnell Mooney,WR,8,18.6,5.935539215686278,starter,NA,2024,13.1
8,Anthony Richardson,QB,8,12.5,-0.7189215686274508,starter,NA,2024,16.5
8,Will Reichard,K,8,8,0.28921568627450966,starter,NA,2024,16
8,Minnesota Vikings,DST,8,1,-4.054019607843137,starter,NA,2024,24
9,Jared Goff,QB,8,15.5,2.281078431372549,starter,NA,2024,15.7
9,James Conner,RB,8,14.9,6.518489304812835,starter,NA,2024,13.2
9,Jonathan Taylor,RB,8,18.7,10.318489304812834,starter,NA,2024,14.6
9,Tyler Lockett,WR,8,1.9,-10.764460784313723,starter,NA,2024,11.5
9,Terry McLaurin,WR,8,17.5,4.835539215686277,starter,NA,2024,14.7
9,Travis Kelce,TE,8,25,17.279558823529413,starter,NA,2024,13.1
9,Malik Nabers,WR,8,14.1,1.4355392156862763,starter,NA,2024,17.1
9,Jameis Winston,QB,8,23.56,10.341078431372548,starter,NA,2024,15.3
9,Wil Lutz,K,8,4,-3.7107843137254903,starter,NA,2024,28
9,Baltimore Ravens,DST,8,4,-1.054019607843137,starter,NA,2024,31
10,C.J. Stroud,QB,8,12.4,-0.8189215686274505,starter,NA,2024,16.3
10,Chase Brown,RB,8,11.4,3.018489304812835,starter,NA,2024,9.9
10,Brian Robinson Jr.,RB,8,8.6,0.21848930481283446,starter,NA,2024,12.7
10,Ladd McConkey,WR,8,29.1,16.435539215686276,starter,NA,2024,10.5
10,Tyreek Hill,WR,8,13.2,0.5355392156862759,starter,NA,2024,17.6
10,George Kittle,TE,8,24.8,17.07955882352941,starter,NA,2024,14.5
10,Davante Adams,WR,8,9.4,-3.264460784313723,starter,NA,2024,16.2
10,Mason Rudolph,QB,8,21.54,8.321078431372548,starter,NA,2024,12.9
10,Brandon Aubrey,K,8,6,-1.7107843137254903,starter,NA,2024,17
10,Kansas City Chiefs,DST,8,9,3.945980392156863,starter,NA,2024,29
11,Lamar Jackson,QB,8,24.16,14.181475324675326,starter,NA,2024,21.3
11,Breece Hall,RB,8,9.9,1.5184893048128352,starter,NA,2024,20
11,Najee Harris,RB,8,16.1,7.718489304812836,starter,NA,2024,13
11,Michael Pittman Jr.,WR,8,2.6,-10.618921568627451,starter,NA,2024,10.4
11,Jaylen Waddle,WR,8,8.5,-4.718921568627451,starter,NA,2024,12
11,Tucker Kraft,TE,8,16.8,3.58107843137255,starter,NA,2024,10.3
11,Brian Thomas Jr.,WR,8,15,1.7810784313725492,starter,NA,2024,14.5
11,Cade Otton,TE,8,29.1,15.88107843137255,starter,NA,2024,11.4
11,Tyler Bass,K,8,7,-0.7107843137254903,starter,NA,2024,19
11,Tampa Bay Buccaneers,DST,8,3,-2.054019607843137,starter,NA,2024,10
12,Jordan Love,QB,8,6.74,-6.478921568627451,starter,NA,2024,18.9
12,Josh Jacobs,RB,8,25.5,12.835539215686277,starter,NA,2024,14.3
12,Derrick Henry,RB,8,14.7,2.035539215686276,starter,NA,2024,18
12,George Pickens,WR,8,11.4,-1.6515686274509793,starter,NA,2024,14.2
12,Wan'Dale Robinson,WR,8,8,-5.05156862745098,starter,NA,2024,11.4
12,Pat Freiermuth,TE,8,3.9,-3.8204411764705886,starter,NA,2024,9.5
12,Saquon Barkley,RB,8,12.1,-0.5644607843137237,starter,NA,2024,18
12,Baker Mayfield,QB,8,24.3,11.08107843137255,starter,NA,2024,17.2
12,Chris Boswell,K,8,14,6.28921568627451,starter,NA,2024,32
12,Pittsburgh Steelers,DST,8,16,10.945980392156862,starter,NA,2024,28
1,Justin Herbert,QB,9,19.48,6.788411764705883,starter,NA,2024,15.6
1,David Montgomery,RB,9,12.6,5.875155971479501,starter,NA,2024,12.5
1,Kareem Hunt,RB,9,18.7,11.9751559714795,starter,NA,2024,15
1,Zay Flowers,WR,9,29.7,17.788039215686275,starter,NA,2024,17
1,DeVonta Smith,WR,9,18.7,6.788039215686275,starter,NA,2024,13.8
1,Mark Andrews,TE,9,4.6,-2.4671078431372546,starter,NA,2024,8.4
1,Ja'Marr Chase,WR,9,11.3,-0.6119607843137231,starter,NA,2024,18.6
1,Kyler Murray,QB,9,4.76,-7.931588235294118,starter,NA,2024,19.2
1,Justin Tucker,K,9,11,4.280882352941177,starter,NA,2024,30
1,Tennessee Titans,DST,9,12,4.204313725490197,starter,NA,2024,25
2,Patrick Mahomes,QB,9,24.54,11.848411764705881,starter,NA,2024,18.3
2,De'Von Achane,RB,9,32.1,20.188039215686278,starter,NA,2024,17
2,J.K. Dobbins,RB,9,24.5,12.588039215686276,starter,NA,2024,13.6
2,CeeDee Lamb,WR,9,16.2,5.376764705882351,starter,NA,2024,17.4
2,Drake London,WR,9,10.7,-0.12323529411764866,starter,NA,2024,16.7
2,Jake Ferguson,TE,9,14.1,7.032892156862745,starter,NA,2024,11.6
2,Austin Ekeler,RB,9,17.3,5.388039215686277,starter,NA,2024,15.3
2,Daniel Jones,QB,9,24.36,11.668411764705882,starter,NA,2024,16.2
2,Younghoe Koo,K,9,3,-3.719117647058823,starter,NA,2024,32
2,Buffalo Bills,DST,9,4,-3.7956862745098032,starter,NA,2024,31
3,Dak Prescott,QB,9,12.32,-0.37158823529411755,starter,NA,2024,15.5
3,Javonte Williams,RB,9,10.4,-1.5119607843137235,starter,NA,2024,11.9
3,Kenneth Walker III,RB,9,13.7,1.7880392156862754,starter,NA,2024,16.8
3,D.J. Moore,WR,9,7.3,-3.523235294117648,starter,NA,2024,13.8
3,Justin Jefferson,WR,9,21.58,10.75676470588235,starter,NA,2024,21.2
3,Brock Bowers,TE,9,15.5,8.432892156862746,starter,NA,2024,14.4
3,Joe Mixon,RB,9,16.6,4.688039215686278,starter,NA,2024,18.8
3,Sam Darnold,QB,9,21,8.308411764705882,starter,NA,2024,17.6
3,Jake Elliott,K,9,4,-2.719117647058823,starter,NA,2024,26
3,Chicago Bears,DST,9,8,0.20431372549019677,starter,NA,2024,19
4,Joe Burrow,QB,9,30.14,17.44841176470588,starter,NA,2024,18.4
4,James Cook,RB,9,11.9,5.1751559714795015,starter,NA,2024,15.2
4,D'Andre Swift,RB,9,14.2,7.4751559714795,starter,NA,2024,16.8
4,Amon-Ra St. Brown,WR,9,18.6,6.688039215686278,starter,NA,2024,19.6
4,Chris Olave,WR,9,2.3,-9.611960784313723,starter,NA,2024,15.6
4,Trey McBride,TE,9,12.7,5.632892156862745,starter,NA,2024,14.1
4,Jaxon Smith-Njigba,WR,9,37,25.088039215686276,starter,NA,2024,14.2
4,Matthew Stafford,QB,9,18.92,6.228411764705884,starter,NA,2024,16.2
4,Ka'imi Fairbairn,K,9,7,0.2808823529411768,starter,NA,2024,23
4,Minnesota Vikings,DST,9,11,3.2043137254901968,starter,NA,2024,30
5,Trevor Lawrence,QB,9,21.56,8.8684117647058809,starter,NA,2024,15.8
5,Kyren Williams,RB,9,10.5,3.775155971479501,starter,NA,2024,18.3
5,Alvin Kamara,RB,9,27.5,20.7751559714795,starter,NA,2024,20.1
5,Marvin Harrison Jr.,WR,9,3.4,-8.511960784313723,starter,NA,2024,11.7
5,Josh Downs,WR,9,12,0.08803921568627615,starter,NA,2024,15.2
5,David Njoku,TE,9,7.9,0.8328921568627461,starter,NA,2024,12.6
5,Courtland Sutton,WR,9,23.28,11.368039215686277,starter,NA,2024,12.8
5,Geno Smith,QB,9,25.12,12.428411764705883,starter,NA,2024,17
5,Jason Myers,K,9,1,-5.719117647058823,starter,NA,2024,17
5,Washington Commanders,DST,9,5,-2.7956862745098032,starter,NA,2024,22
6,Josh Allen,QB,9,23.1,10.408411764705884,starter,NA,2024,20.4
6,Tony Pollard,RB,9,18.4,11.6751559714795,starter,NA,2024,14.3
6,Jahmyr Gibbs,RB,9,14.6,7.875155971479501,starter,NA,2024,15.9
6,Xavier Worthy,WR,9,-1,-12.911960784313724,starter,NA,2024,11.1
6,A.J. Brown,WR,9,5.6,-6.311960784313724,starter,NA,2024,18.1
6,Noah Gray,TE,9,0,-7.067107843137254,starter,NA,2024,5
6,Cooper Kupp,WR,9,21.4,9.488039215686275,starter,NA,2024,16.4
6,Kirk Cousins,QB,9,17.78,5.088411764705883,starter,NA,2024,16.1
6,Blake Grupe,K,9,12,5.280882352941177,starter,NA,2024,15
6,Los Angeles Chargers,DST,9,19,11.204313725490197,starter,NA,2024,28
7,Caleb Williams,QB,9,9.18,-3.511588235294118,starter,NA,2024,17.2
7,Bijan Robinson,RB,9,21.5,14.775155971479501,starter,NA,2024,17.2
7,Rico Dowdle,RB,9,21.7,14.9751559714795,starter,NA,2024,11.6
7,Keon Coleman,WR,9,5.1,-6.811960784313724,starter,NA,2024,11.1
7,Garrett Wilson,WR,9,30,18.088039215686276,starter,NA,2024,15.6
7,Dalton Kincaid,TE,9,7.2,0.1328921568627459,starter,NA,2024,10.4
7,Puka Nacua,WR,9,2.1,-9.811960784313724,starter,NA,2024,15
7,Drake Maye,QB,9,17.74,5.048411764705881,starter,NA,2024,16
7,Evan McPherson,K,9,12,5.280882352941177,starter,NA,2024,24
7,New England Patriots,DST,9,6,-1.7956862745098032,starter,NA,2024,24
8,Bo Nix,QB,9,18.72,6.028411764705881,starter,NA,2024,17.8
8,Alexander Mattison,RB,9,3.6,-3.124844028520499,starter,NA,2024,12.4
8,Chuba Hubbard,RB,9,21.2,14.4751559714795,starter,NA,2024,12.7
8,Jordan Addison,WR,9,16.1,4.188039215686278,starter,NA,2024,9
8,Darnell Mooney,WR,9,19.8,7.888039215686277,starter,NA,2024,13.5
8,Evan Engram,TE,9,11.5,4.432892156862746,starter,NA,2024,15.2
8,Cedric Tillman,WR,9,19.5,7.588039215686276,starter,NA,2024,11.5
8,Jalen Hurts,QB,9,29.9,17.20841176470588,starter,NA,2024,21
8,Will Reichard,K,9,1,-5.719117647058823,starter,NA,2024,28
8,Denver Broncos,DST,9,-2,-9.795686274509803,starter,NA,2024,17
9,Jared Goff,QB,9,9.6,-3.091588235294118,starter,NA,2024,15.9
9,James Conner,RB,9,14.9,8.175155971479501,starter,NA,2024,13.3
9,Jonathan Taylor,RB,9,8.9,2.1751559714795015,starter,NA,2024,16.3
9,Malik Nabers,WR,9,14.9,4.076764705882352,starter,NA,2024,17.3
9,Terry McLaurin,WR,9,15.9,5.076764705882352,starter,NA,2024,15.4
9,Travis Kelce,TE,9,22,10.088039215686276,starter,NA,2024,14.9
9,Zach Ertz,TE,9,1.5,-10.411960784313724,starter,NA,2024,9.4
9,Jameis Winston,QB,9,13.1,0.4084117647058818,starter,NA,2024,14.9
9,Cameron Dicker,K,9,1,-5.719117647058823,starter,NA,2024,21
9,New Orleans Saints,DST,9,3,-4.795686274509803,starter,NA,2024,32
10,C.J. Stroud,QB,9,11.54,-1.1515882352941187,starter,NA,2024,16.4
10,Chase Brown,RB,9,26.7,19.975155971479502,starter,NA,2024,15.5
10,Julius Chestnut,RB,9,2.2,-4.524844028520499,starter,NA,2024,0
10,Ladd McConkey,WR,9,11.4,-0.5119607843137235,starter,NA,2024,12.6
10,Tyreek Hill,WR,9,12,0.08803921568627615,starter,NA,2024,17.5
10,Ja'Tavion Sanders,TE,9,12.7,5.632892156862745,starter,NA,2024,4.4
10,Davante Adams,WR,9,22.1,10.188039215686278,starter,NA,2024,14.8
10,Jayden Daniels,QB,9,19.86,7.168411764705882,starter,NA,2024,21.7
10,Brandon Aubrey,K,9,9,2.280882352941177,starter,NA,2024,20
10,Kansas City Chiefs,DST,9,2,-5.795686274509803,starter,NA,2024,29
11,Lamar Jackson,QB,9,23.6,15.515293506493508,starter,NA,2024,22.1
11,Breece Hall,RB,9,10.5,3.775155971479501,starter,NA,2024,18.3
11,Rhamondre Stevenson,RB,9,22.4,15.6751559714795,starter,NA,2024,11.9
11,Michael Pittman Jr.,WR,9,2.4,-10.291588235294117,starter,NA,2024,12.5
11,Jaylen Waddle,WR,9,7.6,-5.091588235294118,starter,NA,2024,13.2
11,Tucker Kraft,TE,9,7.6,-5.091588235294118,starter,NA,2024,9.2
11,Brian Thomas Jr.,WR,9,6.2,-6.491588235294118,starter,NA,2024,13.5
11,Cade Otton,TE,9,21.7,9.008411764705881,starter,NA,2024,13.4
11,Tyler Bass,K,9,13,6.280882352941177,starter,NA,2024,27
11,Tampa Bay Buccaneers,DST,9,6,-1.7956862745098032,starter,NA,2024,6
12,Jordan Love,QB,9,11.92,-0.7715882352941179,starter,NA,2024,17.2
12,Aaron Jones,RB,9,12.2,0.28803921568627544,starter,NA,2024,15.6
12,Derrick Henry,RB,9,26.3,14.388039215686277,starter,NA,2024,17
12,Calvin Ridley,WR,9,12.3,1.4767647058823528,starter,NA,2024,12.2
12,Wan'Dale Robinson,WR,9,4,-6.823235294117648,starter,NA,2024,11
12,Sam LaPorta,TE,9,4.8,-2.2671078431372544,starter,NA,2024,9.5
12,Saquon Barkley,RB,9,32.9,20.988039215686275,starter,NA,2024,18.5
12,Baker Mayfield,QB,9,18,5.308411764705882,starter,NA,2024,16.2
12,Brandon McManus,K,9,5,-1.7191176470588232,starter,NA,2024,19
12,Cincinnati Bengals,DST,9,11,3.2043137254901968,starter,NA,2024,23
1,Justin Herbert,QB,10,19.76,9.99557843137255,starter,NA,2024,16.5
1,David Montgomery,RB,10,12.6,6.7793226381461675,starter,NA,2024,13.7
1,Kareem Hunt,RB,10,17,11.179322638146168,starter,NA,2024,14.9
1,Zay Flowers,WR,10,7.4,-1.1286274509803906,starter,NA,2024,17.8
1,DeVonta Smith,WR,10,3.4,-5.128627450980391,starter,NA,2024,13.9
1,Hunter Henry,TE,10,2.4,-4.702107843137254,starter,NA,2024,11.8
1,Ja'Marr Chase,WR,10,55.4,46.87137254901961,starter,NA,2024,20.3
1,Kyler Murray,QB,10,28.74,18.975578431372547,starter,NA,2024,18.5
1,Justin Tucker,K,10,2,-6.644117647058824,starter,NA,2024,30
1,New York Giants,DST,10,5,-2.970686274509804,starter,NA,2024,32
2,Brock Purdy,QB,10,23.82,14.055578431372549,starter,NA,2024,20.4
2,De'Von Achane,RB,10,10.2,4.379322638146167,starter,NA,2024,19.5
2,J.K. Dobbins,RB,10,8.5,2.679322638146168,starter,NA,2024,14
2,CeeDee Lamb,WR,10,8.4,-0.12862745098039063,starter,NA,2024,15.6
2,Drake London,WR,10,17.7,9.171372549019608,starter,NA,2024,16.5
2,Jake Ferguson,TE,10,4.4,-2.702107843137254,starter,NA,2024,11.2
2,Deebo Samuel Sr.,WR,10,12.6,4.071372549019609,starter,NA,2024,16.9
2,Daniel Jones,QB,10,14.2,4.435578431372548,starter,NA,2024,17
2,Younghoe Koo,K,10,2,-6.644117647058824,starter,NA,2024,32
2,Buffalo Bills,DST,10,21,13.029313725490196,starter,NA,2024,26
3,Tua Tagovailoa,QB,10,9.18,-0.5844215686274516,starter,NA,2024,14.3
3,Tyrone Tracy Jr.,RB,10,15.4,6.871372549019609,starter,NA,2024,14.8
3,Joe Mixon,RB,10,17,8.471372549019609,starter,NA,2024,20
3,D.J. Moore,WR,10,5.7,-2.486568627450981,starter,NA,2024,13.4
3,Justin Jefferson,WR,10,9.8,1.6134313725490195,starter,NA,2024,20.1
3,Cole Kmet,TE,10,3.3,-3.8021078431372546,starter,NA,2024,9.2
3,Justice Hill,RB,10,1.8,-6.728627450980391,starter,NA,2024,5.9
3,Sam Darnold,QB,10,9.44,-0.32442156862745186,starter,NA,2024,18.5
3,Jake Elliott,K,10,10,1.355882352941176,starter,NA,2024,25
3,Chicago Bears,DST,10,4,-3.970686274509804,starter,NA,2024,29
4,Joe Burrow,QB,10,33.72,23.955578431372547,starter,NA,2024,18.8
4,James Cook,RB,10,15.5,6.971372549019609,starter,NA,2024,17.4
4,D'Andre Swift,RB,10,7.5,-1.028627450980391,starter,NA,2024,17
4,Amon-Ra St. Brown,WR,10,18,9.813431372549019,starter,NA,2024,18.2
4,Terry McLaurin,WR,10,16.3,8.11343137254902,starter,NA,2024,14.1
4,Trey McBride,TE,10,11.1,3.9978921568627452,starter,NA,2024,13.8
4,Jonathan Taylor,RB,10,14.2,5.671372549019608,starter,NA,2024,16.1
4,Matthew Stafford,QB,10,10.72,0.9555784313725493,starter,NA,2024,16.1
4,Ka'imi Fairbairn,K,10,12,3.355882352941176,starter,NA,2024,24
4,Minnesota Vikings,DST,10,13,5.029313725490196,starter,NA,2024,31
5,Mac Jones,QB,10,7.24,0.3298086580086572,starter,NA,2024,13.7
5,Kyren Williams,RB,10,11.2,1.435578431372548,starter,NA,2024,19
5,Alvin Kamara,RB,10,15.9,6.135578431372549,starter,NA,2024,20.5
5,Marvin Harrison Jr.,WR,10,16.4,6.635578431372547,starter,NA,2024,10.9
5,Josh Downs,WR,10,14.2,4.435578431372548,starter,NA,2024,15.2
5,Jonnu Smith,TE,10,7.5,0.3978921568627456,starter,NA,2024,7.1
5,Courtland Sutton,WR,10,19,9.235578431372549,starter,NA,2024,13.5
5,Bucky Irving,RB,10,17.7,7.935578431372548,starter,NA,2024,11.6
5,Wil Lutz,K,10,0,-8.644117647058824,starter,NA,2024,19
5,Atlanta Falcons,DST,10,1,-6.970686274509804,starter,NA,2024,27
6,Josh Allen,QB,10,20.2,10.435578431372548,starter,NA,2024,20.1
6,Tony Pollard,RB,10,10.3,4.479322638146169,starter,NA,2024,14.2
6,Jahmyr Gibbs,RB,10,12.8,6.979322638146169,starter,NA,2024,16.7
6,Tank Dell,WR,10,8.3,-0.22862745098039028,starter,NA,2024,13.1
6,A.J. Brown,WR,10,15.9,7.371372549019609,starter,NA,2024,16.7
6,Dallas Goedert,TE,10,10.5,3.3978921568627456,starter,NA,2024,9.2
6,Cooper Kupp,WR,10,15,6.471372549019609,starter,NA,2024,16.2
6,Kirk Cousins,QB,10,11.24,1.4755784313725488,starter,NA,2024,15.3
6,Cameron Dicker,K,10,9,0.3558823529411761,starter,NA,2024,15
6,Los Angeles Chargers,DST,10,9,1.029313725490196,starter,NA,2024,30
7,Caleb Williams,QB,10,6.3,-3.4644215686274515,starter,NA,2024,16.3
7,Bijan Robinson,RB,10,29.4,23.579322638146166,starter,NA,2024,17.3
7,Rico Dowdle,RB,10,8.6,2.7793226381461675,starter,NA,2024,14.3
7,Garrett Wilson,WR,10,9.1,0.5713725490196087,starter,NA,2024,16.5
7,Puka Nacua,WR,10,18.8,10.27137254901961,starter,NA,2024,16.7
7,Dalton Kincaid,TE,10,4.4,-2.702107843137254,starter,NA,2024,11.7
7,Xavier Hutchinson,WR,10,2.6,-5.928627450980391,starter,NA,2024,5.2
7,Drake Maye,QB,10,12.76,2.9955784313725484,starter,NA,2024,17.2
7,Evan McPherson,K,10,4,-4.644117647058824,starter,NA,2024,16
7,New York Jets,DST,10,1,-6.970686274509804,starter,NA,2024,22
8,Jalen Hurts,QB,10,30.68,20.91557843137255,starter,NA,2024,22.6
8,Chuba Hubbard,RB,10,24.9,19.079322638146166,starter,NA,2024,12.5
8,Rachaad White,RB,10,19,13.179322638146168,starter,NA,2024,11.9
8,Jordan Addison,WR,10,4.9,-3.286568627450981,starter,NA,2024,10.6
8,Darnell Mooney,WR,10,14.6,6.413431372549018,starter,NA,2024,13.3
8,Evan Engram,TE,10,10,1.471372549019609,starter,NA,2024,14
8,T.J. Hockenson,TE,10,15.2,6.671372549019608,starter,NA,2024,11.4
8,Bo Nix,QB,10,16.1,6.33557843137255,starter,NA,2024,16.8
8,Chad Ryland,K,10,7,-1.644117647058824,starter,NA,2024,14
8,Denver Broncos,DST,10,5,-2.970686274509804,starter,NA,2024,13
9,Jared Goff,QB,10,12.8,3.0355784313725493,starter,NA,2024,15.7
9,Christian McCaffrey,RB,10,16.7,10.879322638146167,starter,NA,2024,17.1
9,James Conner,RB,10,22.3,16.47932263814617,starter,NA,2024,13.6
9,Malik Nabers,WR,10,10.8,2.6134313725490195,starter,NA,2024,17.3
9,Khalil Shakir,WR,10,11.8,3.6134313725490195,starter,NA,2024,13.5
9,Travis Kelce,TE,10,20.4,11.871372549019608,starter,NA,2024,16.5
9,Taysom Hill,TE,10,7,-1.528627450980391,starter,NA,2024,8.6
9,Derek Carr,QB,10,20.46,10.69557843137255,starter,NA,2024,14.5
9,Jake Moody,K,10,9,0.3558823529411761,starter,NA,2024,28
9,Detroit Lions,DST,10,8,0.029313725490196063,starter,NA,2024,20
10,C.J. Stroud,QB,10,11.78,2.015578431372548,starter,NA,2024,16.4
10,Chase Brown,RB,10,22.4,16.579322638146166,starter,NA,2024,17.4
10,Jaleel McLaughlin,RB,10,1.2,-4.620677361853832,starter,NA,2024,4.7
10,Ladd McConkey,WR,10,7.2,-1.3286274509803908,starter,NA,2024,13
10,Tyreek Hill,WR,10,11.7,3.1713725490196083,starter,NA,2024,17.2
10,George Kittle,TE,10,14.7,7.597892156862745,starter,NA,2024,16
10,Davante Adams,WR,10,9.1,0.5713725490196087,starter,NA,2024,16.3
10,Jayden Daniels,QB,10,8.58,-1.1844215686274513,starter,NA,2024,20.6
10,Brandon Aubrey,K,10,7,-1.644117647058824,starter,NA,2024,23
10,Philadelphia Eagles,DST,10,23,15.029313725490196,starter,NA,2024,25
11,Lamar Jackson,QB,10,32.9,25.989808658008656,starter,NA,2024,22.5
11,Breece Hall,RB,10,12.3,2.5355784313725493,starter,NA,2024,18.3
11,Rhamondre Stevenson,RB,10,8.7,-1.064421568627452,starter,NA,2024,11.9
11,Jameson Williams,WR,10,8.3,-1.4644215686274507,starter,NA,2024,10.8
11,Jaylen Waddle,WR,10,8.6,-1.1644215686274517,starter,NA,2024,8.5
11,Cade Otton,TE,10,8.5,1.3978921568627456,starter,NA,2024,15.9
11,Brian Thomas Jr.,WR,10,3.2,-6.564421568627451,starter,NA,2024,12.3
11,Najee Harris,RB,10,11.3,1.5355784313725493,starter,NA,2024,12.8
11,Tyler Bass,K,10,13,4.355882352941176,starter,NA,2024,29
11,Tampa Bay Buccaneers,DST,10,5,-2.970686274509804,starter,NA,2024,6
12,Russell Wilson,QB,10,19.1,9.33557843137255,starter,NA,2024,15.8
12,Aaron Jones,RB,10,12.1,3.5713725490196087,starter,NA,2024,14.2
12,Derrick Henry,RB,10,14.1,5.571372549019609,starter,NA,2024,17.5
12,George Pickens,WR,10,20.5,12.313431372549019,starter,NA,2024,14.5
12,Wan'Dale Robinson,WR,10,10.1,1.9134313725490184,starter,NA,2024,11.6
12,Sam LaPorta,TE,10,15.6,8.497892156862745,starter,NA,2024,9.2
12,Saquon Barkley,RB,10,8.8,0.2713725490196097,starter,NA,2024,20
12,Baker Mayfield,QB,10,8.94,-0.8244215686274519,starter,NA,2024,16
12,Chris Boswell,K,10,4,-4.644117647058824,starter,NA,2024,27
12,Pittsburgh Steelers,DST,10,4,-3.970686274509804,starter,NA,2024,24
1,Justin Herbert,QB,11,24.38,13.493245098039214,starter,NA,2024,18.4
1,David Montgomery,RB,11,24.5,17.745989304812834,starter,NA,2024,14.8
1,Kareem Hunt,RB,11,6,-0.7540106951871657,starter,NA,2024,15.1
1,Zay Flowers,WR,11,11.9,3.219705882352942,starter,NA,2024,17.7
1,DeVonta Smith,WR,11,6.9,-1.780294117647058,starter,NA,2024,12.9
1,Mark Andrews,TE,11,4.2,-2.715441176470587,starter,NA,2024,10.4
1,Ja'Marr Chase,WR,11,26.5,17.81970588235294,starter,NA,2024,17.9
1,Aaron Rodgers,QB,11,16.06,5.173245098039214,starter,NA,2024,14.5
1,Justin Tucker,K,11,4,-2.8357843137254894,starter,NA,2024,30
1,Miami Dolphins,DST,11,6,2.4043137254901965,starter,NA,2024,23
2,Brock Purdy,QB,11,19.36,8.473245098039214,starter,NA,2024,20.3
2,De'Von Achane,RB,11,20.5,13.745989304812834,starter,NA,2024,18.1
2,J.K. Dobbins,RB,11,18.9,12.145989304812833,starter,NA,2024,14.8
2,CeeDee Lamb,WR,11,18.6,9.919705882352943,starter,NA,2024,14.1
2,Drake London,WR,11,9.1,0.4197058823529414,starter,NA,2024,16
2,Jake Ferguson,TE,11,2.1,-4.815441176470587,starter,NA,2024,9.3
2,Deebo Samuel Sr.,WR,11,6.1,-2.5802941176470586,starter,NA,2024,16.6
2,Patrick Mahomes,QB,11,17.84,6.953245098039215,starter,NA,2024,18.3
2,Younghoe Koo,K,11,9,2.1642156862745106,starter,NA,2024,22
2,Buffalo Bills,DST,11,6,2.4043137254901965,starter,NA,2024,20
3,Tua Tagovailoa,QB,11,23.52,12.633245098039215,starter,NA,2024,13.7
3,Kenneth Walker III,RB,11,13.9,5.219705882352942,starter,NA,2024,15.7
3,Joe Mixon,RB,11,35.3,26.61970588235294,starter,NA,2024,20.2
3,D.J. Moore,WR,11,13.7,4.510098039215686,starter,NA,2024,10.8
3,Justin Jefferson,WR,11,14.1,4.910098039215686,starter,NA,2024,19.5
3,Brock Bowers,TE,11,31.3,24.384558823529414,starter,NA,2024,14.1
3,Javonte Williams,RB,11,18.7,10.019705882352941,starter,NA,2024,6.4
3,Sam Darnold,QB,11,23.64,12.753245098039216,starter,NA,2024,17.8
3,Jake Elliott,K,11,5,-1.8357843137254894,starter,NA,2024,28
3,San Francisco 49ers,DST,11,7,3.4043137254901965,starter,NA,2024,24
4,Joe Burrow,QB,11,29.04,18.153245098039214,starter,NA,2024,18.5
4,James Cook,RB,11,19.7,12.945989304812834,starter,NA,2024,15.6
4,Jonathan Taylor,RB,11,7,0.24598930481283432,starter,NA,2024,15.7
4,Amon-Ra St. Brown,WR,11,38.7,30.019705882352945,starter,NA,2024,17.6
4,Terry McLaurin,WR,11,2,-6.680294117647058,starter,NA,2024,15.7
4,Dalton Schultz,TE,11,8.3,1.3845588235294137,starter,NA,2024,8.9
4,Cooper Kupp,WR,11,28.6,19.919705882352943,starter,NA,2024,16.4
4,Matthew Stafford,QB,11,27.8,16.913245098039216,starter,NA,2024,16.5
4,Ka'imi Fairbairn,K,11,10,3.1642156862745106,starter,NA,2024,17
4,Minnesota Vikings,DST,11,11,7.404313725490196,starter,NA,2024,32
5,Geno Smith,QB,11,16.74,5.8532450980392134,starter,NA,2024,17.4
5,Kyren Williams,RB,11,8.6,1.845989304812834,starter,NA,2024,19
5,Travis Etienne,RB,11,6.3,-0.45401069518716586,starter,NA,2024,12
5,Courtland Sutton,WR,11,14.8,6.119705882352942,starter,NA,2024,14
5,Josh Downs,WR,11,19.4,10.71970588235294,starter,NA,2024,12.6
5,David Njoku,TE,11,19.1,12.184558823529414,starter,NA,2024,12.3
5,Ladd McConkey,WR,11,18.3,9.619705882352942,starter,NA,2024,13.7
5,Cooper Rush,QB,11,17.36,6.473245098039214,starter,NA,2024,10.7
5,Jason Sanders,K,11,11,4.1642156862745106,starter,NA,2024,9
5,Houston Texans,DST,11,21,17.404313725490198,starter,NA,2024,29
6,Josh Allen,QB,11,24.98,14.093245098039215,starter,NA,2024,20.8
6,D'Andre Swift,RB,11,16.4,9.645989304812833,starter,NA,2024,15.2
6,Jahmyr Gibbs,RB,11,19.3,12.545989304812835,starter,NA,2024,16.7
6,Tank Dell,WR,11,9.8,1.1197058823529424,starter,NA,2024,10.9
6,A.J. Brown,WR,11,11.5,2.8197058823529417,starter,NA,2024,16.6
6,Dallas Goedert,TE,11,11.1,4.184558823529413,starter,NA,2024,9.8
6,Tee Higgins,WR,11,29.8,21.119705882352942,starter,NA,2024,14
6,Kirk Cousins,QB,11,5.92,-4.966754901960785,starter,NA,2024,14.6
6,Cameron Dicker,K,11,12,5.1642156862745106,starter,NA,2024,15
6,Cleveland Browns,DST,11,3,-0.5956862745098035,starter,NA,2024,17
7,Jared Goff,QB,11,34.58,23.693245098039213,starter,NA,2024,15.4
7,Bijan Robinson,RB,11,10.3,3.545989304812835,starter,NA,2024,17.3
7,Christian McCaffrey,RB,11,14.6,7.845989304812834,starter,NA,2024,20.9
7,Garrett Wilson,WR,11,5.8,-2.8802941176470584,starter,NA,2024,16.4
7,Puka Nacua,WR,11,25.3,16.619705882352942,starter,NA,2024,16.9
7,Travis Kelce,TE,11,2.8,-4.115441176470587,starter,NA,2024,16.4
7,Nico Collins,WR,11,9.4,0.7197058823529421,starter,NA,2024,15.3
7,Drake Maye,QB,11,18.98,8.093245098039215,starter,NA,2024,16.4
7,Evan McPherson,K,11,7,0.16421568627451055,starter,NA,2024,25
7,New York Jets,DST,11,4,0.4043137254901965,starter,NA,2024,28
8,Jalen Hurts,QB,11,18.74,7.8532450980392134,starter,NA,2024,23.2
8,Jerome Ford,RB,11,7.9,1.1459893048128347,starter,NA,2024,4
8,Alexander Mattison,RB,11,9.9,3.1459893048128347,starter,NA,2024,11.8
8,Cedric Tillman,WR,11,7.7,-0.9802941176470581,starter,NA,2024,14
8,Tyler Lockett,WR,11,3.9,-4.780294117647058,starter,NA,2024,7
8,T.J. Hockenson,TE,11,3.3,-3.615441176470587,starter,NA,2024,11.4
8,Amari Cooper,WR,11,7.5,-1.1802941176470583,starter,NA,2024,10.8
8,Bo Nix,QB,11,28.78,17.893245098039216,starter,NA,2024,17.6
8,Jake Bates,K,11,12,5.1642156862745106,starter,NA,2024,31
8,Denver Broncos,DST,11,13,9.404313725490196,starter,NA,2024,27
9,Jameis Winston,QB,11,26.6,15.713245098039216,starter,NA,2024,16.7
9,Najee Harris,RB,11,13.3,6.545989304812835,starter,NA,2024,12.1
9,Nick Chubb,RB,11,5,-1.7540106951871657,starter,NA,2024,7.9
9,Jaxon Smith-Njigba,WR,11,21.8,13.119705882352942,starter,NA,2024,13.1
9,Khalil Shakir,WR,11,15,6.319705882352942,starter,NA,2024,13
9,Taysom Hill,TE,11,42.52,35.604558823529416,starter,NA,2024,8.3
9,DeMario Douglas,WR,11,9.9,1.219705882352942,starter,NA,2024,11.1
9,Derek Carr,QB,11,18.72,7.833245098039214,starter,NA,2024,14.3
9,Jake Moody,K,11,5,-1.8357843137254894,starter,NA,2024,29
9,Detroit Lions,DST,11,10,6.404313725490196,starter,NA,2024,31
10,C.J. Stroud,QB,11,11.88,0.9932450980392158,starter,NA,2024,16.6
10,Chase Brown,RB,11,19.3,12.545989304812835,starter,NA,2024,18.2
10,Alvin Kamara,RB,11,12.9,6.145989304812835,starter,NA,2024,21
10,Jakobi Meyers,WR,11,8.8,0.11970588235294244,starter,NA,2024,14.6
10,Tyreek Hill,WR,11,19.1,10.419705882352943,starter,NA,2024,15.2
10,Lucas Krull,TE,11,0,-6.915441176470587,starter,NA,2024,3.6
10,Davante Adams,WR,11,13.2,4.519705882352941,starter,NA,2024,15
10,Jayden Daniels,QB,11,14.44,3.5532450980392145,starter,NA,2024,20.5
10,Brandon Aubrey,K,11,5,-1.8357843137254894,starter,NA,2024,13
10,Kansas City Chiefs,DST,11,1,-2.5956862745098035,starter,NA,2024,14
11,Lamar Jackson,QB,11,15.88,7.268384415584416,starter,NA,2024,21.4
11,Breece Hall,RB,11,31.1,24.345989304812836,starter,NA,2024,18.2
11,Rhamondre Stevenson,RB,11,12.9,6.145989304812835,starter,NA,2024,11.8
11,Jameson Williams,WR,11,22.6,11.713245098039216,starter,NA,2024,11.2
11,DK Metcalf,WR,11,14,3.113245098039215,starter,NA,2024,17.1
11,Kyle Pitts,TE,11,1.9,-5.015441176470587,starter,NA,2024,10.8
11,Brian Thomas Jr.,WR,11,13.6,2.7132450980392147,starter,NA,2024,12.1
11,Jauan Jennings,WR,11,25.1,14.213245098039216,starter,NA,2024,13.4
11,Tyler Bass,K,11,5,-1.8357843137254894,starter,NA,2024,27
11,Green Bay Packers,DST,11,6,2.4043137254901965,starter,NA,2024,30
12,Jordan Love,QB,11,21.24,10.353245098039213,starter,NA,2024,15.7
12,Saquon Barkley,RB,11,33.8,25.11970588235294,starter,NA,2024,19
12,Derrick Henry,RB,11,10.5,1.8197058823529417,starter,NA,2024,17.1
12,George Pickens,WR,11,16.9,7.710098039215685,starter,NA,2024,15
12,Calvin Ridley,WR,11,9.8,0.6100980392156874,starter,NA,2024,13.2
12,Pat Freiermuth,TE,11,3.4,-3.515441176470587,starter,NA,2024,9.8
12,Josh Jacobs,RB,11,23.4,14.71970588235294,starter,NA,2024,14
12,Russell Wilson,QB,11,7.3,-3.586754901960785,starter,NA,2024,17.1
12,Chris Boswell,K,11,24,17.16421568627451,starter,NA,2024,26
12,Los Angeles Rams,DST,11,11,7.404313725490196,starter,NA,2024,25
1,Justin Herbert,QB,12,17.62,7.91857843137255,starter,NA,2024,20.2
1,David Montgomery,RB,12,16.3,9.936822638146168,starter,NA,2024,14.3
1,Kareem Hunt,RB,12,11.7,5.336822638146167,starter,NA,2024,15
1,Zay Flowers,WR,12,11.2,3.750539215686274,starter,NA,2024,17.6
1,Romeo Doubs,WR,12,8.4,0.9505392156862751,starter,NA,2024,10.2
1,Mark Andrews,TE,12,15.6,6.275392156862745,starter,NA,2024,10.4
1,Jayden Reed,WR,12,5.6,-1.8494607843137256,starter,NA,2024,13.2
1,Kyler Murray,QB,12,11.3,1.59857843137255,starter,NA,2024,19.8
1,Justin Tucker,K,12,7,0.16421568627450966,starter,NA,2024,29
1,Miami Dolphins,DST,12,13,5.0876470588235305,starter,NA,2024,25
2,Patrick Mahomes,QB,12,28.76,19.058578431372553,starter,NA,2024,17.7
2,De'Von Achane,RB,12,20.6,14.236822638146169,starter,NA,2024,17.8
2,J.K. Dobbins,RB,12,8.9,2.536822638146168,starter,NA,2024,13
2,CeeDee Lamb,WR,12,16.8,9.350539215686275,starter,NA,2024,15.7
2,Mike Evans,WR,12,11.8,4.350539215686275,starter,NA,2024,15.3
2,Will Dissly,TE,12,8.7,-0.6246078431372553,starter,NA,2024,11.6
2,Deebo Samuel Sr.,WR,12,3.1,-4.349460784313726,starter,NA,2024,13.2
2,Brandon Allen,QB,12,9.46,-0.2414215686274499,starter,NA,2024,14.6
2,Spencer Shrader,K,12,13,6.16421568627451,starter,NA,2024,21
2,New York Giants,DST,12,4,-3.9123529411764695,starter,NA,2024,20
3,Tua Tagovailoa,QB,12,28.48,18.77857843137255,starter,NA,2024,14
3,Kenneth Walker III,RB,12,13.3,5.850539215686275,starter,NA,2024,15.5
3,Joe Mixon,RB,12,9.5,2.0505392156862747,starter,NA,2024,22
3,D.J. Moore,WR,12,26.9,17.815098039215684,starter,NA,2024,10.8
3,Justin Jefferson,WR,12,4.7,-4.384901960784313,starter,NA,2024,19.2
3,Brock Bowers,TE,12,7.8,-1.5246078431372547,starter,NA,2024,15.9
3,Tyrone Tracy Jr.,RB,12,9,1.5505392156862747,starter,NA,2024,14.8
3,Sam Darnold,QB,12,21.1,11.39857843137255,starter,NA,2024,17.3
3,Jake Elliott,K,12,13,6.16421568627451,starter,NA,2024,26
3,Chicago Bears,DST,12,5,-2.9123529411764695,starter,NA,2024,22
4,Bryce Young,QB,12,16.52,6.818578431372549,starter,NA,2024,11.7
4,Roschon Johnson,RB,12,8.2,1.8368226381461668,starter,NA,2024,6.2
4,Jonathan Taylor,RB,12,3.5,-2.8631773618538325,starter,NA,2024,15
4,Amon-Ra St. Brown,WR,12,12.2,4.750539215686274,starter,NA,2024,19.7
4,Terry McLaurin,WR,12,21.2,13.750539215686274,starter,NA,2024,14.4
4,Trey McBride,TE,12,25.3,15.975392156862746,starter,NA,2024,13.9
4,Cooper Kupp,WR,12,20,12.550539215686275,starter,NA,2024,17
4,Matthew Stafford,QB,12,19.22,9.518578431372548,starter,NA,2024,17.2
4,Ka'imi Fairbairn,K,12,10,3.1642156862745097,starter,NA,2024,28
4,Minnesota Vikings,DST,12,7,-0.9123529411764695,starter,NA,2024,30
5,Trevor Lawrence,QB,12,0,-9.70142156862745,starter,NA,2024,0
5,Kyren Williams,RB,12,11.2,4.836822638146167,starter,NA,2024,17.2
5,Bucky Irving,RB,12,27.2,20.836822638146167,starter,NA,2024,11.8
5,Courtland Sutton,WR,12,29.7,22.250539215686274,starter,NA,2024,14.4
5,Josh Downs,WR,12,5.7,-1.749460784313725,starter,NA,2024,14.1
5,David Njoku,TE,12,3.9,-5.424607843137254,starter,NA,2024,12.3
5,Ladd McConkey,WR,12,14.3,6.850539215686275,starter,NA,2024,15.6
5,Cooper Rush,QB,12,17.98,8.27857843137255,starter,NA,2024,12.9
5,Jason Sanders,K,12,12,5.16421568627451,starter,NA,2024,17
5,Houston Texans,DST,12,18,10.087647058823531,starter,NA,2024,31
6,Gardner Minshew,QB,12,12.7,2.9985784313725485,starter,NA,2024,11.9
6,Tony Pollard,RB,12,21.9,14.450539215686273,starter,NA,2024,15.8
6,Jahmyr Gibbs,RB,12,24.9,17.450539215686273,starter,NA,2024,16.9
6,Tank Dell,WR,12,10.2,1.1150980392156864,starter,NA,2024,10.8
6,A.J. Brown,WR,12,22.9,13.815098039215686,starter,NA,2024,18.1
6,Dallas Goedert,TE,12,5.9,-3.424607843137254,starter,NA,2024,12.3
6,D'Andre Swift,RB,12,9.5,2.0505392156862747,starter,NA,2024,14.6
6,Tommy DeVito,QB,12,10.76,1.058578431372549,starter,NA,2024,14.9
6,Cameron Dicker,K,12,16,9.16421568627451,starter,NA,2024,18
6,Washington Commanders,DST,12,5,-2.9123529411764695,starter,NA,2024,27
7,Jared Goff,QB,12,10.76,1.058578431372549,starter,NA,2024,17.1
7,James Conner,RB,12,9.9,3.536822638146168,starter,NA,2024,17.2
7,Christian McCaffrey,RB,12,7.8,1.4368226381461673,starter,NA,2024,20.6
7,Nico Collins,WR,12,20.2,12.750539215686274,starter,NA,2024,15.5
7,Puka Nacua,WR,12,20.7,13.250539215686274,starter,NA,2024,17.2
7,Travis Kelce,TE,12,12.2,2.8753921568627447,starter,NA,2024,16
7,Jalen McMillan,WR,12,2.1,-5.349460784313726,starter,NA,2024,8
7,Drake Maye,QB,12,14.48,4.77857843137255,starter,NA,2024,16.5
7,Wil Lutz,K,12,22,15.16421568627451,starter,NA,2024,20
7,Baltimore Ravens,DST,12,5,-2.9123529411764695,starter,NA,2024,13
8,Jalen Hurts,QB,12,15.06,5.35857843137255,starter,NA,2024,23.7
8,Chuba Hubbard,RB,12,15,8.636822638146167,starter,NA,2024,13
8,Rachaad White,RB,12,11.7,5.336822638146167,starter,NA,2024,13
8,Cedric Tillman,WR,12,2.8,-4.6494607843137254,starter,NA,2024,13.8
8,Xavier Legette,WR,12,9.6,2.1505392156862744,starter,NA,2024,8.5
8,T.J. Hockenson,TE,12,18.4,9.075392156862744,starter,NA,2024,9.6
8,Jordan Addison,WR,12,30.2,22.750539215686274,starter,NA,2024,11.1
8,Bo Nix,QB,12,19.42,9.718578431372551,starter,NA,2024,17.9
8,Jake Bates,K,12,8,1.1642156862745097,starter,NA,2024,31
8,Denver Broncos,DST,12,11,3.0876470588235305,starter,NA,2024,28
9,Jameis Winston,QB,12,14.46,4.75857843137255,starter,NA,2024,15.5
9,Najee Harris,RB,12,7.4,-0.049460784313724915,starter,NA,2024,14.6
9,Jaylen Warren,RB,12,15.4,7.950539215686275,starter,NA,2024,9.8
9,Malik Nabers,WR,12,12.4,3.3150980392156875,starter,NA,2024,14.8
9,Jaxon Smith-Njigba,WR,12,19.7,10.615098039215686,starter,NA,2024,15.2
9,Zach Ertz,TE,12,15.8,6.475392156862746,starter,NA,2024,9.3
9,Nick Chubb,RB,12,19,11.550539215686275,starter,NA,2024,5.9
9,Caleb Williams,QB,12,26.9,17.198578431372546,starter,NA,2024,14.2
9,Jake Moody,K,12,5,-1.8357843137254903,starter,NA,2024,27
9,Detroit Lions,DST,12,8,0.08764705882353052,starter,NA,2024,29
10,C.J. Stroud,QB,12,17.68,7.978578431372549,starter,NA,2024,16.9
10,Brian Robinson Jr.,RB,12,3.4,-2.9631773618538326,starter,NA,2024,13.2
10,Samaje Perine,RB,12,4.4,-1.9631773618538322,starter,NA,2024,0.6
10,Jakobi Meyers,WR,12,22.1,14.650539215686276,starter,NA,2024,12.8
10,Tyreek Hill,WR,12,9.8,2.3505392156862754,starter,NA,2024,15
10,George Kittle,TE,12,20.2,10.875392156862745,starter,NA,2024,11.3
10,DeAndre Hopkins,WR,12,14.5,7.050539215686275,starter,NA,2024,13.2
10,Jayden Daniels,QB,12,32.4,22.698578431372546,starter,NA,2024,20.6
10,Brandon Aubrey,K,12,10,3.1642156862745097,starter,NA,2024,15
10,Kansas City Chiefs,DST,12,3,-4.9123529411764695,starter,NA,2024,26
11,Lamar Jackson,QB,12,22.58,15.551657142857142,starter,NA,2024,21.6
11,Raheem Mostert,RB,12,1.2,-5.163177361853832,starter,NA,2024,1.8
11,Rhamondre Stevenson,RB,12,3.3,-3.0631773618538327,starter,NA,2024,12.5
11,Jameson Williams,WR,12,11.8,2.09857843137255,starter,NA,2024,12.7
11,DK Metcalf,WR,12,9.9,0.1985784313725496,starter,NA,2024,16.6
11,Cade Otton,TE,12,4,-5.3246078431372545,starter,NA,2024,13.3
11,Jaylen Waddle,WR,12,28.4,18.698578431372546,starter,NA,2024,8.8
11,Jauan Jennings,WR,12,9,-0.7014215686274508,starter,NA,2024,11.8
11,Chase McLaughlin,K,12,5,-1.8357843137254903,starter,NA,2024,11
11,Tampa Bay Buccaneers,DST,12,12,4.0876470588235305,starter,NA,2024,18
12,Jordan Love,QB,12,14.72,5.01857843137255,starter,NA,2024,16.2
12,Saquon Barkley,RB,12,46.2,38.750539215686274,starter,NA,2024,20.2
12,Derrick Henry,RB,12,14,6.550539215686275,starter,NA,2024,16.3
12,George Pickens,WR,12,8.8,-0.2849019607843122,starter,NA,2024,14.4
12,Calvin Ridley,WR,12,14.3,5.215098039215688,starter,NA,2024,13.4
12,Pat Freiermuth,TE,12,9.9,0.5753921568627458,starter,NA,2024,9
12,Josh Jacobs,RB,12,28.6,21.150539215686276,starter,NA,2024,15
12,Russell Wilson,QB,12,13.8,4.09857843137255,starter,NA,2024,15.9
12,Chris Boswell,K,12,7,0.16421568627450966,starter,NA,2024,32
12,Los Angeles Rams,DST,12,-3,-10.912352941176469,starter,NA,2024,11
1,Justin Herbert,QB,13,7.98,-9.351421568627451,starter,NA,2024,19.9
1,David Montgomery,RB,13,15.4,8.2551559714795,starter,NA,2024,13.9
1,Gus Edwards,RB,13,4.3,-2.8448440285205,starter,NA,2024,7.3
1,Zay Flowers,WR,13,10.1,-0.02696078431372584,starter,NA,2024,16.4
1,Ja'Marr Chase,WR,13,20.6,10.473039215686276,starter,NA,2024,19.4
1,Hunter Henry,TE,13,14.5,4.615392156862747,starter,NA,2024,12
1,Jayden Reed,WR,13,19.7,9.573039215686274,starter,NA,2024,13.7
1,Kyler Murray,QB,13,17.2,-0.13142156862745225,starter,NA,2024,19.3
1,Justin Tucker,K,13,6,-1.477450980392156,starter,NA,2024,30
1,Arizona Cardinals,DST,13,9,1.2976470588235305,starter,NA,2024,13
2,Patrick Mahomes,QB,13,16.64,-0.691421568627451,starter,NA,2024,20
2,De'Von Achane,RB,13,21,13.855155971479501,starter,NA,2024,17.6
2,Antonio Gibson,RB,13,12.2,5.0551559714795,starter,NA,2024,4
2,CeeDee Lamb,WR,13,5.9,-4.226960784313725,starter,NA,2024,15.8
2,Mike Evans,WR,13,25.8,15.673039215686275,starter,NA,2024,15.8
2,Will Dissly,TE,13,0,-9.884607843137253,starter,NA,2024,11.4
2,Drake London,WR,13,17.3,7.173039215686275,starter,NA,2024,15.4
2,Brock Purdy,QB,13,2.16,-15.171421568627451,starter,NA,2024,17.6
2,Younghoe Koo,K,13,7,-0.47745098039215605,starter,NA,2024,18
2,New York Giants,DST,13,1,-6.7023529411764695,starter,NA,2024,9
3,Tua Tagovailoa,QB,13,25.2,7.868578431372548,starter,NA,2024,14.7
3,Kenneth Walker III,RB,13,6.6,-3.526960784313726,starter,NA,2024,15.7
3,Joe Mixon,RB,13,21.9,11.773039215686273,starter,NA,2024,21.8
3,D.J. Moore,WR,13,23.7,11.48843137254902,starter,NA,2024,13.3
3,Justin Jefferson,WR,13,16.9,4.688431372549019,starter,NA,2024,18
3,Brock Bowers,TE,13,30.2,20.315392156862746,starter,NA,2024,15.1
3,Tyrone Tracy Jr.,RB,13,14.5,4.3730392156862745,starter,NA,2024,13.9
3,Sam Darnold,QB,13,19.6,2.26857843137255,starter,NA,2024,17.5
3,Jake Elliott,K,13,6,-1.477450980392156,starter,NA,2024,16
3,Chicago Bears,DST,13,5,-2.7023529411764695,starter,NA,2024,2
4,Joe Burrow,QB,13,20.26,2.92857843137255,starter,NA,2024,19.9
4,James Cook,RB,13,19,11.855155971479501,starter,NA,2024,16.2
4,Jonathan Taylor,RB,13,17.3,10.155155971479502,starter,NA,2024,13.1
4,Amon-Ra St. Brown,WR,13,12.3,2.1730392156862752,starter,NA,2024,19.5
4,Terry McLaurin,WR,13,27.3,17.173039215686273,starter,NA,2024,15.7
4,Trey McBride,TE,13,21.6,11.715392156862748,starter,NA,2024,15.3
4,Cooper Kupp,WR,13,4.7,-5.426960784313725,starter,NA,2024,16.8
4,Matthew Stafford,QB,13,15.62,-1.7114215686274523,starter,NA,2024,17.4
4,Ka'imi Fairbairn,K,13,13,5.522549019607844,starter,NA,2024,29
4,Minnesota Vikings,DST,13,6,-1.7023529411764695,starter,NA,2024,27
5,Geno Smith,QB,13,12.44,-4.891421568627452,starter,NA,2024,16
5,Kyren Williams,RB,13,18.3,11.155155971479502,starter,NA,2024,14.8
5,Bucky Irving,RB,13,27.5,20.3551559714795,starter,NA,2024,15.2
5,Courtland Sutton,WR,13,16.2,6.073039215686274,starter,NA,2024,16.3
5,Marvin Harrison Jr.,WR,13,17,6.8730392156862745,starter,NA,2024,11.8
5,Jonnu Smith,TE,13,21.3,11.415392156862747,starter,NA,2024,12.9
5,Ladd McConkey,WR,13,20.7,10.573039215686274,starter,NA,2024,15.8
5,Trevor Lawrence,QB,13,1.24,-16.091421568627453,starter,NA,2024,14.5
5,Jason Sanders,K,13,3,-4.477450980392156,starter,NA,2024,10
5,Houston Texans,DST,13,3,-4.7023529411764695,starter,NA,2024,31
6,Josh Allen,QB,13,28.42,11.08857843137255,starter,NA,2024,22.6
6,Tony Pollard,RB,13,8.8,1.655155971479501,starter,NA,2024,15.7
6,Jahmyr Gibbs,RB,13,10.4,3.2551559714795006,starter,NA,2024,16.6
6,Tee Higgins,WR,13,17.9,7.773039215686273,starter,NA,2024,17
6,A.J. Brown,WR,13,11.6,1.4730392156862742,starter,NA,2024,18.9
6,Dallas Goedert,TE,13,12.5,2.6153921568627467,starter,NA,2024,11.5
6,Tank Dell,WR,13,3.3,-6.826960784313726,starter,NA,2024,11
6,Kirk Cousins,QB,13,6.1,-11.231421568627452,starter,NA,2024,15.2
6,Cameron Dicker,K,13,12,4.522549019607844,starter,NA,2024,27
6,Washington Commanders,DST,13,8,0.2976470588235305,starter,NA,2024,24
7,Jared Goff,QB,13,16.94,-0.39142156862745026,starter,NA,2024,16.4
7,Bijan Robinson,RB,13,25.5,18.3551559714795,starter,NA,2024,17.9
7,Christian McCaffrey,RB,13,8.7,1.5551559714794996,starter,NA,2024,19.9
7,Nico Collins,WR,13,19.9,9.773039215686273,starter,NA,2024,18.6
7,Puka Nacua,WR,13,17.3,7.173039215686275,starter,NA,2024,17.9
7,Travis Kelce,TE,13,13.8,3.9153921568627474,starter,NA,2024,14.4
7,Garrett Wilson,WR,13,9.1,-1.0269607843137258,starter,NA,2024,13.6
7,Drake Maye,QB,13,20.42,3.08857843137255,starter,NA,2024,16.1
7,Wil Lutz,K,13,11,3.522549019607844,starter,NA,2024,15
7,Dallas Cowboys,DST,13,19,11.29764705882353,starter,NA,2024,28
8,Jalen Hurts,QB,13,17.62,0.28857843137254946,starter,NA,2024,23.6
8,Chuba Hubbard,RB,13,2.3,-4.8448440285205,starter,NA,2024,13.1
8,Rachaad White,RB,13,8.8,1.655155971479501,starter,NA,2024,11.2
8,Jordan Addison,WR,13,9.4,-2.8115686274509795,starter,NA,2024,11.5
8,Xavier Legette,WR,13,9.3,-2.911568627450979,starter,NA,2024,10.4
8,T.J. Hockenson,TE,13,5.8,-4.326960784313726,starter,NA,2024,11.7
8,Evan Engram,TE,13,11.1,0.9730392156862742,starter,NA,2024,11.6
8,Bo Nix,QB,13,14.16,-3.1714215686274514,starter,NA,2024,17.2
8,Jake Bates,K,13,11,3.522549019607844,starter,NA,2024,32
8,Denver Broncos,DST,13,20,12.29764705882353,starter,NA,2024,30
9,Derek Carr,QB,13,14.56,-2.771421568627451,starter,NA,2024,14
9,Nick Chubb,RB,13,12.5,5.3551559714795,starter,NA,2024,7.3
9,Jaylen Warren,RB,13,10.4,3.2551559714795006,starter,NA,2024,11.4
9,Marquez Valdes-Scantling,WR,13,11.6,-0.6115686274509802,starter,NA,2024,10
9,Jaxon Smith-Njigba,WR,13,11.9,-0.31156862745097946,starter,NA,2024,15.4
9,Zach Ertz,TE,13,12.5,2.3730392156862745,starter,NA,2024,10.3
9,Taysom Hill,TE,13,9.7,-0.4269607843137262,starter,NA,2024,9.5
9,Caleb Williams,QB,13,26.14,8.808578431372549,starter,NA,2024,16.8
9,Jake Moody,K,13,2,-5.477450980392156,starter,NA,2024,23
9,Detroit Lions,DST,13,6,-1.7023529411764695,starter,NA,2024,32
10,C.J. Stroud,QB,13,14.38,-2.9514215686274508,starter,NA,2024,18
10,Alvin Kamara,RB,13,15.9,8.7551559714795,starter,NA,2024,18
10,Chase Brown,RB,13,19,11.855155971479501,starter,NA,2024,18.3
10,Jakobi Meyers,WR,13,15.7,5.573039215686274,starter,NA,2024,15.1
10,Tyreek Hill,WR,13,20.3,10.173039215686275,starter,NA,2024,15.1
10,George Kittle,TE,13,1.7,-8.184607843137254,starter,NA,2024,13.1
10,DeAndre Hopkins,WR,13,13,2.8730392156862745,starter,NA,2024,10.9
10,Jayden Daniels,QB,13,28.64,11.308578431372549,starter,NA,2024,19.9
10,Brandon Aubrey,K,13,9,1.522549019607844,starter,NA,2024,13
10,Kansas City Chiefs,DST,13,7,-0.7023529411764695,starter,NA,2024,25
11,Lamar Jackson,QB,13,25.38,10.220202597402597,starter,NA,2024,21.4
11,Breece Hall,RB,13,6,-1.1448440285204997,starter,NA,2024,17.5
11,Rhamondre Stevenson,RB,13,12.4,5.255155971479501,starter,NA,2024,12.1
11,Jameson Williams,WR,13,9.6,-7.731421568627452,starter,NA,2024,12.9
11,DK Metcalf,WR,13,10.6,-6.731421568627452,starter,NA,2024,15.2
11,Cade Otton,TE,13,6,-3.8846078431372533,starter,NA,2024,12.1
11,Michael Pittman Jr.,WR,13,9.2,-8.131421568627452,starter,NA,2024,13.1
11,Jauan Jennings,WR,13,8.6,-8.731421568627452,starter,NA,2024,11.8
11,Chase McLaughlin,K,13,15,7.522549019607844,starter,NA,2024,26
11,Tampa Bay Buccaneers,DST,13,4,-3.7023529411764695,starter,NA,2024,29
12,Jordan Love,QB,13,18.96,1.6285784313725493,starter,NA,2024,15.1
12,Saquon Barkley,RB,13,19.7,9.573039215686274,starter,NA,2024,22.1
12,Derrick Henry,RB,13,14.1,3.973039215686274,starter,NA,2024,17.3
12,George Pickens,WR,13,16.4,4.188431372549019,starter,NA,2024,14.6
12,Calvin Ridley,WR,13,6.5,-5.71156862745098,starter,NA,2024,15.2
12,Pat Freiermuth,TE,13,18.8,8.915392156862747,starter,NA,2024,7.7
12,Josh Jacobs,RB,13,21.7,11.573039215686274,starter,NA,2024,14.3
12,Baker Mayfield,QB,13,12.2,-5.131421568627452,starter,NA,2024,18
12,Chris Boswell,K,13,15,7.522549019607844,starter,NA,2024,24
12,Pittsburgh Steelers,DST,13,17,9.29764705882353,starter,NA,2024,20
1,Justin Herbert,QB,14,13.72,2.864745098039217,starter,NA,2024,18.4
1,David Montgomery,RB,14,19.4,12.521898395721923,starter,NA,2024,14.1
1,Gus Edwards,RB,14,9.6,2.721898395721925,starter,NA,2024,7.6
1,Jerry Jeudy,WR,14,17.4,7.943872549019606,starter,NA,2024,15.2
1,Ja'Marr Chase,WR,14,45.1,35.643872549019605,starter,NA,2024,19.6
1,Tyler Conklin,TE,14,6.3,0.014558823529411846,starter,NA,2024,6.9
1,Jayden Reed,WR,14,0,-9.456127450980393,starter,NA,2024,13.4
1,Kyler Murray,QB,14,19.96,9.104745098039217,starter,NA,2024,19.2
1,Nick Folk,K,14,7,0.3392156862745104,starter,NA,2024,10
1,Arizona Cardinals,DST,14,-1,-5.295686274509803,starter,NA,2024,25
2,Brock Purdy,QB,14,22.1,11.244745098039218,starter,NA,2024,16.7
2,De'Von Achane,RB,14,18.9,12.021898395721923,starter,NA,2024,18.1
2,Kenneth Gainwell,RB,14,5.3,-1.5781016042780749,starter,NA,2024,1.1
2,CeeDee Lamb,WR,14,21.4,11.943872549019606,starter,NA,2024,16.5
2,Mike Evans,WR,14,10.9,1.4438725490196074,starter,NA,2024,16.9
2,Will Dissly,TE,14,3.9,-2.385441176470588,starter,NA,2024,11.6
2,Drake London,WR,14,12,2.543872549019607,starter,NA,2024,15.2
2,Patrick Mahomes,QB,14,14.1,3.244745098039216,starter,NA,2024,19.5
2,Younghoe Koo,K,14,7,0.3392156862745104,starter,NA,2024,22
2,Buffalo Bills,DST,14,-4,-8.295686274509803,starter,NA,2024,30
3,Tua Tagovailoa,QB,14,23.54,12.684745098039215,starter,NA,2024,16.1
3,Ray Davis,RB,14,0,-6.878101604278075,starter,NA,2024,2.9
3,Tyrone Tracy Jr.,RB,14,19.3,12.421898395721925,starter,NA,2024,14.7
3,Nick Westbrook-Ikhine,WR,14,2.9,-6.556127450980393,starter,NA,2024,10.7
3,Justin Jefferson,WR,14,32.2,22.74387254901961,starter,NA,2024,18.1
3,Brock Bowers,TE,14,8.2,1.9145588235294113,starter,NA,2024,16.7
3,D.J. Moore,WR,14,10.9,1.4438725490196074,starter,NA,2024,12.9
3,Sam Darnold,QB,14,34.58,23.724745098039214,starter,NA,2024,17.9
3,Jake Elliott,K,14,1,-5.66078431372549,starter,NA,2024,28
3,San Francisco 49ers,DST,14,13,8.704313725490197,starter,NA,2024,18
4,Joe Burrow,QB,14,25.56,14.704745098039215,starter,NA,2024,20.4
4,Tyjae Spears,RB,14,3.3,-3.578101604278075,starter,NA,2024,5.5
4,James Cook,RB,14,4.9,-1.9781016042780744,starter,NA,2024,15.6
4,Amon-Ra St. Brown,WR,14,10.3,0.8438725490196077,starter,NA,2024,19.2
4,Cooper Kupp,WR,14,20.2,10.743872549019606,starter,NA,2024,16.7
4,Trey McBride,TE,14,14,7.714558823529412,starter,NA,2024,15.5
4,Dontayvion Wicks,WR,14,8.9,-0.5561274509803926,starter,NA,2024,10.2
4,Matthew Stafford,QB,14,20.8,9.944745098039217,starter,NA,2024,16.8
4,Jason Myers,K,14,12,5.33921568627451,starter,NA,2024,17
4,Minnesota Vikings,DST,14,7,2.7043137254901968,starter,NA,2024,23
5,Geno Smith,QB,14,13.32,2.4647450980392165,starter,NA,2024,15.4
5,Kyren Williams,RB,14,23.7,16.821898395721924,starter,NA,2024,13.9
5,Bucky Irving,RB,14,2.8,-4.078101604278075,starter,NA,2024,16.1
5,Joshua Palmer,WR,14,13.8,5.234264705882355,starter,NA,2024,8.4
5,Marvin Harrison Jr.,WR,14,8.9,0.33426470588235446,starter,NA,2024,12.2
5,David Njoku,TE,14,17.2,7.743872549019606,starter,NA,2024,13.1
5,Jonnu Smith,TE,14,13.4,3.9438725490196074,starter,NA,2024,13.5
5,Cooper Rush,QB,14,14.82,3.9647450980392165,starter,NA,2024,15.2
5,Jason Sanders,K,14,15,8.33921568627451,starter,NA,2024,11
5,Cincinnati Bengals,DST,14,7,2.7043137254901968,starter,NA,2024,8
6,Josh Allen,QB,14,51.88,41.02474509803922,starter,NA,2024,22.6
6,Tony Pollard,RB,14,14.4,4.943872549019607,starter,NA,2024,15.3
6,Jahmyr Gibbs,RB,14,19.3,9.843872549019608,starter,NA,2024,16.7
6,Tee Higgins,WR,14,4.3,-4.265735294117646,starter,NA,2024,17.3
6,A.J. Brown,WR,14,8.3,-0.2657352941176452,starter,NA,2024,17.1
6,Juwan Johnson,TE,14,15,8.714558823529412,starter,NA,2024,7.7
6,D'Andre Swift,RB,14,5,-4.456127450980393,starter,NA,2024,14.8
6,Kirk Cousins,QB,14,11.76,0.904745098039216,starter,NA,2024,14.2
6,Cameron Dicker,K,14,5,-1.6607843137254896,starter,NA,2024,26
6,Tennessee Titans,DST,14,9,4.704313725490197,starter,NA,2024,24
7,Jared Goff,QB,14,23.02,15.155475324675324,starter,NA,2024,15.3
7,Bijan Robinson,RB,14,20.1,9.244745098039218,starter,NA,2024,18.6
7,James Conner,RB,14,22.2,11.344745098039215,starter,NA,2024,16
7,Garrett Wilson,WR,14,18.4,9.834264705882353,starter,NA,2024,13.2
7,Puka Nacua,WR,14,41.8,33.23426470588235,starter,NA,2024,17.8
7,Travis Kelce,TE,14,9.5,3.214558823529412,starter,NA,2024,15.7
7,Isaac Guerendo,RB,14,26.8,15.944745098039217,starter,NA,2024,13.2
7,Rico Dowdle,RB,14,15.1,4.244745098039216,starter,NA,2024,12.5
7,Jake Moody,K,14,8,1.3392156862745104,starter,NA,2024,16
7,New Orleans Saints,DST,14,10,5.704313725490197,starter,NA,2024,29
8,Jalen Hurts,QB,14,24.22,16.355475324675325,starter,NA,2024,22.7
8,Chuba Hubbard,RB,14,20.7,9.844745098039215,starter,NA,2024,10.9
8,Zach Charbonnet,RB,14,38.3,27.444745098039213,starter,NA,2024,15.7
8,Jordan Addison,WR,14,39.3,28.444745098039213,starter,NA,2024,11.5
8,Amari Cooper,WR,14,15.5,4.644745098039216,starter,NA,2024,11.5
8,T.J. Hockenson,TE,14,8.5,2.214558823529412,starter,NA,2024,11.4
8,Rachaad White,RB,14,24.9,14.044745098039215,starter,NA,2024,11.2
8,Xavier Legette,WR,14,5.9,-4.9552549019607834,starter,NA,2024,9.6
8,Jake Bates,K,14,11,4.33921568627451,starter,NA,2024,32
8,Jacksonville Jaguars,DST,14,10,5.704313725490197,starter,NA,2024,13
9,Caleb Williams,QB,14,14.06,3.2047450980392167,starter,NA,2024,17.3
9,Najee Harris,RB,14,11.3,1.8438725490196077,starter,NA,2024,15
9,Nick Chubb,RB,14,4.8,-4.656127450980393,starter,NA,2024,6.5
9,Khalil Shakir,WR,14,21.6,13.034264705882356,starter,NA,2024,14.2
9,Jaxon Smith-Njigba,WR,14,19.6,11.034264705882356,starter,NA,2024,14.9
9,Jake Ferguson,TE,14,6.2,-0.0854411764705878,starter,NA,2024,10
9,Braelon Allen,RB,14,12.1,2.6438725490196067,starter,NA,2024,13.9
9,Jameis Winston,QB,14,17.28,6.424745098039217,starter,NA,2024,15.6
9,Will Reichard,K,14,5,-1.6607843137254896,starter,NA,2024,23
9,Seattle Seahawks,DST,14,8,3.7043137254901968,starter,NA,2024,20
10,Justin Fields,QB,14,0,-7.864524675324676,starter,NA,2024,0
10,Alvin Kamara,RB,14,12.9,6.021898395721926,starter,NA,2024,18.3
10,Chase Brown,RB,14,24.3,17.421898395721925,starter,NA,2024,16.5
10,Jakobi Meyers,WR,14,13.7,2.8447450980392155,starter,NA,2024,15.8
10,Tyreek Hill,WR,14,28.1,17.244745098039218,starter,NA,2024,15.3
10,George Kittle,TE,14,21.1,14.814558823529413,starter,NA,2024,13.4
10,DeAndre Hopkins,WR,14,13.2,2.3447450980392155,starter,NA,2024,12.3
10,Davante Adams,WR,14,25.9,15.044745098039215,starter,NA,2024,13.3
10,Brandon Aubrey,K,14,9,2.3392156862745104,starter,NA,2024,27
10,Philadelphia Eagles,DST,14,4,-0.2956862745098032,starter,NA,2024,31
11,Drew Lock,QB,14,15.98,8.115475324675325,starter,NA,2024,14.5
11,Breece Hall,RB,14,0,-6.878101604278075,starter,NA,2024,0
11,Raheem Mostert,RB,14,0,-6.878101604278075,starter,NA,2024,0
11,Jameson Williams,WR,14,13,2.144745098039216,starter,NA,2024,12.7
11,DK Metcalf,WR,14,8.9,-1.9552549019607834,starter,NA,2024,14.4
11,Cade Otton,TE,14,10,3.714558823529412,starter,NA,2024,9.4
11,Brian Thomas Jr.,WR,14,16.6,5.744745098039218,starter,NA,2024,13.4
11,Jauan Jennings,WR,14,28,17.144745098039216,starter,NA,2024,13.1
11,Chase McLaughlin,K,14,4,-2.6607843137254896,starter,NA,2024,21
11,Tampa Bay Buccaneers,DST,14,10,5.704313725490197,starter,NA,2024,27
12,Jordan Love,QB,14,14.54,3.6847450980392153,starter,NA,2024,16.2
12,Saquon Barkley,RB,14,14.4,4.943872549019607,starter,NA,2024,21.6
12,Josh Jacobs,RB,14,24.6,15.143872549019608,starter,NA,2024,16.2
12,George Pickens,WR,14,0,-8.565735294117646,starter,NA,2024,0
12,Calvin Ridley,WR,14,12.9,4.3342647058823545,starter,NA,2024,13.8
12,Sam LaPorta,TE,14,10.4,4.114558823529412,starter,NA,2024,9.8
12,Aaron Jones,RB,14,16.4,6.943872549019606,starter,NA,2024,13.7
12,Baker Mayfield,QB,14,21,10.144745098039216,starter,NA,2024,17.5
12,Chris Boswell,K,14,11,4.33921568627451,starter,NA,2024,30
12,Pittsburgh Steelers,DST,14,9,4.704313725490197,starter,NA,2024,32
1,Justin Herbert,QB,15,14.8,5.25257843137255,starter,NA,2024,17.7
1,David Montgomery,RB,15,7.5,-0.8056773618538315,starter,NA,2024,13.9
1,Nick Chubb,RB,15,2.1,-6.205677361853832,starter,NA,2024,5.9
1,Jerry Jeudy,WR,15,21.8,12.845539215686275,starter,NA,2024,16.5
1,Ja'Marr Chase,WR,15,18.4,9.445539215686273,starter,NA,2024,20.5
1,Hunter Henry,TE,15,6.5,-0.5904411764705877,starter,NA,2024,11.1
1,Adam Thielen,WR,15,10.1,1.1455392156862736,starter,NA,2024,15
1,Kyler Murray,QB,15,10.06,0.5125784313725497,starter,NA,2024,18.8
1,Nick Folk,K,15,3,-4.18578431372549,starter,NA,2024,14
1,Arizona Cardinals,DST,15,6,-1.2123529411764702,starter,NA,2024,27
2,Brock Purdy,QB,15,4.98,-4.56742156862745,starter,NA,2024,16.7
2,De'Von Achane,RB,15,14.6,6.294322638146168,starter,NA,2024,18.8
2,Kenneth Gainwell,RB,15,9,0.6943226381461685,starter,NA,2024,1.1
2,CeeDee Lamb,WR,15,26.6,17.645539215686277,starter,NA,2024,16.7
2,Mike Evans,WR,15,36.9,27.945539215686274,starter,NA,2024,15.7
2,Isaiah Likely,TE,15,3.7,-3.3904411764705875,starter,NA,2024,7.8
2,Drake London,WR,15,14.3,5.345539215686275,starter,NA,2024,15.4
2,Patrick Mahomes,QB,15,15.76,6.212578431372549,starter,NA,2024,18.7
2,Younghoe Koo,K,15,8,0.81421568627451,starter,NA,2024,8
2,Detroit Lions,DST,15,-4,-11.21235294117647,starter,NA,2024,12
3,Tua Tagovailoa,QB,15,6.84,-2.707421568627451,starter,NA,2024,17.5
3,Joe Mixon,RB,15,10.6,1.6455392156862736,starter,NA,2024,20.6
3,Javonte Williams,RB,15,4.3,-4.654460784313726,starter,NA,2024,8.3
3,D.J. Moore,WR,15,15,6.696764705882353,starter,NA,2024,13.3
3,Justin Jefferson,WR,15,20.3,11.996764705882354,starter,NA,2024,18.2
3,Brock Bowers,TE,15,6.5,-0.5904411764705877,starter,NA,2024,16.6
3,Tyrone Tracy Jr.,RB,15,4.5,-4.454460784313726,starter,NA,2024,15.8
3,Sam Darnold,QB,15,12.24,2.6925784313725494,starter,NA,2024,17.9
3,Jake Elliott,K,15,10,2.81421568627451,starter,NA,2024,15
3,San Francisco 49ers,DST,15,4,-3.21235294117647,starter,NA,2024,11
4,Joe Burrow,QB,15,18.84,9.292578431372549,starter,NA,2024,21
4,Jonathan Taylor,RB,15,10.1,1.794322638146168,starter,NA,2024,13
4,James Cook,RB,15,26.3,17.99432263814617,starter,NA,2024,16.2
4,Amon-Ra St. Brown,WR,15,37.3,28.345539215686273,starter,NA,2024,19.4
4,Cooper Kupp,WR,15,0,-8.954460784313726,starter,NA,2024,16.1
4,Trey McBride,TE,15,17.7,10.609558823529412,starter,NA,2024,15.7
4,Terry McLaurin,WR,15,26.3,17.345539215686273,starter,NA,2024,16.6
4,Matthew Stafford,QB,15,8.2,-1.3474215686274515,starter,NA,2024,15.7
4,Justin Tucker,K,15,5,-2.18578431372549,starter,NA,2024,24
4,Minnesota Vikings,DST,15,9,1.7876470588235298,starter,NA,2024,32
5,Geno Smith,QB,15,5.46,-4.087421568627451,starter,NA,2024,14.9
5,Kyren Williams,RB,15,13.2,4.894322638146168,starter,NA,2024,14.6
5,Bucky Irving,RB,15,13.3,4.994322638146169,starter,NA,2024,10.4
5,Courtland Sutton,WR,15,12.2,3.2455392156862732,starter,NA,2024,16.1
5,Ladd McConkey,WR,15,16.8,7.845539215686275,starter,NA,2024,13.9
5,Jonnu Smith,TE,15,19.8,12.709558823529413,starter,NA,2024,13.4
5,Marvin Harrison Jr.,WR,15,5.2,-3.754460784313726,starter,NA,2024,12.5
5,Cooper Rush,QB,15,19.06,9.512578431372548,starter,NA,2024,14.2
5,Jason Sanders,K,15,7,-0.18578431372548998,starter,NA,2024,13
5,Cincinnati Bengals,DST,15,21,13.78764705882353,starter,NA,2024,22
6,Josh Allen,QB,15,41.28,31.732578431372552,starter,NA,2024,24.3
6,Tony Pollard,RB,15,8.5,0.19432263814616846,starter,NA,2024,15.8
6,Jahmyr Gibbs,RB,15,28.4,20.094322638146167,starter,NA,2024,17.8
6,Tee Higgins,WR,15,19.8,10.845539215686275,starter,NA,2024,17.3
6,A.J. Brown,WR,15,25,16.045539215686276,starter,NA,2024,15
6,Juwan Johnson,TE,15,3.2,-3.8904411764705875,starter,NA,2024,9.8
6,Tank Dell,WR,15,6.1,-2.8544607843137264,starter,NA,2024,8.5
6,Kirk Cousins,QB,15,7.48,-2.0674215686274504,starter,NA,2024,13.7
6,Cameron Dicker,K,15,6,-1.18578431372549,starter,NA,2024,17
6,Baltimore Ravens,DST,15,6,-1.2123529411764702,starter,NA,2024,31
7,Jared Goff,QB,15,41.06,31.512578431372553,starter,NA,2024,16.5
7,Bijan Robinson,RB,15,14.5,5.545539215686274,starter,NA,2024,18.7
7,James Conner,RB,15,30.8,21.845539215686273,starter,NA,2024,16.5
7,Puka Nacua,WR,15,17.8,9.496764705882354,starter,NA,2024,18.1
7,Nico Collins,WR,15,17.7,9.396764705882353,starter,NA,2024,19.5
7,Travis Kelce,TE,15,6.7,-0.3904411764705875,starter,NA,2024,14.2
7,Rico Dowdle,RB,15,14.9,5.945539215686274,starter,NA,2024,14.4
7,Drake Maye,QB,15,18.48,8.93257843137255,starter,NA,2024,16.7
7,Wil Lutz,K,15,8,0.81421568627451,starter,NA,2024,29
7,New Orleans Saints,DST,15,10,2.78764705882353,starter,NA,2024,4
8,Jalen Hurts,QB,15,28.1,18.552578431372552,starter,NA,2024,22.5
8,Chuba Hubbard,RB,15,8.9,0.5943226381461688,starter,NA,2024,14.9
8,Zach Charbonnet,RB,15,13.6,5.294322638146168,starter,NA,2024,18.8
8,Amari Cooper,WR,15,0,-8.954460784313726,starter,NA,2024,13.8
8,Jordan Addison,WR,15,13.3,4.345539215686275,starter,NA,2024,13.8
8,T.J. Hockenson,TE,15,10.2,3.1095588235294116,starter,NA,2024,9.4
8,Xavier Legette,WR,15,2.9,-6.054460784313726,starter,NA,2024,9.6
8,Bo Nix,QB,15,16.5,6.952578431372549,starter,NA,2024,17.3
8,Jake Bates,K,15,5,-2.18578431372549,starter,NA,2024,25
8,Denver Broncos,DST,15,22,14.78764705882353,starter,NA,2024,28
9,Caleb Williams,QB,15,9.94,0.39257843137254866,starter,NA,2024,16.9
9,Najee Harris,RB,15,3.1,-5.205677361853832,starter,NA,2024,14.6
9,Tank Bigsby,RB,15,4.2,-4.105677361853831,starter,NA,2024,7.9
9,Khalil Shakir,WR,15,15.9,6.945539215686274,starter,NA,2024,14.2
9,Jaxon Smith-Njigba,WR,15,18.3,9.345539215686275,starter,NA,2024,15.7
9,Zach Ertz,TE,15,4.5,-2.5904411764705877,starter,NA,2024,9.8
9,Malik Nabers,WR,15,24.2,15.245539215686273,starter,NA,2024,14.2
9,Jameis Winston,QB,15,2.64,-6.90742156862745,starter,NA,2024,16.5
9,Will Reichard,K,15,15,7.81421568627451,starter,NA,2024,20
9,Seattle Seahawks,DST,15,2,-5.21235294117647,starter,NA,2024,15
10,Jayden Daniels,QB,15,23.64,14.09257843137255,starter,NA,2024,19
10,Alvin Kamara,RB,15,17,8.694322638146168,starter,NA,2024,17.6
10,Chase Brown,RB,15,26.3,17.99432263814617,starter,NA,2024,18.8
10,Jakobi Meyers,WR,15,10.9,1.9455392156862743,starter,NA,2024,15.7
10,Tyreek Hill,WR,15,5.6,-3.3544607843137264,starter,NA,2024,17.5
10,George Kittle,TE,15,10.1,3.009558823529412,starter,NA,2024,14.2
10,Davante Adams,WR,15,42.8,33.84553921568627,starter,NA,2024,15.9
10,C.J. Stroud,QB,15,11.64,2.0925784313725497,starter,NA,2024,15.7
10,Brandon Aubrey,K,15,15,7.81421568627451,starter,NA,2024,22
10,Kansas City Chiefs,DST,15,23,15.78764705882353,starter,NA,2024,19
11,Lamar Jackson,QB,15,36.1,25.665475324675327,starter,NA,2024,22.6
11,Breece Hall,RB,15,13.1,4.794322638146168,starter,NA,2024,11.9
11,Jameson Williams,WR,15,12.7,3.1525784313725485,starter,NA,2024,13.2
11,DK Metcalf,WR,15,5.8,-3.747421568627451,starter,NA,2024,13.2
11,Cade Otton,TE,15,4.4,-2.6904411764705873,starter,NA,2024,9.6
11,Brian Thomas Jr.,WR,15,32.5,22.95257843137255,starter,NA,2024,14.9
11,Jauan Jennings,WR,15,5.1,-4.447421568627451,starter,NA,2024,15.3
11,Chase McLaughlin,K,15,18,10.81421568627451,starter,NA,2024,21
11,Tampa Bay Buccaneers,DST,15,10,2.78764705882353,starter,NA,2024,13
12,Jordan Love,QB,15,17.56,8.012578431372548,starter,NA,2024,17.1
12,Saquon Barkley,RB,15,9.4,0.4455392156862743,starter,NA,2024,20.5
12,Derrick Henry,RB,15,6.7,-2.254460784313726,starter,NA,2024,18.3
12,Calvin Ridley,WR,15,9,0.6967647058823534,starter,NA,2024,13.4
12,George Pickens,WR,15,0,-8.303235294117647,starter,NA,2024,0
12,Sam LaPorta,TE,15,18.1,11.009558823529414,starter,NA,2024,9.9
12,Aaron Jones,RB,15,18.6,9.645539215686275,starter,NA,2024,14.9
12,Baker Mayfield,QB,15,29.02,19.472578431372547,starter,NA,2024,16.8
12,Chris Boswell,K,15,8,0.81421568627451,starter,NA,2024,26
12,Pittsburgh Steelers,DST,15,8,0.7876470588235298,starter,NA,2024,25
1,Aaron Rodgers,QB,16,12.84,0.7609117647058827,starter,NA,2024,15.7
1,Gus Edwards,RB,16,20.1,11.543489304812837,starter,NA,2024,6.4
1,Kareem Hunt,RB,16,15.9,7.343489304812836,starter,NA,2024,5
1,Keenan Allen,WR,16,29.1,20.781372549019608,starter,NA,2024,12.6
1,Ja'Marr Chase,WR,16,22.4,14.081372549019607,starter,NA,2024,20.8
1,Hunter Henry,TE,16,13.9,6.331225490196079,starter,NA,2024,10.9
1,Zay Flowers,WR,16,15.3,6.981372549019609,starter,NA,2024,15.1
1,Kyler Murray,QB,16,21.38,9.300911764705882,starter,NA,2024,18.1
1,Jason Myers,K,16,6,-0.7774509803921559,starter,NA,2024,12
1,Atlanta Falcons,DST,16,26,19.720980392156864,starter,NA,2024,28
2,Brock Purdy,QB,16,22.12,10.040911764705884,starter,NA,2024,16.5
2,De'Von Achane,RB,16,31,22.443489304812836,starter,NA,2024,17.2
2,Kenneth Gainwell,RB,16,2.3,-6.256510695187164,starter,NA,2024,7.3
2,CeeDee Lamb,WR,16,17.5,9.181372549019608,starter,NA,2024,18
2,Mike Evans,WR,16,11.9,3.5813725490196084,starter,NA,2024,18
2,Isaiah Likely,TE,16,11.9,4.331225490196079,starter,NA,2024,6.6
2,Drake London,WR,16,10.9,2.5813725490196084,starter,NA,2024,15.1
2,Patrick Mahomes,QB,16,23.7,11.620911764705882,starter,NA,2024,17.4
2,Tyler Bass,K,16,8,1.2225490196078441,starter,NA,2024,24
2,Detroit Lions,DST,16,8,1.7209803921568643,starter,NA,2024,26
3,Tua Tagovailoa,QB,16,12.5,0.4209117647058829,starter,NA,2024,15.6
3,Joe Mixon,RB,16,8.1,-0.21862745098039227,starter,NA,2024,17.7
3,Javonte Williams,RB,16,12.3,3.981372549019609,starter,NA,2024,8.1
3,D.J. Moore,WR,16,14,5.720098039215687,starter,NA,2024,13.2
3,Justin Jefferson,WR,16,36.4,28.120098039215684,starter,NA,2024,18.1
3,Brock Bowers,TE,16,20.9,13.331225490196077,starter,NA,2024,14.5
3,Kenneth Walker III,RB,16,13.9,5.5813725490196084,starter,NA,2024,15
3,Sam Darnold,QB,16,22.94,10.860911764705884,starter,NA,2024,17.5
3,Jake Elliott,K,16,18,11.222549019607843,starter,NA,2024,17
3,San Francisco 49ers,DST,16,-1,-7.279019607843136,starter,NA,2024,11
4,Joe Burrow,QB,16,21.98,9.900911764705883,starter,NA,2024,21.2
4,Jonathan Taylor,RB,16,39.8,31.243489304812833,starter,NA,2024,13.1
4,James Cook,RB,16,27.6,19.043489304812837,starter,NA,2024,16.3
4,Amon-Ra St. Brown,WR,16,19,10.681372549019608,starter,NA,2024,20.9
4,Cooper Kupp,WR,16,5.4,-2.9186274509803916,starter,NA,2024,15.4
4,Trey McBride,TE,16,5,-2.568774509803921,starter,NA,2024,16.1
4,Terry McLaurin,WR,16,17,8.681372549019608,starter,NA,2024,14.4
4,Matthew Stafford,QB,16,7,-5.079088235294117,starter,NA,2024,16.3
4,Justin Tucker,K,16,12,5.222549019607844,starter,NA,2024,30
4,Minnesota Vikings,DST,16,6,-0.27901960784313573,starter,NA,2024,29
5,Geno Smith,QB,16,23.36,11.280911764705882,starter,NA,2024,14.5
5,Kyren Williams,RB,16,19.9,11.343489304812834,starter,NA,2024,15.1
5,Bucky Irving,RB,16,18.2,9.643489304812835,starter,NA,2024,12.1
5,Courtland Sutton,WR,16,10,1.7200980392156868,starter,NA,2024,14.5
5,Ladd McConkey,WR,16,14.7,6.420098039215686,starter,NA,2024,14.2
5,Jonnu Smith,TE,16,12.2,3.8813725490196074,starter,NA,2024,15
5,David Njoku,TE,16,14.6,6.281372549019608,starter,NA,2024,8.1
5,Cooper Rush,QB,16,15.28,3.2009117647058822,starter,NA,2024,13.9
5,Jason Sanders,K,16,21,14.222549019607843,starter,NA,2024,7
5,Cincinnati Bengals,DST,16,20,13.720980392156864,starter,NA,2024,31
6,Josh Allen,QB,16,12.16,0.08091176470588302,starter,NA,2024,26.2
6,Tony Pollard,RB,16,8,-0.5565106951871641,starter,NA,2024,13.4
6,Jahmyr Gibbs,RB,16,25.4,16.843489304812834,starter,NA,2024,20.5
6,Tee Higgins,WR,16,19.8,11.481372549019609,starter,NA,2024,17.1
6,A.J. Brown,WR,16,23.7,15.381372549019607,starter,NA,2024,16.5
6,Juwan Johnson,TE,16,4.7,-2.868774509803921,starter,NA,2024,8.3
6,Darnell Mooney,WR,16,13.2,4.881372549019607,starter,NA,2024,11.5
6,Michael Penix Jr.,QB,16,7.38,-4.699088235294117,starter,NA,2024,15.5
6,Cameron Dicker,K,16,10,3.222549019607844,starter,NA,2024,18
6,Baltimore Ravens,DST,16,16,9.720980392156864,starter,NA,2024,24
7,Jared Goff,QB,16,25.34,13.260911764705883,starter,NA,2024,16.2
7,Bijan Robinson,RB,16,24.3,15.981372549019609,starter,NA,2024,19.3
7,James Conner,RB,16,26.6,18.281372549019608,starter,NA,2024,18.8
7,Puka Nacua,WR,16,13.6,5.3200980392156865,starter,NA,2024,18.3
7,Nico Collins,WR,16,13,4.720098039215687,starter,NA,2024,15.5
7,Travis Kelce,TE,16,8,0.4312254901960788,starter,NA,2024,13
7,Rico Dowdle,RB,16,8.1,-0.21862745098039227,starter,NA,2024,14.7
7,Drake Maye,QB,16,18.44,6.360911764705884,starter,NA,2024,16
7,Wil Lutz,K,16,12,5.222549019607844,starter,NA,2024,31
7,Jacksonville Jaguars,DST,16,3,-3.2790196078431357,starter,NA,2024,21
8,Jalen Hurts,QB,16,4.54,-7.539088235294117,starter,NA,2024,24.1
8,Chuba Hubbard,RB,16,32.5,24.181372549019606,starter,NA,2024,14.2
8,Jerome Ford,RB,16,24.1,15.78137254901961,starter,NA,2024,13.8
8,Amari Cooper,WR,16,2,-6.279901960784313,starter,NA,2024,13.7
8,Jordan Addison,WR,16,14.5,6.220098039215687,starter,NA,2024,13.9
8,T.J. Hockenson,TE,16,4.7,-2.868774509803921,starter,NA,2024,9.7
8,Rachaad White,RB,16,11,2.681372549019608,starter,NA,2024,12.7
8,Bo Nix,QB,16,21.02,8.940911764705882,starter,NA,2024,16.4
8,Jake Bates,K,16,9,2.222549019607844,starter,NA,2024,23
8,Denver Broncos,DST,16,4,-2.2790196078431357,starter,NA,2024,16
9,Caleb Williams,QB,16,22.76,10.680911764705884,starter,NA,2024,16
9,Najee Harris,RB,16,4.2,-4.356510695187164,starter,NA,2024,14.7
9,Craig Reynolds,RB,16,3.3,-5.256510695187164,starter,NA,2024,0
9,Khalil Shakir,WR,16,4.2,-4.118627450980392,starter,NA,2024,14.1
9,Jaxon Smith-Njigba,WR,16,24,15.681372549019608,starter,NA,2024,15.8
9,Brenton Strange,TE,16,2.2,-5.368774509803921,starter,NA,2024,9.7
9,Malik Nabers,WR,16,13.8,5.481372549019609,starter,NA,2024,14.4
9,Aidan O'Connell,QB,16,11.48,-0.5990882352941167,starter,NA,2024,13.3
9,Will Reichard,K,16,12,5.222549019607844,starter,NA,2024,19
9,Indianapolis Colts,DST,16,6,-0.27901960784313573,starter,NA,2024,27
10,Jayden Daniels,QB,16,36.42,24.340911764705886,starter,NA,2024,19.8
10,Brian Robinson Jr.,RB,16,2.1,-6.4565106951871645,starter,NA,2024,13.2
10,Chase Brown,RB,16,13.9,5.343489304812836,starter,NA,2024,19.7
10,Jakobi Meyers,WR,16,6.1,-2.2186274509803923,starter,NA,2024,14.6
10,Tyreek Hill,WR,16,11.9,3.5813725490196084,starter,NA,2024,17.4
10,George Kittle,TE,16,18.6,11.03122549019608,starter,NA,2024,15.3
10,Davante Adams,WR,16,19.8,11.481372549019609,starter,NA,2024,16.8
10,C.J. Stroud,QB,16,18.06,5.980911764705882,starter,NA,2024,15.5
10,Brandon Aubrey,K,16,21,14.222549019607843,starter,NA,2024,28
10,Kansas City Chiefs,DST,16,8,1.7209803921568643,starter,NA,2024,23
11,Lamar Jackson,QB,16,21.48,4.630275324675328,starter,NA,2024,22.4
11,Breece Hall,RB,16,14,5.443489304812836,starter,NA,2024,13.8
11,Rhamondre Stevenson,RB,16,12.3,3.7434893048128366,starter,NA,2024,12.1
11,Jameson Williams,WR,16,26,13.920911764705883,starter,NA,2024,13.1
11,DK Metcalf,WR,16,14.7,2.620911764705882,starter,NA,2024,11.2
11,Tucker Kraft,TE,16,9.5,1.9312254901960788,starter,NA,2024,10.3
11,Brian Thomas Jr.,WR,16,28.2,16.12091176470588,starter,NA,2024,16
11,Jauan Jennings,WR,16,9.1,-2.9790882352941175,starter,NA,2024,14.8
11,Chase McLaughlin,K,16,7,0.22254901960784412,starter,NA,2024,27
11,Tampa Bay Buccaneers,DST,16,1,-5.279019607843136,starter,NA,2024,7
12,Jordan Love,QB,16,11.48,-0.5990882352941167,starter,NA,2024,16.2
12,Saquon Barkley,RB,16,27,18.681372549019606,starter,NA,2024,18
12,Josh Jacobs,RB,16,20.7,12.381372549019607,starter,NA,2024,18.7
12,Calvin Ridley,WR,16,16.8,8.520098039215688,starter,NA,2024,13.3
12,Tim Patrick,WR,16,0,-8.279901960784313,starter,NA,2024,7.1
12,Sam LaPorta,TE,16,14.3,6.7312254901960795,starter,NA,2024,11.6
12,Derrick Henry,RB,16,20.9,12.581372549019607,starter,NA,2024,16.4
12,Baker Mayfield,QB,16,23.32,11.240911764705883,starter,NA,2024,17.8
12,Chris Boswell,K,16,7,0.22254901960784412,starter,NA,2024,26
12,Pittsburgh Steelers,DST,16,4,-2.2790196078431357,starter,NA,2024,6
1,Aaron Rodgers,QB,17,2.48,-9.483588235294118,starter,NA,2024,14.8
1,Raheem Mostert,RB,17,3.9,-4.878177361853831,starter,NA,2024,6
1,Kareem Hunt,RB,17,8,-0.7781773618538317,starter,NA,2024,6.1
1,Keenan Allen,WR,17,7.5,-3.7236274509803913,starter,NA,2024,13.2
1,Ja'Marr Chase,WR,17,19.2,7.976372549019608,starter,NA,2024,20.9
1,Hunter Henry,TE,17,0,-7.726274509803922,starter,NA,2024,9.8
1,Zay Flowers,WR,17,5.1,-6.123627450980392,starter,NA,2024,16
1,Kyler Murray,QB,17,18.04,6.076411764705881,starter,NA,2024,17.9
1,Jason Myers,K,17,8,2.56421568627451,starter,NA,2024,5
1,Atlanta Falcons,DST,17,6,-1.38735294117647,starter,NA,2024,5
2,Brock Purdy,QB,17,32.28,20.316411764705883,starter,NA,2024,18.2
2,De'Von Achane,RB,17,5.8,-2.978177361853832,starter,NA,2024,17.1
2,J.K. Dobbins,RB,17,15.3,6.521822638146169,starter,NA,2024,12.3
2,Deebo Samuel Sr.,WR,17,9.1,-2.1236274509803916,starter,NA,2024,14.6
2,Mike Evans,WR,17,29.7,18.476372549019608,starter,NA,2024,17.6
2,Isaiah Likely,TE,17,7.9,0.17372549019607852,starter,NA,2024,7.7
2,Drake London,WR,17,17.6,6.37637254901961,starter,NA,2024,14.9
2,Patrick Mahomes,QB,17,26,14.036411764705882,starter,NA,2024,17.9
2,Tyler Bass,K,17,8,2.56421568627451,starter,NA,2024,28
2,Buffalo Bills,DST,17,14,6.61264705882353,starter,NA,2024,30
3,Tua Tagovailoa,QB,17,0,-11.963588235294118,starter,NA,2024,0
3,Joe Mixon,RB,17,5.9,-5.323627450980391,starter,NA,2024,16.8
3,Javonte Williams,RB,17,2,-9.223627450980391,starter,NA,2024,7.6
3,D.J. Moore,WR,17,12.2,1.1550980392156873,starter,NA,2024,13.3
3,Justin Jefferson,WR,17,17.2,6.155098039215687,starter,NA,2024,19.1
3,Brock Bowers,TE,17,14.6,6.873725490196078,starter,NA,2024,16.2
3,Kenneth Walker III,RB,17,0,-11.223627450980391,starter,NA,2024,0
3,Sam Darnold,QB,17,25.78,13.816411764705883,starter,NA,2024,18.7
3,Jake Elliott,K,17,11,5.56421568627451,starter,NA,2024,8
3,San Francisco 49ers,DST,17,0,-7.38735294117647,starter,NA,2024,2
4,Joe Burrow,QB,17,36.98,25.01641176470588,starter,NA,2024,20.9
4,Jonathan Taylor,RB,17,27.6,18.82182263814617,starter,NA,2024,15.3
4,James Cook,RB,17,11.3,2.521822638146169,starter,NA,2024,16.8
4,Amon-Ra St. Brown,WR,17,20,8.776372549019609,starter,NA,2024,19.7
4,Cooper Kupp,WR,17,3.9,-7.323627450980391,starter,NA,2024,12.8
4,Trey McBride,TE,17,30.3,22.57372549019608,starter,NA,2024,15.9
4,Terry McLaurin,WR,17,1.5,-9.723627450980391,starter,NA,2024,15.4
4,Matthew Stafford,QB,17,9.16,-2.803588235294118,starter,NA,2024,15.2
4,Justin Tucker,K,17,9,3.56421568627451,starter,NA,2024,31
4,Miami Dolphins,DST,17,13,5.61264705882353,starter,NA,2024,32
5,Geno Smith,QB,17,8.3,-3.6635882352941174,starter,NA,2024,15.2
5,Kyren Williams,RB,17,16.2,7.421822638146168,starter,NA,2024,15.2
5,Bucky Irving,RB,17,23,14.221822638146168,starter,NA,2024,13.3
5,Courtland Sutton,WR,17,16.5,5.276372549019609,starter,NA,2024,16.4
5,Ladd McConkey,WR,17,29.4,18.176372549019607,starter,NA,2024,15.8
5,Jonnu Smith,TE,17,11.6,3.873725490196078,starter,NA,2024,11.2
5,Marvin Harrison Jr.,WR,17,15.6,4.376372549019608,starter,NA,2024,13.7
5,Cooper Rush,QB,17,8.08,-3.883588235294118,starter,NA,2024,12.8
5,Jason Sanders,K,17,10,4.56421568627451,starter,NA,2024,14
5,Cincinnati Bengals,DST,17,6,-1.38735294117647,starter,NA,2024,8
6,Josh Allen,QB,17,22.98,11.016411764705882,starter,NA,2024,25
6,Tony Pollard,RB,17,0,-8.778177361853832,starter,NA,2024,0
6,Jahmyr Gibbs,RB,17,26.3,17.52182263814617,starter,NA,2024,21.4
6,Tee Higgins,WR,17,40.1,28.87637254901961,starter,NA,2024,15.8
6,A.J. Brown,WR,17,12.6,1.3763725490196084,starter,NA,2024,15
6,Juwan Johnson,TE,17,12.6,4.873725490196078,starter,NA,2024,7.5
6,Darnell Mooney,WR,17,5.7,-5.523627450980391,starter,NA,2024,13.1
6,Michael Penix Jr.,QB,17,12.22,0.25641176470588256,starter,NA,2024,13.9
6,Cameron Dicker,K,17,17,11.56421568627451,starter,NA,2024,9
6,Baltimore Ravens,DST,17,18,10.61264705882353,starter,NA,2024,27
7,Jared Goff,QB,17,25.82,13.856411764705882,starter,NA,2024,17.4
7,Bijan Robinson,RB,17,24.8,16.02182263814617,starter,NA,2024,19.2
7,James Conner,RB,17,2.8,-5.978177361853832,starter,NA,2024,15.2
7,Puka Nacua,WR,17,22.9,11.676372549019607,starter,NA,2024,17
7,Nico Collins,WR,17,8.9,-2.323627450980391,starter,NA,2024,17
7,Travis Kelce,TE,17,22.4,14.673725490196077,starter,NA,2024,11.8
7,Garrett Wilson,WR,17,17.6,6.37637254901961,starter,NA,2024,12.9
7,Drake Maye,QB,17,9.88,-2.0835882352941173,starter,NA,2024,16.2
7,Wil Lutz,K,17,6,0.56421568627451,starter,NA,2024,11
7,Jacksonville Jaguars,DST,17,10,2.61264705882353,starter,NA,2024,15
8,Jalen Hurts,QB,17,0,-11.963588235294118,starter,NA,2024,0
8,Chuba Hubbard,RB,17,0,-11.223627450980391,starter,NA,2024,0
8,Jerome Ford,RB,17,2.2,-9.023627450980392,starter,NA,2024,14.5
8,Amari Cooper,WR,17,14.6,3.5550980392156877,starter,NA,2024,11
8,Jordan Addison,WR,17,18.9,7.855098039215687,starter,NA,2024,13.7
8,T.J. Hockenson,TE,17,11.8,4.073725490196079,starter,NA,2024,10
8,Rachaad White,RB,17,4.4,-6.823627450980391,starter,NA,2024,12.1
8,Bo Nix,QB,17,22.86,10.896411764705881,starter,NA,2024,17.8
8,Jake Bates,K,17,9,3.56421568627451,starter,NA,2024,27
8,Denver Broncos,DST,17,9,1.61264705882353,starter,NA,2024,6
9,Caleb Williams,QB,17,7.58,-4.383588235294118,starter,NA,2024,16.3
9,Jaylen Warren,RB,17,16.2,7.421822638146168,starter,NA,2024,11.4
9,Raheem Blackshear,RB,17,2,-6.778177361853832,starter,NA,2024,7.8
9,Khalil Shakir,WR,17,5.5,-5.723627450980391,starter,NA,2024,13.4
9,Jaxon Smith-Njigba,WR,17,6.2,-5.023627450980391,starter,NA,2024,15.9
9,Jake Ferguson,TE,17,2.8,-4.926274509803922,starter,NA,2024,9.7
9,Malik Nabers,WR,17,36.1,24.87637254901961,starter,NA,2024,14
9,Joe Flacco,QB,17,17.3,5.336411764705883,starter,NA,2024,14.3
9,Will Reichard,K,17,9,3.56421568627451,starter,NA,2024,10
9,Indianapolis Colts,DST,17,-3,-10.38735294117647,starter,NA,2024,31
10,Jayden Daniels,QB,17,32.78,20.816411764705883,starter,NA,2024,21.6
10,Brian Robinson Jr.,RB,17,8.9,0.12182263814616867,starter,NA,2024,12.9
10,Chase Brown,RB,17,13.1,4.321822638146168,starter,NA,2024,18.3
10,Jakobi Meyers,WR,17,17.1,5.87637254901961,starter,NA,2024,14.3
10,Tyreek Hill,WR,17,19.5,8.276372549019609,starter,NA,2024,11
10,George Kittle,TE,17,19.2,11.473725490196077,starter,NA,2024,14.2
10,Davante Adams,WR,17,9.7,-1.523627450980392,starter,NA,2024,16.5
10,C.J. Stroud,QB,17,7.1,-4.863588235294118,starter,NA,2024,15.3
10,Brandon Aubrey,K,17,0,-5.43578431372549,starter,NA,2024,21
10,Philadelphia Eagles,DST,17,21,13.61264705882353,starter,NA,2024,28
11,Lamar Jackson,QB,17,29.42,14.751475324675326,starter,NA,2024,23.4
11,Breece Hall,RB,17,6.3,-2.478177361853832,starter,NA,2024,15.5
11,Rhamondre Stevenson,RB,17,0.1,-8.678177361853832,starter,NA,2024,10.8
11,Jameson Williams,WR,17,24.5,12.536411764705882,starter,NA,2024,13.5
11,DK Metcalf,WR,17,7.2,-4.763588235294118,starter,NA,2024,11.3
11,Tucker Kraft,TE,17,7.3,-0.426274509803922,starter,NA,2024,10.1
11,Brian Thomas Jr.,WR,17,23.9,11.93641176470588,starter,NA,2024,18.5
11,Jauan Jennings,WR,17,13.7,1.7364117647058812,starter,NA,2024,14.4
11,Chase McLaughlin,K,17,12,6.56421568627451,starter,NA,2024,30
11,Tampa Bay Buccaneers,DST,17,15,7.61264705882353,starter,NA,2024,13
12,Jordan Love,QB,17,14,2.036411764705882,starter,NA,2024,16.8
12,Saquon Barkley,RB,17,18.9,7.676372549019607,starter,NA,2024,17.9
12,Josh Jacobs,RB,17,10.9,-0.3236274509803909,starter,NA,2024,20.1
12,Calvin Ridley,WR,17,14.1,3.0550980392156877,starter,NA,2024,13.9
12,Tim Patrick,WR,17,2,-9.044901960784312,starter,NA,2024,6.6
12,Sam LaPorta,TE,17,18.4,10.673725490196077,starter,NA,2024,11.7
12,Derrick Henry,RB,17,24.5,13.276372549019609,starter,NA,2024,16.4
12,Baker Mayfield,QB,17,34.56,22.596411764705884,starter,NA,2024,17.8
12,Chris Boswell,K,17,4,-1.43578431372549,starter,NA,2024,32
12,Pittsburgh Steelers,DST,17,0,-7.38735294117647,starter,NA,2024,24
1,Caleb Williams,QB,1,7.220000000000001,0,bench,1,2024,19.2
1,Spencer Rattler,QB,1,0,0,bench,1,2024,0
1,Dylan Laube,RB,1,0,0,bench,1,2024,0
1,Jermaine Burton,WR,1,0,0,bench,1,2024,0
1,Javon Baker,WR,1,0,0,bench,1,2024,0
1,Adam Thielen,WR,1,7.9,0,bench,12,2024,10
1,Taysom Hill,TE,1,4.6,0,bench,8,2024,6.3
1,Gardner Minshew,QB,1,11.78,0,bench,6,2024,14.4
1,Tee Higgins,WR,1,0,0,bench,5,2024,0
1,Darnell Mooney,WR,1,2.5,0,bench,5,2024,8.8
1,Zamir White,RB,1,4.6000000000000005,0,bench,3,2024,15.1
1,DeMario Douglas,WR,1,3.2,0,bench,2,2024,12.1
1,Aaron Rodgers,QB,1,9.58,0,bench,20,2024,17
2,Cedric Tillman,WR,1,1.3,0,bench,2,2024,0
2,Drake Maye,QB,1,0,0,bench,1,2024,0
2,Braelon Allen,RB,1,2.7,0,bench,1,2024,1.7
2,Ja'Lynn Polk,WR,1,1.6,0,bench,1,2024,8.6
2,Brandon McManus,K,1,0,0,bench,12,2024,0
2,Joshua Dobbs,QB,1,0,0,bench,8,2024,0
2,Daniel Jones,QB,1,6.94,0,bench,6,2024,17.6
2,Matt Gay,K,1,0,0,bench,6,2024,1
2,A.J. Dillon,RB,1,0,0,bench,5,2024,0
2,Drake London,WR,1,3.5,0,bench,3,2024,16.4
2,Isaiah Likely,TE,1,26.1,0,bench,3,2024,3.8
2,Greg Dulcich,TE,1,3.2,0,bench,3,2024,4.5
2,Buffalo Bills,DST,1,6,0,bench,NA,2024,26
3,Ray Davis,RB,1,3.7,0,bench,1,2024,1.5
3,Brock Bowers,TE,1,11.8,0,bench,1,2024,10.2
3,Adonai Mitchell,WR,1,1.2,0,bench,1,2024,10.4
3,Tyrone Tracy Jr.,RB,1,1.7,0,bench,1,2024,1.8
3,Mike Williams,WR,1,0,0,bench,8,2024,6.6
3,Curtis Samuel,WR,1,3.5,0,bench,8,2024,9.8
3,Sam Darnold,QB,1,15.620000000000001,0,bench,7,2024,16.1
3,Allen Lazard,WR,1,26.9,0,bench,7,2024,0
3,Justice Hill,RB,1,11.5,0,bench,6,2024,7
3,Miles Sanders,RB,1,2.2,0,bench,6,2024,5.8
3,Cam Akers,RB,1,0,0,bench,5,2024,0
3,Gabe Davis,WR,1,9.2,0,bench,5,2024,7.1
3,Will Levis,QB,1,8.68,0,bench,2,2024,16.4
4,Roschon Johnson,RB,1,0,0,bench,2,2024,0
4,Trey Benson,RB,1,2.8,0,bench,1,2024,5.2
4,Malachi Corley,WR,1,0,0,bench,1,2024,5.7
4,Ricky Pearsall,WR,1,0,0,bench,1,2024,0
4,Tyler Lockett,WR,1,13.7,0,bench,10,2024,10.9
4,JuJu Smith-Schuster,WR,1,0,0,bench,8,2024,0
4,Dalton Schultz,TE,1,4.6,0,bench,7,2024,9.6
4,Antonio Gibson,RB,1,1.8,0,bench,5,2024,8.7
4,Elijah Mitchell,RB,1,0,0,bench,4,2024,0
4,Jordan Mason,RB,1,22.200000000000003,0,bench,3,2024,5.7
4,Bryce Young,QB,1,11.64,0,bench,2,2024,14.6
4,Dontayvion Wicks,WR,1,0,0,bench,2,2024,4.8
4,Jaxon Smith-Njigba,WR,1,3.9000000000000004,0,bench,2,2024,13.2
4,Tyjae Spears,RB,1,7.199999999999999,0,bench,2,2024,9.2
5,Jonathan Mingo,WR,1,4.3,0,bench,2,2024,0
5,J.J. McCarthy,QB,1,0,0,bench,1,2024,0
5,Bucky Irving,RB,1,9.6,0,bench,1,2024,5.1
5,Xavier Legette,WR,1,7.5,0,bench,1,2024,5.4
5,Geno Smith,QB,1,18.84,0,bench,12,2024,15.8
5,Tyler Boyd,WR,1,4.8,0,bench,9,2024,7.4
5,Jamaal Williams,RB,1,12.100000000000001,0,bench,8,2024,7.5
5,Courtland Sutton,WR,1,7.800000000000001,0,bench,7,2024,13.8
5,Khalil Herbert,RB,1,0.4,0,bench,4,2024,5.9
5,Ty Chandler,RB,1,7.2,0,bench,3,2024,7.2
5,Luke Musgrave,TE,1,0,0,bench,2,2024,9
5,Hendon Hooker,QB,1,0,0,bench,2,2024,0
6,Andrei Iosivas,WR,1,5.6,0,bench,2,2024,10.5
6,Michael Wilson,WR,1,7.5,0,bench,2,2024,8.3
6,MarShawn Lloyd,RB,1,0,0,bench,1,2024,0
6,Carson Steele,RB,1,0.30000000000000004,0,bench,1,2024,1.1
6,Jalen McMillan,WR,1,10.2,0,bench,1,2024,5.6
6,Xavier Worthy,WR,1,20.8,0,bench,1,2024,12.1
6,Devaughn Vele,WR,1,11.9,0,bench,1,2024,0
6,Tony Pollard,RB,1,18.400000000000002,0,bench,6,2024,14
6,Devin Singletary,RB,1,9.2,0,bench,6,2024,15
6,Jerry Jeudy,WR,1,11.5,0,bench,5,2024,10
6,Khalil Shakir,WR,1,13.2,0,bench,3,2024,13
7,Jayden Reed,WR,1,33.1,0,bench,2,2024,11.3
7,Bo Nix,QB,1,13.02,0,bench,1,2024,15
7,Keon Coleman,WR,1,9.100000000000001,0,bench,1,2024,10.6
7,Kimani Vidal,RB,1,0,0,bench,1,2024,0
7,Nick Chubb,RB,1,0,0,bench,7,2024,0
7,Gus Edwards,RB,1,3.8000000000000003,0,bench,7,2024,10.7
7,Hollywood Brown,WR,1,0,0,bench,6,2024,0
7,Noah Fant,TE,1,3.1,0,bench,6,2024,7.9
7,J.K. Dobbins,RB,1,22.9,0,bench,5,2024,11.4
7,Rico Dowdle,RB,1,4.2,0,bench,5,2024,10.7
7,Tank Bigsby,RB,1,7.300000000000001,0,bench,2,2024,3.1
7,Marvin Mims Jr.,WR,1,0,0,bench,2,2024,3.4
8,Jaleel McLaughlin,RB,1,5.8,0,bench,2,2024,10.2
8,Will Shipley,RB,1,0,0,bench,1,2024,0
8,Blake Corum,RB,1,0,0,bench,1,2024,5
8,Theo Johnson,TE,1,2.8,0,bench,1,2024,4.5
8,Troy Franklin,WR,1,0,0,bench,1,2024,0
8,Devontez Walker,WR,1,0,0,bench,1,2024,0
8,Luke McCaffrey,WR,1,4.8,0,bench,1,2024,5.8
8,T.J. Hockenson,TE,1,0,0,bench,6,2024,0
8,Joshua Palmer,WR,1,3.5,0,bench,4,2024,13.8
8,Tyler Allgeier,RB,1,2.1,0,bench,3,2024,5.8
8,Keaton Mitchell,RB,1,0,0,bench,2,2024,0
8,Zach Charbonnet,RB,1,12.100000000000001,0,bench,2,2024,9
8,Quentin Johnston,WR,1,6.800000000000001,0,bench,2,2024,7.2
9,Michael Penix Jr.,QB,1,0,0,bench,1,2024,0
9,Jordan Whittington,WR,1,0,0,bench,1,2024,0
9,Malik Nabers,WR,1,11.600000000000001,0,bench,1,2024,18.7
9,Jaylen Wright,RB,1,0,0,bench,1,2024,0
9,Ezekiel Elliott,RB,1,12.9,0,bench,9,2024,8.9
9,Jacoby Brissett,QB,1,8.04,0,bench,9,2024,13.7
9,Chris Godwin,WR,1,0,0,bench,8,2024,15.5
9,Samaje Perine,RB,1,2,0,bench,8,2024,6.7
9,Jason Sanders,K,1,9,0,bench,7,2024,23
9,Jalen Tolbert,WR,1,2.2,0,bench,3,2024,5.2
9,Romeo Doubs,WR,1,9,0,bench,3,2024,9.6
10,Jayden Daniels,QB,1,25.16,0,bench,1,2024,18.8
10,Ja'Tavion Sanders,TE,1,1.4,0,bench,1,2024,6.6
10,Ladd McConkey,WR,1,14.9,0,bench,1,2024,12.8
10,Odell Beckham Jr.,WR,1,0,0,bench,10,2024,0
10,Dalvin Cook,RB,1,0,0,bench,8,2024,0
10,Jakobi Meyers,WR,1,9.4,0,bench,6,2024,10.4
10,Rashod Bateman,WR,1,7.300000000000001,0,bench,4,2024,8
10,Kenny Pickett,QB,1,0,0,bench,3,2024,0
10,Christian Watson,WR,1,10.3,0,bench,3,2024,12.1
10,Chigoziem Okonkwo,TE,1,9.5,0,bench,3,2024,7.1
10,Chase Brown,RB,1,5.3,0,bench,2,2024,10.6
10,Deuce Vaughn,RB,1,0.4,0,bench,2,2024,0
10,Kansas City Chiefs,DST,1,5,0,bench,NA,2024,25
11,Brian Thomas Jr.,WR,1,14.7,0,bench,1,2024,11.4
11,Raheem Mostert,RB,1,3.9,0,bench,10,2024,15.3
11,Demarcus Robinson,WR,1,8.2,0,bench,9,2024,7.6
11,Dawson Knox,TE,1,3.3000000000000003,0,bench,6,2024,4.4
11,Elijah Moore,WR,1,3.9,0,bench,4,2024,6.7
11,Rhamondre Stevenson,RB,1,20.6,0,bench,4,2024,13.9
11,Jahan Dotson,WR,1,0,0,bench,3,2024,2.9
11,Dameon Pierce,RB,1,1.6,0,bench,3,2024,3.8
11,Jameson Williams,WR,1,24.400000000000002,0,bench,3,2024,10
11,Tucker Kraft,TE,1,5.7,0,bench,2,2024,4.4
12,Chris Rodriguez Jr.,RB,1,0,0,bench,2,2024,0
12,Jonathon Brooks,RB,1,0,0,bench,1,2024,0
12,Roman Wilson,WR,1,0,0,bench,1,2024,0
12,Russell Wilson,QB,1,0,0,bench,13,2024,0
12,Brandin Cooks,WR,1,14.5,0,bench,11,2024,11.1
12,Aaron Jones,RB,1,18.9,0,bench,8,2024,14.7
12,Pat Freiermuth,TE,1,6.7,0,bench,4,2024,9.6
12,Wan'Dale Robinson,WR,1,11.8,0,bench,3,2024,9
12,George Pickens,WR,1,13.5,0,bench,3,2024,14
1,Caleb Williams,QB,2,9.36,0,bench,1,2024,16.2
1,Spencer Rattler,QB,2,0,0,bench,1,2024,0
1,Dylan Laube,RB,2,0,0,bench,1,2024,0
1,Jermaine Burton,WR,2,5.7,0,bench,1,2024,0
1,Javon Baker,WR,2,0,0,bench,1,2024,0
1,Keenan Allen,WR,2,0,0,bench,12,2024,2
1,Taysom Hill,TE,2,2.9,0,bench,8,2024,5.9
1,Alexander Mattison,RB,2,6.1,0,bench,6,2024,9.7
1,Gardner Minshew,QB,2,12.940000000000001,0,bench,6,2024,13.7
1,Tee Higgins,WR,2,0,0,bench,5,2024,0
1,Zamir White,RB,2,6.800000000000001,0,bench,3,2024,11.7
1,DeMario Douglas,WR,2,0,0,bench,2,2024,10.8
1,Aaron Rodgers,QB,2,15.139999999999999,0,bench,20,2024,15.4
2,Cedric Tillman,WR,2,1.2,0,bench,2,2024,0
2,Drake Maye,QB,2,0,0,bench,1,2024,0
2,Braelon Allen,RB,2,19.6,0,bench,1,2024,1.5
2,Ja'Lynn Polk,WR,2,9.2,0,bench,1,2024,6.3
2,Brandon McManus,K,2,0,0,bench,12,2024,0
2,Joshua Dobbs,QB,2,0,0,bench,8,2024,0
2,Daniel Jones,QB,2,18.32,0,bench,6,2024,16.7
2,Deebo Samuel Sr.,WR,2,18,0,bench,6,2024,18.5
2,Matt Gay,K,2,3,0,bench,6,2024,13
2,A.J. Dillon,RB,2,0,0,bench,5,2024,0
2,Isaiah Likely,TE,2,4.6,0,bench,3,2024,10.1
2,Greg Dulcich,TE,2,4.6,0,bench,3,2024,4.9
3,Ray Davis,RB,2,3.8000000000000003,0,bench,1,2024,3
3,Adonai Mitchell,WR,2,4,0,bench,1,2024,10.8
3,Tyrone Tracy Jr.,RB,2,0.2,0,bench,1,2024,1.7
3,Mike Williams,WR,2,2.9000000000000004,0,bench,8,2024,4.5
3,Curtis Samuel,WR,2,1.3,0,bench,8,2024,8.4
3,Sam Darnold,QB,2,18.919999999999998,0,bench,7,2024,14.5
3,Justice Hill,RB,2,5.2,0,bench,6,2024,4.6
3,Miles Sanders,RB,2,5.5,0,bench,6,2024,5.7
3,Cole Kmet,TE,2,6.7,0,bench,5,2024,7.3
3,Cam Akers,RB,2,2.5,0,bench,5,2024,0
3,Gabe Davis,WR,2,7.3,0,bench,5,2024,7.9
3,Kenneth Walker III,RB,2,0,0,bench,3,2024,0
3,Will Levis,QB,2,12.48,0,bench,2,2024,15
4,Roschon Johnson,RB,2,0,0,bench,2,2024,0
4,Trey Benson,RB,2,2.7,0,bench,1,2024,3.8
4,Malachi Corley,WR,2,1.4,0,bench,1,2024,0
4,Ricky Pearsall,WR,2,0,0,bench,1,2024,0
4,Tyler Lockett,WR,2,3.5,0,bench,10,2024,12.6
4,Dalton Schultz,TE,2,4.1,0,bench,7,2024,8.9
4,Antonio Gibson,RB,2,11.3,0,bench,5,2024,7.4
4,Elijah Mitchell,RB,2,0,0,bench,4,2024,0
4,Jaylen Warren,RB,2,8.1,0,bench,3,2024,10.8
4,Rashid Shaheed,WR,2,20.900000000000002,0,bench,3,2024,11.7
4,Bryce Young,QB,2,2.96,0,bench,2,2024,13.3
4,Dontayvion Wicks,WR,2,11.6,0,bench,2,2024,2.5
4,Jaxon Smith-Njigba,WR,2,23.700000000000003,0,bench,2,2024,12.7
4,Tyjae Spears,RB,2,5.1,0,bench,2,2024,8.7
5,Jonathan Mingo,WR,2,1.1,0,bench,2,2024,0
5,J.J. McCarthy,QB,2,0,0,bench,1,2024,0
5,Bucky Irving,RB,2,2.2,0,bench,1,2024,7.2
5,Xavier Legette,WR,2,0,0,bench,1,2024,5.4
5,Geno Smith,QB,2,17.88,0,bench,12,2024,16.7
5,Jamaal Williams,RB,2,3.9000000000000004,0,bench,8,2024,6.9
5,Courtland Sutton,WR,2,3.6,0,bench,7,2024,11.3
5,Khalil Herbert,RB,2,8.700000000000001,0,bench,4,2024,5.9
5,Ty Chandler,RB,2,8.200000000000001,0,bench,3,2024,7.7
5,Luke Musgrave,TE,2,1.6,0,bench,2,2024,2.5
5,Hendon Hooker,QB,2,0,0,bench,2,2024,0
6,Andrei Iosivas,WR,2,14.7,0,bench,2,2024,10.2
6,Michael Wilson,WR,2,5.1,0,bench,2,2024,8.5
6,MarShawn Lloyd,RB,2,2.8,0,bench,1,2024,0
6,Jalen McMillan,WR,2,3.1,0,bench,1,2024,7.7
6,Devaughn Vele,WR,2,0,0,bench,1,2024,0
6,A.J. Brown,WR,2,0,0,bench,6,2024,0
6,Devin Singletary,RB,2,14.5,0,bench,6,2024,13.5
6,Jerry Jeudy,WR,2,12.3,0,bench,5,2024,10.2
6,D'Andre Swift,RB,2,8.2,0,bench,5,2024,12.6
6,Khalil Shakir,WR,2,10.600000000000001,0,bench,3,2024,10.9
7,Bo Nix,QB,2,10.34,0,bench,1,2024,14.7
7,Keon Coleman,WR,2,0,0,bench,1,2024,13
7,Kimani Vidal,RB,2,0,0,bench,1,2024,0
7,Derek Carr,QB,2,22.82,0,bench,11,2024,14.7
7,Nick Chubb,RB,2,0,0,bench,7,2024,0
7,Gus Edwards,RB,2,5.9,0,bench,7,2024,8.4
7,Hollywood Brown,WR,2,0,0,bench,6,2024,0
7,Greg Dortch,WR,2,3.1,0,bench,6,2024,10.1
7,J.K. Dobbins,RB,2,20.1,0,bench,5,2024,13.6
7,Rico Dowdle,RB,2,9.9,0,bench,5,2024,8.3
7,Tank Bigsby,RB,2,0,0,bench,2,2024,5.7
7,Puka Nacua,WR,2,0,0,bench,2,2024,0
8,Emanuel Wilson,RB,2,0.9,0,bench,2,2024,5.5
8,Will Shipley,RB,2,0,0,bench,1,2024,0
8,Blake Corum,RB,2,2.8000000000000003,0,bench,1,2024,0
8,Rome Odunze,WR,2,5.300000000000001,0,bench,1,2024,9.6
8,Troy Franklin,WR,2,0,0,bench,1,2024,0
8,Luke McCaffrey,WR,2,0,0,bench,1,2024,8.1
8,Dalvin Cook,RB,2,0,0,bench,8,2024,0
8,T.J. Hockenson,TE,2,0,0,bench,6,2024,0
8,Colby Parkinson,TE,2,2.2,0,bench,5,2024,9.4
8,Darnell Mooney,WR,2,17.8,0,bench,5,2024,8.6
8,Chuba Hubbard,RB,2,11.600000000000001,0,bench,4,2024,10.5
8,Tyler Allgeier,RB,2,7.500000000000001,0,bench,3,2024,4.4
8,Alec Pierce,WR,2,16.6,0,bench,3,2024,8.7
8,Keaton Mitchell,RB,2,0,0,bench,2,2024,0
8,Jordan Addison,WR,2,0,0,bench,2,2024,0
9,Michael Penix Jr.,QB,2,0,0,bench,1,2024,0
9,Jordan Whittington,WR,2,4.2,0,bench,1,2024,0
9,Ezekiel Elliott,RB,2,5.2,0,bench,9,2024,11.2
9,Jacoby Brissett,QB,2,10.56,0,bench,9,2024,13.7
9,Chris Godwin,WR,2,0,0,bench,8,2024,16.1
9,Samaje Perine,RB,2,1.3,0,bench,8,2024,7.1
9,Jason Sanders,K,2,4,0,bench,7,2024,10
9,Terry McLaurin,WR,2,8.2,0,bench,6,2024,13.1
9,Jonathan Taylor,RB,2,14.5,0,bench,5,2024,15
9,Jalen Tolbert,WR,2,14.200000000000001,0,bench,3,2024,5.2
9,Romeo Doubs,WR,2,9.2,0,bench,3,2024,5.9
10,Ja'Tavion Sanders,TE,2,2.8,0,bench,1,2024,6.7
10,Ladd McConkey,WR,2,4.6,0,bench,1,2024,13.2
10,Odell Beckham Jr.,WR,2,0,0,bench,10,2024,0
10,Jeff Wilson Jr.,RB,2,3.2,0,bench,7,2024,6.8
10,Jakobi Meyers,WR,2,6.9,0,bench,6,2024,10
10,Rashod Bateman,WR,2,7,0,bench,4,2024,8.2
10,Justin Fields,QB,2,10.379999999999999,0,bench,4,2024,19.2
10,Kenny Pickett,QB,2,0,0,bench,3,2024,0
10,Christian Watson,WR,2,0,0,bench,3,2024,9.5
10,Chase Brown,RB,2,3.1,0,bench,2,2024,10.7
11,Brian Thomas Jr.,WR,2,11.4,0,bench,1,2024,13.1
11,Raheem Mostert,RB,2,0,0,bench,10,2024,0
11,Demarcus Robinson,WR,2,7,0,bench,9,2024,11.1
11,DK Metcalf,WR,2,28.9,0,bench,6,2024,14.7
11,Dawson Knox,TE,2,0,0,bench,6,2024,4.5
11,Elijah Moore,WR,2,10.4,0,bench,4,2024,6.6
11,Cade Otton,TE,2,-0.4,0,bench,3,2024,8.7
11,Jahan Dotson,WR,2,1.6,0,bench,3,2024,5.6
11,Jameson Williams,WR,2,14.4,0,bench,3,2024,13.8
11,Tucker Kraft,TE,2,3.6,0,bench,2,2024,5.1
12,Carson Steele,RB,2,0.40000000000000036,0,bench,1,2024,1.1
12,Jonathon Brooks,RB,2,0,0,bench,1,2024,0
12,Roman Wilson,WR,2,0,0,bench,1,2024,0
12,Russell Wilson,QB,2,0,0,bench,13,2024,0
12,Brandin Cooks,WR,2,3.6,0,bench,11,2024,11.3
12,Josh Reynolds,WR,2,13.3,0,bench,8,2024,9.3
12,Aaron Jones,RB,2,9.799999999999999,0,bench,8,2024,14.4
12,Jordan Love,QB,2,0,0,bench,5,2024,0
12,Pat Freiermuth,TE,2,7.9,0,bench,4,2024,8.9
12,Wan'Dale Robinson,WR,2,9.8,0,bench,3,2024,10.6
1,Caleb Williams,QB,3,19.32,0,bench,1,2024,15.5
1,Spencer Rattler,QB,3,0,0,bench,1,2024,0
1,Dylan Laube,RB,3,0,0,bench,1,2024,0
1,Jermaine Burton,WR,3,0,0,bench,1,2024,0
1,Javon Baker,WR,3,0,0,bench,1,2024,0
1,Keenan Allen,WR,3,0,0,bench,12,2024,0
1,Adam Thielen,WR,3,13,0,bench,12,2024,8.5
1,Kareem Hunt,RB,3,0,0,bench,8,2024,0
1,Taysom Hill,TE,3,0,0,bench,8,2024,0
1,Alexander Mattison,RB,3,13.399999999999999,0,bench,6,2024,9.1
1,Jerry Jeudy,WR,3,6.7,0,bench,5,2024,9.9
1,Zack Moss,RB,3,20.700000000000003,0,bench,5,2024,13
1,Aaron Rodgers,QB,3,21.040000000000003,0,bench,20,2024,14.9
2,Cedric Tillman,WR,3,1.4,0,bench,2,2024,0
2,Drake Maye,QB,3,2.08,0,bench,1,2024,0
2,Braelon Allen,RB,3,9.8,0,bench,1,2024,4.1
2,Ja'Lynn Polk,WR,3,3.3,0,bench,1,2024,6.3
2,Brandon McManus,K,3,0,0,bench,12,2024,0
2,Joshua Dobbs,QB,3,0,0,bench,8,2024,0
2,Daniel Jones,QB,3,19.439999999999998,0,bench,6,2024,15.7
2,Deebo Samuel Sr.,WR,3,0,0,bench,6,2024,0
2,Matt Gay,K,3,3,0,bench,6,2024,20
2,A.J. Dillon,RB,3,0,0,bench,5,2024,0
2,Isaiah Likely,TE,3,1.4,0,bench,3,2024,9.8
2,Greg Dulcich,TE,3,0,0,bench,3,2024,4.5
3,Ray Davis,RB,3,9.299999999999999,0,bench,1,2024,3.1
3,Adonai Mitchell,WR,3,0,0,bench,1,2024,8.4
3,Tyrone Tracy Jr.,RB,3,6.000000000000001,0,bench,1,2024,1.8
3,Mike Williams,WR,3,6.4,0,bench,8,2024,6.1
3,Curtis Samuel,WR,3,5.2,0,bench,8,2024,5.8
3,Justice Hill,RB,3,7.4,0,bench,6,2024,5.7
3,Miles Sanders,RB,3,11,0,bench,6,2024,4.5
3,Tua Tagovailoa,QB,3,0,0,bench,5,2024,0
3,Cole Kmet,TE,3,25.700000000000003,0,bench,5,2024,8.9
3,Cam Akers,RB,3,9.9,0,bench,5,2024,10.4
3,Gabe Davis,WR,3,3.8,0,bench,5,2024,7.7
3,Javonte Williams,RB,3,6.1000000000000005,0,bench,4,2024,12.3
3,Will Levis,QB,3,15.599999999999998,0,bench,2,2024,15.1
4,Roschon Johnson,RB,3,10.2,0,bench,2,2024,0
4,Trey Benson,RB,3,0.8,0,bench,1,2024,3.4
4,Malachi Corley,WR,3,0,0,bench,1,2024,0
4,Ricky Pearsall,WR,3,0,0,bench,1,2024,0
4,Amari Cooper,WR,3,27.6,0,bench,10,2024,11.3
4,Tyler Lockett,WR,3,9.600000000000001,0,bench,10,2024,10.2
4,Dalton Schultz,TE,3,3.1,0,bench,7,2024,7.7
4,Antonio Gibson,RB,3,6.7,0,bench,5,2024,5
4,Elijah Mitchell,RB,3,0,0,bench,4,2024,0
4,Jaylen Warren,RB,3,1.1,0,bench,3,2024,10.8
4,Rashid Shaheed,WR,3,0,0,bench,3,2024,13
4,Bryce Young,QB,3,0,0,bench,2,2024,0
4,Dontayvion Wicks,WR,3,0,0,bench,2,2024,2.4
4,Tyjae Spears,RB,3,10.100000000000001,0,bench,2,2024,7.6
5,Jonathan Mingo,WR,3,5,0,bench,2,2024,0
5,J.J. McCarthy,QB,3,0,0,bench,1,2024,0
5,Bucky Irving,RB,3,11.4,0,bench,1,2024,7.7
5,Xavier Legette,WR,3,6.2,0,bench,1,2024,5.2
5,Jonnu Smith,TE,3,3.8,0,bench,8,2024,6.5
5,Jamaal Williams,RB,3,0.9,0,bench,8,2024,6.5
5,Courtland Sutton,WR,3,13.8,0,bench,7,2024,10.8
5,Khalil Herbert,RB,3,0.9,0,bench,4,2024,5.4
5,Ty Chandler,RB,3,1.3,0,bench,3,2024,7.9
5,Josh Downs,WR,3,5.2,0,bench,2,2024,5.3
5,Hendon Hooker,QB,3,0,0,bench,2,2024,0
6,Andrei Iosivas,WR,3,16.2,0,bench,2,2024,6.2
6,Michael Wilson,WR,3,14.4,0,bench,2,2024,8.2
6,Michael Penix Jr.,QB,3,0,0,bench,1,2024,0
6,Xavier Worthy,WR,3,5,0,bench,1,2024,12.9
6,Jaylen Wright,RB,3,1.7000000000000002,0,bench,1,2024,4.4
6,Cooper Kupp,WR,3,0,0,bench,8,2024,0
6,A.J. Brown,WR,3,0,0,bench,6,2024,0
6,Gardner Minshew,QB,3,14.96,0,bench,6,2024,14.7
6,Khalil Shakir,WR,3,19.2,0,bench,3,2024,12.8
6,Quentin Johnston,WR,3,12.4,0,bench,2,2024,10.7
7,Bo Nix,QB,3,19.34,0,bench,1,2024,14.3
7,Keon Coleman,WR,3,9.4,0,bench,1,2024,10.9
7,Kimani Vidal,RB,3,0,0,bench,1,2024,0
7,D'Onta Foreman,RB,3,0.5,0,bench,8,2024,3.4
7,Nick Chubb,RB,3,0,0,bench,7,2024,0
7,Gus Edwards,RB,3,0.9,0,bench,7,2024,5.5
7,Hollywood Brown,WR,3,0,0,bench,6,2024,0
7,Greg Dortch,WR,3,6.5,0,bench,6,2024,10.1
7,Tyler Johnson,WR,3,5,0,bench,5,2024,7.8
7,Rico Dowdle,RB,3,8.600000000000001,0,bench,5,2024,9.5
7,Jerome Ford,RB,3,10,0,bench,3,2024,13.8
7,Tank Bigsby,RB,3,0.9,0,bench,2,2024,5.2
7,Puka Nacua,WR,3,0,0,bench,2,2024,0
8,Emanuel Wilson,RB,3,16.5,0,bench,2,2024,3.5
8,Jaleel McLaughlin,RB,3,8.4,0,bench,2,2024,10.3
8,Will Shipley,RB,3,0,0,bench,1,2024,0
8,Blake Corum,RB,3,0,0,bench,1,2024,0
8,Luke McCaffrey,WR,3,7.4,0,bench,1,2024,5.9
8,Dalvin Cook,RB,3,0,0,bench,8,2024,0
8,Evan Engram,TE,3,0,0,bench,8,2024,0
8,T.J. Hockenson,TE,3,0,0,bench,6,2024,0
8,Darnell Mooney,WR,3,14.600000000000001,0,bench,5,2024,8.8
8,Joshua Palmer,WR,3,0,0,bench,4,2024,5.6
8,Tyler Allgeier,RB,3,3.2,0,bench,3,2024,4.3
8,Alec Pierce,WR,3,5.4,0,bench,3,2024,8.2
8,Jalen Nailor,WR,3,12.4,0,bench,3,2024,8
8,Keaton Mitchell,RB,3,0,0,bench,2,2024,0
8,Jordan Addison,WR,3,0,0,bench,2,2024,0
9,Jordan Whittington,WR,3,5.800000000000001,0,bench,1,2024,8
9,Zach Ertz,TE,3,7.800000000000001,0,bench,12,2024,9.2
9,Ezekiel Elliott,RB,3,2.2,0,bench,9,2024,10.3
9,Hunter Henry,TE,3,2.9,0,bench,9,2024,9.8
9,Jacoby Brissett,QB,3,3.92,0,bench,9,2024,12.7
9,Christian McCaffrey,RB,3,0,0,bench,8,2024,0
9,Mike Gesicki,TE,3,8.7,0,bench,7,2024,8.8
9,Terry McLaurin,WR,3,20,0,bench,6,2024,11.5
9,Jauan Jennings,WR,3,46.5,0,bench,5,2024,9.4
9,Jalen Tolbert,WR,3,13.2,0,bench,3,2024,5.9
9,Romeo Doubs,WR,3,2.8,0,bench,3,2024,5.5
10,DeAndre Hopkins,WR,3,19.3,0,bench,12,2024,5.9
10,Odell Beckham Jr.,WR,3,0,0,bench,10,2024,0
10,George Kittle,TE,3,0,0,bench,8,2024,0
10,Jeff Wilson Jr.,RB,3,1.4000000000000001,0,bench,7,2024,1.7
10,Jakobi Meyers,WR,3,19.2,0,bench,6,2024,8.2
10,Rashod Bateman,WR,3,11.8,0,bench,4,2024,7.8
10,Justin Fields,QB,3,19.4,0,bench,4,2024,17
10,Kenny Pickett,QB,3,0,0,bench,3,2024,0
10,Christian Watson,WR,3,8.7,0,bench,3,2024,8.5
10,Isiah Pacheco,RB,3,0,0,bench,3,2024,0
11,Brian Thomas Jr.,WR,3,9.8,0,bench,1,2024,13.3
11,Raheem Mostert,RB,3,0,0,bench,10,2024,0
11,Demarcus Robinson,WR,3,4.2,0,bench,9,2024,13.1
11,DK Metcalf,WR,3,20.4,0,bench,6,2024,15.5
11,Dawson Knox,TE,3,1.7000000000000002,0,bench,6,2024,4.3
11,Jaylen Waddle,WR,3,6.6,0,bench,4,2024,11.1
11,Elijah Moore,WR,3,3.7,0,bench,4,2024,6.9
11,Cade Otton,TE,3,9.7,0,bench,3,2024,7.2
11,Jahan Dotson,WR,3,2.8,0,bench,3,2024,6.7
11,Tucker Kraft,TE,3,4.4,0,bench,2,2024,5.2
12,Carson Steele,RB,3,8.399999999999999,0,bench,1,2024,9.2
12,Jonathon Brooks,RB,3,0,0,bench,1,2024,0
12,Roman Wilson,WR,3,0,0,bench,1,2024,0
12,Russell Wilson,QB,3,0,0,bench,13,2024,0
12,Brandin Cooks,WR,3,3.6,0,bench,11,2024,10.7
12,Aaron Jones,RB,3,25.8,0,bench,8,2024,14.2
12,Jordan Love,QB,3,0,0,bench,5,2024,0
12,Pat Freiermuth,TE,3,7.300000000000001,0,bench,4,2024,8.9
12,Wan'Dale Robinson,WR,3,13.100000000000001,0,bench,3,2024,10.2
12,Skylar Thompson,QB,3,2.2800000000000002,0,bench,3,2024,12.9
1,Spencer Rattler,QB,4,0,0,bench,1,2024,0
1,Dylan Laube,RB,4,0,0,bench,1,2024,0
1,Jermaine Burton,WR,4,0,0,bench,1,2024,0
1,Javon Baker,WR,4,0,0,bench,1,2024,0
1,Adam Thielen,WR,4,0,0,bench,12,2024,0
1,Kareem Hunt,RB,4,10.5,0,bench,8,2024,2.5
1,Samaje Perine,RB,4,7.4,0,bench,8,2024,3.9
1,Taysom Hill,TE,4,14.4,0,bench,8,2024,4.4
1,Tyler Conklin,TE,4,5.7,0,bench,7,2024,7.5
1,Jerry Jeudy,WR,4,13.2,0,bench,5,2024,9.7
1,Justin Herbert,QB,4,10.16,0,bench,5,2024,12.3
1,DeVonta Smith,WR,4,0,0,bench,4,2024,0
1,Zamir White,RB,4,3,0,bench,3,2024,7.6
1,Aaron Rodgers,QB,4,11.6,0,bench,20,2024,15.2
2,Cedric Tillman,WR,4,0,0,bench,2,2024,0
2,Drake Maye,QB,4,0,0,bench,1,2024,0
2,Braelon Allen,RB,4,5.6000000000000005,0,bench,1,2024,6.5
2,Ja'Lynn Polk,WR,4,6,0,bench,1,2024,6.2
2,Brandon McManus,K,4,0,0,bench,12,2024,0
2,Joshua Dobbs,QB,4,0,0,bench,8,2024,0
2,Daniel Jones,QB,4,10.540000000000001,0,bench,6,2024,15.6
2,Deebo Samuel Sr.,WR,4,10.200000000000001,0,bench,6,2024,12.9
2,Matt Gay,K,4,8,0,bench,6,2024,8
2,A.J. Dillon,RB,4,0,0,bench,5,2024,0
2,Isaiah Likely,TE,4,3.6,0,bench,3,2024,8.6
2,Greg Dulcich,TE,4,0,0,bench,3,2024,4.9
3,Ray Davis,RB,4,1.1,0,bench,1,2024,3
3,Adonai Mitchell,WR,4,1,0,bench,1,2024,4.8
3,Tyrone Tracy Jr.,RB,4,3.1,0,bench,1,2024,1.8
3,Mike Williams,WR,4,10.7,0,bench,8,2024,7.5
3,Curtis Samuel,WR,4,3.5,0,bench,8,2024,5.1
3,Justice Hill,RB,4,21.6,0,bench,6,2024,5.7
3,Miles Sanders,RB,4,7.6000000000000005,0,bench,6,2024,4.4
3,Tua Tagovailoa,QB,4,0,0,bench,5,2024,0
3,Cole Kmet,TE,4,6.4,0,bench,5,2024,9.4
3,Cam Akers,RB,4,5.300000000000001,0,bench,5,2024,9.3
3,Gabe Davis,WR,4,0.8,0,bench,5,2024,7.3
3,Javonte Williams,RB,4,10,0,bench,4,2024,11.4
3,Will Levis,QB,4,0.5,0,bench,2,2024,15.2
4,Roschon Johnson,RB,4,8.6,0,bench,2,2024,7
4,Trey Benson,RB,4,4,0,bench,1,2024,3.3
4,Malachi Corley,WR,4,0,0,bench,1,2024,0
4,Ricky Pearsall,WR,4,0,0,bench,1,2024,0
4,Tyler Lockett,WR,4,11.100000000000001,0,bench,10,2024,9.9
4,D'Andre Swift,RB,4,29.5,0,bench,5,2024,8.9
4,Elijah Mitchell,RB,4,0,0,bench,4,2024,0
4,Trey McBride,TE,4,0,0,bench,3,2024,0
4,Jaylen Warren,RB,4,0,0,bench,3,2024,0
4,Rashid Shaheed,WR,4,17.700000000000003,0,bench,3,2024,11.8
4,Bryce Young,QB,4,0,0,bench,2,2024,0
4,Dontayvion Wicks,WR,4,24.8,0,bench,2,2024,4.9
4,Jaxon Smith-Njigba,WR,4,13.100000000000001,0,bench,2,2024,14.3
4,Tyjae Spears,RB,4,11.9,0,bench,2,2024,8.5
5,Jonathan Mingo,WR,4,5.4,0,bench,2,2024,4.5
5,J.J. McCarthy,QB,4,0,0,bench,1,2024,0
5,Bucky Irving,RB,4,12.5,0,bench,1,2024,8.2
5,Xavier Legette,WR,4,19.6,0,bench,1,2024,5.2
5,David Njoku,TE,4,0,0,bench,8,2024,0
5,Jamaal Williams,RB,4,3.9000000000000004,0,bench,8,2024,5.8
5,Courtland Sutton,WR,4,15,0,bench,7,2024,11.2
5,Khalil Herbert,RB,4,0,0,bench,4,2024,2.1
5,Ty Chandler,RB,4,2.3,0,bench,3,2024,6.7
5,Josh Downs,WR,4,22.200000000000003,0,bench,2,2024,6.3
5,Hendon Hooker,QB,4,0,0,bench,2,2024,0
6,Andrei Iosivas,WR,4,3.9000000000000004,0,bench,2,2024,8.2
6,Michael Wilson,WR,4,4.800000000000001,0,bench,2,2024,11
6,Michael Penix Jr.,QB,4,0,0,bench,1,2024,0
6,Xavier Worthy,WR,4,16.3,0,bench,1,2024,12.2
6,Jaylen Wright,RB,4,3.2,0,bench,1,2024,3.7
6,Cooper Kupp,WR,4,0,0,bench,8,2024,0
6,A.J. Brown,WR,4,0,0,bench,6,2024,0
6,Gardner Minshew,QB,4,5,0,bench,6,2024,13.6
6,Tank Dell,WR,4,0,0,bench,2,2024,0
6,Quentin Johnston,WR,4,2.3,0,bench,2,2024,11
7,Keon Coleman,WR,4,8.100000000000001,0,bench,1,2024,10.9
7,Kimani Vidal,RB,4,0,0,bench,1,2024,0
7,Derek Carr,QB,4,9.06,0,bench,11,2024,15.7
7,Nick Chubb,RB,4,0,0,bench,7,2024,0
7,Gus Edwards,RB,4,1.9000000000000001,0,bench,7,2024,4
7,Hollywood Brown,WR,4,0,0,bench,6,2024,0
7,Greg Dortch,WR,4,7.800000000000001,0,bench,6,2024,9.9
7,Tyler Johnson,WR,4,0,0,bench,5,2024,7.9
7,Rico Dowdle,RB,4,13.100000000000001,0,bench,5,2024,9.5
7,Tyler Huntley,QB,4,11.84,0,bench,5,2024,15.7
7,Jerome Ford,RB,4,15.5,0,bench,3,2024,13.5
7,Tank Bigsby,RB,4,9,0,bench,2,2024,2.4
7,Puka Nacua,WR,4,0,0,bench,2,2024,0
8,Emanuel Wilson,RB,4,2.7,0,bench,2,2024,4.9
8,Jaleel McLaughlin,RB,4,5.6000000000000005,0,bench,2,2024,7.8
8,Will Shipley,RB,4,0,0,bench,1,2024,0
8,Blake Corum,RB,4,0,0,bench,1,2024,0
8,Luke McCaffrey,WR,4,2.7,0,bench,1,2024,5.9
8,Evan Engram,TE,4,0,0,bench,8,2024,0
8,T.J. Hockenson,TE,4,0,0,bench,6,2024,0
8,Alexander Mattison,RB,4,6,0,bench,6,2024,9
8,Darnell Mooney,WR,4,8.600000000000001,0,bench,5,2024,11.1
8,Joshua Palmer,WR,4,6.6,0,bench,4,2024,0
8,Tyler Allgeier,RB,4,10,0,bench,3,2024,4.4
8,Alec Pierce,WR,4,1.9,0,bench,3,2024,6.9
8,Jalen Nailor,WR,4,4.1,0,bench,3,2024,6.6
8,Keaton Mitchell,RB,4,0,0,bench,2,2024,0
8,Zach Charbonnet,RB,4,10.4,0,bench,2,2024,6.6
9,Jordan Whittington,WR,4,12.2,0,bench,1,2024,5.5
9,Travis Kelce,TE,4,15.9,0,bench,12,2024,13.4
9,Ezekiel Elliott,RB,4,3.4000000000000004,0,bench,9,2024,8
9,Hunter Henry,TE,4,3.2,0,bench,9,2024,10.1
9,Jacoby Brissett,QB,4,6.019999999999999,0,bench,9,2024,11.7
9,Christian McCaffrey,RB,4,0,0,bench,8,2024,0
9,Mike Gesicki,TE,4,0.09999999999999998,0,bench,7,2024,8.4
9,Terry McLaurin,WR,4,18.2,0,bench,6,2024,13.7
9,Ty Johnson,RB,4,6.3,0,bench,6,2024,0.7
9,Jauan Jennings,WR,4,11.8,0,bench,5,2024,8.5
9,Jalen Tolbert,WR,4,5.4,0,bench,3,2024,5.9
10,Ja'Tavion Sanders,TE,4,3.6,0,bench,1,2024,2
10,DeAndre Hopkins,WR,4,5.1,0,bench,12,2024,7.9
10,Odell Beckham Jr.,WR,4,0,0,bench,10,2024,0
10,Davante Adams,WR,4,0,0,bench,11,2024,0
10,Jeff Wilson Jr.,RB,4,0,0,bench,7,2024,1.4
10,Rashod Bateman,WR,4,3.3000000000000003,0,bench,4,2024,7.8
10,Justin Fields,QB,4,30.98,0,bench,4,2024,16.3
10,Kenny Pickett,QB,4,0,0,bench,3,2024,0
10,Christian Watson,WR,4,0,0,bench,3,2024,9.1
10,Isiah Pacheco,RB,4,0,0,bench,3,2024,0
11,Tre Tucker,WR,4,15.400000000000002,0,bench,2,2024,9.7
11,Brian Thomas Jr.,WR,4,21.9,0,bench,1,2024,11.6
11,Raheem Mostert,RB,4,0,0,bench,10,2024,0
11,Demarcus Robinson,WR,4,5.7,0,bench,9,2024,11
11,Dawson Knox,TE,4,1,0,bench,6,2024,3.1
11,Michael Pittman Jr.,WR,4,17.3,0,bench,5,2024,10.6
11,Jaylen Waddle,WR,4,7.6,0,bench,4,2024,10.8
11,Cade Otton,TE,4,11.2,0,bench,3,2024,7.3
11,Jahan Dotson,WR,4,3.1,0,bench,3,2024,7.6
11,Tucker Kraft,TE,4,15.3,0,bench,2,2024,5.3
12,Carson Steele,RB,4,-0.3999999999999999,0,bench,1,2024,9.9
12,Jonathon Brooks,RB,4,0,0,bench,1,2024,0
12,Roman Wilson,WR,4,0,0,bench,1,2024,0
12,Russell Wilson,QB,4,0,0,bench,13,2024,0
12,Brandin Cooks,WR,4,2.6,0,bench,11,2024,10.5
12,Calvin Ridley,WR,4,2.5,0,bench,7,2024,14
12,Josh Jacobs,RB,4,11.8,0,bench,6,2024,16.1
12,Jordan Love,QB,4,31.160000000000004,0,bench,5,2024,16.8
12,Pat Freiermuth,TE,4,16.7,0,bench,4,2024,7.7
12,Wan'Dale Robinson,WR,4,18.1,0,bench,3,2024,9.9
1,Spencer Rattler,QB,5,0,0,bench,1,2024,0
1,Dylan Laube,RB,5,0,0,bench,1,2024,0
1,Jermaine Burton,WR,5,0,0,bench,1,2024,0
1,Javon Baker,WR,5,0,0,bench,1,2024,0
1,Adam Thielen,WR,5,0,0,bench,12,2024,0
1,Samaje Perine,RB,5,3.4000000000000004,0,bench,8,2024,3.7
1,Taysom Hill,TE,5,0,0,bench,8,2024,2
1,Mark Andrews,TE,5,9.5,0,bench,7,2024,8
1,David Montgomery,RB,5,0,0,bench,6,2024,0
1,Jerry Jeudy,WR,5,2.6,0,bench,5,2024,9.5
1,Justin Herbert,QB,5,0,0,bench,5,2024,0
1,DeVonta Smith,WR,5,0,0,bench,4,2024,0
1,Trey Sermon,RB,5,18.3,0,bench,4,2024,11.1
1,Aaron Rodgers,QB,5,13.759999999999998,0,bench,20,2024,16.2
2,Cedric Tillman,WR,5,0,0,bench,2,2024,0
2,Drake Maye,QB,5,0,0,bench,1,2024,0
2,Braelon Allen,RB,5,3.8,0,bench,1,2024,6.7
2,Ja'Lynn Polk,WR,5,2.3,0,bench,1,2024,8
2,Brandon McManus,K,5,0,0,bench,12,2024,0
2,Joshua Dobbs,QB,5,0,0,bench,8,2024,0
2,Daniel Jones,QB,5,21.080000000000002,0,bench,6,2024,14.1
2,Deebo Samuel Sr.,WR,5,3,0,bench,6,2024,15.6
2,Matt Gay,K,5,10,0,bench,6,2024,6
2,A.J. Dillon,RB,5,0,0,bench,5,2024,0
2,Isaiah Likely,TE,5,16.3,0,bench,3,2024,9.8
2,Greg Dulcich,TE,5,0,0,bench,3,2024,4.4
3,Ray Davis,RB,5,1.4,0,bench,1,2024,1.5
3,Adonai Mitchell,WR,5,9.16,0,bench,1,2024,2.2
3,Tyrone Tracy Jr.,RB,5,14,0,bench,1,2024,9.9
3,Joe Mixon,RB,5,0,0,bench,8,2024,0
3,Mike Williams,WR,5,4.5,0,bench,8,2024,7.6
3,Curtis Samuel,WR,5,0.9,0,bench,8,2024,3.8
3,Jake Elliott,K,5,0,0,bench,8,2024,0
3,Allen Lazard,WR,5,13.4,0,bench,7,2024,10.3
3,Miles Sanders,RB,5,5.300000000000001,0,bench,6,2024,4.7
3,Tua Tagovailoa,QB,5,0,0,bench,5,2024,0
3,Cole Kmet,TE,5,8.7,0,bench,5,2024,9
3,Cam Akers,RB,5,12.7,0,bench,5,2024,7.5
3,Gabe Davis,WR,5,4.800000000000001,0,bench,5,2024,7.1
3,Will Levis,QB,5,0,0,bench,2,2024,0
4,Roschon Johnson,RB,5,14.5,0,bench,2,2024,5.3
4,Jaleel McLaughlin,RB,5,11.5,0,bench,2,2024,5.5
4,MarShawn Lloyd,RB,5,0,0,bench,1,2024,0
4,Trey Benson,RB,5,0,0,bench,1,2024,3.3
4,Malachi Corley,WR,5,0,0,bench,1,2024,0
4,Ricky Pearsall,WR,5,0,0,bench,1,2024,0
4,Derek Carr,QB,5,13.600000000000001,0,bench,11,2024,13.8
4,Dalton Schultz,TE,5,7.4,0,bench,7,2024,5.1
4,Amon-Ra St. Brown,WR,5,0,0,bench,4,2024,0
4,Jaylen Warren,RB,5,0,0,bench,3,2024,0
4,Rashid Shaheed,WR,5,18.6,0,bench,3,2024,11
4,Bryce Young,QB,5,3.12,0,bench,2,2024,0
4,Dontayvion Wicks,WR,5,4,0,bench,2,2024,13.9
4,Tyjae Spears,RB,5,0,0,bench,2,2024,0
4,Kendre Miller,RB,5,0,0,bench,2,2024,0
5,Jonathan Mingo,WR,5,5.7,0,bench,2,2024,4.7
5,J.J. McCarthy,QB,5,0,0,bench,1,2024,0
5,Bucky Irving,RB,5,5.6000000000000005,0,bench,1,2024,8.5
5,Xavier Legette,WR,5,1.8,0,bench,1,2024,7.8
5,David Njoku,TE,5,2.4000000000000004,0,bench,8,2024,7.7
5,Jamaal Williams,RB,5,0.9,0,bench,8,2024,3.9
5,Courtland Sutton,WR,5,5.2,0,bench,7,2024,11.5
5,Khalil Herbert,RB,5,0,0,bench,4,2024,0
5,Ty Chandler,RB,5,5.9,0,bench,3,2024,5.1
5,Josh Downs,WR,5,15.9,0,bench,2,2024,14
5,Hendon Hooker,QB,5,0,0,bench,2,2024,0
6,Andrei Iosivas,WR,5,4.9,0,bench,2,2024,7.9
6,Michael Wilson,WR,5,12.8,0,bench,2,2024,9.4
6,Michael Penix Jr.,QB,5,0,0,bench,1,2024,0
6,Xavier Worthy,WR,5,11.8,0,bench,1,2024,13
6,Cooper Kupp,WR,5,0,0,bench,8,2024,0
6,A.J. Brown,WR,5,0,0,bench,6,2024,0
6,Tony Pollard,RB,5,0,0,bench,6,2024,0
6,Gardner Minshew,QB,5,9.68,0,bench,6,2024,11.6
6,Jahmyr Gibbs,RB,5,0,0,bench,2,2024,0
6,Quentin Johnston,WR,5,0,0,bench,2,2024,0
7,Keon Coleman,WR,5,11.9,0,bench,1,2024,13.2
7,Kimani Vidal,RB,5,0,0,bench,1,2024,0
7,Amari Cooper,WR,5,10,0,bench,10,2024,15
7,Tyler Lockett,WR,5,11.5,0,bench,10,2024,9.5
7,Nick Chubb,RB,5,0,0,bench,7,2024,0
7,Gus Edwards,RB,5,0,0,bench,7,2024,0
7,Hollywood Brown,WR,5,0,0,bench,6,2024,0
7,J.K. Dobbins,RB,5,0,0,bench,5,2024,0
7,Clyde Edwards-Helaire,RB,5,0,0,bench,5,2024,0
7,Rico Dowdle,RB,5,18.400000000000002,0,bench,5,2024,10
7,Tyler Goodson,RB,5,8.7,0,bench,3,2024,4.8
7,Tank Bigsby,RB,5,24.900000000000002,0,bench,2,2024,3.4
7,Puka Nacua,WR,5,0,0,bench,2,2024,0
8,Emanuel Wilson,RB,5,2.5000000000000004,0,bench,2,2024,5.4
8,Will Shipley,RB,5,0,0,bench,1,2024,0
8,Blake Corum,RB,5,4.3,0,bench,1,2024,0
8,Rome Odunze,WR,5,9,0,bench,1,2024,8.8
8,Luke McCaffrey,WR,5,4.9,0,bench,1,2024,5.6
8,Mason Rudolph,QB,5,0,0,bench,7,2024,0
8,T.J. Hockenson,TE,5,0,0,bench,6,2024,0
8,Jalen Hurts,QB,5,0,0,bench,5,2024,0
8,Antonio Gibson,RB,5,6.6000000000000005,0,bench,5,2024,9.7
8,Joshua Palmer,WR,5,0,0,bench,4,2024,0
8,Tyler Allgeier,RB,5,5.5,0,bench,3,2024,5.3
8,Anthony Richardson,QB,5,0,0,bench,2,2024,0
8,Keaton Mitchell,RB,5,0,0,bench,2,2024,0
8,Zach Charbonnet,RB,5,6,0,bench,2,2024,6.7
9,Malik Nabers,WR,5,0,0,bench,1,2024,0
9,Zach Ertz,TE,5,3,0,bench,12,2024,9
9,Jared Goff,QB,5,0,0,bench,9,2024,0
9,Hunter Henry,TE,5,5.2,0,bench,9,2024,9.8
9,Christian McCaffrey,RB,5,0,0,bench,8,2024,0
9,Mike Gesicki,TE,5,5.1,0,bench,7,2024,6.3
9,Jonathan Taylor,RB,5,0,0,bench,5,2024,0
9,Colby Parkinson,TE,5,12.2,0,bench,5,2024,8.1
9,Jauan Jennings,WR,5,2.3,0,bench,5,2024,10.1
9,Tyler Huntley,QB,5,7.46,0,bench,5,2024,15.5
9,Tutu Atwell,WR,5,12.5,0,bench,4,2024,9.6
9,Jalen Tolbert,WR,5,21.700000000000003,0,bench,3,2024,8.7
10,Ja'Tavion Sanders,TE,5,4.3,0,bench,1,2024,2
10,Ladd McConkey,WR,5,0,0,bench,1,2024,0
10,DeAndre Hopkins,WR,5,0,0,bench,12,2024,0
10,Odell Beckham Jr.,WR,5,0,0,bench,10,2024,0
10,Davante Adams,WR,5,0,0,bench,11,2024,0
10,Jeff Wilson Jr.,RB,5,0,0,bench,7,2024,0
10,Justin Fields,QB,5,14.940000000000001,0,bench,4,2024,18.1
10,Kenny Pickett,QB,5,0,0,bench,3,2024,0
10,Christian Watson,WR,5,0,0,bench,3,2024,0
10,Isiah Pacheco,RB,5,0,0,bench,3,2024,0
11,Tre Tucker,WR,5,4.6,0,bench,2,2024,9.9
11,Raheem Mostert,RB,5,11.8,0,bench,10,2024,3.6
11,Demarcus Robinson,WR,5,11.8,0,bench,9,2024,10
11,Dawson Knox,TE,5,0,0,bench,6,2024,2.8
11,Jaylen Waddle,WR,5,8.600000000000001,0,bench,4,2024,9
11,Rhamondre Stevenson,RB,5,19.2,0,bench,4,2024,11.9
11,Cade Otton,TE,5,7.4,0,bench,3,2024,8.8
11,Jahan Dotson,WR,5,0,0,bench,3,2024,0
11,Jameson Williams,WR,5,0,0,bench,3,2024,0
11,Tucker Kraft,TE,5,24.8,0,bench,2,2024,10.1
12,Rashee Rice,WR,5,0,0,bench,2,2024,0
12,Sam LaPorta,TE,5,0,0,bench,2,2024,0
12,Carson Steele,RB,5,0.20000000000000018,0,bench,1,2024,3.3
12,Jonathon Brooks,RB,5,0,0,bench,1,2024,0
12,Roman Wilson,WR,5,0,0,bench,1,2024,0
12,Russell Wilson,QB,5,0,0,bench,13,2024,0
12,Brandin Cooks,WR,5,0,0,bench,11,2024,0
12,Saquon Barkley,RB,5,0,0,bench,7,2024,0
12,Calvin Ridley,WR,5,0,0,bench,7,2024,0
12,Justin Watson,WR,5,0,0,bench,7,2024,7.5
12,Andy Dalton,QB,5,4.74,0,bench,14,2024,14.1
1,Spencer Rattler,QB,6,13.420000000000002,0,bench,1,2024,12.4
1,Dylan Laube,RB,6,-2,0,bench,1,2024,0
1,Jermaine Burton,WR,6,0,0,bench,1,2024,0
1,Javon Baker,WR,6,0,0,bench,1,2024,0
1,Keenan Allen,WR,6,21.1,0,bench,12,2024,8
1,Adam Thielen,WR,6,0,0,bench,12,2024,0
1,Kareem Hunt,RB,6,0,0,bench,8,2024,0
1,Taysom Hill,TE,6,0,0,bench,8,2024,0
1,Mark Andrews,TE,6,15.600000000000001,0,bench,7,2024,7.2
1,Jerry Jeudy,WR,6,4.5,0,bench,5,2024,9.5
1,Justin Herbert,QB,6,12.68,0,bench,5,2024,11.4
1,Trey Sermon,RB,6,2.9000000000000004,0,bench,4,2024,11.3
1,Romeo Doubs,WR,6,19.9,0,bench,3,2024,10.5
1,Aaron Rodgers,QB,6,17.759999999999998,0,bench,20,2024,15.4
1,New York Jets,DST,6,3,0,bench,NA,2024,20
2,Drake Maye,QB,6,21.52,0,bench,1,2024,13.3
2,Ja'Lynn Polk,WR,6,1.4,0,bench,1,2024,9.7
2,Joshua Dobbs,QB,6,0,0,bench,8,2024,0
2,Harrison Butker,K,6,0,0,bench,8,2024,0
2,Austin Ekeler,RB,6,10.8,0,bench,8,2024,13.7
2,Daniel Jones,QB,6,12.8,0,bench,6,2024,17
2,Deebo Samuel Sr.,WR,6,20.700000000000003,0,bench,6,2024,15.2
2,A.J. Dillon,RB,6,0,0,bench,5,2024,0
2,Antonio Gibson,RB,6,7.300000000000001,0,bench,5,2024,11.9
2,Isaiah Likely,TE,6,4.7,0,bench,3,2024,8.5
2,Greg Dulcich,TE,6,0,0,bench,3,2024,2.1
2,De'Von Achane,RB,6,0,0,bench,2,2024,0
2,Quentin Johnston,WR,6,5.2,0,bench,2,2024,8.5
3,Ray Davis,RB,6,18.200000000000003,0,bench,1,2024,0
3,Adonai Mitchell,WR,6,2.9,0,bench,1,2024,4.5
3,Tyrone Tracy Jr.,RB,6,22.7,0,bench,1,2024,12.1
3,Mike Williams,WR,6,0,0,bench,8,2024,7.4
3,Curtis Samuel,WR,6,7.4,0,bench,8,2024,5.7
3,Sam Darnold,QB,6,0,0,bench,7,2024,0
3,Justice Hill,RB,6,1.4,0,bench,6,2024,6.3
3,Miles Sanders,RB,6,2.3000000000000003,0,bench,6,2024,4.4
3,Austin Seibert,K,6,15,0,bench,6,2024,21
3,Tua Tagovailoa,QB,6,0,0,bench,5,2024,0
3,Justin Jefferson,WR,6,0,0,bench,5,2024,0
3,Cole Kmet,TE,6,24,0,bench,5,2024,9.8
3,Cam Akers,RB,6,-0.1,0,bench,5,2024,3.4
3,Gabe Davis,WR,6,21.5,0,bench,5,2024,5.7
4,Roschon Johnson,RB,6,5.3,0,bench,2,2024,5.8
4,Jaleel McLaughlin,RB,6,4.5,0,bench,2,2024,5.2
4,MarShawn Lloyd,RB,6,0,0,bench,1,2024,0
4,Trey Benson,RB,6,2.6,0,bench,1,2024,3.2
4,Malachi Corley,WR,6,0,0,bench,1,2024,0
4,Ricky Pearsall,WR,6,0,0,bench,1,2024,0
4,Derek Carr,QB,6,0,0,bench,11,2024,0
4,Matthew Stafford,QB,6,0,0,bench,16,2024,0
4,Dalton Schultz,TE,6,6.7,0,bench,7,2024,6.8
4,Jaylen Warren,RB,6,4.800000000000001,0,bench,3,2024,5.4
4,Rashid Shaheed,WR,6,8.3,0,bench,3,2024,9.8
4,Bryce Young,QB,6,0,0,bench,2,2024,0
4,Dontayvion Wicks,WR,6,1.9,0,bench,2,2024,8.3
4,Tyjae Spears,RB,6,2.7,0,bench,2,2024,8.4
4,Kendre Miller,RB,6,0,0,bench,2,2024,0
5,Jonathan Mingo,WR,6,1.1,0,bench,2,2024,4.9
5,J.J. McCarthy,QB,6,0,0,bench,1,2024,0
5,Bucky Irving,RB,6,18.5,0,bench,1,2024,15.2
5,Xavier Legette,WR,6,11.3,0,bench,1,2024,8.3
5,David Njoku,TE,6,8.1,0,bench,8,2024,7.6
5,Jamaal Williams,RB,6,0.7000000000000001,0,bench,8,2024,3.7
5,Courtland Sutton,WR,6,15.3,0,bench,7,2024,12.7
5,Khalil Herbert,RB,6,0,0,bench,4,2024,0
5,Ty Chandler,RB,6,0,0,bench,3,2024,0
5,Josh Downs,WR,6,19.5,0,bench,2,2024,14.4
5,Hendon Hooker,QB,6,0.66,0,bench,2,2024,0
6,Andrei Iosivas,WR,6,5.6,0,bench,2,2024,7.7
6,Michael Wilson,WR,6,10.1,0,bench,2,2024,10.2
6,Michael Penix Jr.,QB,6,0,0,bench,1,2024,0
6,Rome Odunze,WR,6,6,0,bench,1,2024,8.2
6,Xavier Worthy,WR,6,0,0,bench,1,2024,0
6,Jaylen Wright,RB,6,0,0,bench,1,2024,0
6,Cooper Kupp,WR,6,0,0,bench,8,2024,0
6,Gardner Minshew,QB,6,0,0,bench,6,2024,0
6,Devin Singletary,RB,6,0,0,bench,6,2024,0
6,Khalil Shakir,WR,6,3.9000000000000004,0,bench,3,2024,2
7,Keon Coleman,WR,6,5.6,0,bench,1,2024,11
7,Kimani Vidal,RB,6,13.1,0,bench,1,2024,2.4
7,Tyler Lockett,WR,6,16.5,0,bench,10,2024,9.7
7,Patrick Mahomes,QB,6,0,0,bench,8,2024,0
7,Nick Chubb,RB,6,0,0,bench,7,2024,0
7,Gus Edwards,RB,6,0,0,bench,7,2024,0
7,Hollywood Brown,WR,6,0,0,bench,6,2024,0
7,Ty Johnson,RB,6,3.4000000000000004,0,bench,6,2024,1.4
7,Clyde Edwards-Helaire,RB,6,0,0,bench,5,2024,0
7,Nico Collins,WR,6,0,0,bench,4,2024,0
7,Jerome Ford,RB,6,1.4000000000000001,0,bench,3,2024,12.8
7,Tank Bigsby,RB,6,2.4000000000000004,0,bench,2,2024,8.3
7,Puka Nacua,WR,6,0,0,bench,2,2024,0
8,Xavier Hutchinson,WR,6,0,0,bench,2,2024,8.5
8,Will Shipley,RB,6,0,0,bench,1,2024,0
8,Blake Corum,RB,6,0,0,bench,1,2024,0
8,Luke McCaffrey,WR,6,1.5,0,bench,1,2024,7.4
8,Joe Flacco,QB,6,14.66,0,bench,17,2024,16.2
8,JuJu Smith-Schuster,WR,6,0,0,bench,8,2024,0
8,T.J. Hockenson,TE,6,0,0,bench,6,2024,0
8,Joshua Palmer,WR,6,5.800000000000001,0,bench,4,2024,6.9
8,Tyler Allgeier,RB,6,19.8,0,bench,3,2024,7.2
8,Rachaad White,RB,6,0,0,bench,3,2024,0
8,Alec Pierce,WR,6,0,0,bench,3,2024,6.7
8,Tyler Goodson,RB,6,10.500000000000002,0,bench,3,2024,4.4
8,Keaton Mitchell,RB,6,0,0,bench,2,2024,0
8,Zach Charbonnet,RB,6,4.5,0,bench,2,2024,6.6
8,Jordan Addison,WR,6,0,0,bench,2,2024,0
8,Minnesota Vikings,DST,6,0,0,bench,NA,2024,0
9,Jordan Whittington,WR,6,0,0,bench,1,2024,0
9,Malik Nabers,WR,6,0,0,bench,1,2024,0
9,Travis Kelce,TE,6,0,0,bench,12,2024,0
9,Jacoby Brissett,QB,6,0,0,bench,9,2024,0
9,Christian McCaffrey,RB,6,0,0,bench,8,2024,0
9,Jonathan Taylor,RB,6,0,0,bench,5,2024,0
9,Colby Parkinson,TE,6,0,0,bench,5,2024,0
9,Jauan Jennings,WR,6,5.7,0,bench,5,2024,8.2
9,Tyler Huntley,QB,6,0,0,bench,5,2024,0
9,Jalen Tolbert,WR,6,8.3,0,bench,3,2024,11.3
10,Ja'Tavion Sanders,TE,6,8.9,0,bench,1,2024,4.5
10,DeAndre Hopkins,WR,6,9.4,0,bench,12,2024,10
10,Odell Beckham Jr.,WR,6,0,0,bench,10,2024,0
10,Davante Adams,WR,6,0,0,bench,11,2024,0
10,Tyreek Hill,WR,6,0,0,bench,9,2024,0
10,Jeff Wilson Jr.,RB,6,0,0,bench,7,2024,0
10,Justin Fields,QB,6,22.7,0,bench,4,2024,16.8
10,Brian Robinson Jr.,RB,6,0,0,bench,3,2024,0
10,Christian Watson,WR,6,15.8,0,bench,3,2024,6
10,Isiah Pacheco,RB,6,0,0,bench,3,2024,0
10,Kansas City Chiefs,DST,6,0,0,bench,NA,2024,0
11,Tre Tucker,WR,6,0,0,bench,2,2024,9.8
11,Raheem Mostert,RB,6,0,0,bench,10,2024,0
11,Demarcus Robinson,WR,6,0,0,bench,9,2024,0
11,Dawson Knox,TE,6,8.2,0,bench,6,2024,2.7
11,Jaylen Waddle,WR,6,0,0,bench,4,2024,0
11,Kyle Pitts,TE,6,10,0,bench,4,2024,9.2
11,Rhamondre Stevenson,RB,6,0,0,bench,4,2024,0
11,Cade Otton,TE,6,9.5,0,bench,3,2024,8.9
11,Jahan Dotson,WR,6,3.3,0,bench,3,2024,4.5
11,Jameson Williams,WR,6,17.7,0,bench,3,2024,12.9
12,Rashee Rice,WR,6,0,0,bench,2,2024,0
12,Aidan O'Connell,QB,6,12.08,0,bench,2,2024,11.6
12,Carson Steele,RB,6,0,0,bench,1,2024,0
12,Jonathon Brooks,RB,6,0,0,bench,1,2024,0
12,Roman Wilson,WR,6,0,0,bench,1,2024,0
12,Russell Wilson,QB,6,0,0,bench,13,2024,0
12,Brandin Cooks,WR,6,0,0,bench,11,2024,0
12,Aaron Jones,RB,6,0,0,bench,8,2024,0
12,Calvin Ridley,WR,6,0.9,0,bench,7,2024,13.3
12,Pat Freiermuth,TE,6,3.6,0,bench,4,2024,9.4
12,Andy Dalton,QB,6,16.94,0,bench,14,2024,13.7
1,Caleb Williams,QB,7,0,0,bench,1,2024,0
1,Spencer Rattler,QB,7,6.28,0,bench,1,2024,13.1
1,Dylan Laube,RB,7,0,0,bench,1,2024,0
1,Erick All Jr.,TE,7,0,0,bench,1,2024,5.1
1,Javon Baker,WR,7,0,0,bench,1,2024,0
1,Keenan Allen,WR,7,0,0,bench,12,2024,0
1,Adam Thielen,WR,7,0,0,bench,12,2024,0
1,Taysom Hill,TE,7,0,0,bench,8,2024,0
1,Tyler Conklin,TE,7,10.7,0,bench,7,2024,6.4
1,Jerry Jeudy,WR,7,2.8,0,bench,5,2024,11.7
1,Zack Moss,RB,7,7,0,bench,5,2024,8.4
1,Trey Sermon,RB,7,5.8999999999999995,0,bench,4,2024,10.9
1,Romeo Doubs,WR,7,17.4,0,bench,3,2024,10.2
1,Aaron Rodgers,QB,7,15.040000000000001,0,bench,20,2024,14.8
2,Drake Maye,QB,7,20.84,0,bench,1,2024,16.6
2,Braelon Allen,RB,7,1.5999999999999999,0,bench,1,2024,4.1
2,Ja'Lynn Polk,WR,7,0,0,bench,1,2024,8
2,Ezekiel Elliott,RB,7,0,0,bench,9,2024,0
2,Harrison Butker,K,7,4,0,bench,8,2024,25
2,Deebo Samuel Sr.,WR,7,0,0,bench,6,2024,16.3
2,CeeDee Lamb,WR,7,0,0,bench,5,2024,0
2,A.J. Dillon,RB,7,0,0,bench,5,2024,0
2,Antonio Gibson,RB,7,2.3,0,bench,5,2024,6.4
2,Jake Ferguson,TE,7,0,0,bench,3,2024,0
3,Ray Davis,RB,7,11.700000000000001,0,bench,1,2024,5.1
3,Adonai Mitchell,WR,7,5,0,bench,1,2024,3.4
3,Tyrone Tracy Jr.,RB,7,6.200000000000001,0,bench,1,2024,11.8
3,Dak Prescott,QB,7,0,0,bench,9,2024,0
3,Mike Williams,WR,7,2.5,0,bench,8,2024,0
3,Curtis Samuel,WR,7,0,0,bench,8,2024,4.8
3,D.J. Moore,WR,7,0,0,bench,7,2024,0
3,Allen Lazard,WR,7,9.8,0,bench,7,2024,8.5
3,Justice Hill,RB,7,13.8,0,bench,6,2024,6.1
3,Miles Sanders,RB,7,3.8000000000000003,0,bench,6,2024,4
3,Austin Seibert,K,7,17,0,bench,6,2024,29
3,Tua Tagovailoa,QB,7,0,0,bench,5,2024,0
3,Cole Kmet,TE,7,0,0,bench,5,2024,0
3,Cam Akers,RB,7,0,0,bench,5,2024,0
4,Roschon Johnson,RB,7,0,0,bench,2,2024,0
4,Jordan Travis,QB,7,0,0,bench,1,2024,0
4,MarShawn Lloyd,RB,7,0,0,bench,1,2024,0
4,Trey Benson,RB,7,0,0,bench,1,2024,1.3
4,Malachi Corley,WR,7,0,0,bench,1,2024,0
4,Ricky Pearsall,WR,7,5.1,0,bench,1,2024,0
4,Derek Carr,QB,7,0,0,bench,11,2024,0
4,D'Andre Swift,RB,7,0,0,bench,5,2024,0
4,Chris Olave,WR,7,0,0,bench,3,2024,0
4,Jaylen Warren,RB,7,7.9,0,bench,3,2024,5.7
4,Bryce Young,QB,7,-0.16,0,bench,2,2024,0
4,Dontayvion Wicks,WR,7,13.8,0,bench,2,2024,3.2
4,Tyjae Spears,RB,7,0,0,bench,2,2024,0
4,Quentin Johnston,WR,7,0,0,bench,2,2024,0
4,Kendre Miller,RB,7,5.699999999999999,0,bench,2,2024,4.5
5,Jonathan Mingo,WR,7,0,0,bench,2,2024,4.5
5,J.J. McCarthy,QB,7,0,0,bench,1,2024,0
5,Bucky Irving,RB,7,16.700000000000003,0,bench,1,2024,9.8
5,Xavier Legette,WR,7,2.9000000000000004,0,bench,1,2024,9.8
5,Jonnu Smith,TE,7,22.6,0,bench,8,2024,4.8
5,Jamaal Williams,RB,7,1.7000000000000002,0,bench,8,2024,0.8
5,Courtland Sutton,WR,7,0,0,bench,7,2024,11.3
5,Travis Etienne,RB,7,0,0,bench,4,2024,0
5,Khalil Herbert,RB,7,0,0,bench,4,2024,0
5,Josh Downs,WR,7,1.3,0,bench,2,2024,12.8
5,Hendon Hooker,QB,7,0,0,bench,2,2024,0
6,Andrei Iosivas,WR,7,0,0,bench,2,2024,6.9
6,Michael Wilson,WR,7,2.5,0,bench,2,2024,8.5
6,Michael Penix Jr.,QB,7,0.56,0,bench,1,2024,0
6,Rome Odunze,WR,7,0,0,bench,1,2024,0
6,Xavier Worthy,WR,7,5.4,0,bench,1,2024,10.3
6,Jaylen Wright,RB,7,3.3000000000000003,0,bench,1,2024,1.8
6,Dallas Goedert,TE,7,0,0,bench,7,2024,0
6,Gardner Minshew,QB,7,1.36,0,bench,6,2024,0
6,Devin Singletary,RB,7,3.0999999999999996,0,bench,6,2024,9.5
6,Tank Dell,WR,7,0,0,bench,2,2024,13.1
7,Keon Coleman,WR,7,16.5,0,bench,1,2024,6.8
7,Kimani Vidal,RB,7,2.9,0,bench,1,2024,4.3
7,Isaac Guerendo,RB,7,0.7,0,bench,1,2024,1.3
7,Bub Means,WR,7,6.7,0,bench,1,2024,10.4
7,Devaughn Vele,WR,7,3,0,bench,1,2024,5.3
7,Tyler Lockett,WR,7,8.5,0,bench,10,2024,9.5
7,Nick Chubb,RB,7,10.2,0,bench,7,2024,9
7,Hollywood Brown,WR,7,0,0,bench,6,2024,0
7,Rico Dowdle,RB,7,0,0,bench,5,2024,0
7,Nico Collins,WR,7,0,0,bench,4,2024,0
7,Tank Bigsby,RB,7,23.8,0,bench,2,2024,10.5
7,Puka Nacua,WR,7,0,0,bench,2,2024,0
7,Sean Tucker,RB,7,4.800000000000001,0,bench,2,2024,5
8,Blake Corum,RB,7,1.1,0,bench,1,2024,4.3
8,Luke McCaffrey,WR,7,0,0,bench,1,2024,7.1
8,JuJu Smith-Schuster,WR,7,0,0,bench,8,2024,11.1
8,Ray-Ray McCloud,WR,7,2.9,0,bench,7,2024,7.3
8,T.J. Hockenson,TE,7,0,0,bench,6,2024,0
8,Alexander Mattison,RB,7,15.3,0,bench,6,2024,13.3
8,Clyde Edwards-Helaire,RB,7,0,0,bench,5,2024,0
8,Joshua Palmer,WR,7,10.3,0,bench,4,2024,8.2
8,Tyler Allgeier,RB,7,5.5,0,bench,3,2024,7
8,Alec Pierce,WR,7,3.5,0,bench,3,2024,6.2
8,Jerome Ford,RB,7,0,0,bench,3,2024,0
8,Zach Charbonnet,RB,7,1.9000000000000004,0,bench,2,2024,6.3
8,Minnesota Vikings,DST,7,8,0,bench,NA,2024,17
9,Jordan Whittington,WR,7,0,0,bench,1,2024,12
9,Zach Ertz,TE,7,14,0,bench,12,2024,8.9
9,Christian McCaffrey,RB,7,0,0,bench,8,2024,0
9,Christian Kirk,WR,7,3.4000000000000004,0,bench,7,2024,11
9,Jonathan Taylor,RB,7,0,0,bench,5,2024,0
9,Colby Parkinson,TE,7,5.2,0,bench,5,2024,9.2
9,Jauan Jennings,WR,7,0,0,bench,5,2024,0
9,Tutu Atwell,WR,7,11.100000000000001,0,bench,4,2024,11.3
9,Pierre Strong Jr.,RB,7,2.5,0,bench,3,2024,8.7
9,Jalen Tolbert,WR,7,0,0,bench,3,2024,0
9,Dameon Pierce,RB,7,0.2,0,bench,3,2024,1.4
9,DeMario Douglas,WR,7,3.4000000000000004,0,bench,2,2024,11.7
9,Chicago Bears,DST,7,0,0,bench,NA,2024,0
10,Emanuel Wilson,RB,7,1.1,0,bench,2,2024,5.3
10,Brandon Aubrey,K,7,0,0,bench,2,2024,0
10,Ja'Tavion Sanders,TE,7,12.100000000000001,0,bench,1,2024,4.4
10,DeAndre Hopkins,WR,7,0.8,0,bench,12,2024,10.8
10,Odell Beckham Jr.,WR,7,0,0,bench,10,2024,0
10,Jakobi Meyers,WR,7,0,0,bench,6,2024,0
10,Rashod Bateman,WR,7,22.1,0,bench,4,2024,8
10,Justin Fields,QB,7,0,0,bench,4,2024,0
10,Christian Watson,WR,7,1.5,0,bench,3,2024,11.8
10,Isiah Pacheco,RB,7,0,0,bench,3,2024,0
10,Kansas City Chiefs,DST,7,9,0,bench,NA,2024,7
11,Tre Tucker,WR,7,7.699999999999999,0,bench,2,2024,8
11,Raheem Mostert,RB,7,3,0,bench,10,2024,6.8
11,Demarcus Robinson,WR,7,1.9,0,bench,9,2024,6.5
11,Dawson Knox,TE,7,1.5,0,bench,6,2024,2.7
11,Jaylen Waddle,WR,7,2.1,0,bench,4,2024,9
11,Kyle Pitts,TE,7,13.5,0,bench,4,2024,10
11,Rhamondre Stevenson,RB,7,4.5,0,bench,4,2024,11.6
11,Cade Otton,TE,7,17,0,bench,3,2024,8.8
11,Jahan Dotson,WR,7,0,0,bench,3,2024,3.4
11,Jameson Williams,WR,7,0.6,0,bench,3,2024,12.7
12,Rashee Rice,WR,7,0,0,bench,2,2024,0
12,Aidan O'Connell,QB,7,2.08,0,bench,2,2024,11.8
12,Carson Steele,RB,7,1.7000000000000002,0,bench,1,2024,0.9
12,Jonathon Brooks,RB,7,0,0,bench,1,2024,0
12,Roman Wilson,WR,7,0,0,bench,1,2024,0
12,Russell Wilson,QB,7,24.860000000000003,0,bench,13,2024,12.6
12,Brandon McManus,K,7,7,0,bench,12,2024,17
12,Brandin Cooks,WR,7,0,0,bench,11,2024,0
12,Aaron Jones,RB,7,20.6,0,bench,8,2024,13.7
12,Calvin Ridley,WR,7,7.2,0,bench,7,2024,10
12,Pat Freiermuth,TE,7,7.1000000000000005,0,bench,4,2024,9.2
12,Andy Dalton,QB,7,2.0200000000000005,0,bench,14,2024,15.5
1,Spencer Rattler,QB,8,6.24,0,bench,1,2024,15.3
1,Jalen McMillan,WR,8,9.2,0,bench,1,2024,11.6
1,Troy Franklin,WR,8,1.9000000000000001,0,bench,1,2024,5.3
1,Javon Baker,WR,8,0,0,bench,1,2024,0
1,Keenan Allen,WR,8,5.9,0,bench,12,2024,8.4
1,Adam Thielen,WR,8,0,0,bench,12,2024,0
1,Mark Andrews,TE,8,14.6,0,bench,7,2024,8.1
1,Jerry Jeudy,WR,8,12.9,0,bench,5,2024,12.5
1,Justin Herbert,QB,8,24.060000000000002,0,bench,5,2024,12.9
1,Zack Moss,RB,8,6.9,0,bench,5,2024,9.9
1,Trey Sermon,RB,8,2.4000000000000004,0,bench,4,2024,1.2
1,Romeo Doubs,WR,8,10.2,0,bench,3,2024,10.2
1,Aaron Rodgers,QB,8,17.32,0,bench,20,2024,14.9
2,Drake Maye,QB,8,11.52,0,bench,1,2024,16.7
2,Braelon Allen,RB,8,9.2,0,bench,1,2024,3.8
2,Ja'Lynn Polk,WR,8,0,0,bench,1,2024,0
2,Mike Evans,WR,8,0,0,bench,11,2024,0
2,Ezekiel Elliott,RB,8,10.8,0,bench,9,2024,0.9
2,Younghoe Koo,K,8,6,0,bench,8,2024,27
2,Brandon Aiyuk,WR,8,0,0,bench,5,2024,0
2,A.J. Dillon,RB,8,0,0,bench,5,2024,0
2,Antonio Gibson,RB,8,-0.29999999999999993,0,bench,5,2024,6
2,Isaiah Likely,TE,8,8.7,0,bench,3,2024,7.8
2,Green Bay Packers,DST,8,6,0,bench,NA,2024,22
3,Ray Davis,RB,8,2.9000000000000004,0,bench,1,2024,5.3
3,Adonai Mitchell,WR,8,1.9,0,bench,1,2024,3.1
3,Tyrone Tracy Jr.,RB,8,23,0,bench,1,2024,11.7
3,Mike Williams,WR,8,0,0,bench,8,2024,7.2
3,Curtis Samuel,WR,8,0,0,bench,8,2024,0
3,Allen Lazard,WR,8,0,0,bench,7,2024,0
3,Justice Hill,RB,8,2.9000000000000004,0,bench,6,2024,6.1
3,Miles Sanders,RB,8,11.5,0,bench,6,2024,4.9
3,Austin Seibert,K,8,12,0,bench,6,2024,29
3,Tua Tagovailoa,QB,8,11.66,0,bench,5,2024,15.3
3,Cole Kmet,TE,8,2.4000000000000004,0,bench,5,2024,11
3,Cam Akers,RB,8,0,0,bench,5,2024,0
3,Gabe Davis,WR,8,0,0,bench,5,2024,7.7
3,Will Levis,QB,8,0,0,bench,2,2024,0
4,Roschon Johnson,RB,8,6.6,0,bench,2,2024,4
4,Jordan Travis,QB,8,0,0,bench,1,2024,0
4,MarShawn Lloyd,RB,8,0,0,bench,1,2024,0
4,Trey Benson,RB,8,1,0,bench,1,2024,1.1
4,Malachi Corley,WR,8,0,0,bench,1,2024,0
4,Ricky Pearsall,WR,8,11.700000000000001,0,bench,1,2024,8.4
4,Derek Carr,QB,8,0,0,bench,11,2024,0
4,Dalton Schultz,TE,8,9.2,0,bench,7,2024,6.8
4,Khalil Shakir,WR,8,19.9,0,bench,3,2024,10.5
4,Jaylen Warren,RB,8,7.9,0,bench,3,2024,7.3
4,Bryce Young,QB,8,15.56,0,bench,2,2024,11.5
4,Dontayvion Wicks,WR,8,3.1,0,bench,2,2024,5.2
4,Jaxon Smith-Njigba,WR,8,12.9,0,bench,2,2024,14.9
4,Tyjae Spears,RB,8,0,0,bench,2,2024,0
4,Kendre Miller,RB,8,1.6,0,bench,2,2024,4.6
5,Jonathan Mingo,WR,8,0,0,bench,2,2024,3.4
5,J.J. McCarthy,QB,8,0,0,bench,1,2024,0
5,Xavier Legette,WR,8,13.4,0,bench,1,2024,9.9
5,Jonnu Smith,TE,8,6,0,bench,8,2024,6.5
5,Jamaal Williams,RB,8,0.4,0,bench,8,2024,0
5,Courtland Sutton,WR,8,17.12,0,bench,7,2024,10.8
5,Travis Etienne,RB,8,0,0,bench,4,2024,0
5,Khalil Herbert,RB,8,0,0,bench,4,2024,0
5,Ty Chandler,RB,8,0,0,bench,3,2024,6
5,Josh Downs,WR,8,22.2,0,bench,2,2024,11.2
5,Hendon Hooker,QB,8,0.24,0,bench,2,2024,0
6,Andrei Iosivas,WR,8,0,0,bench,2,2024,10.3
6,Michael Wilson,WR,8,14.1,0,bench,2,2024,8.2
6,Michael Penix Jr.,QB,8,0,0,bench,1,2024,0
6,Rome Odunze,WR,8,8.4,0,bench,1,2024,7.9
6,Xavier Worthy,WR,8,13.7,0,bench,1,2024,12.1
6,Jaylen Wright,RB,8,1.8,0,bench,1,2024,1.4
6,Dallas Goedert,TE,8,0,0,bench,7,2024,0
6,Gardner Minshew,QB,8,14.959999999999999,0,bench,6,2024,12.2
6,Devin Singletary,RB,8,4.300000000000001,0,bench,6,2024,7.6
6,Tank Dell,WR,8,13.5,0,bench,2,2024,10.5
7,Keon Coleman,WR,8,18,0,bench,1,2024,8.4
7,Kimani Vidal,RB,8,1.6,0,bench,1,2024,4.1
7,Isaac Guerendo,RB,8,19.2,0,bench,1,2024,1.1
7,Bub Means,WR,8,4.6,0,bench,1,2024,5.6
7,Devaughn Vele,WR,8,5.800000000000001,0,bench,1,2024,5.3
7,Dalvin Cook,RB,8,3.2,0,bench,8,2024,0
7,Hollywood Brown,WR,8,0,0,bench,6,2024,0
7,Rico Dowdle,RB,8,0,0,bench,5,2024,12.6
7,Nico Collins,WR,8,0,0,bench,4,2024,0
7,Tank Bigsby,RB,8,10.600000000000001,0,bench,2,2024,10.9
7,Puka Nacua,WR,8,18.1,0,bench,2,2024,7.6
7,Sean Tucker,RB,8,2.5,0,bench,2,2024,4.6
7,Zay Flowers,WR,8,18.5,0,bench,2,2024,16.2
8,Cedric Tillman,WR,8,28.9,0,bench,2,2024,9.5
8,Blake Corum,RB,8,2.8,0,bench,1,2024,2.8
8,Luke McCaffrey,WR,8,1.8,0,bench,1,2024,6.8
8,Christian Kirk,WR,8,7.9,0,bench,7,2024,8.4
8,Ray-Ray McCloud,WR,8,5.6000000000000005,0,bench,7,2024,6.8
8,T.J. Hockenson,TE,8,0,0,bench,6,2024,0
8,Alexander Mattison,RB,8,9.4,0,bench,6,2024,12.5
8,Joshua Palmer,WR,8,9.2,0,bench,4,2024,7.8
8,Tyler Allgeier,RB,8,3.3000000000000003,0,bench,3,2024,6.2
8,Alec Pierce,WR,8,2.1,0,bench,3,2024,5.1
8,Jerome Ford,RB,8,0,0,bench,3,2024,0
8,Trey Palmer,WR,8,4.9,0,bench,2,2024,8.4
8,Zach Charbonnet,RB,8,11.4,0,bench,2,2024,5.7
9,Dorian Thompson-Robinson,QB,8,0,0,bench,2,2024,0
9,Zach Ertz,TE,8,14.7,0,bench,12,2024,7.7
9,Marcus Mariota,QB,8,0,0,bench,10,2024,0
9,Sterling Shepard,WR,8,4.8,0,bench,9,2024,7.4
9,Christian McCaffrey,RB,8,0,0,bench,8,2024,0
9,Chris Godwin,WR,8,0,0,bench,8,2024,0
9,Taysom Hill,TE,8,6.220000000000001,0,bench,8,2024,6.5
9,Tyler Conklin,TE,8,13.2,0,bench,7,2024,6.3
9,Colby Parkinson,TE,8,3.7,0,bench,5,2024,7.4
9,Jauan Jennings,WR,8,0,0,bench,5,2024,0
9,Tutu Atwell,WR,8,2.8,0,bench,4,2024,8.5
9,Jalen Tolbert,WR,8,7.4,0,bench,3,2024,8.6
9,Cameron Dicker,K,8,8,0,bench,3,2024,18
9,DeMario Douglas,WR,8,3.2,0,bench,2,2024,11.5
9,Quentin Johnston,WR,8,0,0,bench,2,2024,0
10,Emanuel Wilson,RB,8,2.3,0,bench,2,2024,4.7
10,Jayden Daniels,QB,8,22.24,0,bench,1,2024,20.2
10,Ja'Tavion Sanders,TE,8,1.7000000000000002,0,bench,1,2024,7
10,DeAndre Hopkins,WR,8,4.9,0,bench,12,2024,7.7
10,Odell Beckham Jr.,WR,8,0,0,bench,10,2024,0
10,Jakobi Meyers,WR,8,17.2,0,bench,6,2024,10
10,Rashod Bateman,WR,8,3.8000000000000003,0,bench,4,2024,8.4
10,Justin Fields,QB,8,0,0,bench,4,2024,0
10,Christian Watson,WR,8,7.9,0,bench,3,2024,11.4
10,Isiah Pacheco,RB,8,0,0,bench,3,2024,0
10,Philadelphia Eagles,DST,8,9,0,bench,NA,2024,8
11,Tre Tucker,WR,8,5.300000000000001,0,bench,2,2024,5.3
11,Raheem Mostert,RB,8,16,0,bench,10,2024,6.6
11,Demarcus Robinson,WR,8,17.5,0,bench,9,2024,5.6
11,Deshaun Watson,QB,8,0,0,bench,8,2024,0
11,DK Metcalf,WR,8,0,0,bench,6,2024,0
11,Dawson Knox,TE,8,7,0,bench,6,2024,2.7
11,Kyle Pitts,TE,8,25.1,0,bench,4,2024,10.2
11,Rhamondre Stevenson,RB,8,21.5,0,bench,4,2024,10.9
11,Jahan Dotson,WR,8,0,0,bench,3,2024,3.3
11,Jameson Williams,WR,8,0,0,bench,3,2024,0
12,Rashee Rice,WR,8,0,0,bench,2,2024,0
12,Sam LaPorta,TE,8,16.8,0,bench,2,2024,9.4
12,Aidan O'Connell,QB,8,0,0,bench,2,2024,0
12,Carson Steele,RB,8,2.4000000000000004,0,bench,1,2024,1.2
12,Jonathon Brooks,RB,8,0,0,bench,1,2024,0
12,Roman Wilson,WR,8,0,0,bench,1,2024,0
12,Russell Wilson,QB,8,13.82,0,bench,13,2024,14.2
12,Brandon McManus,K,8,12,0,bench,12,2024,22
12,Brandin Cooks,WR,8,0,0,bench,11,2024,0
12,Aaron Jones,RB,8,11.5,0,bench,8,2024,15.3
12,Calvin Ridley,WR,8,22.6,0,bench,7,2024,9.7
12,Andy Dalton,QB,8,0,0,bench,14,2024,0
1,Jayden Reed,WR,9,16.3,0,bench,2,2024,14.4
1,Spencer Rattler,QB,9,0,0,bench,1,2024,0
1,Jalen McMillan,WR,9,0,0,bench,1,2024,11.9
1,Jordan Whittington,WR,9,0,0,bench,1,2024,0
1,Javon Baker,WR,9,0,0,bench,1,2024,0
1,Keenan Allen,WR,9,7.6,0,bench,12,2024,8.5
1,Adam Thielen,WR,9,0,0,bench,12,2024,0
1,Hunter Henry,TE,9,12.600000000000001,0,bench,9,2024,10.4
1,Dalvin Cook,RB,9,0.8,0,bench,8,2024,1.8
1,Jerry Jeudy,WR,9,14.3,0,bench,5,2024,12.3
1,Zack Moss,RB,9,0,0,bench,5,2024,0
1,Romeo Doubs,WR,9,6.800000000000001,0,bench,3,2024,10.9
1,Keaton Mitchell,RB,9,0,0,bench,2,2024,0
1,Aaron Rodgers,QB,9,20.339999999999996,0,bench,20,2024,14.5
2,Ja'Lynn Polk,WR,9,0,0,bench,1,2024,4.8
2,Mike Evans,WR,9,0,0,bench,11,2024,0
2,Ezekiel Elliott,RB,9,0,0,bench,9,2024,0
2,Harrison Butker,K,9,7,0,bench,8,2024,31
2,Deebo Samuel Sr.,WR,9,0,0,bench,6,2024,0
2,Darius Slayton,WR,9,9,0,bench,6,2024,8.9
2,A.J. Dillon,RB,9,0,0,bench,5,2024,0
2,Antonio Gibson,RB,9,2.1,0,bench,5,2024,5.9
2,Isaiah Likely,TE,9,0,0,bench,3,2024,7.5
2,Brock Purdy,QB,9,0,0,bench,3,2024,0
3,Ray Davis,RB,9,17,0,bench,1,2024,5.3
3,Adonai Mitchell,WR,9,3.2,0,bench,1,2024,3.4
3,Tyrone Tracy Jr.,RB,9,7.9,0,bench,1,2024,12.3
3,Mike Williams,WR,9,1.6,0,bench,8,2024,4.9
3,Allen Lazard,WR,9,0,0,bench,7,2024,0
3,Justice Hill,RB,9,8.8,0,bench,6,2024,5.8
3,Miles Sanders,RB,9,1,0,bench,6,2024,6
3,Austin Seibert,K,9,9,0,bench,6,2024,29
3,Tua Tagovailoa,QB,9,17.540000000000003,0,bench,5,2024,15
3,Cole Kmet,TE,9,0,0,bench,5,2024,9.7
3,Cam Akers,RB,9,7.300000000000001,0,bench,5,2024,0
3,Gabe Davis,WR,9,0,0,bench,5,2024,0
3,Will Levis,QB,9,0,0,bench,2,2024,0
3,San Francisco 49ers,DST,9,0,0,bench,NA,2024,0
4,Roschon Johnson,RB,9,4.1,0,bench,2,2024,3.8
4,Jaleel McLaughlin,RB,9,5,0,bench,2,2024,4.9
4,Jordan Travis,QB,9,0,0,bench,1,2024,0
4,MarShawn Lloyd,RB,9,0,0,bench,1,2024,0
4,Trey Benson,RB,9,12.5,0,bench,1,2024,1
4,Malachi Corley,WR,9,-0.19999999999999996,0,bench,1,2024,0
4,Ricky Pearsall,WR,9,0,0,bench,1,2024,0
4,Derek Carr,QB,9,13.44,0,bench,11,2024,16
4,Dalton Schultz,TE,9,5.1,0,bench,7,2024,9.9
4,Khalil Shakir,WR,9,11,0,bench,3,2024,11.4
4,Jaylen Warren,RB,9,0,0,bench,3,2024,0
4,Jordan Mason,RB,9,0,0,bench,3,2024,0
4,Bryce Young,QB,9,10.74,0,bench,2,2024,11.9
4,Dontayvion Wicks,WR,9,0,0,bench,2,2024,5.8
4,Tyjae Spears,RB,9,0,0,bench,2,2024,0
5,Jonathan Mingo,WR,9,0,0,bench,2,2024,3.3
5,J.J. McCarthy,QB,9,0,0,bench,1,2024,0
5,Bucky Irving,RB,9,6.4,0,bench,1,2024,12
5,Xavier Legette,WR,9,13.9,0,bench,1,2024,10.5
5,Stefon Diggs,WR,9,0,0,bench,10,2024,0
5,Wil Lutz,K,9,4,0,bench,9,2024,22
5,Jonnu Smith,TE,9,9.600000000000001,0,bench,8,2024,5.3
5,Jamaal Williams,RB,9,0,0,bench,8,2024,0
5,Diontae Johnson,WR,9,0,0,bench,6,2024,2.7
5,Travis Etienne,RB,9,5,0,bench,4,2024,9.4
5,Ty Chandler,RB,9,0,0,bench,3,2024,4.4
5,Hendon Hooker,QB,9,0,0,bench,2,2024,0
6,Andrei Iosivas,WR,9,8,0,bench,2,2024,7.9
6,Michael Wilson,WR,9,0,0,bench,2,2024,8.5
6,Michael Penix Jr.,QB,9,0,0,bench,1,2024,0
6,Rome Odunze,WR,9,15.4,0,bench,1,2024,6.7
6,Jaylen Wright,RB,9,1.8,0,bench,1,2024,1
6,Dallas Goedert,TE,9,0,0,bench,7,2024,0
6,Gardner Minshew,QB,9,2.96,0,bench,6,2024,12.9
6,Devin Singletary,RB,9,3.3000000000000003,0,bench,6,2024,2.4
6,Tee Higgins,WR,9,0,0,bench,5,2024,0
6,Tank Dell,WR,9,18.6,0,bench,2,2024,13.1
7,Braelon Allen,RB,9,0.9,0,bench,1,2024,4
7,Troy Franklin,WR,9,2.9000000000000004,0,bench,1,2024,5.3
7,Jalen Coker,WR,9,5.6,0,bench,1,2024,9.1
7,Kimani Vidal,RB,9,0.7000000000000001,0,bench,1,2024,4
7,Isaac Guerendo,RB,9,0,0,bench,1,2024,0
7,Devaughn Vele,WR,9,3.1,0,bench,1,2024,5.3
7,Nick Chubb,RB,9,4.5,0,bench,7,2024,10.1
7,Hollywood Brown,WR,9,0,0,bench,6,2024,0
7,Brandon Aiyuk,WR,9,0,0,bench,5,2024,0
7,Nico Collins,WR,9,0,0,bench,4,2024,0
7,Elijah Moore,WR,9,5.800000000000001,0,bench,4,2024,9.9
7,Tank Bigsby,RB,9,2.2,0,bench,2,2024,9.5
7,Sean Tucker,RB,9,2.7,0,bench,2,2024,3
8,Blake Corum,RB,9,-0.1,0,bench,1,2024,2.7
8,Luke McCaffrey,WR,9,0,0,bench,1,2024,6.8
8,Amari Cooper,WR,9,0,0,bench,10,2024,0
8,Christian Kirk,WR,9,0,0,bench,7,2024,0
8,Ray-Ray McCloud,WR,9,11.5,0,bench,7,2024,5.3
8,T.J. Hockenson,TE,9,5.7,0,bench,6,2024,10
8,Joshua Palmer,WR,9,14.3,0,bench,4,2024,9.7
8,Tyler Allgeier,RB,9,7.8,0,bench,3,2024,6.6
8,Rachaad White,RB,9,12.5,0,bench,3,2024,11.8
8,Alec Pierce,WR,9,7.1000000000000005,0,bench,3,2024,6.7
8,Jerome Ford,RB,9,1.7,0,bench,3,2024,0
8,Anthony Richardson,QB,9,0,0,bench,2,2024,0
8,Zach Charbonnet,RB,9,5.3,0,bench,2,2024,5.8
9,Joe Flacco,QB,9,4.0600000000000005,0,bench,17,2024,16.7
9,Tyler Lockett,WR,9,15.3,0,bench,10,2024,13.8
9,Christian McCaffrey,RB,9,0,0,bench,8,2024,0
9,Chris Godwin,WR,9,0,0,bench,8,2024,0
9,Taysom Hill,TE,9,16,0,bench,8,2024,6.6
9,Tyler Conklin,TE,9,0.7,0,bench,7,2024,7.2
9,Jauan Jennings,WR,9,0,0,bench,5,2024,0
9,Jalen Tolbert,WR,9,10.9,0,bench,3,2024,8.4
9,Parker Washington,WR,9,7.1000000000000005,0,bench,2,2024,8.7
9,Rakim Jarrett,WR,9,1.9,0,bench,2,2024,0
9,DeMario Douglas,WR,9,10.5,0,bench,2,2024,11.2
9,Quentin Johnston,WR,9,22,0,bench,2,2024,0
10,DeAndre Hopkins,WR,9,28.6,0,bench,12,2024,9.6
10,Odell Beckham Jr.,WR,9,4.5,0,bench,10,2024,0
10,George Kittle,TE,9,0,0,bench,8,2024,0
10,Mason Rudolph,QB,9,17.5,0,bench,7,2024,13.8
10,Jakobi Meyers,WR,9,18.5,0,bench,6,2024,12.3
10,Rashod Bateman,WR,9,5.5,0,bench,4,2024,9.7
10,Justin Fields,QB,9,0,0,bench,4,2024,0
10,Brian Robinson Jr.,RB,9,0,0,bench,3,2024,0
10,Christian Watson,WR,9,6.7,0,bench,3,2024,9.6
10,Isiah Pacheco,RB,9,0,0,bench,3,2024,0
10,Philadelphia Eagles,DST,9,7,0,bench,NA,2024,26
11,Tre Tucker,WR,9,2.5,0,bench,2,2024,5.5
11,Raheem Mostert,RB,9,8.8,0,bench,10,2024,6.5
11,Demarcus Robinson,WR,9,27.4,0,bench,9,2024,8.8
11,Deshaun Watson,QB,9,0,0,bench,8,2024,0
11,DK Metcalf,WR,9,0,0,bench,6,2024,0
11,Dawson Knox,TE,9,1.5,0,bench,6,2024,2.6
11,Najee Harris,RB,9,0,0,bench,4,2024,0
11,Kyle Pitts,TE,9,2.1,0,bench,4,2024,12.3
11,Jahan Dotson,WR,9,4.6,0,bench,3,2024,3.2
11,Jameson Williams,WR,9,0,0,bench,3,2024,0
12,Rashee Rice,WR,9,0,0,bench,2,2024,0
12,Carson Steele,RB,9,0.9,0,bench,1,2024,1.2
12,Jonathon Brooks,RB,9,0,0,bench,1,2024,0
12,Roman Wilson,WR,9,0,0,bench,1,2024,0
12,Russell Wilson,QB,9,0,0,bench,13,2024,0
12,Chris Boswell,K,9,0,0,bench,11,2024,0
12,Brandin Cooks,WR,9,0,0,bench,11,2024,0
12,Josh Jacobs,RB,9,12.8,0,bench,6,2024,15.6
12,Pat Freiermuth,TE,9,0,0,bench,4,2024,0
12,George Pickens,WR,9,0,0,bench,3,2024,0
12,Andy Dalton,QB,9,0,0,bench,14,2024,0
12,Pittsburgh Steelers,DST,9,0,0,bench,NA,2024,0
1,Jayden Reed,WR,10,0,0,bench,2,2024,0
1,Spencer Rattler,QB,10,0,0,bench,1,2024,0
1,Jalen McMillan,WR,10,0,0,bench,1,2024,11
1,Jordan Whittington,WR,10,0,0,bench,1,2024,0
1,Javon Baker,WR,10,0,0,bench,1,2024,0
1,Keenan Allen,WR,10,9.4,0,bench,12,2024,8
1,Adam Thielen,WR,10,0,0,bench,12,2024,0
1,Mark Andrews,TE,10,18.8,0,bench,7,2024,9.8
1,Jerry Jeudy,WR,10,0,0,bench,5,2024,0
1,Zack Moss,RB,10,0,0,bench,5,2024,0
1,Romeo Doubs,WR,10,0,0,bench,3,2024,0
1,Rashid Shaheed,WR,10,0,0,bench,3,2024,0
1,Keaton Mitchell,RB,10,0,0,bench,2,2024,0
1,Aaron Rodgers,QB,10,4.04,0,bench,20,2024,14.7
2,Ja'Lynn Polk,WR,10,7.2,0,bench,1,2024,3.1
2,Mike Evans,WR,10,0,0,bench,11,2024,0
2,Ezekiel Elliott,RB,10,0.20000000000000018,0,bench,9,2024,0
2,Patrick Mahomes,QB,10,16.54,0,bench,8,2024,18.3
2,Harrison Butker,K,10,10,0,bench,8,2024,31
2,Austin Ekeler,RB,10,18.099999999999998,0,bench,8,2024,13.2
2,Darius Slayton,WR,10,0,0,bench,6,2024,0
2,A.J. Dillon,RB,10,0,0,bench,5,2024,0
2,Antonio Gibson,RB,10,2.6,0,bench,5,2024,3.1
2,Isaiah Likely,TE,10,0,0,bench,3,2024,0
3,Ray Davis,RB,10,0.6000000000000001,0,bench,1,2024,5.2
3,Brock Bowers,TE,10,0,0,bench,1,2024,0
3,Adonai Mitchell,WR,10,12.100000000000001,0,bench,1,2024,7.5
3,Dak Prescott,QB,10,0,0,bench,9,2024,0
3,Allen Lazard,WR,10,0,0,bench,7,2024,0
3,Austin Seibert,K,10,0,0,bench,6,2024,0
3,Cam Akers,RB,10,5.700000000000001,0,bench,5,2024,4.2
3,Gabe Davis,WR,10,2.9000000000000004,0,bench,5,2024,0
3,Nick Westbrook-Ikhine,WR,10,6.1,0,bench,5,2024,9.3
3,Javonte Williams,RB,10,2.7,0,bench,4,2024,12.2
3,Kenneth Walker III,RB,10,0,0,bench,3,2024,0
3,Will Levis,QB,10,18.1,0,bench,2,2024,13.5
3,San Francisco 49ers,DST,10,3,0,bench,NA,2024,18
4,Chris Rodriguez Jr.,RB,10,0.4,0,bench,2,2024,2.5
4,Roschon Johnson,RB,10,1.1,0,bench,2,2024,3.7
4,MarShawn Lloyd,RB,10,0,0,bench,1,2024,0
4,Trey Benson,RB,10,10.7,0,bench,1,2024,1.5
4,Malachi Corley,WR,10,1.2,0,bench,1,2024,0
4,Ricky Pearsall,WR,10,17.3,0,bench,1,2024,6.5
4,Mason Tipton,WR,10,0,0,bench,1,2024,5.6
4,Dalton Schultz,TE,10,9.600000000000001,0,bench,7,2024,9.5
4,Khalil Herbert,RB,10,0,0,bench,4,2024,0
4,Chris Olave,WR,10,0,0,bench,3,2024,0
4,Jaylen Warren,RB,10,9.5,0,bench,3,2024,8.7
4,Jordan Mason,RB,10,0.5,0,bench,3,2024,5.8
4,Bryce Young,QB,10,12.04,0,bench,2,2024,11.3
4,Dontayvion Wicks,WR,10,0,0,bench,2,2024,0
4,Tyjae Spears,RB,10,8.1,0,bench,2,2024,8.6
5,Jonathan Mingo,WR,10,0,0,bench,2,2024,0
5,J.J. McCarthy,QB,10,0,0,bench,1,2024,0
5,Xavier Legette,WR,10,7,0,bench,1,2024,12
5,Geno Smith,QB,10,0,0,bench,12,2024,0
5,Stefon Diggs,WR,10,0,0,bench,10,2024,0
5,David Njoku,TE,10,0,0,bench,8,2024,0
5,Jamaal Williams,RB,10,0,0,bench,8,2024,0
5,Mike Gesicki,TE,10,7,0,bench,7,2024,11.3
5,Diontae Johnson,WR,10,1.6,0,bench,6,2024,2.5
5,Trevor Lawrence,QB,10,0,0,bench,4,2024,0
5,Travis Etienne,RB,10,5.300000000000001,0,bench,4,2024,8.5
5,Ty Chandler,RB,10,1.8,0,bench,3,2024,0
6,Andrei Iosivas,WR,10,4.9,0,bench,2,2024,8.2
6,Michael Wilson,WR,10,5.4,0,bench,2,2024,8.2
6,Michael Penix Jr.,QB,10,0,0,bench,1,2024,0
6,Rome Odunze,WR,10,5.300000000000001,0,bench,1,2024,8.7
6,Xavier Worthy,WR,10,2.1,0,bench,1,2024,10.4
6,Jaylen Wright,RB,10,0.30000000000000004,0,bench,1,2024,0.8
6,Gardner Minshew,QB,10,0,0,bench,6,2024,0
6,Devin Singletary,RB,10,5.5,0,bench,6,2024,2.3
6,Tee Higgins,WR,10,0,0,bench,5,2024,0
6,Noah Gray,TE,10,3.8,0,bench,4,2024,4.9
7,Braelon Allen,RB,10,4.4,0,bench,1,2024,3.9
7,Troy Franklin,WR,10,1.9,0,bench,1,2024,4.4
7,Keon Coleman,WR,10,0,0,bench,1,2024,0
7,Jalen Coker,WR,10,7.1000000000000005,0,bench,1,2024,8.4
7,Kimani Vidal,RB,10,0,0,bench,1,2024,3.9
7,Isaac Guerendo,RB,10,0,0,bench,1,2024,0.9
7,Joe Flacco,QB,10,13.880000000000003,0,bench,17,2024,15.3
7,Hollywood Brown,WR,10,0,0,bench,6,2024,0
7,Brandon Aiyuk,WR,10,0,0,bench,5,2024,0
7,Nico Collins,WR,10,0,0,bench,4,2024,2
7,Elijah Moore,WR,10,0,0,bench,4,2024,0
7,Tank Bigsby,RB,10,0.4,0,bench,2,2024,8.8
7,Sean Tucker,RB,10,0,0,bench,2,2024,2.9
8,Cedric Tillman,WR,10,0,0,bench,2,2024,0
8,Blake Corum,RB,10,2.5,0,bench,1,2024,1.1
8,Luke McCaffrey,WR,10,3.3000000000000003,0,bench,1,2024,5.6
8,Will Reichard,K,10,0,0,bench,1,2024,0
8,Amari Cooper,WR,10,0,0,bench,10,2024,0
8,Sterling Shepard,WR,10,2,0,bench,9,2024,8.3
8,Christian Kirk,WR,10,0,0,bench,7,2024,0
8,Ray-Ray McCloud,WR,10,6.6,0,bench,7,2024,5.1
8,Alexander Mattison,RB,10,0,0,bench,6,2024,0
8,Joshua Palmer,WR,10,4.6,0,bench,4,2024,8.4
8,Tyler Allgeier,RB,10,5.9,0,bench,3,2024,6.3
8,Jerome Ford,RB,10,0,0,bench,3,2024,0
8,Anthony Richardson,QB,10,0,0,bench,2,2024,0
8,Zach Charbonnet,RB,10,0,0,bench,2,2024,0
9,Theo Johnson,TE,10,7.7,0,bench,1,2024,7
9,Zach Ertz,TE,10,7.1,0,bench,12,2024,9.2
9,Jameis Winston,QB,10,0,0,bench,10,2024,0
9,Tyler Lockett,WR,10,0,0,bench,10,2024,0
9,Chris Godwin,WR,10,0,0,bench,8,2024,0
9,Cooper Rush,QB,10,-2,0,bench,8,2024,12
9,Nick Chubb,RB,10,0,0,bench,7,2024,0
9,Jauan Jennings,WR,10,16.3,0,bench,5,2024,10.8
9,Jalen Tolbert,WR,10,4.4,0,bench,3,2024,7.6
9,Jaxon Smith-Njigba,WR,10,0,0,bench,2,2024,0
9,DeMario Douglas,WR,10,9,0,bench,2,2024,11
9,Quentin Johnston,WR,10,10.4,0,bench,2,2024,11.4
10,Ja'Tavion Sanders,TE,10,8.8,0,bench,1,2024,6.5
10,DeAndre Hopkins,WR,10,9.600000000000001,0,bench,12,2024,12.9
10,Odell Beckham Jr.,WR,10,3.7,0,bench,10,2024,0
10,Mason Rudolph,QB,10,0,0,bench,7,2024,13.8
10,Jakobi Meyers,WR,10,0,0,bench,6,2024,0
10,Rashod Bateman,WR,10,17.4,0,bench,4,2024,8.2
10,Justin Fields,QB,10,0,0,bench,4,2024,0
10,Brian Robinson Jr.,RB,10,0,0,bench,3,2024,0
10,Christian Watson,WR,10,0,0,bench,3,2024,0
10,Isiah Pacheco,RB,10,0,0,bench,3,2024,0
10,Kansas City Chiefs,DST,10,5,0,bench,NA,2024,28
11,Tre Tucker,WR,10,0,0,bench,2,2024,0
11,Raheem Mostert,RB,10,5.4,0,bench,10,2024,6.7
11,Demarcus Robinson,WR,10,3.3000000000000003,0,bench,9,2024,9.1
11,Deshaun Watson,QB,10,0,0,bench,8,2024,0
11,DK Metcalf,WR,10,0,0,bench,6,2024,0
11,Dawson Knox,TE,10,6,0,bench,6,2024,2.6
11,Michael Pittman Jr.,WR,10,0,0,bench,5,2024,0
11,Kyle Pitts,TE,10,9.5,0,bench,4,2024,12
11,Jahan Dotson,WR,10,3.7,0,bench,3,2024,3.1
11,Tucker Kraft,TE,10,0,0,bench,2,2024,0
12,Rashee Rice,WR,10,0,0,bench,2,2024,0
12,Carson Steele,RB,10,0.30000000000000004,0,bench,1,2024,1.3
12,Jonathon Brooks,RB,10,0,0,bench,1,2024,1
12,Roman Wilson,WR,10,0,0,bench,1,2024,0
12,Brandon McManus,K,10,0,0,bench,12,2024,0
12,Brandin Cooks,WR,10,0,0,bench,11,2024,0
12,Noah Brown,WR,10,6.300000000000001,0,bench,8,2024,7.4
12,Calvin Ridley,WR,10,25.4,0,bench,7,2024,12.6
12,Josh Jacobs,RB,10,0,0,bench,6,2024,0
12,Jordan Love,QB,10,0,0,bench,5,2024,0
12,Pat Freiermuth,TE,10,10.7,0,bench,4,2024,9.3
12,Cincinnati Bengals,DST,10,-4,0,bench,NA,2024,11
1,Jayden Reed,WR,11,9.8,0,bench,2,2024,13.6
1,Spencer Rattler,QB,11,0,0,bench,1,2024,0
1,Audric Estime,RB,11,0,0,bench,1,2024,7.3
1,Javon Baker,WR,11,0,0,bench,1,2024,0
1,Keenan Allen,WR,11,8.100000000000001,0,bench,12,2024,8.2
1,Adam Thielen,WR,11,0,0,bench,12,2024,0
1,Hunter Henry,TE,11,12.3,0,bench,9,2024,12
1,Kyler Murray,QB,11,0,0,bench,6,2024,0
1,Jerry Jeudy,WR,11,26.200000000000003,0,bench,5,2024,13
1,Zack Moss,RB,11,0,0,bench,5,2024,0
1,Romeo Doubs,WR,11,2.7,0,bench,3,2024,11.7
1,Rashid Shaheed,WR,11,0,0,bench,3,2024,0
1,Keaton Mitchell,RB,11,0,0,bench,2,2024,0
1,Arizona Cardinals,DST,11,0,0,bench,NA,2024,0
1,New Orleans Saints,DST,11,4,0,bench,NA,2024,12
2,Ja'Lynn Polk,WR,11,0,0,bench,1,2024,2.9
2,Mike Evans,WR,11,0,0,bench,11,2024,0
2,Ezekiel Elliott,RB,11,5.4,0,bench,9,2024,1.5
2,Harrison Butker,K,11,0,0,bench,8,2024,0
2,Austin Ekeler,RB,11,17.6,0,bench,8,2024,10.6
2,Daniel Jones,QB,11,0,0,bench,6,2024,0
2,Darius Slayton,WR,11,0,0,bench,6,2024,0
2,A.J. Dillon,RB,11,0,0,bench,5,2024,0
2,Antonio Gibson,RB,11,3,0,bench,5,2024,2.9
2,Isaiah Likely,TE,11,9.5,0,bench,3,2024,4.7
3,Ray Davis,RB,11,1.1,0,bench,1,2024,4.6
3,Adonai Mitchell,WR,11,4.5,0,bench,1,2024,8.5
3,Tyrone Tracy Jr.,RB,11,0,0,bench,1,2024,0
3,Dak Prescott,QB,11,0,0,bench,9,2024,0
3,Allen Lazard,WR,11,0,0,bench,7,2024,0
3,Justice Hill,RB,11,8.1,0,bench,6,2024,5.6
3,Austin Seibert,K,11,0,0,bench,6,2024,0
3,Cole Kmet,TE,11,7.2,0,bench,5,2024,7.7
3,Cam Akers,RB,11,11.6,0,bench,5,2024,5
3,Gabe Davis,WR,11,1.3,0,bench,5,2024,0
3,Nick Westbrook-Ikhine,WR,11,19.700000000000003,0,bench,5,2024,9
3,Will Levis,QB,11,16.6,0,bench,2,2024,12.5
3,Chicago Bears,DST,11,4,0,bench,NA,2024,9
4,Roschon Johnson,RB,11,11.100000000000001,0,bench,2,2024,3.6
4,MarShawn Lloyd,RB,11,0,0,bench,1,2024,0
4,Trey Benson,RB,11,0,0,bench,1,2024,0
4,Malachi Corley,WR,11,2,0,bench,1,2024,0
4,Ricky Pearsall,WR,11,0,0,bench,1,2024,8.7
4,Marquez Valdes-Scantling,WR,11,16.700000000000003,0,bench,7,2024,6.9
4,Khalil Herbert,RB,11,0,0,bench,4,2024,0
4,Trey McBride,TE,11,0,0,bench,3,2024,0
4,Chris Olave,WR,11,0,0,bench,3,2024,0
4,John Metchie III,WR,11,6.300000000000001,0,bench,3,2024,0
4,Jordan Mason,RB,11,1.3,0,bench,3,2024,3.9
4,Bryce Young,QB,11,0,0,bench,2,2024,0
4,Dontayvion Wicks,WR,11,0,0,bench,2,2024,4.7
4,Tyjae Spears,RB,11,2.8,0,bench,2,2024,7
4,Quentin Johnston,WR,11,12.8,0,bench,2,2024,11.4
5,J.J. McCarthy,QB,11,0,0,bench,1,2024,0
5,Bucky Irving,RB,11,0,0,bench,1,2024,0
5,Marvin Harrison Jr.,WR,11,0,0,bench,1,2024,0
5,Stefon Diggs,WR,11,0,0,bench,10,2024,0
5,Jonnu Smith,TE,11,28.1,0,bench,8,2024,7
5,Jamaal Williams,RB,11,0,0,bench,8,2024,0
5,Mike Gesicki,TE,11,0,0,bench,7,2024,7.5
5,Diontae Johnson,WR,11,0,0,bench,6,2024,2.4
5,Trevor Lawrence,QB,11,0,0,bench,4,2024,0
5,Mac Jones,QB,11,5.220000000000001,0,bench,4,2024,12
5,Ty Chandler,RB,11,0,0,bench,3,2024,0
6,Andrei Iosivas,WR,11,7.6000000000000005,0,bench,2,2024,4.7
6,Tommy DeVito,QB,11,0,0,bench,2,2024,0
6,Michael Penix Jr.,QB,11,0.96,0,bench,1,2024,0
6,Rome Odunze,WR,11,12.5,0,bench,1,2024,8.2
6,Xavier Worthy,WR,11,16.8,0,bench,1,2024,10.6
6,Jaylen Wright,RB,11,1.5999999999999999,0,bench,1,2024,1.8
6,Tony Pollard,RB,11,4.9,0,bench,6,2024,13.8
6,Gardner Minshew,QB,11,18.98,0,bench,6,2024,11.9
6,Devin Singletary,RB,11,0,0,bench,6,2024,0
6,Darnell Mooney,WR,11,4.7,0,bench,5,2024,13.6
6,Noah Gray,TE,11,18.3,0,bench,4,2024,4.6
7,AJ Barner,TE,11,3.5,0,bench,1,2024,4.5
7,Jalen McMillan,WR,11,0,0,bench,1,2024,0
7,Troy Franklin,WR,11,9.5,0,bench,1,2024,4.8
7,Keon Coleman,WR,11,0,0,bench,1,2024,0
7,Jalen Coker,WR,11,0,0,bench,1,2024,0
7,Kimani Vidal,RB,11,0,0,bench,1,2024,0
7,Isaac Guerendo,RB,11,0,0,bench,1,2024,0
7,James Conner,RB,11,0,0,bench,8,2024,0
7,Hollywood Brown,WR,11,0,0,bench,6,2024,0
7,Rico Dowdle,RB,11,5.4,0,bench,5,2024,13.4
7,Elijah Moore,WR,11,18.6,0,bench,4,2024,11.7
7,Kayshon Boutte,WR,11,7.300000000000001,0,bench,2,2024,7.6
8,Michael Wilson,WR,11,0,0,bench,2,2024,0
8,Blake Corum,RB,11,3.8000000000000003,0,bench,1,2024,0.9
8,Xavier Legette,WR,11,0,0,bench,1,2024,0
8,Luke McCaffrey,WR,11,0,0,bench,1,2024,5.3
8,Will Reichard,K,11,0,0,bench,1,2024,0
8,Evan Engram,TE,11,7.800000000000001,0,bench,8,2024,12.1
8,Christian Kirk,WR,11,0,0,bench,7,2024,0
8,Chuba Hubbard,RB,11,0,0,bench,4,2024,0
8,Jalen Tolbert,WR,11,4.1,0,bench,3,2024,7.3
8,Tyler Allgeier,RB,11,0.9,0,bench,3,2024,6.3
8,Rachaad White,RB,11,0,0,bench,3,2024,0
8,Anthony Richardson,QB,11,27.080000000000002,0,bench,2,2024,16.8
8,Zach Charbonnet,RB,11,2.5,0,bench,2,2024,3.8
8,Jordan Addison,WR,11,15.100000000000001,0,bench,2,2024,10.7
9,Dalton Kincaid,TE,11,0,0,bench,2,2024,0
9,Caleb Williams,QB,11,16.240000000000002,0,bench,1,2024,14.9
9,Braelon Allen,RB,11,0.6000000000000001,0,bench,1,2024,3.8
9,Theo Johnson,TE,11,0,0,bench,1,2024,0
9,Malik Nabers,WR,11,0,0,bench,1,2024,0
9,Zach Ertz,TE,11,16.7,0,bench,12,2024,9.4
9,Chris Godwin,WR,11,0,0,bench,8,2024,0
9,Gus Edwards,RB,11,2.7,0,bench,7,2024,4
9,Brandon Aiyuk,WR,11,0,0,bench,5,2024,0
9,Alec Pierce,WR,11,10.4,0,bench,3,2024,8.7
9,Jaylen Warren,RB,11,10.8,0,bench,3,2024,9.4
9,Tank Bigsby,RB,11,0,0,bench,2,2024,0
10,Ja'Tavion Sanders,TE,11,0,0,bench,1,2024,0
10,DeAndre Hopkins,WR,11,5.9,0,bench,12,2024,13.3
10,Odell Beckham Jr.,WR,11,3.3,0,bench,10,2024,0
10,George Kittle,TE,11,0,0,bench,8,2024,0
10,Mason Rudolph,QB,11,0,0,bench,7,2024,0
10,Rashod Bateman,WR,11,5,0,bench,4,2024,9.7
10,Justin Fields,QB,11,1.7000000000000002,0,bench,4,2024,0
10,Brian Robinson Jr.,RB,11,14.200000000000001,0,bench,3,2024,11.1
10,Christian Watson,WR,11,19,0,bench,3,2024,10.6
10,Isiah Pacheco,RB,11,0,0,bench,3,2024,0
10,Philadelphia Eagles,DST,11,7,0,bench,NA,2024,19
11,Tre Tucker,WR,11,6.5,0,bench,2,2024,5.4
11,Raheem Mostert,RB,11,-0.2,0,bench,10,2024,4.9
11,Demarcus Robinson,WR,11,3.9000000000000004,0,bench,9,2024,9
11,Drew Lock,QB,11,0,0,bench,6,2024,0
11,Michael Pittman Jr.,WR,11,9.600000000000001,0,bench,5,2024,0
11,Jaylen Waddle,WR,11,5.7,0,bench,4,2024,10.2
11,Cade Otton,TE,11,0,0,bench,3,2024,0
11,Jahan Dotson,WR,11,1.8,0,bench,3,2024,2.8
11,Tucker Kraft,TE,11,0,0,bench,2,2024,10.8
11,Tampa Bay Buccaneers,DST,11,0,0,bench,NA,2024,0
12,Rashee Rice,WR,11,0,0,bench,2,2024,0
12,Sam LaPorta,TE,11,0,0,bench,2,2024,0
12,Carson Steele,RB,11,1.7,0,bench,1,2024,1.2
12,Jonathon Brooks,RB,11,0,0,bench,1,2024,0
12,Roman Wilson,WR,11,0,0,bench,1,2024,0
12,Brandon McManus,K,11,2,0,bench,12,2024,32
12,Brandin Cooks,WR,11,0,0,bench,11,2024,0
12,Aaron Jones,RB,11,4.300000000000001,0,bench,8,2024,14.3
12,Noah Brown,WR,11,1.4,0,bench,8,2024,7.9
12,Baker Mayfield,QB,11,0,0,bench,7,2024,0
12,Calvin Austin III,WR,11,0.9,0,bench,3,2024,8.2
12,Wan'Dale Robinson,WR,11,0,0,bench,3,2024,0
12,Pittsburgh Steelers,DST,11,11,0,bench,NA,2024,18
1,Spencer Rattler,QB,12,0,0,bench,1,2024,0
1,Audric Estime,RB,12,0,0,bench,1,2024,4.8
1,Javon Baker,WR,12,0,0,bench,1,2024,0
1,Keenan Allen,WR,12,22.6,0,bench,12,2024,7.9
1,Adam Thielen,WR,12,8.7,0,bench,12,2024,8
1,Hunter Henry,TE,12,9.4,0,bench,9,2024,12.1
1,Jerry Jeudy,WR,12,14.5,0,bench,5,2024,12.3
1,Zack Moss,RB,12,0,0,bench,5,2024,0
1,DeVonta Smith,WR,12,0,0,bench,4,2024,0
1,Ja'Marr Chase,WR,12,0,0,bench,4,2024,0
1,Rashid Shaheed,WR,12,0,0,bench,3,2024,0
1,Keaton Mitchell,RB,12,0,0,bench,2,2024,0
1,Aaron Rodgers,QB,12,0,0,bench,20,2024,0
1,Arizona Cardinals,DST,12,12,0,bench,NA,2024,15
2,Ja'Lynn Polk,WR,12,1.7000000000000002,0,bench,1,2024,2.9
2,Austin Ekeler,RB,12,3.4000000000000004,0,bench,8,2024,10.1
2,Younghoe Koo,K,12,0,0,bench,8,2024,0
2,Darius Slayton,WR,12,0,0,bench,6,2024,8.4
2,A.J. Dillon,RB,12,0,0,bench,5,2024,0
2,Antonio Gibson,RB,12,5.5,0,bench,5,2024,3
2,Drake London,WR,12,0,0,bench,3,2024,0
2,Isaiah Likely,TE,12,0,0,bench,3,2024,7.3
2,Brock Purdy,QB,12,0,0,bench,3,2024,0
2,Buffalo Bills,DST,12,0,0,bench,NA,2024,0
3,Ray Davis,RB,12,0,0,bench,1,2024,0
3,Adonai Mitchell,WR,12,2,0,bench,1,2024,0
3,Dak Prescott,QB,12,0,0,bench,9,2024,0
3,Allen Lazard,WR,12,0,0,bench,7,2024,0
3,Justice Hill,RB,12,14.2,0,bench,6,2024,5.6
3,Austin Seibert,K,12,6,0,bench,6,2024,25
3,Cole Kmet,TE,12,13.4,0,bench,5,2024,7.2
3,Cam Akers,RB,12,3.5000000000000004,0,bench,5,2024,5.4
3,Gabe Davis,WR,12,0,0,bench,5,2024,0
3,Nick Westbrook-Ikhine,WR,12,12.8,0,bench,5,2024,10.1
3,Javonte Williams,RB,12,2.4000000000000004,0,bench,4,2024,12
3,Will Levis,QB,12,17.12,0,bench,2,2024,13.6
3,San Francisco 49ers,DST,12,-2,0,bench,NA,2024,19
4,MarShawn Lloyd,RB,12,0,0,bench,1,2024,0
4,Trey Benson,RB,12,1.8,0,bench,1,2024,3.8
4,Malachi Corley,WR,12,0,0,bench,1,2024,0
4,Ricky Pearsall,WR,12,0,0,bench,1,2024,5.1
4,Devaughn Vele,WR,12,14,0,bench,1,2024,8.9
4,Dalton Schultz,TE,12,4,0,bench,7,2024,7.7
4,Daniel Jones,QB,12,0,0,bench,6,2024,0
4,Joe Burrow,QB,12,0,0,bench,5,2024,0
4,James Cook,RB,12,0,0,bench,3,2024,0
4,Chris Olave,WR,12,0,0,bench,3,2024,0
4,John Metchie III,WR,12,1.6,0,bench,3,2024,0
4,Jordan Mason,RB,12,1.3,0,bench,3,2024,1
4,Dontayvion Wicks,WR,12,3.5,0,bench,2,2024,3.4
4,Tyjae Spears,RB,12,0,0,bench,2,2024,0
4,Quentin Johnston,WR,12,0,0,bench,2,2024,12.3
5,J.J. McCarthy,QB,12,0,0,bench,1,2024,0
5,Marvin Harrison Jr.,WR,12,7.7,0,bench,1,2024,13.1
5,Geno Smith,QB,12,12.36,0,bench,12,2024,16.9
5,Stefon Diggs,WR,12,0,0,bench,10,2024,0
5,Jonnu Smith,TE,12,23.700000000000003,0,bench,8,2024,10.4
5,Harrison Butker,K,12,0,0,bench,8,2024,0
5,Mike Gesicki,TE,12,0,0,bench,7,2024,0
5,Diontae Johnson,WR,12,0,0,bench,6,2024,2.1
5,Travis Etienne,RB,12,0,0,bench,4,2024,0
5,Ty Chandler,RB,12,0,0,bench,3,2024,0
5,Cincinnati Bengals,DST,12,0,0,bench,NA,2024,0
6,Andrei Iosivas,WR,12,0,0,bench,2,2024,0
6,Michael Penix Jr.,QB,12,0,0,bench,1,2024,0
6,Rome Odunze,WR,12,8.9,0,bench,1,2024,9
6,Xavier Worthy,WR,12,9.100000000000001,0,bench,1,2024,11
6,Jaylen Wright,RB,12,0.8000000000000003,0,bench,1,2024,2.8
6,Kirk Cousins,QB,12,0,0,bench,13,2024,0
6,Josh Allen,QB,12,0,0,bench,7,2024,0
6,Devin Singletary,RB,12,9,0,bench,6,2024,1.4
6,Tee Higgins,WR,12,0,0,bench,5,2024,0
6,Darnell Mooney,WR,12,0,0,bench,5,2024,0
7,AJ Barner,TE,12,4.9,0,bench,1,2024,4.4
7,Troy Franklin,WR,12,5.1,0,bench,1,2024,3.3
7,Keon Coleman,WR,12,0,0,bench,1,2024,0
7,Jalen Coker,WR,12,0,0,bench,1,2024,0
7,Kimani Vidal,RB,12,0,0,bench,1,2024,0
7,Isaac Guerendo,RB,12,0,0,bench,1,2024,0
7,Hollywood Brown,WR,12,0,0,bench,6,2024,0
7,Rico Dowdle,RB,12,10.8,0,bench,5,2024,10.5
7,Elijah Moore,WR,12,5.1,0,bench,4,2024,11.2
7,Garrett Wilson,WR,12,0,0,bench,3,2024,0
7,Kayshon Boutte,WR,12,1.6,0,bench,2,2024,7.4
7,Bijan Robinson,RB,12,0,0,bench,2,2024,0
7,Atlanta Falcons,DST,12,0,0,bench,NA,2024,0
7,New Orleans Saints,DST,12,0,0,bench,NA,2024,0
8,Michael Wilson,WR,12,7.4,0,bench,2,2024,7.9
8,Blake Corum,RB,12,0.5,0,bench,1,2024,2.4
8,Luke McCaffrey,WR,12,1.8,0,bench,1,2024,5.1
8,Amari Cooper,WR,12,0,0,bench,10,2024,0
8,Tyler Lockett,WR,12,4,0,bench,10,2024,5.7
8,Evan Engram,TE,12,0,0,bench,8,2024,0
8,Christian Kirk,WR,12,0,0,bench,7,2024,0
8,Alexander Mattison,RB,12,0,0,bench,6,2024,0
8,Jalen Tolbert,WR,12,10.2,0,bench,3,2024,6.1
8,Tyler Allgeier,RB,12,0,0,bench,3,2024,0
8,Jerome Ford,RB,12,3.7,0,bench,3,2024,6.5
8,Anthony Richardson,QB,12,11.98,0,bench,2,2024,18.2
8,Zach Charbonnet,RB,12,2.2,0,bench,2,2024,3.6
9,Dalton Kincaid,TE,12,0,0,bench,2,2024,0
9,Braelon Allen,RB,12,0,0,bench,1,2024,0
9,Theo Johnson,TE,12,6.9,0,bench,1,2024,7.5
9,Derek Carr,QB,12,0,0,bench,11,2024,0
9,Chris Godwin,WR,12,0,0,bench,8,2024,0
9,Taysom Hill,TE,12,0,0,bench,8,2024,0
9,Marquez Valdes-Scantling,WR,12,0,0,bench,7,2024,0
9,Brandon Aiyuk,WR,12,0,0,bench,5,2024,0
9,Khalil Shakir,WR,12,0,0,bench,3,2024,0
9,Alec Pierce,WR,12,4.9,0,bench,3,2024,8.5
9,Tank Bigsby,RB,12,0,0,bench,2,2024,0
9,DeMario Douglas,WR,12,11.3,0,bench,2,2024,11.4
10,Ja'Tavion Sanders,TE,12,7.9,0,bench,1,2024,8
10,Odell Beckham Jr.,WR,12,0,0,bench,10,2024,0
10,Davante Adams,WR,12,0,0,bench,11,2024,0
10,Alvin Kamara,RB,12,0,0,bench,8,2024,0
10,Mason Rudolph,QB,12,0,0,bench,7,2024,0
10,Rashod Bateman,WR,12,12.3,0,bench,4,2024,9.9
10,Justin Fields,QB,12,2.6,0,bench,4,2024,0
10,Christian Watson,WR,12,0.4,0,bench,3,2024,10.7
10,Isiah Pacheco,RB,12,0,0,bench,3,2024,0
10,Chase Brown,RB,12,0,0,bench,2,2024,0
10,Philadelphia Eagles,DST,12,12,0,bench,NA,2024,23
11,Tre Tucker,WR,12,15.200000000000001,0,bench,2,2024,5.6
11,Brian Thomas Jr.,WR,12,0,0,bench,1,2024,0
11,Demarcus Robinson,WR,12,9.5,0,bench,9,2024,8.8
11,Drew Lock,QB,12,0.12,0,bench,6,2024,0
11,Michael Pittman Jr.,WR,12,15.600000000000001,0,bench,5,2024,9.7
11,Tyler Bass,K,12,0,0,bench,5,2024,0
11,Kyle Pitts,TE,12,0,0,bench,4,2024,0
11,Breece Hall,RB,12,0,0,bench,3,2024,0
11,Tucker Kraft,TE,12,10.6,0,bench,2,2024,10.1
11,Green Bay Packers,DST,12,17,0,bench,NA,2024,21
12,Rashee Rice,WR,12,0,0,bench,2,2024,0
12,Sam LaPorta,TE,12,4.9,0,bench,2,2024,10
12,Carson Steele,RB,12,2.3,0,bench,1,2024,0.9
12,Jonathon Brooks,RB,12,0.7000000000000001,0,bench,1,2024,4.6
12,Roman Wilson,WR,12,0,0,bench,1,2024,0
12,Brandon McManus,K,12,10,0,bench,12,2024,30
12,Brandin Cooks,WR,12,0,0,bench,11,2024,0
12,Aaron Jones,RB,12,19.900000000000002,0,bench,8,2024,13.3
12,Baker Mayfield,QB,12,17.66,0,bench,7,2024,17.3
12,Wan'Dale Robinson,WR,12,9.7,0,bench,3,2024,11.7
12,Tyquan Thornton,WR,12,0,0,bench,3,2024,0
12,Pittsburgh Steelers,DST,12,10,0,bench,NA,2024,32
1,Spencer Rattler,QB,13,0,0,bench,1,2024,0
1,Audric Estime,RB,13,0,0,bench,1,2024,4.8
1,Javon Baker,WR,13,0,0,bench,1,2024,0
1,Keenan Allen,WR,13,24.3,0,bench,12,2024,9.9
1,Adam Thielen,WR,13,23.9,0,bench,12,2024,9.7
1,Kareem Hunt,RB,13,3.5,0,bench,8,2024,7.7
1,Mark Andrews,TE,13,18.9,0,bench,7,2024,10.6
1,Jerry Jeudy,WR,13,38.5,0,bench,5,2024,13.7
1,Zack Moss,RB,13,0,0,bench,5,2024,0
1,DeVonta Smith,WR,13,0,0,bench,4,2024,2
1,Romeo Doubs,WR,13,0,0,bench,3,2024,0
1,Rashid Shaheed,WR,13,0,0,bench,3,2024,0
1,Aaron Rodgers,QB,13,15,0,bench,20,2024,13.2
1,Miami Dolphins,DST,13,-1,0,bench,NA,2024,14
2,Spencer Shrader,K,13,0,0,bench,1,2024,0
2,Brandon Allen,QB,13,0,0,bench,9,2024,0
2,Austin Ekeler,RB,13,0,0,bench,8,2024,0
2,Deebo Samuel Sr.,WR,13,6,0,bench,6,2024,12.1
2,Darius Slayton,WR,13,2.8,0,bench,6,2024,8.2
2,J.K. Dobbins,RB,13,0,0,bench,5,2024,0
2,A.J. Dillon,RB,13,0,0,bench,5,2024,0
2,Isaiah Likely,TE,13,14.8,0,bench,3,2024,6
2,Buffalo Bills,DST,13,11,0,bench,NA,2024,22
2,Cleveland Browns,DST,13,3,0,bench,NA,2024,8
3,Ray Davis,RB,13,13.700000000000001,0,bench,1,2024,2.3
3,Adonai Mitchell,WR,13,0,0,bench,1,2024,6.3
3,Dak Prescott,QB,13,0,0,bench,9,2024,0
3,Allen Lazard,WR,13,0,0,bench,7,2024,0
3,Justice Hill,RB,13,6.1,0,bench,6,2024,5.9
3,Austin Seibert,K,13,0,0,bench,6,2024,0
3,Cole Kmet,TE,13,5.6,0,bench,5,2024,9.3
3,Cam Akers,RB,13,2.2,0,bench,5,2024,4.8
3,Gabe Davis,WR,13,0,0,bench,5,2024,0
3,Nick Westbrook-Ikhine,WR,13,21.1,0,bench,5,2024,10.8
3,Javonte Williams,RB,13,7.3999999999999995,0,bench,4,2024,11.5
3,Will Levis,QB,13,15.18,0,bench,2,2024,14.9
3,San Francisco 49ers,DST,13,-4,0,bench,NA,2024,7
4,Roschon Johnson,RB,13,0,0,bench,2,2024,4.8
4,MarShawn Lloyd,RB,13,0,0,bench,1,2024,0
4,Trey Benson,RB,13,2,0,bench,1,2024,3.7
4,Malachi Corley,WR,13,0.8,0,bench,1,2024,0
4,Ricky Pearsall,WR,13,0,0,bench,1,2024,6.7
4,Devaughn Vele,WR,13,2.6,0,bench,1,2024,10.1
4,Jeremy McNichols,RB,13,3.2,0,bench,8,2024,6.4
4,Dalton Schultz,TE,13,17.1,0,bench,7,2024,6.8
4,Daniel Jones,QB,13,0,0,bench,6,2024,0
4,Chris Olave,WR,13,0,0,bench,3,2024,0
4,Jordan Mason,RB,13,7.800000000000001,0,bench,3,2024,1.1
4,Bryce Young,QB,13,23.62,0,bench,2,2024,13.1
4,Dontayvion Wicks,WR,13,7,0,bench,2,2024,5.4
4,Tyjae Spears,RB,13,0.30000000000000004,0,bench,2,2024,5.7
4,Quentin Johnston,WR,13,3.2,0,bench,2,2024,11
5,J.J. McCarthy,QB,13,0,0,bench,1,2024,0
5,Stefon Diggs,WR,13,0,0,bench,10,2024,0
5,David Njoku,TE,13,26.2,0,bench,8,2024,12.6
5,Harrison Butker,K,13,0,0,bench,8,2024,0
5,Cooper Rush,QB,13,10.8,0,bench,8,2024,13.7
5,Mike Gesicki,TE,13,10.3,0,bench,7,2024,8.1
5,Diontae Johnson,WR,13,0,0,bench,6,2024,2
5,Travis Etienne,RB,13,8.8,0,bench,4,2024,9.7
5,Noah Gray,TE,13,9.8,0,bench,4,2024,7.4
5,Ty Chandler,RB,13,0.2,0,bench,3,2024,0
5,Josh Downs,WR,13,0,0,bench,2,2024,0
5,Cincinnati Bengals,DST,13,9,0,bench,NA,2024,19
6,Andrei Iosivas,WR,13,12.5,0,bench,2,2024,3.1
6,Aidan O'Connell,QB,13,19.6,0,bench,2,2024,11.8
6,Tommy DeVito,QB,13,0,0,bench,2,2024,0
6,Michael Penix Jr.,QB,13,0,0,bench,1,2024,0
6,Rome Odunze,WR,13,4.5,0,bench,1,2024,9
6,Xavier Worthy,WR,13,10.4,0,bench,1,2024,10.8
6,Jaylen Wright,RB,13,0,0,bench,1,2024,2.7
6,Devin Singletary,RB,13,2.3000000000000003,0,bench,6,2024,3.6
6,D'Andre Swift,RB,13,9.4,0,bench,5,2024,14.6
6,Darnell Mooney,WR,13,5,0,bench,5,2024,13.3
7,Jalen McMillan,WR,13,4.5,0,bench,1,2024,8
7,Troy Franklin,WR,13,4.800000000000001,0,bench,1,2024,4.4
7,Keon Coleman,WR,13,0,0,bench,1,2024,2
7,Jalen Coker,WR,13,0,0,bench,1,2024,0
7,Kimani Vidal,RB,13,2,0,bench,1,2024,6.1
7,Isaac Guerendo,RB,13,8.6,0,bench,1,2024,0
7,James Conner,RB,13,11.100000000000001,0,bench,8,2024,17
7,Hollywood Brown,WR,13,0,0,bench,6,2024,0
7,Rico Dowdle,RB,13,21.300000000000004,0,bench,5,2024,11.7
7,Elijah Moore,WR,13,19.200000000000003,0,bench,4,2024,12.7
7,Atlanta Falcons,DST,13,13,0,bench,NA,2024,5
7,New Orleans Saints,DST,13,2,0,bench,NA,2024,4
8,Michael Wilson,WR,13,10.5,0,bench,2,2024,7.7
8,Cedric Tillman,WR,13,0,0,bench,2,2024,0
8,Blake Corum,RB,13,4.2,0,bench,1,2024,1
8,Luke McCaffrey,WR,13,3.3,0,bench,1,2024,4.5
8,Amari Cooper,WR,13,4.2,0,bench,10,2024,11.7
8,Tyler Lockett,WR,13,4.6,0,bench,10,2024,5.7
8,Christian Kirk,WR,13,0,0,bench,7,2024,0
8,Alexander Mattison,RB,13,0,0,bench,6,2024,0
8,Jalen Tolbert,WR,13,6.1000000000000005,0,bench,3,2024,7.6
8,Tyler Allgeier,RB,13,3.2,0,bench,3,2024,3.7
8,Jerome Ford,RB,13,7.200000000000001,0,bench,3,2024,6.5
8,Anthony Richardson,QB,13,23.16,0,bench,2,2024,18.5
8,Zach Charbonnet,RB,13,12.100000000000001,0,bench,2,2024,3.5
9,Dalton Kincaid,TE,13,0,0,bench,2,2024,0
9,Braelon Allen,RB,13,4.7,0,bench,1,2024,2.1
9,Theo Johnson,TE,13,10.4,0,bench,1,2024,7.2
9,Malik Nabers,WR,13,15.3,0,bench,1,2024,14.5
9,Jameis Winston,QB,13,35.98,0,bench,10,2024,14.8
9,Chris Godwin,WR,13,0,0,bench,8,2024,0
9,Brandon Aiyuk,WR,13,0,0,bench,5,2024,0
9,Najee Harris,RB,13,24.9,0,bench,4,2024,13.7
9,Jake Ferguson,TE,13,0,0,bench,3,2024,0
9,Khalil Shakir,WR,13,7,0,bench,3,2024,13.9
9,Tank Bigsby,RB,13,4.5,0,bench,2,2024,6.1
9,DeMario Douglas,WR,13,6,0,bench,2,2024,11.5
10,Ja'Tavion Sanders,TE,13,0,0,bench,1,2024,0
10,Odell Beckham Jr.,WR,13,1.9,0,bench,10,2024,0
10,Davante Adams,WR,13,17.6,0,bench,11,2024,13.2
10,Mason Rudolph,QB,13,0,0,bench,7,2024,0
10,Rashod Bateman,WR,13,0,0,bench,4,2024,10.6
10,Justin Fields,QB,13,0.7000000000000001,0,bench,4,2024,0
10,Brian Robinson Jr.,RB,13,17.900000000000002,0,bench,3,2024,9.8
10,Christian Watson,WR,13,8.7,0,bench,3,2024,11.2
10,Isiah Pacheco,RB,13,5.9,0,bench,3,2024,10.8
10,Philadelphia Eagles,DST,13,6,0,bench,NA,2024,10
11,Tre Tucker,WR,13,13.9,0,bench,2,2024,7.1
11,Brian Thomas Jr.,WR,13,18.7,0,bench,1,2024,12.4
11,Raheem Mostert,RB,13,5.4,0,bench,10,2024,1.7
11,Demarcus Robinson,WR,13,12.9,0,bench,9,2024,8.3
11,Drew Lock,QB,13,15.82,0,bench,6,2024,14.7
11,Tyler Bass,K,13,4,0,bench,5,2024,31
11,Jaylen Waddle,WR,13,9.3,0,bench,4,2024,10.1
11,Kyle Pitts,TE,13,0,0,bench,4,2024,10
11,Tucker Kraft,TE,13,13.8,0,bench,2,2024,10.3
11,Green Bay Packers,DST,13,7,0,bench,NA,2024,23
12,Rashee Rice,WR,13,0,0,bench,2,2024,0
12,Sam LaPorta,TE,13,15.6,0,bench,2,2024,9.6
12,Carson Steele,RB,13,0,0,bench,1,2024,0
12,Jonathon Brooks,RB,13,7.1,0,bench,1,2024,1.9
12,Roman Wilson,WR,13,0,0,bench,1,2024,0
12,Russell Wilson,QB,13,27.86,0,bench,13,2024,14.6
12,Brandon McManus,K,13,13,0,bench,12,2024,17
12,Brandin Cooks,WR,13,10.6,0,bench,11,2024,2
12,Aaron Jones,RB,13,8.8,0,bench,8,2024,13.9
12,Wan'Dale Robinson,WR,13,2.6,0,bench,3,2024,11.2
12,Los Angeles Rams,DST,13,1,0,bench,NA,2024,18
1,Spencer Rattler,QB,14,0,0,bench,1,2024,0
1,Audric Estime,RB,14,0,0,bench,1,2024,0
1,Javon Baker,WR,14,0,0,bench,1,2024,0
1,Keenan Allen,WR,14,6,0,bench,12,2024,12.6
1,Adam Thielen,WR,14,19.200000000000003,0,bench,12,2024,10.7
1,Hunter Henry,TE,14,0,0,bench,9,2024,0
1,Kareem Hunt,RB,14,3.9000000000000004,0,bench,8,2024,7.2
1,Mark Andrews,TE,14,0,0,bench,7,2024,0
1,Zack Moss,RB,14,0,0,bench,5,2024,0
1,DeVonta Smith,WR,14,13.7,0,bench,4,2024,11.8
1,Romeo Doubs,WR,14,0,0,bench,3,2024,0
1,Rashid Shaheed,WR,14,0,0,bench,3,2024,0
1,Aaron Rodgers,QB,14,17.560000000000002,0,bench,20,2024,13.1
1,Zay Flowers,WR,14,0,0,bench,2,2024,0
2,Spencer Shrader,K,14,0,0,bench,1,2024,0
2,Brandon Allen,QB,14,-1,0,bench,9,2024,0
2,Austin Ekeler,RB,14,0,0,bench,8,2024,0
2,Deebo Samuel Sr.,WR,14,5.5,0,bench,6,2024,11.8
2,Darius Slayton,WR,14,4.7,0,bench,6,2024,7.7
2,J.K. Dobbins,RB,14,0,0,bench,5,2024,0
2,A.J. Dillon,RB,14,0,0,bench,5,2024,0
2,Antonio Gibson,RB,14,0,0,bench,5,2024,0
2,Isaiah Likely,TE,14,0,0,bench,3,2024,0
2,Cleveland Browns,DST,14,4,0,bench,NA,2024,14
2,New York Giants,DST,14,9,0,bench,NA,2024,16
3,Chris Rodriguez Jr.,RB,14,0,0,bench,2,2024,0
3,Adonai Mitchell,WR,14,0,0,bench,1,2024,0
3,Dak Prescott,QB,14,0,0,bench,9,2024,0
3,Joe Mixon,RB,14,0,0,bench,8,2024,0
3,Allen Lazard,WR,14,2.8,0,bench,7,2024,0
3,Justice Hill,RB,14,0,0,bench,6,2024,0
3,Austin Seibert,K,14,0,0,bench,6,2024,0
3,Cole Kmet,TE,14,0,0,bench,5,2024,7.7
3,Cam Akers,RB,14,3.7,0,bench,5,2024,4.4
3,Gabe Davis,WR,14,0,0,bench,5,2024,0
3,Javonte Williams,RB,14,0,0,bench,4,2024,0
3,Kenneth Walker III,RB,14,0,0,bench,3,2024,0
3,Will Levis,QB,14,6.02,0,bench,2,2024,14.9
4,Roschon Johnson,RB,14,0,0,bench,2,2024,0
4,Jaleel McLaughlin,RB,14,0,0,bench,2,2024,0
4,MarShawn Lloyd,RB,14,0,0,bench,1,2024,0
4,Trey Benson,RB,14,2.9,0,bench,1,2024,3.5
4,Malachi Corley,WR,14,0,0,bench,1,2024,0
4,Ricky Pearsall,WR,14,1.5,0,bench,1,2024,5.6
4,Devaughn Vele,WR,14,0,0,bench,1,2024,0
4,Justin Tucker,K,14,0,0,bench,13,2024,0
4,Dalton Schultz,TE,14,0,0,bench,7,2024,0
4,Daniel Jones,QB,14,0,0,bench,6,2024,0
4,Terry McLaurin,WR,14,0,0,bench,6,2024,0
4,Jonathan Taylor,RB,14,0,0,bench,5,2024,0
4,Chris Olave,WR,14,0,0,bench,3,2024,0
4,Jordan Mason,RB,14,0,0,bench,3,2024,0
4,Bryce Young,QB,14,13.540000000000001,0,bench,2,2024,14.3
4,Quentin Johnston,WR,14,15.8,0,bench,2,2024,9.6
5,J.J. McCarthy,QB,14,0,0,bench,1,2024,0
5,Ladd McConkey,WR,14,0,0,bench,1,2024,14.1
5,Stefon Diggs,WR,14,0,0,bench,10,2024,0
5,Harrison Butker,K,14,0,0,bench,8,2024,0
5,Courtland Sutton,WR,14,0,0,bench,7,2024,0
5,Ray-Ray McCloud,WR,14,18.1,0,bench,7,2024,7.2
5,Diontae Johnson,WR,14,0,0,bench,6,2024,0
5,Trevor Lawrence,QB,14,0,0,bench,4,2024,0
5,Mac Jones,QB,14,7.1000000000000005,0,bench,4,2024,12.7
5,Travis Etienne,RB,14,11,0,bench,4,2024,9.5
5,Noah Gray,TE,14,6.6,0,bench,4,2024,7.8
5,Ty Chandler,RB,14,0,0,bench,3,2024,0
5,Josh Downs,WR,14,0,0,bench,2,2024,0
6,Andrei Iosivas,WR,14,8.100000000000001,0,bench,2,2024,3.3
6,Aidan O'Connell,QB,14,7.76,0,bench,2,2024,13.8
6,Michael Penix Jr.,QB,14,0,0,bench,1,2024,0
6,Rome Odunze,WR,14,20.2,0,bench,1,2024,8.3
6,Xavier Worthy,WR,14,9.600000000000001,0,bench,1,2024,12.1
6,Jaylen Wright,RB,14,3.3000000000000003,0,bench,1,2024,5.1
6,Dallas Goedert,TE,14,0,0,bench,7,2024,0
6,Devin Singletary,RB,14,0.8,0,bench,6,2024,3.9
6,Darnell Mooney,WR,14,20.200000000000003,0,bench,5,2024,13.1
6,Tank Dell,WR,14,0,0,bench,2,2024,0
7,Drake Maye,QB,14,0,0,bench,1,2024,0
7,Jalen McMillan,WR,14,21.9,0,bench,1,2024,7.5
7,Troy Franklin,WR,14,0,0,bench,1,2024,0
7,Keon Coleman,WR,14,0,0,bench,1,2024,2
7,Jalen Coker,WR,14,0,0,bench,1,2024,0
7,Kimani Vidal,RB,14,3.4000000000000004,0,bench,1,2024,6.5
7,Wil Lutz,K,14,0,0,bench,9,2024,0
7,Christian McCaffrey,RB,14,0,0,bench,8,2024,0
7,Hollywood Brown,WR,14,0,0,bench,6,2024,0
7,Nico Collins,WR,14,0,0,bench,4,2024,0
7,Elijah Moore,WR,14,6.4,0,bench,4,2024,12.9
7,Parker Washington,WR,14,3.5,0,bench,2,2024,11
7,Kayshon Boutte,WR,14,0,0,bench,2,2024,0
7,Atlanta Falcons,DST,14,0,0,bench,NA,2024,12
8,Michael Wilson,WR,14,13.7,0,bench,2,2024,7.6
8,Cedric Tillman,WR,14,0,0,bench,2,2024,0
8,Bo Nix,QB,14,0,0,bench,1,2024,0
8,Blake Corum,RB,14,3.4000000000000004,0,bench,1,2024,1.5
8,Luke McCaffrey,WR,14,0,0,bench,1,2024,0
8,Tyler Lockett,WR,14,0,0,bench,10,2024,7.3
8,Evan Engram,TE,14,7.300000000000001,0,bench,8,2024,11.7
8,Christian Kirk,WR,14,0,0,bench,7,2024,0
8,Alexander Mattison,RB,14,0,0,bench,6,2024,0
8,Tyler Allgeier,RB,14,12.3,0,bench,3,2024,2.7
8,Jerome Ford,RB,14,7.700000000000001,0,bench,3,2024,7.1
8,Anthony Richardson,QB,14,0,0,bench,2,2024,0
8,Denver Broncos,DST,14,0,0,bench,NA,2024,0
9,Dalton Kincaid,TE,14,0,0,bench,2,2024,0
9,Theo Johnson,TE,14,0,0,bench,1,2024,0
9,Malik Nabers,WR,14,12.9,0,bench,1,2024,13.8
9,Zach Ertz,TE,14,0,0,bench,12,2024,0
9,Derek Carr,QB,14,11.96,0,bench,11,2024,13
9,Chris Godwin,WR,14,0,0,bench,8,2024,0
9,Marquez Valdes-Scantling,WR,14,9.100000000000001,0,bench,7,2024,9.4
9,Matthew Wright,K,14,16,0,bench,6,2024,25
9,Brandon Aiyuk,WR,14,0,0,bench,5,2024,0
9,Jaylen Warren,RB,14,9.2,0,bench,3,2024,9.4
9,Tank Bigsby,RB,14,13.2,0,bench,2,2024,5.6
9,DeMario Douglas,WR,14,0,0,bench,2,2024,0
10,Jayden Daniels,QB,14,0,0,bench,1,2024,0
10,Ja'Tavion Sanders,TE,14,0,0,bench,1,2024,4.8
10,Odell Beckham Jr.,WR,14,1.1,0,bench,10,2024,0
10,Mason Rudolph,QB,14,0,0,bench,7,2024,0
10,Rashod Bateman,WR,14,0,0,bench,4,2024,0
10,Brian Robinson Jr.,RB,14,0,0,bench,3,2024,0
10,Christian Watson,WR,14,13.4,0,bench,3,2024,11.6
10,Isiah Pacheco,RB,14,8.1,0,bench,3,2024,11
10,C.J. Stroud,QB,14,0,0,bench,2,2024,0
10,Kansas City Chiefs,DST,14,4,0,bench,NA,2024,26
11,Tre Tucker,WR,14,2.7,0,bench,2,2024,5.6
11,Demarcus Robinson,WR,14,0,0,bench,9,2024,8.2
11,Lamar Jackson,QB,14,0,0,bench,7,2024,0
11,Michael Pittman Jr.,WR,14,0,0,bench,5,2024,0
11,Tyler Bass,K,14,6,0,bench,5,2024,31
11,Jaylen Waddle,WR,14,18.9,0,bench,4,2024,11.3
11,Kyle Pitts,TE,14,2.4000000000000004,0,bench,4,2024,9.2
11,Rhamondre Stevenson,RB,14,0,0,bench,4,2024,0
11,Tucker Kraft,TE,14,13.100000000000001,0,bench,2,2024,10.7
11,Green Bay Packers,DST,14,2,0,bench,NA,2024,9
12,Rashee Rice,WR,14,0,0,bench,2,2024,0
12,Carson Steele,RB,14,0,0,bench,1,2024,0
12,Jonathon Brooks,RB,14,-0.30000000000000004,0,bench,1,2024,6.5
12,Roman Wilson,WR,14,0,0,bench,1,2024,0
12,Russell Wilson,QB,14,16.02,0,bench,13,2024,15.3
12,Brandon McManus,K,14,7,0,bench,12,2024,29
12,Brandin Cooks,WR,14,7.3,0,bench,11,2024,5.4
12,Derrick Henry,RB,14,0,0,bench,9,2024,0
12,Ka'imi Fairbairn,K,14,0,0,bench,9,2024,0
12,Pat Freiermuth,TE,14,13.8,0,bench,4,2024,9
12,Evan McPherson,K,14,0,0,bench,4,2024,0
12,Wan'Dale Robinson,WR,14,7.800000000000001,0,bench,3,2024,9
1,Jayden Reed,WR,15,11.100000000000001,0,bench,2,2024,10.2
1,Spencer Rattler,QB,15,9.4,0,bench,1,2024,0
1,Javon Baker,WR,15,0,0,bench,1,2024,0
1,Keenan Allen,WR,15,20.200000000000003,0,bench,12,2024,11.3
1,Kareem Hunt,RB,15,5.9,0,bench,8,2024,4
1,Mark Andrews,TE,15,10.4,0,bench,7,2024,9.2
1,Tyler Conklin,TE,15,0,0,bench,7,2024,4.9
1,Gus Edwards,RB,15,2.3000000000000003,0,bench,7,2024,6.8
1,Zack Moss,RB,15,0,0,bench,5,2024,0
1,DeVonta Smith,WR,15,28,0,bench,4,2024,13.1
1,Romeo Doubs,WR,15,19,0,bench,3,2024,7.5
1,Rashid Shaheed,WR,15,0,0,bench,3,2024,0
1,Aaron Rodgers,QB,15,30.060000000000002,0,bench,20,2024,14.8
1,Zay Flowers,WR,15,11.3,0,bench,2,2024,15.2
2,Brandon Allen,QB,15,0,0,bench,9,2024,0
2,Austin Ekeler,RB,15,0,0,bench,8,2024,0
2,Will Dissly,TE,15,0,0,bench,7,2024,0
2,Deebo Samuel Sr.,WR,15,4.9,0,bench,6,2024,9.6
2,Darius Slayton,WR,15,2.6,0,bench,6,2024,6.4
2,J.K. Dobbins,RB,15,0,0,bench,5,2024,0
2,A.J. Dillon,RB,15,0,0,bench,5,2024,0
2,Antonio Gibson,RB,15,8.4,0,bench,5,2024,5.4
2,Buffalo Bills,DST,15,3,0,bench,NA,2024,2
2,Cleveland Browns,DST,15,0,0,bench,NA,2024,18
2,New York Giants,DST,15,2,0,bench,NA,2024,3
3,Chris Rodriguez Jr.,RB,15,0.2,0,bench,2,2024,4.2
3,Ray Davis,RB,15,10.9,0,bench,1,2024,1.9
3,Adonai Mitchell,WR,15,-3,0,bench,1,2024,0
3,Dak Prescott,QB,15,0,0,bench,9,2024,0
3,Allen Lazard,WR,15,0,0,bench,7,2024,7.7
3,Justice Hill,RB,15,17.8,0,bench,6,2024,2.2
3,Austin Seibert,K,15,0,0,bench,6,2024,0
3,Cole Kmet,TE,15,2.4000000000000004,0,bench,5,2024,6.6
3,Cam Akers,RB,15,8.4,0,bench,5,2024,4.1
3,Gabe Davis,WR,15,0,0,bench,5,2024,0
3,Nick Westbrook-Ikhine,WR,15,2.9,0,bench,5,2024,10.9
3,Kenneth Walker III,RB,15,0,0,bench,3,2024,0
3,Will Levis,QB,15,-1.44,0,bench,2,2024,14.5
4,Roschon Johnson,RB,15,0,0,bench,2,2024,0
4,Jaleel McLaughlin,RB,15,6.3999999999999995,0,bench,2,2024,5.7
4,Audric Estime,RB,15,0,0,bench,1,2024,3.9
4,MarShawn Lloyd,RB,15,0,0,bench,1,2024,0
4,Trey Benson,RB,15,2.2,0,bench,1,2024,3.4
4,Malachi Corley,WR,15,0,0,bench,1,2024,0
4,Ricky Pearsall,WR,15,2.6,0,bench,1,2024,5.4
4,Devaughn Vele,WR,15,0,0,bench,1,2024,8
4,Dalton Schultz,TE,15,3.3,0,bench,7,2024,8.4
4,Daniel Jones,QB,15,0,0,bench,6,2024,0
4,Patrick Taylor,RB,15,0,0,bench,5,2024,4.3
4,Chris Olave,WR,15,0,0,bench,3,2024,0
4,Bryce Young,QB,15,13.96,0,bench,2,2024,15.7
4,Dontayvion Wicks,WR,15,3.4000000000000004,0,bench,2,2024,7.6
4,Tyjae Spears,RB,15,27.200000000000003,0,bench,2,2024,5.1
4,Quentin Johnston,WR,15,15.5,0,bench,2,2024,9.8
5,J.J. McCarthy,QB,15,0,0,bench,1,2024,0
5,Stefon Diggs,WR,15,0,0,bench,10,2024,0
5,David Njoku,TE,15,0,0,bench,8,2024,0
5,Harrison Butker,K,15,2,0,bench,8,2024,28
5,Ray-Ray McCloud,WR,15,2.4000000000000004,0,bench,7,2024,7.6
5,Diontae Johnson,WR,15,0,0,bench,6,2024,0
5,Trevor Lawrence,QB,15,0,0,bench,4,2024,0
5,Mac Jones,QB,15,20.659999999999997,0,bench,4,2024,12
5,Travis Etienne,RB,15,12.5,0,bench,4,2024,8.4
5,Joshua Palmer,WR,15,3,0,bench,4,2024,10.4
5,Noah Gray,TE,15,10.1,0,bench,4,2024,9
5,Josh Downs,WR,15,6.2,0,bench,2,2024,10.6
6,Andrei Iosivas,WR,15,1.5,0,bench,2,2024,4.6
6,Aidan O'Connell,QB,15,0,0,bench,2,2024,13.3
6,Michael Penix Jr.,QB,15,0,0,bench,1,2024,0
6,Rome Odunze,WR,15,5.9,0,bench,1,2024,8.6
6,Xavier Worthy,WR,15,19.6,0,bench,1,2024,12.4
6,Jaylen Wright,RB,15,0.30000000000000004,0,bench,1,2024,4.5
6,Dallas Goedert,TE,15,0,0,bench,7,2024,0
6,Devin Singletary,RB,15,13.1,0,bench,6,2024,3.6
6,D'Andre Swift,RB,15,9.9,0,bench,5,2024,11.8
6,Darnell Mooney,WR,15,0,0,bench,5,2024,13.4
7,AJ Barner,TE,15,1.5,0,bench,1,2024,0
7,Jalen McMillan,WR,15,18.5,0,bench,1,2024,8.5
7,Troy Franklin,WR,15,2.9,0,bench,1,2024,4.5
7,Keon Coleman,WR,15,7.4,0,bench,1,2024,6.1
7,Jalen Coker,WR,15,21,0,bench,1,2024,4.7
7,Kimani Vidal,RB,15,4.2,0,bench,1,2024,7.2
7,Isaac Guerendo,RB,15,11.5,0,bench,1,2024,13.4
7,Christian McCaffrey,RB,15,0,0,bench,8,2024,0
7,Hollywood Brown,WR,15,0,0,bench,6,2024,0
7,Elijah Moore,WR,15,1.9,0,bench,4,2024,12.8
7,Garrett Wilson,WR,15,14.600000000000001,0,bench,3,2024,15.6
7,Kayshon Boutte,WR,15,3.9000000000000004,0,bench,2,2024,7.1
7,Kendre Miller,RB,15,4.6000000000000005,0,bench,2,2024,6
8,Michael Wilson,WR,15,2.9,0,bench,2,2024,7.9
8,Cedric Tillman,WR,15,0,0,bench,2,2024,0
8,Blake Corum,RB,15,4,0,bench,1,2024,1.4
8,Luke McCaffrey,WR,15,1,0,bench,1,2024,0
8,Tyler Lockett,WR,15,3.2,0,bench,10,2024,7.2
8,Evan Engram,TE,15,0,0,bench,8,2024,0
8,Taysom Hill,TE,15,0,0,bench,8,2024,0
8,Kendrick Bourne,WR,15,7.4,0,bench,8,2024,8
8,Christian Kirk,WR,15,0,0,bench,7,2024,0
8,Alexander Mattison,RB,15,2.4000000000000004,0,bench,6,2024,0
8,Tyler Allgeier,RB,15,4.3,0,bench,3,2024,2.9
8,Rachaad White,RB,15,14.100000000000001,0,bench,3,2024,13.3
8,Jerome Ford,RB,15,18.4,0,bench,3,2024,8.5
8,Anthony Richardson,QB,15,16.38,0,bench,2,2024,17.4
9,Dalton Kincaid,TE,15,9.3,0,bench,2,2024,9.5
9,Tommy DeVito,QB,15,2.72,0,bench,2,2024,15.6
9,Isaiah Davis,RB,15,3.6000000000000005,0,bench,1,2024,3.7
9,Braelon Allen,RB,15,0.5,0,bench,1,2024,8.4
9,Theo Johnson,TE,15,0,0,bench,1,2024,0
9,Derek Carr,QB,15,0,0,bench,11,2024,0
9,Chris Godwin,WR,15,0,0,bench,8,2024,0
9,Marquez Valdes-Scantling,WR,15,8.8,0,bench,7,2024,9.6
9,Brandon Aiyuk,WR,15,0,0,bench,5,2024,0
9,Jake Ferguson,TE,15,4.300000000000001,0,bench,3,2024,9.9
9,Desmond Ridder,QB,15,13.120000000000001,0,bench,3,2024,0
9,Jaylen Warren,RB,15,2.5,0,bench,3,2024,10.8
9,DeMario Douglas,WR,15,9.1,0,bench,2,2024,8.6
10,Ja'Tavion Sanders,TE,15,0,0,bench,1,2024,4.8
10,DeAndre Hopkins,WR,15,8.6,0,bench,12,2024,12.9
10,Odell Beckham Jr.,WR,15,0,0,bench,10,2024,0
10,Mason Rudolph,QB,15,16.759999999999998,0,bench,7,2024,0
10,Rashod Bateman,WR,15,23,0,bench,4,2024,7.7
10,Justin Fields,QB,15,0.8,0,bench,4,2024,0
10,Brian Robinson Jr.,RB,15,11.7,0,bench,3,2024,11.9
10,Christian Watson,WR,15,8.600000000000001,0,bench,3,2024,12.7
10,Isiah Pacheco,RB,15,5.7,0,bench,3,2024,10.7
10,Philadelphia Eagles,DST,15,9,0,bench,NA,2024,29
11,Tre Tucker,WR,15,3.8,0,bench,2,2024,5.6
11,Ameer Abdullah,RB,15,19.6,0,bench,10,2024,8
11,Demarcus Robinson,WR,15,0,0,bench,9,2024,0
11,Drew Lock,QB,15,0,0,bench,6,2024,0
11,Michael Pittman Jr.,WR,15,9.8,0,bench,5,2024,10.9
11,Jaylen Waddle,WR,15,0,0,bench,4,2024,13.1
11,Kyle Pitts,TE,15,6.800000000000001,0,bench,4,2024,6.6
11,Rhamondre Stevenson,RB,15,9.5,0,bench,4,2024,12.7
11,Sincere McCormick,RB,15,4.5,0,bench,3,2024,10.9
11,Tucker Kraft,TE,15,5.4,0,bench,2,2024,12.3
11,Green Bay Packers,DST,15,15,0,bench,NA,2024,17
12,Rashee Rice,WR,15,0,0,bench,2,2024,0
12,Carson Steele,RB,15,0,0,bench,1,2024,0
12,Jonathon Brooks,RB,15,0,0,bench,1,2024,0
12,Roman Wilson,WR,15,0,0,bench,1,2024,0
12,Russell Wilson,QB,15,8.420000000000002,0,bench,13,2024,14.4
12,Brandon McManus,K,15,12,0,bench,12,2024,32
12,Brandin Cooks,WR,15,6.4,0,bench,11,2024,5.4
12,Ka'imi Fairbairn,K,15,9,0,bench,9,2024,27
12,Josh Jacobs,RB,15,21.599999999999998,0,bench,6,2024,16.8
12,Pat Freiermuth,TE,15,10.2,0,bench,4,2024,10.1
12,Evan McPherson,K,15,0,0,bench,4,2024,0
12,Wan'Dale Robinson,WR,15,7.800000000000001,0,bench,3,2024,9.2
1,Jayden Reed,WR,16,11.100000000000001,0,bench,2,2024,10.9
1,Spencer Rattler,QB,16,5.92,0,bench,1,2024,13.5
1,Javon Baker,WR,16,0,0,bench,1,2024,0
1,Adam Thielen,WR,16,15.3,0,bench,12,2024,13.3
1,Raheem Mostert,RB,16,6.6,0,bench,10,2024,5.4
1,Nick Chubb,RB,16,0,0,bench,7,2024,0
1,Mark Andrews,TE,16,13.8,0,bench,7,2024,8.7
1,Tyler Conklin,TE,16,10.9,0,bench,7,2024,2
1,David Montgomery,RB,16,0,0,bench,6,2024,0
1,Jerry Jeudy,WR,16,4,0,bench,5,2024,13
1,Justin Herbert,QB,16,23.16,0,bench,5,2024,16.2
1,DeVonta Smith,WR,16,11.100000000000001,0,bench,4,2024,13.6
1,Romeo Doubs,WR,16,4,0,bench,3,2024,8.2
2,Brandon Allen,QB,16,0,0,bench,9,2024,0
2,Austin Ekeler,RB,16,0,0,bench,8,2024,0
2,Younghoe Koo,K,16,0,0,bench,8,2024,0
2,Will Dissly,TE,16,0,0,bench,7,2024,0
2,Deebo Samuel Sr.,WR,16,25.1,0,bench,6,2024,9.2
2,Darius Slayton,WR,16,3.7,0,bench,6,2024,6.2
2,J.K. Dobbins,RB,16,0,0,bench,5,2024,0
2,A.J. Dillon,RB,16,0,0,bench,5,2024,0
2,Antonio Gibson,RB,16,4.6000000000000005,0,bench,5,2024,5.4
2,Buffalo Bills,DST,16,9,0,bench,NA,2024,30
2,New York Giants,DST,16,2,0,bench,NA,2024,14
3,Chris Rodriguez Jr.,RB,16,0.5,0,bench,2,2024,3.6
3,Ray Davis,RB,16,3.9000000000000004,0,bench,1,2024,2.1
3,Adonai Mitchell,WR,16,4.6,0,bench,1,2024,5.2
3,Tyrone Tracy Jr.,RB,16,16.9,0,bench,1,2024,13.1
3,Dak Prescott,QB,16,0,0,bench,9,2024,0
3,Allen Lazard,WR,16,4,0,bench,7,2024,7.9
3,Justice Hill,RB,16,3,0,bench,6,2024,2
3,Austin Seibert,K,16,0,0,bench,6,2024,0
3,Cole Kmet,TE,16,8.9,0,bench,5,2024,5.1
3,Cam Akers,RB,16,0.30000000000000004,0,bench,5,2024,4.9
3,Gabe Davis,WR,16,0,0,bench,5,2024,0
3,Nick Westbrook-Ikhine,WR,16,9.7,0,bench,5,2024,9.8
3,Will Levis,QB,16,0,0,bench,2,2024,0
4,Roschon Johnson,RB,16,0.30000000000000004,0,bench,2,2024,3.5
4,Audric Estime,RB,16,0,0,bench,1,2024,4.3
4,MarShawn Lloyd,RB,16,0,0,bench,1,2024,0
4,Trey Benson,RB,16,0,0,bench,1,2024,0
4,Malachi Corley,WR,16,0,0,bench,1,2024,0
4,Ricky Pearsall,WR,16,7.7,0,bench,1,2024,5.6
4,Devaughn Vele,WR,16,10.1,0,bench,1,2024,7.7
4,Dalton Schultz,TE,16,15.5,0,bench,7,2024,8.3
4,Daniel Jones,QB,16,0,0,bench,6,2024,0
4,Patrick Taylor,RB,16,3.5000000000000004,0,bench,5,2024,12.2
4,Chris Olave,WR,16,0,0,bench,3,2024,0
4,Bryce Young,QB,16,27.12,0,bench,2,2024,15.2
4,Dontayvion Wicks,WR,16,10.3,0,bench,2,2024,6.2
4,Tyjae Spears,RB,16,21.6,0,bench,2,2024,9.2
4,Quentin Johnston,WR,16,4.8,0,bench,2,2024,11.3
5,J.J. McCarthy,QB,16,0,0,bench,1,2024,0
5,Marvin Harrison Jr.,WR,16,7.9,0,bench,1,2024,12.3
5,Stefon Diggs,WR,16,0,0,bench,10,2024,0
5,Harrison Butker,K,16,10,0,bench,8,2024,20
5,Ray-Ray McCloud,WR,16,5.7,0,bench,7,2024,7.4
5,Diontae Johnson,WR,16,0,0,bench,6,2024,0
5,Trevor Lawrence,QB,16,0,0,bench,4,2024,0
5,Mac Jones,QB,16,13.88,0,bench,4,2024,13.2
5,Travis Etienne,RB,16,5.7,0,bench,4,2024,11.9
5,Joshua Palmer,WR,16,7.1000000000000005,0,bench,4,2024,8.4
5,Noah Gray,TE,16,2,0,bench,4,2024,7.8
5,Josh Downs,WR,16,15.100000000000001,0,bench,2,2024,10.4
6,Andrei Iosivas,WR,16,14.3,0,bench,2,2024,4.8
6,Rome Odunze,WR,16,9.7,0,bench,1,2024,8.2
6,Xavier Worthy,WR,16,20.5,0,bench,1,2024,12.4
6,Jaylen Wright,RB,16,0,0,bench,1,2024,2.3
6,Kirk Cousins,QB,16,0,0,bench,13,2024,0
6,Sione Vaki,RB,16,4,0,bench,1,2024,0
6,Dallas Goedert,TE,16,0,0,bench,7,2024,0
6,Devin Singletary,RB,16,1.2000000000000002,0,bench,6,2024,4.1
6,D'Andre Swift,RB,16,8.3,0,bench,5,2024,12.6
6,Clyde Edwards-Helaire,RB,16,0,0,bench,5,2024,0
6,Rashid Shaheed,WR,16,0,0,bench,3,2024,0
6,Tank Dell,WR,16,21.8,0,bench,2,2024,8.6
7,Ben Sinnott,TE,16,0,0,bench,1,2024,0
7,Jalen McMillan,WR,16,16.7,0,bench,1,2024,11.3
7,Troy Franklin,WR,16,4.5,0,bench,1,2024,4.5
7,Keon Coleman,WR,16,2.7,0,bench,1,2024,7.9
7,Jalen Coker,WR,16,2.8,0,bench,1,2024,10.3
7,Kimani Vidal,RB,16,1.4000000000000004,0,bench,1,2024,6.9
7,Isaac Guerendo,RB,16,0,0,bench,1,2024,0
7,Christian McCaffrey,RB,16,0,0,bench,8,2024,0
7,Hollywood Brown,WR,16,9.5,0,bench,6,2024,3.3
7,Elijah Moore,WR,16,4.1,0,bench,4,2024,9.6
7,Garrett Wilson,WR,16,11.4,0,bench,3,2024,15.5
7,Kayshon Boutte,WR,16,20.5,0,bench,2,2024,6.9
7,Kendre Miller,RB,16,5.1,0,bench,2,2024,12.4
8,Michael Wilson,WR,16,6.4,0,bench,2,2024,8
8,Cedric Tillman,WR,16,0,0,bench,2,2024,0
8,Blake Corum,RB,16,1.4000000000000001,0,bench,1,2024,1.3
8,Malik Washington,WR,16,5.800000000000001,0,bench,1,2024,8.3
8,Xavier Legette,WR,16,0,0,bench,1,2024,0
8,Luke McCaffrey,WR,16,2.3,0,bench,1,2024,0
8,Tyler Lockett,WR,16,3.9000000000000004,0,bench,10,2024,7.3
8,Evan Engram,TE,16,0,0,bench,8,2024,0
8,Taysom Hill,TE,16,0,0,bench,8,2024,0
8,Christian Kirk,WR,16,0,0,bench,7,2024,0
8,Alexander Mattison,RB,16,15.6,0,bench,6,2024,10.3
8,Tyler Allgeier,RB,16,4.1000000000000005,0,bench,3,2024,3.9
8,Anthony Richardson,QB,16,21.240000000000002,0,bench,2,2024,17.9
8,Zach Charbonnet,RB,16,3.3,0,bench,2,2024,6.1
9,Dalton Kincaid,TE,16,5.5,0,bench,2,2024,9.5
9,Braelon Allen,RB,16,2,0,bench,1,2024,4.6
9,Theo Johnson,TE,16,0,0,bench,1,2024,0
9,Zach Ertz,TE,16,2.2,0,bench,12,2024,7.8
9,Derek Carr,QB,16,0,0,bench,11,2024,0
9,Jameis Winston,QB,16,0,0,bench,10,2024,0
9,Chris Godwin,WR,16,0,0,bench,8,2024,0
9,Brandon Aiyuk,WR,16,0,0,bench,5,2024,0
9,Jake Ferguson,TE,16,10,0,bench,3,2024,7.7
9,Jaylen Warren,RB,16,13.200000000000001,0,bench,3,2024,9.8
9,Tank Bigsby,RB,16,10.1,0,bench,2,2024,5.8
9,DeMario Douglas,WR,16,7.9,0,bench,2,2024,8.6
10,Ja'Tavion Sanders,TE,16,0,0,bench,1,2024,4.9
10,DeAndre Hopkins,WR,16,7.7,0,bench,12,2024,11.1
10,Odell Beckham Jr.,WR,16,0,0,bench,10,2024,0
10,Alvin Kamara,RB,16,0,0,bench,8,2024,0
10,Mason Rudolph,QB,16,17.38,0,bench,7,2024,14.7
10,Rashod Bateman,WR,16,8.4,0,bench,4,2024,10.2
10,Justin Fields,QB,16,0,0,bench,4,2024,0
10,Christian Watson,WR,16,2.3000000000000003,0,bench,3,2024,11.9
10,Isiah Pacheco,RB,16,3.5,0,bench,3,2024,11.2
10,Philadelphia Eagles,DST,16,10,0,bench,NA,2024,25
11,Tre Tucker,WR,16,5.300000000000001,0,bench,2,2024,5.4
11,Ameer Abdullah,RB,16,19.5,0,bench,10,2024,8.6
11,Demarcus Robinson,WR,16,0,0,bench,9,2024,8.8
11,Drew Lock,QB,16,8.5,0,bench,6,2024,13.5
11,Michael Pittman Jr.,WR,16,3.9000000000000004,0,bench,5,2024,11
11,Jaylen Waddle,WR,16,0,0,bench,4,2024,0
11,Kyle Pitts,TE,16,1.7000000000000002,0,bench,4,2024,7.3
11,Cade Otton,TE,16,0,0,bench,3,2024,0
11,Sincere McCormick,RB,16,0,0,bench,3,2024,0
11,Green Bay Packers,DST,16,19,0,bench,NA,2024,32
12,Rashee Rice,WR,16,0,0,bench,2,2024,0
12,Carson Steele,RB,16,0,0,bench,1,2024,0
12,Jonathon Brooks,RB,16,0,0,bench,1,2024,0
12,Roman Wilson,WR,16,0,0,bench,1,2024,0
12,Russell Wilson,QB,16,16.38,0,bench,13,2024,13.8
12,Brandon McManus,K,16,13,0,bench,12,2024,32
12,Brandin Cooks,WR,16,7.800000000000001,0,bench,11,2024,5.1
12,Ka'imi Fairbairn,K,16,6,0,bench,9,2024,22
12,Aaron Jones,RB,16,12.299999999999999,0,bench,8,2024,14.4
12,Pat Freiermuth,TE,16,4.6,0,bench,4,2024,9.8
12,Wan'Dale Robinson,WR,16,13.2,0,bench,3,2024,9.4
12,George Pickens,WR,16,0,0,bench,3,2024,0
1,Jayden Reed,WR,17,1.6,0,bench,2,2024,13.2
1,Spencer Rattler,QB,17,14.32,0,bench,1,2024,13.3
1,Javon Baker,WR,17,0,0,bench,1,2024,0
1,Adam Thielen,WR,17,28,0,bench,12,2024,14.2
1,Nick Chubb,RB,17,0,0,bench,7,2024,0
1,Mark Andrews,TE,17,14.8,0,bench,7,2024,9.2
1,Tyler Conklin,TE,17,19.7,0,bench,7,2024,3.1
1,Gus Edwards,RB,17,0,0,bench,7,2024,0
1,David Montgomery,RB,17,0,0,bench,6,2024,0
1,Jerry Jeudy,WR,17,21.4,0,bench,5,2024,11
1,Justin Herbert,QB,17,24.44,0,bench,5,2024,16.2
1,DeVonta Smith,WR,17,30,0,bench,4,2024,11.8
1,Romeo Doubs,WR,17,12.8,0,bench,3,2024,12.2
2,Brandon Allen,QB,17,0,0,bench,9,2024,0
2,Austin Ekeler,RB,17,0,0,bench,8,2024,0
2,Younghoe Koo,K,17,0,0,bench,8,2024,0
2,Will Dissly,TE,17,4.1,0,bench,7,2024,7.2
2,Darius Slayton,WR,17,10.2,0,bench,6,2024,5.9
2,CeeDee Lamb,WR,17,0,0,bench,5,2024,0
2,A.J. Dillon,RB,17,0,0,bench,5,2024,0
2,Antonio Gibson,RB,17,6.300000000000001,0,bench,5,2024,9.9
2,Kenneth Gainwell,RB,17,1.9,0,bench,4,2024,6.7
2,Detroit Lions,DST,17,7,0,bench,NA,2024,20
2,New York Giants,DST,17,14,0,bench,NA,2024,14
3,Chris Rodriguez Jr.,RB,17,9.8,0,bench,2,2024,1.6
3,Ray Davis,RB,17,2.3,0,bench,1,2024,2.1
3,Adonai Mitchell,WR,17,4.2,0,bench,1,2024,5.9
3,Tyrone Tracy Jr.,RB,17,8.3,0,bench,1,2024,14.6
3,Dak Prescott,QB,17,0,0,bench,9,2024,0
3,Allen Lazard,WR,17,1.9,0,bench,7,2024,7.8
3,Justice Hill,RB,17,0,0,bench,6,2024,0
3,Austin Seibert,K,17,0,0,bench,6,2024,0
3,Cole Kmet,TE,17,0,0,bench,5,2024,4.4
3,Cam Akers,RB,17,11.3,0,bench,5,2024,4.2
3,Gabe Davis,WR,17,0,0,bench,5,2024,0
3,Nick Westbrook-Ikhine,WR,17,6.7,0,bench,5,2024,9.6
3,Will Levis,QB,17,0,0,bench,2,2024,0
4,Roschon Johnson,RB,17,0.5,0,bench,2,2024,3.5
4,Audric Estime,RB,17,0,0,bench,1,2024,4.7
4,MarShawn Lloyd,RB,17,0,0,bench,1,2024,0
4,Trey Benson,RB,17,0,0,bench,1,2024,0
4,Malachi Corley,WR,17,0,0,bench,1,2024,0
4,Ricky Pearsall,WR,17,28.700000000000003,0,bench,1,2024,5.6
4,Devaughn Vele,WR,17,4.7,0,bench,1,2024,7.6
4,Dalton Schultz,TE,17,4.1,0,bench,7,2024,9.2
4,Daniel Jones,QB,17,0,0,bench,6,2024,0
4,Alec Pierce,WR,17,24.200000000000003,0,bench,3,2024,0
4,Chris Olave,WR,17,0,0,bench,3,2024,0
4,Bryce Young,QB,17,15.920000000000002,0,bench,2,2024,17.3
4,Dontayvion Wicks,WR,17,8.3,0,bench,2,2024,11.1
4,Tyjae Spears,RB,17,13.3,0,bench,2,2024,15.1
4,Quentin Johnston,WR,17,9.8,0,bench,2,2024,11.3
5,J.J. McCarthy,QB,17,0,0,bench,1,2024,0
5,Stefon Diggs,WR,17,0,0,bench,10,2024,0
5,David Njoku,TE,17,0,0,bench,8,2024,0
5,Harrison Butker,K,17,4,0,bench,8,2024,23
5,Ray-Ray McCloud,WR,17,3.7,0,bench,7,2024,7.1
5,Diontae Johnson,WR,17,0,0,bench,6,2024,0
5,Trevor Lawrence,QB,17,0,0,bench,4,2024,0
5,Mac Jones,QB,17,17.16,0,bench,4,2024,13.8
5,Travis Etienne,RB,17,8.5,0,bench,4,2024,11.5
5,Joshua Palmer,WR,17,8.100000000000001,0,bench,4,2024,8.4
5,Noah Gray,TE,17,1.6,0,bench,4,2024,7.8
5,Josh Downs,WR,17,5.2,0,bench,2,2024,14.5
6,Andrei Iosivas,WR,17,8.9,0,bench,2,2024,5.2
6,Rome Odunze,WR,17,2.5,0,bench,1,2024,8.4
6,Xavier Worthy,WR,17,22.9,0,bench,1,2024,13
6,Jaylen Wright,RB,17,0,0,bench,1,2024,0
6,Kirk Cousins,QB,17,0,0,bench,13,2024,0
6,Sione Vaki,RB,17,0,0,bench,1,2024,0
6,Dallas Goedert,TE,17,0,0,bench,7,2024,0
6,Devin Singletary,RB,17,4,0,bench,6,2024,2.4
6,D'Andre Swift,RB,17,12.100000000000001,0,bench,5,2024,13.3
6,Clyde Edwards-Helaire,RB,17,5,0,bench,5,2024,0
6,Rashid Shaheed,WR,17,0,0,bench,3,2024,0
6,Tank Dell,WR,17,0,0,bench,2,2024,0
7,Ben Sinnott,TE,17,0,0,bench,1,2024,0
7,Jalen McMillan,WR,17,23,0,bench,1,2024,13
7,Keon Coleman,WR,17,11.7,0,bench,1,2024,7.9
7,Jalen Coker,WR,17,5.5,0,bench,1,2024,10.4
7,Kimani Vidal,RB,17,2.4000000000000004,0,bench,1,2024,6.5
7,Isaac Guerendo,RB,17,13.9,0,bench,1,2024,12.8
7,Christian McCaffrey,RB,17,0,0,bench,8,2024,0
7,Hollywood Brown,WR,17,8.600000000000001,0,bench,6,2024,7.7
7,Rico Dowdle,RB,17,9.8,0,bench,5,2024,13.9
7,Parker Washington,WR,17,12.1,0,bench,2,2024,9
7,Kayshon Boutte,WR,17,6.800000000000001,0,bench,2,2024,7.4
7,Kendre Miller,RB,17,2.9000000000000004,0,bench,2,2024,11.3
8,Michael Wilson,WR,17,6.9,0,bench,2,2024,8.2
8,Cedric Tillman,WR,17,0,0,bench,2,2024,0
8,Blake Corum,RB,17,-0.4,0,bench,1,2024,1.2
8,Malik Washington,WR,17,7,0,bench,1,2024,4.9
8,Xavier Legette,WR,17,7.800000000000001,0,bench,1,2024,0
8,Luke McCaffrey,WR,17,0,0,bench,1,2024,5.6
8,Tyler Lockett,WR,17,5,0,bench,10,2024,6.4
8,Evan Engram,TE,17,0,0,bench,8,2024,0
8,Taysom Hill,TE,17,0,0,bench,8,2024,0
8,Christian Kirk,WR,17,0,0,bench,7,2024,0
8,Alexander Mattison,RB,17,4.800000000000001,0,bench,6,2024,10.7
8,Tyler Allgeier,RB,17,1.9000000000000001,0,bench,3,2024,3.6
8,Anthony Richardson,QB,17,0,0,bench,2,2024,0
8,Zach Charbonnet,RB,17,10.6,0,bench,2,2024,16.3
9,Dalton Kincaid,TE,17,4.4,0,bench,2,2024,9.8
9,Aidan O'Connell,QB,17,17.58,0,bench,2,2024,13.7
9,Braelon Allen,RB,17,2.6,0,bench,1,2024,4.6
9,Theo Johnson,TE,17,0,0,bench,1,2024,0
9,AJ Barner,TE,17,0,0,bench,1,2024,0
9,Zach Ertz,TE,17,25.2,0,bench,12,2024,8.1
9,Derek Carr,QB,17,0,0,bench,11,2024,0
9,Jameis Winston,QB,17,0,0,bench,10,2024,0
9,Chris Godwin,WR,17,0,0,bench,8,2024,0
9,Brandon Aiyuk,WR,17,0,0,bench,5,2024,0
9,Najee Harris,RB,17,10.1,0,bench,4,2024,12.8
9,Tank Bigsby,RB,17,3.3000000000000003,0,bench,2,2024,6.8
9,DeMario Douglas,WR,17,14.600000000000001,0,bench,2,2024,9
10,Ja'Tavion Sanders,TE,17,1.5,0,bench,1,2024,2.9
10,DeAndre Hopkins,WR,17,2.7,0,bench,12,2024,10.8
10,Odell Beckham Jr.,WR,17,0,0,bench,10,2024,0
10,Alvin Kamara,RB,17,0,0,bench,8,2024,0
10,Mason Rudolph,QB,17,12.02,0,bench,7,2024,15.3
10,Rashod Bateman,WR,17,2.2,0,bench,4,2024,9
10,Justin Fields,QB,17,0,0,bench,4,2024,0
10,Christian Watson,WR,17,0,0,bench,3,2024,0
10,Isiah Pacheco,RB,17,1.8,0,bench,3,2024,10.7
10,Kansas City Chiefs,DST,17,15,0,bench,NA,2024,19
11,Tre Tucker,WR,17,10.9,0,bench,2,2024,5.5
11,Ameer Abdullah,RB,17,17.7,0,bench,10,2024,11.2
11,Demarcus Robinson,WR,17,0,0,bench,9,2024,7.7
11,Drew Lock,QB,17,34.36,0,bench,6,2024,13.2
11,Michael Pittman Jr.,WR,17,25.9,0,bench,5,2024,12.7
11,Jaylen Waddle,WR,17,0,0,bench,4,2024,6.2
11,Kyle Pitts,TE,17,14.4,0,bench,4,2024,3.9
11,Cade Otton,TE,17,0,0,bench,3,2024,0
11,Sincere McCormick,RB,17,0,0,bench,3,2024,0
11,Green Bay Packers,DST,17,3,0,bench,NA,2024,12
12,Rashee Rice,WR,17,0,0,bench,2,2024,0
12,Carson Steele,RB,17,0,0,bench,1,2024,0
12,Jonathon Brooks,RB,17,0,0,bench,1,2024,0
12,Roman Wilson,WR,17,0,0,bench,1,2024,0
12,Russell Wilson,QB,17,17.7,0,bench,13,2024,15.8
12,Brandon McManus,K,17,5,0,bench,12,2024,26
12,Brandin Cooks,WR,17,9.2,0,bench,11,2024,7.8
12,Ka'imi Fairbairn,K,17,0,0,bench,9,2024,25
12,Aaron Jones,RB,17,11.7,0,bench,8,2024,15.1
12,Pat Freiermuth,TE,17,11,0,bench,4,2024,10.1
12,Wan'Dale Robinson,WR,17,18.1,0,bench,3,2024,11.2
12,George Pickens,WR,17,8,0,bench,3,2024,15.5
1,Justin Herbert,QB,1,27.92,12.647700000000002,starter,NA,2025,16.9
1,Ashton Jeanty,RB,1,12,3.9796666666666667,starter,NA,2025,14.4
1,David Montgomery,RB,1,8.3,0.2796666666666674,starter,NA,2025,8.7
1,Ja'Marr Chase,WR,1,4.6,-9.693,starter,NA,2025,22.9
1,Jerry Jeudy,WR,1,11.6,-2.6929999999999996,starter,NA,2025,15.3
1,Mark Andrews,TE,1,1.5,-5.438,starter,NA,2025,11.6
1,DeVonta Smith,WR,1,4.6,-9.693,starter,NA,2025,14.2
1,Kyler Murray,QB,1,18.32,3.0477000000000007,starter,NA,2025,19.7
1,Ka'imi Fairbairn,K,1,14,5.416666666666666,starter,NA,2025,30
1,Houston Texans,DST,1,7,1.7366666666666672,starter,NA,2025,27
2,Brock Purdy,QB,1,18.78,3.5077000000000016,starter,NA,2025,15.8
2,De'Von Achane,RB,1,16.5,8.479666666666667,starter,NA,2025,17.2
2,Austin Ekeler,RB,1,8.7,0.679666666666666,starter,NA,2025,10
2,CeeDee Lamb,WR,1,18,3.7070000000000007,starter,NA,2025,19.9
2,Drake London,WR,1,13.5,-0.7929999999999993,starter,NA,2025,15.9
2,Will Dissly,TE,1,2.8,-4.138,starter,NA,2025,7.5
2,Mike Evans,WR,1,10.1,-4.193,starter,NA,2025,18.2
2,Patrick Mahomes,QB,1,26.02,10.7477,starter,NA,2025,20
2,Younghoe Koo,K,1,8,-0.5833333333333339,starter,NA,2025,0
2,Detroit Lions,DST,1,0,-5.263333333333333,starter,NA,2025,26
3,Dak Prescott,QB,1,7.82,-7.452299999999999,starter,NA,2025,17.1
3,Kenneth Walker III,RB,1,5.4,-2.620333333333333,starter,NA,2025,15.8
3,Tyrone Tracy Jr.,RB,1,5.5,-2.5203333333333333,starter,NA,2025,12
3,Justin Jefferson,WR,1,14.8,0.5070000000000014,starter,NA,2025,19.4
3,D.J. Moore,WR,1,8.6,-5.693,starter,NA,2025,13.3
3,Brock Bowers,TE,1,15.3,8.362000000000002,starter,NA,2025,17.6
3,Matthew Golden,WR,1,3.6,-10.693,starter,NA,2025,13.3
3,Tua Tagovailoa,QB,1,7.26,-8.0123,starter,NA,2025,14.5
3,Jake Elliott,K,1,8,-0.5833333333333339,starter,NA,2025,23
3,San Francisco 49ers,DST,1,11,5.736666666666667,starter,NA,2025,12
4,Joe Burrow,QB,1,8.82,-6.452299999999999,starter,NA,2025,20.4
4,Jonathan Taylor,RB,1,12.8,4.779666666666667,starter,NA,2025,17.4
4,James Cook,RB,1,21.2,13.179666666666666,starter,NA,2025,14.9
4,Tetairoa McMillan,WR,1,11.8,-2.4929999999999986,starter,NA,2025,13.6
4,Terry McLaurin,WR,1,4.7,-9.593,starter,NA,2025,15.3
4,Trey McBride,TE,1,12.1,5.162,starter,NA,2025,16.8
4,Amon-Ra St. Brown,WR,1,8.5,-5.792999999999999,starter,NA,2025,20
4,Bryce Young,QB,1,10.16,-5.112299999999999,starter,NA,2025,15.9
4,Evan McPherson,K,1,5,-3.583333333333334,starter,NA,2025,8
4,Arizona Cardinals,DST,1,5,-0.26333333333333275,starter,NA,2025,31
5,Trevor Lawrence,QB,1,11.32,-3.9522999999999993,starter,NA,2025,16.4
5,Bucky Irving,RB,1,14.5,6.479666666666667,starter,NA,2025,16.8
5,Kyren Williams,RB,1,13.9,5.879666666666667,starter,NA,2025,15.9
5,Ladd McConkey,WR,1,13.4,-0.8929999999999989,starter,NA,2025,17.8
5,Courtland Sutton,WR,1,18.1,3.807000000000002,starter,NA,2025,17.3
5,David Njoku,TE,1,6.7,-0.23799999999999955,starter,NA,2025,11.8
5,Marvin Harrison Jr.,WR,1,18.1,3.807000000000002,starter,NA,2025,14.6
5,Geno Smith,QB,1,18.48,3.207700000000001,starter,NA,2025,16
5,Matt Gay,K,1,3,-5.583333333333334,starter,NA,2025,13
5,New England Patriots,DST,1,7,1.7366666666666672,starter,NA,2025,10
6,Josh Allen,QB,1,38.76,23.487699999999997,starter,NA,2025,23
6,Jahmyr Gibbs,RB,1,15,6.979666666666667,starter,NA,2025,19.1
6,Tony Pollard,RB,1,7.9,-0.12033333333333296,starter,NA,2025,15.7
6,A.J. Brown,WR,1,1.8,-12.492999999999999,starter,NA,2025,17.6
6,Tee Higgins,WR,1,6.3,-7.992999999999999,starter,NA,2025,16
6,Dallas Goedert,TE,1,11.4,4.462000000000001,starter,NA,2025,9.8
6,Xavier Worthy,WR,1,0,-14.293,starter,NA,2025,16.3
6,Michael Penix Jr.,QB,1,24.02,8.7477,starter,NA,2025,14.7
6,Cameron Dicker,K,1,9,0.4166666666666661,starter,NA,2025,26
6,Minnesota Vikings,DST,1,6,0.7366666666666672,starter,NA,2025,32
7,Drake Maye,QB,1,16.78,1.5077000000000016,starter,NA,2025,15.3
7,Bijan Robinson,RB,1,24.4,16.379666666666665,starter,NA,2025,19.8
7,Christian McCaffrey,RB,1,23.2,15.179666666666666,starter,NA,2025,19.1
7,Puka Nacua,WR,1,23.1,8.807000000000002,starter,NA,2025,18.6
7,Nico Collins,WR,1,5.5,-8.793,starter,NA,2025,19.9
7,Travis Kelce,TE,1,12.7,5.762,starter,NA,2025,16.6
7,Garrett Wilson,WR,1,22.5,8.207,starter,NA,2025,14.4
7,Jared Goff,QB,1,11.9,-3.372299999999999,starter,NA,2025,16.3
7,Wil Lutz,K,1,8,-0.5833333333333339,starter,NA,2025,29
7,Cincinnati Bengals,DST,1,7,1.7366666666666672,starter,NA,2025,5
8,Jalen Hurts,QB,1,24.28,9.007700000000002,starter,NA,2025,23.6
8,Chuba Hubbard,RB,1,17.9,3.6069999999999993,starter,NA,2025,13
8,Omarion Hampton,RB,1,8.1,-6.193,starter,NA,2025,13.2
8,Marvin Mims Jr.,WR,1,2.2,-11.798166666666667,starter,NA,2025,10.9
8,Cedric Tillman,WR,1,16.2,2.201833333333333,starter,NA,2025,9.7
8,T.J. Hockenson,TE,1,4.5,-2.4379999999999997,starter,NA,2025,11.4
8,RJ Harvey,RB,1,7.9,-6.392999999999999,starter,NA,2025,9.6
8,Bo Nix,QB,1,8.84,-6.4323,starter,NA,2025,19.1
8,Jake Bates,K,1,7,-1.583333333333334,starter,NA,2025,31
8,Denver Broncos,DST,1,16,10.736666666666668,starter,NA,2025,21
9,Caleb Williams,QB,1,24.2,8.9277,starter,NA,2025,17.3
9,Jerome Ford,RB,1,1.5,-12.793,starter,NA,2025,11.5
9,Jaylen Warren,RB,1,13.9,-0.3929999999999989,starter,NA,2025,13.1
9,Malik Nabers,WR,1,12.1,-1.8981666666666666,starter,NA,2025,19.7
9,Jaxon Smith-Njigba,WR,1,19.4,5.401833333333332,starter,NA,2025,15.9
9,Jake Ferguson,TE,1,7.3,0.3620000000000001,starter,NA,2025,10.6
9,Jordan Mason,RB,1,8.5,-5.792999999999999,starter,NA,2025,6
9,Cameron Ward,QB,1,2.48,-12.7923,starter,NA,2025,14.3
9,Tyler Loop,K,1,12,3.416666666666666,starter,NA,2025,19
9,Washington Commanders,DST,1,10,4.736666666666667,starter,NA,2025,9
10,Jayden Daniels,QB,1,20.12,4.8477000000000015,starter,NA,2025,22.4
10,Chase Brown,RB,1,13.1,-1.1929999999999996,starter,NA,2025,16.1
10,Alvin Kamara,RB,1,13.7,-0.593,starter,NA,2025,18.2
10,Tyreek Hill,WR,1,8,-5.998166666666666,starter,NA,2025,16.8
10,Davante Adams,WR,1,9.1,-4.898166666666667,starter,NA,2025,16.3
10,George Kittle,TE,1,12.5,5.562,starter,NA,2025,14.8
10,Isiah Pacheco,RB,1,4.8,-9.492999999999999,starter,NA,2025,12.8
10,Justin Fields,QB,1,29.52,14.2477,starter,NA,2025,16.9
10,Brandon Aubrey,K,1,11,2.416666666666666,starter,NA,2025,21
10,Philadelphia Eagles,DST,1,4,-1.2633333333333328,starter,NA,2025,18
11,Lamar Jackson,QB,1,29.36,14.0877,starter,NA,2025,23.7
11,Breece Hall,RB,1,16.5,8.479666666666667,starter,NA,2025,14
11,James Conner,RB,1,14.4,6.379666666666667,starter,NA,2025,13.3
11,Brian Thomas Jr.,WR,1,9,-5.292999999999999,starter,NA,2025,17.2
11,Jaylen Waddle,WR,1,7,-7.292999999999999,starter,NA,2025,14.1
11,Tucker Kraft,TE,1,9.9,2.9620000000000006,starter,NA,2025,10.6
11,Jameson Williams,WR,1,6.6,-7.693,starter,NA,2025,13.7
11,Joe Flacco,QB,1,14.2,-1.0723000000000003,starter,NA,2025,14.4
11,Chase McLaughlin,K,1,4,-4.583333333333334,starter,NA,2025,18
11,Los Angeles Rams,DST,1,12,6.736666666666667,starter,NA,2025,25
12,Jordan Love,QB,1,15.92,0.6477000000000004,starter,NA,2025,15.8
12,Saquon Barkley,RB,1,18.4,4.106999999999999,starter,NA,2025,19.8
12,Derrick Henry,RB,1,29.2,14.907,starter,NA,2025,18.1
12,Calvin Ridley,WR,1,6.7,-7.298166666666666,starter,NA,2025,13.5
12,George Pickens,WR,1,6,-7.998166666666666,starter,NA,2025,12.9
12,Sam LaPorta,TE,1,13.9,6.962000000000001,starter,NA,2025,10.5
12,Josh Jacobs,RB,1,14,-0.29299999999999926,starter,NA,2025,17.2
12,Baker Mayfield,QB,1,22.58,7.307699999999999,starter,NA,2025,19.3
12,Harrison Butker,K,1,10,1.416666666666666,starter,NA,2025,24
12,Pittsburgh Steelers,DST,1,2,-3.2633333333333328,starter,NA,2025,0
1,Justin Herbert,QB,2,18.78,3.407366666666668,starter,NA,2025,19.3
1,Ashton Jeanty,RB,2,7.4,-2.1195000000000004,starter,NA,2025,14.8
1,David Montgomery,RB,2,13.1,3.580499999999999,starter,NA,2025,7.9
1,Ja'Marr Chase,WR,2,36.5,25.1645,starter,NA,2025,21.3
1,Zay Flowers,WR,2,14.9,3.5645000000000007,starter,NA,2025,17.1
1,Tyler Warren,TE,2,11.9,1.8469999999999995,starter,NA,2025,12.2
1,DeVonta Smith,WR,2,9.3,-2.035499999999999,starter,NA,2025,14.1
1,Kyler Murray,QB,2,15,-0.37263333333333293,starter,NA,2025,18.9
1,Ka'imi Fairbairn,K,2,9,0.7666666666666657,starter,NA,2025,30
1,Houston Texans,DST,2,8,2.211666666666667,starter,NA,2025,27
2,Patrick Mahomes,QB,2,23.08,10.199027272727271,starter,NA,2025,18.3
2,Austin Ekeler,RB,2,4.4,-5.1195,starter,NA,2025,10.2
2,De'Von Achane,RB,2,26.2,16.6805,starter,NA,2025,17.3
2,CeeDee Lamb,WR,2,20.2,4.827366666666666,starter,NA,2025,21
2,Drake London,WR,2,5.9,-9.472633333333333,starter,NA,2025,16.5
2,Will Dissly,TE,2,1.7,-8.353000000000002,starter,NA,2025,4.5
2,Mike Evans,WR,2,10.6,-4.772633333333333,starter,NA,2025,17
2,Deebo Samuel Sr.,WR,2,17.4,2.0273666666666657,starter,NA,2025,14.4
2,Daniel Carlson,K,2,12,3.7666666666666657,starter,NA,2025,17
2,Detroit Lions,DST,2,9,3.211666666666667,starter,NA,2025,26
3,Dak Prescott,QB,2,23.14,7.767366666666668,starter,NA,2025,16
3,Kenneth Walker III,RB,2,18.8,7.464500000000001,starter,NA,2025,13.3
3,Javonte Williams,RB,2,25,13.6645,starter,NA,2025,12
3,Justin Jefferson,WR,2,11.1,-0.8681666666666672,starter,NA,2025,18.7
3,D.J. Moore,WR,2,9.6,-2.368166666666667,starter,NA,2025,13.6
3,Brock Bowers,TE,2,8.8,-1.2530000000000001,starter,NA,2025,17.3
3,Tyrone Tracy Jr.,RB,2,9.1,-2.2355,starter,NA,2025,11.3
3,Sam Darnold,QB,2,17.8,2.427366666666668,starter,NA,2025,13.6
3,Jake Elliott,K,2,12,3.7666666666666657,starter,NA,2025,23
3,San Francisco 49ers,DST,2,7,1.211666666666667,starter,NA,2025,12
4,Joe Burrow,QB,2,7.04,-8.332633333333334,starter,NA,2025,19.8
4,Jonathan Taylor,RB,2,29.5,19.9805,starter,NA,2025,16.4
4,James Cook,RB,2,26.5,16.9805,starter,NA,2025,14.9
4,Amon-Ra St. Brown,WR,2,39.2,27.864500000000003,starter,NA,2025,18.8
4,Terry McLaurin,WR,2,9.8,-1.535499999999999,starter,NA,2025,15.1
4,Trey McBride,TE,2,13.8,3.747,starter,NA,2025,16.5
4,Tetairoa McMillan,WR,2,16,4.6645,starter,NA,2025,13.5
4,Daniel Jones,QB,2,22.84,7.467366666666667,starter,NA,2025,16.5
4,Evan McPherson,K,2,7,-1.2333333333333343,starter,NA,2025,8
4,Arizona Cardinals,DST,2,14,8.211666666666666,starter,NA,2025,31
5,J.J. McCarthy,QB,2,4.82,-10.552633333333333,starter,NA,2025,16.2
5,Kyren Williams,RB,2,10,0.48049999999999926,starter,NA,2025,16.3
5,Bucky Irving,RB,2,18.1,8.5805,starter,NA,2025,15.6
5,Courtland Sutton,WR,2,1.6,-9.7355,starter,NA,2025,17.2
5,Ladd McConkey,WR,2,9.8,-1.535499999999999,starter,NA,2025,17.7
5,David Njoku,TE,2,8,-2.053000000000001,starter,NA,2025,11.9
5,Marvin Harrison Jr.,WR,2,4.7,-6.6354999999999995,starter,NA,2025,14.6
5,Trevor Lawrence,QB,2,21.24,5.8673666666666655,starter,NA,2025,17.2
5,Cam Little,K,2,10,1.7666666666666657,starter,NA,2025,20
5,Dallas Cowboys,DST,2,1,-4.788333333333333,starter,NA,2025,13
6,Josh Allen,QB,2,11.82,-3.5526333333333326,starter,NA,2025,24.9
6,Jahmyr Gibbs,RB,2,19.4,9.880499999999998,starter,NA,2025,17.4
6,Tony Pollard,RB,2,9.2,-0.31950000000000145,starter,NA,2025,15.9
6,A.J. Brown,WR,2,7.7,-3.6354999999999995,starter,NA,2025,17
6,Tee Higgins,WR,2,14.6,3.2645,starter,NA,2025,14.4
6,Brenton Strange,TE,2,4.7,-5.353000000000001,starter,NA,2025,9.1
6,Rome Odunze,WR,2,31.8,20.4645,starter,NA,2025,13.8
6,Michael Penix Jr.,QB,2,5.3,-10.072633333333332,starter,NA,2025,15.7
6,Cameron Dicker,K,2,8,-0.23333333333333428,starter,NA,2025,26
6,Minnesota Vikings,DST,2,6,0.2116666666666669,starter,NA,2025,32
7,Drake Maye,QB,2,26.3,10.927366666666668,starter,NA,2025,17.5
7,Bijan Robinson,RB,2,19.8,10.2805,starter,NA,2025,21.1
7,Christian McCaffrey,RB,2,22.7,13.180499999999999,starter,NA,2025,21
7,Puka Nacua,WR,2,27.6,16.2645,starter,NA,2025,18.5
7,Hollywood Brown,WR,2,8,-3.3354999999999997,starter,NA,2025,13.1
7,Travis Kelce,TE,2,10.1,0.04699999999999882,starter,NA,2025,15.8
7,Garrett Wilson,WR,2,9,-2.3354999999999997,starter,NA,2025,15
7,Jared Goff,QB,2,33.96,18.587366666666668,starter,NA,2025,16
7,Wil Lutz,K,2,3,-5.233333333333334,starter,NA,2025,29
7,Baltimore Ravens,DST,2,16,10.211666666666666,starter,NA,2025,14
8,Jalen Hurts,QB,2,11.54,-3.832633333333334,starter,NA,2025,22.3
8,Chuba Hubbard,RB,2,18.7,7.3645,starter,NA,2025,13.1
8,Omarion Hampton,RB,2,3.5,-7.8355,starter,NA,2025,13.8
8,Dont'e Thornton,WR,2,3,-8.968166666666667,starter,NA,2025,6.5
8,Cedric Tillman,WR,2,10.2,-1.7681666666666676,starter,NA,2025,9.7
8,T.J. Hockenson,TE,2,2.2,-7.853000000000001,starter,NA,2025,11.2
8,Zach Charbonnet,RB,2,1,-10.3355,starter,NA,2025,9.6
8,Bo Nix,QB,2,21.24,5.8673666666666655,starter,NA,2025,17.6
8,Jake Bates,K,2,9,0.7666666666666657,starter,NA,2025,31
8,Denver Broncos,DST,2,0,-5.788333333333333,starter,NA,2025,21
9,Caleb Williams,QB,2,17.98,5.099027272727273,starter,NA,2025,19.1
9,Dylan Sampson,RB,2,10.9,1.3804999999999996,starter,NA,2025,11.9
9,Jaylen Warren,RB,2,17.4,7.880499999999998,starter,NA,2025,10.4
9,Malik Nabers,WR,2,37.7,22.32736666666667,starter,NA,2025,17.7
9,Jaxon Smith-Njigba,WR,2,18.3,2.927366666666668,starter,NA,2025,16.1
9,Dalton Kincaid,TE,2,7.7,-2.3530000000000006,starter,NA,2025,9.8
9,Khalil Shakir,WR,2,2.2,-13.172633333333334,starter,NA,2025,13.3
9,Keenan Allen,WR,2,17.1,1.7273666666666685,starter,NA,2025,11.3
9,Tyler Loop,K,2,12,3.7666666666666657,starter,NA,2025,19
9,Washington Commanders,DST,2,2,-3.788333333333333,starter,NA,2025,9
10,Jayden Daniels,QB,2,19.7,4.327366666666666,starter,NA,2025,22.4
10,Chase Brown,RB,2,8.5,-1.0195000000000007,starter,NA,2025,15.3
10,Alvin Kamara,RB,2,16,6.480499999999999,starter,NA,2025,14.8
10,Tyreek Hill,WR,2,16.9,5.564499999999999,starter,NA,2025,15.5
10,Davante Adams,WR,2,22.6,11.264500000000002,starter,NA,2025,14.6
10,Mike Gesicki,TE,2,4.8,-5.253000000000001,starter,NA,2025,5.6
10,Jakobi Meyers,WR,2,12.8,1.464500000000001,starter,NA,2025,14.6
10,Justin Fields,QB,2,3.98,-11.392633333333333,starter,NA,2025,18
10,Brandon Aubrey,K,2,22,13.766666666666666,starter,NA,2025,21
10,Philadelphia Eagles,DST,2,6,0.2116666666666669,starter,NA,2025,18
11,Lamar Jackson,QB,2,26.3,10.927366666666668,starter,NA,2025,22.8
11,Breece Hall,RB,2,5.8,-3.719500000000001,starter,NA,2025,14.5
11,James Conner,RB,2,12.2,2.6804999999999986,starter,NA,2025,13.6
11,Brian Thomas Jr.,WR,2,8.9,-2.4354999999999993,starter,NA,2025,17.3
11,Michael Pittman Jr.,WR,2,8,-3.3354999999999997,starter,NA,2025,13.8
11,Hunter Henry,TE,2,1.9,-8.153,starter,NA,2025,10.8
11,Jaylen Waddle,WR,2,17.8,6.464500000000001,starter,NA,2025,13.6
11,Joe Flacco,QB,2,9.76,-5.612633333333333,starter,NA,2025,14.9
11,Brandon McManus,K,2,10,1.7666666666666657,starter,NA,2025,0
11,Los Angeles Rams,DST,2,9,3.211666666666667,starter,NA,2025,25
12,Jordan Love,QB,2,20.88,5.507366666666666,starter,NA,2025,15.9
12,Saquon Barkley,RB,2,17.4,6.064499999999999,starter,NA,2025,19
12,Derrick Henry,RB,2,2.3,-9.035499999999999,starter,NA,2025,17.8
12,Stefon Diggs,WR,2,7.2,-4.768166666666667,starter,NA,2025,12.3
12,George Pickens,WR,2,17.8,5.831833333333334,starter,NA,2025,12.7
12,Sam LaPorta,TE,2,5.6,-4.453000000000001,starter,NA,2025,10.4
12,Josh Jacobs,RB,2,14.4,3.0645000000000007,starter,NA,2025,14.8
12,Baker Mayfield,QB,2,19.9,4.527366666666666,starter,NA,2025,18.2
12,Harrison Butker,K,2,6,-2.2333333333333343,starter,NA,2025,24
12,Pittsburgh Steelers,DST,2,5,-0.7883333333333331,starter,NA,2025,0
1,Jared Goff,QB,3,12.68,-0.38846666666666607,starter,NA,2025,16.3
1,Ashton Jeanty,RB,3,6.3,-4.677833333333333,starter,NA,2025,14
1,Nick Chubb,RB,3,7,-3.977833333333333,starter,NA,2025,9.1
1,Ja'Marr Chase,WR,3,8.9,-1.4730000000000008,starter,NA,2025,18.6
1,Nico Collins,WR,3,22.4,12.026999999999997,starter,NA,2025,15.7
1,Tyler Warren,TE,3,6.8,-3.089666666666667,starter,NA,2025,12.5
1,DeVonta Smith,WR,3,20,9.626999999999999,starter,NA,2025,13.4
1,Kyler Murray,QB,3,14.06,0.9915333333333347,starter,NA,2025,18.7
1,Ka'imi Fairbairn,K,3,3,-7.625,starter,NA,2025,30
1,Houston Texans,DST,3,5,-0.6133333333333342,starter,NA,2025,27
2,Patrick Mahomes,QB,3,13.16,3.930269696969699,starter,NA,2025,19.8
2,J.K. Dobbins,RB,3,15.3,4.322166666666668,starter,NA,2025,9.9
2,De'Von Achane,RB,3,16.1,5.1221666666666685,starter,NA,2025,18.9
2,CeeDee Lamb,WR,3,0,-13.068466666666666,starter,NA,2025,19.9
2,Drake London,WR,3,10.5,-2.568466666666666,starter,NA,2025,14.4
2,Juwan Johnson,TE,3,11.1,1.2103333333333328,starter,NA,2025,11.6
2,Mike Evans,WR,3,13.3,0.23153333333333492,starter,NA,2025,16.7
2,Deebo Samuel Sr.,WR,3,4.9,-8.168466666666665,starter,NA,2025,14.4
2,Daniel Carlson,K,3,4,-6.625,starter,NA,2025,17
2,Buffalo Bills,DST,3,2,-3.613333333333334,starter,NA,2025,28
3,Dak Prescott,QB,3,14.04,0.9715333333333334,starter,NA,2025,17.8
3,Kenneth Walker III,RB,3,18,7.022166666666667,starter,NA,2025,15.6
3,Javonte Williams,RB,3,12.2,1.2221666666666664,starter,NA,2025,15.1
3,Justin Jefferson,WR,3,12.5,2.126999999999999,starter,NA,2025,17
3,D.J. Moore,WR,3,12.8,2.4269999999999996,starter,NA,2025,13.9
3,Brock Bowers,TE,3,9.8,-0.08966666666666612,starter,NA,2025,14.7
3,Dyami Brown,WR,3,2.7,-7.673000000000001,starter,NA,2025,6.7
3,Sam Darnold,QB,3,16.72,3.651533333333333,starter,NA,2025,14.8
3,Jake Elliott,K,3,3,-7.625,starter,NA,2025,23
3,New England Patriots,DST,3,3,-2.613333333333334,starter,NA,2025,10
4,Daniel Jones,QB,3,15.82,2.7515333333333345,starter,NA,2025,17.9
4,Jonathan Taylor,RB,3,32.8,21.822166666666664,starter,NA,2025,20
4,James Cook,RB,3,20.8,9.822166666666668,starter,NA,2025,18.4
4,Amon-Ra St. Brown,WR,3,20.7,10.326999999999998,starter,NA,2025,18.9
4,Terry McLaurin,WR,3,10.4,0.026999999999999247,starter,NA,2025,14.3
4,Trey McBride,TE,3,15.3,5.410333333333334,starter,NA,2025,16.4
4,Tetairoa McMillan,WR,3,7.8,-2.5730000000000013,starter,NA,2025,15.1
4,Matthew Stafford,QB,3,14.84,1.771533333333334,starter,NA,2025,15.1
4,Evan McPherson,K,3,5,-5.625,starter,NA,2025,8
4,Seattle Seahawks,DST,3,16,10.386666666666667,starter,NA,2025,29
5,Geno Smith,QB,3,26.06,12.991533333333333,starter,NA,2025,15.5
5,Travis Etienne,RB,3,11.6,0.6221666666666668,starter,NA,2025,13.6
5,Bucky Irving,RB,3,13.9,2.9221666666666675,starter,NA,2025,16.3
5,Emeka Egbuka,WR,3,14.5,4.126999999999999,starter,NA,2025,14.5
5,Ladd McConkey,WR,3,8.1,-2.2730000000000015,starter,NA,2025,15
5,Jonnu Smith,TE,3,5.3,-4.589666666666667,starter,NA,2025,8.3
5,Marvin Harrison Jr.,WR,3,7.4,-2.9730000000000008,starter,NA,2025,14.1
5,Trevor Lawrence,QB,3,8.78,-4.288466666666666,starter,NA,2025,16.8
5,Parker Romo,K,3,-2,-12.625,starter,NA,2025,0
5,Jacksonville Jaguars,DST,3,13,7.386666666666666,starter,NA,2025,8
6,Josh Allen,QB,3,23.02,9.951533333333334,starter,NA,2025,24.4
6,Jahmyr Gibbs,RB,3,26.9,15.922166666666666,starter,NA,2025,17
6,Tony Pollard,RB,3,13.9,2.9221666666666675,starter,NA,2025,15.4
6,A.J. Brown,WR,3,22.9,12.526999999999997,starter,NA,2025,15
6,Tee Higgins,WR,3,2.5,-7.873000000000001,starter,NA,2025,14
6,Brenton Strange,TE,3,12.1,2.210333333333333,starter,NA,2025,8.9
6,Rome Odunze,WR,3,15.2,4.826999999999998,starter,NA,2025,15.8
6,Michael Penix Jr.,QB,3,5.78,-7.2884666666666655,starter,NA,2025,15.1
6,Matt Prater,K,3,7,-3.625,starter,NA,2025,27
6,Tampa Bay Buccaneers,DST,3,15,9.386666666666667,starter,NA,2025,11
7,Justin Herbert,QB,3,15.6,2.531533333333334,starter,NA,2025,20.2
7,Bijan Robinson,RB,3,16.1,5.1221666666666685,starter,NA,2025,21.8
7,Christian McCaffrey,RB,3,24,13.022166666666667,starter,NA,2025,20.5
7,Puka Nacua,WR,3,22.8,12.427,starter,NA,2025,17.3
7,Zay Flowers,WR,3,3.3,-7.073000000000001,starter,NA,2025,16.8
7,Travis Kelce,TE,3,6.6,-3.289666666666667,starter,NA,2025,13.3
7,Garrett Wilson,WR,3,24.4,14.026999999999997,starter,NA,2025,14.2
7,Drake Maye,QB,3,20.22,7.151533333333333,starter,NA,2025,17.9
7,Spencer Shrader,K,3,10,-0.625,starter,NA,2025,28
7,Atlanta Falcons,DST,3,2,-3.613333333333334,starter,NA,2025,0
8,Jalen Hurts,QB,3,29.04,15.971533333333333,starter,NA,2025,21.6
8,Chuba Hubbard,RB,3,9.6,-0.7730000000000015,starter,NA,2025,12.7
8,Omarion Hampton,RB,3,24.9,14.526999999999997,starter,NA,2025,12
8,Christian Kirk,WR,3,5.5,-5.459,starter,NA,2025,6.3
8,Cedric Tillman,WR,3,5.6,-5.359,starter,NA,2025,8.2
8,T.J. Hockenson,TE,3,15.9,6.0103333333333335,starter,NA,2025,11
8,Rachaad White,RB,3,2.4,-7.973000000000001,starter,NA,2025,7.6
8,Bo Nix,QB,3,13.42,0.35153333333333414,starter,NA,2025,17.2
8,Jake Bates,K,3,8,-2.625,starter,NA,2025,31
8,Denver Broncos,DST,3,10,4.386666666666666,starter,NA,2025,21
9,Caleb Williams,QB,3,29.12,16.051533333333335,starter,NA,2025,18.8
9,Jordan Mason,RB,3,23.6,12.622166666666669,starter,NA,2025,11.4
9,Jaylen Warren,RB,3,13.1,2.1221666666666668,starter,NA,2025,12
9,Malik Nabers,WR,3,3.3,-7.073000000000001,starter,NA,2025,17.9
9,Keenan Allen,WR,3,19.5,9.126999999999999,starter,NA,2025,12.6
9,Zach Ertz,TE,3,6.8,-3.089666666666667,starter,NA,2025,12.2
9,Jaxon Smith-Njigba,WR,3,20.6,10.227,starter,NA,2025,17.9
9,Mac Jones,QB,3,14.26,1.191533333333334,starter,NA,2025,15.8
9,Tyler Loop,K,3,7,-3.625,starter,NA,2025,19
9,Washington Commanders,DST,3,11,5.386666666666666,starter,NA,2025,9
10,Marcus Mariota,QB,3,20.28,7.211533333333335,starter,NA,2025,17.6
10,Chase Brown,RB,3,6,-4.977833333333333,starter,NA,2025,13.1
10,Alvin Kamara,RB,3,6.6,-4.377833333333333,starter,NA,2025,14.1
10,Tyreek Hill,WR,3,15.9,5.526999999999999,starter,NA,2025,14.4
10,Davante Adams,WR,3,14.6,4.2269999999999985,starter,NA,2025,16.3
10,Mike Gesicki,TE,3,1.6,-8.289666666666667,starter,NA,2025,4.7
10,Jakobi Meyers,WR,3,9.3,-1.0730000000000004,starter,NA,2025,14.5
10,C.J. Stroud,QB,3,12.36,-0.7084666666666664,starter,NA,2025,16
10,Brandon Aubrey,K,3,8,-2.625,starter,NA,2025,21
10,Philadelphia Eagles,DST,3,13,7.386666666666666,starter,NA,2025,18
11,Lamar Jackson,QB,3,27.02,17.7902696969697,starter,NA,2025,23.4
11,Breece Hall,RB,3,9.2,-1.7778333333333336,starter,NA,2025,14.5
11,Rhamondre Stevenson,RB,3,4.6,-6.377833333333333,starter,NA,2025,11.3
11,Jameson Williams,WR,3,6.3,-6.768466666666666,starter,NA,2025,13.7
11,Michael Pittman Jr.,WR,3,19.3,6.231533333333335,starter,NA,2025,15.2
11,Tucker Kraft,TE,3,5.9,-3.9896666666666665,starter,NA,2025,11.7
11,Travis Hunter,WR,3,3.1,-9.968466666666666,starter,NA,2025,10.9
11,Brian Thomas Jr.,WR,3,7.5,-5.568466666666666,starter,NA,2025,14.8
11,Brandon McManus,K,3,3,-7.625,starter,NA,2025,0
11,Los Angeles Rams,DST,3,6,0.3866666666666658,starter,NA,2025,25
12,Jordan Love,QB,3,12.12,-0.9484666666666666,starter,NA,2025,17
12,Saquon Barkley,RB,3,9.5,-0.8730000000000011,starter,NA,2025,17.6
12,Derrick Henry,RB,3,10.7,0.3269999999999982,starter,NA,2025,16.4
12,Wan'Dale Robinson,WR,3,3.6,-7.359,starter,NA,2025,11.3
12,George Pickens,WR,3,17.8,6.841000000000001,starter,NA,2025,12.8
12,Sam LaPorta,TE,3,7.3,-2.589666666666667,starter,NA,2025,10.6
12,Josh Jacobs,RB,3,12.4,2.0269999999999992,starter,NA,2025,15
12,Baker Mayfield,QB,3,17.72,4.651533333333333,starter,NA,2025,17.9
12,Harrison Butker,K,3,11,0.375,starter,NA,2025,24
12,Pittsburgh Steelers,DST,3,20,14.386666666666667,starter,NA,2025,0
1,Jared Goff,QB,4,13.72,-0.7543000000000006,starter,NA,2025,17.9
1,Ashton Jeanty,RB,4,33.5,25.1705,starter,NA,2025,12.6
1,David Montgomery,RB,4,1.2,-7.129499999999999,starter,NA,2025,9.9
1,Ja'Marr Chase,WR,4,7.3,-3.860499999999999,starter,NA,2025,15.9
1,Nico Collins,WR,4,11.9,0.7395000000000014,starter,NA,2025,15.4
1,Tyler Warren,TE,4,18.3,9.950333333333333,starter,NA,2025,12.4
1,DeVonta Smith,WR,4,4.9,-6.260499999999999,starter,NA,2025,13.3
1,Kyler Murray,QB,4,18.1,3.6257,starter,NA,2025,17.7
1,Ka'imi Fairbairn,K,4,9,-0.9833333333333343,starter,NA,2025,30
1,Houston Texans,DST,4,14,9.086666666666666,starter,NA,2025,27
2,Brock Purdy,QB,4,19.66,5.185699999999999,starter,NA,2025,16.4
2,J.K. Dobbins,RB,4,11.5,3.1705000000000005,starter,NA,2025,12.3
2,De'Von Achane,RB,4,17.1,8.770500000000002,starter,NA,2025,19.7
2,Drake London,WR,4,25,13.839500000000001,starter,NA,2025,14
2,Deebo Samuel Sr.,WR,4,20.1,8.939500000000002,starter,NA,2025,15.4
2,Juwan Johnson,TE,4,5.8,-2.549666666666668,starter,NA,2025,13.2
2,Darius Slayton,WR,4,7.4,-3.7604999999999986,starter,NA,2025,5.6
2,Patrick Mahomes,QB,4,27.3,12.8257,starter,NA,2025,20.1
2,Daniel Carlson,K,4,5,-4.983333333333334,starter,NA,2025,17
2,Buffalo Bills,DST,4,7,2.086666666666666,starter,NA,2025,28
3,Dak Prescott,QB,4,30.96,16.4857,starter,NA,2025,14.7
3,Kenneth Walker III,RB,4,12,3.6705000000000005,starter,NA,2025,13.5
3,Javonte Williams,RB,4,19,10.6705,starter,NA,2025,15.6
3,Justin Jefferson,WR,4,22.6,11.439500000000002,starter,NA,2025,16.6
3,D.J. Moore,WR,4,7.8,-3.360499999999999,starter,NA,2025,10.4
3,Brock Bowers,TE,4,9.6,1.250333333333332,starter,NA,2025,14.4
3,Matthew Golden,WR,4,11.3,0.13950000000000173,starter,NA,2025,11.9
3,Sam Darnold,QB,4,16.08,1.605699999999997,starter,NA,2025,14.6
3,Jake Elliott,K,4,7,-2.9833333333333343,starter,NA,2025,23
3,New England Patriots,DST,4,12,7.086666666666666,starter,NA,2025,10
4,Daniel Jones,QB,4,12.38,-2.0943000000000005,starter,NA,2025,17.4
4,Jonathan Taylor,RB,4,14.6,6.2705,starter,NA,2025,19.1
4,James Cook,RB,4,22.5,14.1705,starter,NA,2025,19.3
4,Amon-Ra St. Brown,WR,4,26,14.839500000000001,starter,NA,2025,19.4
4,Tetairoa McMillan,WR,4,10.2,-0.9604999999999997,starter,NA,2025,13.4
4,Trey McBride,TE,4,12.2,3.8503333333333316,starter,NA,2025,15
4,Chris Olave,WR,4,10,-1.160499999999999,starter,NA,2025,14
4,Matthew Stafford,QB,4,27.4,12.925699999999997,starter,NA,2025,15.2
4,Cameron Dicker,K,4,5,-4.983333333333334,starter,NA,2025,26
4,Seattle Seahawks,DST,4,11,6.086666666666666,starter,NA,2025,29
5,Geno Smith,QB,4,12.78,-1.694300000000002,starter,NA,2025,16
5,Kyren Williams,RB,4,10.4,2.070500000000001,starter,NA,2025,15.5
5,Bucky Irving,RB,4,25.5,17.1705,starter,NA,2025,16
5,Emeka Egbuka,WR,4,20.1,8.939500000000002,starter,NA,2025,16.5
5,Courtland Sutton,WR,4,19.1,7.9395000000000024,starter,NA,2025,16.5
5,David Njoku,TE,4,3.1,-5.249666666666668,starter,NA,2025,11.6
5,Ladd McConkey,WR,4,2.1,-9.0605,starter,NA,2025,14.9
5,Trevor Lawrence,QB,4,11.66,-2.814300000000001,starter,NA,2025,15.7
5,Wil Lutz,K,4,4,-5.983333333333334,starter,NA,2025,29
5,Los Angeles Chargers,DST,4,7,2.086666666666666,starter,NA,2025,19
6,Josh Allen,QB,4,25.86,11.385699999999998,starter,NA,2025,22.8
6,Jahmyr Gibbs,RB,4,17.7,6.5395,starter,NA,2025,17.4
6,Tony Pollard,RB,4,10.6,-0.5604999999999993,starter,NA,2025,13.4
6,A.J. Brown,WR,4,2.7,-9.204,starter,NA,2025,14.8
6,Rome Odunze,WR,4,16.9,4.995999999999999,starter,NA,2025,14.4
6,Brenton Strange,TE,4,10.5,2.1503333333333323,starter,NA,2025,9.5
6,D'Andre Swift,RB,4,16,4.839500000000001,starter,NA,2025,13.2
6,Michael Penix Jr.,QB,4,19.72,5.245699999999998,starter,NA,2025,14.5
6,Matt Prater,K,4,7,-2.9833333333333343,starter,NA,2025,27
6,Minnesota Vikings,DST,4,5,0.086666666666666,starter,NA,2025,32
7,Justin Herbert,QB,4,14.52,0.0456999999999983,starter,NA,2025,21
7,Bijan Robinson,RB,4,28.1,19.770500000000002,starter,NA,2025,21.2
7,Christian McCaffrey,RB,4,26.1,17.770500000000002,starter,NA,2025,22.5
7,Puka Nacua,WR,4,36,24.8395,starter,NA,2025,20.6
7,Zay Flowers,WR,4,14.4,3.2395000000000014,starter,NA,2025,16.4
7,Travis Kelce,TE,4,9.8,1.450333333333333,starter,NA,2025,12.9
7,Garrett Wilson,WR,4,20.2,9.0395,starter,NA,2025,16.9
7,Drake Maye,QB,4,23.22,8.745699999999998,starter,NA,2025,19.2
7,Spencer Shrader,K,4,10,0.01666666666666572,starter,NA,2025,28
7,Tennessee Titans,DST,4,2,-2.913333333333334,starter,NA,2025,16
8,Jalen Hurts,QB,4,19.4,4.925699999999997,starter,NA,2025,22.8
8,Omarion Hampton,RB,4,27.5,16.3395,starter,NA,2025,15.7
8,Chuba Hubbard,RB,4,9.9,-1.2604999999999986,starter,NA,2025,12.2
8,Jordan Addison,WR,4,15.4,3.4960000000000004,starter,NA,2025,8.9
8,Christian Kirk,WR,4,5,-6.904,starter,NA,2025,8.5
8,T.J. Hockenson,TE,4,7.9,-0.4496666666666673,starter,NA,2025,11.4
8,Zach Charbonnet,RB,4,12.4,1.2395000000000014,starter,NA,2025,8
8,Bo Nix,QB,4,26.74,12.265699999999997,starter,NA,2025,17.2
8,Jake Bates,K,4,13,3.0166666666666657,starter,NA,2025,31
8,Denver Broncos,DST,4,10,5.086666666666666,starter,NA,2025,21
9,Caleb Williams,QB,4,12.78,3.467436363636363,starter,NA,2025,19.3
9,Jordan Mason,RB,4,10.2,1.8704999999999998,starter,NA,2025,12.8
9,Cam Skattebo,RB,4,13,4.6705000000000005,starter,NA,2025,15
9,Malik Nabers,WR,4,4,-10.474300000000001,starter,NA,2025,17.7
9,Jaxon Smith-Njigba,WR,4,13,-1.4743000000000013,starter,NA,2025,19
9,Jake Ferguson,TE,4,17,2.5256999999999987,starter,NA,2025,12.7
9,Dalton Kincaid,TE,4,9.8,-4.674300000000001,starter,NA,2025,9.6
9,Keenan Allen,WR,4,8.7,-5.774300000000002,starter,NA,2025,14.6
9,Tyler Loop,K,4,9,-0.9833333333333343,starter,NA,2025,19
9,Washington Commanders,DST,4,4,-0.913333333333334,starter,NA,2025,9
10,Marcus Mariota,QB,4,17.24,2.765699999999997,starter,NA,2025,18.5
10,Quinshon Judkins,RB,4,21.5,13.1705,starter,NA,2025,10.4
10,Alvin Kamara,RB,4,11.2,2.8705,starter,NA,2025,13.4
10,Tyreek Hill,WR,4,12.7,1.5395000000000003,starter,NA,2025,15.7
10,Davante Adams,WR,4,15.6,4.439500000000001,starter,NA,2025,14
10,Mike Gesicki,TE,4,1.8,-6.549666666666668,starter,NA,2025,6.5
10,Jakobi Meyers,WR,4,7,-4.160499999999999,starter,NA,2025,14.6
10,Justin Fields,QB,4,27.14,12.6657,starter,NA,2025,17.5
10,Brandon Aubrey,K,4,8,-1.9833333333333343,starter,NA,2025,21
10,Philadelphia Eagles,DST,4,16,11.086666666666666,starter,NA,2025,18
11,Lamar Jackson,QB,4,11.68,-2.7943000000000016,starter,NA,2025,26.2
11,Breece Hall,RB,4,16.1,7.770500000000002,starter,NA,2025,13.9
11,Bhayshul Tuten,RB,4,3.2,-5.129499999999999,starter,NA,2025,8.7
11,Tre Tucker,WR,4,4.2,-7.704,starter,NA,2025,11.4
11,Michael Pittman Jr.,WR,4,15.1,3.1959999999999997,starter,NA,2025,15.1
11,Tucker Kraft,TE,4,10.6,-0.5604999999999993,starter,NA,2025,11.4
11,Hunter Henry,TE,4,11.9,0.7395000000000014,starter,NA,2025,11.8
11,Spencer Rattler,QB,4,13.94,-0.5343000000000018,starter,NA,2025,14.6
11,Brandon McManus,K,4,11,1.0166666666666657,starter,NA,2025,0
11,Green Bay Packers,DST,4,-3,-7.913333333333334,starter,NA,2025,0
12,Jordan Love,QB,4,26.28,11.8057,starter,NA,2025,17.3
12,Saquon Barkley,RB,4,17.4,6.2395,starter,NA,2025,15.9
12,Derrick Henry,RB,4,7.8,-3.360499999999999,starter,NA,2025,14.8
12,Calvin Ridley,WR,4,5,-6.904,starter,NA,2025,11
12,George Pickens,WR,4,33.4,21.496,starter,NA,2025,14.9
12,Sam LaPorta,TE,4,6.9,-1.4496666666666673,starter,NA,2025,10.8
12,Josh Jacobs,RB,4,31.7,20.5395,starter,NA,2025,17.7
12,Baker Mayfield,QB,4,19.86,5.385699999999998,starter,NA,2025,18.1
12,Chris Boswell,K,4,5,-4.983333333333334,starter,NA,2025,0
12,Pittsburgh Steelers,DST,4,12,7.086666666666666,starter,NA,2025,0
1,Jared Goff,QB,5,20.12,5.011033333333334,starter,NA,2025,18
1,Ashton Jeanty,RB,5,15.9,6.3805,starter,NA,2025,12.9
1,David Montgomery,RB,5,18.22,8.700499999999998,starter,NA,2025,10.8
1,Ja'Marr Chase,WR,5,29,19.945333333333334,starter,NA,2025,15
1,Nico Collins,WR,5,16,6.945333333333334,starter,NA,2025,15.3
1,Tyler Warren,TE,5,14.4,4.872,starter,NA,2025,14.2
1,DeVonta Smith,WR,5,19.4,10.345333333333333,starter,NA,2025,11
1,Kyler Murray,QB,5,15.3,0.1910333333333334,starter,NA,2025,18.1
1,Ka'imi Fairbairn,K,5,18,9.591666666666667,starter,NA,2025,30
1,Houston Texans,DST,5,11,7.078333333333333,starter,NA,2025,27
2,Patrick Mahomes,QB,5,27.72,12.611033333333332,starter,NA,2025,19.6
2,J.K. Dobbins,RB,5,15.4,5.8805,starter,NA,2025,11.9
2,De'Von Achane,RB,5,16.6,7.080500000000001,starter,NA,2025,20.4
2,Hollywood Brown,WR,5,8.8,-0.25466666666666526,starter,NA,2025,7.7
2,Deebo Samuel Sr.,WR,5,23.6,14.545333333333335,starter,NA,2025,15.2
2,Juwan Johnson,TE,5,3.7,-5.828,starter,NA,2025,10.8
2,Darius Slayton,WR,5,4.1,-4.954666666666666,starter,NA,2025,11.1
2,Mac Jones,QB,5,22.18,7.071033333333332,starter,NA,2025,12.9
2,Daniel Carlson,K,5,5,-3.408333333333333,starter,NA,2025,17
2,Detroit Lions,DST,5,12,8.078333333333333,starter,NA,2025,26
3,Dak Prescott,QB,5,28.28,13.171033333333334,starter,NA,2025,15.2
3,Kenneth Walker III,RB,5,9.6,0.0804999999999989,starter,NA,2025,14.2
3,Javonte Williams,RB,5,26.9,17.380499999999998,starter,NA,2025,14.8
3,Justin Jefferson,WR,5,19.3,10.245333333333335,starter,NA,2025,17.6
3,Jalen Tolbert,WR,5,0,-9.054666666666666,starter,NA,2025,8.1
3,Brock Bowers,TE,5,0,-9.528,starter,NA,2025,2
3,Marvin Mims Jr.,WR,5,3.9,-5.154666666666666,starter,NA,2025,7.9
3,Sam Darnold,QB,5,28.64,13.531033333333333,starter,NA,2025,15.3
3,Jake Elliott,K,5,5,-3.408333333333333,starter,NA,2025,23
3,San Francisco 49ers,DST,5,8,4.078333333333333,starter,NA,2025,12
4,Daniel Jones,QB,5,16.68,1.5710333333333324,starter,NA,2025,17.8
4,Jonathan Taylor,RB,5,31.6,22.0805,starter,NA,2025,19.7
4,James Cook,RB,5,4.9,-4.6195,starter,NA,2025,19.3
4,Amon-Ra St. Brown,WR,5,18,8.945333333333334,starter,NA,2025,19.5
4,Tetairoa McMillan,WR,5,13.3,4.245333333333335,starter,NA,2025,13.1
4,Trey McBride,TE,5,9.1,-0.4280000000000008,starter,NA,2025,16.8
4,Quentin Johnston,WR,5,6.9,-2.1546666666666656,starter,NA,2025,15.4
4,Bryce Young,QB,5,13.02,-2.0889666666666677,starter,NA,2025,13.4
4,Cameron Dicker,K,5,6,-2.408333333333333,starter,NA,2025,26
4,Seattle Seahawks,DST,5,-3,-6.921666666666667,starter,NA,2025,29
5,Geno Smith,QB,5,7.92,-7.188966666666667,starter,NA,2025,15.6
5,Travis Etienne,RB,5,8.8,-0.7195,starter,NA,2025,14.7
5,Kyren Williams,RB,5,31.1,21.5805,starter,NA,2025,13.6
5,Emeka Egbuka,WR,5,31.3,22.245333333333335,starter,NA,2025,16.3
5,Courtland Sutton,WR,5,17.9,8.845333333333333,starter,NA,2025,15.7
5,David Njoku,TE,5,18.7,9.171999999999999,starter,NA,2025,9.2
5,Marvin Harrison Jr.,WR,5,13.8,4.745333333333335,starter,NA,2025,13.7
5,Trevor Lawrence,QB,5,27.24,12.131033333333331,starter,NA,2025,14.4
5,Wil Lutz,K,5,9,0.5916666666666668,starter,NA,2025,29
5,Indianapolis Colts,DST,5,17,13.078333333333333,starter,NA,2025,23
6,Josh Allen,QB,5,20.42,5.311033333333334,starter,NA,2025,23.3
6,Jahmyr Gibbs,RB,5,16.7,7.1804999999999986,starter,NA,2025,19
6,Tony Pollard,RB,5,14.8,5.2805,starter,NA,2025,12.6
6,Xavier Worthy,WR,5,11.1,2.0453333333333337,starter,NA,2025,14.9
6,Rashid Shaheed,WR,5,21.4,12.345333333333333,starter,NA,2025,11.4
6,Dallas Goedert,TE,5,10.9,1.3719999999999999,starter,NA,2025,8.4
6,Troy Franklin,WR,5,8.5,-0.554666666666666,starter,NA,2025,10.5
6,Cooper Rush,QB,5,4.16,-10.948966666666667,starter,NA,2025,14
6,Chase McLaughlin,K,5,12,3.591666666666667,starter,NA,2025,18
6,Minnesota Vikings,DST,5,3,-0.9216666666666669,starter,NA,2025,32
7,Justin Herbert,QB,5,15.64,0.5310333333333332,starter,NA,2025,19.6
7,Christian McCaffrey,RB,5,27.9,18.380499999999998,starter,NA,2025,21.9
7,Woody Marks,RB,5,2.4,-7.1195,starter,NA,2025,13.4
7,Puka Nacua,WR,5,24.5,15.445333333333334,starter,NA,2025,21.8
7,Garrett Wilson,WR,5,19.1,10.045333333333335,starter,NA,2025,15.7
7,Travis Kelce,TE,5,19.1,9.572000000000001,starter,NA,2025,12.5
7,Jaxon Smith-Njigba,WR,5,27.2,18.145333333333333,starter,NA,2025,18.5
7,Drake Maye,QB,5,12.12,-2.988966666666668,starter,NA,2025,19.3
7,Spencer Shrader,K,5,2,-6.408333333333333,starter,NA,2025,28
7,Arizona Cardinals,DST,5,7,3.078333333333333,starter,NA,2025,31
8,Jaxson Dart,QB,5,17.58,2.471033333333331,starter,NA,2025,18.4
8,Omarion Hampton,RB,5,13,3.945333333333334,starter,NA,2025,17.5
8,Rachaad White,RB,5,23.1,14.045333333333335,starter,NA,2025,13.1
8,Jordan Addison,WR,5,15.1,4.362666666666666,starter,NA,2025,11.5
8,Christian Kirk,WR,5,10.4,-0.3373333333333335,starter,NA,2025,8.6
8,T.J. Hockenson,TE,5,9.8,0.27200000000000024,starter,NA,2025,9.4
8,Michael Carter,RB,5,18.3,9.245333333333335,starter,NA,2025,9.1
8,Jalen Hurts,QB,5,19.5,4.391033333333333,starter,NA,2025,23.4
8,Jake Bates,K,5,5,-3.408333333333333,starter,NA,2025,31
8,Denver Broncos,DST,5,7,3.078333333333333,starter,NA,2025,21
9,Cameron Ward,QB,5,9,-2.7963969696969713,starter,NA,2025,11.6
9,Jordan Mason,RB,5,12.6,3.080499999999999,starter,NA,2025,10.9
9,Cam Skattebo,RB,5,14.4,4.8805,starter,NA,2025,15
9,Khalil Shakir,WR,5,11,-4.108966666666667,starter,NA,2025,14.9
9,Zay Flowers,WR,5,12.2,-2.908966666666668,starter,NA,2025,13.6
9,Jake Ferguson,TE,5,23.9,8.791033333333331,starter,NA,2025,13.3
9,Darren Waller,TE,5,18.8,3.6910333333333334,starter,NA,2025,7.2
9,Keenan Allen,WR,5,10.8,-4.308966666666667,starter,NA,2025,14.4
9,Tyler Loop,K,5,3,-5.408333333333333,starter,NA,2025,19
9,Washington Commanders,DST,5,14,10.078333333333333,starter,NA,2025,9
10,Jayden Daniels,QB,5,17.14,2.0310333333333332,starter,NA,2025,19.2
10,Quinshon Judkins,RB,5,13.8,4.2805,starter,NA,2025,12.8
10,Alvin Kamara,RB,5,9.5,-0.01950000000000074,starter,NA,2025,12.4
10,Elic Ayomanor,WR,5,3.8,-5.254666666666666,starter,NA,2025,11
10,Davante Adams,WR,5,13.8,4.745333333333335,starter,NA,2025,14.8
10,Mike Gesicki,TE,5,3.5,-6.0280000000000005,starter,NA,2025,5.1
10,Jakobi Meyers,WR,5,7.2,-1.8546666666666658,starter,NA,2025,14.5
10,Justin Fields,QB,5,25.92,10.811033333333334,starter,NA,2025,19.3
10,Brandon Aubrey,K,5,6,-2.408333333333333,starter,NA,2025,21
10,Philadelphia Eagles,DST,5,2,-1.9216666666666669,starter,NA,2025,18
11,Spencer Rattler,QB,5,16.1,4.30360303030303,starter,NA,2025,14.8
11,Breece Hall,RB,5,17.5,7.980499999999999,starter,NA,2025,15.5
11,Rhamondre Stevenson,RB,5,14.7,5.1804999999999986,starter,NA,2025,9.4
11,Jaylen Waddle,WR,5,23,7.891033333333333,starter,NA,2025,14.1
11,Michael Pittman Jr.,WR,5,14.9,-0.20896666666666697,starter,NA,2025,15.7
11,Hunter Henry,TE,5,6.6,-2.928000000000001,starter,NA,2025,11.9
11,Brian Thomas Jr.,WR,5,12,-3.1089666666666673,starter,NA,2025,11
11,Jameson Williams,WR,5,2,-13.108966666666667,starter,NA,2025,13.7
11,Jason Myers,K,5,4,-4.408333333333333,starter,NA,2025,32
11,Los Angeles Rams,DST,5,1,-2.921666666666667,starter,NA,2025,25
12,Baker Mayfield,QB,5,26.66,14.863603030303029,starter,NA,2025,17.9
12,Saquon Barkley,RB,5,17.8,2.6910333333333334,starter,NA,2025,15.7
12,Derrick Henry,RB,5,9.3,-5.808966666666667,starter,NA,2025,15.2
12,Wan'Dale Robinson,WR,5,8.2,-6.908966666666668,starter,NA,2025,11.4
12,George Pickens,WR,5,13.7,-1.408966666666668,starter,NA,2025,16.7
12,Sam LaPorta,TE,5,20.2,10.671999999999999,starter,NA,2025,10
12,Stefon Diggs,WR,5,24.6,9.491033333333334,starter,NA,2025,12.3
12,TreVeyon Henderson,RB,5,4.7,-10.408966666666668,starter,NA,2025,10.3
12,Harrison Butker,K,5,4,-4.408333333333333,starter,NA,2025,24
12,Cleveland Browns,DST,5,9,5.078333333333333,starter,NA,2025,20
1,Jayden Reed,WR,1,13.5,0,bench,2,2025,0
1,Quinn Ewers,QB,1,0,0,bench,0,2025,0
1,Tre Harris,WR,1,2.1,0,bench,0,2025,0
1,Tyler Warren,TE,1,14.9,0,bench,0,2025,11.9
1,Shedeur Sanders,QB,1,0,0,bench,0,2025,0
1,Tahj Brooks,RB,1,0,0,bench,0,2025,0
1,Kareem Hunt,RB,1,4.6,0,bench,8,2025,4.1
1,Taysom Hill,TE,1,0,0,bench,8,2025,0
1,Nick Chubb,RB,1,6,0,bench,7,2025,8.6
1,Kyle Pitts,TE,1,12.9,0,bench,4,2025,8.3
1,Sean Tucker,RB,1,0.2,0,bench,2,2025,1.1
1,Keaton Mitchell,RB,1,0,0,bench,2,2025,1.9
1,Aaron Rodgers,QB,1,25.659999999999997,0,bench,20,2025,15.2
1,Zay Flowers,WR,1,28.1,0,bench,2,2025,16.6
2,Jaxson Dart,QB,1,0,0,bench,0,2025,0
2,Will Howard,QB,1,0,0,bench,0,2025,0
2,Brandon Allen,QB,1,0,0,bench,9,2025,0
2,Deebo Samuel Sr.,WR,1,22.6,0,bench,6,2025,12.9
2,Darius Slayton,WR,1,0,0,bench,6,2025,8.4
2,J.K. Dobbins,RB,1,14.8,0,bench,5,2025,9.8
2,A.J. Dillon,RB,1,1,0,bench,5,2025,0
2,Tyler Bass,K,1,0,0,bench,5,2025,0
2,Isaiah Likely,TE,1,0,0,bench,3,2025,0
2,Buffalo Bills,DST,1,2,0,bench,NA,2025,28
3,Chris Rodriguez Jr.,RB,1,0,0,bench,2,2025,2.4
3,Ray Davis,RB,1,1.0999999999999999,0,bench,1,2025,3.8
3,Adonai Mitchell,WR,1,4.1,0,bench,1,2025,4.6
3,Devin Neal,RB,1,0.9,0,bench,0,2025,0
3,Nick Nash,WR,1,0,0,bench,0,2025,0
3,Jack Bech,WR,1,3.3000000000000003,0,bench,0,2025,0
3,Joe Mixon,RB,1,0,0,bench,8,2025,0
3,Sam Darnold,QB,1,5.4,0,bench,7,2025,14.4
3,Allen Lazard,WR,1,0,0,bench,7,2025,3.9
3,Justice Hill,RB,1,-1.1000000000000003,0,bench,6,2025,5
3,Cole Kmet,TE,1,4.1,0,bench,5,2025,3.1
3,Javonte Williams,RB,1,20.4,0,bench,4,2025,10.7
3,Will Levis,QB,1,0,0,bench,2,2025,0
4,MarShawn Lloyd,RB,1,0,0,bench,1,2025,0
4,Trey Benson,RB,1,8.5,0,bench,1,2025,5.6
4,Ricky Pearsall,WR,1,14.8,0,bench,1,2025,15.2
4,DJ Giddens,RB,1,4.1000000000000005,0,bench,0,2025,4.3
4,Ollie Gordon,RB,1,1.2999999999999998,0,bench,0,2025,4
4,Kaleb Johnson,RB,1,-0.2,0,bench,0,2025,7.7
4,Trevor Etienne,RB,1,0.4,0,bench,0,2025,0
4,Cooper Kupp,WR,1,3.5,0,bench,8,2025,10.6
4,Matthew Stafford,QB,1,12.600000000000001,0,bench,16,2025,15.3
4,Daniel Jones,QB,1,29.48,0,bench,6,2025,17.2
4,Cade Otton,TE,1,0,0,bench,3,2025,8.7
4,Dameon Pierce,RB,1,0.5,0,bench,3,2025,7
4,Chris Olave,WR,1,12.4,0,bench,3,2025,13.6
4,Tyjae Spears,RB,1,0,0,bench,2,2025,0
4,Quentin Johnston,WR,1,24.9,0,bench,2,2025,8
5,J.J. McCarthy,QB,1,23.22,0,bench,1,2025,15.3
5,Jayden Higgins,WR,1,5.2,0,bench,0,2025,10.4
5,Tory Horton,WR,1,0,0,bench,0,2025,5.1
5,Jalen Milroe,QB,1,0.1,0,bench,0,2025,0
5,Emeka Egbuka,WR,1,23.6,0,bench,0,2025,14.1
5,Elijah Arroyo,TE,1,1.7000000000000002,0,bench,0,2025,6.3
5,Stefon Diggs,WR,1,11.7,0,bench,10,2025,13.3
5,Jonnu Smith,TE,1,12.5,0,bench,8,2025,7.7
5,Aaron Jones,RB,1,15.700000000000001,0,bench,8,2025,14.8
5,Jason Sanders,K,1,0,0,bench,7,2025,0
5,Travis Etienne,RB,1,18.6,0,bench,4,2025,11.8
5,Kenneth Gainwell,RB,1,4.300000000000001,0,bench,4,2025,0
5,Joshua Palmer,WR,1,11.100000000000001,0,bench,4,2025,8
5,Noah Gray,TE,1,1.3,0,bench,4,2025,7.3
5,Josh Downs,WR,1,3.2,0,bench,2,2025,13
6,Andrei Iosivas,WR,1,0,0,bench,2,2025,6.8
6,Blake Corum,RB,1,2.6,0,bench,1,2025,1.5
6,Rome Odunze,WR,1,15.7,0,bench,1,2025,13.2
6,Jaylen Wright,RB,1,0,0,bench,1,2025,0
6,Dillon Gabriel,QB,1,0,0,bench,0,2025,0
6,Jalen Royals,WR,1,0,0,bench,0,2025,0
6,Colston Loveland,TE,1,3.2,0,bench,0,2025,6.9
6,Jacory Croskey-Merritt,RB,1,14.200000000000001,0,bench,0,2025,10.1
6,Isaac TeSlaa,WR,1,8.3,0,bench,0,2025,5
6,D'Andre Swift,RB,1,9.5,0,bench,5,2025,13.5
6,Darnell Mooney,WR,1,0,0,bench,5,2025,0
6,Rashid Shaheed,WR,1,9.3,0,bench,3,2025,11.8
6,Brenton Strange,TE,1,9.9,0,bench,2,2025,7.7
6,Tank Dell,WR,1,0,0,bench,2,2025,0
7,Will Shipley,RB,1,2.6,0,bench,1,2025,1.2
7,Ja'Tavion Sanders,TE,1,4.7,0,bench,1,2025,9
7,Jalen McMillan,WR,1,0,0,bench,1,2025,0
7,Xavier Legette,WR,1,4,0,bench,1,2025,11.6
7,Keon Coleman,WR,1,25.200000000000003,0,bench,1,2025,11.4
7,Jalen Coker,WR,1,0,0,bench,1,2025,0
7,Isaac Guerendo,RB,1,0,0,bench,1,2025,0
7,Jaydon Blue,RB,1,0,0,bench,0,2025,1.6
7,Pat Bryant,WR,1,0,0,bench,0,2025,0
7,Mason Taylor,TE,1,3,0,bench,0,2025,8
7,DK Metcalf,WR,1,12.3,0,bench,6,2025,15.3
7,Hollywood Brown,WR,1,19.9,0,bench,6,2025,10.2
7,Rico Dowdle,RB,1,3.6,0,bench,5,2025,5.4
7,Chigoziem Okonkwo,TE,1,4.9,0,bench,3,2025,9.4
7,Kendre Miller,RB,1,2.4000000000000004,0,bench,2,2025,2.4
8,Michael Wilson,WR,1,1.5,0,bench,2,2025,7.8
8,Savion Williams,WR,1,1.1,0,bench,0,2025,0
8,Isaiah Bond,WR,1,1.5,0,bench,0,2025,0
8,Luther Burden,WR,1,0.7,0,bench,0,2025,8
8,Dont'e Thornton,WR,1,6.5,0,bench,0,2025,8
8,Kyle Williams,WR,1,2.2,0,bench,0,2025,0
8,Deshaun Watson,QB,1,0,0,bench,8,2025,0
8,Evan Engram,TE,1,5.1,0,bench,8,2025,9.6
8,Christian Kirk,WR,1,0,0,bench,7,2025,11.3
8,Tyler Allgeier,RB,1,2.4000000000000004,0,bench,3,2025,3.3
8,Rachaad White,RB,1,2.6000000000000005,0,bench,3,2025,11.7
8,Anthony Richardson,QB,1,0,0,bench,2,2025,0
8,Zach Charbonnet,RB,1,10.7,0,bench,2,2025,8.2
8,Jordan Addison,WR,1,0,0,bench,2,2025,0
9,Dalton Kincaid,TE,1,13.8,0,bench,2,2025,9.2
9,Joe Milton,QB,1,0,0,bench,1,2025,0
9,Braelon Allen,RB,1,6.9,0,bench,1,2025,5.9
9,Theo Johnson,TE,1,1.5,0,bench,1,2025,7.2
9,Dylan Sampson,RB,1,17.3,0,bench,0,2025,5.9
9,Woody Marks,RB,1,0.30000000000000004,0,bench,0,2025,0
9,Cam Skattebo,RB,1,2.9000000000000004,0,bench,0,2025,4.6
9,Kyle Monangai,RB,1,2.1,0,bench,0,2025,0
9,Zach Ertz,TE,1,11.6,0,bench,12,2025,11.2
9,Keenan Allen,WR,1,19.8,0,bench,12,2025,8.4
9,Chris Godwin,WR,1,0,0,bench,8,2025,0
9,Brandon Aiyuk,WR,1,0,0,bench,5,2025,0
9,Najee Harris,RB,1,2,0,bench,4,2025,3.3
9,Khalil Shakir,WR,1,12.4,0,bench,3,2025,12.6
9,Tank Bigsby,RB,1,1.2000000000000002,0,bench,2,2025,6.6
10,Elic Ayomanor,WR,1,3.3,0,bench,0,2025,5.6
10,Quinshon Judkins,RB,1,0,0,bench,0,2025,0
10,DeAndre Hopkins,WR,1,11.5,0,bench,12,2025,4.5
10,Mike Gesicki,TE,1,2.4000000000000004,0,bench,7,2025,8.3
10,Jakobi Meyers,WR,1,17.700000000000003,0,bench,6,2025,13
10,Rashod Bateman,WR,1,3,0,bench,4,2025,9.6
10,Romeo Doubs,WR,1,8.8,0,bench,3,2025,11.3
10,Brian Robinson Jr.,RB,1,4.700000000000001,0,bench,3,2025,3.4
10,Christian Watson,WR,1,0,0,bench,3,2025,0
10,C.J. Stroud,QB,1,9.72,0,bench,2,2025,16.3
10,Kansas City Chiefs,DST,1,4,0,bench,NA,2025,17
11,Spencer Rattler,QB,1,11.46,0,bench,1,2025,14.8
11,Bhayshul Tuten,RB,1,1.1,0,bench,0,2025,2.3
11,Travis Hunter,WR,1,9.3,0,bench,0,2025,13.7
11,Hunter Henry,TE,1,10.600000000000001,0,bench,9,2025,8.9
11,Michael Pittman Jr.,WR,1,20,0,bench,5,2025,15.1
11,Jauan Jennings,WR,1,3.6,0,bench,5,2025,13
11,Rhamondre Stevenson,RB,1,4.7,0,bench,4,2025,8.9
11,DeMario Douglas,WR,1,8.2,0,bench,2,2025,11.3
11,Green Bay Packers,DST,1,10,0,bench,NA,2025,0
11,Tampa Bay Buccaneers,DST,1,2,0,bench,NA,2025,11
12,Rashee Rice,WR,1,0,0,bench,2,2025,0
12,Jonathon Brooks,RB,1,0,0,bench,1,2025,0
12,Roman Wilson,WR,1,0,0,bench,1,2025,5.1
12,Russell Wilson,QB,1,10.120000000000001,0,bench,13,2025,14.3
12,Brashard Smith,RB,1,0,0,bench,0,2025,0
12,Harold Fannin,TE,1,13.600000000000001,0,bench,0,2025,4.8
12,TreVeyon Henderson,RB,1,11.1,0,bench,0,2025,14.4
12,Jaylin Noel,WR,1,1.7000000000000002,0,bench,0,2025,0
12,Tyler Shough,QB,1,0,0,bench,0,2025,0
12,Adam Thielen,WR,1,0,0,bench,12,2025,8.5
12,Chris Boswell,K,1,14,0,bench,11,2025,0
12,Pat Freiermuth,TE,1,5.800000000000001,0,bench,4,2025,7.2
12,Wan'Dale Robinson,WR,1,11.5,0,bench,3,2025,11
1,Jayden Reed,WR,2,0,0,bench,2,2025,8.8
1,Quinn Ewers,QB,2,0,0,bench,0,2025,0
1,Tre Harris,WR,2,5.4,0,bench,0,2025,0
1,Shedeur Sanders,QB,2,0,0,bench,0,2025,0
1,Tahj Brooks,RB,2,0,0,bench,0,2025,0
1,Kareem Hunt,RB,2,3.4000000000000004,0,bench,8,2025,5.5
1,Taysom Hill,TE,2,0,0,bench,8,2025,0
1,Nick Chubb,RB,2,15.200000000000001,0,bench,7,2025,9.6
1,Mark Andrews,TE,2,1.4,0,bench,7,2025,11.5
1,Jerry Jeudy,WR,2,9.100000000000001,0,bench,5,2025,14.1
1,Kyle Pitts,TE,2,7.7,0,bench,4,2025,9.9
1,Jerome Ford,RB,2,10.4,0,bench,3,2025,4.7
1,Keaton Mitchell,RB,2,0,0,bench,2,2025,0
1,Aaron Rodgers,QB,2,12.420000000000002,0,bench,20,2025,15.4
2,Tom Brady,QB,2,0,0,bench,23,2025,0
2,Brandon Allen,QB,2,0,0,bench,9,2025,0
2,Younghoe Koo,K,2,0,0,bench,8,2025,0
2,Darius Slayton,WR,2,8.100000000000001,0,bench,6,2025,8.1
2,J.K. Dobbins,RB,2,15.500000000000002,0,bench,5,2025,9.7
2,A.J. Dillon,RB,2,1.9000000000000001,0,bench,5,2025,0
2,Tyler Bass,K,2,0,0,bench,5,2025,0
2,Isaiah Likely,TE,2,0,0,bench,3,2025,0
2,Brock Purdy,QB,2,0,0,bench,3,2025,0
2,Buffalo Bills,DST,2,13,0,bench,NA,2025,28
3,Chris Rodriguez Jr.,RB,2,0,0,bench,2,2025,0
3,Ray Davis,RB,2,2.4000000000000004,0,bench,1,2025,3.8
3,Adonai Mitchell,WR,2,4,0,bench,1,2025,3.2
3,Devin Neal,RB,2,0,0,bench,0,2025,0
3,Nick Nash,WR,2,0,0,bench,0,2025,0
3,Jack Bech,WR,2,0,0,bench,0,2025,0
3,Matthew Golden,WR,2,1.5,0,bench,0,2025,11
3,Joe Mixon,RB,2,0,0,bench,8,2025,0
3,Allen Lazard,WR,2,0,0,bench,7,2025,0
3,Justice Hill,RB,2,5.5,0,bench,6,2025,3.8
3,Tua Tagovailoa,QB,2,19.6,0,bench,5,2025,13.4
3,Cole Kmet,TE,2,4.9,0,bench,5,2025,5.1
3,Will Levis,QB,2,0,0,bench,2,2025,0
4,MarShawn Lloyd,RB,2,0,0,bench,1,2025,0
4,Trey Benson,RB,2,8.4,0,bench,1,2025,5.8
4,Ricky Pearsall,WR,2,9.200000000000001,0,bench,1,2025,16.1
4,Isaac Guerendo,RB,2,0,0,bench,1,2025,0
4,DJ Giddens,RB,2,0,0,bench,0,2025,4.1
4,Ollie Gordon,RB,2,2.3,0,bench,0,2025,2.9
4,Kaleb Johnson,RB,2,0.1,0,bench,0,2025,0
4,Trevor Etienne,RB,2,1.2,0,bench,0,2025,0
4,Cooper Kupp,WR,2,16,0,bench,8,2025,9.1
4,Matthew Stafford,QB,2,18.32,0,bench,16,2025,14
4,Chris Olave,WR,2,11.4,0,bench,3,2025,13.1
4,Jake Tonges,TE,2,7.1,0,bench,3,2025,7.4
4,Bryce Young,QB,2,22.32,0,bench,2,2025,15.4
4,Tyjae Spears,RB,2,0,0,bench,2,2025,0
4,Quentin Johnston,WR,2,15.9,0,bench,2,2025,12.5
5,Jayden Higgins,WR,2,3.8000000000000003,0,bench,0,2025,9.1
5,Tory Horton,WR,2,11.2,0,bench,0,2025,4.7
5,Jalen Milroe,QB,2,0,0,bench,0,2025,0
5,Emeka Egbuka,WR,2,12.9,0,bench,0,2025,14.4
5,Elijah Arroyo,TE,2,5.1,0,bench,0,2025,4.4
5,Geno Smith,QB,2,6.2,0,bench,12,2025,16.6
5,Jonnu Smith,TE,2,6.7,0,bench,8,2025,9.9
5,Aaron Jones,RB,2,2.3000000000000003,0,bench,8,2025,13.3
5,Jason Sanders,K,2,0,0,bench,7,2025,0
5,Travis Etienne,RB,2,16.900000000000002,0,bench,4,2025,13.9
5,Joshua Palmer,WR,2,6.7,0,bench,4,2025,7.8
5,Noah Gray,TE,2,1.1,0,bench,4,2025,7.1
5,Tyquan Thornton,WR,2,13.9,0,bench,3,2025,6.5
5,Josh Downs,WR,2,11.100000000000001,0,bench,2,2025,9.8
6,Blake Corum,RB,2,10.4,0,bench,1,2025,1.1
6,Xavier Worthy,WR,2,0,0,bench,1,2025,0
6,Jaylen Wright,RB,2,0,0,bench,1,2025,0
6,Dillon Gabriel,QB,2,4.76,0,bench,0,2025,0
6,Jalen Royals,WR,2,0,0,bench,0,2025,0
6,Colston Loveland,TE,2,0,0,bench,0,2025,6.4
6,Jacory Croskey-Merritt,RB,2,1.7000000000000002,0,bench,0,2025,10.4
6,Isaac TeSlaa,WR,2,3.9000000000000004,0,bench,0,2025,3.1
6,Dallas Goedert,TE,2,0,0,bench,7,2025,0
6,D'Andre Swift,RB,2,13.9,0,bench,5,2025,12.6
6,Darnell Mooney,WR,2,4,0,bench,5,2025,10.6
6,Calvin Austin III,WR,2,3.2,0,bench,3,2025,10.2
6,Rashid Shaheed,WR,2,15.2,0,bench,3,2025,11.2
6,Tank Dell,WR,2,0,0,bench,2,2025,0
7,Will Shipley,RB,2,0,0,bench,1,2025,0
7,Jalen McMillan,WR,2,0,0,bench,1,2025,0
7,Xavier Legette,WR,2,0.8,0,bench,1,2025,11.5
7,Keon Coleman,WR,2,5.6,0,bench,1,2025,15
7,Jalen Coker,WR,2,0,0,bench,1,2025,0
7,Jaydon Blue,RB,2,0,0,bench,0,2025,0
7,Pat Bryant,WR,2,3.8,0,bench,0,2025,0
7,Mason Taylor,TE,2,1.5,0,bench,0,2025,7.7
7,DK Metcalf,WR,2,11,0,bench,6,2025,17.3
7,Juwan Johnson,TE,2,15.9,0,bench,5,2025,11.5
7,Rico Dowdle,RB,2,2.9,0,bench,5,2025,5.1
7,Nico Collins,WR,2,14.2,0,bench,4,2025,18.3
7,Chigoziem Okonkwo,TE,2,7.5,0,bench,3,2025,9.2
7,Kayshon Boutte,WR,2,8.6,0,bench,2,2025,11.7
7,Kendre Miller,RB,2,2,0,bench,2,2025,2.7
8,Savion Williams,WR,2,2.4000000000000004,0,bench,0,2025,0
8,RJ Harvey,RB,2,3.4000000000000004,0,bench,0,2025,8.2
8,Isaiah Bond,WR,2,2.5,0,bench,0,2025,0
8,Jaxson Dart,QB,2,-0.30000000000000004,0,bench,0,2025,0
8,Luther Burden,WR,2,1.5,0,bench,0,2025,2.1
8,Kyle Williams,WR,2,0,0,bench,0,2025,0
8,Deshaun Watson,QB,2,0,0,bench,8,2025,0
8,Evan Engram,TE,2,2.2,0,bench,8,2025,7.5
8,Christian Kirk,WR,2,0,0,bench,7,2025,0
8,Tyler Allgeier,RB,2,15.000000000000002,0,bench,3,2025,3.4
8,Rachaad White,RB,2,14.6,0,bench,3,2025,5.7
8,Anthony Richardson,QB,2,0,0,bench,2,2025,0
8,Marvin Mims Jr.,WR,2,10.4,0,bench,2,2025,10.6
8,Jordan Addison,WR,2,0,0,bench,2,2025,0
9,Joe Milton,QB,2,0,0,bench,1,2025,0
9,Braelon Allen,RB,2,1.1,0,bench,1,2025,5.6
9,Cam Skattebo,RB,2,13.9,0,bench,0,2025,3.8
9,Cameron Ward,QB,2,9.8,0,bench,0,2025,12.4
9,Kyle Monangai,RB,2,4.6000000000000005,0,bench,0,2025,1
9,Zach Ertz,TE,2,18.4,0,bench,12,2025,11.2
9,Chris Godwin,WR,2,0,0,bench,8,2025,0
9,Brandon Aiyuk,WR,2,0,0,bench,5,2025,0
9,Mac Jones,QB,2,20.76,0,bench,4,2025,15.4
9,Najee Harris,RB,2,6.800000000000001,0,bench,4,2025,1.8
9,Jake Ferguson,TE,2,16.8,0,bench,3,2025,10.4
9,Jordan Mason,RB,2,5.8,0,bench,3,2025,7.4
9,Michael Mayer,TE,2,2.9,0,bench,2,2025,6.2
10,Elic Ayomanor,WR,2,15.600000000000001,0,bench,0,2025,8.2
10,Quinshon Judkins,RB,2,10.100000000000001,0,bench,0,2025,0.8
10,DeAndre Hopkins,WR,2,14.4,0,bench,12,2025,4
10,George Kittle,TE,2,0,0,bench,8,2025,0
10,Rashod Bateman,WR,2,3.5,0,bench,4,2025,9.2
10,Romeo Doubs,WR,2,11.8,0,bench,3,2025,10.6
10,Brian Robinson Jr.,RB,2,2.9,0,bench,3,2025,3.2
10,Christian Watson,WR,2,0,0,bench,3,2025,0
10,Isiah Pacheco,RB,2,3.9000000000000004,0,bench,3,2025,11.2
10,C.J. Stroud,QB,2,14.98,0,bench,2,2025,16.5
10,Kansas City Chiefs,DST,2,2,0,bench,NA,2025,17
11,Tre Tucker,WR,2,4.9,0,bench,2,2025,8
11,Spencer Rattler,QB,2,20.68,0,bench,1,2025,15.1
11,Bhayshul Tuten,RB,2,15.4,0,bench,0,2025,6.3
11,Travis Hunter,WR,2,5.2,0,bench,0,2025,12.9
11,Jauan Jennings,WR,2,19.9,0,bench,5,2025,11.3
11,Rhamondre Stevenson,RB,2,21.200000000000003,0,bench,4,2025,11.6
11,Jameson Williams,WR,2,18.8,0,bench,3,2025,13.6
11,Tucker Kraft,TE,2,24.4,0,bench,2,2025,10.5
11,DeMario Douglas,WR,2,1.8,0,bench,2,2025,9.2
11,Green Bay Packers,DST,2,5,0,bench,NA,2025,0
12,Rashee Rice,WR,2,0,0,bench,2,2025,0
12,Jonathon Brooks,RB,2,0,0,bench,1,2025,0
12,Roman Wilson,WR,2,1.7000000000000002,0,bench,1,2025,0
12,Russell Wilson,QB,2,30.3,0,bench,13,2025,14.5
12,Harold Fannin,TE,2,9.8,0,bench,0,2025,9.6
12,TreVeyon Henderson,RB,2,6,0,bench,0,2025,11.2
12,Jaylin Noel,WR,2,0,0,bench,0,2025,2.3
12,Tyler Shough,QB,2,0,0,bench,0,2025,0
12,Adam Thielen,WR,2,4.6,0,bench,12,2025,4
12,Chris Boswell,K,2,12,0,bench,11,2025,0
12,Calvin Ridley,WR,2,8.7,0,bench,7,2025,14
12,Kenneth Gainwell,RB,2,6.6,0,bench,4,2025,10.5
12,Pat Freiermuth,TE,2,6.1,0,bench,4,2025,7.2
12,Wan'Dale Robinson,WR,2,28.200000000000003,0,bench,3,2025,10.8
1,Jayden Reed,WR,3,0,0,bench,2,2025,0
1,Quinn Ewers,QB,3,0,0,bench,0,2025,0
1,Shedeur Sanders,QB,3,0,0,bench,0,2025,0
1,Tahj Brooks,RB,3,1.7000000000000002,0,bench,0,2025,0
1,Kareem Hunt,RB,3,11.4,0,bench,8,2025,5.8
1,Taysom Hill,TE,3,0,0,bench,8,2025,0
1,Mark Andrews,TE,3,27.1,0,bench,7,2025,10.2
1,David Montgomery,RB,3,29.400000000000002,0,bench,6,2025,7.6
1,Jake Browning,QB,3,7.900000000000001,0,bench,6,2025,14.9
1,Jerry Jeudy,WR,3,2.7,0,bench,5,2025,11.6
1,Kyle Pitts,TE,3,7.9,0,bench,4,2025,9.7
1,Jerome Ford,RB,3,5,0,bench,3,2025,5.6
1,Keaton Mitchell,RB,3,0,0,bench,2,2025,0
1,Aaron Rodgers,QB,3,12.66,0,bench,20,2025,15
2,Tom Brady,QB,3,0,0,bench,23,2025,0
2,Austin Ekeler,RB,3,0,0,bench,8,2025,0
2,Younghoe Koo,K,3,0,0,bench,8,2025,0
2,Will Dissly,TE,3,0,0,bench,7,2025,0
2,Hollywood Brown,WR,3,8.2,0,bench,6,2025,12.8
2,Darius Slayton,WR,3,7,0,bench,6,2025,6.7
2,Tyler Bass,K,3,0,0,bench,5,2025,0
2,Isaiah Likely,TE,3,0,0,bench,3,2025,0
2,Brock Purdy,QB,3,0,0,bench,3,2025,0
2,Detroit Lions,DST,3,10,0,bench,NA,2025,26
3,Ray Davis,RB,3,0,0,bench,1,2025,4.3
3,Adonai Mitchell,WR,3,0,0,bench,1,2025,3
3,Tyrone Tracy Jr.,RB,3,5.6000000000000005,0,bench,1,2025,9.3
3,Devin Neal,RB,3,0,0,bench,0,2025,0
3,Jack Bech,WR,3,2,0,bench,0,2025,0
3,Matthew Golden,WR,3,10.100000000000001,0,bench,0,2025,10.9
3,Joe Mixon,RB,3,0,0,bench,8,2025,0
3,Allen Lazard,WR,3,9.3,0,bench,7,2025,0
3,Hunter Renfrow,WR,3,2.6,0,bench,6,2025,7.9
3,Justice Hill,RB,3,7.5,0,bench,6,2025,3.6
3,Tua Tagovailoa,QB,3,12.84,0,bench,5,2025,13.3
3,Cole Kmet,TE,3,8,0,bench,5,2025,4.6
3,Will Levis,QB,3,0,0,bench,2,2025,0
3,San Francisco 49ers,DST,3,6,0,bench,NA,2025,12
4,MarShawn Lloyd,RB,3,0,0,bench,1,2025,0
4,Trey Benson,RB,3,8.1,0,bench,1,2025,7.6
4,Ricky Pearsall,WR,3,19.700000000000003,0,bench,1,2025,15.3
4,Isaac Guerendo,RB,3,0,0,bench,1,2025,0
4,DJ Giddens,RB,3,0.30000000000000004,0,bench,0,2025,3.7
4,Ollie Gordon,RB,3,9.8,0,bench,0,2025,2.9
4,Kaleb Johnson,RB,3,0,0,bench,0,2025,0
4,Trevor Etienne,RB,3,0,0,bench,0,2025,0
4,Cooper Kupp,WR,3,5.1,0,bench,8,2025,11
4,Joe Burrow,QB,3,0,0,bench,5,2025,0
4,Chris Olave,WR,3,15.7,0,bench,3,2025,13
4,Jake Tonges,TE,3,4.1,0,bench,3,2025,7.2
4,Bryce Young,QB,3,11.64,0,bench,2,2025,15.8
4,Tyjae Spears,RB,3,0,0,bench,2,2025,0
4,Quentin Johnston,WR,3,14.9,0,bench,2,2025,11.9
5,J.J. McCarthy,QB,3,0,0,bench,1,2025,0
5,Jayden Higgins,WR,3,1.5,0,bench,0,2025,6.6
5,Tory Horton,WR,3,18.2,0,bench,0,2025,5.4
5,Jalen Milroe,QB,3,0.30000000000000004,0,bench,0,2025,0
5,Elijah Arroyo,TE,3,0,0,bench,0,2025,4.4
5,David Njoku,TE,3,9,0,bench,8,2025,11.6
5,Aaron Jones,RB,3,0,0,bench,8,2025,0
5,Courtland Sutton,WR,3,23.8,0,bench,7,2025,17
5,Jason Sanders,K,3,0,0,bench,7,2025,0
5,Joshua Palmer,WR,3,1.5,0,bench,4,2025,7.7
5,Noah Gray,TE,3,4.7,0,bench,4,2025,4.4
5,Kyren Williams,RB,3,19.200000000000003,0,bench,3,2025,14.6
5,Jalen Nailor,WR,3,6.7,0,bench,3,2025,7.8
5,Tyquan Thornton,WR,3,18.1,0,bench,3,2025,8.5
5,Josh Downs,WR,3,5.4,0,bench,2,2025,9.6
6,Blake Corum,RB,3,5.300000000000001,0,bench,1,2025,1.2
6,Xavier Worthy,WR,3,0,0,bench,1,2025,0
6,Jaylen Wright,RB,3,0,0,bench,1,2025,0
6,Dillon Gabriel,QB,3,0,0,bench,0,2025,0
6,Jalen Royals,WR,3,0,0,bench,0,2025,0
6,Colston Loveland,TE,3,4.1,0,bench,0,2025,5
6,Jacory Croskey-Merritt,RB,3,10.1,0,bench,0,2025,8.5
6,Isaac TeSlaa,WR,3,0,0,bench,0,2025,3
6,Dallas Goedert,TE,3,10.3,0,bench,7,2025,7.9
6,D'Andre Swift,RB,3,10.8,0,bench,5,2025,11.8
6,Darnell Mooney,WR,3,8.4,0,bench,5,2025,8.3
6,Calvin Austin III,WR,3,12.4,0,bench,3,2025,10
6,Rashid Shaheed,WR,3,8.2,0,bench,3,2025,11.3
6,Tank Dell,WR,3,0,0,bench,2,2025,0
7,Ja'Tavion Sanders,TE,3,3.1,0,bench,1,2025,9.3
7,Jalen McMillan,WR,3,0,0,bench,1,2025,0
7,Troy Franklin,WR,3,2.8,0,bench,1,2025,9.4
7,Keon Coleman,WR,3,5,0,bench,1,2025,14.1
7,Jalen Coker,WR,3,0,0,bench,1,2025,0
7,Jaydon Blue,RB,3,0,0,bench,0,2025,0
7,Woody Marks,RB,3,4.6000000000000005,0,bench,0,2025,4.9
7,Pat Bryant,WR,3,0,0,bench,0,2025,0
7,Mason Taylor,TE,3,5.8,0,bench,0,2025,7
7,Carson Wentz,QB,3,15.32,0,bench,9,2025,14
7,Jeremy McNichols,RB,3,13.8,0,bench,8,2025,0
7,DK Metcalf,WR,3,12.2,0,bench,6,2025,15.9
7,Chigoziem Okonkwo,TE,3,11.600000000000001,0,bench,3,2025,8.3
7,Kayshon Boutte,WR,3,4.800000000000001,0,bench,2,2025,10.9
7,Kendre Miller,RB,3,5.6000000000000005,0,bench,2,2025,1.9
8,Savion Williams,WR,3,-0.1,0,bench,0,2025,0
8,RJ Harvey,RB,3,4.6000000000000005,0,bench,0,2025,6.2
8,Isaiah Bond,WR,3,3.6,0,bench,0,2025,0
8,Jaxson Dart,QB,3,0.30000000000000004,0,bench,0,2025,0
8,Luther Burden,WR,3,19.8,0,bench,0,2025,2
8,Dont'e Thornton,WR,3,4.9,0,bench,0,2025,6.3
8,Kyle Williams,WR,3,1.8,0,bench,0,2025,0
8,Deshaun Watson,QB,3,0,0,bench,8,2025,0
8,Evan Engram,TE,3,0,0,bench,8,2025,0
8,Tyler Allgeier,RB,3,1.4,0,bench,3,2025,6.1
8,Tyrod Taylor,QB,3,17.68,0,bench,14,2025,15.2
8,Anthony Richardson,QB,3,-0.1,0,bench,2,2025,0
8,Zach Charbonnet,RB,3,0,0,bench,2,2025,0
8,Jordan Addison,WR,3,0,0,bench,2,2025,0
9,Dalton Kincaid,TE,3,17.6,0,bench,2,2025,9.6
9,Joe Milton,QB,3,0,0,bench,1,2025,0
9,Braelon Allen,RB,3,6.7,0,bench,1,2025,5.4
9,Dylan Sampson,RB,3,0.2,0,bench,0,2025,6.8
9,Cam Skattebo,RB,3,24.1,0,bench,0,2025,8.9
9,Cameron Ward,QB,3,12.96,0,bench,0,2025,11.1
9,Kyle Monangai,RB,3,3,0,bench,0,2025,1
9,Chris Godwin,WR,3,0,0,bench,8,2025,0
9,Brandon Aiyuk,WR,3,0,0,bench,5,2025,0
9,Najee Harris,RB,3,2.8000000000000003,0,bench,4,2025,6.3
9,Jake Ferguson,TE,3,21.200000000000003,0,bench,3,2025,12.4
9,Khalil Shakir,WR,3,14.5,0,bench,3,2025,13.3
10,Jayden Daniels,QB,3,0,0,bench,1,2025,0
10,Elic Ayomanor,WR,3,13.8,0,bench,0,2025,9.7
10,Quinshon Judkins,RB,3,16.5,0,bench,0,2025,9.5
10,DeAndre Hopkins,WR,3,2.3,0,bench,12,2025,6.1
10,George Kittle,TE,3,0,0,bench,8,2025,0
10,Rashod Bateman,WR,3,17.3,0,bench,4,2025,9.1
10,Justin Fields,QB,3,0,0,bench,4,2025,0
10,Romeo Doubs,WR,3,4.5,0,bench,3,2025,11
10,Brian Robinson Jr.,RB,3,2.2,0,bench,3,2025,3.2
10,Christian Watson,WR,3,0,0,bench,3,2025,0
10,Isiah Pacheco,RB,3,5.8,0,bench,3,2025,7.9
10,Kansas City Chiefs,DST,3,12,0,bench,NA,2025,17
11,Tre Tucker,WR,3,40.9,0,bench,2,2025,7.5
11,Spencer Rattler,QB,3,12.72,0,bench,1,2025,14.9
11,Bhayshul Tuten,RB,3,8.1,0,bench,0,2025,10
11,Joe Flacco,QB,3,4.68,0,bench,17,2025,13.7
11,Hunter Henry,TE,3,29,0,bench,9,2025,9.6
11,James Conner,RB,3,5.7,0,bench,8,2025,12.3
11,Jauan Jennings,WR,3,0,0,bench,5,2025,0
11,Jaylen Waddle,WR,3,14.9,0,bench,4,2025,12.2
11,DeMario Douglas,WR,3,2.7,0,bench,2,2025,7.2
11,Green Bay Packers,DST,3,8,0,bench,NA,2025,0
12,Rashee Rice,WR,3,0,0,bench,2,2025,0
12,Jonathon Brooks,RB,3,0,0,bench,1,2025,0
12,Roman Wilson,WR,3,0,0,bench,1,2025,2.2
12,Russell Wilson,QB,3,7.1000000000000005,0,bench,13,2025,15.6
12,Harold Fannin,TE,3,5.5,0,bench,0,2025,10.8
12,TreVeyon Henderson,RB,3,7.700000000000001,0,bench,0,2025,10.7
12,Jaylin Noel,WR,3,1.4,0,bench,0,2025,0
12,Tyler Shough,QB,3,0,0,bench,0,2025,0
12,Adam Thielen,WR,3,0,0,bench,12,2025,3.3
12,Chris Boswell,K,3,3,0,bench,11,2025,0
12,Stefon Diggs,WR,3,5.300000000000001,0,bench,10,2025,11
12,Calvin Ridley,WR,3,3.7,0,bench,7,2025,13
12,Kenneth Gainwell,RB,3,9.6,0,bench,4,2025,10.3
12,Pat Freiermuth,TE,3,1.6,0,bench,4,2025,6.9
1,Jayden Reed,WR,4,0,0,bench,2,2025,0
1,Quinn Ewers,QB,4,0,0,bench,0,2025,0
1,Shedeur Sanders,QB,4,0,0,bench,0,2025,0
1,Tahj Brooks,RB,4,0,0,bench,0,2025,0
1,Kareem Hunt,RB,4,5.7,0,bench,8,2025,6.9
1,Taysom Hill,TE,4,0,0,bench,8,2025,0
1,Nick Chubb,RB,4,8.2,0,bench,7,2025,10.4
1,Mark Andrews,TE,4,10,0,bench,7,2025,11.2
1,Jake Browning,QB,4,5.4,0,bench,6,2025,12.8
1,Jerry Jeudy,WR,4,7.800000000000001,0,bench,5,2025,11
1,Kyle Pitts,TE,4,18,0,bench,4,2025,9.6
1,Jerome Ford,RB,4,1.3,0,bench,3,2025,5.8
1,Keaton Mitchell,RB,4,0,0,bench,2,2025,0
1,Aaron Rodgers,QB,4,11.8,0,bench,20,2025,13.2
1,Carolina Panthers,DST,4,-3,0,bench,NA,2025,7
2,Tom Brady,QB,4,0,0,bench,23,2025,0
2,Mike Evans,WR,4,0,0,bench,11,2025,0
2,Austin Ekeler,RB,4,0,0,bench,8,2025,0
2,Younghoe Koo,K,4,0,0,bench,8,2025,0
2,Will Dissly,TE,4,0,0,bench,7,2025,0
2,Hollywood Brown,WR,4,12.8,0,bench,6,2025,10.4
2,CeeDee Lamb,WR,4,0,0,bench,5,2025,0
2,Tyler Bass,K,4,0,0,bench,5,2025,0
2,Isaiah Likely,TE,4,0,0,bench,3,2025,5.8
2,Detroit Lions,DST,4,20,0,bench,NA,2025,26
3,Ray Davis,RB,4,0.30000000000000004,0,bench,1,2025,2.6
3,Adonai Mitchell,WR,4,10.600000000000001,0,bench,1,2025,6.9
3,Tyrone Tracy Jr.,RB,4,0,0,bench,1,2025,0
3,Devin Neal,RB,4,0,0,bench,0,2025,0
3,Jack Bech,WR,4,0,0,bench,0,2025,0
3,Joe Mixon,RB,4,0,0,bench,8,2025,0
3,Allen Lazard,WR,4,1.8,0,bench,7,2025,0
3,Hunter Renfrow,WR,4,3,0,bench,6,2025,6.5
3,Justice Hill,RB,4,28.700000000000003,0,bench,6,2025,3.3
3,Tua Tagovailoa,QB,4,14.68,0,bench,5,2025,14
3,Cole Kmet,TE,4,7.6000000000000005,0,bench,5,2025,9.1
3,Dyami Brown,WR,4,0,0,bench,4,2025,7.2
3,Will Levis,QB,4,0,0,bench,2,2025,0
3,San Francisco 49ers,DST,4,1,0,bench,NA,2025,12
4,MarShawn Lloyd,RB,4,0,0,bench,1,2025,0
4,Trey Benson,RB,4,10.4,0,bench,1,2025,14.1
4,Ricky Pearsall,WR,4,8.600000000000001,0,bench,1,2025,15.3
4,Isaac Guerendo,RB,4,0,0,bench,1,2025,0
4,DJ Giddens,RB,4,0,0,bench,0,2025,0.8
4,Ollie Gordon,RB,4,1,0,bench,0,2025,3.9
4,Kaleb Johnson,RB,4,2.2,0,bench,0,2025,2.9
4,Trevor Etienne,RB,4,3.3000000000000003,0,bench,0,2025,0
4,Cooper Kupp,WR,4,6.6,0,bench,8,2025,8.8
4,Dalton Schultz,TE,4,8,0,bench,7,2025,6.6
4,Terry McLaurin,WR,4,0,0,bench,6,2025,0
4,Joe Burrow,QB,4,0,0,bench,5,2025,0
4,Bryce Young,QB,4,10.3,0,bench,2,2025,14.1
4,Tyjae Spears,RB,4,0,0,bench,2,2025,0
4,Quentin Johnston,WR,4,23.8,0,bench,2,2025,13.2
5,Chris Rodriguez Jr.,RB,4,5.9,0,bench,2,2025,4.9
5,J.J. McCarthy,QB,4,0,0,bench,1,2025,0
5,Marvin Harrison Jr.,WR,4,18.6,0,bench,1,2025,13.6
5,Jayden Higgins,WR,4,9.4,0,bench,0,2025,4.6
5,Tory Horton,WR,4,2,0,bench,0,2025,6
5,Jalen Milroe,QB,4,0,0,bench,0,2025,0
5,Elijah Arroyo,TE,4,6.4,0,bench,0,2025,4.5
5,Jonnu Smith,TE,4,2.6,0,bench,8,2025,6.9
5,Aaron Jones,RB,4,0,0,bench,8,2025,0
5,Jason Sanders,K,4,0,0,bench,7,2025,0
5,Travis Etienne,RB,4,19.5,0,bench,4,2025,13.4
5,Joshua Palmer,WR,4,4.5,0,bench,4,2025,7.5
5,Noah Gray,TE,4,1.1,0,bench,4,2025,3.2
5,Tyquan Thornton,WR,4,8.1,0,bench,3,2025,9.5
5,Josh Downs,WR,4,6.4,0,bench,2,2025,10
6,Blake Corum,RB,4,3.5999999999999996,0,bench,1,2025,3.4
6,Xavier Worthy,WR,4,17.1,0,bench,1,2025,9.9
6,Jaylen Wright,RB,4,0,0,bench,1,2025,0
6,Dillon Gabriel,QB,4,0,0,bench,0,2025,0
6,Jalen Royals,WR,4,0,0,bench,0,2025,0
6,Colston Loveland,TE,4,0,0,bench,0,2025,0
6,Jacory Croskey-Merritt,RB,4,7.7,0,bench,0,2025,7.9
6,Isaac TeSlaa,WR,4,0,0,bench,0,2025,2.9
6,Dallas Goedert,TE,4,19.7,0,bench,7,2025,9
6,Tee Higgins,WR,4,6.2,0,bench,5,2025,11.6
6,Darnell Mooney,WR,4,2.5,0,bench,5,2025,8.2
6,Calvin Austin III,WR,4,3.3,0,bench,3,2025,10.5
6,Rashid Shaheed,WR,4,9.2,0,bench,3,2025,11.8
6,Tank Dell,WR,4,0,0,bench,2,2025,0
7,Jalen McMillan,WR,4,0,0,bench,1,2025,0
7,Troy Franklin,WR,4,9.5,0,bench,1,2025,10.3
7,Keon Coleman,WR,4,7.5,0,bench,1,2025,12.8
7,Jalen Coker,WR,4,0,0,bench,1,2025,0
7,Jaydon Blue,RB,4,0,0,bench,0,2025,0
7,Woody Marks,RB,4,27.9,0,bench,0,2025,5.3
7,Pat Bryant,WR,4,0,0,bench,0,2025,0
7,Oronde Gadsden,TE,4,0,0,bench,0,2025,0
7,Mason Taylor,TE,4,11.5,0,bench,0,2025,5
7,Carson Wentz,QB,4,22.2,0,bench,9,2025,14
7,Jeremy McNichols,RB,4,1.3,0,bench,8,2025,2.6
7,DK Metcalf,WR,4,23.6,0,bench,6,2025,15.4
7,Rico Dowdle,RB,4,4,0,bench,5,2025,3.4
7,Chigoziem Okonkwo,TE,4,1.4,0,bench,3,2025,8.6
7,Kendre Miller,RB,4,12.5,0,bench,2,2025,4
8,Cedric Tillman,WR,4,1.6,0,bench,2,2025,9.8
8,Savion Williams,WR,4,5.300000000000001,0,bench,0,2025,0
8,RJ Harvey,RB,4,19.8,0,bench,0,2025,4.7
8,Isaiah Bond,WR,4,8.8,0,bench,0,2025,0
8,Jaxson Dart,QB,4,18.840000000000003,0,bench,0,2025,16.8
8,Luther Burden,WR,4,1.6,0,bench,0,2025,5.3
8,Dont'e Thornton,WR,4,0,0,bench,0,2025,6.7
8,Kyle Williams,WR,4,-0.2,0,bench,0,2025,0
8,Deshaun Watson,QB,4,0,0,bench,8,2025,0
8,Evan Engram,TE,4,6.9,0,bench,8,2025,6.7
8,Tyler Allgeier,RB,4,11.100000000000001,0,bench,3,2025,3.7
8,Rachaad White,RB,4,8.600000000000001,0,bench,3,2025,7.5
8,KaVontae Turpin,WR,4,6.4,0,bench,3,2025,5.6
8,Anthony Richardson,QB,4,0,0,bench,2,2025,0
9,Joe Milton,QB,4,0,0,bench,1,2025,0
9,Braelon Allen,RB,4,0.6000000000000001,0,bench,1,2025,5.1
9,Kirk Cousins,QB,4,0,0,bench,13,2025,0
9,Dylan Sampson,RB,4,-0.2,0,bench,0,2025,0.8
9,Cameron Ward,QB,4,5.5200000000000005,0,bench,0,2025,11.8
9,Kyle Monangai,RB,4,1.8,0,bench,0,2025,3.1
9,Zach Ertz,TE,4,3.0999999999999996,0,bench,12,2025,11.5
9,Jameis Winston,QB,4,0,0,bench,10,2025,0
9,Chris Godwin,WR,4,0,0,bench,8,2025,7.9
9,Brandon Aiyuk,WR,4,0,0,bench,5,2025,0
9,Najee Harris,RB,4,0,0,bench,4,2025,0
9,Khalil Shakir,WR,4,17.9,0,bench,3,2025,13.7
9,Jaylen Warren,RB,4,0,0,bench,3,2025,0
10,Jayden Daniels,QB,4,0,0,bench,1,2025,0
10,Elic Ayomanor,WR,4,6.4,0,bench,0,2025,10.6
10,DeAndre Hopkins,WR,4,0,0,bench,12,2025,7.1
10,George Kittle,TE,4,0,0,bench,8,2025,0
10,Rashod Bateman,WR,4,3.4000000000000004,0,bench,4,2025,8.8
10,Romeo Doubs,WR,4,29.8,0,bench,3,2025,10.8
10,Brian Robinson Jr.,RB,4,2.1,0,bench,3,2025,2.6
10,Christian Watson,WR,4,0,0,bench,3,2025,0
10,Isiah Pacheco,RB,4,12.8,0,bench,3,2025,6.8
10,Chase Brown,RB,4,10.1,0,bench,2,2025,11.8
10,C.J. Stroud,QB,4,18.42,0,bench,2,2025,15.4
10,Kansas City Chiefs,DST,4,7,0,bench,NA,2025,17
11,Brian Thomas Jr.,WR,4,10.600000000000001,0,bench,1,2025,13.2
11,Travis Hunter,WR,4,6.2,0,bench,0,2025,7.2
11,Joe Flacco,QB,4,3.2600000000000002,0,bench,17,2025,12.9
11,James Conner,RB,4,0,0,bench,8,2025,0
11,Jauan Jennings,WR,4,4.4,0,bench,5,2025,12
11,Jaylen Waddle,WR,4,7.800000000000001,0,bench,4,2025,11.9
11,Rhamondre Stevenson,RB,4,5.1000000000000005,0,bench,4,2025,9.8
11,Jameson Williams,WR,4,5.7,0,bench,3,2025,14.2
11,DeMario Douglas,WR,4,0,0,bench,2,2025,4.4
11,Los Angeles Rams,DST,4,10,0,bench,NA,2025,25
12,Rashee Rice,WR,4,0,0,bench,2,2025,0
12,Jonathon Brooks,RB,4,0,0,bench,1,2025,0
12,Roman Wilson,WR,4,0,0,bench,1,2025,2.3
12,Russell Wilson,QB,4,-0.6799999999999999,0,bench,13,2025,0
12,Harold Fannin,TE,4,4.5,0,bench,0,2025,10.8
12,TreVeyon Henderson,RB,4,12.6,0,bench,0,2025,12
12,Jaylin Noel,WR,4,1,0,bench,0,2025,0
12,Tyler Shough,QB,4,0,0,bench,0,2025,0
12,Adam Thielen,WR,4,3.1,0,bench,12,2025,0
12,Stefon Diggs,WR,4,16.1,0,bench,10,2025,8.2
12,Harrison Butker,K,4,12,0,bench,8,2025,24
12,Kenneth Gainwell,RB,4,31.4,0,bench,4,2025,11.8
12,Pat Freiermuth,TE,4,0,0,bench,4,2025,4.1
12,Wan'Dale Robinson,WR,4,4.4,0,bench,3,2025,11.8
1,Jayden Reed,WR,5,0,0,bench,2,2025,0
1,Quinn Ewers,QB,5,0,0,bench,0,2025,0
1,Shedeur Sanders,QB,5,0,0,bench,0,2025,0
1,Tahj Brooks,RB,5,0,0,bench,0,2025,0
1,Kareem Hunt,RB,5,18.7,0,bench,8,2025,7.5
1,Taysom Hill,TE,5,0.66,0,bench,8,2025,5.1
1,Nick Chubb,RB,5,12.100000000000001,0,bench,7,2025,7.3
1,Mark Andrews,TE,5,4.2,0,bench,7,2025,10.9
1,Jake Browning,QB,5,21.14,0,bench,6,2025,13
1,Jerry Jeudy,WR,5,3.5,0,bench,5,2025,10.8
1,Kyle Pitts,TE,5,0,0,bench,4,2025,0
1,Jerome Ford,RB,5,5.8,0,bench,3,2025,2.8
1,Keaton Mitchell,RB,5,2.3,0,bench,2,2025,0
1,Aaron Rodgers,QB,5,0,0,bench,20,2025,0
1,Carolina Panthers,DST,5,3,0,bench,NA,2025,7
2,Mike Evans,WR,5,0,0,bench,11,2025,0
2,Austin Ekeler,RB,5,0,0,bench,8,2025,0
2,Younghoe Koo,K,5,0,0,bench,8,2025,0
2,Will Dissly,TE,5,0,0,bench,7,2025,0
2,CeeDee Lamb,WR,5,0,0,bench,5,2025,0
2,Tyler Bass,K,5,0,0,bench,5,2025,0
2,Drake London,WR,5,0,0,bench,3,2025,0
2,Isaiah Likely,TE,5,2.2,0,bench,3,2025,4.9
2,Brock Purdy,QB,5,0,0,bench,3,2025,0
2,Buffalo Bills,DST,5,8,0,bench,NA,2025,28
3,Ray Davis,RB,5,0.1,0,bench,1,2025,2.8
3,Adonai Mitchell,WR,5,0,0,bench,1,2025,2.2
3,Tyrone Tracy Jr.,RB,5,0,0,bench,1,2025,0
3,Devin Neal,RB,5,0,0,bench,0,2025,0
3,Jack Bech,WR,5,5.7,0,bench,0,2025,0
3,Matthew Golden,WR,5,0,0,bench,0,2025,0
3,Joe Mixon,RB,5,0,0,bench,8,2025,0
3,D.J. Moore,WR,5,0,0,bench,7,2025,0
3,Hunter Renfrow,WR,5,1.7000000000000002,0,bench,6,2025,6.2
3,Justice Hill,RB,5,2.2,0,bench,6,2025,7.1
3,Tua Tagovailoa,QB,5,22.740000000000002,0,bench,5,2025,13.5
3,Cole Kmet,TE,5,0,0,bench,5,2025,0
3,Dyami Brown,WR,5,3.5,0,bench,4,2025,3.2
3,Will Levis,QB,5,0,0,bench,2,2025,0
3,New England Patriots,DST,5,9,0,bench,NA,2025,10
4,Zavier Scott,RB,5,-0.19999999999999996,0,bench,2,2025,5.5
4,MarShawn Lloyd,RB,5,0,0,bench,1,2025,0
4,Trey Benson,RB,5,0,0,bench,1,2025,0
4,Ricky Pearsall,WR,5,0,0,bench,1,2025,0
4,DJ Giddens,RB,5,2.2,0,bench,0,2025,0.7
4,Ollie Gordon,RB,5,-0.2,0,bench,0,2025,3.8
4,Kaleb Johnson,RB,5,0,0,bench,0,2025,0
4,Trevor Etienne,RB,5,3.9000000000000004,0,bench,0,2025,4.2
4,Cooper Kupp,WR,5,11.9,0,bench,8,2025,8.3
4,Matthew Stafford,QB,5,25.560000000000002,0,bench,16,2025,16
4,Dalton Schultz,TE,5,11,0,bench,7,2025,6.8
4,Terry McLaurin,WR,5,0,0,bench,6,2025,0
4,Joe Burrow,QB,5,0,0,bench,5,2025,0
4,Chris Olave,WR,5,12.9,0,bench,3,2025,13.5
4,Tyjae Spears,RB,5,1.4000000000000001,0,bench,2,2025,5.2
5,Chris Rodriguez Jr.,RB,5,0.7000000000000001,0,bench,2,2025,6
5,J.J. McCarthy,QB,5,0,0,bench,1,2025,0
5,Bucky Irving,RB,5,0,0,bench,1,2025,0
5,Malik Washington,WR,5,4,0,bench,1,2025,7.4
5,Ladd McConkey,WR,5,14.9,0,bench,1,2025,11.8
5,Jayden Higgins,WR,5,7.2,0,bench,0,2025,4.8
5,Tory Horton,WR,5,12.9,0,bench,0,2025,5.8
5,Jalen Milroe,QB,5,-2,0,bench,0,2025,0
5,Elijah Arroyo,TE,5,2,0,bench,0,2025,4.4
5,Jonnu Smith,TE,5,0,0,bench,8,2025,0
5,Aaron Jones,RB,5,0,0,bench,8,2025,0
5,Noah Gray,TE,5,0,0,bench,4,2025,3
5,Tyquan Thornton,WR,5,12,0,bench,3,2025,8.8
5,Josh Downs,WR,5,11.4,0,bench,2,2025,8.9
6,Michael Penix Jr.,QB,5,0,0,bench,1,2025,0
6,Blake Corum,RB,5,1.3,0,bench,1,2025,3.5
6,Rome Odunze,WR,5,0,0,bench,1,2025,0
6,Dillon Gabriel,QB,5,16.1,0,bench,0,2025,11.6
6,Jalen Royals,WR,5,0,0,bench,0,2025,0
6,Colston Loveland,TE,5,0,0,bench,0,2025,0
6,Jacory Croskey-Merritt,RB,5,27,0,bench,0,2025,7.5
6,Isaac TeSlaa,WR,5,8.2,0,bench,0,2025,2.8
6,D'Andre Swift,RB,5,0,0,bench,5,2025,0
6,Tee Higgins,WR,5,11.2,0,bench,5,2025,11.4
6,Darnell Mooney,WR,5,0,0,bench,5,2025,0
6,Calvin Austin III,WR,5,0,0,bench,3,2025,0
6,Brenton Strange,TE,5,3.2,0,bench,2,2025,10.9
6,Tank Dell,WR,5,0,0,bench,2,2025,0
7,Jalen McMillan,WR,5,0,0,bench,1,2025,0
7,Keon Coleman,WR,5,10.3,0,bench,1,2025,12.2
7,Jalen Coker,WR,5,0,0,bench,1,2025,0
7,Jaydon Blue,RB,5,0.7000000000000001,0,bench,0,2025,1.5
7,Pat Bryant,WR,5,0,0,bench,0,2025,0
7,Oronde Gadsden,TE,5,0,0,bench,0,2025,0
7,Mason Taylor,TE,5,15.7,0,bench,0,2025,7.7
7,Carson Wentz,QB,5,14.74,0,bench,9,2025,15.2
7,DK Metcalf,WR,5,0,0,bench,6,2025,0
7,A.J. Brown,WR,5,9.3,0,bench,6,2025,12.4
7,Rico Dowdle,RB,5,32.4,0,bench,5,2025,10.7
7,Chigoziem Okonkwo,TE,5,8.8,0,bench,3,2025,8.8
7,Sean Tucker,RB,5,2.9,0,bench,2,2025,4.7
7,Bijan Robinson,RB,5,0,0,bench,2,2025,0
7,Kendre Miller,RB,5,5.9,0,bench,2,2025,4.8
8,Cedric Tillman,WR,5,0,0,bench,2,2025,0
8,Bo Nix,QB,5,17.88,0,bench,1,2025,16.9
8,Luke McCaffrey,WR,5,6,0,bench,1,2025,5.6
8,Savion Williams,WR,5,0,0,bench,0,2025,0
8,RJ Harvey,RB,5,6,0,bench,0,2025,10.4
8,Isaiah Bond,WR,5,4.9,0,bench,0,2025,6.9
8,Luther Burden,WR,5,0,0,bench,0,2025,0
8,Dont'e Thornton,WR,5,0,0,bench,0,2025,5.4
8,Kyle Williams,WR,5,0,0,bench,0,2025,0
8,Deshaun Watson,QB,5,0,0,bench,8,2025,0
8,Chuba Hubbard,RB,5,0,0,bench,4,2025,0
8,Tommy Tremble,TE,5,1.7000000000000002,0,bench,4,2025,7.6
8,Tyler Allgeier,RB,5,0,0,bench,3,2025,0
8,Anthony Richardson,QB,5,2.26,0,bench,2,2025,0
8,Zach Charbonnet,RB,5,11.8,0,bench,2,2025,7.7
9,Dalton Kincaid,TE,5,16.8,0,bench,2,2025,10.7
9,Emari Demercado,RB,5,6.1,0,bench,2,2025,9.6
9,Joe Milton,QB,5,0,0,bench,1,2025,0
9,Caleb Williams,QB,5,0,0,bench,1,2025,0
9,Braelon Allen,RB,5,0,0,bench,1,2025,0
9,Malik Nabers,WR,5,0,0,bench,1,2025,0
9,Dylan Sampson,RB,5,1.2000000000000002,0,bench,0,2025,0.5
9,Kyle Monangai,RB,5,0,0,bench,0,2025,0
9,Zach Ertz,TE,5,0,0,bench,12,2025,11.2
9,Chris Godwin,WR,5,0,0,bench,8,2025,11.3
9,Brandon Aiyuk,WR,5,0,0,bench,5,2025,0
9,Najee Harris,RB,5,0,0,bench,4,2025,0
9,Jaylen Warren,RB,5,0,0,bench,3,2025,0
10,DeAndre Hopkins,WR,5,6.6000000000000005,0,bench,12,2025,5.6
10,Marcus Mariota,QB,5,0,0,bench,10,2025,0
10,Tyreek Hill,WR,5,0,0,bench,9,2025,0
10,George Kittle,TE,5,0,0,bench,8,2025,0
10,Rashod Bateman,WR,5,0,0,bench,4,2025,5.9
10,Romeo Doubs,WR,5,0,0,bench,3,2025,0
10,Brian Robinson Jr.,RB,5,1.2000000000000002,0,bench,3,2025,3.2
10,Christian Watson,WR,5,0,0,bench,3,2025,0
10,Isiah Pacheco,RB,5,8.6,0,bench,3,2025,5.9
10,Chase Brown,RB,5,10.799999999999999,0,bench,2,2025,9.8
10,C.J. Stroud,QB,5,28.759999999999998,0,bench,2,2025,16
10,Kansas City Chiefs,DST,5,8,0,bench,NA,2025,17
11,Tre Tucker,WR,5,11.100000000000001,0,bench,2,2025,11.1
11,Bhayshul Tuten,RB,5,2.1,0,bench,0,2025,6.2
11,Travis Hunter,WR,5,9.4,0,bench,0,2025,7.5
11,Brandon McManus,K,5,0,0,bench,12,2025,0
11,Joe Flacco,QB,5,0,0,bench,17,2025,0
11,James Conner,RB,5,0,0,bench,8,2025,0
11,Lamar Jackson,QB,5,0,0,bench,7,2025,0
11,Jauan Jennings,WR,5,0,0,bench,5,2025,0
11,Tucker Kraft,TE,5,0,0,bench,2,2025,0
11,DeMario Douglas,WR,5,3.7,0,bench,2,2025,4.1
11,Green Bay Packers,DST,5,0,0,bench,NA,2025,0
12,Rashee Rice,WR,5,0,0,bench,2,2025,0
12,Jonathon Brooks,RB,5,0,0,bench,1,2025,0
12,Russell Wilson,QB,5,0,0,bench,13,2025,0
12,Brashard Smith,RB,5,6.6,0,bench,0,2025,0
12,Harold Fannin,TE,5,11.3,0,bench,0,2025,8.8
12,Jaylin Noel,WR,5,9.8,0,bench,0,2025,0
12,Tyler Shough,QB,5,0,0,bench,0,2025,0
12,Adam Thielen,WR,5,0,0,bench,12,2025,0
12,Chris Boswell,K,5,0,0,bench,11,2025,0
12,Calvin Ridley,WR,5,18.1,0,bench,7,2025,9.1
12,Josh Jacobs,RB,5,0,0,bench,6,2025,0
12,Jordan Love,QB,5,0,0,bench,5,2025,0
12,Kenneth Gainwell,RB,5,0,0,bench,4,2025,0
12,Pittsburgh Steelers,DST,5,0,0,bench,NA,2025,0
